CRASH_RECORD_ID,CRASH_DATE_EST_I,CRASH_DATE,POSTED_SPEED_LIMIT,TRAFFIC_CONTROL_DEVICE,DEVICE_CONDITION,WEATHER_CONDITION,LIGHTING_CONDITION,FIRST_CRASH_TYPE,TRAFFICWAY_TYPE,LANE_CNT,ALIGNMENT,ROADWAY_SURFACE_COND,ROAD_DEFECT,REPORT_TYPE,CRASH_TYPE,INTERSECTION_RELATED_I,NOT_RIGHT_OF_WAY_I,HIT_AND_RUN_I,DAMAGE,DATE_POLICE_NOTIFIED,PRIM_CONTRIBUTORY_CAUSE,SEC_CONTRIBUTORY_CAUSE,STREET_NO,STREET_DIRECTION,STREET_NAME,BEAT_OF_OCCURRENCE,PHOTOS_TAKEN_I,STATEMENTS_TAKEN_I,DOORING_I,WORK_ZONE_I,WORK_ZONE_TYPE,WORKERS_PRESENT_I,NUM_UNITS,MOST_SEVERE_INJURY,INJURIES_TOTAL,INJURIES_FATAL,INJURIES_INCAPACITATING,INJURIES_NON_INCAPACITATING,INJURIES_REPORTED_NOT_EVIDENT,INJURIES_NO_INDICATION,INJURIES_UNKNOWN,CRASH_HOUR,CRASH_DAY_OF_WEEK,CRASH_MONTH,LATITUDE,LONGITUDE,LOCATION
4b1bdc2c6528716a6527608446cc7e8afa0fadb5407152c3e1410b99e014cf20916123351594222162c8e86c1462902826aeccaeb0bb597ba6776143dca183e9,,08/21/2025 10:00:00 AM,30,NO CONTROLS,NO CONTROLS,CLEAR,DAYLIGHT,SIDESWIPE SAME DIRECTION,NOT DIVIDED,,STRAIGHT AND LEVEL,DRY,NO DEFECTS,ON SCENE,NO INJURY / DRIVE AWAY,,,,"OVER $1,500",08/21/2025 10:08:00 AM,UNABLE TO DETERMINE,UNABLE TO DETERMINE,3098,W,FULLERTON AVE,1414.0,,,,,,,2,NO INDICATION OF INJURY,0.0,0.0,0.0,0.0,0.0,2.0,0.0,10,5,8,41.924852133,-87.7045283215,POINT (-87.704528321467 41.924852132952)
a953370826a8af7d5430f6cdb66700ce27ecf627846e23a9214cfe6a09e48e8cf1ab5c28ed51bbd704717e671c63a133a3b029bffdbf54616e7aa70a1f5410b3,,12/18/2023 11:00:00 AM,30,STOP SIGN/FLASHER,FUNCTIONING PROPERLY,CLOUDY/OVERCAST,DAYLIGHT,REAR END,DIVIDED - W/MEDIAN (NOT RAISED),,STRAIGHT AND LEVEL,DRY,NO DEFECTS,NOT ON SCENE (DESK REPORT),NO INJURY / DRIVE AWAY,,,Y,"$501 - $1,500",12/18/2023 11:00:00 AM,UNABLE TO DETERMINE,UNABLE TO DETERMINE,3153,W,IRVING PARK RD,1733.0,,,,,,,2,NO INDICATION OF INJURY,0.0,0.0,0.0,0.0,0.0,3.0,0.0,11,2,12,41.9538120329,-87.7077171018,POINT (-87.707717101816 41.953812032924)
535d5018d3b5143d432519b57a2eb10ecae3847a77d75a661ce7014f5ba1d8c3d0c9d6e4a8a8aa9f3fffc436ea17b2ba90b4b50bda8b0128548e166a2a2c7677,,04/04/2018 08:30:00 AM,30,NO CONTROLS,NO CONTROLS,CLEAR,DAYLIGHT,REAR END,DIVIDED - W/MEDIAN BARRIER,2,STRAIGHT AND LEVEL,DRY,NO DEFECTS,NOT ON SCENE (DESK REPORT),NO INJURY / DRIVE AWAY,,,Y,$500 OR LESS,04/04/2018 08:59:00 AM,IMPROPER BACKING,NOT APPLICABLE,5806,W,ROOSEVELT RD,1513.0,,,,,,,2,NO INDICATION OF INJURY,0.0,0.0,0.0,0.0,0.0,2.0,0.0,8,4,4,41.8656338841,-87.7695539869,POINT (-87.769553986929 41.865633884146)
460b68e6531911214d45337595de5286bab5ae975c39292ee00aec7d1d9c23e930bcd0e8dc4bc89b94358ab2ec1886f5db3ef22b646dd7a8142f83074a08e47b,,09/22/2019 01:42:00 AM,30,OTHER REG. SIGN,NO CONTROLS,RAIN,"DARKNESS, LIGHTED ROAD",ANGLE,NOT DIVIDED,,STRAIGHT AND LEVEL,WET,UNKNOWN,ON SCENE,NO INJURY / DRIVE AWAY,N,,Y,"OVER $1,500",09/22/2019 01:45:00 AM,FAILING TO YIELD RIGHT-OF-WAY,UNABLE TO DETERMINE,5131,W,AUGUSTA BLVD,1531.0,,,,,,,3,NO INDICATION OF INJURY,0.0,0.0,0.0,0.0,0.0,4.0,0.0,1,1,9,41.8984826462,-87.7545251361,POINT (-87.754525136149 41.898482646182)
53f7585aee13f0ebe81c51e2f55dc25069deb11123b6b201bba0dcd1dbaa0494340299913da40d2f6cd9f499547ad8fdb940850cb890ab56e9e589f67e22ef19,,09/25/2020 12:00:00 PM,30,TRAFFIC SIGNAL,FUNCTIONING PROPERLY,CLEAR,DAYLIGHT,SIDESWIPE SAME DIRECTION,DIVIDED - W/MEDIAN (NOT RAISED),,STRAIGHT AND LEVEL,DRY,OTHER,ON SCENE,NO INJURY / DRIVE AWAY,Y,,,"OVER $1,500",09/25/2020 12:07:00 PM,NOT APPLICABLE,NOT APPLICABLE,4900,N,WESTERN AVE,2031.0,,,,,,,2,NO INDICATION OF INJURY,0.0,0.0,0.0,0.0,0.0,2.0,0.0,12,6,9,41.9705014746,-87.689115784,POINT (-87.689115784038 41.970501474594)
bbd714bd94ed7e997986d99470db68e8a43a91421bd5324bd1546d25a174182db79ccfd529f1c776ad4f951dec5e2634b7e7795d2ec03ca8816deacfbd5e5959,,11/04/2025 06:02:00 PM,30,NO CONTROLS,NO CONTROLS,CLEAR,"DARKNESS, LIGHTED ROAD",ANGLE,NOT DIVIDED,,STRAIGHT AND LEVEL,DRY,UNKNOWN,ON SCENE,NO INJURY / DRIVE AWAY,,,,"OVER $1,500",11/04/2025 06:17:00 PM,FAILING TO YIELD RIGHT-OF-WAY,UNABLE TO DETERMINE,1209,N,HUMBOLDT DR,1423.0,,,,,,,2,NO INDICATION OF INJURY,0.0,0.0,0.0,0.0,0.0,2.0,0.0,18,3,11,41.9031439022,-87.7020881749,POINT (-87.702088174945 41.903143902223)
41273e8324f5ebacc5f3a2f122519a646ee6cc1f1d62a6357357bb91e216319f6f6d513fcebdbc9970aab46eba03a9c09c2d7937a04f781033ab16ade0368672,,04/03/2018 07:50:00 PM,30,NO CONTROLS,FUNCTIONING PROPERLY,RAIN,"DARKNESS, LIGHTED ROAD",REAR END,NOT DIVIDED,,STRAIGHT AND LEVEL,WET,NO DEFECTS,NOT ON SCENE (DESK REPORT),NO INJURY / DRIVE AWAY,,,,$500 OR LESS,04/03/2018 07:58:00 PM,IMPROPER BACKING,IMPROPER BACKING,3212,N,BROADWAY,1925.0,,Y,,,,,2,NO INDICATION OF INJURY,0.0,0.0,0.0,0.0,0.0,4.0,0.0,19,3,4,41.9404647568,-87.6445598572,POINT (-87.644559857192 41.940464756813)
fbd02fbd16ccde836a61cdb3641a9f9a274c86e03aef3583311d3f9711656d0cea1d5a4f959db0e2343610f42f230e4978139f53a8518bb65e3ddd6edef2e7bd,,10/28/2019 08:07:00 AM,30,NO CONTROLS,NO CONTROLS,CLEAR,DAYLIGHT,PARKED MOTOR VEHICLE,DIVIDED - W/MEDIAN (NOT RAISED),,STRAIGHT AND LEVEL,DRY,NO DEFECTS,ON SCENE,INJURY AND / OR TOW DUE TO CRASH,,,,"OVER $1,500",10/28/2019 08:07:00 AM,PHYSICAL CONDITION OF DRIVER,DISTRACTION - FROM INSIDE VEHICLE,6912,S,JEFFERY BLVD,332.0,Y,,,,,,4,NO INDICATION OF INJURY,0.0,0.0,0.0,0.0,0.0,1.0,0.0,8,2,10,41.7693690366,-87.5765332534,POINT (-87.576533253382 41.769369036633)
3286bedf016f706ed35a5556d532fd83a6bc8df77f825d9b5764ba0ba5634291bedfc3b54f4a919ba2f84e25901794b819743cfa2466cf36a63cd3467269d743,,11/18/2025 07:50:00 PM,30,TRAFFIC SIGNAL,FUNCTIONING PROPERLY,CLEAR,DARKNESS,TURNING,OTHER,,STRAIGHT AND LEVEL,WET,NO DEFECTS,ON SCENE,INJURY AND / OR TOW DUE TO CRASH,Y,,Y,"OVER $1,500",11/18/2025 08:25:00 PM,UNABLE TO DETERMINE,NOT APPLICABLE,4700,W,NORTH AVE,2533.0,,,,,,,2,NO INDICATION OF INJURY,0.0,0.0,0.0,0.0,0.0,3.0,0.0,19,3,11,41.9097610956,-87.7436544425,POINT (-87.74365444247 41.909761095567)
1d7b52fa38a1109a06f2b574b2e5379db74cde80158005f30ebf0ed9ee976ebfa61ecd84ff413ecea64d333e90d148dac3cf2bfaff55c40d963fa9e506bf0102,,08/24/2019 04:45:00 PM,30,NO CONTROLS,NO CONTROLS,CLEAR,DAYLIGHT,REAR END,DIVIDED - W/MEDIAN (NOT RAISED),,STRAIGHT AND LEVEL,DRY,NO DEFECTS,ON SCENE,INJURY AND / OR TOW DUE TO CRASH,,,Y,"OVER $1,500",08/24/2019 04:53:00 PM,UNABLE TO DETERMINE,NOT APPLICABLE,1300,N,PULASKI RD,2534.0,,,,,,,3,"REPORTED, NOT EVIDENT",2.0,0.0,0.0,0.0,2.0,9.0,0.0,16,7,8,41.9044954013,-87.7265019977,POINT (-87.726501997712 41.904495401317)
e7ca5b35fb5d699d0bc601370974dd1492957c0a2e096792afee17509a28b1468bca39c3330fc33054ac079d2aac23eccb9af0a8c8c2b8d21d635998bd47e26c,,09/20/2025 07:15:00 PM,30,NO CONTROLS,NO CONTROLS,CLEAR,DUSK,REAR END,NOT DIVIDED,,STRAIGHT AND LEVEL,DRY,UNKNOWN,NOT ON SCENE (DESK REPORT),NO INJURY / DRIVE AWAY,,,,"$501 - $1,500",09/20/2025 07:20:00 PM,UNABLE TO DETERMINE,NOT APPLICABLE,10315,S,PULASKI RD,2211.0,,,,,,,3,NO INDICATION OF INJURY,0.0,0.0,0.0,0.0,0.0,3.0,0.0,19,7,9,41.705388019,-87.7207520227,POINT (-87.720752022742 41.70538801903)
a2a75817412c3b49c4e5a5ff867a573cc923fb69f2ef7ffdfea1dc80a974b23b6b7e1c8a6b50bc2c4a1f79c8877b47fd8c3b7e68b098bab30735cdc34002bdaf,,05/21/2024 08:01:00 PM,30,NO CONTROLS,UNKNOWN,CLEAR,DUSK,SIDESWIPE SAME DIRECTION,NOT DIVIDED,,STRAIGHT AND LEVEL,UNKNOWN,UNKNOWN,ON SCENE,NO INJURY / DRIVE AWAY,,,Y,"OVER $1,500",05/21/2024 08:06:00 PM,IMPROPER OVERTAKING/PASSING,NOT APPLICABLE,3214,N,DAMEN AVE,1921.0,,,,,,,3,NO INDICATION OF INJURY,0.0,0.0,0.0,0.0,0.0,2.0,0.0,20,3,5,41.9400582285,-87.6785165157,POINT (-87.678516515696 41.940058228527)
e30e9be6ae27ddb29cacbccc307a3bdde9b25a919f2c628cadde9043e844948a6f37add1d7989044ef00d22f49d5cd600bba3710b44dc9b6ebfdb0d70fc79829,,07/26/2024 08:35:00 AM,30,UNKNOWN,UNKNOWN,CLEAR,DAYLIGHT,TURNING,PARKING LOT,,STRAIGHT AND LEVEL,DRY,NO DEFECTS,ON SCENE,INJURY AND / OR TOW DUE TO CRASH,,,,"$501 - $1,500",07/26/2024 08:40:00 AM,DISTRACTION - FROM INSIDE VEHICLE,NOT APPLICABLE,6349,S,COTTAGE GROVE AVE,312.0,,,,,,,2,NO INDICATION OF INJURY,0.0,0.0,0.0,0.0,0.0,3.0,0.0,8,6,7,41.7789688617,-87.6057520772,POINT (-87.605752077236 41.778968861667)
4a36740240e6970b8a0d67d97f1a2e0eb2ddf5718422ebaafc85b7160c966d2e4d7b54167df08955d6fe9396ecb5b24aa2031693763fe6a55f925c68ee45384b,,09/25/2023 07:56:00 AM,30,NO CONTROLS,NO CONTROLS,RAIN,DAYLIGHT,SIDESWIPE SAME DIRECTION,NOT DIVIDED,,STRAIGHT AND LEVEL,WET,NO DEFECTS,ON SCENE,NO INJURY / DRIVE AWAY,,,,"$501 - $1,500",09/25/2023 08:10:00 AM,IMPROPER LANE USAGE,UNABLE TO DETERMINE,111,S,WACKER DR,122.0,,,,,,,2,NO INDICATION OF INJURY,0.0,0.0,0.0,0.0,0.0,3.0,0.0,7,2,9,41.8803340992,-87.6365802377,POINT (-87.63658023772 41.880334099207)
1e86c014854daa6d3e6cccd3f123e34e4c0a288338a4ee366a049a24dcc591c748a46f85f21058fcd6baae0eba3f553f45ac413cf77c9deff06514885c10e751,,01/15/2020 04:50:00 PM,30,STOP SIGN/FLASHER,FUNCTIONING PROPERLY,CLEAR,DUSK,ANGLE,NOT DIVIDED,,STRAIGHT AND LEVEL,DRY,NO DEFECTS,NOT ON SCENE (DESK REPORT),NO INJURY / DRIVE AWAY,Y,,,"OVER $1,500",01/15/2020 05:00:00 PM,FAILING TO YIELD RIGHT-OF-WAY,FAILING TO REDUCE SPEED TO AVOID CRASH,5700,W,DIVERSEY AVE,2514.0,,,,,,,2,NO INDICATION OF INJURY,0.0,0.0,0.0,0.0,0.0,2.0,0.0,16,4,1,41.9313528707,-87.7687401123,POINT (-87.768740112349 41.931352870657)
de6a145717f6c62655825d9fda7ffa8303353d9b50323defed4fed90b4eb016f0fed20f08b39d2e6e1fd494bbe91e5e45e09d44df7c3386663c9066efa07c0cc,Y,07/29/2020 08:22:00 AM,15,STOP SIGN/FLASHER,FUNCTIONING PROPERLY,CLEAR,DAYLIGHT,REAR END,NOT DIVIDED,,STRAIGHT AND LEVEL,DRY,NO DEFECTS,NOT ON SCENE (DESK REPORT),INJURY AND / OR TOW DUE TO CRASH,,,,"OVER $1,500",07/29/2020 08:45:00 AM,UNABLE TO DETERMINE,UNABLE TO DETERMINE,2100,W,BARRY AVE,1931.0,,,,,,,2,"REPORTED, NOT EVIDENT",1.0,0.0,0.0,0.0,1.0,1.0,0.0,8,4,7,41.9378304855,-87.6807911098,POINT (-87.680791109779 41.937830485479)
769841681f42619beef302496133fdb76487bd5851c0da34e0b0e66b018309fb39edd1b6ffe4184dcd9e70b0d82058c0b870c4cd68ea7b1be825eaeedf59ae9c,,12/02/2024 06:43:00 PM,30,NO CONTROLS,NO CONTROLS,CLEAR,DAYLIGHT,REAR END,NOT DIVIDED,,STRAIGHT AND LEVEL,DRY,UNKNOWN,NOT ON SCENE (DESK REPORT),NO INJURY / DRIVE AWAY,,,,"$501 - $1,500",12/02/2024 09:00:00 PM,UNABLE TO DETERMINE,NOT APPLICABLE,2510,N,CENTRAL AVE,2515.0,,,,,,,2,NO INDICATION OF INJURY,0.0,0.0,0.0,0.0,0.0,2.0,0.0,18,2,12,41.9261757856,-87.7662143814,POINT (-87.766214381409 41.926175785646)
8fe11578b545e04dbf2f6de459c22e788019b4bd228031ea4b5faf42417412fb4822501e78aebf9017f4c9d3e7748a0f027263f8c2e80014a127a4443f0b8cd5,,02/25/2016 04:10:00 PM,30,TRAFFIC SIGNAL,FUNCTIONING PROPERLY,CLEAR,DAYLIGHT,TURNING,ONE-WAY,4,STRAIGHT AND LEVEL,DRY,NO DEFECTS,NOT ON SCENE (DESK REPORT),NO INJURY / DRIVE AWAY,Y,,,"$501 - $1,500",02/25/2016 06:00:00 PM,FOLLOWING TOO CLOSELY,NOT APPLICABLE,1130,E,MIDWAY PLAISANCE,235.0,,,,,,,2,NO INDICATION OF INJURY,0.0,0.0,0.0,0.0,0.0,4.0,0.0,16,5,2,41.7873221299,-87.5983332876,POINT (-87.598333287609 41.787322129945)
e48023b79f680a7bebb30dc67f1cec353438bcb03a66046fa71379b21c4d1189b83c8451715e73daa0090b73b0648c948b765551661ac9a67c3c3dc248948f3a,,06/03/2018 02:00:00 PM,30,NO CONTROLS,NO CONTROLS,UNKNOWN,UNKNOWN,PARKED MOTOR VEHICLE,NOT DIVIDED,,STRAIGHT AND LEVEL,UNKNOWN,NO DEFECTS,NOT ON SCENE (DESK REPORT),NO INJURY / DRIVE AWAY,,,Y,"OVER $1,500",06/03/2018 03:25:00 PM,UNABLE TO DETERMINE,UNABLE TO DETERMINE,415,S,KILPATRICK AVE,1131.0,,,,,,,2,NO INDICATION OF INJURY,0.0,0.0,0.0,0.0,0.0,1.0,0.0,14,1,6,41.8745318355,-87.7424724594,POINT (-87.742472459446 41.874531835469)
8c2a55e8f3b79a373735643769706d30fe3ffcfa05b439693ca10768ac6735407c932dbe2e0bcbb37aba3c1771d30ffc2b74e7dcd007b4ef0b90eaf8bb885849,,09/29/2022 02:34:00 PM,30,UNKNOWN,UNKNOWN,UNKNOWN,UNKNOWN,SIDESWIPE SAME DIRECTION,NOT DIVIDED,,STRAIGHT AND LEVEL,UNKNOWN,UNKNOWN,ON SCENE,NO INJURY / DRIVE AWAY,,,,"OVER $1,500",09/29/2022 02:34:00 PM,UNABLE TO DETERMINE,UNABLE TO DETERMINE,625,N,LA SALLE DR,1832.0,,,,,,,2,NO INDICATION OF INJURY,0.0,0.0,0.0,0.0,0.0,4.0,0.0,14,5,9,41.8931710772,-87.6324898726,POINT (-87.632489872566 41.893171077236)
4d5ae0bece31e6fbe5718a13db806e6be5cfaef2082af5bbabf9afd5281429382583e8889880ae7812493d6eb6c968338579b44f569fef2f7bae1bdf125d042a,,08/08/2019 10:30:00 AM,35,TRAFFIC SIGNAL,FUNCTIONING PROPERLY,CLEAR,DAYLIGHT,TURNING,DIVIDED - W/MEDIAN BARRIER,,STRAIGHT AND LEVEL,DRY,NO DEFECTS,NOT ON SCENE (DESK REPORT),NO INJURY / DRIVE AWAY,,,,"OVER $1,500",08/08/2019 11:10:00 AM,IMPROPER LANE USAGE,NOT APPLICABLE,6701,S,CICERO AVE,833.0,,,,,,,2,NO INDICATION OF INJURY,0.0,0.0,0.0,0.0,0.0,2.0,0.0,10,5,8,41.7710448011,-87.7419056317,POINT (-87.741905631651 41.771044801146)
5e4e3620e519a320160c47a76cc610338387514c1945b0d816a2a95eb1fc47727bddfaf851966a35ad4be6ee3c0b1a6b13f69b57c609025b5a666fca0bfe33d6,,06/18/2017 08:30:00 PM,30,NO CONTROLS,NO CONTROLS,CLEAR,DARKNESS,SIDESWIPE SAME DIRECTION,NOT DIVIDED,2,STRAIGHT AND LEVEL,DRY,NO DEFECTS,NOT ON SCENE (DESK REPORT),NO INJURY / DRIVE AWAY,,,Y,"OVER $1,500",06/18/2017 10:14:00 PM,IMPROPER OVERTAKING/PASSING,IMPROPER OVERTAKING/PASSING,10000,S,MICHIGAN AVE,511.0,,,,,,,2,NO INDICATION OF INJURY,0.0,0.0,0.0,0.0,0.0,6.0,0.0,20,1,6,41.7126245501,-87.6202785193,POINT (-87.62027851926 41.71262455009)
ba121c09d74fbacc0e53629eb96a14e5675c2ee59062f33eefb41dc21ab945ec9bdd4f0c7aa698ecbe686810a0850187591665aa559a854e0629581b50e075a2,Y,10/11/2021 04:00:00 PM,20,NO CONTROLS,NO CONTROLS,RAIN,DAYLIGHT,REAR END,NOT DIVIDED,,STRAIGHT AND LEVEL,WET,NO DEFECTS,ON SCENE,INJURY AND / OR TOW DUE TO CRASH,,,,"OVER $1,500",10/11/2021 04:15:00 PM,FOLLOWING TOO CLOSELY,NOT APPLICABLE,11140,S,RACINE AVE,2234.0,,,,,,,2,NO INDICATION OF INJURY,0.0,0.0,0.0,0.0,0.0,2.0,0.0,16,2,10,41.6909842215,-87.6522156661,POINT (-87.652215666059 41.690984221488)
a2f08e71a8d7a10eac2d7d3cc119a1faa37607cc4e24d8481cebea907c084578b8e102b09e38a1f8b96b60c13fbfdd9c81065c4bda1b415e446a8176f9be4359,,08/01/2023 02:30:00 PM,30,NO CONTROLS,NO CONTROLS,CLEAR,DAYLIGHT,REAR END,NOT DIVIDED,,STRAIGHT AND LEVEL,DRY,NO DEFECTS,NOT ON SCENE (DESK REPORT),NO INJURY / DRIVE AWAY,,,Y,"OVER $1,500",08/01/2023 05:45:00 PM,UNABLE TO DETERMINE,NOT APPLICABLE,5500,W,NORTH AVE,2532.0,,,,,,,2,NO INDICATION OF INJURY,0.0,0.0,0.0,0.0,0.0,2.0,0.0,14,3,8,41.9095186514,-87.7630187999,POINT (-87.763018799856 41.909518651386)
e055da48533ef1067e609b3dd02354c5253d5eb4c7eaad4c618b91c165664dfb175abf4928a06b9a79013162ff4886a26cb4cfa19ac5e8e9feda8c0a8753016d,,10/02/2021 06:30:00 PM,15,NO CONTROLS,NO CONTROLS,CLEAR,DAYLIGHT,PARKED MOTOR VEHICLE,PARKING LOT,,STRAIGHT AND LEVEL,DRY,NO DEFECTS,NOT ON SCENE (DESK REPORT),NO INJURY / DRIVE AWAY,,,Y,"OVER $1,500",10/03/2021 07:35:00 AM,UNABLE TO DETERMINE,UNABLE TO DETERMINE,1763,W,HOWARD ST,2422.0,,,,,,,2,NO INDICATION OF INJURY,0.0,0.0,0.0,0.0,0.0,1.0,0.0,18,7,10,42.0192885501,-87.6750585094,POINT (-87.675058509388 42.019288550088)
108669418fb7abfd0fb8bf9c075da47e78f0c98260b23d1e07d9631a1cc6f230d32478f07aaf64fe355bab3e85b3fbc4b84b11a32aac6f80409826d0b72ad3b0,,02/01/2020 02:44:00 PM,25,UNKNOWN,NO CONTROLS,CLEAR,DAYLIGHT,ANGLE,ALLEY,,STRAIGHT AND LEVEL,UNKNOWN,UNKNOWN,NOT ON SCENE (DESK REPORT),NO INJURY / DRIVE AWAY,,,,"$501 - $1,500",02/01/2020 02:44:00 PM,UNABLE TO DETERMINE,UNABLE TO DETERMINE,6166,N,SHERIDAN RD,2433.0,,,,,,,2,NO INDICATION OF INJURY,0.0,0.0,0.0,0.0,0.0,2.0,0.0,14,7,2,41.9942188393,-87.6556615128,POINT (-87.655661512784 41.994218839282)
5ab95edacee71eed58c8e48a8d23e2667743335046a40d9b8d7a09d3d3c7209f5cfc578b1dad65237a3a6a3bbaa579b5eb237af72604c175fa7ad545a9c459f4,,05/17/2025 05:15:00 PM,30,STOP SIGN/FLASHER,FUNCTIONING PROPERLY,CLEAR,DAYLIGHT,REAR END,FOUR WAY,,STRAIGHT AND LEVEL,DRY,UNKNOWN,NOT ON SCENE (DESK REPORT),INJURY AND / OR TOW DUE TO CRASH,Y,,,"OVER $1,500",05/18/2025 02:30:00 PM,FAILING TO REDUCE SPEED TO AVOID CRASH,NOT APPLICABLE,1111,N,LARAMIE AVE,1531.0,,,,,,,2,"REPORTED, NOT EVIDENT",2.0,0.0,0.0,0.0,2.0,1.0,0.0,17,7,5,41.9007949485,-87.7555944847,POINT (-87.755594484718 41.900794948534)
2dee7c473d097e924be7b8973a4c08f1eed438368ae60e2fca7951b97ce01d6057b6113b2961e77de4ba16e89503811623859943662cad0a35b2fc938d41fd10,,10/23/2016 04:30:00 PM,0,NO CONTROLS,NO CONTROLS,CLEAR,DAYLIGHT,PARKED MOTOR VEHICLE,ONE-WAY,1,STRAIGHT AND LEVEL,DRY,NO DEFECTS,NOT ON SCENE (DESK REPORT),NO INJURY / DRIVE AWAY,,,Y,$500 OR LESS,10/23/2016 05:20:00 PM,UNABLE TO DETERMINE,NOT APPLICABLE,809,N,PARKSIDE AVE,1511.0,,,,,,,2,NO INDICATION OF INJURY,0.0,0.0,0.0,0.0,0.0,1.0,0.0,16,1,10,41.8951545417,-87.766474534,POINT (-87.766474533998 41.895154541672)
c3a481ad3339f8f1875db0ce133f89f082539203994bf75cae5c435e38b12a45201305df065f1b082ecdf8746c99601fb459b295957be94361e328bbbf4c4b0e,,09/30/2021 05:50:00 PM,30,TRAFFIC SIGNAL,FUNCTIONING PROPERLY,CLEAR,DAYLIGHT,TURNING,DIVIDED - W/MEDIAN (NOT RAISED),,STRAIGHT AND LEVEL,DRY,NO DEFECTS,NOT ON SCENE (DESK REPORT),INJURY AND / OR TOW DUE TO CRASH,Y,,,"OVER $1,500",09/30/2021 06:00:00 PM,FAILING TO YIELD RIGHT-OF-WAY,FAILING TO REDUCE SPEED TO AVOID CRASH,4000,W,FOSTER AVE,1712.0,,,,,,,2,NO INDICATION OF INJURY,0.0,0.0,0.0,0.0,0.0,2.0,0.0,17,5,9,41.9756406162,-87.7283354693,POINT (-87.728335469266 41.975640616232)
b8e208f7b9fe804a7c92f77a3c1a9cc5332f8a87c93120ba2957dc8897ed944c1ce2f9961d8da57c133455ff469ca37a2a49009aafa7bcfded6a4cf48267aa0f,,05/22/2024 11:16:00 AM,10,UNKNOWN,UNKNOWN,UNKNOWN,UNKNOWN,REAR TO REAR,ALLEY,,STRAIGHT AND LEVEL,UNKNOWN,UNKNOWN,NOT ON SCENE (DESK REPORT),NO INJURY / DRIVE AWAY,,,,"OVER $1,500",05/22/2024 07:00:00 PM,DRIVING SKILLS/KNOWLEDGE/EXPERIENCE,UNABLE TO DETERMINE,1623,W,THOME AVE,2433.0,,,,,,,2,NO INDICATION OF INJURY,0.0,0.0,0.0,0.0,0.0,4.0,0.0,11,4,5,41.9955249539,-87.6711746702,POINT (-87.67117467025 41.99552495392)
e7199df8aff0cf4ef4b3b2232dcb3515080f0e6818e2406ae10b244fd25b72c943d418130209979818c9964e32ef7cc17bf85e69193819907bfa4a69e38b6e84,,02/25/2016 02:00:00 PM,35,NO CONTROLS,NO CONTROLS,CLEAR,DAYLIGHT,REAR END,NOT DIVIDED,2,STRAIGHT AND LEVEL,DRY,UNKNOWN,NOT ON SCENE (DESK REPORT),NO INJURY / DRIVE AWAY,N,,,"$501 - $1,500",02/25/2016 02:07:00 PM,DRIVING SKILLS/KNOWLEDGE/EXPERIENCE,NOT APPLICABLE,3420,W,63RD ST,823.0,,,,,,,2,NO INDICATION OF INJURY,0.0,0.0,0.0,0.0,0.0,2.0,0.0,14,5,2,41.778987189,-87.7088638153,POINT (-87.708863815297 41.778987188969)
2538fb0e2982876f8b71b9bee9c606ea3ba8a4765475a6353d87b66a49942253a93d707c6a8a1c1ae8e19d7a68a4f305eb7925a3d215bd0632a0bd27dce42130,,03/30/2023 03:45:00 PM,25,TRAFFIC SIGNAL,NO CONTROLS,CLEAR,DAYLIGHT,TURNING,NOT DIVIDED,,STRAIGHT AND LEVEL,DRY,NO DEFECTS,NOT ON SCENE (DESK REPORT),NO INJURY / DRIVE AWAY,,,,"OVER $1,500",03/30/2023 04:01:00 PM,IMPROPER TURNING/NO SIGNAL,NOT APPLICABLE,5501,S,ASHLAND AVE,713.0,,,,,,,2,NO INDICATION OF INJURY,0.0,0.0,0.0,0.0,0.0,2.0,0.0,15,5,3,41.7935912941,-87.6644276372,POINT (-87.664427637221 41.793591294116)
79f141fa5d99d5442d8271355fa4923e417ccaec7290268eeb7cfdb41f300f4eae4b28eca7b6be334d3697790de0699beb339ba30f2a715f4d722c1f9176cc6f,,10/30/2020 09:15:00 PM,30,NO CONTROLS,NO CONTROLS,CLEAR,"DARKNESS, LIGHTED ROAD",REAR END,NOT DIVIDED,,STRAIGHT AND LEVEL,DRY,NO DEFECTS,ON SCENE,NO INJURY / DRIVE AWAY,,,,"$501 - $1,500",10/30/2020 09:20:00 PM,FOLLOWING TOO CLOSELY,FOLLOWING TOO CLOSELY,1900,N,LINCOLN AVE,1814.0,,,,,,,2,NO INDICATION OF INJURY,0.0,0.0,0.0,0.0,0.0,2.0,0.0,21,6,10,41.9165044407,-87.6364662029,POINT (-87.636466202887 41.916504440658)
e87d0b3e4795c5f4dcb3a87966fc0f414482245803e001902afd8d0400bf7a0b2b72629e5266b0b5efce09d914841f6bc609f880c7b882e8cbda21832fd671b8,,03/29/2022 05:48:00 PM,30,TRAFFIC SIGNAL,FUNCTIONING PROPERLY,CLOUDY/OVERCAST,DAYLIGHT,REAR END,NOT DIVIDED,,STRAIGHT AND LEVEL,DRY,NO DEFECTS,,NO INJURY / DRIVE AWAY,,,,"OVER $1,500",03/29/2022 06:02:00 PM,FAILING TO REDUCE SPEED TO AVOID CRASH,NOT APPLICABLE,3610,W,GRAND AVE,1112.0,,,,,,,2,NO INDICATION OF INJURY,0.0,0.0,0.0,0.0,0.0,3.0,0.0,17,3,3,41.9026441638,-87.7172325561,POINT (-87.717232556147 41.902644163838)