CRASH_RECORD_ID,CRASH_DATE_EST_I,CRASH_DATE,POSTED_SPEED_LIMIT,TRAFFIC_CONTROL_DEVICE,DEVICE_CONDITION,WEATHER_CONDITION,LIGHTING_CONDITION,FIRST_CRASH_TYPE,TRAFFICWAY_TYPE,LANE_CNT,ALIGNMENT,ROADWAY_SURFACE_COND,ROAD_DEFECT,REPORT_TYPE,CRASH_TYPE,INTERSECTION_RELATED_I,NOT_RIGHT_OF_WAY_I,HIT_AND_RUN_I,DAMAGE,DATE_POLICE_NOTIFIED,PRIM_CONTRIBUTORY_CAUSE,SEC_CONTRIBUTORY_CAUSE,STREET_NO,STREET_DIRECTION,STREET_NAME,BEAT_OF_OCCURRENCE,PHOTOS_TAKEN_I,STATEMENTS_TAKEN_I,DOORING_I,WORK_ZONE_I,WORK_ZONE_TYPE,WORKERS_PRESENT_I,NUM_UNITS,MOST_SEVERE_INJURY,INJURIES_TOTAL,INJURIES_FATAL,INJURIES_INCAPACITATING,INJURIES_NON_INCAPACITATING,INJURIES_REPORTED_NOT_EVIDENT,INJURIES_NO_INDICATION,INJURIES_UNKNOWN,CRASH_HOUR,CRASH_DAY_OF_WEEK,CRASH_MONTH,LATITUDE,LONGITUDE,LOCATION
09542677015b69b3de9e93e52b38109bf50b3e06af6b85a1fbf6cc4cea0de746832b41afae6c09a62340d6dc44c99a6dc870351868628ecf2fd52b7dba8b6bd0,,06/14/2022 03:15:00 PM,30,NO CONTROLS,NO CONTROLS,CLEAR,DAYLIGHT,REAR END,NOT DIVIDED,,STRAIGHT AND LEVEL,DRY,NO DEFECTS,NOT ON SCENE (DESK REPORT),NO INJURY / DRIVE AWAY,,,,"$501 - $1,500",06/14/2022 04:03:00 PM,NOT APPLICABLE,NOT APPLICABLE,3600,S,WESTERN AVE,911.0,,,,,,,2,NO INDICATION OF INJURY,0.0,0.0,0.0,0.0,0.0,2.0,0.0,15,3,6,41.8283815876,-87.6851220428,POINT (-87.685122042848 41.828381587588)
a4a640fb93f8350572a03718b70392480db2354d264376e7e1d7dc1e39daac14a026d64c64c41b088c83bde2d26eddf17c4ba31195a700074223a96320126092,,10/29/2025 01:16:00 PM,15,NO CONTROLS,NO CONTROLS,CLEAR,DAYLIGHT,FIXED OBJECT,PARKING LOT,,STRAIGHT AND LEVEL,DRY,NO DEFECTS,ON SCENE,INJURY AND / OR TOW DUE TO CRASH,,Y,,"OVER $1,500",10/29/2025 01:22:00 PM,UNABLE TO DETERMINE,UNABLE TO DETERMINE,2446,N,NARRAGANSETT AVE,2512.0,,,,,,,1,NONINCAPACITATING INJURY,2.0,0.0,0.0,2.0,0.0,0.0,0.0,13,4,10,41.9252312049,-87.7856426525,POINT (-87.785642652546 41.925231204863)
39b04f05b992e33d320e4f07593d2edb220133293672e5b70edefc34a71ee6d3a67b87e784d3792949324a6e85bb552c3df457358e2b2afc4c43c2e36cfbc6ad,,10/01/2021 07:20:00 AM,30,NO CONTROLS,NO CONTROLS,CLEAR,DAYLIGHT,ANGLE,NOT DIVIDED,,STRAIGHT AND LEVEL,DRY,NO DEFECTS,ON SCENE,NO INJURY / DRIVE AWAY,,,,"OVER $1,500",10/01/2021 08:50:00 AM,FAILING TO YIELD RIGHT-OF-WAY,FAILING TO YIELD RIGHT-OF-WAY,3101,W,59TH ST,824.0,,,,,,,2,NO INDICATION OF INJURY,0.0,0.0,0.0,0.0,0.0,2.0,0.0,7,6,10,41.7861753651,-87.7009686033,POINT (-87.700968603288 41.786175365142)
a90b7abc85c056885664e5df71677f51d2a620400fa2ba9bd8d405ac6c890858db08babdaebb6d3bde1fb77267061c771807cf0e2e35dd5ab86236f0057223c3,,03/18/2020 10:20:00 AM,30,NO CONTROLS,NO CONTROLS,CLOUDY/OVERCAST,DAYLIGHT,REAR END,DIVIDED - W/MEDIAN (NOT RAISED),,STRAIGHT AND LEVEL,DRY,NO DEFECTS,ON SCENE,INJURY AND / OR TOW DUE TO CRASH,,,Y,"$501 - $1,500",03/18/2020 06:45:00 PM,FOLLOWING TOO CLOSELY,UNABLE TO DETERMINE,2355,W,95TH ST,2213.0,,,,,,,2,"REPORTED, NOT EVIDENT",2.0,0.0,0.0,0.0,2.0,1.0,0.0,10,4,3,41.7208289164,-87.6819162325,POINT (-87.681916232527 41.720828916367)
29cdca586ee5cd687fc080f2955b0c3651f6c12ca28fcce736be5278ceadea29e6d75611cd2d910cab411417dd7c71feff0587d5fb23e752dcad0bb3179380fa,,09/03/2023 06:00:00 AM,25,NO CONTROLS,NO CONTROLS,CLEAR,DARKNESS,PARKED MOTOR VEHICLE,NOT DIVIDED,,STRAIGHT AND LEVEL,DRY,NO DEFECTS,,NO INJURY / DRIVE AWAY,,,Y,"OVER $1,500",09/04/2023 12:45:00 PM,UNABLE TO DETERMINE,UNABLE TO DETERMINE,5725,W,CARMEN AVE,1622.0,,,,,,,2,NO INDICATION OF INJURY,0.0,0.0,0.0,0.0,0.0,1.0,0.0,6,1,9,41.973767696,-87.7720931062,POINT (-87.772093106236 41.973767696006)
8befa12e719389c16c1e139ffa9e92d3636164f2994f7375f7ddbba3af8348327478092a3c84d6ff734a286fd33c1c4c8f5902e0525d09cb05964c211ea6da68,,08/13/2018 11:30:00 AM,30,NO CONTROLS,NO CONTROLS,CLEAR,DAYLIGHT,PARKED MOTOR VEHICLE,NOT DIVIDED,2,STRAIGHT AND LEVEL,DRY,NO DEFECTS,ON SCENE,NO INJURY / DRIVE AWAY,,,Y,"OVER $1,500",08/13/2018 01:55:00 PM,UNABLE TO DETERMINE,ANIMAL,7351,N,HOYNE AVE,2424.0,,Y,,,,,2,NO INDICATION OF INJURY,0.0,0.0,0.0,0.0,0.0,1.0,0.0,11,2,8,42.0154867189,-87.6828651412,POINT (-87.682865141189 42.015486718868)
2ec4f7d4dccfa494d3b5e95480a1b6ccfadf26c35ebb41571b284dfc5245c43185db9511bf4cf4d9079e3ef029aef7b2860cc5f3806cbdd71d8e74d3bcb6f005,,02/01/2022 07:30:00 AM,25,NO CONTROLS,NO CONTROLS,CLEAR,DAYLIGHT,ANGLE,ONE-WAY,,STRAIGHT AND LEVEL,DRY,NO DEFECTS,NOT ON SCENE (DESK REPORT),NO INJURY / DRIVE AWAY,,,,"$501 - $1,500",02/01/2022 08:30:00 AM,FAILING TO YIELD RIGHT-OF-WAY,NOT APPLICABLE,3635,W,LE MOYNE ST,2535.0,,,,,,,2,NO INDICATION OF INJURY,0.0,0.0,0.0,0.0,0.0,3.0,0.0,7,3,2,41.9080602305,-87.718003248,POINT (-87.718003247957 41.9080602305)
20b5888d2c4659b1192e19682f556a90f22e38d9ffcfbb5a6ca64d598d7be65ba81346c97cf56db9cb525681859c707f7b39f0199293a6aada5b5e3cbe8a3bb2,,05/15/2024 07:00:00 PM,30,STOP SIGN/FLASHER,FUNCTIONING PROPERLY,CLEAR,DAYLIGHT,ANGLE,OTHER,,STRAIGHT AND LEVEL,DRY,UNKNOWN,NOT ON SCENE (DESK REPORT),INJURY AND / OR TOW DUE TO CRASH,Y,,,"$501 - $1,500",05/15/2024 07:09:00 PM,DISREGARDING STOP SIGN,UNABLE TO DETERMINE,6200,S,UNIVERSITY AVE,314.0,,,,,,,2,"REPORTED, NOT EVIDENT",1.0,0.0,0.0,0.0,1.0,1.0,0.0,19,4,5,41.7822309985,-87.598015727,POINT (-87.598015726983 41.782230998489)
8b7c80d8230cc00a85e68ef335e3e68534eb89dd4a3e62a085a40320c4c055f4fa2b49e8db2f9127c15e41a26939a8dfcb0f5155ae2d13ddfd3b571f7671a0c1,,09/29/2017 05:20:00 PM,0,TRAFFIC SIGNAL,FUNCTIONING PROPERLY,CLEAR,DAYLIGHT,REAR END,ONE-WAY,,STRAIGHT AND LEVEL,DRY,NO DEFECTS,NOT ON SCENE (DESK REPORT),NO INJURY / DRIVE AWAY,Y,,,"OVER $1,500",09/29/2017 05:35:00 PM,FOLLOWING TOO CLOSELY,UNABLE TO DETERMINE,7500,S,LAFAYETTE AVE,623.0,,,,,,,2,NO INDICATION OF INJURY,0.0,0.0,0.0,0.0,0.0,2.0,0.0,17,6,9,41.758068532,-87.6265169823,POINT (-87.626516982328 41.75806853202)
9254799bd9cf69f467b1a1e1b877755d1ee6293c5da2062d5f49fdf5ac67e384aa54889ee5563f86a9725c09c8a8c8019c458a4fc861b884ff6ed95ac01dd282,,11/20/2017 05:35:00 PM,30,NO CONTROLS,NO CONTROLS,CLEAR,"DARKNESS, LIGHTED ROAD",PARKED MOTOR VEHICLE,NOT DIVIDED,,STRAIGHT AND LEVEL,DRY,NO DEFECTS,ON SCENE,INJURY AND / OR TOW DUE TO CRASH,,,Y,"OVER $1,500",11/20/2017 06:54:00 PM,"OPERATING VEHICLE IN ERRATIC, RECKLESS, CARELESS, NEGLIGENT OR AGGRESSIVE MANNER",UNABLE TO DETERMINE,4434,W,MARQUETTE RD,833.0,,,,,,,2,NO INDICATION OF INJURY,0.0,0.0,0.0,0.0,0.0,1.0,0.0,17,2,11,41.7713543372,-87.7336918863,POINT (-87.73369188627 41.771354337165)
ce44770ee7a63570034b5396bb94b36074ef6eaf505ffeda39e6495c52ef709450070b875be376c04eceed5278bd40195b91f3ed8cddb194723b1083533ae75f,,05/22/2024 07:18:00 AM,30,TRAFFIC SIGNAL,FUNCTIONING PROPERLY,CLEAR,DAYLIGHT,ANGLE,Y-INTERSECTION,,STRAIGHT AND LEVEL,DRY,NO DEFECTS,ON SCENE,INJURY AND / OR TOW DUE TO CRASH,Y,,,"OVER $1,500",05/22/2024 07:18:00 AM,DISREGARDING TRAFFIC SIGNALS,FAILING TO REDUCE SPEED TO AVOID CRASH,3600,W,GRAND AVE,1112.0,,,,,,,3,NONINCAPACITATING INJURY,3.0,0.0,0.0,2.0,1.0,3.0,0.0,7,4,5,41.9023626196,-87.7165388614,POINT (-87.716538861417 41.902362619578)
274bd04e356801f1b7e9d1e53ecb0f51a9a3f22b0b6ece458e84814470bf2e94998a3e2a18498c0d8fb8b6d62b9e48d2e8c354a68cdeca4ef71d005fa5c49b3f,,12/27/2019 01:49:00 PM,30,NO CONTROLS,NO CONTROLS,CLEAR,DAYLIGHT,OTHER NONCOLLISION,ONE-WAY,,STRAIGHT AND LEVEL,"SAND, MUD, DIRT",UNKNOWN,ON SCENE,INJURY AND / OR TOW DUE TO CRASH,,,,"OVER $1,500",12/27/2019 02:14:00 PM,CELL PHONE USE OTHER THAN TEXTING,"OPERATING VEHICLE IN ERRATIC, RECKLESS, CARELESS, NEGLIGENT OR AGGRESSIVE MANNER",5950,W,DIVISION ST,2531.0,,,,,,,1,NO INDICATION OF INJURY,0.0,0.0,0.0,0.0,0.0,1.0,0.0,13,6,12,41.9021131491,-87.7749686055,POINT (-87.774968605504 41.902113149075)
6eda4d53b5c2e608d357245518a8f54f8ddf0ea36f4a806334943253dec96628aad804b52285b89cb359895d75944519cfda11d6f57c4fb4d3edbb26084107c9,,02/26/2022 01:59:00 AM,30,TRAFFIC SIGNAL,FUNCTIONING PROPERLY,CLEAR,"DARKNESS, LIGHTED ROAD",TURNING,NOT DIVIDED,,STRAIGHT AND LEVEL,ICE,NO DEFECTS,ON SCENE,NO INJURY / DRIVE AWAY,N,,,"OVER $1,500",02/26/2022 02:02:00 AM,IMPROPER LANE USAGE,DRIVING SKILLS/KNOWLEDGE/EXPERIENCE,8700,S,STONY ISLAND AVE,412.0,,,,,,,2,NO INDICATION OF INJURY,0.0,0.0,0.0,0.0,0.0,3.0,0.0,1,7,2,41.7368226302,-87.5857834203,POINT (-87.585783420329 41.736822630157)
36e126380ae57ccc3b78e32ff48d9e79c31767e7f7f49505c43f0b6215c1051f94414d3b7929f81c473ccaa20ebf9dd03e306fa5b751b6dd1d5a606921b2e28c,,11/01/2023 02:53:00 PM,30,STOP SIGN/FLASHER,FUNCTIONING IMPROPERLY,CLEAR,DAYLIGHT,PEDESTRIAN,NOT DIVIDED,,STRAIGHT AND LEVEL,DRY,NO DEFECTS,ON SCENE,INJURY AND / OR TOW DUE TO CRASH,,,,"OVER $1,500",11/01/2023 02:56:00 PM,FAILING TO YIELD RIGHT-OF-WAY,NOT APPLICABLE,4898,N,KIMBALL AVE,1712.0,,,,,,,2,"REPORTED, NOT EVIDENT",1.0,0.0,0.0,0.0,1.0,1.0,0.0,14,4,11,41.9701295435,-87.7135583886,POINT (-87.713558388557 41.970129543492)
24cc2f909287e9be933777e36662737ccecfd32e994ad2f49482641bb4665fd418e954c4a6e42c6cf40e090d8baad4027cefde2e82ab6878446da1b1066418f9,,02/23/2021 07:20:00 AM,35,NO CONTROLS,NO CONTROLS,CLEAR,DAYLIGHT,PARKED MOTOR VEHICLE,DIVIDED - W/MEDIAN (NOT RAISED),,STRAIGHT AND LEVEL,SNOW OR SLUSH,NO DEFECTS,ON SCENE,NO INJURY / DRIVE AWAY,,,,$500 OR LESS,02/23/2021 07:20:00 AM,UNABLE TO DETERMINE,UNABLE TO DETERMINE,3401,W,DEVON AVE,1711.0,,,,,,,2,NO INDICATION OF INJURY,0.0,0.0,0.0,0.0,0.0,1.0,0.0,7,3,2,41.9971983987,-87.714346233,POINT (-87.714346233033 41.997198398678)
5d90ffab7ce1e19dc89b63ef3305b1f0b0e62e81fe30dc7de58c17b5202461b150d5f44bedbb9863e94454749c8831315e9aa15de673dcd54f4005c3bc7e57da,,10/03/2021 06:30:00 PM,30,NO CONTROLS,NO CONTROLS,UNKNOWN,"DARKNESS, LIGHTED ROAD",REAR END,DIVIDED - W/MEDIAN (NOT RAISED),,STRAIGHT AND LEVEL,WET,UNKNOWN,NOT ON SCENE (DESK REPORT),NO INJURY / DRIVE AWAY,,,,"OVER $1,500",10/03/2021 06:50:00 PM,FOLLOWING TOO CLOSELY,WEATHER,3856,W,MONTROSE AVE,1723.0,,,,,,,2,NO INDICATION OF INJURY,0.0,0.0,0.0,0.0,0.0,7.0,0.0,18,1,10,41.9610889956,-87.7252431006,POINT (-87.725243100626 41.961088995614)
ed94edbaad96cba4d7dd416a74cfccdf5b30d861800cbd27d237fa942f64623e573821d70dea0f54d23c9da587e74c12cb0b2de7a1fcf7ae493b37032eec708e,,11/12/2017 01:05:00 PM,30,TRAFFIC SIGNAL,FUNCTIONING PROPERLY,RAIN,DAYLIGHT,REAR END,NOT DIVIDED,2,STRAIGHT AND LEVEL,DRY,NO DEFECTS,NOT ON SCENE (DESK REPORT),NO INJURY / DRIVE AWAY,,,,"OVER $1,500",11/12/2017 01:40:00 PM,FOLLOWING TOO CLOSELY,NOT APPLICABLE,7024,W,DEVON AVE,1611.0,,,,,,,2,NO INDICATION OF INJURY,0.0,0.0,0.0,0.0,0.0,3.0,0.0,13,1,11,41.9977306223,-87.8039017097,POINT (-87.803901709696 41.997730622251)
af19c8ff4cd159a55472f8b75bb35e99fafbab48cd2a9f74926fd6c674dd73e69e383ee14863c548602f3d791b24567759898cf924f6d2658e106ab552df98fb,,11/07/2018 09:50:00 AM,10,NO CONTROLS,NO CONTROLS,CLEAR,DAYLIGHT,ANGLE,PARKING LOT,,STRAIGHT AND LEVEL,DRY,NO DEFECTS,NOT ON SCENE (DESK REPORT),NO INJURY / DRIVE AWAY,,Y,,"OVER $1,500",11/07/2018 10:35:00 AM,IMPROPER BACKING,UNABLE TO DETERMINE,9301,S,WESTERN AVE,2221.0,,,,,,,2,NO INDICATION OF INJURY,0.0,0.0,0.0,0.0,0.0,2.0,0.0,9,4,11,41.7244143628,-87.6820264336,POINT (-87.682026433582 41.724414362756)
7506f76f7ddea9dd6c4e32341923a4368905330527fde0fc36b1e1b2ca5303acb1b00545142550ad4ce4c1f0fcbf8f3776efeca67e204a7930be4e27abb8e7de,,09/05/2017 11:05:00 AM,0,NO CONTROLS,NO CONTROLS,CLEAR,DAYLIGHT,REAR END,NOT DIVIDED,2,STRAIGHT AND LEVEL,DRY,NO DEFECTS,ON SCENE,INJURY AND / OR TOW DUE TO CRASH,,,,$500 OR LESS,09/05/2017 11:09:00 AM,FOLLOWING TOO CLOSELY,UNABLE TO DETERMINE,253,W,26TH ST,914.0,,,,,,,2,NONINCAPACITATING INJURY,1.0,0.0,0.0,1.0,0.0,3.0,0.0,11,3,9,41.8453859698,-87.633948286,POINT (-87.633948285981 41.845385969798)
72a69b0da86910b656dc8843be685de04dd66b251d5b820fa141ffcb515a7e4c8cdb7062337f936c085dd070fbab2f946848346e5ff6e3a57229d5ce6cf87b97,,06/01/2019 06:58:00 AM,20,NO CONTROLS,NO CONTROLS,CLEAR,DAYLIGHT,PARKED MOTOR VEHICLE,ONE-WAY,,STRAIGHT ON GRADE,DRY,NO DEFECTS,ON SCENE,INJURY AND / OR TOW DUE TO CRASH,,,Y,"OVER $1,500",06/01/2019 07:00:00 AM,UNABLE TO DETERMINE,UNABLE TO DETERMINE,4106,W,MONROE ST,1115.0,,,,,,,2,NO INDICATION OF INJURY,0.0,0.0,0.0,0.0,0.0,1.0,0.0,6,7,6,41.8798362652,-87.7284412724,POINT (-87.728441272429 41.879836265224)
a28af442f7b7abf6232547ae8589822fb5fb11f47ebe79a72cfca73d2ff0983cca9fe2e532d116918c3d624d3c6d01c50ddff43314fb376c816ef43eb1e567cb,,05/28/2025 05:20:00 PM,30,NO CONTROLS,NO CONTROLS,CLEAR,DAYLIGHT,PEDALCYCLIST,ONE-WAY,,STRAIGHT AND LEVEL,DRY,NO DEFECTS,ON SCENE,INJURY AND / OR TOW DUE TO CRASH,,,,"OVER $1,500",05/28/2025 05:23:00 PM,DRIVING ON WRONG SIDE/WRONG WAY,NOT APPLICABLE,4110,W,AINSLIE ST,1712.0,,,,,,,2,NONINCAPACITATING INJURY,1.0,0.0,0.0,1.0,0.0,1.0,0.0,17,4,5,41.9701349486,-87.7310072902,POINT (-87.731007290227 41.970134948589)
7b5f089a8a4e948fe568ddcd20b7fb2b0c6c2526ea5a8ebaee577b4d6a6cde72fc4d92bdf72a1e14ad0c4dc7554966f08816aeeada7505476df7f1234a302010,,01/23/2024 02:00:00 PM,10,NO CONTROLS,NO CONTROLS,CLEAR,DAYLIGHT,PARKED MOTOR VEHICLE,PARKING LOT,,STRAIGHT AND LEVEL,DRY,UNKNOWN,NOT ON SCENE (DESK REPORT),NO INJURY / DRIVE AWAY,,,,"$501 - $1,500",01/23/2024 03:00:00 PM,UNABLE TO DETERMINE,UNABLE TO DETERMINE,703,S,SEELEY AVE,1225.0,N,,,,,,2,NO INDICATION OF INJURY,0.0,0.0,0.0,0.0,0.0,1.0,0.0,14,3,1,41.8731663033,-87.6774546629,POINT (-87.677454662891 41.873166303261)
d287e1cd7c0bc453ace53d1527db95374af97d398decc6af41dbd06c606cf446d9810edc255085de84c5d0459f54b6dcd0bb70d7f48090598cc092f1a5f5cfef,,11/28/2019 02:00:00 AM,30,TRAFFIC SIGNAL,FUNCTIONING PROPERLY,CLEAR,"DARKNESS, LIGHTED ROAD",REAR END,DIVIDED - W/MEDIAN (NOT RAISED),,STRAIGHT AND LEVEL,DRY,NO DEFECTS,NOT ON SCENE (DESK REPORT),NO INJURY / DRIVE AWAY,Y,,,"OVER $1,500",12/04/2019 08:40:00 PM,FOLLOWING TOO CLOSELY,UNABLE TO DETERMINE,631,W,ROOSEVELT RD,124.0,,,,,,,2,NO INDICATION OF INJURY,0.0,0.0,0.0,0.0,0.0,5.0,0.0,2,5,11,41.8670935985,-87.6433637826,POINT (-87.643363782634 41.867093598534)
4a859242b260fb31f2a88e042074f39802866c73ad53e60096cfc60d53f9be1b2184d83c7ddc331e1f7c7e8417d960d31f3d977fa24ea827e53f246574e6ef70,,08/01/2019 09:15:00 PM,20,STOP SIGN/FLASHER,FUNCTIONING PROPERLY,CLEAR,"DARKNESS, LIGHTED ROAD",TURNING,OTHER,,STRAIGHT AND LEVEL,DRY,NO DEFECTS,ON SCENE,INJURY AND / OR TOW DUE TO CRASH,,,Y,"OVER $1,500",08/01/2019 09:33:00 PM,IMPROPER OVERTAKING/PASSING,FOLLOWING TOO CLOSELY,8600,S,MANISTEE AVE,423.0,,,,,,,2,NONINCAPACITATING INJURY,1.0,0.0,0.0,1.0,0.0,2.0,0.0,21,5,8,41.7390298049,-87.557680442,POINT (-87.557680441983 41.739029804943)
8cc64d613db4427695b0b9006266f47b89084d081359707ba2ab6f29019b8ecb17ce041c0bc961ab0ae7de87ff03c2cf38aa60f406ea269bc881bbdbeef18764,Y,06/01/2019 08:00:00 AM,30,NO CONTROLS,NO CONTROLS,CLEAR,DAYLIGHT,PARKED MOTOR VEHICLE,NOT DIVIDED,,STRAIGHT AND LEVEL,DRY,NO DEFECTS,NOT ON SCENE (DESK REPORT),NO INJURY / DRIVE AWAY,,,Y,"OVER $1,500",06/01/2019 12:25:00 PM,UNABLE TO DETERMINE,UNABLE TO DETERMINE,10936,S,PARNELL AVE,2233.0,,,,,,,2,NO INDICATION OF INJURY,0.0,0.0,0.0,0.0,0.0,1.0,0.0,8,7,6,41.6949600585,-87.636563544,POINT (-87.636563543999 41.694960058501)
53d5c495ef664b6df25a1f03f832df1313ecae806fa28327e4c7f8f8c4432e2ea9a35a1922a4d870e22674703a1cdfc275c8ec9a297c047d4cd6dd877291af53,,08/12/2025 05:20:00 PM,30,TRAFFIC SIGNAL,FUNCTIONING PROPERLY,RAIN,DAYLIGHT,REAR END,NOT DIVIDED,,STRAIGHT AND LEVEL,WET,NO DEFECTS,ON SCENE,NO INJURY / DRIVE AWAY,,,Y,"$501 - $1,500",08/12/2025 05:37:00 PM,UNABLE TO DETERMINE,UNABLE TO DETERMINE,1598,E,79TH ST,411.0,,,,,,,3,NO INDICATION OF INJURY,0.0,0.0,0.0,0.0,0.0,3.0,0.0,17,3,8,41.7516118473,-87.5856595692,POINT (-87.585659569152 41.751611847254)
e5ff40ede61d24c8f4a008631522105f75aaae1774f81c8dc7fbdd5e9a76ba21c384d467784a153634132b72e408e7cb16129331d8e21e073c2e794042605c90,,04/02/2022 04:30:00 PM,30,NO CONTROLS,NO CONTROLS,RAIN,DAYLIGHT,PARKED MOTOR VEHICLE,ONE-WAY,,STRAIGHT AND LEVEL,WET,NO DEFECTS,NOT ON SCENE (DESK REPORT),NO INJURY / DRIVE AWAY,,,Y,"$501 - $1,500",04/02/2022 05:13:00 PM,NOT APPLICABLE,NOT APPLICABLE,4645,S,SAWYER AVE,821.0,,,,,,,2,NO INDICATION OF INJURY,0.0,0.0,0.0,0.0,0.0,1.0,0.0,16,7,4,41.8085945808,-87.7050587825,POINT (-87.705058782463 41.808594580818)
28639e6067ce5cbbfb111879a23ce9b6c1c7f9a6514bf8030486248915d739a3bd177a6e23605f2f0255de50a3dfcb2812860ce61caa7b2b3f215248c8f9f474,,11/02/2017 10:10:00 AM,20,STOP SIGN/FLASHER,FUNCTIONING PROPERLY,CLEAR,DAYLIGHT,TURNING,NOT DIVIDED,2,STRAIGHT AND LEVEL,WET,NO DEFECTS,ON SCENE,NO INJURY / DRIVE AWAY,,,,$500 OR LESS,11/02/2017 10:10:00 AM,UNABLE TO DETERMINE,NOT APPLICABLE,3700,N,SAWYER AVE,1733.0,,,,,,,2,NO INDICATION OF INJURY,0.0,0.0,0.0,0.0,0.0,2.0,0.0,10,5,11,41.948528557,-87.7092425242,POINT (-87.709242524241 41.948528557047)
580442d46f67be5d86ac35edfa6df3369baa4a177667c808398829f728c4fa2b99ea9276d6cbedf2bb2e6064e7b46e44bc7dc8e3dea40e567376b040df17c0ea,,09/24/2016 01:30:00 AM,30,NO CONTROLS,NO CONTROLS,CLEAR,"DARKNESS, LIGHTED ROAD",PARKED MOTOR VEHICLE,ONE-WAY,1,STRAIGHT AND LEVEL,DRY,NO DEFECTS,NOT ON SCENE (DESK REPORT),NO INJURY / DRIVE AWAY,,,Y,"OVER $1,500",09/25/2016 09:12:00 AM,EXCEEDING AUTHORIZED SPEED LIMIT,UNABLE TO DETERMINE,1651,N,WHIPPLE ST,1421.0,,,,,,,3,NO INDICATION OF INJURY,0.0,0.0,0.0,0.0,0.0,1.0,0.0,1,7,9,41.9116610082,-87.7032748925,POINT (-87.703274892548 41.911661008208)
7a048384e2c41deea1cee67e4828f376c07fa2d6d5e77a7333359cc4c70054584f22dfbf4ac77a113cecb859a72d465c282fde4f6e38cb9c104c8ceef7ae77b0,,03/01/2024 06:30:00 PM,30,TRAFFIC SIGNAL,FUNCTIONING PROPERLY,CLEAR,DARKNESS,REAR END,DIVIDED - W/MEDIAN (NOT RAISED),,STRAIGHT AND LEVEL,DRY,NO DEFECTS,NOT ON SCENE (DESK REPORT),NO INJURY / DRIVE AWAY,Y,,,"OVER $1,500",03/01/2024 06:57:00 PM,UNABLE TO DETERMINE,UNABLE TO DETERMINE,500,N,STATE ST,1831.0,,,,,,,2,NO INDICATION OF INJURY,0.0,0.0,0.0,0.0,0.0,3.0,0.0,18,6,3,41.8909036907,-87.6281861235,POINT (-87.628186123483 41.890903690741)
5b6c8816a96e668b271011521d110022e94fc273969d02a6e2dd0f03731798e96ad986e081b71c53ddf26615e1912c03a9692a8988aefd93aefb287c64a732f8,,10/09/2024 09:30:00 AM,20,NO CONTROLS,NO CONTROLS,CLEAR,DAYLIGHT,PARKED MOTOR VEHICLE,NOT DIVIDED,,STRAIGHT AND LEVEL,DRY,NO DEFECTS,NOT ON SCENE (DESK REPORT),NO INJURY / DRIVE AWAY,,,Y,$500 OR LESS,10/09/2024 09:30:00 AM,UNABLE TO DETERMINE,UNABLE TO DETERMINE,5154,W,MAYPOLE AVE,1532.0,,,,,,,2,NO INDICATION OF INJURY,0.0,0.0,0.0,0.0,0.0,2.0,0.0,9,4,10,41.8844350929,-87.7549974882,POINT (-87.754997488223 41.884435092885)
06eec96465c38e259a11879d764cc1edd8b0ec66f51bb04baa81e8974123c19d8f19ea7e269346ecdf67ecd97cbae628e818b0b4070664a1d4c62557019e44bf,,03/20/2023 09:25:00 AM,30,NO CONTROLS,NO CONTROLS,CLEAR,DAYLIGHT,TURNING,NOT DIVIDED,,STRAIGHT AND LEVEL,DRY,NO DEFECTS,NOT ON SCENE (DESK REPORT),NO INJURY / DRIVE AWAY,,,,"OVER $1,500",03/20/2023 09:25:00 AM,IMPROPER OVERTAKING/PASSING,FOLLOWING TOO CLOSELY,5070,S,ARCHER AVE,815.0,,,,,,,2,NO INDICATION OF INJURY,0.0,0.0,0.0,0.0,0.0,2.0,0.0,9,2,3,41.8011803463,-87.7274812177,POINT (-87.727481217671 41.80118034635)
598a8d7c072584dd4ccd43fafdda265e03a90d1542c789034628f6b6488ba1016ccfddb3c81ed6afad3b3c75d0fa692a416638df4dac9d369422f0ae96ecf955,,06/28/2023 07:55:00 PM,30,NO CONTROLS,UNKNOWN,CLEAR,DUSK,PARKED MOTOR VEHICLE,NOT DIVIDED,,STRAIGHT AND LEVEL,DRY,UNKNOWN,NOT ON SCENE (DESK REPORT),NO INJURY / DRIVE AWAY,,,Y,"OVER $1,500",06/30/2023 01:20:00 PM,UNABLE TO DETERMINE,UNABLE TO DETERMINE,3138,W,63RD ST,823.0,,,,,,,2,NO INDICATION OF INJURY,0.0,0.0,0.0,0.0,0.0,1.0,0.0,19,4,6,41.7790951687,-87.702235812,POINT (-87.702235812028 41.779095168738)