CRASH_RECORD_ID,CRASH_DATE_EST_I,CRASH_DATE,POSTED_SPEED_LIMIT,TRAFFIC_CONTROL_DEVICE,DEVICE_CONDITION,WEATHER_CONDITION,LIGHTING_CONDITION,FIRST_CRASH_TYPE,TRAFFICWAY_TYPE,LANE_CNT,ALIGNMENT,ROADWAY_SURFACE_COND,ROAD_DEFECT,REPORT_TYPE,CRASH_TYPE,INTERSECTION_RELATED_I,NOT_RIGHT_OF_WAY_I,HIT_AND_RUN_I,DAMAGE,DATE_POLICE_NOTIFIED,PRIM_CONTRIBUTORY_CAUSE,SEC_CONTRIBUTORY_CAUSE,STREET_NO,STREET_DIRECTION,STREET_NAME,BEAT_OF_OCCURRENCE,PHOTOS_TAKEN_I,STATEMENTS_TAKEN_I,DOORING_I,WORK_ZONE_I,WORK_ZONE_TYPE,WORKERS_PRESENT_I,NUM_UNITS,MOST_SEVERE_INJURY,INJURIES_TOTAL,INJURIES_FATAL,INJURIES_INCAPACITATING,INJURIES_NON_INCAPACITATING,INJURIES_REPORTED_NOT_EVIDENT,INJURIES_NO_INDICATION,INJURIES_UNKNOWN,CRASH_HOUR,CRASH_DAY_OF_WEEK,CRASH_MONTH,LATITUDE,LONGITUDE,LOCATION
c31961a713e6eded52c213a054db2501b96c1a73ace1542de8701ed1c6169494760c3d7fa5d2757644e04accd8497ea03642a69a0ca4723d93056dc7fafbd9a3,,04/08/2024 04:00:00 PM,30,TRAFFIC SIGNAL,UNKNOWN,CLEAR,DAYLIGHT,SIDESWIPE SAME DIRECTION,NOT DIVIDED,,STRAIGHT AND LEVEL,UNKNOWN,UNKNOWN,NOT ON SCENE (DESK REPORT),NO INJURY / DRIVE AWAY,,,,"$501 - $1,500",04/08/2024 05:50:00 PM,UNABLE TO DETERMINE,NOT APPLICABLE,3200,N,AUSTIN AVE,1633.0,,,,,,,2,NO INDICATION OF INJURY,0.0,0.0,0.0,0.0,0.0,2.0,0.0,16,2,4,41.9384911242,-87.7763631519,POINT (-87.776363151942 41.938491124151)
c366297ed38c8d9b058542319319f2459989157010d94416609c3dbbd650be269ac300d04083409518ea7f2285a5291e36c435bdac0ab74d0916e99002324767,,12/20/2018 04:30:00 PM,35,TRAFFIC SIGNAL,FUNCTIONING PROPERLY,CLEAR,"DARKNESS, LIGHTED ROAD",TURNING,NOT DIVIDED,,STRAIGHT AND LEVEL,WET,NO DEFECTS,ON SCENE,INJURY AND / OR TOW DUE TO CRASH,Y,,,"OVER $1,500",12/20/2018 04:34:00 PM,FAILING TO YIELD RIGHT-OF-WAY,NOT APPLICABLE,3985,N,LAKE SHORE DR,1925.0,,,,,,,2,NO INDICATION OF INJURY,0.0,0.0,0.0,0.0,0.0,3.0,0.0,16,5,12,41.9545752764,-87.6444147279,POINT (-87.644414727897 41.954575276438)
ae926456e8b81cf75ce1fe8bee1e7d2e34ad0933375875bf929e69643c6f44f072a5f3809e7b301ac61c14562922523b19b2a77fa3c20604bc37d33ef9152fa6,,03/12/2020 09:35:00 AM,30,TRAFFIC SIGNAL,FUNCTIONING PROPERLY,CLEAR,DAYLIGHT,ANGLE,FOUR WAY,,STRAIGHT AND LEVEL,DRY,NO DEFECTS,ON SCENE,INJURY AND / OR TOW DUE TO CRASH,Y,,,"OVER $1,500",03/12/2020 09:35:00 AM,DISREGARDING TRAFFIC SIGNALS,"OPERATING VEHICLE IN ERRATIC, RECKLESS, CARELESS, NEGLIGENT OR AGGRESSIVE MANNER",1448,W,111TH ST,2234.0,,,,,,,2,"REPORTED, NOT EVIDENT",1.0,0.0,0.0,0.0,1.0,1.0,0.0,9,5,3,41.6922694223,-87.6588212845,POINT (-87.658821284452 41.692269422274)
c93f5a5ce985400e2a677376ade2dccd856ff42ec79b7f8b37dc902cdb78099323e95a7f7a4ee40a4e8aece9913bbe81646a230d7b2425987269f020b50e6ad6,,08/13/2016 09:00:00 AM,30,NO CONTROLS,NO CONTROLS,CLEAR,DAYLIGHT,TURNING,DIVIDED - W/MEDIAN (NOT RAISED),2,STRAIGHT AND LEVEL,DRY,NO DEFECTS,NOT ON SCENE (DESK REPORT),NO INJURY / DRIVE AWAY,,,,"OVER $1,500",08/14/2016 09:29:00 AM,IMPROPER TURNING/NO SIGNAL,FOLLOWING TOO CLOSELY,4734,N,CUMBERLAND AVE,1614.0,,,,,,,2,NO INDICATION OF INJURY,0.0,0.0,0.0,0.0,0.0,2.0,0.0,9,7,8,41.9660114013,-87.8368311691,POINT (-87.836831169138 41.966011401336)
0a3461513b47f306b8542a0d0537fc7bcfd54635e1f441523a28d9557048dcc147d392b64d40b45f48b44163b5a41a911f4ce61172e25e6c0b56fea9d8b2fdbb,,04/09/2023 05:30:00 AM,15,NO CONTROLS,NO CONTROLS,CLEAR,DAWN,PARKED MOTOR VEHICLE,ONE-WAY,,STRAIGHT AND LEVEL,DRY,UNKNOWN,ON SCENE,INJURY AND / OR TOW DUE TO CRASH,,,N,"OVER $1,500",04/09/2023 05:40:00 AM,UNABLE TO DETERMINE,NOT APPLICABLE,2856,W,57TH ST,824.0,,,,,,,4,NO INDICATION OF INJURY,0.0,0.0,0.0,0.0,0.0,1.0,0.0,5,1,4,41.7901197065,-87.6959935418,POINT (-87.695993541794 41.79011970649)
3879b4f2902adab1b6f21425661bedb24667895603c54c54573f73bdc576b64198d5cc67dd4af7b0ee4e14dd5d143333b6a30ceedbbf139ec3b871974280072b,,11/11/2019 04:57:00 PM,30,PEDESTRIAN CROSSING SIGN,FUNCTIONING PROPERLY,SNOW,"DARKNESS, LIGHTED ROAD",PARKED MOTOR VEHICLE,NOT DIVIDED,,STRAIGHT AND LEVEL,ICE,UNKNOWN,ON SCENE,INJURY AND / OR TOW DUE TO CRASH,,,,"$501 - $1,500",11/11/2019 05:00:00 PM,WEATHER,UNABLE TO DETERMINE,1700,S,RACINE AVE,1233.0,,,,,,,2,NO INDICATION OF INJURY,0.0,0.0,0.0,0.0,0.0,1.0,0.0,16,2,11,41.8588131875,-87.6565980305,POINT (-87.656598030476 41.858813187485)
5a4cdaffe28055ab81114fefb6e5be44089b6cba197180385aa12e58c225430214313aac674972e090de6bdef1efbd4aea292a831d7d96f27d48491f448fc477,,09/12/2022 07:50:00 AM,15,STOP SIGN/FLASHER,FUNCTIONING PROPERLY,RAIN,DAYLIGHT,PEDESTRIAN,NOT DIVIDED,,STRAIGHT AND LEVEL,WET,UNKNOWN,NOT ON SCENE (DESK REPORT),INJURY AND / OR TOW DUE TO CRASH,,,Y,$500 OR LESS,09/12/2022 08:24:00 AM,UNABLE TO DETERMINE,NOT APPLICABLE,1544,N,KOSTNER AVE,2533.0,,,,,,,2,"REPORTED, NOT EVIDENT",1.0,0.0,0.0,0.0,1.0,1.0,0.0,7,2,9,41.9089730499,-87.7364679133,POINT (-87.736467913283 41.908973049911)
60fdd5ca85b577f3ff9435f8d26fd1ed842b28067238611722b4dc939f87c62c5f54d130f11198c2809eab1b8c1225468da1b4a7d200c008a71727c0c94160c7,,10/07/2017 05:10:00 PM,30,TRAFFIC SIGNAL,FUNCTIONING PROPERLY,RAIN,DAYLIGHT,TURNING,DIVIDED - W/MEDIAN (NOT RAISED),,STRAIGHT AND LEVEL,WET,NO DEFECTS,NOT ON SCENE (DESK REPORT),NO INJURY / DRIVE AWAY,,,,"$501 - $1,500",10/09/2017 09:55:00 AM,WEATHER,DRIVING SKILLS/KNOWLEDGE/EXPERIENCE,7101,S,PULASKI RD,833.0,,,,,,,2,NO INDICATION OF INJURY,0.0,0.0,0.0,0.0,0.0,2.0,0.0,17,7,10,41.7640120044,-87.7222059328,POINT (-87.7222059328 41.764012004448)
0dda18414447376c4f73416f2c5e47173b5cfbdacdb63067947ec20b2185861ea2850c6b987c7a6bef90c7a273716473f084e5b4ddd4ae52ca5a21e416c5635a,,02/14/2020 06:30:00 PM,30,TRAFFIC SIGNAL,FUNCTIONING PROPERLY,CLEAR,"DARKNESS, LIGHTED ROAD",REAR END,NOT DIVIDED,,STRAIGHT AND LEVEL,DRY,NO DEFECTS,NOT ON SCENE (DESK REPORT),NO INJURY / DRIVE AWAY,,,Y,$500 OR LESS,02/17/2020 06:30:00 PM,UNABLE TO DETERMINE,NOT APPLICABLE,500,N,WESTERN AVE,1221.0,,,,,,,2,NO INDICATION OF INJURY,0.0,0.0,0.0,0.0,0.0,2.0,0.0,18,6,2,41.8907193647,-87.6868429959,POINT (-87.686842995878 41.890719364739)
a2e5eb6d769af1ec1747afe47bf20fea97bc2233528e17a72255e99001e09ec82efbdae6eba050f0a45ed9286d9e5cc967b2400216616a4c099c36d4a14b6ec5,,04/04/2020 10:30:00 AM,30,TRAFFIC SIGNAL,UNKNOWN,CLEAR,DAYLIGHT,TURNING,T-INTERSECTION,,STRAIGHT AND LEVEL,DRY,NO DEFECTS,ON SCENE,INJURY AND / OR TOW DUE TO CRASH,Y,,,"OVER $1,500",04/04/2020 10:40:00 AM,FAILING TO REDUCE SPEED TO AVOID CRASH,NOT APPLICABLE,400,E,95TH ST,633.0,,,,,,,2,NONINCAPACITATING INJURY,1.0,0.0,0.0,1.0,0.0,3.0,0.0,10,7,4,41.7220031253,-87.6140856363,POINT (-87.614085636296 41.722003125289)
55793eeaa54cd491e0c4d9e4a1c795819c0af7ac810df1bfb7446ab790247d12a0dbd803cf67f5dbbf657b0b3f02e8607a8d2bd6652b3b5160cbdc40bca3dd4e,,03/26/2018 09:00:00 AM,30,TRAFFIC SIGNAL,UNKNOWN,SNOW,DAYLIGHT,SIDESWIPE SAME DIRECTION,NOT DIVIDED,2,STRAIGHT AND LEVEL,WET,NO DEFECTS,ON SCENE,NO INJURY / DRIVE AWAY,,,,$500 OR LESS,03/26/2018 09:00:00 AM,IMPROPER OVERTAKING/PASSING,IMPROPER OVERTAKING/PASSING,758,S,STATE ST,123.0,,,,,,,2,NO INDICATION OF INJURY,0.0,0.0,0.0,0.0,0.0,2.0,0.0,9,2,3,41.8720231322,-87.6276790239,POINT (-87.627679023896 41.872023132248)
be48d02152f602b55e7f1a1e084208b8fd8b98ee575b9c03aa3ac8bbd3cd57fb6ceef11a3d34628d2032aa4c7a90998bdc355ff55613a0e79a513ddf4d01edbf,,03/12/2024 06:41:00 PM,30,NO CONTROLS,NO CONTROLS,CLEAR,DUSK,PEDALCYCLIST,ONE-WAY,,STRAIGHT AND LEVEL,DRY,NO DEFECTS,ON SCENE,INJURY AND / OR TOW DUE TO CRASH,,,,"OVER $1,500",03/12/2024 06:42:00 PM,UNABLE TO DETERMINE,NOT APPLICABLE,5757,N,WINTHROP AVE,2022.0,,,Y,,,,2,NONINCAPACITATING INJURY,1.0,0.0,0.0,1.0,0.0,1.0,0.0,18,3,3,41.9871619721,-87.6579779852,POINT (-87.65797798525 41.987161972131)
271acc45f88f3ce8f88181aeac9790bca8b1a7e9eaff7f7ef65c8ae61d7ecef2bbf099d3e907e102d2b1f089ca371e1daa9b5c924455124f747611f70861de0a,,04/16/2023 01:00:00 AM,50,UNKNOWN,UNKNOWN,UNKNOWN,DARKNESS,OTHER OBJECT,NOT DIVIDED,,STRAIGHT AND LEVEL,UNKNOWN,UNKNOWN,NOT ON SCENE (DESK REPORT),NO INJURY / DRIVE AWAY,,,,$500 OR LESS,04/17/2023 11:00:00 AM,UNABLE TO DETERMINE,UNABLE TO DETERMINE,100,N,LAKE SHORE DR SB,114.0,,,,Y,CONSTRUCTION,,1,NO INDICATION OF INJURY,0.0,0.0,0.0,0.0,0.0,1.0,0.0,1,1,4,41.8832658898,-87.6162695263,POINT (-87.616269526281 41.883265889838)
a611b656e2f96fa5458412c37c60653825ac2f34257aedc1989adf56c99a2743dbe2e0fef572f081aad04c23e632e8b175237788df32fb821319d0b2b3b536eb,,10/31/2017 01:00:00 PM,30,NO CONTROLS,NO CONTROLS,CLEAR,DAYLIGHT,PARKED MOTOR VEHICLE,NOT DIVIDED,2,STRAIGHT AND LEVEL,DRY,NO DEFECTS,ON SCENE,NO INJURY / DRIVE AWAY,,,Y,"OVER $1,500",10/31/2017 01:01:00 PM,DISTRACTION - FROM OUTSIDE VEHICLE,UNABLE TO DETERMINE,2665,N,HALSTED ST,1935.0,,,,,,,2,NO INDICATION OF INJURY,0.0,0.0,0.0,0.0,0.0,1.0,0.0,13,3,10,41.9308998968,-87.648803203,POINT (-87.648803203039 41.930899896796)
cb47300e444bfcd582f4fd1fafdbe8433200fbdb8f6aecc0e2e6145c928435cd52abb653c52667e30f784dc66479f050390d91f4b3bc1667d68194adea768f54,,09/27/2018 01:05:00 PM,30,NO CONTROLS,NO CONTROLS,CLEAR,DAYLIGHT,PARKED MOTOR VEHICLE,DIVIDED - W/MEDIAN (NOT RAISED),4,STRAIGHT AND LEVEL,DRY,NO DEFECTS,NOT ON SCENE (DESK REPORT),NO INJURY / DRIVE AWAY,,,Y,"OVER $1,500",10/04/2018 05:42:00 PM,IMPROPER BACKING,NOT APPLICABLE,6254,S,WESTERN AVE,825.0,,,,,,,2,NO INDICATION OF INJURY,0.0,0.0,0.0,0.0,0.0,1.0,0.0,13,5,9,41.7794199543,-87.6837921799,POINT (-87.683792179867 41.779419954269)
d563d620d412bb5dcdc95e30966c107fe473a3789cf1603ada248d7c99be1ea03f2e28ca071e0faa9c9dc645a9d2944f7cf691846960536e03617e5cf2aedeba,,09/09/2018 08:10:00 PM,30,STOP SIGN/FLASHER,FUNCTIONING PROPERLY,CLEAR,"DARKNESS, LIGHTED ROAD",TURNING,NOT DIVIDED,2,STRAIGHT AND LEVEL,DRY,NO DEFECTS,NOT ON SCENE (DESK REPORT),NO INJURY / DRIVE AWAY,Y,,,"$501 - $1,500",09/09/2018 08:45:00 PM,FAILING TO YIELD RIGHT-OF-WAY,FAILING TO REDUCE SPEED TO AVOID CRASH,3232,N,LARAMIE AVE,1634.0,,,,,,,2,NO INDICATION OF INJURY,0.0,0.0,0.0,0.0,0.0,5.0,0.0,20,1,9,41.9397148711,-87.756871466,POINT (-87.756871466 41.939714871103)
0a2728498799950ed0b212e447dd4f60af0169e97df6ccc3b2ca4f975132ba780d4590fd0c6cd959aa6a350d1d584a7dd87e3c35bfca3fe392aa3c65cd076fe4,Y,12/03/2020 10:00:00 PM,30,NO CONTROLS,NO CONTROLS,CLEAR,DARKNESS,FIXED OBJECT,DIVIDED - W/MEDIAN BARRIER,,STRAIGHT AND LEVEL,DRY,NO DEFECTS,ON SCENE,INJURY AND / OR TOW DUE TO CRASH,,Y,,"OVER $1,500",12/03/2020 10:12:00 PM,DISREGARDING ROAD MARKINGS,DRIVING SKILLS/KNOWLEDGE/EXPERIENCE,1548,S,UNION AVE,1232.0,,,,,,,1,"REPORTED, NOT EVIDENT",1.0,0.0,0.0,0.0,1.0,0.0,0.0,22,5,12,41.8603123698,-87.6450128433,POINT (-87.645012843319 41.860312369841)
912152403ead112aad96f08b28637ecbdb510a4dee558e268e5029c20a10aaf3599d4c126e31bbed4ea73f11499caf30da48306fced1ddc5ffd2d38b91966dbe,,07/12/2023 07:45:00 AM,45,NO CONTROLS,NO CONTROLS,CLEAR,DAYLIGHT,FIXED OBJECT,DIVIDED - W/MEDIAN BARRIER,,STRAIGHT AND LEVEL,WET,NO DEFECTS,ON SCENE,NO INJURY / DRIVE AWAY,,,,"$501 - $1,500",07/12/2023 07:54:00 AM,UNABLE TO DETERMINE,NOT APPLICABLE,555,N,LAKE SHORE DR,1834.0,,,,,,,1,NO INDICATION OF INJURY,0.0,0.0,0.0,0.0,0.0,1.0,0.0,7,4,7,41.8926279393,-87.6142622234,POINT (-87.614262223396 41.892627939283)
9b59f645ff08f51c3a90e1d95a44217b3313fce6c81a5e1d94104e4afd8a7641878a8ba30a07f18143b6123b3ff774080a1a2973a44dc3dbc7d2481bcd3f999a,,10/12/2019 01:30:00 PM,30,NO CONTROLS,NO CONTROLS,UNKNOWN,UNKNOWN,PARKED MOTOR VEHICLE,UNKNOWN,,STRAIGHT AND LEVEL,UNKNOWN,UNKNOWN,NOT ON SCENE (DESK REPORT),NO INJURY / DRIVE AWAY,,,,"$501 - $1,500",10/14/2019 09:30:00 PM,IMPROPER TURNING/NO SIGNAL,IMPROPER TURNING/NO SIGNAL,950,W,FULTON MARKET,1214.0,,,,,,,2,NO INDICATION OF INJURY,0.0,0.0,0.0,0.0,0.0,1.0,0.0,13,7,10,41.8868535466,-87.6518552268,POINT (-87.651855226841 41.886853546558)
737039c9a90947ac8839734884593e4938f28b016f64343409f99b907c8b8db6e395df44246d48232f77dbfd274603bffc471f6db110dc3a7ba8b1478fc879e1,,09/04/2019 09:15:00 PM,30,NO CONTROLS,NO CONTROLS,CLEAR,"DARKNESS, LIGHTED ROAD",PEDALCYCLIST,DIVIDED - W/MEDIAN (NOT RAISED),,STRAIGHT AND LEVEL,DRY,NO DEFECTS,ON SCENE,INJURY AND / OR TOW DUE TO CRASH,,,Y,"$501 - $1,500",09/04/2019 09:28:00 PM,UNABLE TO DETERMINE,UNABLE TO DETERMINE,6430,S,STONY ISLAND AVE,314.0,,,,,,,2,NONINCAPACITATING INJURY,1.0,0.0,0.0,1.0,0.0,4.0,0.0,21,4,9,41.7778425221,-87.586523291,POINT (-87.586523290999 41.777842522117)
e8df0406f14e54007145fc2ecab7a2bc31156ebdba63db11cb2d6eebba87fd64eeb843bc57506e4e5c92405a8cace98ff436603a2a0e30031e86c3d2df3bd1e3,,01/23/2023 04:50:00 PM,30,TRAFFIC SIGNAL,FUNCTIONING PROPERLY,CLEAR,"DARKNESS, LIGHTED ROAD",TURNING,Y-INTERSECTION,,STRAIGHT AND LEVEL,DRY,NO DEFECTS,ON SCENE,NO INJURY / DRIVE AWAY,Y,,,"OVER $1,500",01/23/2023 04:50:00 PM,IMPROPER TURNING/NO SIGNAL,UNABLE TO DETERMINE,3113,W,LOGAN BLVD,1414.0,,,,,,,2,NO INDICATION OF INJURY,0.0,0.0,0.0,0.0,0.0,2.0,0.0,16,2,1,41.9280158494,-87.7056119747,POINT (-87.705611974693 41.928015849398)
8220932b641a1f5d66f0464949c5fe984bb822bb495ee03a0f4fb3aeab4c07d66eeb4d84a97aa017b29451717b055aee61f0384d9dfa7612392a0864686e08fa,,05/30/2024 09:15:00 AM,30,NO CONTROLS,NO CONTROLS,CLEAR,DAYLIGHT,SIDESWIPE SAME DIRECTION,DIVIDED - W/MEDIAN BARRIER,,STRAIGHT AND LEVEL,DRY,NO DEFECTS,NOT ON SCENE (DESK REPORT),NO INJURY / DRIVE AWAY,,,,"$501 - $1,500",05/30/2024 09:30:00 AM,IMPROPER LANE USAGE,NOT APPLICABLE,4000,N,LAKE SHORE DR SB,1915.0,,,,,,,2,NO INDICATION OF INJURY,0.0,0.0,0.0,0.0,0.0,2.0,0.0,9,5,5,41.9546892413,-87.6449746442,POINT (-87.644974644209 41.954689241342)
3168ecd0007598ac97801b2032f597d6c9a510d4876c5f500e0b337e95409141280969c0937cd0169ec66d729d8c696dceb2e7f70f7a6ef6caa325a102c341c3,,05/12/2016 12:30:00 PM,30,NO CONTROLS,FUNCTIONING PROPERLY,CLEAR,DAYLIGHT,REAR END,NOT DIVIDED,2,STRAIGHT AND LEVEL,WET,NO DEFECTS,NOT ON SCENE (DESK REPORT),NO INJURY / DRIVE AWAY,,,,"$501 - $1,500",05/13/2016 11:45:00 AM,FAILING TO REDUCE SPEED TO AVOID CRASH,FAILING TO REDUCE SPEED TO AVOID CRASH,2004,W,CERMAK RD,1234.0,,,,,,,2,NO INDICATION OF INJURY,0.0,0.0,0.0,0.0,0.0,3.0,0.0,12,5,5,41.8522807687,-87.6761186253,POINT (-87.676118625329 41.85228076872)
8a4570acba13b61638af5aff15e7f8b529862a652c1100bb497a8d88cd6bc984b021730a994a442d060a8dd5808e915933afd28ed22078b9d3d5eb71b5d56669,,10/23/2022 08:25:00 PM,30,NO CONTROLS,NO CONTROLS,CLEAR,DARKNESS,PARKED MOTOR VEHICLE,OTHER,,STRAIGHT AND LEVEL,DRY,OTHER,ON SCENE,NO INJURY / DRIVE AWAY,,,,"$501 - $1,500",10/23/2022 08:25:00 PM,DISTRACTION - FROM INSIDE VEHICLE,DISTRACTION - FROM INSIDE VEHICLE,5959,W,MONTROSE AVE,1624.0,,,,,,,2,NO INDICATION OF INJURY,0.0,0.0,0.0,0.0,0.0,2.0,0.0,20,1,10,41.960242504,-87.7769558962,POINT (-87.776955896207 41.960242503969)
520469b32119ae7c8e9a3a74571db3db8013f5f7acc49caa821a0382b2cf4e289dff536e7e020f47d37b9713b1dacbef5f1776e47b9ef21acd5249dd91549bbc,,05/15/2021 07:30:00 AM,30,TRAFFIC SIGNAL,FUNCTIONING PROPERLY,CLEAR,DAWN,PARKED MOTOR VEHICLE,DIVIDED - W/MEDIAN BARRIER,,STRAIGHT AND LEVEL,DRY,NO DEFECTS,ON SCENE,INJURY AND / OR TOW DUE TO CRASH,,,Y,"OVER $1,500",05/15/2021 09:37:00 AM,UNABLE TO DETERMINE,UNABLE TO DETERMINE,805,S,INDEPENDENCE BLVD,1133.0,,,,,,,3,NO INDICATION OF INJURY,0.0,0.0,0.0,0.0,0.0,1.0,0.0,7,7,5,41.8706240354,-87.719524826,POINT (-87.719524826016 41.870624035363)
f35000e2c432c9aabed4b300841de9fc864e970b83b651da48994b279f899c517aed84e1e3f25037df14ba605003648ecee538762d419c319a958b1e8bc612a6,,10/31/2016 11:52:00 AM,30,STOP SIGN/FLASHER,FUNCTIONING PROPERLY,CLEAR,DAYLIGHT,REAR END,ONE-WAY,1,STRAIGHT AND LEVEL,DRY,NO DEFECTS,NOT ON SCENE (DESK REPORT),NO INJURY / DRIVE AWAY,,,,"$501 - $1,500",10/31/2016 12:25:00 PM,FOLLOWING TOO CLOSELY,UNABLE TO DETERMINE,162,E,SUPERIOR ST,1833.0,,,,,,,2,NO INDICATION OF INJURY,0.0,0.0,0.0,0.0,0.0,3.0,0.0,11,2,10,41.8958638336,-87.6231742082,POINT (-87.623174208195 41.895863833634)
ffd88ad029d3269e90cb27804414985f419de20b4137c6eec9f221e7925c8f64b253b3440f320cd09a575ed5163bb687ca3553b4c39edb385dd1146c3b707af8,N,06/14/2022 01:45:00 PM,30,NO CONTROLS,NO CONTROLS,CLEAR,DAYLIGHT,TURNING,OTHER,,STRAIGHT AND LEVEL,DRY,NO DEFECTS,ON SCENE,INJURY AND / OR TOW DUE TO CRASH,,,,"OVER $1,500",06/14/2022 01:49:00 PM,"VISION OBSCURED (SIGNS, TREE LIMBS, BUILDINGS, ETC.)",NOT APPLICABLE,1923,W,FOSTER AVE,2032.0,,,,,,,2,NO INDICATION OF INJURY,0.0,0.0,0.0,0.0,0.0,2.0,0.0,13,3,6,41.9759509907,-87.6773923437,POINT (-87.677392343663 41.975950990729)
2d9dd3e29208d8b81ea9fffcb04d6bb8547794e18f8bf7e52a70ef0ebabdf00cd97884cc9b80937b732991057c6081629db03ff41fec8f8ed76dbfbe0c3b719c,,05/24/2024 09:40:00 AM,30,NO CONTROLS,NO CONTROLS,CLEAR,DAYLIGHT,ANGLE,NOT DIVIDED,,STRAIGHT AND LEVEL,DRY,NO DEFECTS,ON SCENE,INJURY AND / OR TOW DUE TO CRASH,Y,,,"OVER $1,500",05/24/2024 09:45:00 AM,FAILING TO YIELD RIGHT-OF-WAY,NOT APPLICABLE,1798,W,BELMONT AVE,1922.0,,,,,,,2,"REPORTED, NOT EVIDENT",1.0,0.0,0.0,0.0,1.0,1.0,0.0,9,6,5,41.939743902,-87.6733252589,POINT (-87.67332525893 41.939743902006)
2a5fb1a1e3cdfacdcd13d2f6553fe3fa3b08fbedc64c5bbe7ad17f4ba9394dda4503077f84c92be1bfac6d329cdb3576b39c9d596b5721e5e275699bdcf71d4b,,07/27/2023 07:00:00 PM,30,TRAFFIC SIGNAL,FUNCTIONING PROPERLY,CLEAR,DAYLIGHT,REAR END,ONE-WAY,,STRAIGHT AND LEVEL,DRY,NO DEFECTS,,NO INJURY / DRIVE AWAY,Y,,,"OVER $1,500",07/27/2023 08:20:00 PM,FOLLOWING TOO CLOSELY,NOT APPLICABLE,100,N,KOSTNER AVE,1113.0,,,,,,,2,NO INDICATION OF INJURY,0.0,0.0,0.0,0.0,0.0,3.0,0.0,19,5,7,41.8819928235,-87.7356638923,POINT (-87.735663892302 41.88199282352)
e4d9a8ded4fa2893ec9b1d09d5e304af50cd4c4167f98ca62a776d01495b85da696a18745d6610ca1920d19f5310033022adde456759f539ca3ec9e864576a80,,11/25/2017 04:30:00 PM,30,NO CONTROLS,NO CONTROLS,CLEAR,DUSK,PARKED MOTOR VEHICLE,NOT DIVIDED,,STRAIGHT AND LEVEL,DRY,NO DEFECTS,NOT ON SCENE (DESK REPORT),NO INJURY / DRIVE AWAY,,,,"OVER $1,500",11/25/2017 04:45:00 PM,DRIVING SKILLS/KNOWLEDGE/EXPERIENCE,NOT APPLICABLE,5003,N,ASHLAND AVE,2032.0,,,,,,,2,NO INDICATION OF INJURY,0.0,0.0,0.0,0.0,0.0,1.0,0.0,16,7,11,41.9726205018,-87.6693956199,POINT (-87.669395619884 41.972620501756)
7c0904777ce06fd7924b2d32859bdc6bba4dc2d07411b508710897d3ae7bd6945d590c7f4c4088bd8e17bbdf27aad64ea4bfe6858ccd20a5728cd8cad714b9e7,,12/02/2015 07:45:00 AM,30,NO CONTROLS,NO CONTROLS,SNOW,DAYLIGHT,FIXED OBJECT,NOT DIVIDED,2,STRAIGHT AND LEVEL,DRY,"RUT, HOLES",NOT ON SCENE (DESK REPORT),NO INJURY / DRIVE AWAY,,,,$500 OR LESS,12/08/2015 04:55:00 PM,ROAD CONSTRUCTION/MAINTENANCE,NOT APPLICABLE,1301,S,KEDZIE AVE,1022.0,,,,,,,2,NO INDICATION OF INJURY,0.0,0.0,0.0,0.0,0.0,1.0,0.0,7,4,12,41.8644955183,-87.7054652044,POINT (-87.705465204434 41.864495518315)
88d45f834356fb16040290a649333baaa58b02e2cc935f2cbe959f75806d1201eb4ca43081e7d86fa3ac46418b9863896e01b8f85abcb11a6d7b828f5de9fc6f,,04/06/2025 10:30:00 PM,15,NO CONTROLS,NO CONTROLS,UNKNOWN,DARKNESS,PARKED MOTOR VEHICLE,PARKING LOT,,STRAIGHT AND LEVEL,UNKNOWN,UNKNOWN,NOT ON SCENE (DESK REPORT),NO INJURY / DRIVE AWAY,,,,"OVER $1,500",04/10/2025 07:30:00 AM,UNABLE TO DETERMINE,UNABLE TO DETERMINE,3515,S,COTTAGE GROVE AVE,212.0,,,,,,,2,NO INDICATION OF INJURY,0.0,0.0,0.0,0.0,0.0,1.0,0.0,22,1,4,41.8307766486,-87.6102555972,POINT (-87.610255597203 41.830776648572)
5e0c1b0658ee6ed2d6555ef2646f4ecb97c8e6f6f2a9766e463c57c230657dc9ef2151640c09c7ec3e362b3d8d8beef037378933af5d116b1b4a24593a686bbd,,08/03/2023 11:45:00 AM,30,NO CONTROLS,NO CONTROLS,CLEAR,DAYLIGHT,PARKED MOTOR VEHICLE,NOT DIVIDED,,STRAIGHT AND LEVEL,DRY,NO DEFECTS,NOT ON SCENE (DESK REPORT),NO INJURY / DRIVE AWAY,,,,"OVER $1,500",08/03/2023 01:30:00 PM,UNABLE TO DETERMINE,NOT APPLICABLE,65,E,43RD ST,215.0,,,,,,,2,NO INDICATION OF INJURY,0.0,0.0,0.0,0.0,0.0,1.0,0.0,11,5,8,41.8164192703,-87.6236573348,POINT (-87.623657334838 41.816419270339)
19a8b868eaa73dd4fc7e517d08f46ad098d1ee5400381fa982b7ecc91dad322468c73e08fbd086b0d56962d82c5663d4d08934e4f47c80b950992ec928887330,,07/31/2021 09:40:00 PM,30,TRAFFIC SIGNAL,FUNCTIONING PROPERLY,UNKNOWN,"DARKNESS, LIGHTED ROAD",REAR END,ONE-WAY,,STRAIGHT AND LEVEL,UNKNOWN,UNKNOWN,NOT ON SCENE (DESK REPORT),NO INJURY / DRIVE AWAY,Y,,Y,"$501 - $1,500",07/31/2021 11:14:00 PM,FOLLOWING TOO CLOSELY,FOLLOWING TOO CLOSELY,1568,W,CONGRESS PKWY,1231.0,,,,,,,2,NO INDICATION OF INJURY,0.0,0.0,0.0,0.0,0.0,3.0,0.0,21,7,7,41.875287507,-87.6666027348,POINT (-87.666602734801 41.875287507022)