CRASH_RECORD_ID,CRASH_DATE_EST_I,CRASH_DATE,POSTED_SPEED_LIMIT,TRAFFIC_CONTROL_DEVICE,DEVICE_CONDITION,WEATHER_CONDITION,LIGHTING_CONDITION,FIRST_CRASH_TYPE,TRAFFICWAY_TYPE,LANE_CNT,ALIGNMENT,ROADWAY_SURFACE_COND,ROAD_DEFECT,REPORT_TYPE,CRASH_TYPE,INTERSECTION_RELATED_I,NOT_RIGHT_OF_WAY_I,HIT_AND_RUN_I,DAMAGE,DATE_POLICE_NOTIFIED,PRIM_CONTRIBUTORY_CAUSE,SEC_CONTRIBUTORY_CAUSE,STREET_NO,STREET_DIRECTION,STREET_NAME,BEAT_OF_OCCURRENCE,PHOTOS_TAKEN_I,STATEMENTS_TAKEN_I,DOORING_I,WORK_ZONE_I,WORK_ZONE_TYPE,WORKERS_PRESENT_I,NUM_UNITS,MOST_SEVERE_INJURY,INJURIES_TOTAL,INJURIES_FATAL,INJURIES_INCAPACITATING,INJURIES_NON_INCAPACITATING,INJURIES_REPORTED_NOT_EVIDENT,INJURIES_NO_INDICATION,INJURIES_UNKNOWN,CRASH_HOUR,CRASH_DAY_OF_WEEK,CRASH_MONTH,LATITUDE,LONGITUDE,LOCATION
f01e3957f87e289366a26222e054ab40e12ee657051f30fdc3b33e773e400641b4ced04ee03ab2834ee6dfe4ff4ef89fdb4266262e44eb1fe9e8b5700d122045,,09/06/2017 08:00:00 AM,30,TRAFFIC SIGNAL,FUNCTIONING PROPERLY,CLEAR,DAYLIGHT,TURNING,NOT DIVIDED,2,STRAIGHT AND LEVEL,DRY,NO DEFECTS,ON SCENE,NO INJURY / DRIVE AWAY,Y,,Y,$500 OR LESS,09/06/2017 08:05:00 AM,FOLLOWING TOO CLOSELY,FOLLOWING TOO CLOSELY,4200,W,WASHINGTON BLVD,1114.0,,,,,,,2,NO INDICATION OF INJURY,0.0,0.0,0.0,0.0,0.0,6.0,0.0,8,4,9,41.8820937692,-87.7307403401,POINT (-87.730740340079 41.882093769227)
c95f0598ca5b732a407b4ab9ce6b6a33a109978e1ebfb95304260dae520f46e730ed0d3394b99cae8f2ff9cd1cf834e3127705a08a849d34065b845129c5e491,,09/09/2017 11:25:00 AM,30,NO CONTROLS,NO CONTROLS,CLEAR,DAYLIGHT,REAR END,NOT DIVIDED,,STRAIGHT AND LEVEL,DRY,NO DEFECTS,NOT ON SCENE (DESK REPORT),NO INJURY / DRIVE AWAY,,,,"OVER $1,500",09/09/2017 12:17:00 PM,FOLLOWING TOO CLOSELY,FOLLOWING TOO CLOSELY,2300,S,WESTERN AVE,1034.0,,,,,,,2,NO INDICATION OF INJURY,0.0,0.0,0.0,0.0,0.0,2.0,0.0,11,7,9,41.8501660529,-87.6857333914,POINT (-87.685733391395 41.850166052914)
0ced3903b696a9f40e6fa4418cc2d5e4f5e03fc836432b0893dd073160696478ae3b57b14ca27fb4f76c83aabd962794bd30f1407b9b942fcb8800438275f07b,,04/20/2019 04:05:00 PM,30,TRAFFIC SIGNAL,FUNCTIONING PROPERLY,CLEAR,DAYLIGHT,ANGLE,NOT DIVIDED,,STRAIGHT AND LEVEL,DRY,NO DEFECTS,NOT ON SCENE (DESK REPORT),NO INJURY / DRIVE AWAY,,,,"$501 - $1,500",04/20/2019 04:17:00 PM,FAILING TO YIELD RIGHT-OF-WAY,NOT APPLICABLE,2800,N,CENTRAL AVE,2514.0,,,,,,,2,NO INDICATION OF INJURY,0.0,0.0,0.0,0.0,0.0,2.0,0.0,16,7,4,41.9313655524,-87.7663965288,POINT (-87.766396528792 41.931365552363)
732a2eb1f887da2e0cf1fcbe59ac0f71bdc99f439e0d089640f0d2df9d659a8f38b9a85797b8523d44edcd28f7f6311db2d5338b2ac876331007bff5c5535cbc,,07/12/2025 10:45:00 PM,25,TRAFFIC SIGNAL,UNKNOWN,CLEAR,"DARKNESS, LIGHTED ROAD",PARKED MOTOR VEHICLE,FOUR WAY,,STRAIGHT AND LEVEL,DRY,NO DEFECTS,NOT ON SCENE (DESK REPORT),NO INJURY / DRIVE AWAY,,,,"OVER $1,500",07/12/2025 11:00:00 PM,UNABLE TO DETERMINE,NOT APPLICABLE,1799,W,GREENLEAF AVE,2424.0,,,,,,,2,NO INDICATION OF INJURY,0.0,0.0,0.0,0.0,0.0,1.0,0.0,22,7,7,42.0100606814,-87.6759706082,POINT (-87.675970608217 42.010060681394)
f5bb40920808dabf77b7cfba51e5f57c681d0e493da07c108d7c36cbd0981472502598cca32360ecf8d721c45ba20202ecdd452990cc02e7f194a22351220907,Y,03/15/2018 12:00:00 PM,30,TRAFFIC SIGNAL,FUNCTIONING PROPERLY,CLEAR,DAYLIGHT,REAR END,NOT DIVIDED,2,STRAIGHT AND LEVEL,DRY,UNKNOWN,NOT ON SCENE (DESK REPORT),NO INJURY / DRIVE AWAY,Y,,,"$501 - $1,500",03/15/2018 02:45:00 PM,UNABLE TO DETERMINE,UNABLE TO DETERMINE,6000,S,STONY ISLAND AVE,314.0,,,,,,,2,NO INDICATION OF INJURY,0.0,0.0,0.0,0.0,0.0,6.0,0.0,12,5,3,41.7860247351,-87.5867384664,POINT (-87.586738466448 41.786024735096)
2c1e23c6c47ccbde210d8e0edecac285480606a1d0c111e983f2515815bdf5434d29ec6be0c3fc3f26639e7657cd9f8f29ee5b56e9fbf0ddcd9a2a46fd275a7e,,12/13/2021 04:50:00 PM,30,NO CONTROLS,NO CONTROLS,CLEAR,"DARKNESS, LIGHTED ROAD",PARKED MOTOR VEHICLE,ONE-WAY,,STRAIGHT AND LEVEL,DRY,NO DEFECTS,ON SCENE,NO INJURY / DRIVE AWAY,,,,"OVER $1,500",12/13/2021 04:55:00 PM,UNABLE TO DETERMINE,UNABLE TO DETERMINE,3958,N,FREMONT ST,1923.0,,,,,,,2,NO INDICATION OF INJURY,0.0,0.0,0.0,0.0,0.0,1.0,0.0,16,2,12,41.9544745399,-87.6522689882,POINT (-87.652268988183 41.954474539874)
e6dd33d1b242a50c223e9411451bbc3699583f58ff6d5487ac4b1b4e76920dd2f979927c549e8913db89a35f44734a16526b440fa10f80fe31a71ba218f16bea,,01/25/2016 07:00:00 PM,30,NO CONTROLS,NO CONTROLS,RAIN,"DARKNESS, LIGHTED ROAD",OTHER OBJECT,DIVIDED - W/MEDIAN (NOT RAISED),4,STRAIGHT AND LEVEL,WET,"RUT, HOLES",NOT ON SCENE (DESK REPORT),NO INJURY / DRIVE AWAY,,,,$500 OR LESS,02/03/2016 07:30:00 PM,WEATHER,UNABLE TO DETERMINE,1497,W,DIVISION ST,1213.0,,,,,,,1,NO INDICATION OF INJURY,0.0,0.0,0.0,0.0,0.0,1.0,0.0,19,2,1,41.9032632756,-87.6649817632,POINT (-87.664981763163 41.903263275596)
1f2e0ba81a6789451b6e7790b6bf53f0c070e47eb932424276eb4151cc9082650181efc09ec0bbeb3bd2732767f53e3e9a03aeba80a0dc610c015f713c32db4b,,01/18/2021 04:50:00 PM,30,TRAFFIC SIGNAL,FUNCTIONING PROPERLY,CLEAR,DAYLIGHT,REAR END,DIVIDED - W/MEDIAN (NOT RAISED),,STRAIGHT AND LEVEL,DRY,NO DEFECTS,NOT ON SCENE (DESK REPORT),NO INJURY / DRIVE AWAY,Y,,,"$501 - $1,500",01/19/2021 11:45:00 AM,FOLLOWING TOO CLOSELY,UNABLE TO DETERMINE,632,N,FAIRBANKS CT,1834.0,,,,,,,2,NO INDICATION OF INJURY,0.0,0.0,0.0,0.0,0.0,2.0,0.0,16,2,1,41.8935886606,-87.6204235059,POINT (-87.620423505912 41.893588660572)
08c8056bccb09c1724af674df217da3c0cc1c11c4156e5b1cf605776c096fdcb9b480f6d17659f6f960867c05789c849f7f1ce416e48272a5857713cbbb224b2,,10/08/2021 10:30:00 PM,30,NO CONTROLS,NO CONTROLS,CLEAR,"DARKNESS, LIGHTED ROAD",SIDESWIPE SAME DIRECTION,NOT DIVIDED,,STRAIGHT AND LEVEL,DRY,NO DEFECTS,NOT ON SCENE (DESK REPORT),INJURY AND / OR TOW DUE TO CRASH,,,Y,"OVER $1,500",10/09/2021 12:30:00 PM,IMPROPER OVERTAKING/PASSING,NOT APPLICABLE,844,W,61ST ST,712.0,,,,,,,2,NONINCAPACITATING INJURY,3.0,0.0,0.0,3.0,0.0,2.0,0.0,22,6,10,41.783468379,-87.6467054877,POINT (-87.646705487695 41.783468379044)
c03eb8049d92c0904f95f5b454ae39e37767e10e8cf00b82bcc2addca7d4a675dcebfe26d3296f0ff719e9e9f7fe78dd141edca87518776a5ac5b420c43b912f,,12/08/2024 07:25:00 PM,30,NO CONTROLS,NO CONTROLS,CLEAR,"DARKNESS, LIGHTED ROAD",SIDESWIPE SAME DIRECTION,ONE-WAY,,STRAIGHT AND LEVEL,DRY,NO DEFECTS,NOT ON SCENE (DESK REPORT),NO INJURY / DRIVE AWAY,,,Y,"OVER $1,500",12/08/2024 07:25:00 PM,UNABLE TO DETERMINE,UNABLE TO DETERMINE,8830,S,ST LAWRENCE AVE,632.0,,,,,,,2,NO INDICATION OF INJURY,0.0,0.0,0.0,0.0,0.0,2.0,0.0,19,1,12,41.7338812275,-87.609752429,POINT (-87.609752429031 41.733881227468)
f8073b8b4352944cfb32ab28d11759ce2806dc10ae80b9dd5e17a1b7cfce124c1451127421f6081a554287d69efb139144c33bcf5685ba0fc2e40313985136cf,,02/06/2025 08:40:00 AM,25,STOP SIGN/FLASHER,NO CONTROLS,FREEZING RAIN/DRIZZLE,DAYLIGHT,PARKED MOTOR VEHICLE,NOT DIVIDED,,STRAIGHT AND LEVEL,ICE,NO DEFECTS,ON SCENE,NO INJURY / DRIVE AWAY,,,,"$501 - $1,500",02/06/2025 08:48:00 AM,WEATHER,UNABLE TO DETERMINE,1628,W,SUNNYSIDE AVE,1912.0,,,,,,,3,NO INDICATION OF INJURY,0.0,0.0,0.0,0.0,0.0,2.0,0.0,8,5,2,41.9635064083,-87.6705573666,POINT (-87.670557366557 41.963506408322)
f637b3011c08c962725c35461f07304576098a2135320003e628e535ab92de4fcf05bc62e2f061d5f34911506661ef6c792f74a4a7aa2172c5b4b7e04f224484,,11/10/2019 04:30:00 AM,30,NO CONTROLS,NO CONTROLS,CLEAR,DARKNESS,PARKED MOTOR VEHICLE,NOT DIVIDED,,STRAIGHT AND LEVEL,DRY,UNKNOWN,NOT ON SCENE (DESK REPORT),NO INJURY / DRIVE AWAY,,,Y,"OVER $1,500",11/15/2019 04:30:00 PM,UNABLE TO DETERMINE,UNABLE TO DETERMINE,2930,W,HARRISON ST,1135.0,,,,,,,2,NO INDICATION OF INJURY,0.0,0.0,0.0,0.0,0.0,1.0,0.0,4,1,11,41.8738685984,-87.6998246206,POINT (-87.699824620593 41.873868598375)
dd735485f7242242eaf0e31e8e3910400ae7447bcb91333507e5a88bea3bbb90990f6ae9c5af18470592eac730cd4af3e7dd3a5acac6fae7eef52561d386bd15,Y,03/29/2021 12:30:00 AM,30,STOP SIGN/FLASHER,FUNCTIONING PROPERLY,CLEAR,"DARKNESS, LIGHTED ROAD",TURNING,DIVIDED - W/MEDIAN (NOT RAISED),,STRAIGHT AND LEVEL,DRY,NO DEFECTS,ON SCENE,INJURY AND / OR TOW DUE TO CRASH,N,,,"OVER $1,500",03/29/2021 12:35:00 AM,FAILING TO YIELD RIGHT-OF-WAY,FAILING TO YIELD RIGHT-OF-WAY,3700,W,CHICAGO AVE,1112.0,,,,,,,2,NO INDICATION OF INJURY,0.0,0.0,0.0,0.0,0.0,2.0,0.0,0,2,3,41.8955460168,-87.7188178665,POINT (-87.718817866506 41.895546016786)
6c10c8d7cbb397bd955e813b9a445faeaf6613c95d2918ef105fc260aca685fac4ccb51f54c01ecc2c016c57a11cf6ed631c2cfbeec7440cf5ac82b2a7504874,,05/26/2024 02:20:00 AM,30,NO CONTROLS,NO CONTROLS,CLEAR,"DARKNESS, LIGHTED ROAD",PARKED MOTOR VEHICLE,NOT DIVIDED,,STRAIGHT AND LEVEL,DRY,NO DEFECTS,ON SCENE,INJURY AND / OR TOW DUE TO CRASH,,,,"OVER $1,500",05/26/2024 02:50:00 AM,NOT APPLICABLE,NOT APPLICABLE,920,W,76TH ST,621.0,,,,,,,2,NO INDICATION OF INJURY,0.0,0.0,0.0,0.0,0.0,1.0,0.0,2,1,5,41.7561625562,-87.6475110881,POINT (-87.647511088076 41.756162556238)
5a665306e12b326baac72d90b39b3dfc2c92cd55e1d21756f17ec7b80ab0cd128fcdb4f9d1f3c594fc785d02cf0579667e867daecf63768407a0d37cfa001ca6,,01/05/2017 11:15:00 PM,30,NO CONTROLS,NO CONTROLS,CLEAR,"DARKNESS, LIGHTED ROAD",SIDESWIPE SAME DIRECTION,DIVIDED - W/MEDIAN BARRIER,4,STRAIGHT AND LEVEL,DRY,NO DEFECTS,NOT ON SCENE (DESK REPORT),NO INJURY / DRIVE AWAY,,,,"OVER $1,500",01/06/2017 03:35:00 PM,IMPROPER OVERTAKING/PASSING,NOT APPLICABLE,423,W,87TH ST,2223.0,,,,,,,2,NO INDICATION OF INJURY,0.0,0.0,0.0,0.0,0.0,2.0,0.0,23,5,1,41.7358075804,-87.6348579676,POINT (-87.634857967618 41.735807580441)
c47da5c25729749b8b24732df81f488ba532128ab884f61878f2e9ad854b026ae69e7475b14b0a60df271d1e09742bd020d01afa28bd218b2bfffa5cb0e1e95f,,03/30/2021 01:45:00 AM,30,STOP SIGN/FLASHER,FUNCTIONING PROPERLY,CLEAR,"DARKNESS, LIGHTED ROAD",REAR END,NOT DIVIDED,,STRAIGHT AND LEVEL,DRY,NO DEFECTS,NOT ON SCENE (DESK REPORT),NO INJURY / DRIVE AWAY,,,,"OVER $1,500",03/30/2021 03:00:00 AM,FOLLOWING TOO CLOSELY,UNABLE TO DETERMINE,3100,N,MILWAUKEE AVE,2523.0,,,,,,,2,NO INDICATION OF INJURY,0.0,0.0,0.0,0.0,0.0,2.0,0.0,1,3,3,41.9373834345,-87.7212703177,POINT (-87.721270317719 41.937383434466)
2afd7ec54eb3c87b16d9e30cdedd90e7b765c6c478b1c92052d480d2946ebcf752d433540c17e66b93b0061ab123d6c2e8af4c1a17a8629197ba3a372400c734,,09/01/2021 09:00:00 PM,20,NO CONTROLS,NO CONTROLS,CLEAR,DARKNESS,PARKED MOTOR VEHICLE,NOT DIVIDED,,STRAIGHT AND LEVEL,DRY,NO DEFECTS,ON SCENE,NO INJURY / DRIVE AWAY,,,Y,$500 OR LESS,09/01/2021 09:14:00 PM,UNABLE TO DETERMINE,NOT APPLICABLE,1843,W,ESTES AVE,2424.0,,,,,,,2,NO INDICATION OF INJURY,0.0,0.0,0.0,0.0,0.0,1.0,0.0,21,4,9,42.0112449266,-87.6776097085,POINT (-87.677609708474 42.011244926619)
5741616fb54c5c90161c92a12d4233e97e8c2d8c8188cfda503d926bcde5457fec337c529a80db95dd9b71ee318a7ff37f983ee38fb7951e8fdc49d7292e1fad,,07/07/2025 04:55:00 PM,20,TRAFFIC SIGNAL,FUNCTIONING PROPERLY,CLEAR,DAYLIGHT,REAR END,NOT DIVIDED,,STRAIGHT AND LEVEL,DRY,NO DEFECTS,NOT ON SCENE (DESK REPORT),NO INJURY / DRIVE AWAY,,,,"OVER $1,500",07/07/2025 06:35:00 PM,UNABLE TO DETERMINE,NOT APPLICABLE,3045,W,26TH ST,1033.0,,,,,,,2,NO INDICATION OF INJURY,0.0,0.0,0.0,0.0,0.0,2.0,0.0,16,2,7,41.8444692529,-87.7019302145,POINT (-87.701930214473 41.844469252871)
a533eb263244341957b29a5324d8e7b362373431073d680e1b7edb1c72394e93263938172d60cf54d02181a9fd5896fb07f1fbabc010d31fb7d30a953045706e,,07/18/2022 02:00:00 PM,30,NO CONTROLS,NO CONTROLS,CLEAR,DAYLIGHT,TURNING,PARKING LOT,,STRAIGHT AND LEVEL,DRY,NO DEFECTS,NOT ON SCENE (DESK REPORT),NO INJURY / DRIVE AWAY,,Y,,"OVER $1,500",07/18/2022 04:00:00 PM,UNABLE TO DETERMINE,NOT APPLICABLE,3500,N,KIMBALL AVE,1732.0,,,,,,,2,NO INDICATION OF INJURY,0.0,0.0,0.0,0.0,0.0,2.0,0.0,14,2,7,41.9448810738,-87.7128050888,POINT (-87.712805088759 41.944881073845)
673a1623ec5dc0a21e25dd7dd46232fd65aaa32cab57951f8af3556f750efbbedd648d3c8ec6a1247863c278118bf750f44de68b0a7d3787b262b88462a9ae77,,11/09/2017 03:53:00 PM,30,NO CONTROLS,NO CONTROLS,CLEAR,DAYLIGHT,TURNING,NOT DIVIDED,4,STRAIGHT AND LEVEL,DRY,NO DEFECTS,ON SCENE,INJURY AND / OR TOW DUE TO CRASH,Y,,,"OVER $1,500",11/09/2017 03:57:00 PM,FAILING TO YIELD RIGHT-OF-WAY,NOT APPLICABLE,5600,S,PULASKI RD,813.0,,,,,,,2,NO INDICATION OF INJURY,0.0,0.0,0.0,0.0,0.0,5.0,0.0,15,5,11,41.7913494237,-87.723255323,POINT (-87.723255322969 41.791349423725)
10b423d1e2b4f6b0bc627463bcf5f9afa85f87ec38c32429df905e95032c623d2b2915f835dd713a3b7f5e6688e795f587e89cf7feea99c859ce7e5a663ab1ad,,04/07/2018 02:37:00 PM,30,TRAFFIC SIGNAL,FUNCTIONING PROPERLY,CLEAR,DAYLIGHT,PEDESTRIAN,DIVIDED - W/MEDIAN BARRIER,0,STRAIGHT AND LEVEL,DRY,NO DEFECTS,ON SCENE,INJURY AND / OR TOW DUE TO CRASH,Y,,,"OVER $1,500",04/07/2018 02:38:00 PM,DISREGARDING TRAFFIC SIGNALS,NOT APPLICABLE,1,E,31ST ST,211.0,,,,,,,2,NONINCAPACITATING INJURY,1.0,0.0,0.0,1.0,0.0,1.0,0.0,14,7,4,41.8381934699,-87.62655405,POINT (-87.626554049986 41.838193469891)
fccdaa92cc97a2e935684ee0eeea103db0a6dce6f5d993c8f5d3a4297172d72e2d5f9391c4390d6c203ec4ba8a8f0a9883985ced5655a8594a75b9d630242404,,05/25/2022 02:10:00 PM,25,NO CONTROLS,NO CONTROLS,CLEAR,DAYLIGHT,FIXED OBJECT,DIVIDED - W/MEDIAN BARRIER,,STRAIGHT AND LEVEL,DRY,NO DEFECTS,ON SCENE,INJURY AND / OR TOW DUE TO CRASH,,,,"OVER $1,500",05/25/2022 02:10:00 PM,UNABLE TO DETERMINE,UNABLE TO DETERMINE,458,E,111TH ST,513.0,,,,,,,1,NO INDICATION OF INJURY,0.0,0.0,0.0,0.0,0.0,1.0,0.0,14,4,5,41.6928707298,-87.6111232112,POINT (-87.611123211175 41.692870729801)
680c72f6d4e282aa7917355902954e4ea9dff30008b15ba3814cb247634e53683dcd2e63e3747b7d126e3c954dc6a96a31f5c5558c22cff6f520eb926c49e995,,10/16/2021 04:00:00 PM,30,TRAFFIC SIGNAL,FUNCTIONING PROPERLY,CLEAR,DAYLIGHT,TURNING,NOT DIVIDED,,STRAIGHT AND LEVEL,DRY,NO DEFECTS,ON SCENE,NO INJURY / DRIVE AWAY,,,Y,"OVER $1,500",10/16/2021 04:55:00 PM,DISREGARDING TRAFFIC SIGNALS,UNABLE TO DETERMINE,2256,W,NORTH AVE,1434.0,,,,,,,2,NO INDICATION OF INJURY,0.0,0.0,0.0,0.0,0.0,2.0,0.0,16,7,10,41.9104690676,-87.6846394588,POINT (-87.684639458829 41.910469067577)
5e51f135a6017143d7deddfabb28f2e302115464862d72f443724a28eca46a6cae375b8fd2371389dbfecab094249f6ec4c4fee66e5b07515b27e4652fd73bae,,01/19/2021 11:00:00 PM,30,NO CONTROLS,NO CONTROLS,SNOW,"DARKNESS, LIGHTED ROAD",REAR TO SIDE,PARKING LOT,,STRAIGHT AND LEVEL,SNOW OR SLUSH,NO DEFECTS,NOT ON SCENE (DESK REPORT),NO INJURY / DRIVE AWAY,,,,"OVER $1,500",01/19/2021 11:20:00 PM,WEATHER,NOT APPLICABLE,5050,N,CICERO AVE,1621.0,,,,,,,2,NO INDICATION OF INJURY,0.0,0.0,0.0,0.0,0.0,2.0,0.0,23,3,1,41.9729082412,-87.7480617787,POINT (-87.748061778708 41.972908241236)
cb7268d72cb1bb60b345a934b65be18d4c548fbc4c20af5cd526e56b58522aaa91625219b564765636a3a8c3d03633ca659d869ea8a2333b381481a03b73c5f8,,02/21/2024 09:57:00 PM,30,NO CONTROLS,NO CONTROLS,CLEAR,"DARKNESS, LIGHTED ROAD",TURNING,NOT DIVIDED,,STRAIGHT AND LEVEL,DRY,NO DEFECTS,ON SCENE,INJURY AND / OR TOW DUE TO CRASH,Y,,,"OVER $1,500",02/21/2024 10:00:00 PM,FAILING TO REDUCE SPEED TO AVOID CRASH,NOT APPLICABLE,3034,N,PULASKI RD,2523.0,,,,,,,2,NONINCAPACITATING INJURY,1.0,0.0,0.0,1.0,0.0,2.0,0.0,21,4,2,41.9364575782,-87.7272565349,POINT (-87.727256534862 41.936457578192)
0947c53466c5cda60bf73181f4b3cf99e9a814dc60a3c8b0417591fcd1cfaa234c6dc1298dddbd6055ce6737b1c24bd264935e76c1eebef790fabc8a200cb3c1,,01/27/2018 06:00:00 PM,30,TRAFFIC SIGNAL,FUNCTIONING PROPERLY,CLEAR,"DARKNESS, LIGHTED ROAD",SIDESWIPE SAME DIRECTION,ONE-WAY,3,STRAIGHT AND LEVEL,DRY,NO DEFECTS,ON SCENE,NO INJURY / DRIVE AWAY,,,,"OVER $1,500",01/27/2018 06:15:00 PM,UNABLE TO DETERMINE,MOTORCYCLE ADVANCING LEGALLY ON RED LIGHT,426,N,DEARBORN ST,1831.0,,,,,,,2,NO INDICATION OF INJURY,0.0,0.0,0.0,0.0,0.0,2.0,0.0,18,7,1,41.8899965719,-87.6297525086,POINT (-87.629752508556 41.88999657187)
aadd7be10bba4080adc715840993a662c7bcfdef930cdbc91179b2db8698214e0f02500d7f1ef24acc38b0fe38e38325599588bd83549a0b64197265005ce3be,,10/29/2022 12:30:00 PM,30,NO CONTROLS,NO CONTROLS,CLEAR,DAYLIGHT,TURNING,NOT DIVIDED,,STRAIGHT AND LEVEL,DRY,NO DEFECTS,NOT ON SCENE (DESK REPORT),INJURY AND / OR TOW DUE TO CRASH,,,Y,"OVER $1,500",10/29/2022 01:00:00 PM,FAILING TO YIELD RIGHT-OF-WAY,NOT APPLICABLE,1600,W,ROOSEVELT RD,1231.0,,,,,,,2,"REPORTED, NOT EVIDENT",1.0,0.0,0.0,0.0,1.0,3.0,0.0,12,7,10,41.8669711164,-87.6665097438,POINT (-87.666509743796 41.86697111645)
e2ee9c8acef1e2bda4a55cb5c08d733511e36e356c939ebeeae694a81f2a54abf77e4385efb24047a45ce509206b3ef70f377e8fbf1320ce94d584c4a5e953ac,,01/16/2017 03:57:00 AM,30,NO CONTROLS,NO CONTROLS,CLEAR,"DARKNESS, LIGHTED ROAD",SIDESWIPE SAME DIRECTION,DIVIDED - W/MEDIAN (NOT RAISED),4,STRAIGHT AND LEVEL,DRY,NO DEFECTS,NOT ON SCENE (DESK REPORT),NO INJURY / DRIVE AWAY,,,,"OVER $1,500",01/16/2017 04:45:00 PM,IMPROPER OVERTAKING/PASSING,NOT APPLICABLE,1101,N,LA SALLE DR,1824.0,,,,,,,2,NO INDICATION OF INJURY,0.0,0.0,0.0,0.0,0.0,2.0,0.0,3,2,1,41.9018912261,-87.6327112985,POINT (-87.632711298455 41.901891226091)
508b508f1e21f22e887fb60a1471b5cc4fb293e0d131267eadbf9032177dfd7829f104e3d34dd72bba0aaf7fcd8c6d1a48d305882299d3633fb26370f7ff4735,,12/19/2018 03:45:00 PM,30,NO CONTROLS,NO CONTROLS,CLOUDY/OVERCAST,DUSK,PARKED MOTOR VEHICLE,NOT DIVIDED,,STRAIGHT AND LEVEL,DRY,UNKNOWN,NOT ON SCENE (DESK REPORT),NO INJURY / DRIVE AWAY,,,Y,"$501 - $1,500",12/19/2018 04:49:00 PM,UNABLE TO DETERMINE,UNABLE TO DETERMINE,5754,S,CAMPBELL AVE,824.0,,,,,,,2,NO INDICATION OF INJURY,0.0,0.0,0.0,0.0,0.0,1.0,0.0,15,4,12,41.7885551948,-87.6864817307,POINT (-87.686481730666 41.788555194782)
82edaee047a609e770cda13c39f5ddcb6fa7f1d131917a00c6d77a1d702c05b4aa2cb5e3dac9a4c1e974537d10936b55b443e5c4b45510b0e803f4c0c56c9c30,,09/25/2022 03:20:00 PM,30,STOP SIGN/FLASHER,OTHER,CLEAR,DAYLIGHT,REAR END,NOT DIVIDED,,STRAIGHT AND LEVEL,DRY,NO DEFECTS,NOT ON SCENE (DESK REPORT),NO INJURY / DRIVE AWAY,,,,"OVER $1,500",09/25/2022 05:30:00 PM,FOLLOWING TOO CLOSELY,NOT APPLICABLE,1124,W,TAYLOR ST,1232.0,,,,,,,2,NO INDICATION OF INJURY,0.0,0.0,0.0,0.0,0.0,2.0,0.0,15,1,9,41.8695505016,-87.6552049166,POINT (-87.65520491656 41.869550501628)
44c9f2d829665fb7c0e132e2faa244ca201f0f7b89803c63c60a6eafee846d2d2abf7d80787042ae85e4de156eb85cb343463b13a107800111f3e754f134e217,,07/31/2022 04:00:00 AM,30,UNKNOWN,UNKNOWN,CLEAR,DARKNESS,PARKED MOTOR VEHICLE,ONE-WAY,,STRAIGHT AND LEVEL,DRY,UNKNOWN,NOT ON SCENE (DESK REPORT),NO INJURY / DRIVE AWAY,,,,"$501 - $1,500",07/31/2022 10:55:00 AM,UNABLE TO DETERMINE,UNABLE TO DETERMINE,4316,W,27TH ST,1031.0,,,,,,,2,NO INDICATION OF INJURY,0.0,0.0,0.0,0.0,0.0,1.0,0.0,4,1,7,41.8424105287,-87.7325911762,POINT (-87.732591176182 41.842410528702)
ade1801e5c0a7aba2fabae9afcc903ab17824cf8e8f5fd8d0d5ac00f2e03f321665e1967b50d90801999425f1c3465544773bc565aa4c276745b7768b2304811,,03/30/2018 06:34:00 PM,30,STOP SIGN/FLASHER,FUNCTIONING PROPERLY,CLEAR,DUSK,TURNING,NOT DIVIDED,2,STRAIGHT AND LEVEL,DRY,NO DEFECTS,ON SCENE,INJURY AND / OR TOW DUE TO CRASH,,,,"OVER $1,500",03/30/2018 07:37:00 PM,FAILING TO YIELD RIGHT-OF-WAY,UNABLE TO DETERMINE,4031,N,DAMEN AVE,1912.0,,,,,,,2,NO INDICATION OF INJURY,0.0,0.0,0.0,0.0,0.0,2.0,0.0,18,6,3,41.9550717907,-87.6786338634,POINT (-87.678633863413 41.955071790679)
8a711f5fc6a2f90164f7b8a672176b2bbbf7bdee2ca1de6bf04dcd32a1e867eee40979e4fd878009506e4ecc7b0d1da860d1a9e6dde354c666e4e26fe811be94,,12/29/2018 11:47:00 PM,35,TRAFFIC SIGNAL,FUNCTIONING PROPERLY,SNOW,"DARKNESS, LIGHTED ROAD",PARKED MOTOR VEHICLE,DIVIDED - W/MEDIAN (NOT RAISED),,STRAIGHT AND LEVEL,ICE,NO DEFECTS,ON SCENE,INJURY AND / OR TOW DUE TO CRASH,,,,"OVER $1,500",12/29/2018 11:55:00 PM,WEATHER,ROAD ENGINEERING/SURFACE/MARKING DEFECTS,2621,W,CHICAGO AVE,1221.0,,,,,,,2,NO INDICATION OF INJURY,0.0,0.0,0.0,0.0,0.0,2.0,0.0,23,7,12,41.8955748274,-87.6926586629,POINT (-87.692658662851 41.895574827412)