CRASH_RECORD_ID,CRASH_DATE_EST_I,CRASH_DATE,POSTED_SPEED_LIMIT,TRAFFIC_CONTROL_DEVICE,DEVICE_CONDITION,WEATHER_CONDITION,LIGHTING_CONDITION,FIRST_CRASH_TYPE,TRAFFICWAY_TYPE,LANE_CNT,ALIGNMENT,ROADWAY_SURFACE_COND,ROAD_DEFECT,REPORT_TYPE,CRASH_TYPE,INTERSECTION_RELATED_I,NOT_RIGHT_OF_WAY_I,HIT_AND_RUN_I,DAMAGE,DATE_POLICE_NOTIFIED,PRIM_CONTRIBUTORY_CAUSE,SEC_CONTRIBUTORY_CAUSE,STREET_NO,STREET_DIRECTION,STREET_NAME,BEAT_OF_OCCURRENCE,PHOTOS_TAKEN_I,STATEMENTS_TAKEN_I,DOORING_I,WORK_ZONE_I,WORK_ZONE_TYPE,WORKERS_PRESENT_I,NUM_UNITS,MOST_SEVERE_INJURY,INJURIES_TOTAL,INJURIES_FATAL,INJURIES_INCAPACITATING,INJURIES_NON_INCAPACITATING,INJURIES_REPORTED_NOT_EVIDENT,INJURIES_NO_INDICATION,INJURIES_UNKNOWN,CRASH_HOUR,CRASH_DAY_OF_WEEK,CRASH_MONTH,LATITUDE,LONGITUDE,LOCATION
d6a319e22259f8221b99614a6d4e9f01854d18629ecb7ad0ab6370c3207670512f673b80a89c5d001f53c909c103f5dde98221d055311e2e2dbce1508a7887af,,03/23/2018 12:19:00 PM,30,TRAFFIC SIGNAL,NO CONTROLS,CLEAR,DAYLIGHT,SIDESWIPE SAME DIRECTION,ONE-WAY,,STRAIGHT AND LEVEL,DRY,NO DEFECTS,NOT ON SCENE (DESK REPORT),NO INJURY / DRIVE AWAY,,,,"OVER $1,500",03/23/2018 12:19:00 PM,FOLLOWING TOO CLOSELY,IMPROPER OVERTAKING/PASSING,165,N,CANAL ST,121.0,,,,,,,2,NO INDICATION OF INJURY,0.0,0.0,0.0,0.0,0.0,2.0,0.0,12,6,3,41.8850844376,-87.6396671641,POINT (-87.639667164077 41.885084437587)
0d1b387f5c477ff48dc8158c3f38c741eed56b5206eaae52d2ee7b26a23a72c68cf967a455040ba6beac1f38f277cb3b3071a2322038805bd8e71c84c022f22e,,11/15/2017 05:51:00 PM,35,TRAFFIC SIGNAL,FUNCTIONING PROPERLY,CLEAR,"DARKNESS, LIGHTED ROAD",ANGLE,DIVIDED - W/MEDIAN (NOT RAISED),,STRAIGHT AND LEVEL,DRY,NO DEFECTS,ON SCENE,INJURY AND / OR TOW DUE TO CRASH,Y,,,"OVER $1,500",11/15/2017 05:54:00 PM,UNABLE TO DETERMINE,UNABLE TO DETERMINE,6903,S,PULASKI RD,833.0,,,,,,,2,NO INDICATION OF INJURY,0.0,0.0,0.0,0.0,0.0,2.0,0.0,17,4,11,41.7676235248,-87.7223359243,POINT (-87.722335924334 41.767623524802)
11d576dee9bd26cb68718e2a418e62f61a22d68bbd1a06a8d03d6084cddf123c06bab3531f0a4de635716f67ee22e7e6e4362c7fd655f7a4d355482d427c6978,,10/15/2024 03:30:00 PM,30,UNKNOWN,UNKNOWN,CLEAR,DAYLIGHT,SIDESWIPE SAME DIRECTION,UNKNOWN,,STRAIGHT AND LEVEL,DRY,UNKNOWN,NOT ON SCENE (DESK REPORT),NO INJURY / DRIVE AWAY,,,Y,"OVER $1,500",10/15/2024 04:45:00 PM,UNABLE TO DETERMINE,UNABLE TO DETERMINE,5632,S,WELLS ST,711.0,,,,,,,2,NO INDICATION OF INJURY,0.0,0.0,0.0,0.0,0.0,3.0,0.0,15,3,10,41.7916554122,-87.631908735,POINT (-87.631908735022 41.791655412223)
03057cda5b76e4bfe0ea7b4803c10b1ac6049732c5405ecfdf4aa97b13e172d5071d986a59dba37637f941c9085db2d89a721cc6f3846803b240a30540b54c70,,12/11/2018 07:30:00 PM,30,TRAFFIC SIGNAL,FUNCTIONING PROPERLY,CLEAR,DARKNESS,REAR END,DIVIDED - W/MEDIAN (NOT RAISED),8,STRAIGHT AND LEVEL,DRY,NO DEFECTS,NOT ON SCENE (DESK REPORT),NO INJURY / DRIVE AWAY,,,N,"OVER $1,500",12/11/2018 08:38:00 PM,DISTRACTION - FROM INSIDE VEHICLE,NOT APPLICABLE,9600,S,STONY ISLAND AVE,511.0,,,,,,,2,NO INDICATION OF INJURY,0.0,0.0,0.0,0.0,0.0,2.0,0.0,19,3,12,41.720562412,-87.5853024057,POINT (-87.585302405672 41.720562412012)
2cdac4262c333d8695444acfcc2d5e18446b5831c7ee1a67216480c1ad4556dd49b2b8091d180d8d8edb35ff4b91452a8f97950cdebfccdae3c4677fa706ac7a,,11/11/2018 12:26:00 PM,30,NO CONTROLS,NO CONTROLS,CLEAR,DAYLIGHT,REAR END,DIVIDED - W/MEDIAN (NOT RAISED),1,STRAIGHT AND LEVEL,DRY,NO DEFECTS,ON SCENE,INJURY AND / OR TOW DUE TO CRASH,,,,"OVER $1,500",11/11/2018 12:30:00 PM,FOLLOWING TOO CLOSELY,FOLLOWING TOO CLOSELY,2031,W,ARMITAGE AVE,1434.0,,,,,,,2,NO INDICATION OF INJURY,0.0,0.0,0.0,0.0,0.0,4.0,0.0,12,1,11,41.917623357,-87.6788550011,POINT (-87.678855001098 41.917623356966)
621fb6ba2dd109757ac15cde0335977795465287e92b40e069214e46828fcbbb0166951cec40a3e14f0c75cdd76d9acdbc1be3fbc05c9c715c084fec80095c6d,,07/10/2021 05:00:00 AM,35,UNKNOWN,UNKNOWN,CLEAR,DAYLIGHT,REAR TO FRONT,NOT DIVIDED,,STRAIGHT AND LEVEL,DRY,UNKNOWN,ON SCENE,NO INJURY / DRIVE AWAY,,,Y,"OVER $1,500",07/10/2021 05:02:00 AM,IMPROPER BACKING,FAILING TO REDUCE SPEED TO AVOID CRASH,3833,W,LAWRENCE AVE,1723.0,,,,,,,2,NO INDICATION OF INJURY,0.0,0.0,0.0,0.0,0.0,2.0,0.0,5,7,7,41.9681702066,-87.7245221314,POINT (-87.724522131353 41.968170206558)
9c60550485f236b5651fa28405a329c71db3b8aaba9f5f664298df9c735f2e5606b99a04d0c465e5578e1cbdc283abb54bfb048c6b12afd27a323002b45f2b62,,05/15/2018 06:54:00 PM,30,NO CONTROLS,NO CONTROLS,CLEAR,DAYLIGHT,REAR END,NOT DIVIDED,,STRAIGHT AND LEVEL,DRY,NO DEFECTS,ON SCENE,NO INJURY / DRIVE AWAY,,,,"OVER $1,500",05/15/2018 06:55:00 PM,UNABLE TO DETERMINE,UNABLE TO DETERMINE,4132,W,BELMONT AVE,1731.0,,,,,,,3,NO INDICATION OF INJURY,0.0,0.0,0.0,0.0,0.0,3.0,0.0,18,3,5,41.9391559794,-87.7309541213,POINT (-87.730954121301 41.939155979416)
4747b497ed19997473a5bf867752fa3d08410c3979658376badcef695bd2b6cc9ca42b8bdd01d055f1d6495d4b5b2e9913d722361bd97d80d1c950e154d5af15,,10/23/2018 06:55:00 AM,30,TRAFFIC SIGNAL,FUNCTIONING PROPERLY,CLEAR,"DARKNESS, LIGHTED ROAD",REAR END,DIVIDED - W/MEDIAN (NOT RAISED),2,STRAIGHT AND LEVEL,DRY,NO DEFECTS,NOT ON SCENE (DESK REPORT),NO INJURY / DRIVE AWAY,,,,"$501 - $1,500",10/23/2018 07:10:00 AM,FOLLOWING TOO CLOSELY,UNABLE TO DETERMINE,3457,W,FOSTER AVE,1712.0,,,,,,,3,NO INDICATION OF INJURY,0.0,0.0,0.0,0.0,0.0,3.0,0.0,6,3,10,41.9755562794,-87.7158479442,POINT (-87.715847944174 41.975556279377)
2f25386064c16ae92955a8efc1b76aa8531f07e62a4f36fa70047803439641a997f5c933f0815f8c4d790630e9660c2b91ebad96d3ef8ed00ab57083aa8cf6b4,,02/14/2020 04:45:00 PM,30,UNKNOWN,UNKNOWN,CLEAR,DAYLIGHT,TURNING,UNKNOWN,,STRAIGHT AND LEVEL,DRY,UNKNOWN,NOT ON SCENE (DESK REPORT),NO INJURY / DRIVE AWAY,Y,,,"OVER $1,500",02/14/2020 07:00:00 PM,UNABLE TO DETERMINE,NOT APPLICABLE,2199,W,GRAND AVE,1221.0,,,,,,,2,NO INDICATION OF INJURY,0.0,0.0,0.0,0.0,0.0,3.0,0.0,16,6,2,41.890635252,-87.6816775806,POINT (-87.681677580596 41.890635251959)
62cfe815e540eaf25809043021ec4abad96687f23abf6231017919f18939d15096dbda42b093b2ebf2fff7fc5d470364fd33166b4c467584ec7edc06e736e573,,05/05/2019 09:35:00 PM,25,STOP SIGN/FLASHER,FUNCTIONING PROPERLY,CLEAR,"DARKNESS, LIGHTED ROAD",TURNING,NOT DIVIDED,,STRAIGHT AND LEVEL,DRY,NO DEFECTS,NOT ON SCENE (DESK REPORT),INJURY AND / OR TOW DUE TO CRASH,Y,,,"OVER $1,500",05/05/2019 09:47:00 PM,FAILING TO REDUCE SPEED TO AVOID CRASH,NOT APPLICABLE,7400,N,CALIFORNIA AVE,2411.0,,,,,,,2,NO INDICATION OF INJURY,0.0,0.0,0.0,0.0,0.0,2.0,0.0,21,1,5,42.0157471805,-87.699794943,POINT (-87.699794942973 42.015747180466)
22b1f0d8b5248ca60d10e4a2010202876de2c14826a306194f49adc2712991f95dffce6a1d514def099b931c4fccdf67e1dd749cdf4ff1e1ff5e9545746eefb3,,10/15/2024 02:03:00 PM,30,NO CONTROLS,NO CONTROLS,RAIN,DAYLIGHT,TURNING,OTHER,,STRAIGHT AND LEVEL,WET,UNKNOWN,ON SCENE,NO INJURY / DRIVE AWAY,,,Y,"OVER $1,500",10/15/2024 02:06:00 PM,NOT APPLICABLE,NOT APPLICABLE,2750,W,35TH ST,911.0,,,,,,,2,NO INDICATION OF INJURY,0.0,0.0,0.0,0.0,0.0,2.0,0.0,14,3,10,41.8302087409,-87.6943792221,POINT (-87.694379222096 41.830208740902)
682e933564be06f5729d8946bde686fb5e9f2187b4a6846c65f20b4346b2188e0daa254e48f167f4e74cb22092a068ef1647ba7dfd56f1f70ef748d2831bdd5b,,07/16/2025 04:46:00 PM,30,TRAFFIC SIGNAL,FUNCTIONING PROPERLY,CLOUDY/OVERCAST,DAYLIGHT,REAR END,FOUR WAY,,STRAIGHT AND LEVEL,WET,NO DEFECTS,NOT ON SCENE (DESK REPORT),NO INJURY / DRIVE AWAY,,,,"$501 - $1,500",07/16/2025 05:30:00 PM,UNABLE TO DETERMINE,NOT APPLICABLE,3356,W,CHICAGO AVE,1121.0,,,,,,,2,NO INDICATION OF INJURY,0.0,0.0,0.0,0.0,0.0,2.0,0.0,16,4,7,41.8956188601,-87.7111571438,POINT (-87.711157143759 41.89561886014)
76b0289386cc33ca894b97f76efdf0397cc6beba4e1b0fd01965e8cdd10b072011fa98c8fd8e1b2320090b86e4315ee3da499065fef434cca7eb3732d4347e2e,,02/14/2019 05:10:00 PM,30,NO CONTROLS,NO CONTROLS,CLEAR,DAYLIGHT,REAR END,DIVIDED - W/MEDIAN (NOT RAISED),,STRAIGHT AND LEVEL,DRY,NO DEFECTS,NOT ON SCENE (DESK REPORT),NO INJURY / DRIVE AWAY,,,N,"OVER $1,500",02/14/2019 06:28:00 PM,FAILING TO YIELD RIGHT-OF-WAY,NOT APPLICABLE,3400,W,59TH ST,822.0,,,,,,,2,NO INDICATION OF INJURY,0.0,0.0,0.0,0.0,0.0,5.0,0.0,17,5,2,41.7862805083,-87.7082957173,POINT (-87.708295717302 41.78628050826)
376b8d51cc7264777921534e97b04c12b8c8b149557f3f623becd33e0c489dbd8bd23efccedbd3a494a2670f6ae6ede21b3905701d9c926e1f27a9cab7cbeedc,,07/27/2021 11:30:00 AM,20,NO CONTROLS,NO CONTROLS,CLEAR,DAYLIGHT,OTHER OBJECT,PARKING LOT,,STRAIGHT AND LEVEL,DRY,NO DEFECTS,ON SCENE,NO INJURY / DRIVE AWAY,,Y,,"OVER $1,500",07/27/2021 11:35:00 AM,DRIVING SKILLS/KNOWLEDGE/EXPERIENCE,NOT APPLICABLE,6921,W,ARCHER AVE,811.0,,,,,,,1,NO INDICATION OF INJURY,0.0,0.0,0.0,0.0,0.0,1.0,0.0,11,3,7,41.791982567,-87.7949883386,POINT (-87.794988338611 41.791982566959)
b47f8440199bc93bd7b765e20708fd66858a694ceb8391b600f833cea8f09f63d2fc2b5ac649b6f952e355ee50e5308bc3157169bc472a3b244ec2664272678d,,06/01/2023 08:30:00 AM,0,NO CONTROLS,NO CONTROLS,OTHER,DAYLIGHT,REAR END,OTHER,,STRAIGHT AND LEVEL,WET,NO DEFECTS,NOT ON SCENE (DESK REPORT),NO INJURY / DRIVE AWAY,,,,"$501 - $1,500",06/01/2023 09:10:00 AM,UNABLE TO DETERMINE,UNABLE TO DETERMINE,349,W,31ST ST,915.0,,,,,,,2,NO INDICATION OF INJURY,0.0,0.0,0.0,0.0,0.0,2.0,0.0,8,5,6,41.838066711,-87.6360182828,POINT (-87.636018282814 41.838066710967)
4d8842ab64e911a9b63c97495693dc853588beb7efcf48bb93f12b251133a9e529ec3f2a70357b5ee78e3b658dfdd18018055181b4b40929d0463570d09769e7,,09/13/2017 05:50:00 PM,30,STOP SIGN/FLASHER,FUNCTIONING PROPERLY,CLEAR,DAYLIGHT,TURNING,DIVIDED - W/MEDIAN (NOT RAISED),4,STRAIGHT AND LEVEL,DRY,NO DEFECTS,ON SCENE,INJURY AND / OR TOW DUE TO CRASH,Y,,,"OVER $1,500",09/13/2017 06:05:00 PM,FAILING TO YIELD RIGHT-OF-WAY,UNABLE TO DETERMINE,1800,W,MONTEREY AVE,2212.0,,,,,,,3,"REPORTED, NOT EVIDENT",4.0,0.0,0.0,0.0,4.0,1.0,0.0,17,4,9,41.691022398,-87.6672365396,POINT (-87.667236539587 41.691022398011)
ff2d991ff138cf4c996bbca630fc6d65e588d560363b581845c40ba4e60e62f763e9f7a8a8470af08e79e72ba20f83f4efa944fe79b9a2c21c67445f25936af0,,06/21/2023 01:00:00 PM,30,NO CONTROLS,NO CONTROLS,CLEAR,DAYLIGHT,REAR END,ONE-WAY,,STRAIGHT AND LEVEL,DRY,NO DEFECTS,NOT ON SCENE (DESK REPORT),NO INJURY / DRIVE AWAY,,,,"OVER $1,500",06/21/2023 02:00:00 PM,UNABLE TO DETERMINE,UNABLE TO DETERMINE,66,W,VAN BUREN ST,113.0,,,,,,,3,NO INDICATION OF INJURY,0.0,0.0,0.0,0.0,0.0,2.0,0.0,13,4,6,41.8770014792,-87.6299909934,POINT (-87.629990993428 41.877001479151)
764fd3a29660bba69860d6709fac3f903090625168ec3a6b18ae770ef37528307d041259ba0f6e27db042bb95a303fb53c22aac83bd69b1da9e0affedefcd6bb,,11/09/2023 09:20:00 PM,30,TRAFFIC SIGNAL,FUNCTIONING PROPERLY,CLEAR,"DARKNESS, LIGHTED ROAD",REAR END,NOT DIVIDED,,STRAIGHT AND LEVEL,DRY,NO DEFECTS,ON SCENE,NO INJURY / DRIVE AWAY,,,Y,"OVER $1,500",11/09/2023 10:07:00 PM,HAD BEEN DRINKING (USE WHEN ARREST IS NOT MADE),FAILING TO REDUCE SPEED TO AVOID CRASH,2010,N,SHEFFIELD AVE,1811.0,,,,,,,2,NO INDICATION OF INJURY,0.0,0.0,0.0,0.0,0.0,2.0,0.0,21,5,11,41.9184749608,-87.6535281184,POINT (-87.653528118444 41.918474960769)
ca0cb2fbb3d97741d0415fc5d74e4b133aac00bbfed9bdc2a2013b2adea40f1830dcb4aabadb6709a4831afba5d9debca8c593007849287bd570b0c60da110df,,12/29/2019 11:15:00 AM,30,STOP SIGN/FLASHER,FUNCTIONING PROPERLY,CLEAR,DAYLIGHT,TURNING,DIVIDED - W/MEDIAN (NOT RAISED),,STRAIGHT AND LEVEL,WET,NO DEFECTS,ON SCENE,INJURY AND / OR TOW DUE TO CRASH,Y,,,"$501 - $1,500",12/29/2019 11:15:00 AM,IMPROPER TURNING/NO SIGNAL,NOT APPLICABLE,400,E,87TH ST,632.0,,,,,,,2,NONINCAPACITATING INJURY,1.0,0.0,0.0,1.0,0.0,3.0,0.0,11,1,12,41.7366139674,-87.6144497305,POINT (-87.614449730497 41.736613967437)
44cb55b90eea05afd785fceb29e4baaeae09b46106ede04a17d21f46462fea1540fa0ef5b822667a0b04c095650a706ad923b03d088945cbc4ee137f11788413,,06/30/2022 08:55:00 AM,15,NO CONTROLS,NO CONTROLS,CLEAR,DAYLIGHT,OTHER OBJECT,PARKING LOT,,STRAIGHT AND LEVEL,DRY,NO DEFECTS,ON SCENE,NO INJURY / DRIVE AWAY,,,,"OVER $1,500",06/30/2022 11:45:00 AM,DRIVING SKILLS/KNOWLEDGE/EXPERIENCE,FAILING TO REDUCE SPEED TO AVOID CRASH,10609,S,WESTERN AVE,2212.0,,,,,,,1,NO INDICATION OF INJURY,0.0,0.0,0.0,0.0,0.0,1.0,0.0,8,5,6,41.7005909702,-87.6812904401,POINT (-87.681290440063 41.700590970239)
d1e0d6a18bb30ac30bbcf85615f116800897b433ef21b07e6e35220b1d70c59de41b11513fde9fab9489fa59aaacda2552f6eead3105d8288b6baa06db5220cb,,11/15/2025 06:28:00 PM,30,TRAFFIC SIGNAL,FUNCTIONING PROPERLY,CLEAR,DARKNESS,REAR END,DIVIDED - W/MEDIAN (NOT RAISED),,STRAIGHT AND LEVEL,DRY,NO DEFECTS,ON SCENE,NO INJURY / DRIVE AWAY,,,,"OVER $1,500",11/15/2025 06:28:00 PM,UNABLE TO DETERMINE,NOT APPLICABLE,399,S,WESTERN AVE,1225.0,,,,,,,2,NO INDICATION OF INJURY,0.0,0.0,0.0,0.0,0.0,2.0,0.0,18,7,11,41.8761605284,-87.686125875,POINT (-87.686125874985 41.876160528374)
68ebea4484ea9a71ee55ff0690c210a4b412ce3facead1a7582631a27cdf2c5fe03a26f4a0543597f9cd0f26cdbd6da16f7284e83150124f587806d5defba957,,02/17/2022 09:04:00 AM,30,STOP SIGN/FLASHER,FUNCTIONING PROPERLY,CLEAR,DAYLIGHT,ANGLE,NOT DIVIDED,,STRAIGHT AND LEVEL,WET,NO DEFECTS,ON SCENE,INJURY AND / OR TOW DUE TO CRASH,Y,,,"OVER $1,500",02/17/2022 09:15:00 AM,UNABLE TO DETERMINE,UNABLE TO DETERMINE,4400,W,GLADYS AVE,1131.0,,,,,,,2,"REPORTED, NOT EVIDENT",1.0,0.0,0.0,0.0,1.0,1.0,0.0,9,5,2,41.876164239,-87.7354426787,POINT (-87.735442678698 41.876164238976)
6f1471453d723d36a0d3939e93d1a4f8fbccd8717e7a3ddfbdc03c5d7766ba8f73a6ab73b4de1b252dfb788ee43ea9ebb934024cd44746ef7be1b06f8ef3c8c4,,07/27/2025 04:03:00 PM,30,TRAFFIC SIGNAL,FUNCTIONING PROPERLY,CLEAR,DAYLIGHT,TURNING,FOUR WAY,,STRAIGHT AND LEVEL,DRY,WORN SURFACE,ON SCENE,NO INJURY / DRIVE AWAY,,,,"OVER $1,500",07/27/2025 04:26:00 PM,IMPROPER LANE USAGE,NOT APPLICABLE,4199,S,CALIFORNIA AVE,921.0,,,,,,,2,NO INDICATION OF INJURY,0.0,0.0,0.0,0.0,0.0,4.0,0.0,16,1,7,41.8174603921,-87.6943407506,POINT (-87.694340750626 41.817460392067)
7329b9cf86aebe21c83133f2a3d3932dde413cb363283eafbbb17b1862a27c154ce6e8fb8a99ad75efcfd9eadfde2c44c713a194524075a7bd70432a706dd1dc,,02/22/2017 01:30:00 PM,30,NO CONTROLS,NO CONTROLS,CLEAR,DAYLIGHT,ANGLE,NOT DIVIDED,2,STRAIGHT AND LEVEL,DRY,NO DEFECTS,NOT ON SCENE (DESK REPORT),NO INJURY / DRIVE AWAY,,,Y,"$501 - $1,500",02/22/2017 01:38:00 PM,FAILING TO YIELD RIGHT-OF-WAY,HAD BEEN DRINKING (USE WHEN ARREST IS NOT MADE),1703,W,PRATT BLVD,2432.0,,,,,,,2,NO INDICATION OF INJURY,0.0,0.0,0.0,0.0,0.0,2.0,0.0,13,4,2,42.0052207154,-87.6732351125,POINT (-87.673235112516 42.005220715383)
dcb9026ae0d40619bb77a9f377d328b5d97a0d4497e390eb0c671310dab9724f4e764cf42bc32324337d4b21e3ca31c5eb6482c9d78de5e0753462ca23b55ea2,,08/25/2021 12:24:00 PM,30,TRAFFIC SIGNAL,FUNCTIONING PROPERLY,CLEAR,DAYLIGHT,SIDESWIPE SAME DIRECTION,DIVIDED - W/MEDIAN BARRIER,,STRAIGHT AND LEVEL,DRY,NO DEFECTS,ON SCENE,NO INJURY / DRIVE AWAY,,,,$500 OR LESS,08/25/2021 12:24:00 PM,IMPROPER LANE USAGE,NOT APPLICABLE,6302,W,IRVING PARK RD,1624.0,,,,,,,2,NO INDICATION OF INJURY,0.0,0.0,0.0,0.0,0.0,4.0,0.0,12,4,8,41.9530551335,-87.7843131042,POINT (-87.784313104233 41.953055133536)
85f69a085185e44a25849bebffccae8cb4db8a03986b3aa044a2f6557c8343598f6fbb37d811e707092db9bc2eead81cabe003a98dfbee67d05b46cbfcd2ebca,,11/06/2023 05:00:00 PM,30,STOP SIGN/FLASHER,FUNCTIONING PROPERLY,CLEAR,DAYLIGHT,ANGLE,NOT DIVIDED,,STRAIGHT AND LEVEL,DRY,NO DEFECTS,NOT ON SCENE (DESK REPORT),NO INJURY / DRIVE AWAY,Y,,,"$501 - $1,500",11/06/2023 05:30:00 PM,UNABLE TO DETERMINE,NOT APPLICABLE,4300,W,MAYPOLE AVE,1114.0,,,,,,,2,NO INDICATION OF INJURY,0.0,0.0,0.0,0.0,0.0,3.0,0.0,17,2,11,41.8847022408,-87.7332113393,POINT (-87.733211339272 41.884702240785)
1e430f5d733b274350431b1b7334eb2bbcf4c8da8b8804c89f04acc13cd7710171ea3c90cdfbe90959431bae9e2b7e912fe5e026c0c9d6c4b9cd3c58364aae6e,,11/28/2016 06:05:00 PM,35,NO CONTROLS,NO CONTROLS,RAIN,DARKNESS,SIDESWIPE OPPOSITE DIRECTION,NOT DIVIDED,,STRAIGHT AND LEVEL,WET,NO DEFECTS,NOT ON SCENE (DESK REPORT),NO INJURY / DRIVE AWAY,,,,"OVER $1,500",11/28/2016 07:16:00 PM,NOT APPLICABLE,NOT APPLICABLE,2807,W,IRVING PARK RD,1733.0,,,,,,,2,NO INDICATION OF INJURY,0.0,0.0,0.0,0.0,0.0,4.0,0.0,18,2,11,41.9538624003,-87.6985545933,POINT (-87.698554593288 41.953862400292)
97df1dc58e93a5e64e92f0947452b688ef9cf070fcd3570e12d3906cea29ae11930e3fa44940958f2ac0e16a6e72b8e4847414766018d3c2ac16da414cf6ec74,,03/07/2016 01:00:00 PM,5,NO CONTROLS,NO CONTROLS,CLEAR,"DARKNESS, LIGHTED ROAD",SIDESWIPE OPPOSITE DIRECTION,ALLEY,,STRAIGHT AND LEVEL,DRY,NO DEFECTS,NOT ON SCENE (DESK REPORT),NO INJURY / DRIVE AWAY,,,,"OVER $1,500",03/07/2016 08:30:00 PM,UNABLE TO DETERMINE,NOT APPLICABLE,2700,S,HARDING AVE,1031.0,,,,,,,2,NO INDICATION OF INJURY,0.0,0.0,0.0,0.0,0.0,2.0,0.0,13,2,3,41.8423315018,-87.7234262891,POINT (-87.723426289096 41.842331501787)
31f369e5b765e9754fb213c35a01ba4aa8ebe4ae62dd529a1d3072a7fcb5874fe803fef7fe0e405d50ed889daaef58a13b83dd70ab88a86c5205227d258120da,,10/31/2021 01:00:00 AM,30,TRAFFIC SIGNAL,FUNCTIONING PROPERLY,CLEAR,"DARKNESS, LIGHTED ROAD",REAR END,NOT DIVIDED,,STRAIGHT AND LEVEL,DRY,NO DEFECTS,NOT ON SCENE (DESK REPORT),NO INJURY / DRIVE AWAY,,,,"OVER $1,500",10/31/2021 01:30:00 AM,UNABLE TO DETERMINE,NOT APPLICABLE,4900,S,KEDZIE AVE,821.0,,,,,,,2,NO INDICATION OF INJURY,0.0,0.0,0.0,0.0,0.0,2.0,0.0,1,1,10,41.8043259216,-87.7040126363,POINT (-87.704012636283 41.804325921559)
2405221dee1cbfcc9174269723a32ab0ebefbaf80606583e5276e4a39b36515a1410b95edd851ec23553b951214f4f5bda792271013fc4b35cb5972f0966b5a1,,10/15/2023 07:30:00 AM,30,NO CONTROLS,NO CONTROLS,CLEAR,DAYLIGHT,PEDALCYCLIST,NOT DIVIDED,,STRAIGHT AND LEVEL,DRY,NO DEFECTS,ON SCENE,INJURY AND / OR TOW DUE TO CRASH,Y,,,"$501 - $1,500",10/15/2023 07:40:00 AM,FAILING TO YIELD RIGHT-OF-WAY,NOT APPLICABLE,2300,N,CLYBOURN AVE,1811.0,,,,,,,2,NONINCAPACITATING INJURY,1.0,0.0,0.0,1.0,0.0,1.0,0.0,7,1,10,41.9236354057,-87.6674282026,POINT (-87.667428202575 41.923635405719)
ce016dfce94fffca4b64d949c76337d026e78a9985ba0b4e2dbfa23bcade590dffb4d5ae7fb69f51c7bfaeb8637207b0fe00da658127e4a0f43632c3b3f72a0a,,12/07/2017 03:15:00 PM,30,NO CONTROLS,NO CONTROLS,CLEAR,DAYLIGHT,PARKED MOTOR VEHICLE,ONE-WAY,,STRAIGHT AND LEVEL,UNKNOWN,NO DEFECTS,NOT ON SCENE (DESK REPORT),NO INJURY / DRIVE AWAY,,,Y,"$501 - $1,500",12/07/2017 04:20:00 PM,IMPROPER LANE USAGE,NOT APPLICABLE,200,N,DESPLAINES ST,1214.0,,,,,,,2,NO INDICATION OF INJURY,0.0,0.0,0.0,0.0,0.0,1.0,0.0,15,5,12,41.8857215244,-87.6443913122,POINT (-87.644391312168 41.885721524424)
aef827dacc5e09e732a3488bc0b0799e50e64b0b9b2ebe16164265120f2a98a9c77c4dee89709051df6243d66dc3c77560724252998a83925efe902d5f800d69,,03/17/2022 07:34:00 PM,30,TRAFFIC SIGNAL,FUNCTIONING PROPERLY,CLEAR,DUSK,ANGLE,FOUR WAY,,STRAIGHT AND LEVEL,DRY,NO DEFECTS,ON SCENE,INJURY AND / OR TOW DUE TO CRASH,Y,,,"OVER $1,500",03/17/2022 07:35:00 PM,DISREGARDING TRAFFIC SIGNALS,DRIVING SKILLS/KNOWLEDGE/EXPERIENCE,5800,W,IRVING PARK RD,1624.0,,,,,,,2,NO INDICATION OF INJURY,0.0,0.0,0.0,0.0,0.0,2.0,0.0,19,5,3,41.9532281565,-87.7719558456,POINT (-87.771955845557 41.953228156494)
a51f5b1549412420e0c5ef0af3a128faef4118ba5bb5314c92c4cd8a764ff9f2bcd843028a5276ca2fa03eff5b74548d16d8060ca70ea28a55e2a31f5dbdcc0a,,03/10/2024 09:53:00 PM,40,TRAFFIC SIGNAL,FUNCTIONING PROPERLY,CLEAR,"DARKNESS, LIGHTED ROAD",ANGLE,NOT DIVIDED,,STRAIGHT AND LEVEL,DRY,NO DEFECTS,ON SCENE,INJURY AND / OR TOW DUE TO CRASH,Y,,,"OVER $1,500",03/10/2024 10:07:00 PM,DISREGARDING TRAFFIC SIGNALS,FAILING TO REDUCE SPEED TO AVOID CRASH,7401,S,ASHLAND AVE,734.0,,,,,,,2,"REPORTED, NOT EVIDENT",1.0,0.0,0.0,0.0,1.0,1.0,0.0,21,1,3,41.7593705404,-87.6634925229,POINT (-87.663492522861 41.759370540403)
d98e794a6fda2395312aa1458dbc5271f617f45ff026c51259604a4453891f933b66bd89afd2d8f6e8165c5c81770a81065cb4b531dad84905dcdb38d1efbb29,,07/30/2025 11:00:00 PM,30,TRAFFIC SIGNAL,FUNCTIONING PROPERLY,CLEAR,"DARKNESS, LIGHTED ROAD",REAR END,DIVIDED - W/MEDIAN BARRIER,,STRAIGHT AND LEVEL,WET,NO DEFECTS,NOT ON SCENE (DESK REPORT),NO INJURY / DRIVE AWAY,,,,"OVER $1,500",07/31/2025 12:00:00 AM,FOLLOWING TOO CLOSELY,FOLLOWING TOO CLOSELY,1400,S,LAKE SHORE DR SB,132.0,,,,,,,2,NO INDICATION OF INJURY,0.0,0.0,0.0,0.0,0.0,2.0,0.0,23,4,7,41.8640356398,-87.6192970692,POINT (-87.619297069192 41.864035639814)