CRASH_RECORD_ID,CRASH_DATE_EST_I,CRASH_DATE,POSTED_SPEED_LIMIT,TRAFFIC_CONTROL_DEVICE,DEVICE_CONDITION,WEATHER_CONDITION,LIGHTING_CONDITION,FIRST_CRASH_TYPE,TRAFFICWAY_TYPE,LANE_CNT,ALIGNMENT,ROADWAY_SURFACE_COND,ROAD_DEFECT,REPORT_TYPE,CRASH_TYPE,INTERSECTION_RELATED_I,NOT_RIGHT_OF_WAY_I,HIT_AND_RUN_I,DAMAGE,DATE_POLICE_NOTIFIED,PRIM_CONTRIBUTORY_CAUSE,SEC_CONTRIBUTORY_CAUSE,STREET_NO,STREET_DIRECTION,STREET_NAME,BEAT_OF_OCCURRENCE,PHOTOS_TAKEN_I,STATEMENTS_TAKEN_I,DOORING_I,WORK_ZONE_I,WORK_ZONE_TYPE,WORKERS_PRESENT_I,NUM_UNITS,MOST_SEVERE_INJURY,INJURIES_TOTAL,INJURIES_FATAL,INJURIES_INCAPACITATING,INJURIES_NON_INCAPACITATING,INJURIES_REPORTED_NOT_EVIDENT,INJURIES_NO_INDICATION,INJURIES_UNKNOWN,CRASH_HOUR,CRASH_DAY_OF_WEEK,CRASH_MONTH,LATITUDE,LONGITUDE,LOCATION
0e481726c7d8f586d8526b315019db232f659ea24bb80cfadea6cc9f3db4b5b5685b1a545d3962ba6174d7a51513833fe46f0b6f963afdbc95723fb2897b6520,,05/24/2024 02:00:00 PM,25,NO CONTROLS,NO CONTROLS,CLEAR,DAYLIGHT,TURNING,NOT DIVIDED,,STRAIGHT AND LEVEL,DRY,NO DEFECTS,ON SCENE,NO INJURY / DRIVE AWAY,,,,"OVER $1,500",05/25/2024 02:10:00 PM,UNABLE TO DETERMINE,UNABLE TO DETERMINE,8031,S,HALSTED ST,621.0,,,,,,,2,NO INDICATION OF INJURY,0.0,0.0,0.0,0.0,0.0,2.0,0.0,14,6,5,41.7478828871,-87.6438149391,POINT (-87.64381493909 41.747882887097)
e24600128effd608dc973855a2c2ff33d58313da476ad47882e54e8c8cad843ec04aa8dea74d617759e96f5419658f5781ca4332d9cf0436dfd77231312da488,,07/17/2019 02:10:00 PM,30,NO CONTROLS,FUNCTIONING PROPERLY,CLEAR,DAYLIGHT,SIDESWIPE SAME DIRECTION,NOT DIVIDED,,STRAIGHT AND LEVEL,DRY,NO DEFECTS,ON SCENE,NO INJURY / DRIVE AWAY,,,,"$501 - $1,500",07/17/2019 02:18:00 PM,UNABLE TO DETERMINE,UNABLE TO DETERMINE,1800,S,WESTERN AVE,1023.0,,,,,,,2,NO INDICATION OF INJURY,0.0,0.0,0.0,0.0,0.0,2.0,0.0,14,4,7,41.857474371,-87.6859686047,POINT (-87.685968604685 41.857474370968)
26b20771d2471a4d69267b3ee9eb9f932343abeb5ddc1ea2925ac7b2b4f084c465ce7be6b48a7b819b8603f9d636cb21396243be9718d2db64177ca989a2bbb7,,09/08/2019 03:15:00 PM,30,STOP SIGN/FLASHER,UNKNOWN,CLEAR,DAYLIGHT,SIDESWIPE SAME DIRECTION,FOUR WAY,,STRAIGHT AND LEVEL,DRY,UNKNOWN,NOT ON SCENE (DESK REPORT),NO INJURY / DRIVE AWAY,,,Y,$500 OR LESS,09/08/2019 03:30:00 PM,UNABLE TO DETERMINE,NOT APPLICABLE,2531,W,DIVISION ST,1211.0,,,,,,,2,NO INDICATION OF INJURY,0.0,0.0,0.0,0.0,0.0,3.0,0.0,15,1,9,41.9028711162,-87.6907816435,POINT (-87.690781643497 41.902871116187)
cdb07f8acdb678bf9265a0bde0d15d1b8fddef48585c84c0a129d524330ba3dcec12a43fa22f42d6362a2a8e4de299464f954e2b36e0a4784035a007b46db583,,08/31/2025 04:15:00 AM,30,NO CONTROLS,NO CONTROLS,CLEAR,"DARKNESS, LIGHTED ROAD",REAR END,NOT DIVIDED,,STRAIGHT AND LEVEL,DRY,NO DEFECTS,ON SCENE,INJURY AND / OR TOW DUE TO CRASH,,,,"OVER $1,500",08/31/2025 04:15:00 AM,FOLLOWING TOO CLOSELY,NOT APPLICABLE,998,S,PULASKI RD,1132.0,,,,,,,2,NO INDICATION OF INJURY,0.0,0.0,0.0,0.0,0.0,2.0,0.0,4,1,8,41.8691220206,-87.7254350801,POINT (-87.725435080065 41.869122020649)
b47c83943780cdd5e77f171adf4ee5dba70cfc0d4fad18d0de4aee11ec5aed9734bbfd52c3d0b53494f295b17d6ffa33b7a386180a9eeeffeb7bb46e1fe66b24,,02/10/2025 11:15:00 AM,30,TRAFFIC SIGNAL,FUNCTIONING PROPERLY,CLEAR,DAYLIGHT,TURNING,"FIVE POINT, OR MORE",,STRAIGHT AND LEVEL,DRY,UNKNOWN,ON SCENE,INJURY AND / OR TOW DUE TO CRASH,Y,,,"OVER $1,500",02/10/2025 11:18:00 AM,UNABLE TO DETERMINE,NOT APPLICABLE,8700,S,SOUTH CHICAGO AVE,423.0,,,,,,,2,NO INDICATION OF INJURY,0.0,0.0,0.0,0.0,0.0,3.0,0.0,11,2,2,41.7370429734,-87.5656969534,POINT (-87.565696953391 41.737042973423)
30076dfd08c524b7a9608d1007ea4d4e2f56257da1b525a9cff2ec4d9e50b032f0fb96b3dcddb37271a9e0245a973cf6e3297b1fd46efeaaa7660259ad54e02e,,08/28/2017 01:00:00 PM,30,STOP SIGN/FLASHER,FUNCTIONING PROPERLY,CLEAR,DAYLIGHT,TURNING,NOT DIVIDED,,STRAIGHT AND LEVEL,DRY,NO DEFECTS,NOT ON SCENE (DESK REPORT),NO INJURY / DRIVE AWAY,Y,,Y,"OVER $1,500",08/28/2017 01:45:00 PM,DRIVING SKILLS/KNOWLEDGE/EXPERIENCE,NOT APPLICABLE,1200,W,LELAND AVE,1913.0,,,,,,,2,NO INDICATION OF INJURY,0.0,0.0,0.0,0.0,0.0,2.0,0.0,13,2,8,41.9673068476,-87.6597277954,POINT (-87.659727795398 41.967306847583)
3afcf662a265a30e39c91ad86f4ead30b3a72b05820854cbe254f3ea553c5d29a5d1e76b078d7b7ebff86e8a98a6dd02d8dd489e12b70f6f8c668a980a677dd2,,07/27/2025 03:02:00 PM,30,NO CONTROLS,NO CONTROLS,CLEAR,DAYLIGHT,PEDALCYCLIST,DIVIDED - W/MEDIAN BARRIER,,STRAIGHT AND LEVEL,DRY,NO DEFECTS,ON SCENE,INJURY AND / OR TOW DUE TO CRASH,,,,"OVER $1,500",07/27/2025 03:30:00 PM,IMPROPER TURNING/NO SIGNAL,NOT APPLICABLE,3431,S,ASHLAND AVE,912.0,,,,,,,2,NONINCAPACITATING INJURY,2.0,0.0,0.0,2.0,0.0,0.0,0.0,15,1,7,41.8313932142,-87.6654393281,POINT (-87.665439328064 41.831393214189)
bd6884bb271babf925d80f251f284e1afb9e233f03c30f80ee955c32559a5c2e7f93a2987c93bcea9e8b173bc483bead0540781bd6a09b0b2359ecd6edb20d9f,,10/22/2020 09:23:00 PM,25,NO CONTROLS,NO CONTROLS,CLEAR,"DARKNESS, LIGHTED ROAD",REAR END,NOT DIVIDED,,STRAIGHT AND LEVEL,DRY,NO DEFECTS,NOT ON SCENE (DESK REPORT),NO INJURY / DRIVE AWAY,,,,"OVER $1,500",10/22/2020 09:23:00 PM,FOLLOWING TOO CLOSELY,NOT APPLICABLE,3012,W,CERMAK RD,1022.0,,Y,,,,,2,NO INDICATION OF INJURY,0.0,0.0,0.0,0.0,0.0,3.0,0.0,21,5,10,41.8519388813,-87.7008976543,POINT (-87.700897654293 41.851938881334)
33ec627a3542ff3008d0792c41772afa8668baf7f51e6194a2f5af2efcb70c747990f2219e43764ba5b52c793c89e98a71040a1af63b2334fba464af347564a3,,06/27/2025 01:20:00 PM,30,STOP SIGN/FLASHER,FUNCTIONING PROPERLY,CLEAR,DAYLIGHT,ANGLE,NOT DIVIDED,,STRAIGHT AND LEVEL,DRY,UNKNOWN,NOT ON SCENE (DESK REPORT),NO INJURY / DRIVE AWAY,Y,,N,"OVER $1,500",06/27/2025 02:00:00 PM,FAILING TO YIELD RIGHT-OF-WAY,FAILING TO YIELD RIGHT-OF-WAY,5697,W,WASHINGTON BLVD,1513.0,,,,,,,2,NO INDICATION OF INJURY,0.0,0.0,0.0,0.0,0.0,2.0,0.0,13,6,6,41.8820836136,-87.7681075178,POINT (-87.768107517787 41.88208361356)
942b906ae59614502884a505c644f4d1d4d556c5d810dafdac8a6509d0370b5fdfcc993c396c0dde9a53c782be51aca6458044beaacb5c1ea562daa8ff40f4c3,,09/10/2025 07:25:00 PM,30,STOP SIGN/FLASHER,FUNCTIONING PROPERLY,UNKNOWN,UNKNOWN,TURNING,NOT DIVIDED,,STRAIGHT AND LEVEL,DRY,UNKNOWN,ON SCENE,INJURY AND / OR TOW DUE TO CRASH,Y,,,"OVER $1,500",09/10/2025 07:33:00 PM,FAILING TO YIELD RIGHT-OF-WAY,NOT APPLICABLE,2935,W,71ST ST,831.0,,,,,,,3,"REPORTED, NOT EVIDENT",2.0,0.0,0.0,0.0,2.0,2.0,0.0,19,4,9,41.7643644945,-87.6968410878,POINT (-87.696841087782 41.76436449446)
cfba53cfb03db118b9787330e1a2eeb15f377bc02ef776e0f1363fa3deb150c843fea1bc5b2a23615fddac904a2e07e051b4fd2394cc532b9d994efdf7536252,,02/26/2023 01:11:00 AM,30,NO CONTROLS,NO CONTROLS,CLEAR,"DARKNESS, LIGHTED ROAD",SIDESWIPE SAME DIRECTION,ONE-WAY,,STRAIGHT AND LEVEL,DRY,UNKNOWN,ON SCENE,INJURY AND / OR TOW DUE TO CRASH,,,Y,"OVER $1,500",02/26/2023 01:18:00 AM,FAILING TO YIELD RIGHT-OF-WAY,NOT APPLICABLE,230,W,ONTARIO ST,1831.0,,,,,,,2,NONINCAPACITATING INJURY,1.0,0.0,0.0,1.0,0.0,6.0,0.0,1,1,2,41.8932786565,-87.635456375,POINT (-87.635456375029 41.893278656485)
7fc0eb307231d4fa2438d94374f5b6b25a80c3ce948c045cf96a2cab0b281dc55909fcdfa60d46f982e4c4e956112fff9abacec528ff4fc76c333743c9c75b7a,,09/27/2020 12:30:00 AM,30,NO CONTROLS,NO CONTROLS,CLEAR,DAYLIGHT,PARKED MOTOR VEHICLE,DIVIDED - W/MEDIAN (NOT RAISED),,STRAIGHT AND LEVEL,DRY,NO DEFECTS,NOT ON SCENE (DESK REPORT),NO INJURY / DRIVE AWAY,,,Y,"OVER $1,500",09/27/2020 09:27:00 AM,UNABLE TO DETERMINE,UNABLE TO DETERMINE,3154,N,DRAKE AVE,1412.0,,,,,,,2,NO INDICATION OF INJURY,0.0,0.0,0.0,0.0,0.0,1.0,0.0,0,1,9,41.939022963,-87.7163127353,POINT (-87.716312735346 41.939022963013)
f8dafba092b4ed4df192d006a71ab5cbf34ca229ac609150389687bc4c84b2ab9e684748a2577a6151e3a8e440106d8735b16941641fb929509d7c0196f6ad50,,02/17/2021 02:55:00 PM,30,TRAFFIC SIGNAL,FUNCTIONING PROPERLY,CLEAR,DAYLIGHT,TURNING,FOUR WAY,,STRAIGHT AND LEVEL,WET,UNKNOWN,NOT ON SCENE (DESK REPORT),NO INJURY / DRIVE AWAY,Y,,,"$501 - $1,500",02/17/2021 03:55:00 PM,UNABLE TO DETERMINE,UNABLE TO DETERMINE,4000,W,CHICAGO AVE,1111.0,,,,,,,2,NO INDICATION OF INJURY,0.0,0.0,0.0,0.0,0.0,3.0,0.0,14,4,2,41.8954767516,-87.7261443599,POINT (-87.726144359916 41.895476751637)
f8abc23bb63df6f07eb50a57278976c1f7d50e875f2148e4f2145fe7b7a8995ce4ff03e464710b86ee9b9e1cca02f05afaa168776bf320a360ea59f65f1c679b,,10/30/2024 07:59:00 PM,30,NO CONTROLS,NO CONTROLS,CLEAR,"DARKNESS, LIGHTED ROAD",PARKED MOTOR VEHICLE,NOT DIVIDED,,STRAIGHT AND LEVEL,DRY,NO DEFECTS,ON SCENE,NO INJURY / DRIVE AWAY,,,,"$501 - $1,500",10/30/2024 07:59:00 PM,UNABLE TO DETERMINE,UNABLE TO DETERMINE,5120,S,HARPER AVE,234.0,,,,,,,2,NO INDICATION OF INJURY,0.0,0.0,0.0,0.0,0.0,1.0,0.0,19,4,10,41.8018156396,-87.5892891502,POINT (-87.589289150183 41.801815639626)
1dc26f3977c23499e17ace72fe03615eaa0226b4eb928242a126529e7f2ca74d0957a69b65a6c61c19181fff598db6bac3553f61f28a164aada38fa4dc89a662,,10/24/2017 03:00:00 PM,25,NO CONTROLS,NO CONTROLS,RAIN,DAYLIGHT,ANGLE,ONE-WAY,1,STRAIGHT AND LEVEL,WET,NO DEFECTS,ON SCENE,INJURY AND / OR TOW DUE TO CRASH,,,,"OVER $1,500",10/24/2017 03:04:00 PM,FAILING TO YIELD RIGHT-OF-WAY,NOT APPLICABLE,5943,N,CENTRAL PARK AVE,1711.0,,,,,,,3,NO INDICATION OF INJURY,0.0,0.0,0.0,0.0,0.0,2.0,0.0,15,3,10,41.98970796,-87.7187017592,POINT (-87.718701759184 41.989707960015)
4789f5359fcf212453ee9c49644bc82def664ab394bb078a154639e6dba83aa24c0c66b48384cd1c873c6d81ce0194ffe72ced811ef6c8905fa104a880a75416,,08/19/2018 06:30:00 PM,30,NO CONTROLS,NO CONTROLS,CLEAR,DUSK,REAR END,NOT DIVIDED,4,STRAIGHT AND LEVEL,DRY,NO DEFECTS,ON SCENE,NO INJURY / DRIVE AWAY,,,,"OVER $1,500",08/19/2018 06:35:00 PM,FOLLOWING TOO CLOSELY,FAILING TO REDUCE SPEED TO AVOID CRASH,4784,S,ARCHER AVE,821.0,,,,,,,2,NO INDICATION OF INJURY,0.0,0.0,0.0,0.0,0.0,2.0,0.0,18,1,8,41.8065606552,-87.7167470458,POINT (-87.716747045832 41.806560655196)
e1a4d06e64fe17208e60db1e429fcf0ac08b00939acbd4819c97533782e1059d72e0d46a2b9caa63da40518808094b4ed3791d147b1b487148947aaaabfd5e36,,05/23/2018 07:37:00 PM,30,STOP SIGN/FLASHER,FUNCTIONING PROPERLY,CLEAR,DAYLIGHT,ANGLE,DIVIDED - W/MEDIAN BARRIER,2,STRAIGHT AND LEVEL,DRY,NO DEFECTS,ON SCENE,NO INJURY / DRIVE AWAY,,,Y,"OVER $1,500",05/23/2018 07:45:00 PM,UNABLE TO DETERMINE,UNABLE TO DETERMINE,4099,W,LAKE ST,1114.0,,,,,,,2,NO INDICATION OF INJURY,0.0,0.0,0.0,0.0,0.0,3.0,0.0,19,4,5,41.8854824106,-87.7281522939,POINT (-87.728152293867 41.885482410558)
0ba9d5c54ab767b8688876e0e6674499f9e918b831926032d5ad33c91803117e8e8fd10255ddb4311364f3ddb955db4d99c9090ad06c2790fbfdfbb6f001863a,,11/16/2025 10:00:00 AM,30,NO CONTROLS,NO CONTROLS,CLEAR,DAYLIGHT,PARKED MOTOR VEHICLE,NOT DIVIDED,,STRAIGHT AND LEVEL,DRY,NO DEFECTS,NOT ON SCENE (DESK REPORT),NO INJURY / DRIVE AWAY,,,,$500 OR LESS,11/16/2025 10:15:00 AM,UNABLE TO DETERMINE,UNABLE TO DETERMINE,3007,W,21ST PL,1022.0,,,,,,,2,NO INDICATION OF INJURY,0.0,0.0,0.0,0.0,0.0,1.0,0.0,10,1,11,41.8526306522,-87.7007464523,POINT (-87.700746452319 41.852630652152)
73acad1954ed768a55158586594f8127b7631215ab714014e82c125432e20d003f415eeeeb077cfca8d8ee4e65afecb74daceba95cd892865d88d5a5a321c9e4,,01/13/2020 12:30:00 PM,30,NO CONTROLS,NO CONTROLS,CLEAR,DAYLIGHT,PARKED MOTOR VEHICLE,NOT DIVIDED,,STRAIGHT AND LEVEL,DRY,NO DEFECTS,NOT ON SCENE (DESK REPORT),NO INJURY / DRIVE AWAY,,,Y,"OVER $1,500",01/13/2020 03:00:00 PM,UNABLE TO DETERMINE,UNABLE TO DETERMINE,1611,S,MORGAN ST,1235.0,,,,,,,2,NO INDICATION OF INJURY,0.0,0.0,0.0,0.0,0.0,1.0,0.0,12,2,1,41.8595094953,-87.6507845396,POINT (-87.650784539629 41.859509495259)
fddfffc991462481b5ddee3363d7ff1b5cdaadb2c4bb96aeaf2c1e29dfd2cef0a704819afe0f431bb1c1ba0e90f19e996a7d4bda395bcb92103bf6ac7b6bcdc0,,12/26/2018 03:20:00 AM,25,TRAFFIC SIGNAL,FUNCTIONING PROPERLY,CLEAR,"DARKNESS, LIGHTED ROAD",REAR END,ONE-WAY,,STRAIGHT AND LEVEL,DRY,NO DEFECTS,ON SCENE,INJURY AND / OR TOW DUE TO CRASH,Y,,Y,"$501 - $1,500",12/26/2018 03:35:00 AM,FAILING TO REDUCE SPEED TO AVOID CRASH,NOT APPLICABLE,2258,S,KEELER AVE,1013.0,,,,,,,2,NONINCAPACITATING INJURY,2.0,0.0,0.0,2.0,0.0,2.0,0.0,3,4,12,41.8496737544,-87.7296910033,POINT (-87.729691003322 41.84967375442)
277d805cba4f03d8244f9a01ef2ea2a3681c5508af93b64d8eb3d844f771ae8909e0e95fc968daa23577b742cf5ba92a8f350c1537a8978fbbbfea4c03eb8bee,,02/18/2019 11:14:00 PM,20,NO CONTROLS,NO CONTROLS,SNOW,"DARKNESS, LIGHTED ROAD",PARKED MOTOR VEHICLE,ONE-WAY,1,STRAIGHT AND LEVEL,SNOW OR SLUSH,NO DEFECTS,NOT ON SCENE (DESK REPORT),INJURY AND / OR TOW DUE TO CRASH,,,,"OVER $1,500",02/18/2019 11:14:00 PM,EXCEEDING SAFE SPEED FOR CONDITIONS,FAILING TO REDUCE SPEED TO AVOID CRASH,3803,W,GRENSHAW ST,1133.0,,,,,,,2,"REPORTED, NOT EVIDENT",2.0,0.0,0.0,0.0,2.0,1.0,0.0,23,2,2,41.8670257002,-87.7203525033,POINT (-87.720352503329 41.86702570015)
0078f7a232c9f583b40f91f4255e36627069688e78aff86993d76e781cdaa404d67e838628f2071d32a4d82a2ae6a0560cad4109db43b7016a13223ce1ecb747,,10/01/2018 02:00:00 AM,15,NO CONTROLS,NO CONTROLS,UNKNOWN,DARKNESS,PARKED MOTOR VEHICLE,ONE-WAY,,STRAIGHT AND LEVEL,UNKNOWN,NO DEFECTS,NOT ON SCENE (DESK REPORT),NO INJURY / DRIVE AWAY,,,Y,"$501 - $1,500",10/01/2018 10:00:00 PM,UNABLE TO DETERMINE,UNABLE TO DETERMINE,2800,W,FLOURNOY ST,1135.0,,,,,,,2,NO INDICATION OF INJURY,0.0,0.0,0.0,0.0,0.0,1.0,0.0,2,2,10,41.8729909679,-87.6961962818,POINT (-87.696196281792 41.872990967879)
05e5b536be48b7c83bc5c59b58732e2d3f8d33b916aabfa794f6e79d576fbb005299cc50b7383f6c9494b85d75e1f6d9923c3e17d2f087b16ecb81ab05ad7c3c,,05/01/2019 08:15:00 AM,30,NO CONTROLS,NO CONTROLS,CLEAR,DAYLIGHT,SIDESWIPE SAME DIRECTION,NOT DIVIDED,,STRAIGHT AND LEVEL,DRY,NO DEFECTS,NOT ON SCENE (DESK REPORT),NO INJURY / DRIVE AWAY,,,,"$501 - $1,500",05/02/2019 09:20:00 AM,UNABLE TO DETERMINE,UNABLE TO DETERMINE,3146,N,CLARK ST,1933.0,,,,,,,2,NO INDICATION OF INJURY,0.0,0.0,0.0,0.0,0.0,3.0,0.0,8,4,5,41.9389081073,-87.6500011757,POINT (-87.650001175721 41.938908107291)
4fdf4e8d0cb652150aa1c23b7575ae53dfc42375efcff86ebb27c056ad23285cfe4e16fcb31f734a0cb92ca1cb97d2aa3376541533877f84b3a26c71bed8cc9b,,10/22/2016 03:30:00 AM,30,NO CONTROLS,NO CONTROLS,CLEAR,UNKNOWN,PARKED MOTOR VEHICLE,DIVIDED - W/MEDIAN (NOT RAISED),2,STRAIGHT AND LEVEL,DRY,UNKNOWN,NOT ON SCENE (DESK REPORT),NO INJURY / DRIVE AWAY,,,Y,"OVER $1,500",10/22/2016 03:00:00 PM,UNABLE TO DETERMINE,UNABLE TO DETERMINE,8427,S,MARSHFIELD AVE,614.0,,,,,,,2,NO INDICATION OF INJURY,0.0,0.0,0.0,0.0,0.0,1.0,0.0,3,7,10,41.7404118509,-87.6642537437,POINT (-87.664253743742 41.74041185092)
f895ef5cc957f1334936d43b225ade86dc0d21dcef486e1574659c183f54fc315a2bdcdf8ee20b0ae485fa29c5436e66ad93dae7d164be788bff6c5a4b1eb9c2,,11/20/2021 11:50:00 AM,20,NO CONTROLS,NO CONTROLS,CLEAR,DAYLIGHT,ANGLE,ALLEY,,STRAIGHT AND LEVEL,DRY,NO DEFECTS,NOT ON SCENE (DESK REPORT),NO INJURY / DRIVE AWAY,,,,"OVER $1,500",11/24/2021 03:00:00 PM,UNABLE TO DETERMINE,UNABLE TO DETERMINE,13230,S,AVENUE O,433.0,,Y,,,,,2,NO INDICATION OF INJURY,0.0,0.0,0.0,0.0,0.0,2.0,0.0,11,7,11,41.6542279947,-87.5400371767,POINT (-87.540037176654 41.65422799475)
2e31d4236ee53cc32220852cd6f581b59977d60808af7be44dc9fb311090388804920a6050315c39466aede4fcc6257546f7700089e343768648d4af9fe5261e,,08/27/2023 09:24:00 PM,30,UNKNOWN,UNKNOWN,CLEAR,UNKNOWN,REAR END,OTHER,,STRAIGHT AND LEVEL,UNKNOWN,UNKNOWN,ON SCENE,NO INJURY / DRIVE AWAY,,,Y,"OVER $1,500",08/27/2023 09:29:00 PM,UNABLE TO DETERMINE,NOT APPLICABLE,2635,W,DEVON AVE,2413.0,,,,,,,2,NO INDICATION OF INJURY,0.0,0.0,0.0,0.0,0.0,2.0,0.0,21,1,8,41.9975129507,-87.6961285926,POINT (-87.696128592575 41.997512950671)
6365eb06b75b414652db22390e69079468a490d9c89391590ddab8d9c11d4d8848fab4332f75c19b7c73f08c9afc96130aa6836fd8f2f6c33992b2a4a7224af0,,09/06/2024 01:50:00 PM,30,STOP SIGN/FLASHER,FUNCTIONING PROPERLY,CLEAR,DAYLIGHT,ANGLE,FOUR WAY,,STRAIGHT AND LEVEL,DRY,NO DEFECTS,ON SCENE,NO INJURY / DRIVE AWAY,Y,,,"OVER $1,500",09/06/2024 01:55:00 PM,FAILING TO YIELD RIGHT-OF-WAY,UNABLE TO DETERMINE,3926,W,MONTROSE AVE,1723.0,,,,,,,2,NO INDICATION OF INJURY,0.0,0.0,0.0,0.0,0.0,2.0,0.0,13,6,9,41.9610733419,-87.7265460516,POINT (-87.726546051579 41.961073341891)
ac57daf7b03ae105a444a7044526efd697596f772e4be68b8f3c957225826f25e8a11d4ed65859c4ed0f305649998f288a195b9c2d729dc9f524a744c9091a8b,,05/01/2025 01:47:00 PM,30,NO CONTROLS,NO CONTROLS,CLEAR,DAYLIGHT,REAR END,DIVIDED - W/MEDIAN (NOT RAISED),,STRAIGHT AND LEVEL,DRY,NO DEFECTS,ON SCENE,INJURY AND / OR TOW DUE TO CRASH,,,,"OVER $1,500",05/01/2025 01:49:00 PM,UNABLE TO DETERMINE,UNABLE TO DETERMINE,6413,S,WESTERN AVE,825.0,,,,,,,2,"REPORTED, NOT EVIDENT",1.0,0.0,0.0,0.0,1.0,5.0,0.0,13,5,5,41.7769902317,-87.6834370312,POINT (-87.683437031191 41.776990231694)
9b0efb16ec8e2552eff2bd27088bde18fe468e5b83b3d356cb0d19166c6f137bf39eeb98439144ac7605fc843d0173c984b84ed3bffd3c1ca8e19fd13c0642b0,,07/24/2025 03:57:00 PM,30,NO CONTROLS,NO CONTROLS,CLEAR,DAYLIGHT,PARKED MOTOR VEHICLE,NOT DIVIDED,,STRAIGHT AND LEVEL,UNKNOWN,UNKNOWN,NOT ON SCENE (DESK REPORT),NO INJURY / DRIVE AWAY,,,Y,$500 OR LESS,07/24/2025 04:48:00 PM,UNABLE TO DETERMINE,UNABLE TO DETERMINE,7944,S,KIMBARK AVE,411.0,,,,,,,2,NO INDICATION OF INJURY,0.0,0.0,0.0,0.0,0.0,2.0,0.0,15,5,7,41.7500754737,-87.5931681886,POINT (-87.593168188583 41.750075473706)
baca00d8eeb38fe755a04afc194c679f4effd45e62d604fc61db7d3631495b932ae88113c4c871715578803d8957c65edc029ec188c07b418e490810859b2fc0,,09/03/2020 04:00:00 PM,30,NO CONTROLS,NO CONTROLS,CLEAR,DAYLIGHT,SIDESWIPE SAME DIRECTION,NOT DIVIDED,,STRAIGHT AND LEVEL,DRY,NO DEFECTS,NOT ON SCENE (DESK REPORT),NO INJURY / DRIVE AWAY,,,,"OVER $1,500",09/13/2020 11:00:00 AM,IMPROPER OVERTAKING/PASSING,NOT APPLICABLE,5200,N,ELSTON AVE,1623.0,,,,,,,2,NO INDICATION OF INJURY,0.0,0.0,0.0,0.0,0.0,2.0,0.0,16,5,9,41.9752580953,-87.7519905572,POINT (-87.751990557158 41.97525809527)
9d426c09e5673680770f7835c8e456c94b3a9097948bca9f73790b202a7f669b0f7077ed9017e6b9430dd2e121bd05a9c5a21323ad37fd1a6f2d8ad35a699e8c,,11/17/2023 11:00:00 PM,30,NO CONTROLS,NO CONTROLS,CLEAR,"DARKNESS, LIGHTED ROAD",TURNING,NOT DIVIDED,,STRAIGHT AND LEVEL,DRY,UNKNOWN,ON SCENE,INJURY AND / OR TOW DUE TO CRASH,,,Y,"OVER $1,500",11/17/2023 11:39:00 PM,UNABLE TO DETERMINE,UNABLE TO DETERMINE,299,E,CHICAGO AVE,1833.0,,,,,,,2,NONINCAPACITATING INJURY,3.0,0.0,0.0,3.0,0.0,2.0,0.0,23,6,11,41.8966739669,-87.6204384888,POINT (-87.620438488802 41.896673966901)
b194e8e4473d40cbc465a8101a5e28c162610744a2104e30e0887a2aa41481b27ac17058204251bc5007a0059db69e645dc9431b253d3dfe0f3152d97341d338,,04/29/2022 05:15:00 PM,30,TRAFFIC SIGNAL,FUNCTIONING PROPERLY,CLEAR,DAYLIGHT,ANGLE,NOT DIVIDED,,STRAIGHT AND LEVEL,DRY,NO DEFECTS,NOT ON SCENE (DESK REPORT),NO INJURY / DRIVE AWAY,,,Y,"OVER $1,500",04/29/2022 05:30:00 PM,UNABLE TO DETERMINE,UNABLE TO DETERMINE,2612,S,KEDZIE AVE,1032.0,,,,,,,2,NO INDICATION OF INJURY,0.0,0.0,0.0,0.0,0.0,4.0,0.0,17,6,4,41.8440846443,-87.7051768861,POINT (-87.705176886078 41.844084644336)
09dddf27d03872cb4a8755459d81390f91cf775f6299a6059a99de267c86ce6cccc277fba21eaeb17fd0da759ef08e9f40bffbe1cfd3146dc3831e9e816d9d42,,07/02/2018 05:55:00 PM,10,NO CONTROLS,NO CONTROLS,CLEAR,DAYLIGHT,ANGLE,PARKING LOT,,STRAIGHT AND LEVEL,DRY,NO DEFECTS,ON SCENE,NO INJURY / DRIVE AWAY,,,Y,"OVER $1,500",07/02/2018 06:00:00 PM,UNABLE TO DETERMINE,DRIVING SKILLS/KNOWLEDGE/EXPERIENCE,6448,W,63RD ST,812.0,,,,,,,2,NO INDICATION OF INJURY,0.0,0.0,0.0,0.0,0.0,2.0,0.0,17,2,7,41.7777570045,-87.7832291429,POINT (-87.783229142861 41.777757004529)