CRASH_RECORD_ID,CRASH_DATE_EST_I,CRASH_DATE,POSTED_SPEED_LIMIT,TRAFFIC_CONTROL_DEVICE,DEVICE_CONDITION,WEATHER_CONDITION,LIGHTING_CONDITION,FIRST_CRASH_TYPE,TRAFFICWAY_TYPE,LANE_CNT,ALIGNMENT,ROADWAY_SURFACE_COND,ROAD_DEFECT,REPORT_TYPE,CRASH_TYPE,INTERSECTION_RELATED_I,NOT_RIGHT_OF_WAY_I,HIT_AND_RUN_I,DAMAGE,DATE_POLICE_NOTIFIED,PRIM_CONTRIBUTORY_CAUSE,SEC_CONTRIBUTORY_CAUSE,STREET_NO,STREET_DIRECTION,STREET_NAME,BEAT_OF_OCCURRENCE,PHOTOS_TAKEN_I,STATEMENTS_TAKEN_I,DOORING_I,WORK_ZONE_I,WORK_ZONE_TYPE,WORKERS_PRESENT_I,NUM_UNITS,MOST_SEVERE_INJURY,INJURIES_TOTAL,INJURIES_FATAL,INJURIES_INCAPACITATING,INJURIES_NON_INCAPACITATING,INJURIES_REPORTED_NOT_EVIDENT,INJURIES_NO_INDICATION,INJURIES_UNKNOWN,CRASH_HOUR,CRASH_DAY_OF_WEEK,CRASH_MONTH,LATITUDE,LONGITUDE,LOCATION
5db3124541bd17e1ccc29bd46187e7035cab4f0c2a52d579a95a478a760e558a526034660e2d5e6b45496f0fe51a1d78df1e42cc5e886c4b6bfb7353f781997c,,10/01/2025 09:06:00 AM,30,TRAFFIC SIGNAL,FUNCTIONING PROPERLY,CLEAR,DAYLIGHT,REAR END,DIVIDED - W/MEDIAN (NOT RAISED),,STRAIGHT AND LEVEL,DRY,NO DEFECTS,NOT ON SCENE (DESK REPORT),NO INJURY / DRIVE AWAY,,,,"OVER $1,500",10/01/2025 10:41:00 AM,FOLLOWING TOO CLOSELY,UNABLE TO DETERMINE,2515,S,HALSTED ST,914.0,,,,,,,2,NO INDICATION OF INJURY,0.0,0.0,0.0,0.0,0.0,2.0,0.0,9,4,10,41.8466115003,-87.646322101,POINT (-87.646322101047 41.846611500337)
b7cc301185c8f15e48b629bd40ae1121d33e787d2cfbf5356e69d4de71375ce9fc4c38cf822aa601d3052fbdb05fdf333e02022df65e17353177ab1b0a0661b7,,12/02/2020 08:06:00 PM,30,STOP SIGN/FLASHER,FUNCTIONING PROPERLY,CLEAR,"DARKNESS, LIGHTED ROAD",ANGLE,FOUR WAY,,STRAIGHT AND LEVEL,DRY,UNKNOWN,ON SCENE,INJURY AND / OR TOW DUE TO CRASH,Y,,Y,"OVER $1,500",12/02/2020 08:07:00 PM,FAILING TO REDUCE SPEED TO AVOID CRASH,UNABLE TO DETERMINE,5802,W,ROOSEVELT RD,1513.0,,,,,,,3,NO INDICATION OF INJURY,0.0,0.0,0.0,0.0,0.0,5.0,0.0,20,4,12,41.865636363,-87.7693699046,POINT (-87.769369904571 41.865636363007)
779084bcc57b50f01cd22b6ff43d32b05f0dd0e69a42a1a61e7b52a4ae9582346a136b6815438405409cba1ca9b66e44c9990ba1c853e7e5ee3350da8017e2ba,,09/22/2025 05:15:00 AM,30,NO CONTROLS,NO CONTROLS,CLEAR,"DARKNESS, LIGHTED ROAD",PARKED MOTOR VEHICLE,NOT DIVIDED,,STRAIGHT AND LEVEL,DRY,NO DEFECTS,ON SCENE,NO INJURY / DRIVE AWAY,,,Y,$500 OR LESS,09/22/2025 06:00:00 AM,UNABLE TO DETERMINE,NOT APPLICABLE,8916,S,MACKINAW AVE,424.0,,,,,,,2,NO INDICATION OF INJURY,0.0,0.0,0.0,0.0,0.0,1.0,0.0,5,2,9,41.7332699952,-87.5431185083,POINT (-87.543118508274 41.733269995154)
7b421a2fbfe237b8191f8c0dc200a1ac5880e07249afe9fe51dae4031867f1900eabfdce5adc99d6337f1ea173a8639b0a259edea247a0ce2bb54acba178ab11,,06/27/2025 11:30:00 PM,30,NO CONTROLS,NO CONTROLS,CLEAR,"DARKNESS, LIGHTED ROAD",FIXED OBJECT,ONE-WAY,,STRAIGHT AND LEVEL,DRY,NO DEFECTS,ON SCENE,INJURY AND / OR TOW DUE TO CRASH,,,,$500 OR LESS,06/27/2025 11:31:00 PM,UNABLE TO DETERMINE,NOT APPLICABLE,6199,S,WENTWORTH AVE,311.0,,,,,,,1,NONINCAPACITATING INJURY,1.0,0.0,0.0,1.0,0.0,0.0,0.0,23,6,6,41.7817548157,-87.630017933,POINT (-87.630017933007 41.781754815672)
a6fc5ed442c033c9dd07dea4869d03f076f544b8bead88ed2aba8540205f204004b2da92591a25c5591420852170715ea4e81a54a2c1c5e9615b59fd6903cf0b,,10/19/2020 08:57:00 PM,30,NO CONTROLS,NO CONTROLS,CLOUDY/OVERCAST,"DARKNESS, LIGHTED ROAD",FIXED OBJECT,DIVIDED - W/MEDIAN (NOT RAISED),,STRAIGHT AND LEVEL,WET,NO DEFECTS,ON SCENE,INJURY AND / OR TOW DUE TO CRASH,,,,"OVER $1,500",10/19/2020 08:57:00 PM,NOT APPLICABLE,NOT APPLICABLE,315,N,CENTRAL PARK AVE,1123.0,,,,,,,1,"REPORTED, NOT EVIDENT",1.0,0.0,0.0,0.0,1.0,0.0,0.0,20,2,10,41.8868053376,-87.7159223515,POINT (-87.715922351498 41.886805337564)
903411407a42a76818f6ed547bff637076ec275f0a95469383c10f827e62f02602749fd55a1d4c9ae00b29f3b9d2ca57ca66a687ebca45ff40b86ab37959a319,,07/24/2023 01:51:00 AM,30,NO CONTROLS,NO CONTROLS,CLEAR,"DARKNESS, LIGHTED ROAD",FIXED OBJECT,NOT DIVIDED,,STRAIGHT AND LEVEL,DRY,NO DEFECTS,,INJURY AND / OR TOW DUE TO CRASH,,,,"OVER $1,500",07/24/2023 01:52:00 AM,UNABLE TO DETERMINE,UNABLE TO DETERMINE,1817,S,PULASKI RD,1014.0,,,,,,,1,FATAL,1.0,1.0,0.0,0.0,0.0,0.0,0.0,1,2,7,41.8565033825,-87.7247472156,POINT (-87.724747215623 41.856503382462)
27ee9b492251b84a6d15d0517dab1a931a4b1c4cb320b29b97d8a9e867b964d05e4c40f0cde2ee5077f85d572214cfbf809bff244e4e120d3ef964e6f688186a,,04/12/2019 05:36:00 PM,15,NO CONTROLS,NO CONTROLS,CLEAR,DAYLIGHT,PARKED MOTOR VEHICLE,PARKING LOT,,STRAIGHT AND LEVEL,DRY,NO DEFECTS,NOT ON SCENE (DESK REPORT),NO INJURY / DRIVE AWAY,,Y,Y,"$501 - $1,500",04/12/2019 06:53:00 PM,UNABLE TO DETERMINE,UNABLE TO DETERMINE,322,E,ILLINOIS ST,1834.0,,,,,,,2,NO INDICATION OF INJURY,0.0,0.0,0.0,0.0,0.0,1.0,0.0,17,6,4,41.8911331709,-87.619160207,POINT (-87.619160207046 41.891133170855)
c490bad5031c20325e9fa226d58bae73d06d7ba63eb6eeb1e57bbf85366328f7af424b0b3d47f5860e3f48fe37bd46ff15dafe37ed551fe7ee6bf29c47243131,Y,10/16/2025 12:00:00 AM,10,NO CONTROLS,NO CONTROLS,UNKNOWN,UNKNOWN,PARKED MOTOR VEHICLE,PARKING LOT,,STRAIGHT AND LEVEL,DRY,NO DEFECTS,ON SCENE,NO INJURY / DRIVE AWAY,,Y,,$500 OR LESS,10/16/2025 08:30:00 AM,NOT APPLICABLE,NOT APPLICABLE,511,N,COLUMBUS DR,1834.0,,,,,,,2,NO INDICATION OF INJURY,0.0,0.0,0.0,0.0,0.0,1.0,0.0,0,5,10,41.8914048807,-87.6200812297,POINT (-87.620081229738 41.891404880694)
657671047eacc45e94bbb89b126f52d2df9d4eaf5c228b73099978b9a54e345d7b50a793845f6e52ce96aa835718826cef9bb31bae6290891fbaaf558ed396c2,,06/05/2022 04:22:00 PM,30,TRAFFIC SIGNAL,FUNCTIONING PROPERLY,CLEAR,DAYLIGHT,REAR TO SIDE,FOUR WAY,,STRAIGHT AND LEVEL,DRY,NO DEFECTS,ON SCENE,INJURY AND / OR TOW DUE TO CRASH,Y,,Y,"OVER $1,500",06/05/2022 04:30:00 PM,UNABLE TO DETERMINE,UNABLE TO DETERMINE,1701,N,LA SALLE DR,1814.0,,,,,,,3,NO INDICATION OF INJURY,0.0,0.0,0.0,0.0,0.0,5.0,0.0,16,1,6,41.9128756647,-87.6329741852,POINT (-87.632974185213 41.912875664741)
3acbf9bb28df640476b5a2a51d3b86dcfd0e2f0f876296bcee2b5774739dbd6d09cc9c3965abb650ae656bf6b65c6912f5de6e22e130e036edfa0eda0616c459,,02/09/2022 04:30:00 PM,30,NO CONTROLS,NO CONTROLS,CLEAR,DUSK,REAR END,NOT DIVIDED,,STRAIGHT AND LEVEL,DRY,NO DEFECTS,NOT ON SCENE (DESK REPORT),NO INJURY / DRIVE AWAY,,,,"$501 - $1,500",02/09/2022 05:20:00 PM,UNABLE TO DETERMINE,UNABLE TO DETERMINE,2300,S,CALIFORNIA AVE,1033.0,,,,,,,2,NO INDICATION OF INJURY,0.0,0.0,0.0,0.0,0.0,2.0,0.0,16,4,2,41.850031719,-87.6955434727,POINT (-87.695543472666 41.850031719008)
803e68e2d8f4e489f3d2a633c93c324ad962bb8e89903331f7b5ebe48123aead60c2c43a09d43f4fbd93c5cf9bddc15012ecbb5fbfabbbdbd2832f650b0b70aa,,11/16/2017 02:00:00 PM,30,TRAFFIC SIGNAL,FUNCTIONING PROPERLY,CLEAR,DAYLIGHT,SIDESWIPE SAME DIRECTION,DIVIDED - W/MEDIAN BARRIER,4,STRAIGHT AND LEVEL,DRY,NO DEFECTS,NOT ON SCENE (DESK REPORT),NO INJURY / DRIVE AWAY,,,,"$501 - $1,500",11/16/2017 09:15:00 PM,IMPROPER OVERTAKING/PASSING,UNABLE TO DETERMINE,9500,S,JEFFERY AVE,431.0,,,,,,,2,NO INDICATION OF INJURY,0.0,0.0,0.0,0.0,0.0,2.0,0.0,14,5,11,41.722375907,-87.5754999033,POINT (-87.575499903328 41.722375907041)
bc1c5afc8dc7b5113fd1b22a011e387e06b191e84d579519dc259b6c621d1105005eceaeb89ac6a5cdb5726e67bdf9e929050f48e24918d36fb728acf337b3f5,,11/16/2022 03:10:00 PM,30,UNKNOWN,UNKNOWN,CLEAR,DAYLIGHT,ANGLE,UNKNOWN INTERSECTION TYPE,,STRAIGHT AND LEVEL,UNKNOWN,UNKNOWN,,NO INJURY / DRIVE AWAY,,,,"OVER $1,500",11/16/2022 11:30:00 PM,UNABLE TO DETERMINE,UNABLE TO DETERMINE,1200,W,RANDOLPH ST,1224.0,,,,,,,2,NO INDICATION OF INJURY,0.0,0.0,0.0,0.0,0.0,2.0,0.0,15,4,11,41.8843519145,-87.6567875881,POINT (-87.656787588102 41.884351914473)
5e638d8073994fa8978370ff7d64c915d77ce9c40f04754b9200182b860daafcf42d00c041d5c5849f8e2e66cea634739f6e6c613e31873b960f3d4525497cc4,,04/13/2023 07:59:00 PM,30,NO CONTROLS,NO CONTROLS,CLEAR,DARKNESS,REAR END,NOT DIVIDED,,STRAIGHT AND LEVEL,DRY,NO DEFECTS,NOT ON SCENE (DESK REPORT),INJURY AND / OR TOW DUE TO CRASH,,,Y,"$501 - $1,500",04/14/2023 06:04:00 PM,FOLLOWING TOO CLOSELY,NOT APPLICABLE,5200,S,PULASKI RD,815.0,,,,,,,2,NONINCAPACITATING INJURY,3.0,0.0,0.0,3.0,0.0,2.0,0.0,19,5,4,41.798505044,-87.7234587371,POINT (-87.723458737142 41.798505044022)
5a42783cd02aa7c620b0fab98789944e9ec77334b4744113eb03052f91c53cc1c48d8077b1ded1363765789300667bdce15a8954ba7f65ea6d3f7172496cd1c2,,11/02/2021 07:40:00 AM,30,NO CONTROLS,NO CONTROLS,CLEAR,DAWN,FIXED OBJECT,NOT DIVIDED,,STRAIGHT AND LEVEL,DRY,NO DEFECTS,ON SCENE,INJURY AND / OR TOW DUE TO CRASH,,,,"OVER $1,500",11/02/2021 07:40:00 AM,"OPERATING VEHICLE IN ERRATIC, RECKLESS, CARELESS, NEGLIGENT OR AGGRESSIVE MANNER",UNABLE TO DETERMINE,8146,S,COTTAGE GROVE AVE,631.0,,,,,,,1,NO INDICATION OF INJURY,0.0,0.0,0.0,0.0,0.0,1.0,0.0,7,3,11,41.7462278822,-87.6052430302,POINT (-87.60524303022 41.746227882243)
8076e15de83ee1d8c0994100f60bf56d2751e96ddea870faff658467cdc02f747c09c078712af0821ab99aa8af7ec843a04fa5f031c049dacf4fc91c324feb6a,,11/19/2024 10:55:00 AM,30,STOP SIGN/FLASHER,FUNCTIONING PROPERLY,CLEAR,DAYLIGHT,ANGLE,FOUR WAY,,STRAIGHT AND LEVEL,DRY,NO DEFECTS,ON SCENE,INJURY AND / OR TOW DUE TO CRASH,Y,,Y,"OVER $1,500",11/19/2024 10:58:00 AM,DISREGARDING STOP SIGN,UNABLE TO DETERMINE,430,N,HALSTED PKWY,1214.0,,,,,,,2,"REPORTED, NOT EVIDENT",1.0,0.0,0.0,0.0,1.0,1.0,0.0,10,3,11,41.890077898,-87.6477560898,POINT (-87.647756089786 41.89007789797)
9b04db9d52d5420266215a01f909a5d5bd2020a3bc5f589de3ed571bc38968ffd5ba9dd4fd1a075013fa1e286c73ee5bf11804e4b89874ebb2b28605112f7618,,07/10/2021 04:12:00 PM,30,UNKNOWN,UNKNOWN,RAIN,DAYLIGHT,ANGLE,FOUR WAY,,STRAIGHT AND LEVEL,WET,UNKNOWN,ON SCENE,INJURY AND / OR TOW DUE TO CRASH,,,,"OVER $1,500",07/10/2021 04:19:00 PM,FAILING TO YIELD RIGHT-OF-WAY,FAILING TO REDUCE SPEED TO AVOID CRASH,398,S,HOMAN AVE,1133.0,,,,,,,2,NONINCAPACITATING INJURY,1.0,0.0,0.0,1.0,0.0,2.0,0.0,16,7,7,41.8754866667,-87.7109748158,POINT (-87.710974815795 41.875486666656)
9ad9917dd18b24767b63e84206f7f203466da7ef4f2d53d6d4460ee3f6c855f658670ca877d46f81664f1ca2349514b34c5d6a59d754b5b3d97db15008d716de,,12/26/2019 01:07:00 PM,15,NO CONTROLS,NO CONTROLS,CLEAR,DAYLIGHT,TURNING,NOT DIVIDED,,STRAIGHT AND LEVEL,DRY,NO DEFECTS,ON SCENE,NO INJURY / DRIVE AWAY,,,,"OVER $1,500",12/26/2019 01:10:00 PM,IMPROPER TURNING/NO SIGNAL,UNABLE TO DETERMINE,1563,E,HYDE PARK BLVD,234.0,,,,,,,2,NO INDICATION OF INJURY,0.0,0.0,0.0,0.0,0.0,2.0,0.0,13,5,12,41.8023791018,-87.5866780991,POINT (-87.586678099098 41.802379101841)
7d970d73c4e82173155c6f7c8e469335eb826a5c04e2c4eac935103f53895abfa5997f66fc3d38536fca30d373695656f4e640dfd55bd304ff383c1cb6a775c7,,08/08/2016 06:47:00 PM,5,NO CONTROLS,NO CONTROLS,CLEAR,DAYLIGHT,SIDESWIPE OPPOSITE DIRECTION,PARKING LOT,0,STRAIGHT AND LEVEL,DRY,NO DEFECTS,NOT ON SCENE (DESK REPORT),NO INJURY / DRIVE AWAY,,,,"OVER $1,500",08/08/2016 07:40:00 PM,DRIVING SKILLS/KNOWLEDGE/EXPERIENCE,UNABLE TO DETERMINE,1411,W,87TH ST,2222.0,,,,,,,2,NO INDICATION OF INJURY,0.0,0.0,0.0,0.0,0.0,2.0,0.0,18,2,8,41.7357448514,-87.6587177057,POINT (-87.658717705659 41.735744851366)
034fd314db616cf25b6ce94113c4eceaadd5ae4e3786ea9aa4b00b61ecd978312c328dfb6f388c90ce66f3e95f22b09a014e7a11efbefa9e686a75fb4109a2c3,,03/24/2022 09:00:00 PM,30,UNKNOWN,UNKNOWN,UNKNOWN,UNKNOWN,PARKED MOTOR VEHICLE,UNKNOWN,,STRAIGHT AND LEVEL,UNKNOWN,UNKNOWN,NOT ON SCENE (DESK REPORT),NO INJURY / DRIVE AWAY,,,,"OVER $1,500",03/27/2022 12:13:00 PM,UNABLE TO DETERMINE,NOT APPLICABLE,9622,S,BALTIMORE AVE,431.0,,,,,,,2,NO INDICATION OF INJURY,0.0,0.0,0.0,0.0,0.0,1.0,0.0,21,5,3,41.7202591016,-87.5484290684,POINT (-87.548429068405 41.720259101624)
01011b87b6642c13be19d2f633a5cc66997e4494ebfa7915e76fdb739570b09b0ece87a06b234b9d074fa0927c90c0602f1e5f26bf6a8eece4bcf3a31e86d024,,08/27/2025 03:18:00 PM,30,STOP SIGN/FLASHER,FUNCTIONING PROPERLY,CLOUDY/OVERCAST,DAYLIGHT,ANGLE,NOT DIVIDED,,STRAIGHT AND LEVEL,DRY,UNKNOWN,,NO INJURY / DRIVE AWAY,Y,,,"OVER $1,500",08/27/2025 04:44:00 PM,UNABLE TO DETERMINE,UNABLE TO DETERMINE,4504,N,AUSTIN AVE,1622.0,,,,,,,2,NO INDICATION OF INJURY,0.0,0.0,0.0,0.0,0.0,2.0,0.0,15,4,8,41.9624049165,-87.777234817,POINT (-87.777234817005 41.96240491648)
51bc426b6f6972a505394689324ec2fcf1be587a8c8d793115afabfa03f624d42c37d36c3e87ed8dda546ec499db3cf292fc77175f11ba9bf1bf106082ebaedb,,06/30/2025 03:48:00 PM,30,NO CONTROLS,NO CONTROLS,CLEAR,DAYLIGHT,SIDESWIPE OPPOSITE DIRECTION,NOT DIVIDED,,STRAIGHT AND LEVEL,DRY,NO DEFECTS,ON SCENE,INJURY AND / OR TOW DUE TO CRASH,,,,"OVER $1,500",06/30/2025 03:50:00 PM,IMPROPER LANE USAGE,UNABLE TO DETERMINE,5808,W,DIVISION ST,2531.0,,,,,,,3,NONINCAPACITATING INJURY,2.0,0.0,0.0,1.0,1.0,1.0,0.0,15,2,6,41.9021741502,-87.7709359493,POINT (-87.77093594934 41.902174150167)
99e1a732d598a1935709c0af5ea61c1d2a7966a34c5e1e1bb9df63e8eea832b77557be5c79f553c7881a031cc4910d14a7edce78a3fa2f293d980ab8d82ecf6b,,12/27/2021 11:50:00 PM,30,TRAFFIC SIGNAL,FUNCTIONING PROPERLY,CLEAR,DUSK,ANGLE,DIVIDED - W/MEDIAN (NOT RAISED),,STRAIGHT AND LEVEL,DRY,NO DEFECTS,NOT ON SCENE (DESK REPORT),NO INJURY / DRIVE AWAY,Y,,,"OVER $1,500",12/28/2021 12:30:00 AM,DISREGARDING TRAFFIC SIGNALS,FAILING TO YIELD RIGHT-OF-WAY,1000,N,ORLEANS ST,1823.0,,,,,,,2,NO INDICATION OF INJURY,0.0,0.0,0.0,0.0,0.0,2.0,0.0,23,2,12,41.900540899,-87.6374711807,POINT (-87.637471180668 41.900540898994)
e54bd18551b5ca0253d8856945565c700aba80a0678cc45e10f9ffe8a039c4964f5bbdaaa79676791844fa260669b9cc428091ff5ed79ae695f77355426ca08b,,05/30/2023 08:00:00 PM,20,NO CONTROLS,NO CONTROLS,CLEAR,DARKNESS,PARKED MOTOR VEHICLE,ONE-WAY,,STRAIGHT AND LEVEL,DRY,UNKNOWN,ON SCENE,NO INJURY / DRIVE AWAY,,,Y,"$501 - $1,500",05/30/2023 11:56:00 PM,UNABLE TO DETERMINE,UNABLE TO DETERMINE,3911,W,VAN BUREN ST,1132.0,,,,,,,2,NO INDICATION OF INJURY,0.0,0.0,0.0,0.0,0.0,1.0,0.0,20,3,5,41.8751829737,-87.7235386591,POINT (-87.723538659084 41.875182973741)
b6193dabcb4f3d65c8d5cff913568e8a0d3c1373358eaf24b7bf0d15e978ce1b83b03dece1a665a944360288dd54d7eaabb97933e5dd496184a546a8e1452541,,10/13/2015 06:45:00 PM,30,TRAFFIC SIGNAL,FUNCTIONING PROPERLY,CLEAR,DARKNESS,TURNING,ONE-WAY,,STRAIGHT AND LEVEL,DRY,NO DEFECTS,NOT ON SCENE (DESK REPORT),NO INJURY / DRIVE AWAY,,,,"OVER $1,500",10/13/2015 07:20:00 PM,FOLLOWING TOO CLOSELY,NOT APPLICABLE,200,S,DEARBORN ST,113.0,,,,,,,2,NO INDICATION OF INJURY,0.0,0.0,0.0,0.0,0.0,2.0,0.0,18,3,10,41.8793733209,-87.6294976364,POINT (-87.629497636384 41.879373320875)
327e072b6b8af8efafec545f5cf7ca45b2130e384951898db027b4f0967ea59a46350519a12e92d06c2de0115d72835a9e1372e3aec5e764cf74073248fcc80c,,06/29/2018 08:30:00 PM,0,NO CONTROLS,NO CONTROLS,CLEAR,DAWN,TURNING,NOT DIVIDED,2,STRAIGHT AND LEVEL,DRY,NO DEFECTS,NOT ON SCENE (DESK REPORT),NO INJURY / DRIVE AWAY,,,,$500 OR LESS,06/29/2018 09:00:00 PM,FAILING TO YIELD RIGHT-OF-WAY,NOT APPLICABLE,8058,S,HALSTED ST,621.0,,,,,,,2,NO INDICATION OF INJURY,0.0,0.0,0.0,0.0,0.0,2.0,0.0,20,6,6,41.7470860989,-87.6440843829,POINT (-87.64408438293 41.747086098941)
f6df4616a373357b948ac36fa9b933fa4ae72ce9b57879095ba0e94c1ebf8dcb36d127fae4fc81586dbfb0816e29faafc12b87ea49e1b1ac2df2d6de45aa6621,Y,02/23/2016 10:00:00 PM,30,NO CONTROLS,NO CONTROLS,CLEAR,UNKNOWN,PARKED MOTOR VEHICLE,ONE-WAY,1,STRAIGHT AND LEVEL,DRY,NO DEFECTS,ON SCENE,NO INJURY / DRIVE AWAY,,,Y,"$501 - $1,500",02/24/2016 07:57:00 AM,NOT APPLICABLE,NOT APPLICABLE,7338,S,CRANDON AVE,333.0,,,,,,,2,NO INDICATION OF INJURY,0.0,0.0,0.0,0.0,0.0,1.0,0.0,22,3,2,41.761431334,-87.5690000724,POINT (-87.569000072437 41.761431333955)
bd886d3aba6d2d4f339d60d5fe8835a1e1b36d252e4e1799cdf862348502d2084ca3dd18e203a8869fa7d03717e2e6e5bf007301bf87168353f4cd85965c1657,,06/01/2019 02:45:00 PM,30,TRAFFIC SIGNAL,FUNCTIONING PROPERLY,CLEAR,DAYLIGHT,SIDESWIPE SAME DIRECTION,DIVIDED - W/MEDIAN BARRIER,,STRAIGHT AND LEVEL,DRY,NO DEFECTS,NOT ON SCENE (DESK REPORT),NO INJURY / DRIVE AWAY,,,,"OVER $1,500",06/02/2019 12:10:00 PM,IMPROPER LANE USAGE,FAILING TO REDUCE SPEED TO AVOID CRASH,5549,N,HARLEM AVE,1613.0,,,,,,,2,NO INDICATION OF INJURY,0.0,0.0,0.0,0.0,0.0,2.0,0.0,14,7,6,41.9821875473,-87.8067942034,POINT (-87.806794203442 41.982187547283)
45d156359075567e16fb96f69ee30aea48357d2404906b4023d53c917698aefde05bd9c9c08cdb42a7e474b45f4816c110ef3b982b50fd9a9d8deb998bc245b5,,03/11/2021 08:00:00 PM,5,NO CONTROLS,NO CONTROLS,CLEAR,DAYLIGHT,PARKED MOTOR VEHICLE,PARKING LOT,,STRAIGHT AND LEVEL,DRY,NO DEFECTS,ON SCENE,NO INJURY / DRIVE AWAY,,Y,,$500 OR LESS,03/12/2021 03:22:00 PM,UNABLE TO DETERMINE,IMPROPER OVERTAKING/PASSING,1659,W,OGDEN AVE,1224.0,,,,,,,2,NO INDICATION OF INJURY,0.0,0.0,0.0,0.0,0.0,1.0,0.0,20,5,3,41.879430511,-87.6683123823,POINT (-87.668312382326 41.879430511003)
eff8b6c5a8a660f491808b878dac0d1c07e263e0c22fd395eee6a84e797c809c281ac7566646164ae515ca1f3b9b9bed0113914433c938538841c144e2de88c6,,06/19/2018 07:08:00 PM,30,TRAFFIC SIGNAL,FUNCTIONING PROPERLY,CLEAR,DAYLIGHT,REAR END,NOT DIVIDED,5,STRAIGHT AND LEVEL,DRY,NO DEFECTS,ON SCENE,NO INJURY / DRIVE AWAY,Y,,Y,"$501 - $1,500",06/19/2018 07:10:00 PM,FAILING TO REDUCE SPEED TO AVOID CRASH,UNABLE TO DETERMINE,5058,S,DR MARTIN LUTHER KING JR DR,224.0,,,,,,,2,NO INDICATION OF INJURY,0.0,0.0,0.0,0.0,0.0,2.0,0.0,19,3,6,41.8021291128,-87.6162661371,POINT (-87.616266137102 41.802129112775)
efbebf019efe8c13aad57127fec0b703e1abcaf67b18d685d2f576fb5ec3831e3177e29d982980469df610708731e72909381d9683e7ab33767b91b21d2d10b2,,02/24/2024 11:00:00 AM,30,STOP SIGN/FLASHER,FUNCTIONING PROPERLY,CLEAR,DAYLIGHT,REAR END,NOT DIVIDED,,STRAIGHT AND LEVEL,DRY,NO DEFECTS,NOT ON SCENE (DESK REPORT),NO INJURY / DRIVE AWAY,,,,"OVER $1,500",02/24/2024 12:15:00 PM,UNABLE TO DETERMINE,NOT APPLICABLE,3000,N,HALSTED ST,1933.0,,,,,,,2,NO INDICATION OF INJURY,0.0,0.0,0.0,0.0,0.0,2.0,0.0,11,7,2,41.9364480108,-87.6492907515,POINT (-87.649290751512 41.936448010798)
4262297524a8866609f95a21cb8fd78e5aed99ecadf1fdbaca1604eaa5b33440e699c279ba790a4c37bc0b8cb3bc2c1e50067347a5c9afb4e8a18d65b8a541cd,,12/21/2022 07:56:00 AM,30,NO CONTROLS,NO CONTROLS,CLEAR,DAYLIGHT,SIDESWIPE SAME DIRECTION,NOT DIVIDED,,STRAIGHT AND LEVEL,DRY,UNKNOWN,ON SCENE,INJURY AND / OR TOW DUE TO CRASH,,,,"OVER $1,500",12/21/2022 07:59:00 AM,IMPROPER TURNING/NO SIGNAL,IMPROPER LANE USAGE,7237,W,DEVON AVE,1612.0,,,,,,,2,NO INDICATION OF INJURY,0.0,0.0,0.0,0.0,0.0,2.0,0.0,7,4,12,41.9974089568,-87.8080986292,POINT (-87.808098629221 41.997408956761)
b8e9449b5cd911dcd2aeb34db3497b088c0f240638b1c4b53b5d206e305e77cf01d7a619ef9e2b388c8067f0bfca6d8820af00f633e93f08e413b328ce461a4b,,11/14/2025 02:50:00 PM,30,TRAFFIC SIGNAL,FUNCTIONING PROPERLY,CLEAR,DAYLIGHT,REAR END,NOT DIVIDED,,STRAIGHT AND LEVEL,DRY,NO DEFECTS,NOT ON SCENE (DESK REPORT),INJURY AND / OR TOW DUE TO CRASH,,,,"OVER $1,500",11/14/2025 03:17:00 PM,FOLLOWING TOO CLOSELY,NOT APPLICABLE,7100,S,PULASKI RD,833.0,,,,,,,2,NONINCAPACITATING INJURY,2.0,0.0,0.0,2.0,0.0,0.0,0.0,14,6,11,41.7640077493,-87.7224991077,POINT (-87.722499107707 41.764007749308)
dbd1ce84090be345c8085326d12f2618e3ea370c728e126aa493e412e76ef5e8f4ce4a8cfd96b2e3b33be958593ec1f67d161bdfa43bfe8827260dce9d0275d6,,09/25/2022 12:25:00 AM,30,NO CONTROLS,NO CONTROLS,CLEAR,"DARKNESS, LIGHTED ROAD",FIXED OBJECT,FOUR WAY,,STRAIGHT AND LEVEL,WET,NO DEFECTS,ON SCENE,INJURY AND / OR TOW DUE TO CRASH,Y,Y,,"OVER $1,500",09/25/2022 12:48:00 AM,UNABLE TO DETERMINE,WEATHER,10624,S,WENTWORTH AVE,512.0,,,,,,,1,NO INDICATION OF INJURY,0.0,0.0,0.0,0.0,0.0,2.0,0.0,0,1,9,41.7007674239,-87.6282573114,POINT (-87.628257311384 41.700767423916)
f6b4ad5cc5f290ed97289837855f62cb376c0814790586129dd587d976e15b176f1bd5b8a44b0640b94ebba5d70e8968bed392d82a183b52c195edc964b03722,,10/09/2023 02:08:00 PM,30,STOP SIGN/FLASHER,UNKNOWN,UNKNOWN,UNKNOWN,TURNING,T-INTERSECTION,,STRAIGHT AND LEVEL,UNKNOWN,UNKNOWN,NOT ON SCENE (DESK REPORT),NO INJURY / DRIVE AWAY,Y,,,"$501 - $1,500",10/11/2023 12:50:00 PM,UNABLE TO DETERMINE,NOT APPLICABLE,7301,N,WESTERN AVE,2411.0,,,,,,,2,NO INDICATION OF INJURY,0.0,0.0,0.0,0.0,0.0,3.0,0.0,14,2,10,42.0141820295,-87.6900839861,POINT (-87.690083986099 42.014182029503)