CRASH_RECORD_ID,CRASH_DATE_EST_I,CRASH_DATE,POSTED_SPEED_LIMIT,TRAFFIC_CONTROL_DEVICE,DEVICE_CONDITION,WEATHER_CONDITION,LIGHTING_CONDITION,FIRST_CRASH_TYPE,TRAFFICWAY_TYPE,LANE_CNT,ALIGNMENT,ROADWAY_SURFACE_COND,ROAD_DEFECT,REPORT_TYPE,CRASH_TYPE,INTERSECTION_RELATED_I,NOT_RIGHT_OF_WAY_I,HIT_AND_RUN_I,DAMAGE,DATE_POLICE_NOTIFIED,PRIM_CONTRIBUTORY_CAUSE,SEC_CONTRIBUTORY_CAUSE,STREET_NO,STREET_DIRECTION,STREET_NAME,BEAT_OF_OCCURRENCE,PHOTOS_TAKEN_I,STATEMENTS_TAKEN_I,DOORING_I,WORK_ZONE_I,WORK_ZONE_TYPE,WORKERS_PRESENT_I,NUM_UNITS,MOST_SEVERE_INJURY,INJURIES_TOTAL,INJURIES_FATAL,INJURIES_INCAPACITATING,INJURIES_NON_INCAPACITATING,INJURIES_REPORTED_NOT_EVIDENT,INJURIES_NO_INDICATION,INJURIES_UNKNOWN,CRASH_HOUR,CRASH_DAY_OF_WEEK,CRASH_MONTH,LATITUDE,LONGITUDE,LOCATION
6431a75c1179fbcfec7381db3b8a3e951685ea9e96e5432aad3aefbea40db27d9d2adf303de6af057015719c8b2e1a33a6baae1968ba328cb4c9a6effe55f466,,07/20/2018 03:20:00 PM,35,NO CONTROLS,NO CONTROLS,RAIN,DAYLIGHT,SIDESWIPE SAME DIRECTION,NOT DIVIDED,4,STRAIGHT AND LEVEL,WET,UNKNOWN,ON SCENE,NO INJURY / DRIVE AWAY,,,,$500 OR LESS,07/20/2018 03:24:00 PM,UNABLE TO DETERMINE,NOT APPLICABLE,6500,N,WESTERN AVE,2412.0,,,,,,,2,NO INDICATION OF INJURY,0.0,0.0,0.0,0.0,0.0,3.0,0.0,15,6,7,41.9996324383,-87.690080925,POINT (-87.690080925006 41.999632438278)
7d4f3d68ff819d2d768e74fd7da17d56693d4d0948f8c88e4c955d0931d27ed7d70aeafc879558df62ad1e817b3ead9b9ec3dac4b424865e05e2dc1913b3d681,,08/02/2017 04:20:00 PM,30,TRAFFIC SIGNAL,FUNCTIONING PROPERLY,CLEAR,DAYLIGHT,TURNING,NOT DIVIDED,4,STRAIGHT AND LEVEL,DRY,NO DEFECTS,ON SCENE,INJURY AND / OR TOW DUE TO CRASH,Y,,,"OVER $1,500",08/02/2017 04:26:00 PM,FAILING TO YIELD RIGHT-OF-WAY,DRIVING SKILLS/KNOWLEDGE/EXPERIENCE,600,S,LARAMIE AVE,1522.0,,,,,,,2,NO INDICATION OF INJURY,0.0,0.0,0.0,0.0,0.0,3.0,0.0,16,4,8,41.8728955367,-87.7549520342,POINT (-87.754952034216 41.872895536655)
0433486c307fafa52b95c0bd03e30299b733b26e9334862cade5dc3041847c2e0d8f505902656741826b5bd927ed169f41a14ca4f285f0c3547e001b44fd4f5e,Y,11/12/2019 11:00:00 AM,20,NO CONTROLS,NO CONTROLS,CLEAR,DAYLIGHT,PARKED MOTOR VEHICLE,NOT DIVIDED,,STRAIGHT AND LEVEL,ICE,NO DEFECTS,NOT ON SCENE (DESK REPORT),NO INJURY / DRIVE AWAY,,,Y,"$501 - $1,500",11/20/2019 11:40:00 AM,WEATHER,UNABLE TO DETERMINE,1743,W,ROSEHILL DR,2012.0,,,,,,,2,NO INDICATION OF INJURY,0.0,0.0,0.0,0.0,0.0,1.0,0.0,11,3,11,41.9865835634,-87.6731609078,POINT (-87.673160907846 41.986583563442)
7ee9c13a9dd98bffb35092c22e06df24ccb86bc42c42dae1d5f3bf46078398369cce29894f640b883dd6dae108d28c92b00cfe930afc472f49aec1198c9d160a,,10/02/2020 07:04:00 AM,30,TRAFFIC SIGNAL,FUNCTIONING PROPERLY,CLEAR,DAYLIGHT,FIXED OBJECT,FOUR WAY,,STRAIGHT AND LEVEL,DRY,NO DEFECTS,ON SCENE,NO INJURY / DRIVE AWAY,,,,$500 OR LESS,10/02/2020 07:04:00 AM,UNABLE TO DETERMINE,NOT APPLICABLE,8700,S,SOUTH CHICAGO AVE,423.0,,Y,,,,,1,NO INDICATION OF INJURY,0.0,0.0,0.0,0.0,0.0,1.0,0.0,7,6,10,41.7370429734,-87.5656969534,POINT (-87.565696953391 41.737042973423)
fef5451870c7819c9e2034e318fd13a1aa01993a54e6f66efd49d15bdceeb3d6055f63c4ea5a4a14d9bfd773e5e3b67c89960f1d48a4eea92d84c91ee6335f48,,09/05/2025 04:48:00 PM,30,UNKNOWN,UNKNOWN,UNKNOWN,UNKNOWN,SIDESWIPE SAME DIRECTION,NOT DIVIDED,,STRAIGHT AND LEVEL,UNKNOWN,UNKNOWN,NOT ON SCENE (DESK REPORT),NO INJURY / DRIVE AWAY,,,Y,$500 OR LESS,09/05/2025 05:34:00 PM,UNABLE TO DETERMINE,UNABLE TO DETERMINE,912,W,BRYN MAWR AVE,2022.0,,,,,,,2,NO INDICATION OF INJURY,0.0,0.0,0.0,0.0,0.0,2.0,0.0,16,6,9,41.9839876221,-87.6527975519,POINT (-87.652797551914 41.983987622094)
6e2a632ad560dec036ff027faf153ff5b075c52b64a9aa475e83d253c3f9d23cc77a7fa45f4b10dd970c710058903ec17ee62600a304787eaff987ee3b498fa2,,06/01/2018 10:03:00 PM,25,NO CONTROLS,NO CONTROLS,CLEAR,"DARKNESS, LIGHTED ROAD",PARKED MOTOR VEHICLE,NOT DIVIDED,2,STRAIGHT AND LEVEL,DRY,NO DEFECTS,NOT ON SCENE (DESK REPORT),NO INJURY / DRIVE AWAY,,,,"$501 - $1,500",06/01/2018 10:30:00 PM,UNABLE TO DETERMINE,UNABLE TO DETERMINE,400,W,DEMING PL,1935.0,,,,,,,2,NO INDICATION OF INJURY,0.0,0.0,0.0,0.0,0.0,1.0,0.0,22,6,6,41.9297732627,-87.6393936169,POINT (-87.639393616865 41.92977326266)
d5f6cb6b23cde3a5eac80da40c3cafc84a4c75bf969f9c2fc6133fe60190a11d32bf360f289a1b4ad5369dceb3308b4f31951f38f42f8f2d5e7bbd17c57502bd,,09/23/2025 07:40:00 AM,25,NO CONTROLS,NO CONTROLS,CLEAR,DAYLIGHT,SIDESWIPE SAME DIRECTION,DIVIDED - W/MEDIAN (NOT RAISED),,STRAIGHT AND LEVEL,DRY,NO DEFECTS,ON SCENE,NO INJURY / DRIVE AWAY,,,,$500 OR LESS,09/23/2025 07:40:00 AM,UNABLE TO DETERMINE,UNABLE TO DETERMINE,4155,W,BYRON ST,1731.0,,,,,,,2,NO INDICATION OF INJURY,0.0,0.0,0.0,0.0,0.0,2.0,0.0,7,3,9,41.9516909726,-87.7312772413,POINT (-87.731277241268 41.951690972578)
58f90ee9511bb68acc35c833724a0358257ca83b59889f86d0ebb81d05b2cf345816d40ca85f0e207ad46fbfd8657d9af8929108bb18f808c73305cbbdbe3088,,09/13/2022 06:15:00 PM,30,NO CONTROLS,NO CONTROLS,CLEAR,DAYLIGHT,PARKED MOTOR VEHICLE,ONE-WAY,,STRAIGHT AND LEVEL,DRY,NO DEFECTS,ON SCENE,NO INJURY / DRIVE AWAY,,,,"$501 - $1,500",09/13/2022 06:20:00 PM,IMPROPER TURNING/NO SIGNAL,NOT APPLICABLE,2335,N,LOREL AVE,2515.0,,,,,,,2,NO INDICATION OF INJURY,0.0,0.0,0.0,0.0,0.0,1.0,0.0,18,3,9,41.9232901001,-87.7596643208,POINT (-87.759664320779 41.923290100147)
841507f146afeec38aa5db202fa57623adc905b102ce5f73ee812714ece6b76e3140a2ee2acf8088eb127f97cebf0791989f2f5534f3aa4d028099093d03c764,,01/30/2021 04:08:00 PM,30,TRAFFIC SIGNAL,FUNCTIONING PROPERLY,SNOW,DAYLIGHT,PEDESTRIAN,FOUR WAY,,STRAIGHT AND LEVEL,SNOW OR SLUSH,NO DEFECTS,NOT ON SCENE (DESK REPORT),INJURY AND / OR TOW DUE TO CRASH,Y,,,$500 OR LESS,01/31/2021 08:30:00 AM,FAILING TO REDUCE SPEED TO AVOID CRASH,NOT APPLICABLE,1200,N,WELLS ST,1821.0,,,,,,,2,"REPORTED, NOT EVIDENT",1.0,0.0,0.0,0.0,1.0,1.0,0.0,16,7,1,41.9039059863,-87.6346262373,POINT (-87.634626237263 41.903905986264)
672785fef99f1a42757423de8bb0c291a22ce6df446ba9bbfea215cf54283cfa2de829d4855d8ca36fb74c202d4c38144714fec7e9fb265c31976cc67b86510f,,10/03/2019 05:15:00 PM,30,TRAFFIC SIGNAL,FUNCTIONING PROPERLY,CLEAR,DAYLIGHT,TURNING,NOT DIVIDED,,STRAIGHT AND LEVEL,DRY,NO DEFECTS,NOT ON SCENE (DESK REPORT),NO INJURY / DRIVE AWAY,,,,"$501 - $1,500",10/03/2019 06:08:00 PM,UNABLE TO DETERMINE,UNABLE TO DETERMINE,11500,S,COTTAGE GROVE AVE,532.0,,,,,,,2,NO INDICATION OF INJURY,0.0,0.0,0.0,0.0,0.0,2.0,0.0,17,5,10,41.6853992105,-87.6112474733,POINT (-87.611247473326 41.685399210486)
1d39d7086aedd4bea3b173e0a3f2ec033b212b080544676f0695f458681a8afe32ab8fddf95efa0bbc56615b2a79bc5a65553bc91631128731a830b7dacdbb39,,07/12/2016 08:41:00 PM,30,NO CONTROLS,NO CONTROLS,CLEAR,"DARKNESS, LIGHTED ROAD",FIXED OBJECT,NOT DIVIDED,1,STRAIGHT AND LEVEL,DRY,NO DEFECTS,NOT ON SCENE (DESK REPORT),NO INJURY / DRIVE AWAY,,Y,,"OVER $1,500",07/12/2016 11:15:00 PM,ANIMAL,UNABLE TO DETERMINE,3099,W,ROSCOE ST,1733.0,,,,,,,1,NO INDICATION OF INJURY,0.0,0.0,0.0,0.0,0.0,1.0,0.0,20,3,7,41.9426386944,-87.7052074668,POINT (-87.705207466808 41.942638694427)
ac1af9c5d0a6afa923acc4786b071b835202ed92897350aa1b341770416208c3541d77b574b0a15f89675b7e15f9bae161de54eb3985d5823bd2feb7e3dac4d8,Y,08/28/2017 12:15:00 PM,0,NO CONTROLS,NO CONTROLS,CLEAR,DAYLIGHT,FIXED OBJECT,UNKNOWN,,STRAIGHT AND LEVEL,DRY,NO DEFECTS,ON SCENE,NO INJURY / DRIVE AWAY,,,Y,"OVER $1,500",08/29/2017 10:01:00 AM,UNABLE TO DETERMINE,UNABLE TO DETERMINE,2905,S,WESTERN AVE,1034.0,,,,,,,1,NO INDICATION OF INJURY,0.0,0.0,0.0,0.0,0.0,1.0,0.0,12,2,8,41.8393589947,-87.6850820402,POINT (-87.685082040225 41.83935899474)
2267d34e17187c57582856739e35a0f7f23d9c46feb974ffe8d1c19e8fdc48e8063747049c5c2a059016c8c0b1961d656d7b3c23ae9547cf1479f1f6e516693c,,04/15/2024 05:20:00 PM,35,TRAFFIC SIGNAL,FUNCTIONING PROPERLY,CLEAR,DAYLIGHT,TURNING,OTHER,,STRAIGHT AND LEVEL,DRY,NO DEFECTS,ON SCENE,INJURY AND / OR TOW DUE TO CRASH,Y,,,"OVER $1,500",04/15/2024 05:41:00 PM,FAILING TO YIELD RIGHT-OF-WAY,IMPROPER TURNING/NO SIGNAL,8300,S,WESTERN AVE,835.0,,,,,,,2,NONINCAPACITATING INJURY,1.0,0.0,0.0,1.0,0.0,1.0,0.0,17,2,4,41.7427279656,-87.6828247929,POINT (-87.68282479295 41.742727965581)
98d954daa5e94bff2bbf2eff69d5e7ff51dee2e53695983368d249708095b8a1641d620a7c60ea247dd207075e184b3f900b7584727825b9e37aa1e6a47db31b,,10/01/2023 07:10:00 PM,25,UNKNOWN,UNKNOWN,CLEAR,"DARKNESS, LIGHTED ROAD",PARKED MOTOR VEHICLE,DIVIDED - W/MEDIAN (NOT RAISED),,STRAIGHT AND LEVEL,DRY,NO DEFECTS,NOT ON SCENE (DESK REPORT),NO INJURY / DRIVE AWAY,,,Y,"OVER $1,500",10/02/2023 09:30:00 AM,UNABLE TO DETERMINE,UNABLE TO DETERMINE,935,N,KEYSTONE AVE,1111.0,,,,,,,2,NO INDICATION OF INJURY,0.0,0.0,0.0,0.0,0.0,1.0,0.0,19,1,10,41.8982353265,-87.7272500832,POINT (-87.727250083202 41.898235326496)
e43b4396a680f78d886089fa6b54ea25bb02fd0f11c81a0a37dbb882ce5740115be3ae01e2a02cafe9778cc9736181a1ee952df14ef869a014db8d78f6e95016,,02/15/2021 01:28:00 PM,25,NO CONTROLS,NO CONTROLS,SNOW,DAYLIGHT,SIDESWIPE OPPOSITE DIRECTION,NOT DIVIDED,,STRAIGHT AND LEVEL,SNOW OR SLUSH,NO DEFECTS,NOT ON SCENE (DESK REPORT),NO INJURY / DRIVE AWAY,,,,"$501 - $1,500",02/15/2021 02:30:00 PM,DRIVING SKILLS/KNOWLEDGE/EXPERIENCE,WEATHER,2703,W,DEVON AVE,2413.0,,,,,,,2,NO INDICATION OF INJURY,0.0,0.0,0.0,0.0,0.0,2.0,0.0,13,2,2,41.9974896341,-87.6973413513,POINT (-87.697341351289 41.997489634076)
1e45d0d8df3caa35033ec4d7e83d5e663ab15c99b39fca01560cf5302a19ff4107db7cf919ddd5fb70de78847e7e70b0ac7e21b095ebcdb2d9998ae3a561315a,,10/29/2018 07:15:00 PM,20,NO CONTROLS,NO CONTROLS,CLEAR,"DARKNESS, LIGHTED ROAD",PARKED MOTOR VEHICLE,ONE-WAY,1,STRAIGHT AND LEVEL,DRY,NO DEFECTS,ON SCENE,NO INJURY / DRIVE AWAY,,,Y,$500 OR LESS,10/29/2018 07:25:00 PM,UNABLE TO DETERMINE,UNABLE TO DETERMINE,4735,N,SPRINGFIELD AVE,1723.0,,,,,,,2,NO INDICATION OF INJURY,0.0,0.0,0.0,0.0,0.0,1.0,0.0,19,2,10,41.9675006548,-87.725421485,POINT (-87.725421485049 41.967500654834)
f0ef21186385fd57b9c9874325f0bcb1f2762b0a26c12875fd34bd8d13730142525fb4deb326d6e207448a46e938b11e451864367ac6cd34599a173b00a18066,Y,09/12/2020 12:20:00 AM,30,TRAFFIC SIGNAL,NO CONTROLS,CLEAR,"DARKNESS, LIGHTED ROAD",PEDESTRIAN,NOT DIVIDED,,STRAIGHT AND LEVEL,DRY,NO DEFECTS,ON SCENE,INJURY AND / OR TOW DUE TO CRASH,Y,,Y,"OVER $1,500",09/12/2020 12:28:00 AM,"OPERATING VEHICLE IN ERRATIC, RECKLESS, CARELESS, NEGLIGENT OR AGGRESSIVE MANNER",UNABLE TO DETERMINE,1200,S,MORGAN ST,1232.0,,,,,,,2,NONINCAPACITATING INJURY,1.0,0.0,0.0,1.0,0.0,1.0,0.0,0,7,9,41.8670011433,-87.6511897831,POINT (-87.65118978311 41.867001143327)
0ff27a19ccc59e46d0906794743367ed6a35d857097a0aeb342b217096ec81f6aafe5064c8dcd041f0be4339af2a805084d98d94694ef4bfcbf718a12cfb75b2,,05/18/2025 01:10:00 AM,40,TRAFFIC SIGNAL,FUNCTIONING PROPERLY,CLEAR,"DARKNESS, LIGHTED ROAD",REAR END,DIVIDED - W/MEDIAN BARRIER,,STRAIGHT AND LEVEL,DRY,NO DEFECTS,ON SCENE,INJURY AND / OR TOW DUE TO CRASH,Y,,,"OVER $1,500",05/18/2025 01:10:00 AM,FOLLOWING TOO CLOSELY,FOLLOWING TOO CLOSELY,805,N,LAKE SHORE DR SB,1833.0,,,,,,,2,NO INDICATION OF INJURY,0.0,0.0,0.0,0.0,0.0,2.0,0.0,1,1,5,41.8970249996,-87.6166393295,POINT (-87.616639329486 41.897024999568)
37f7099672e825e6fccdcab8af7df04402627d9bd81f58628532aef79c4801444df3dc35b2e57edb45f33ae9ab35c2a45ecfc373001ebb1c2c3f841db85b2850,,10/29/2020 05:09:00 PM,30,TRAFFIC SIGNAL,FUNCTIONING PROPERLY,CLEAR,DAWN,ANGLE,FOUR WAY,,STRAIGHT AND LEVEL,DRY,UNKNOWN,ON SCENE,NO INJURY / DRIVE AWAY,Y,,,"OVER $1,500",10/29/2020 05:11:00 PM,UNABLE TO DETERMINE,DRIVING SKILLS/KNOWLEDGE/EXPERIENCE,1899,S,MORGAN ST,1235.0,,,,,,,2,NO INDICATION OF INJURY,0.0,0.0,0.0,0.0,0.0,2.0,0.0,17,5,10,41.856701942,-87.651384148,POINT (-87.651384148029 41.856701941995)
8650761e5d90d5080c2367aa46af6fe103002747cfd87a6ffa26a3fe4fe0fdc936f7fc265b24ea88ef5565aeaf974c7780fa8203093085a6e0c5c22512621184,,08/18/2017 06:15:00 PM,30,UNKNOWN,UNKNOWN,CLEAR,DAYLIGHT,TURNING,UNKNOWN,,STRAIGHT AND LEVEL,DRY,UNKNOWN,NOT ON SCENE (DESK REPORT),NO INJURY / DRIVE AWAY,,,,"$501 - $1,500",08/18/2017 07:40:00 PM,FAILING TO YIELD RIGHT-OF-WAY,FAILING TO YIELD RIGHT-OF-WAY,4701,W,BELMONT AVE,2521.0,,,,,,,2,NO INDICATION OF INJURY,0.0,0.0,0.0,0.0,0.0,2.0,0.0,18,6,8,41.9387501363,-87.744463183,POINT (-87.744463182952 41.938750136345)
f9d75a132e83dca12ad8ba8986cb517c4befb2bd7c6c64f68ce4437d0f649f8f387c6ff20f5e6b3f6cb75b8e651bc081ad2bab822840cea4b7e0d3d427163f95,,03/13/2017 04:00:00 PM,25,NO CONTROLS,NO CONTROLS,CLEAR,DAYLIGHT,SIDESWIPE SAME DIRECTION,NOT DIVIDED,2,STRAIGHT AND LEVEL,DRY,NO DEFECTS,NOT ON SCENE (DESK REPORT),NO INJURY / DRIVE AWAY,,,,"$501 - $1,500",03/13/2017 04:23:00 PM,IMPROPER OVERTAKING/PASSING,NOT APPLICABLE,5558,W,GRAND AVE,2515.0,,,,,,,2,NO INDICATION OF INJURY,0.0,0.0,0.0,0.0,0.0,4.0,0.0,16,2,3,41.9188634899,-87.7657370106,POINT (-87.765737010576 41.918863489852)
939caf1a7bec69fa494e185fbd283e4870d895b6d856d10360cf89e5320565b18f52d81aa20200d6ab3698207e4888aedaeae9f917958f1ae0f1e4a19041a8df,,12/16/2022 11:55:00 AM,30,STOP SIGN/FLASHER,FUNCTIONING PROPERLY,CLEAR,DAYLIGHT,REAR END,DIVIDED - W/MEDIAN (NOT RAISED),,STRAIGHT AND LEVEL,WET,NO DEFECTS,ON SCENE,NO INJURY / DRIVE AWAY,,,,"$501 - $1,500",12/16/2022 11:58:00 AM,UNABLE TO DETERMINE,UNABLE TO DETERMINE,11801,S,MICHIGAN AVE,532.0,,,,,,,2,NO INDICATION OF INJURY,0.0,0.0,0.0,0.0,0.0,3.0,0.0,11,6,12,41.6798362786,-87.6204212813,POINT (-87.620421281273 41.679836278587)
402ddd59a9862b93db3ac22059194332087b967038e5187600fc68cffb2b84a5e84267219fe77ee817398e29b49fa8a9a8619cc1a541f29d68e0c4ef405b55dd,,02/03/2018 08:44:00 PM,25,NO CONTROLS,NO CONTROLS,SNOW,"DARKNESS, LIGHTED ROAD",PARKED MOTOR VEHICLE,NOT DIVIDED,,STRAIGHT AND LEVEL,WET,NO DEFECTS,ON SCENE,NO INJURY / DRIVE AWAY,,,,$500 OR LESS,02/03/2018 08:55:00 PM,IMPROPER BACKING,UNABLE TO DETERMINE,6331,N,KEYSTONE AVE,1711.0,,,,,,,2,NO INDICATION OF INJURY,0.0,0.0,0.0,0.0,0.0,1.0,0.0,20,7,2,41.9962897145,-87.7299753143,POINT (-87.729975314299 41.996289714473)
d19ced1de1e55215e8d2516986fc2e6b3f87db263eb7851ef026762dd754c8c92d159f138669c44d6ba5ecdbb8be72c0cdf14883da729a2739f28f622ee5c510,,03/19/2023 12:48:00 PM,30,STOP SIGN/FLASHER,FUNCTIONING PROPERLY,CLEAR,DAYLIGHT,PARKED MOTOR VEHICLE,ONE-WAY,,STRAIGHT AND LEVEL,DRY,UNKNOWN,ON SCENE,INJURY AND / OR TOW DUE TO CRASH,Y,,,"OVER $1,500",03/19/2023 12:52:00 PM,UNABLE TO DETERMINE,UNABLE TO DETERMINE,2758,W,NELSON ST,1411.0,,,,,,,2,NO INDICATION OF INJURY,0.0,0.0,0.0,0.0,0.0,3.0,0.0,12,1,3,41.9367680438,-87.6976263868,POINT (-87.697626386808 41.936768043784)
f242e87c7a8d747b9fe2c982128aa7405b13f5ada948069721deaad12d172646a2b158d746e2e3e336f4729a99ed0e625945f730a7e7f9bc9cb5f8df5f34463c,,11/29/2016 05:30:00 PM,30,TRAFFIC SIGNAL,UNKNOWN,CLEAR,"DARKNESS, LIGHTED ROAD",SIDESWIPE SAME DIRECTION,NOT DIVIDED,0,STRAIGHT AND LEVEL,UNKNOWN,UNKNOWN,NOT ON SCENE (DESK REPORT),NO INJURY / DRIVE AWAY,Y,,Y,"OVER $1,500",11/29/2016 05:45:00 PM,UNABLE TO DETERMINE,UNABLE TO DETERMINE,1615,S,KEDZIE AVE,1022.0,,,,,,,2,NO INDICATION OF INJURY,0.0,0.0,0.0,0.0,0.0,3.0,0.0,17,3,11,41.8586117608,-87.7052976343,POINT (-87.705297634285 41.858611760773)
162a4ebfc696afd0a57417981609a313b075367af0ec4c69b61ae566949a9c0b951148f8522cc7d6b6279d0b2603a8f7322c5dbac8110ed097b5d3351bdc941e,,08/25/2021 04:06:00 PM,30,TRAFFIC SIGNAL,FUNCTIONING PROPERLY,CLEAR,DAYLIGHT,SIDESWIPE SAME DIRECTION,NOT DIVIDED,,STRAIGHT AND LEVEL,DRY,NO DEFECTS,NOT ON SCENE (DESK REPORT),NO INJURY / DRIVE AWAY,Y,,,"$501 - $1,500",09/02/2021 04:39:00 PM,UNABLE TO DETERMINE,UNABLE TO DETERMINE,6211,N,LINCOLN AVE,1711.0,,,,,,,2,NO INDICATION OF INJURY,0.0,0.0,0.0,0.0,0.0,2.0,0.0,16,4,8,41.9948170432,-87.7143427683,POINT (-87.714342768281 41.994817043186)
9fc807a36fa975199982401afd51c51a38356b04a1f5671ec0cfec081a60e42b7a3826143904ef0dc2a66e44dd2d38f30cbeced656a85525946344128236c83c,,03/13/2019 04:00:00 PM,30,NO CONTROLS,NO CONTROLS,CLOUDY/OVERCAST,DAYLIGHT,TURNING,DIVIDED - W/MEDIAN (NOT RAISED),2,STRAIGHT AND LEVEL,WET,NO DEFECTS,NOT ON SCENE (DESK REPORT),INJURY AND / OR TOW DUE TO CRASH,Y,,Y,"OVER $1,500",03/13/2019 05:05:00 PM,EXCEEDING AUTHORIZED SPEED LIMIT,FAILING TO YIELD RIGHT-OF-WAY,6434,W,DIVERSEY AVE,2511.0,,,,,,,2,"REPORTED, NOT EVIDENT",1.0,0.0,0.0,0.0,1.0,3.0,0.0,16,4,3,41.9310775674,-87.7871308807,POINT (-87.787130880728 41.931077567439)
246fe58b58f92312e4c8806567fa59192d97665604f8c144eca8507d3b2aae9d997210597a7c8e35dca92cfdab72109f7e7d72f1b72f88c8fa25ee1cf026ea4d,,03/06/2022 10:20:00 PM,30,TRAFFIC SIGNAL,FUNCTIONING PROPERLY,CLEAR,"DARKNESS, LIGHTED ROAD",REAR TO SIDE,NOT DIVIDED,,STRAIGHT AND LEVEL,DRY,NO DEFECTS,NOT ON SCENE (DESK REPORT),NO INJURY / DRIVE AWAY,,,,"$501 - $1,500",03/07/2022 12:50:00 AM,UNABLE TO DETERMINE,UNABLE TO DETERMINE,4220,W,ANN LURIE PL,815.0,,,,,,,2,NO INDICATION OF INJURY,0.0,0.0,0.0,0.0,0.0,2.0,0.0,22,1,3,41.8163955273,-87.7292614467,POINT (-87.72926144675 41.816395527274)
a7a8fa48e601373f0b4fe65e12601f7f5b4923bdd2d93e26fd3b1bc0d1360d362a155b57431f8b583f4b5f865b0c2575a364b1f81a71c4ac509e5ae69c20fb01,,08/18/2025 05:34:00 PM,35,OTHER,FUNCTIONING PROPERLY,CLEAR,DAYLIGHT,REAR END,DIVIDED - W/MEDIAN BARRIER,,STRAIGHT AND LEVEL,DRY,NO DEFECTS,ON SCENE,INJURY AND / OR TOW DUE TO CRASH,,,Y,"OVER $1,500",08/18/2025 05:35:00 PM,IMPROPER BACKING,IMPROPER BACKING,8801,S,CHICAGO SKYWAY OB,412.0,,,,,,,2,NO INDICATION OF INJURY,0.0,0.0,0.0,0.0,0.0,2.0,0.0,17,2,8,41.7353441671,-87.5655497374,POINT (-87.565549737402 41.735344167053)
285bbbd40ed2ec7b818166502cd73459d59512042596663108a55d2ba30e4fefcd25b886576ca2fcf16ed20f875c13ac80f99f3097d2a5002b6c19624574ceaf,Y,11/05/2017 05:30:00 PM,35,NO CONTROLS,NO CONTROLS,CLEAR,UNKNOWN,PARKED MOTOR VEHICLE,ONE-WAY,,STRAIGHT AND LEVEL,DRY,NO DEFECTS,NOT ON SCENE (DESK REPORT),NO INJURY / DRIVE AWAY,,,Y,"$501 - $1,500",11/06/2017 03:30:00 PM,IMPROPER LANE USAGE,NOT APPLICABLE,3934,W,AINSLIE ST,1712.0,Y,,,,,,2,NO INDICATION OF INJURY,0.0,0.0,0.0,0.0,0.0,1.0,0.0,17,1,11,41.9701856339,-87.7270867837,POINT (-87.72708678372 41.970185633895)
7ad53ffa47aeff5aeb3765aac8d951ded598df41e1cc3425dbde9fe3a74180394c472d66cd739d18e2f421391a4460acf0f353be68ca99ad84a8724a363ff00c,,07/22/2020 11:00:00 AM,30,NO CONTROLS,NO CONTROLS,CLEAR,DAYLIGHT,PARKED MOTOR VEHICLE,ONE-WAY,,STRAIGHT AND LEVEL,DRY,NO DEFECTS,NOT ON SCENE (DESK REPORT),NO INJURY / DRIVE AWAY,,,Y,"OVER $1,500",07/22/2020 12:08:00 PM,UNABLE TO DETERMINE,NOT APPLICABLE,300,S,KILBOURN AVE,1131.0,,,,,,,2,NO INDICATION OF INJURY,0.0,0.0,0.0,0.0,0.0,1.0,0.0,11,4,7,41.8768885619,-87.7379429276,POINT (-87.737942927561 41.876888561894)
d1c07929276b70e6a34dfeb7d10e92a00ee4da9d86307f57555771954dc2cf1807c6a4c3b86939221e9034328036a6b1d7defaf6fc44060e84fae9c81fabb475,,07/19/2023 10:14:00 AM,30,TRAFFIC SIGNAL,FUNCTIONING PROPERLY,CLEAR,DAYLIGHT,ANGLE,FOUR WAY,,STRAIGHT AND LEVEL,DRY,NO DEFECTS,ON SCENE,INJURY AND / OR TOW DUE TO CRASH,Y,,,"OVER $1,500",07/19/2023 10:16:00 AM,DISREGARDING TRAFFIC SIGNALS,FAILING TO YIELD RIGHT-OF-WAY,500,S,CONGRESS PLAZA DR,114.0,,,,,,,2,NO INDICATION OF INJURY,0.0,0.0,0.0,0.0,0.0,2.0,0.0,10,4,7,41.8756686762,-87.6234108185,POINT (-87.623410818474 41.875668676196)
d5bc5fb4e5d7d0669e060ee51a43954027f6f1406efd110cb9aa5eb35ca034482afa7f96d486d6ae33f9207a6132c8ca62f62138b48ed524360b4110b641cbfa,,06/26/2023 01:40:00 PM,30,NO CONTROLS,NO CONTROLS,CLEAR,DAYLIGHT,REAR END,DIVIDED - W/MEDIAN (NOT RAISED),,STRAIGHT AND LEVEL,UNKNOWN,UNKNOWN,NOT ON SCENE (DESK REPORT),NO INJURY / DRIVE AWAY,,,,"$501 - $1,500",06/26/2023 02:00:00 PM,UNABLE TO DETERMINE,NOT APPLICABLE,2337,N,CICERO AVE,2522.0,,,,,,,2,NO INDICATION OF INJURY,0.0,0.0,0.0,0.0,0.0,2.0,0.0,13,2,6,41.9235496884,-87.7461338753,POINT (-87.746133875298 41.923549688404)
ed818e57da059a39718986898433d72c7d4e5fcdd09f685ff4d15242cec9458b47bca2a6865d7bce9a4e5888ab5398782fee233b2c858c09a0994d13173679b8,,08/30/2021 05:12:00 PM,10,NO CONTROLS,NO CONTROLS,CLEAR,DAYLIGHT,PARKED MOTOR VEHICLE,PARKING LOT,,STRAIGHT AND LEVEL,DRY,NO DEFECTS,ON SCENE,INJURY AND / OR TOW DUE TO CRASH,,Y,,"OVER $1,500",08/30/2021 05:15:00 PM,"OPERATING VEHICLE IN ERRATIC, RECKLESS, CARELESS, NEGLIGENT OR AGGRESSIVE MANNER",UNABLE TO DETERMINE,8106,S,RACINE AVE,613.0,,,,,,,3,NO INDICATION OF INJURY,0.0,0.0,0.0,0.0,0.0,1.0,0.0,17,2,8,41.7465947076,-87.6537811741,POINT (-87.653781174108 41.746594707551)