CRASH_RECORD_ID,CRASH_DATE_EST_I,CRASH_DATE,POSTED_SPEED_LIMIT,TRAFFIC_CONTROL_DEVICE,DEVICE_CONDITION,WEATHER_CONDITION,LIGHTING_CONDITION,FIRST_CRASH_TYPE,TRAFFICWAY_TYPE,LANE_CNT,ALIGNMENT,ROADWAY_SURFACE_COND,ROAD_DEFECT,REPORT_TYPE,CRASH_TYPE,INTERSECTION_RELATED_I,NOT_RIGHT_OF_WAY_I,HIT_AND_RUN_I,DAMAGE,DATE_POLICE_NOTIFIED,PRIM_CONTRIBUTORY_CAUSE,SEC_CONTRIBUTORY_CAUSE,STREET_NO,STREET_DIRECTION,STREET_NAME,BEAT_OF_OCCURRENCE,PHOTOS_TAKEN_I,STATEMENTS_TAKEN_I,DOORING_I,WORK_ZONE_I,WORK_ZONE_TYPE,WORKERS_PRESENT_I,NUM_UNITS,MOST_SEVERE_INJURY,INJURIES_TOTAL,INJURIES_FATAL,INJURIES_INCAPACITATING,INJURIES_NON_INCAPACITATING,INJURIES_REPORTED_NOT_EVIDENT,INJURIES_NO_INDICATION,INJURIES_UNKNOWN,CRASH_HOUR,CRASH_DAY_OF_WEEK,CRASH_MONTH,LATITUDE,LONGITUDE,LOCATION
f4b11499f6a76c395843869d0d58b5f709f6a336a7bc0e5ca5a5a4930c544f3512156ac1487c810a71e41822ccc79a2635bcd8ddee33670389a83c7d72574f52,,08/11/2018 04:15:00 PM,30,TRAFFIC SIGNAL,FUNCTIONING PROPERLY,CLEAR,DAYLIGHT,ANGLE,DIVIDED - W/MEDIAN (NOT RAISED),,STRAIGHT AND LEVEL,DRY,NO DEFECTS,NOT ON SCENE (DESK REPORT),NO INJURY / DRIVE AWAY,,,Y,"OVER $1,500",08/13/2018 08:25:00 AM,UNABLE TO DETERMINE,NOT APPLICABLE,4700,S,VINCENNES AVE,223.0,,,,,,,2,NO INDICATION OF INJURY,0.0,0.0,0.0,0.0,0.0,2.0,0.0,16,7,8,41.8093352199,-87.6140000469,POINT (-87.614000046923 41.809335219851)
b0a6cd3479b8863a34110ec48c085b80a1a2df77c0c7d6889e51756d21103604547f20dc9e1c3b7536d2a60d07d3fde0434a78bdfba6814144300a2a9f535f15,Y,06/18/2023 10:00:00 AM,30,NO CONTROLS,NO CONTROLS,CLEAR,DAYLIGHT,PARKED MOTOR VEHICLE,NOT DIVIDED,,STRAIGHT AND LEVEL,DRY,NO DEFECTS,ON SCENE,NO INJURY / DRIVE AWAY,,,Y,"OVER $1,500",06/18/2023 01:20:00 PM,UNABLE TO DETERMINE,UNABLE TO DETERMINE,1334,W,82ND ST,613.0,,,,,,,2,NO INDICATION OF INJURY,0.0,0.0,0.0,0.0,0.0,1.0,0.0,10,1,6,41.7450913214,-87.6573798364,POINT (-87.657379836364 41.74509132143)
401b135f79f9e453c6d72f6128712daa80fdf754c6cc59297becf9853259995eff72b5a3a6995b4880cd2bf2f4d94c311b45a3445b8d649adb81804c670fea7f,,04/17/2018 11:37:00 AM,30,TRAFFIC SIGNAL,FUNCTIONING PROPERLY,CLEAR,DAYLIGHT,TURNING,DIVIDED - W/MEDIAN (NOT RAISED),4,STRAIGHT AND LEVEL,ICE,WORN SURFACE,ON SCENE,INJURY AND / OR TOW DUE TO CRASH,Y,,,"OVER $1,500",04/17/2018 11:38:00 AM,UNDER THE INFLUENCE OF ALCOHOL/DRUGS (USE WHEN ARREST IS EFFECTED),"OPERATING VEHICLE IN ERRATIC, RECKLESS, CARELESS, NEGLIGENT OR AGGRESSIVE MANNER",4000,W,MADISON ST,1115.0,,,,,,,4,NONINCAPACITATING INJURY,3.0,0.0,0.0,3.0,0.0,1.0,0.0,11,3,4,41.8808342998,-87.7257965972,POINT (-87.725796597174 41.880834299772)
887c4f70ab903e410885f35b58670447c45c681b1bd8cb48fd408a708e8f747876c7a2fa0756bf72669c17f267c8de06f613ae270c077d239a02c4aad9b43f5e,,12/30/2019 10:45:00 AM,20,NO CONTROLS,NO CONTROLS,SNOW,DAYLIGHT,PARKED MOTOR VEHICLE,ONE-WAY,,STRAIGHT AND LEVEL,SNOW OR SLUSH,NO DEFECTS,,NO INJURY / DRIVE AWAY,,,,"OVER $1,500",01/02/2020 12:25:00 PM,UNABLE TO DETERMINE,UNABLE TO DETERMINE,3165,W,ARTHUR AVE,2412.0,,,,,,,2,NO INDICATION OF INJURY,0.0,0.0,0.0,0.0,0.0,1.0,0.0,10,2,12,41.999103885,-87.7093026795,POINT (-87.709302679545 41.999103884951)
a83b51e7defed4b9579598e7e93e5483e27477ca4d1703bfef405449f508347777d9b4472c0fb3b294bf8d9649bd733b2ef2c52ef20663b85d6faf6406aad6a0,,02/08/2017 06:15:00 PM,30,NO CONTROLS,NO CONTROLS,CLEAR,DARKNESS,REAR END,DIVIDED - W/MEDIAN BARRIER,,STRAIGHT AND LEVEL,DRY,NO DEFECTS,NOT ON SCENE (DESK REPORT),NO INJURY / DRIVE AWAY,,,,"$501 - $1,500",02/08/2017 07:16:00 PM,UNABLE TO DETERMINE,UNABLE TO DETERMINE,4500,S,CICERO AVE,814.0,,,,,,,2,NO INDICATION OF INJURY,0.0,0.0,0.0,0.0,0.0,2.0,0.0,18,4,2,41.8111803126,-87.7433985178,POINT (-87.743398517829 41.811180312644)
d1d57b3a80dddfe3106ab7689486629b86c4bc77ceafba3b3b6425fcdddb6c0d73e32fd99269286d4001e63db2581bbfd349d1ea652c6625f159eacb07deb572,,03/24/2022 05:00:00 AM,30,NO CONTROLS,NO CONTROLS,CLEAR,DAYLIGHT,SIDESWIPE SAME DIRECTION,NOT DIVIDED,,STRAIGHT AND LEVEL,WET,NO DEFECTS,NOT ON SCENE (DESK REPORT),NO INJURY / DRIVE AWAY,,,,"$501 - $1,500",03/24/2022 07:29:00 PM,NOT APPLICABLE,NOT APPLICABLE,6726,W,ARCHER AVE,811.0,,,,,,,2,NO INDICATION OF INJURY,0.0,0.0,0.0,0.0,0.0,2.0,0.0,5,5,3,41.7922906063,-87.7902949036,POINT (-87.790294903613 41.792290606299)
686130d71dd223f0c2fbf51f39ea6e592507a27c1c25774d9059f637cab42adea7b3aece4829f0e445c1122aaf7afc39db21bccf9d6cc383c8d479d7689ccb83,,04/21/2021 09:54:00 AM,30,TRAFFIC SIGNAL,UNKNOWN,UNKNOWN,DAYLIGHT,REAR END,NOT DIVIDED,,STRAIGHT AND LEVEL,UNKNOWN,UNKNOWN,NOT ON SCENE (DESK REPORT),NO INJURY / DRIVE AWAY,,,,"$501 - $1,500",04/21/2021 10:36:00 AM,UNABLE TO DETERMINE,NOT APPLICABLE,7045,S,PULASKI RD,833.0,,,,,,,2,NO INDICATION OF INJURY,0.0,0.0,0.0,0.0,0.0,2.0,0.0,9,4,4,41.7645896091,-87.7222396043,POINT (-87.722239604294 41.764589609122)
304eeee7780ea44753633da29f7f8bc7e5a2f0b8ea926ea9030044be989fd152e0d0f1e5a0d71af12d639901631d9b16aa1fa950eb24dc70176049956b0fd8a7,Y,07/03/2024 03:20:00 PM,30,TRAFFIC SIGNAL,FUNCTIONING PROPERLY,CLEAR,DAYLIGHT,ANGLE,DIVIDED - W/MEDIAN (NOT RAISED),,STRAIGHT AND LEVEL,DRY,NO DEFECTS,,NO INJURY / DRIVE AWAY,,,,"OVER $1,500",07/03/2024 05:30:00 PM,UNABLE TO DETERMINE,UNABLE TO DETERMINE,4012,N,ELSTON AVE,1723.0,,,,,,,2,NO INDICATION OF INJURY,0.0,0.0,0.0,0.0,0.0,2.0,0.0,15,4,7,41.9539109454,-87.7196829554,POINT (-87.719682955352 41.953910945351)
f6b57cdf7b5b8a205b8f41f09829842ce9ac71fa2ddd20431dd26ec2b3af4c4221250f6e032de8962213c8f27b83cca78008a10035ca904480957e0cfaaadfa4,,06/26/2018 07:00:00 PM,30,TRAFFIC SIGNAL,FUNCTIONING PROPERLY,CLEAR,DAYLIGHT,REAR END,DIVIDED - W/MEDIAN (NOT RAISED),4,STRAIGHT AND LEVEL,DRY,NO DEFECTS,NOT ON SCENE (DESK REPORT),NO INJURY / DRIVE AWAY,,,Y,"OVER $1,500",06/27/2018 04:00:00 PM,FAILING TO YIELD RIGHT-OF-WAY,UNABLE TO DETERMINE,240,W,FULLERTON DR,1935.0,,,,,,,2,NO INDICATION OF INJURY,0.0,0.0,0.0,0.0,0.0,2.0,0.0,19,3,6,41.9257963063,-87.6352131923,POINT (-87.635213192313 41.925796306257)
9773eb41297f72a361f4d5376593f93d18944c0c365f83ed1eb880938cc99413972a4d3fa9a64c639c5210f15be8eb23d8fdc13b736dc03f84d9c7df26a52539,Y,06/28/2024 03:20:00 PM,30,TRAFFIC SIGNAL,FUNCTIONING PROPERLY,RAIN,DAYLIGHT,PEDESTRIAN,FOUR WAY,,STRAIGHT AND LEVEL,WET,NO DEFECTS,ON SCENE,INJURY AND / OR TOW DUE TO CRASH,,,,"OVER $1,500",06/28/2024 03:30:00 PM,"VISION OBSCURED (SIGNS, TREE LIMBS, BUILDINGS, ETC.)",DISREGARDING ROAD MARKINGS,2000,E,79TH ST,414.0,,,,,,,2,INCAPACITATING INJURY,1.0,0.0,1.0,0.0,0.0,1.0,0.0,15,6,6,41.7517165593,-87.5759230745,POINT (-87.575923074465 41.751716559268)
151c1c1900aa7fb9ee5fbbc691bdacd4c4828cc7a3bb5179f3d51c7dcd9fa3e8b625f84ea24947c5427271aae3cddfc842a55bd7347ddac14d7f164d0708b26e,,05/04/2018 11:40:00 PM,30,TRAFFIC SIGNAL,FUNCTIONING PROPERLY,CLEAR,"DARKNESS, LIGHTED ROAD",TURNING,DIVIDED - W/MEDIAN (NOT RAISED),,STRAIGHT AND LEVEL,DRY,NO DEFECTS,NOT ON SCENE (DESK REPORT),NO INJURY / DRIVE AWAY,,,Y,"$501 - $1,500",05/04/2018 11:55:00 PM,FOLLOWING TOO CLOSELY,UNABLE TO DETERMINE,23,N,WESTERN AVE,1223.0,,,,,,,2,NO INDICATION OF INJURY,0.0,0.0,0.0,0.0,0.0,2.0,0.0,23,6,5,41.8819144601,-87.6863038519,POINT (-87.686303851898 41.881914460121)
c97bfeee1c02d3a57151878096f531d0b4d93facde0112983396bcea2bf199c87cff81720d63e62f6e8ee6ae72d192d85a95c03ee7190fe39be6b1f275c11920,,05/22/2024 07:45:00 AM,30,NO CONTROLS,NO CONTROLS,CLEAR,DAYLIGHT,ANGLE,NOT DIVIDED,,STRAIGHT AND LEVEL,DRY,NO DEFECTS,NOT ON SCENE (DESK REPORT),NO INJURY / DRIVE AWAY,,,Y,"OVER $1,500",05/22/2024 02:26:00 PM,UNABLE TO DETERMINE,UNABLE TO DETERMINE,2232,E,74TH ST,333.0,,,,,,,2,NO INDICATION OF INJURY,0.0,0.0,0.0,0.0,0.0,2.0,0.0,7,4,5,41.7608760922,-87.5699919416,POINT (-87.569991941557 41.760876092185)
c745db16f46a3f72b4abbf1a50b848b97faa1a91504e5dc5ee76878630e66ab3375d3184788c0c3817626724747229ee0770ee6341e046fc85d1d132194beb0a,,04/03/2024 12:30:00 PM,20,NO CONTROLS,NO CONTROLS,RAIN,DAYLIGHT,PARKED MOTOR VEHICLE,NOT DIVIDED,,STRAIGHT AND LEVEL,WET,NO DEFECTS,NOT ON SCENE (DESK REPORT),NO INJURY / DRIVE AWAY,,,Y,"OVER $1,500",04/03/2024 12:55:00 PM,IMPROPER LANE USAGE,UNABLE TO DETERMINE,426,W,BRIAR PL,1934.0,,,,,,,2,NO INDICATION OF INJURY,0.0,0.0,0.0,0.0,0.0,1.0,0.0,12,4,4,41.9388556854,-87.6405877646,POINT (-87.640587764586 41.938855685369)
4d8038b7afa1eb4b1465a7a679627badb0f995a5dfb41bb4c8729fbfa7d211551ff34c0256b5e3502a2e5dae15e3ea9937153e25016eb889225eee66a2cf9789,,06/01/2023 04:30:00 PM,25,NO CONTROLS,NO CONTROLS,CLEAR,DAYLIGHT,SIDESWIPE SAME DIRECTION,NOT DIVIDED,,STRAIGHT AND LEVEL,DRY,NO DEFECTS,NOT ON SCENE (DESK REPORT),NO INJURY / DRIVE AWAY,,,,"OVER $1,500",06/01/2023 04:40:00 PM,FAILING TO YIELD RIGHT-OF-WAY,NOT APPLICABLE,6300,S,ELLIS AVE,314.0,,,,,,,2,NO INDICATION OF INJURY,0.0,0.0,0.0,0.0,0.0,2.0,0.0,16,5,6,41.7803765033,-87.6006033626,POINT (-87.600603362609 41.780376503348)
f02f17ebab5ba03b21726f8d010acdcade6b94451188aa623d104c1efc37551f03361c6e51c62bc92687fb6f74ef4fd063e4e9e3b184a3e57fb7ddefb4e9a0ff,,11/14/2017 01:00:00 PM,30,TRAFFIC SIGNAL,FUNCTIONING PROPERLY,CLOUDY/OVERCAST,DAYLIGHT,SIDESWIPE SAME DIRECTION,DIVIDED - W/MEDIAN (NOT RAISED),2,STRAIGHT AND LEVEL,DRY,NO DEFECTS,,NO INJURY / DRIVE AWAY,,,,"$501 - $1,500",11/14/2017 01:50:00 PM,UNABLE TO DETERMINE,NOT APPLICABLE,811,W,JACKSON BLVD,1232.0,,,,,,,2,NO INDICATION OF INJURY,0.0,0.0,0.0,0.0,0.0,2.0,0.0,13,3,11,41.8778301358,-87.6477360611,POINT (-87.64773606109 41.8778301358)
c3e3a5e3b9707daf69bc105bbae530a8513080d31e780e120c22c31a2e19e235e076cb7e24211951e8b2eca18db29aeb64aa0ca0ed0f3ca4b9426a46fcba6c32,,03/11/2023 08:40:00 PM,30,STOP SIGN/FLASHER,FUNCTIONING PROPERLY,SNOW,"DARKNESS, LIGHTED ROAD",ANGLE,FOUR WAY,,STRAIGHT AND LEVEL,WET,NO DEFECTS,NOT ON SCENE (DESK REPORT),NO INJURY / DRIVE AWAY,,,,"OVER $1,500",03/11/2023 08:53:00 PM,NOT APPLICABLE,NOT APPLICABLE,4900,S,KILDARE AVE,815.0,,,,,,,2,NO INDICATION OF INJURY,0.0,0.0,0.0,0.0,0.0,2.0,0.0,20,7,3,41.8040289982,-87.7309682361,POINT (-87.730968236072 41.80402899815)
3d71d47de62822569d42b5f91dd160f0ebd03a28a94dd290e0462a1f9d40ca059676325f30e1ac956666e7a7b2efdcf01006cbcf3f6f3f6251e9b814984d1d2a,,07/25/2024 07:30:00 AM,30,NO CONTROLS,NO CONTROLS,CLEAR,DAYLIGHT,SIDESWIPE SAME DIRECTION,NOT DIVIDED,,STRAIGHT AND LEVEL,DRY,NO DEFECTS,,NO INJURY / DRIVE AWAY,,,,"OVER $1,500",07/25/2024 08:14:00 AM,DRIVING SKILLS/KNOWLEDGE/EXPERIENCE,IMPROPER LANE USAGE,9900,S,HALSTED ST,2232.0,,,,,,,2,NO INDICATION OF INJURY,0.0,0.0,0.0,0.0,0.0,2.0,0.0,7,5,7,41.7141188681,-87.6431454082,POINT (-87.643145408182 41.71411886809)
bdff0c2de57d6a7a958c6d87e623a2e34679f15da542986334ea3fb23dbead2fdc71eeb8f5df93fe4f36d4fdf6e816a98ec8ab307b69832dfdf3a2e18fe0a000,,06/30/2016 08:30:00 PM,35,TRAFFIC SIGNAL,FUNCTIONING PROPERLY,CLEAR,DUSK,ANGLE,NOT DIVIDED,4,STRAIGHT AND LEVEL,DRY,NO DEFECTS,AMENDED,INJURY AND / OR TOW DUE TO CRASH,Y,,,"OVER $1,500",06/30/2016 08:30:00 PM,DISREGARDING TRAFFIC SIGNALS,FAILING TO YIELD RIGHT-OF-WAY,6300,S,DR MARTIN LUTHER KING JR DR,312.0,,,,,,,2,NO INDICATION OF INJURY,0.0,0.0,0.0,0.0,0.0,4.0,0.0,20,5,6,41.7802113218,-87.6157682918,POINT (-87.615768291828 41.780211321839)
8f3c6be40bb0ebfb11a541ab63fc7545de08260fe8ac1747e84cef3d8bbd00dbbbb49fbdf5896b9fcb0ab01371f491149d54c45a5b536d85bde71803774b9310,,10/16/2017 12:45:00 PM,30,NO CONTROLS,NO CONTROLS,CLEAR,DAYLIGHT,REAR END,NOT DIVIDED,1,STRAIGHT AND LEVEL,DRY,NO DEFECTS,NOT ON SCENE (DESK REPORT),NO INJURY / DRIVE AWAY,,,,"OVER $1,500",10/16/2017 05:55:00 PM,IMPROPER BACKING,NOT APPLICABLE,4334,W,51ST ST,815.0,,,,,,,2,NO INDICATION OF INJURY,0.0,0.0,0.0,0.0,0.0,3.0,0.0,12,2,10,41.8005853774,-87.7320860841,POINT (-87.732086084128 41.800585377441)
7154d4f11179a0782118667832dfcb3d3f5ca70363dd293b088e215b9c6069217954013a0b0edf7237c10f93858b527197b395c44a6dbee33ee24d09a65ecba4,,08/28/2018 08:30:00 PM,30,NO CONTROLS,NO CONTROLS,CLEAR,"DARKNESS, LIGHTED ROAD",SIDESWIPE SAME DIRECTION,DIVIDED - W/MEDIAN (NOT RAISED),,STRAIGHT AND LEVEL,DRY,NO DEFECTS,NOT ON SCENE (DESK REPORT),NO INJURY / DRIVE AWAY,Y,,Y,$500 OR LESS,08/28/2018 09:30:00 PM,IMPROPER OVERTAKING/PASSING,NOT APPLICABLE,7900,S,WESTERN AVE,835.0,,,,,,,2,NO INDICATION OF INJURY,0.0,0.0,0.0,0.0,0.0,2.0,0.0,20,3,8,41.7500549336,-87.6829922029,POINT (-87.682992202902 41.75005493365)
b2fb887b0f2ccbf20c6c70597c6b98ec9131489695689951be53d211f669e796a99f4b53ec06b7d571bc9ab009c3930a61573c629878dc6c84756ab8c46bc3db,,10/04/2025 08:13:00 PM,30,TRAFFIC SIGNAL,FUNCTIONING PROPERLY,CLEAR,"DARKNESS, LIGHTED ROAD",PEDESTRIAN,FOUR WAY,,STRAIGHT AND LEVEL,DRY,UNKNOWN,ON SCENE,INJURY AND / OR TOW DUE TO CRASH,Y,,,$500 OR LESS,10/04/2025 08:13:00 PM,UNABLE TO DETERMINE,NOT APPLICABLE,4001,N,MARINE DR,1915.0,,,,,,,2,NONINCAPACITATING INJURY,1.0,0.0,0.0,1.0,0.0,1.0,0.0,20,7,10,41.9546978495,-87.6451193959,POINT (-87.645119395922 41.954697849459)
58154c8cfeed51e1a3c389afa4b5b65b586ebf7a3c0ef8aad0e4f1006e7538d286bcc1e8b7cb2098502e3a009334e51fb055b7de131b763f4387fca6323a9c3d,Y,03/05/2016 11:00:00 AM,30,NO CONTROLS,NO CONTROLS,CLEAR,DAYLIGHT,PARKED MOTOR VEHICLE,PARKING LOT,,STRAIGHT AND LEVEL,DRY,NO DEFECTS,NOT ON SCENE (DESK REPORT),NO INJURY / DRIVE AWAY,,,Y,"$501 - $1,500",03/05/2016 03:06:00 PM,UNABLE TO DETERMINE,NOT APPLICABLE,1959,W,HOOD AVE,2413.0,,,,,,,2,NO INDICATION OF INJURY,0.0,0.0,0.0,0.0,0.0,1.0,0.0,11,7,3,41.9929860527,-87.6794268929,POINT (-87.679426892922 41.992986052726)
ac7827c9d166c880e1977df3d6ba1d5e10fea471ed98b98ed8de36d8f480df15b2f37c9995386185f7f1c79a0ab2a8a53a0a612f9b41d14d0f51f3c799d6aae0,,10/05/2018 08:11:00 AM,30,NO CONTROLS,NO CONTROLS,RAIN,DAYLIGHT,REAR END,NOT DIVIDED,2,STRAIGHT AND LEVEL,WET,NO DEFECTS,ON SCENE,NO INJURY / DRIVE AWAY,,,,"OVER $1,500",10/05/2018 08:15:00 AM,WEATHER,FOLLOWING TOO CLOSELY,3545,S,WESTERN BLVD,912.0,,,,,,,3,NO INDICATION OF INJURY,0.0,0.0,0.0,0.0,0.0,5.0,0.0,8,6,10,41.8289801021,-87.6842711624,POINT (-87.68427116241 41.828980102112)
3587e575846918889aaa81dda3212d77a1c7359d032976edbc9154efc02b45e9caec4b918d95d671e430e57196327f635a80c80d7fe0b7b74eda263f264aa993,,09/23/2015 03:45:00 PM,20,NO CONTROLS,NO CONTROLS,CLEAR,DAYLIGHT,TURNING,NOT DIVIDED,2,STRAIGHT AND LEVEL,DRY,NO DEFECTS,ON SCENE,INJURY AND / OR TOW DUE TO CRASH,,,,"$501 - $1,500",09/23/2015 03:53:00 PM,FAILING TO YIELD RIGHT-OF-WAY,UNABLE TO DETERMINE,727,E,60TH ST,313.0,,,,,,,2,NO INDICATION OF INJURY,0.0,0.0,0.0,0.0,0.0,2.0,0.0,15,4,9,41.7857417436,-87.6074012184,POINT (-87.607401218411 41.785741743631)
1bad7caf91b2af24b0d5f9352f8c5f305b665c23f4c0c9e399d19c11f2498d4d111ac46da103a46ea5b081b173ceb589a74a25f5de034ec22d22fe70b8d15c22,,09/03/2024 07:50:00 AM,30,STOP SIGN/FLASHER,FUNCTIONING PROPERLY,CLEAR,DAYLIGHT,TURNING,T-INTERSECTION,,STRAIGHT AND LEVEL,DRY,UNKNOWN,NOT ON SCENE (DESK REPORT),NO INJURY / DRIVE AWAY,,,,"OVER $1,500",09/03/2024 03:30:00 PM,FAILING TO YIELD RIGHT-OF-WAY,NOT APPLICABLE,3539,N,ELSTON AVE,1733.0,,,,,,,2,NO INDICATION OF INJURY,0.0,0.0,0.0,0.0,0.0,2.0,0.0,7,3,9,41.945659418,-87.7072078737,POINT (-87.707207873683 41.945659418046)
b1929e7c7136e2ffc7f6cd1b329a74541ff313e755a63f531dac00f88174dd21d5617bc5e40168d8d0696d7a1c641014814a283f6fdebc8cc36d1b8a2a562dab,,09/27/2022 03:39:00 PM,30,NO CONTROLS,NO CONTROLS,CLEAR,DAYLIGHT,REAR END,RAMP,,STRAIGHT AND LEVEL,DRY,NO DEFECTS,NOT ON SCENE (DESK REPORT),NO INJURY / DRIVE AWAY,,,,"OVER $1,500",09/28/2022 11:00:00 AM,DISTRACTION - FROM INSIDE VEHICLE,NOT APPLICABLE,5700,S,LAKE SHORE DR,331.0,,,,,,,2,NO INDICATION OF INJURY,0.0,0.0,0.0,0.0,0.0,2.0,0.0,15,3,9,41.7914202821,-87.5801477687,POINT (-87.580147768689 41.791420282098)
1481eb4498f25d296ddc249374f584d2b4328ae04fd14a60169e1d477acf762109728fbb9d41a685eb1545d87e63374929b07e9d917d114d481ce8f587053310,,06/08/2018 01:45:00 PM,30,TRAFFIC SIGNAL,FUNCTIONING PROPERLY,RAIN,DAYLIGHT,SIDESWIPE SAME DIRECTION,NOT DIVIDED,2,STRAIGHT AND LEVEL,UNKNOWN,UNKNOWN,NOT ON SCENE (DESK REPORT),NO INJURY / DRIVE AWAY,,,Y,"OVER $1,500",06/08/2018 03:35:00 PM,UNABLE TO DETERMINE,NOT APPLICABLE,1701,W,OGDEN AVE,1231.0,,,,,,,2,NO INDICATION OF INJURY,0.0,0.0,0.0,0.0,0.0,2.0,0.0,13,6,6,41.8787567548,-87.6691483062,POINT (-87.669148306154 41.878756754811)
473cdfa3f4cbf5eae2e0bdb626f0a149ebf83df288833ad3eb0e4c2c81a1ca88f05d4ad7e56d9e1c17a57d6cee314f3f7b7be3c34f08749be4a42734e2ee0cc6,,07/05/2024 11:40:00 AM,20,NO CONTROLS,NO CONTROLS,CLEAR,DAYLIGHT,REAR TO SIDE,PARKING LOT,,STRAIGHT AND LEVEL,DRY,NO DEFECTS,ON SCENE,NO INJURY / DRIVE AWAY,,,,"$501 - $1,500",07/05/2024 11:53:00 AM,UNABLE TO DETERMINE,UNABLE TO DETERMINE,6401,N,CLARK ST,2432.0,,,,,,,2,NO INDICATION OF INJURY,0.0,0.0,0.0,0.0,0.0,2.0,0.0,11,6,7,41.9981457245,-87.6704630237,POINT (-87.670463023676 41.998145724489)
30e173162bf754f508d1775c33e68aadf7ee9c14ffea579ec110b4a11f0d8fd917b0ca3ecf7f1dd97dffc91328163a064c1419299b89bd2cea1e74b05be7a508,,06/22/2017 10:40:00 AM,30,TRAFFIC SIGNAL,FUNCTIONING PROPERLY,CLEAR,DAYLIGHT,REAR END,NOT DIVIDED,2,STRAIGHT AND LEVEL,DRY,NO DEFECTS,NOT ON SCENE (DESK REPORT),NO INJURY / DRIVE AWAY,,,N,"OVER $1,500",06/22/2017 11:13:00 AM,UNABLE TO DETERMINE,NOT APPLICABLE,2801,W,FOSTER AVE,2031.0,,,,,,,2,NO INDICATION OF INJURY,0.0,0.0,0.0,0.0,0.0,2.0,0.0,10,5,6,41.9757071839,-87.6990432034,POINT (-87.699043203358 41.975707183875)
3e785bd281cf43da5b836396fd260e855e679fb641054a6f9e86e0b9f43633314aeeed069c95e5e6dfa9ff54f5b4390a44589173f03c25d78f49d3d3800e736f,,11/13/2017 06:45:00 PM,30,UNKNOWN,UNKNOWN,CLEAR,DAYLIGHT,REAR END,UNKNOWN,,STRAIGHT AND LEVEL,DRY,UNKNOWN,NOT ON SCENE (DESK REPORT),NO INJURY / DRIVE AWAY,,,,"$501 - $1,500",11/13/2017 07:02:00 PM,FOLLOWING TOO CLOSELY,FOLLOWING TOO CLOSELY,3940,W,FULLERTON AVE,2524.0,,,,,,,2,NO INDICATION OF INJURY,0.0,0.0,0.0,0.0,0.0,2.0,0.0,18,2,11,41.9246021037,-87.7259506062,POINT (-87.725950606183 41.924602103712)
9493a05d1d2b86fe70e3a1d163b2ae503c63bd28ecf542ff32d72db13099fc5fc2f6185095c24d29e5851fe3afc49448998beef8e2bb94205df2c1ba24b94898,,10/21/2024 07:02:00 PM,35,POLICE/FLAGMAN,OTHER,CLEAR,"DARKNESS, LIGHTED ROAD",FIXED OBJECT,RAMP,,"CURVE, LEVEL",DRY,NO DEFECTS,ON SCENE,INJURY AND / OR TOW DUE TO CRASH,,,,"OVER $1,500",10/21/2024 07:02:00 PM,"OPERATING VEHICLE IN ERRATIC, RECKLESS, CARELESS, NEGLIGENT OR AGGRESSIVE MANNER",NOT APPLICABLE,1400,S,LAKE SHORE DR SB,132.0,,,,,,,1,INCAPACITATING INJURY,1.0,0.0,1.0,0.0,0.0,2.0,0.0,19,2,10,41.8640356398,-87.6192970692,POINT (-87.619297069192 41.864035639814)
7547023d93f7ba7aae51d574c8686c62ddc6dab97b35c2dd47e240b9152e9a801233129ada625779fcc7d53f8eff9007c568bbe0e29fbfb3c0ed35e0fc57212c,,04/26/2023 08:37:00 AM,35,NO CONTROLS,NO CONTROLS,CLEAR,DAYLIGHT,SIDESWIPE SAME DIRECTION,DIVIDED - W/MEDIAN (NOT RAISED),,STRAIGHT AND LEVEL,DRY,UNKNOWN,NOT ON SCENE (DESK REPORT),NO INJURY / DRIVE AWAY,,,Y,"$501 - $1,500",04/26/2023 08:38:00 AM,FAILING TO YIELD RIGHT-OF-WAY,UNABLE TO DETERMINE,2232,W,71ST ST,832.0,,,,,,,2,NO INDICATION OF INJURY,0.0,0.0,0.0,0.0,0.0,2.0,0.0,8,4,4,41.7648524287,-87.6797975104,POINT (-87.679797510353 41.764852428685)
6f73031400a82da6de18877920b61d8b33f3eb9eb64a9d47402d25fe9dc8e347d2f518964fb8de906b1139ed5469df447cfc30d359d257a551c67b03bdd8e524,N,06/21/2019 04:00:00 PM,30,TRAFFIC SIGNAL,FUNCTIONING PROPERLY,CLEAR,DAYLIGHT,PEDESTRIAN,DIVIDED - W/MEDIAN BARRIER,,STRAIGHT AND LEVEL,DRY,NO DEFECTS,ON SCENE,INJURY AND / OR TOW DUE TO CRASH,Y,,Y,$500 OR LESS,06/21/2019 09:50:00 PM,FAILING TO YIELD RIGHT-OF-WAY,NOT APPLICABLE,930,N,MICHIGAN AVE,1833.0,,,,,,,2,NONINCAPACITATING INJURY,1.0,0.0,0.0,1.0,0.0,1.0,0.0,16,6,6,41.9000692381,-87.6243130344,POINT (-87.624313034378 41.900069238139)