CRASH_RECORD_ID,CRASH_DATE_EST_I,CRASH_DATE,POSTED_SPEED_LIMIT,TRAFFIC_CONTROL_DEVICE,DEVICE_CONDITION,WEATHER_CONDITION,LIGHTING_CONDITION,FIRST_CRASH_TYPE,TRAFFICWAY_TYPE,LANE_CNT,ALIGNMENT,ROADWAY_SURFACE_COND,ROAD_DEFECT,REPORT_TYPE,CRASH_TYPE,INTERSECTION_RELATED_I,NOT_RIGHT_OF_WAY_I,HIT_AND_RUN_I,DAMAGE,DATE_POLICE_NOTIFIED,PRIM_CONTRIBUTORY_CAUSE,SEC_CONTRIBUTORY_CAUSE,STREET_NO,STREET_DIRECTION,STREET_NAME,BEAT_OF_OCCURRENCE,PHOTOS_TAKEN_I,STATEMENTS_TAKEN_I,DOORING_I,WORK_ZONE_I,WORK_ZONE_TYPE,WORKERS_PRESENT_I,NUM_UNITS,MOST_SEVERE_INJURY,INJURIES_TOTAL,INJURIES_FATAL,INJURIES_INCAPACITATING,INJURIES_NON_INCAPACITATING,INJURIES_REPORTED_NOT_EVIDENT,INJURIES_NO_INDICATION,INJURIES_UNKNOWN,CRASH_HOUR,CRASH_DAY_OF_WEEK,CRASH_MONTH,LATITUDE,LONGITUDE,LOCATION
60882689fb5fcf5d89c2c1424fed89c268e2b0a82b868bc4541d3f2858fa1c119d32c5d108f3a1563cc7db155cfe56da44efc5629a5a377c8333837115e6d42c,,11/10/2018 08:00:00 AM,15,UNKNOWN,UNKNOWN,CLEAR,DAWN,PARKED MOTOR VEHICLE,OTHER,1,STRAIGHT AND LEVEL,DRY,UNKNOWN,NOT ON SCENE (DESK REPORT),NO INJURY / DRIVE AWAY,,,Y,"$501 - $1,500",11/10/2018 07:15:00 PM,UNABLE TO DETERMINE,UNABLE TO DETERMINE,6424,S,DR MARTIN LUTHER KING JR DR,312.0,,,,,,,2,NO INDICATION OF INJURY,0.0,0.0,0.0,0.0,0.0,1.0,0.0,8,7,11,41.7776524802,-87.6157078439,POINT (-87.615707843933 41.777652480246)
a5526ca5e2cb133abf6954eaa32e89d457c61fd4c6c7a23aad14f8bf2064db22f717888c608e73ba09929e162cffe03f8f92cffab41985041c62124478d6b08f,,09/21/2016 01:00:00 PM,30,TRAFFIC SIGNAL,FUNCTIONING PROPERLY,CLOUDY/OVERCAST,DAYLIGHT,SIDESWIPE SAME DIRECTION,DIVIDED - W/MEDIAN (NOT RAISED),,STRAIGHT AND LEVEL,UNKNOWN,UNKNOWN,NOT ON SCENE (DESK REPORT),NO INJURY / DRIVE AWAY,Y,,,"$501 - $1,500",09/21/2016 02:49:00 PM,IMPROPER BACKING,NOT APPLICABLE,1800,S,CLARK ST,131.0,,,,,,,2,NO INDICATION OF INJURY,0.0,0.0,0.0,0.0,0.0,2.0,0.0,13,4,9,41.8576920115,-87.6303712389,POINT (-87.630371238942 41.857692011499)
47a2ae3668725469c323b44857a878d012d87b053e45c74715895eefc13d7fd029bbabf58e590825ad9866c43250823bafad585df53cf557e7de1e7d01b5a9d0,,12/03/2021 03:40:00 PM,10,NO CONTROLS,NO CONTROLS,CLEAR,DAYLIGHT,OTHER OBJECT,OTHER,,STRAIGHT AND LEVEL,DRY,NO DEFECTS,NOT ON SCENE (DESK REPORT),NO INJURY / DRIVE AWAY,,Y,,"OVER $1,500",12/09/2021 12:40:00 PM,UNABLE TO DETERMINE,UNABLE TO DETERMINE,2146,S,ROCKWELL ST,1023.0,,,,,,,1,NO INDICATION OF INJURY,0.0,0.0,0.0,0.0,0.0,1.0,0.0,15,6,12,41.8523534834,-87.6907014293,POINT (-87.690701429284 41.85235348338)
f45880b71ec3d9bc433f547f6a4b5a9b01104ba63ad41ed958d129fb82057e77d3b33907af1762360777613a39b6cebcaf932aca21c5f712e8dcc64e542ce1db,,09/21/2025 06:40:00 PM,30,NO CONTROLS,NO CONTROLS,CLEAR,DUSK,OTHER OBJECT,NOT DIVIDED,,STRAIGHT AND LEVEL,DRY,NO DEFECTS,ON SCENE,INJURY AND / OR TOW DUE TO CRASH,,,,"OVER $1,500",09/21/2025 06:44:00 PM,UNABLE TO DETERMINE,NOT APPLICABLE,9923,S,HALSTED ST,2232.0,,,,,,,1,NO INDICATION OF INJURY,0.0,0.0,0.0,0.0,0.0,1.0,0.0,18,1,9,41.7134955733,-87.6428339365,POINT (-87.64283393649 41.713495573303)
886454bd4ceb460fc83948a28009f9032afba060222f6a235b7e4f9c82003bbd0a9a378d08f8116df4e2e2604b3bc89889e047b6d1d48dd3fe4c295df013fbcd,,09/27/2019 05:56:00 AM,30,TRAFFIC SIGNAL,FUNCTIONING PROPERLY,CLEAR,DAWN,REAR END,ONE-WAY,,STRAIGHT AND LEVEL,DRY,NO DEFECTS,ON SCENE,NO INJURY / DRIVE AWAY,Y,,,"OVER $1,500",09/27/2019 05:58:00 AM,FOLLOWING TOO CLOSELY,DRIVING SKILLS/KNOWLEDGE/EXPERIENCE,1,W,HELIPAD ST,1654.0,,,,,,,2,NO INDICATION OF INJURY,0.0,0.0,0.0,0.0,0.0,2.0,0.0,5,6,9,,,
9d4cf7866e99e97b387b0fb0aa2e09a66544e1815bd4770d8330cffa4aa7274b4bb134c22099f1909353c0df9cf5d632f16ced3187a2d68f3e9f7180c3aa4e31,,05/25/2017 06:50:00 PM,30,NO CONTROLS,NO CONTROLS,CLEAR,DAYLIGHT,PEDALCYCLIST,NOT DIVIDED,2,STRAIGHT AND LEVEL,DRY,NO DEFECTS,NOT ON SCENE (DESK REPORT),NO INJURY / DRIVE AWAY,Y,,,"OVER $1,500",05/25/2017 08:05:00 PM,UNABLE TO DETERMINE,NOT APPLICABLE,1726,N,DAMEN AVE,1434.0,,,,,,,2,NO INDICATION OF INJURY,0.0,0.0,0.0,0.0,0.0,2.0,0.0,18,5,5,41.913110986,-87.6776703036,POINT (-87.677670303579 41.913110986033)
67a724e197fb844ed03f791e202a424e4449700b8383efd256224fa5cee39c4a66a8f3978ba9d294c7ec61077d04c63fc2f6c2071ff1a131ac8961c202edd85b,,05/10/2025 07:26:00 PM,30,NO CONTROLS,NO CONTROLS,CLEAR,DAYLIGHT,REAR END,FOUR WAY,,STRAIGHT AND LEVEL,DRY,NO DEFECTS,NOT ON SCENE (DESK REPORT),NO INJURY / DRIVE AWAY,,,,"OVER $1,500",05/10/2025 07:45:00 PM,FOLLOWING TOO CLOSELY,NOT APPLICABLE,4610,N,BROADWAY,1913.0,,,,,,,2,NO INDICATION OF INJURY,0.0,0.0,0.0,0.0,0.0,2.0,0.0,19,7,5,41.965674363,-87.657813063,POINT (-87.657813062963 41.965674363022)
7f359036e390db4306916a46db69eed32d5832e2f43db984df65a05cda12894f427173be4783c212e0af94ec083cae82f81dc70763db727e83f9040def869252,,04/04/2025 12:12:00 AM,35,NO CONTROLS,NO CONTROLS,CLEAR,DARKNESS,PARKED MOTOR VEHICLE,NOT DIVIDED,,STRAIGHT AND LEVEL,DRY,NO DEFECTS,ON SCENE,INJURY AND / OR TOW DUE TO CRASH,,,,"OVER $1,500",04/04/2025 12:40:00 AM,UNABLE TO DETERMINE,NOT APPLICABLE,955,W,MONTROSE AVE,1915.0,,,,,,,2,NO INDICATION OF INJURY,0.0,0.0,0.0,0.0,0.0,1.0,0.0,0,6,4,41.9616736039,-87.6544749474,POINT (-87.654474947372 41.961673603905)
880021be6134d3f3ea53bf2e00803a3ff4264c6f0a0ea82e37ec2a413b4d2e1ea39e47c81697a308bd0428e9d15e946d65e4011d1e87f47cc74bdee217bda1fa,,01/17/2024 09:30:00 PM,10,NO CONTROLS,NO CONTROLS,SNOW,"DARKNESS, LIGHTED ROAD",TURNING,ALLEY,,STRAIGHT AND LEVEL,ICE,NO DEFECTS,ON SCENE,NO INJURY / DRIVE AWAY,,,Y,"OVER $1,500",01/17/2024 09:30:00 PM,UNABLE TO DETERMINE,UNABLE TO DETERMINE,1407,S,KEDVALE AVE,1011.0,,,,,,,2,NO INDICATION OF INJURY,0.0,0.0,0.0,0.0,0.0,2.0,0.0,21,4,1,41.8622116098,-87.7285770036,POINT (-87.728577003592 41.862211609839)
3b9f65d446d2f58120628aa30572869ceb896ba7ecb6095bff290a0f7518cd6039b7b589ca6e4907a4b97f8448a6c0b806ba8ff0be6bf0fb741a862068b12db5,,07/06/2024 01:40:00 AM,30,STOP SIGN/FLASHER,FUNCTIONING PROPERLY,CLEAR,"DARKNESS, LIGHTED ROAD",REAR END,NOT DIVIDED,,STRAIGHT AND LEVEL,DRY,NO DEFECTS,NOT ON SCENE (DESK REPORT),NO INJURY / DRIVE AWAY,,,Y,"OVER $1,500",07/06/2024 09:30:00 PM,FOLLOWING TOO CLOSELY,FOLLOWING TOO CLOSELY,1852,W,CERMAK RD,1234.0,,,,,,,2,NO INDICATION OF INJURY,0.0,0.0,0.0,0.0,0.0,2.0,0.0,1,7,7,41.852325944,-87.6730424919,POINT (-87.673042491888 41.852325943957)
c0d2c63ae112820ddaa4705f0badaba9d78f37dfc4251cfe6c76b5036726c1846d684d33f6a8fd5a058f2ef944383ea0789c37faf6a8716a18dae11cc1802fdb,,12/28/2021 07:25:00 PM,30,STOP SIGN/FLASHER,FUNCTIONING PROPERLY,CLEAR,DAYLIGHT,TURNING,NOT DIVIDED,,STRAIGHT AND LEVEL,SNOW OR SLUSH,UNKNOWN,,NO INJURY / DRIVE AWAY,,,,"OVER $1,500",12/28/2021 07:25:00 PM,UNABLE TO DETERMINE,NOT APPLICABLE,7061,N,KEDZIE AVE,2411.0,,,,,,,2,NO INDICATION OF INJURY,0.0,0.0,0.0,0.0,0.0,2.0,0.0,19,3,12,42.010018661,-87.709056552,POINT (-87.709056551967 42.010018660983)
fb877ec825b263a74f8c51ad0a4129b3a249e991943fafabc287b6eb1dcedb185077e78cf87223a3d0fb544a39d4cb2e26fc81811b4f5cf3cdf7329f108996f9,,03/27/2017 02:50:00 PM,30,NO CONTROLS,NO CONTROLS,CLEAR,DAYLIGHT,TURNING,NOT DIVIDED,,STRAIGHT AND LEVEL,DRY,NO DEFECTS,NOT ON SCENE (DESK REPORT),INJURY AND / OR TOW DUE TO CRASH,,,,"OVER $1,500",03/27/2017 04:30:00 PM,IMPROPER TURNING/NO SIGNAL,IMPROPER TURNING/NO SIGNAL,9100,S,ASHLAND AVE,2221.0,,,,,,,2,NO INDICATION OF INJURY,0.0,0.0,0.0,0.0,0.0,5.0,0.0,14,2,3,41.728389214,-87.6629956527,POINT (-87.662995652744 41.728389213977)
9da796f279144f752ae38333a67a923b5e7f314dfd43fcedfe129b3086caef73688d038a70304c7fe4078ed312d554118fc96942d20b67c485241e54637dac84,,10/06/2018 01:30:00 AM,25,NO CONTROLS,NO CONTROLS,RAIN,"DARKNESS, LIGHTED ROAD",ANGLE,ONE-WAY,1,STRAIGHT AND LEVEL,WET,UNKNOWN,ON SCENE,NO INJURY / DRIVE AWAY,,,Y,"OVER $1,500",10/06/2018 01:31:00 AM,UNDER THE INFLUENCE OF ALCOHOL/DRUGS (USE WHEN ARREST IS EFFECTED),UNABLE TO DETERMINE,2309,N,LOWELL AVE,2522.0,,,,,,,2,NO INDICATION OF INJURY,0.0,0.0,0.0,0.0,0.0,4.0,0.0,1,7,10,41.9228717372,-87.7351457569,POINT (-87.735145756925 41.922871737178)
0e7d04736f0f48466965cf63ef55d7809d58b001f62f214feb62f310bf1121c7e4bf804731b38c336fd1499be1eced695933074b250f769cc69715438108d459,,06/18/2023 08:50:00 PM,30,UNKNOWN,UNKNOWN,UNKNOWN,UNKNOWN,REAR END,NOT DIVIDED,,STRAIGHT AND LEVEL,UNKNOWN,UNKNOWN,NOT ON SCENE (DESK REPORT),NO INJURY / DRIVE AWAY,,,,"OVER $1,500",06/19/2023 03:00:00 PM,UNABLE TO DETERMINE,UNABLE TO DETERMINE,322,E,ILLINOIS ST,1834.0,,,,,,,2,NO INDICATION OF INJURY,0.0,0.0,0.0,0.0,0.0,2.0,0.0,20,1,6,41.8911331709,-87.619160207,POINT (-87.619160207046 41.891133170855)
541dfe3efe0a7fe4d9995e304e39aecfd5881a7be0bc0262f76247e70b68418c784bceb33f3b390c412469515e6dc5866788d01d561d5d04a562d4f7b65cc249,,06/17/2019 04:38:00 AM,30,TRAFFIC SIGNAL,FUNCTIONING PROPERLY,CLEAR,DAWN,REAR END,FOUR WAY,,STRAIGHT AND LEVEL,DRY,NO DEFECTS,ON SCENE,INJURY AND / OR TOW DUE TO CRASH,,,Y,"OVER $1,500",06/17/2019 04:38:00 AM,DISREGARDING TRAFFIC SIGNALS,NOT APPLICABLE,601,S,SACRAMENTO BLVD,1135.0,,,,,,,2,NO INDICATION OF INJURY,0.0,0.0,0.0,0.0,0.0,2.0,0.0,4,2,6,41.873704115,-87.7008646171,POINT (-87.700864617137 41.873704115019)
fa992fded97e4affe19e04cdc00efad198f62fadf9b543ff3df86f67b76f59333d60ce45fd8b22352c2e470486782ad11aa79ff3fd1ef6555830a63707631e06,,10/20/2019 09:52:00 PM,30,STOP SIGN/FLASHER,FUNCTIONING PROPERLY,FOG/SMOKE/HAZE,"DARKNESS, LIGHTED ROAD",TURNING,CENTER TURN LANE,,STRAIGHT AND LEVEL,DRY,NO DEFECTS,ON SCENE,INJURY AND / OR TOW DUE TO CRASH,Y,,,"OVER $1,500",10/20/2019 09:54:00 PM,FAILING TO YIELD RIGHT-OF-WAY,FAILING TO REDUCE SPEED TO AVOID CRASH,2300,N,CICERO AVE,2522.0,,,,,,,2,NO INDICATION OF INJURY,0.0,0.0,0.0,0.0,0.0,2.0,0.0,21,1,10,41.9224593711,-87.7464026916,POINT (-87.746402691551 41.922459371079)
b674fabea027307365e36b575277ed5f36ce813277badfaa6ce7ebc3ca4e270e933d0bf3424a57c7a7d0cf78a0a99a1141b04e80c6ea3f72bdf57f2ae96f0a43,,04/11/2023 07:10:00 PM,30,NO CONTROLS,NO CONTROLS,CLEAR,"DARKNESS, LIGHTED ROAD",PARKED MOTOR VEHICLE,NOT DIVIDED,,STRAIGHT AND LEVEL,DRY,NO DEFECTS,NOT ON SCENE (DESK REPORT),NO INJURY / DRIVE AWAY,,,,"OVER $1,500",04/11/2023 08:00:00 PM,UNABLE TO DETERMINE,UNABLE TO DETERMINE,1344,E,67TH ST,321.0,,,,,,,2,NO INDICATION OF INJURY,0.0,0.0,0.0,0.0,0.0,1.0,0.0,19,3,4,41.7733806909,-87.592561207,POINT (-87.592561206972 41.773380690875)
6e1adf4056b7ee45a40f9099a8b695dab211ff71201fd2e480996d976371eefe626b965d7ba4033c935a09b8c5f0615333658fae00fa7fe633a0e21279a79483,Y,08/24/2019 05:00:00 PM,25,NO CONTROLS,NO CONTROLS,CLEAR,DAYLIGHT,PARKED MOTOR VEHICLE,ONE-WAY,,STRAIGHT AND LEVEL,DRY,NO DEFECTS,ON SCENE,INJURY AND / OR TOW DUE TO CRASH,,,Y,"OVER $1,500",08/24/2019 07:20:00 PM,UNABLE TO DETERMINE,NOT APPLICABLE,4056,N,LAPORTE AVE,1624.0,,,,,,,2,NO INDICATION OF INJURY,0.0,0.0,0.0,0.0,0.0,1.0,0.0,17,7,8,41.9550902919,-87.7512249328,POINT (-87.751224932753 41.955090291873)
b7d8ce6cc1cdae7346b9c0766b02fb43919275aac58e468f44dbc5197f0a836b11539b467fc3df04615cfc8f03e73ca2e74ed6d20c40622f3e46e70e77266c19,,10/28/2023 09:30:00 AM,15,NO CONTROLS,NO CONTROLS,CLEAR,DAYLIGHT,PARKED MOTOR VEHICLE,OTHER,,STRAIGHT AND LEVEL,DRY,NO DEFECTS,ON SCENE,NO INJURY / DRIVE AWAY,,Y,Y,$500 OR LESS,10/28/2023 09:46:00 AM,UNABLE TO DETERMINE,NOT APPLICABLE,8900,S,STONY ISLAND AVE,413.0,,,,,,,2,NO INDICATION OF INJURY,0.0,0.0,0.0,0.0,0.0,1.0,0.0,9,7,10,41.7331879659,-87.5857126979,POINT (-87.585712697936 41.733187965898)
1188bb6ed782c0d89c149ab56798be289c43d18defb213321840b05e7f8caf2ed9b1a1d9a2116cc170f1ab0f23bdc50452eaa728cb086d083048060619259757,,01/13/2020 02:40:00 PM,30,TRAFFIC SIGNAL,FUNCTIONING PROPERLY,CLEAR,"DARKNESS, LIGHTED ROAD",TURNING,NOT DIVIDED,,STRAIGHT AND LEVEL,DRY,NO DEFECTS,NOT ON SCENE (DESK REPORT),NO INJURY / DRIVE AWAY,Y,,,"$501 - $1,500",01/13/2020 08:45:00 PM,IMPROPER BACKING,NOT APPLICABLE,498,S,COLUMBUS DR,114.0,,,,,,,2,NO INDICATION OF INJURY,0.0,0.0,0.0,0.0,0.0,6.0,0.0,14,2,1,41.8758326363,-87.6207383365,POINT (-87.620738336509 41.875832636304)
4b13154fe517f705c10b9ccf913a97458b667184d3f4672f10d455defa499419de931047b8e46a0778027d462414974ad2f4038e0eec07ecebf4371e12c812b3,,12/12/2024 06:41:00 PM,30,NO CONTROLS,NO CONTROLS,CLEAR,"DARKNESS, LIGHTED ROAD",REAR END,NOT DIVIDED,,STRAIGHT AND LEVEL,DRY,NO DEFECTS,ON SCENE,NO INJURY / DRIVE AWAY,,,Y,"OVER $1,500",12/12/2024 06:47:00 PM,FOLLOWING TOO CLOSELY,UNABLE TO DETERMINE,1936,W,DEVON AVE,2412.0,,,,,,,2,NO INDICATION OF INJURY,0.0,0.0,0.0,0.0,0.0,2.0,0.0,18,5,12,41.9980417174,-87.67834293,POINT (-87.678342929955 41.998041717375)
afe1ee9c050dff33189a5be7453c7852ba9d80bafd47ac35577da1cdfdbdb14b2f47fb64609183424d3783c335bda226f16f297033babd1f60ea97685ef8dfca,,12/15/2015 11:15:00 AM,30,NO CONTROLS,NO CONTROLS,CLEAR,DAYLIGHT,REAR END,DIVIDED - W/MEDIAN (NOT RAISED),4,STRAIGHT AND LEVEL,DRY,NO DEFECTS,NOT ON SCENE (DESK REPORT),NO INJURY / DRIVE AWAY,,,,"OVER $1,500",12/16/2015 01:25:00 PM,UNABLE TO DETERMINE,NOT APPLICABLE,329,N,CICERO AVE,1113.0,,,,,,,2,NO INDICATION OF INJURY,0.0,0.0,0.0,0.0,0.0,2.0,0.0,11,3,12,41.8863354626,-87.7453422208,POINT (-87.745342220828 41.886335462605)
d82c9bf02b24207c0bd4fd32e9ebf06592420ab0898aef4cb28281fd18e106ee4a0ee193c9125df86e9fafd667409a39df8806b3fb614e927bd87984d9e09533,,10/19/2025 04:40:00 PM,10,NO CONTROLS,NO CONTROLS,CLEAR,DAYLIGHT,PARKED MOTOR VEHICLE,OTHER,,STRAIGHT AND LEVEL,DRY,NO DEFECTS,NOT ON SCENE (DESK REPORT),NO INJURY / DRIVE AWAY,,Y,Y,"OVER $1,500",10/28/2025 03:00:00 PM,IMPROPER BACKING,NOT APPLICABLE,6700,S,JEFFERY BLVD,332.0,,,,,,,2,NO INDICATION OF INJURY,0.0,0.0,0.0,0.0,0.0,4.0,0.0,16,1,10,41.7733684085,-87.5766385522,POINT (-87.576638552177 41.773368408547)
24941a66ec8d32f02ffe2ae1ab31f99aa9a4b45b45a56ff6b74745aeaa69a4255ae627a31c039615c604033f36539dbc47caedbccaa68eb819c567bbfe6c2478,,09/18/2025 07:13:00 PM,30,NO CONTROLS,NO CONTROLS,CLEAR,DARKNESS,REAR END,NOT DIVIDED,,STRAIGHT AND LEVEL,DRY,NO DEFECTS,ON SCENE,INJURY AND / OR TOW DUE TO CRASH,,,,"OVER $1,500",09/18/2025 07:13:00 PM,FOLLOWING TOO CLOSELY,NOT APPLICABLE,3200,S,KEDVALE AVE,1031.0,,,,,,,2,NO INDICATION OF INJURY,0.0,0.0,0.0,0.0,0.0,2.0,0.0,19,5,9,41.8349280478,-87.7281048935,POINT (-87.728104893516 41.834928047772)
98e53464a9c94e286f9e20b7ab02adfe141dd6d5c6e833564523c0b49ef20d212ff164f2084ad846c20ee877ef1de5c114ced5512b770f8786909ac6eca03908,,06/06/2016 03:00:00 PM,35,NO CONTROLS,NO CONTROLS,CLEAR,DAYLIGHT,SIDESWIPE SAME DIRECTION,NOT DIVIDED,4,STRAIGHT AND LEVEL,DRY,NO DEFECTS,NOT ON SCENE (DESK REPORT),NO INJURY / DRIVE AWAY,,,,"$501 - $1,500",06/10/2016 03:01:00 PM,IMPROPER LANE USAGE,UNABLE TO DETERMINE,5303,N,WESTERN AVE,2012.0,,,,,,,2,NO INDICATION OF INJURY,0.0,0.0,0.0,0.0,0.0,2.0,0.0,15,2,6,41.9778559775,-87.6890797555,POINT (-87.689079755498 41.977855977467)
ab8fb33735fd83ce6ed4f2265f5d61b2f9cf990b9ae07dc8a0a8fe5bada35c38c5024a893cfeb0e17c42c927f37c6f5521660a79d6814bd8a5f799f3dfbd2e9c,,06/24/2024 10:30:00 AM,30,TRAFFIC SIGNAL,FUNCTIONING PROPERLY,CLEAR,DAYLIGHT,REAR END,DIVIDED - W/MEDIAN (NOT RAISED),,STRAIGHT AND LEVEL,DRY,NO DEFECTS,NOT ON SCENE (DESK REPORT),NO INJURY / DRIVE AWAY,,,,"OVER $1,500",06/24/2024 10:45:00 AM,FOLLOWING TOO CLOSELY,FOLLOWING TOO CLOSELY,6730,W,DIVERSEY AVE,2511.0,,,,,,,3,NO INDICATION OF INJURY,0.0,0.0,0.0,0.0,0.0,4.0,0.0,10,2,6,41.9310081605,-87.794307246,POINT (-87.794307245956 41.931008160526)
d6c90e4446c83857a88e92b1f78dc7d0b710601c6a4512932247b1d116cf78e22bb40654345e2d868f14cdba2dbe40f1731c829bedd41da8404b3c404f75ab1f,,02/15/2019 11:50:00 AM,0,NO CONTROLS,NO CONTROLS,CLEAR,DAYLIGHT,ANGLE,PARKING LOT,,STRAIGHT AND LEVEL,DRY,NO DEFECTS,NOT ON SCENE (DESK REPORT),NO INJURY / DRIVE AWAY,,Y,,"OVER $1,500",02/15/2019 12:10:00 PM,IMPROPER BACKING,"VISION OBSCURED (SIGNS, TREE LIMBS, BUILDINGS, ETC.)",6525,W,DIVERSEY AVE,2512.0,,,,,,,2,NO INDICATION OF INJURY,0.0,0.0,0.0,0.0,0.0,2.0,0.0,11,6,2,41.9308339152,-87.7891337875,POINT (-87.789133787544 41.93083391524)
a4bcce230f5b7158e5cc9afc3839b490d294179fc3854a0be1a018e6280ef593f53369b81bc40556faec5cbfbcaf41bd9e8e9fa1c2491b6793cec2fc91665c08,,03/31/2019 02:55:00 PM,30,NO CONTROLS,NO CONTROLS,CLEAR,DAYLIGHT,PARKED MOTOR VEHICLE,NOT DIVIDED,1,STRAIGHT AND LEVEL,DRY,NO DEFECTS,NOT ON SCENE (DESK REPORT),NO INJURY / DRIVE AWAY,,,,"$501 - $1,500",04/01/2019 04:31:00 PM,IMPROPER OVERTAKING/PASSING,IMPROPER OVERTAKING/PASSING,8215,S,CALIFORNIA AVE,835.0,,,,,,,2,NO INDICATION OF INJURY,0.0,0.0,0.0,0.0,0.0,1.0,0.0,14,1,3,41.7439980382,-87.6923240326,POINT (-87.692324032621 41.743998038233)
6e9354d9e9eb138dc237b53bfebaa7e37ccb8cacbe98765cfc6f4d0b1102585c39ba17d096b4074ab2444250281a7809dcbfd4770d763e8341d18ec82c46ea54,,01/23/2020 06:58:00 PM,30,TRAFFIC SIGNAL,FUNCTIONING PROPERLY,FREEZING RAIN/DRIZZLE,DAWN,TURNING,NOT DIVIDED,,STRAIGHT AND LEVEL,WET,NO DEFECTS,NOT ON SCENE (DESK REPORT),NO INJURY / DRIVE AWAY,,,,"OVER $1,500",01/23/2020 07:09:00 PM,FAILING TO YIELD RIGHT-OF-WAY,UNABLE TO DETERMINE,3211,W,COLUMBUS AVE,835.0,,,,,,,2,NO INDICATION OF INJURY,0.0,0.0,0.0,0.0,0.0,2.0,0.0,18,5,1,41.750161438,-87.7027191239,POINT (-87.702719123869 41.750161438045)
028402433ebabefcc8639dc6622634620346b814cb9c036d1e5d80367e2bb0d7ab403b3ba930e362f21a8fcdb1b8018fdbfd9cd8772f33ea4dd6a49ae50faaf0,,07/24/2019 11:25:00 PM,45,NO CONTROLS,NO CONTROLS,CLEAR,"DARKNESS, LIGHTED ROAD",REAR END,DIVIDED - W/MEDIAN BARRIER,,STRAIGHT AND LEVEL,DRY,NO DEFECTS,ON SCENE,INJURY AND / OR TOW DUE TO CRASH,,,Y,"OVER $1,500",07/24/2019 11:29:00 PM,UNABLE TO DETERMINE,DRIVING SKILLS/KNOWLEDGE/EXPERIENCE,5300,S,LAKE SHORE DR SB,234.0,,,,,,,2,NONINCAPACITATING INJURY,3.0,0.0,0.0,3.0,0.0,1.0,0.0,23,4,7,41.7995693995,-87.5815490603,POINT (-87.581549060329 41.7995693995)
62d0db9bf4f867329bc93c6e54a46ed1494eb60b59fc51d897551cb6fd78af36506d12c898386fc23f057579777b82aad81323614987f3dc20569a1d8d0481ee,,05/27/2017 02:45:00 PM,30,NO CONTROLS,NO CONTROLS,CLEAR,DAYLIGHT,TURNING,DIVIDED - W/MEDIAN (NOT RAISED),2,STRAIGHT AND LEVEL,DRY,NO DEFECTS,NOT ON SCENE (DESK REPORT),NO INJURY / DRIVE AWAY,,,,"OVER $1,500",05/27/2017 04:10:00 PM,DRIVING SKILLS/KNOWLEDGE/EXPERIENCE,NOT APPLICABLE,4928,N,BROADWAY,2033.0,,,,,,,2,NO INDICATION OF INJURY,0.0,0.0,0.0,0.0,0.0,4.0,0.0,14,7,5,41.9723697742,-87.6599071741,POINT (-87.659907174103 41.97236977415)
239f22c8e95ee94b535faeab3c5f31c5484aedc9b9e55de13ff756e3bd150ee3b746c880df20d93f8245957556bc4cc635165306ae05540059d129b0557b363e,,10/09/2025 11:50:00 AM,30,NO CONTROLS,NO CONTROLS,CLEAR,DAYLIGHT,FIXED OBJECT,DIVIDED - W/MEDIAN (NOT RAISED),,STRAIGHT AND LEVEL,DRY,NO DEFECTS,NOT ON SCENE (DESK REPORT),NO INJURY / DRIVE AWAY,,,,"OVER $1,500",10/10/2025 11:15:00 AM,UNABLE TO DETERMINE,UNABLE TO DETERMINE,2323,W,52ND ST,932.0,,,,,,,1,NO INDICATION OF INJURY,0.0,0.0,0.0,0.0,0.0,1.0,0.0,11,5,10,41.7987280738,-87.6827903919,POINT (-87.68279039188 41.79872807378)
5504009555f9e4d0c9fff2ed80a86b73c5f2eec3fa01a2809c3cf5e5098d6fc92e465fc399544188f042f9266a98d9a64b3e46e75eb8a4f2d0c98283dc1230c0,,06/15/2025 12:00:00 AM,30,NO CONTROLS,NO CONTROLS,CLEAR,DARKNESS,PARKED MOTOR VEHICLE,NOT DIVIDED,,STRAIGHT AND LEVEL,DRY,NO DEFECTS,,NO INJURY / DRIVE AWAY,,,,"OVER $1,500",06/15/2025 02:40:00 AM,UNABLE TO DETERMINE,UNABLE TO DETERMINE,3119,N,KIMBALL AVE,1412.0,,,,,,,3,NO INDICATION OF INJURY,0.0,0.0,0.0,0.0,0.0,1.0,0.0,0,1,6,41.938062918,-87.7122998591,POINT (-87.712299859068 41.938062917994)
c194e7bdc020bf0d8189b05b511ecce50a5d0008add9cb4890f84fa241d5e76e2913f6613e61d378ee059d4ba1c472331cb932e3d8a0d7b82785d757e389790a,,03/16/2020 02:45:00 AM,20,NO CONTROLS,NO CONTROLS,RAIN,DARKNESS,TURNING,NOT DIVIDED,,STRAIGHT AND LEVEL,WET,NO DEFECTS,NOT ON SCENE (DESK REPORT),NO INJURY / DRIVE AWAY,,,Y,"$501 - $1,500",03/16/2020 04:56:00 PM,FAILING TO YIELD RIGHT-OF-WAY,FOLLOWING TOO CLOSELY,5563,W,BLOOMINGDALE AVE,2532.0,,,,,,,2,NO INDICATION OF INJURY,0.0,0.0,0.0,0.0,0.0,2.0,0.0,2,2,3,41.9129189378,-87.7655678033,POINT (-87.765567803313 41.912918937805)