CRASH_RECORD_ID,CRASH_DATE_EST_I,CRASH_DATE,POSTED_SPEED_LIMIT,TRAFFIC_CONTROL_DEVICE,DEVICE_CONDITION,WEATHER_CONDITION,LIGHTING_CONDITION,FIRST_CRASH_TYPE,TRAFFICWAY_TYPE,LANE_CNT,ALIGNMENT,ROADWAY_SURFACE_COND,ROAD_DEFECT,REPORT_TYPE,CRASH_TYPE,INTERSECTION_RELATED_I,NOT_RIGHT_OF_WAY_I,HIT_AND_RUN_I,DAMAGE,DATE_POLICE_NOTIFIED,PRIM_CONTRIBUTORY_CAUSE,SEC_CONTRIBUTORY_CAUSE,STREET_NO,STREET_DIRECTION,STREET_NAME,BEAT_OF_OCCURRENCE,PHOTOS_TAKEN_I,STATEMENTS_TAKEN_I,DOORING_I,WORK_ZONE_I,WORK_ZONE_TYPE,WORKERS_PRESENT_I,NUM_UNITS,MOST_SEVERE_INJURY,INJURIES_TOTAL,INJURIES_FATAL,INJURIES_INCAPACITATING,INJURIES_NON_INCAPACITATING,INJURIES_REPORTED_NOT_EVIDENT,INJURIES_NO_INDICATION,INJURIES_UNKNOWN,CRASH_HOUR,CRASH_DAY_OF_WEEK,CRASH_MONTH,LATITUDE,LONGITUDE,LOCATION
923db16b2d5f129949aa695a3940bd2a684d11a1ee69c46e45d81aaeef9135bb630da75dcf613514ec8f1a6a411c543880a3da7710835c28518d1ad54359c6c7,,05/03/2025 07:55:00 PM,30,STOP SIGN/FLASHER,FUNCTIONING PROPERLY,CLEAR,DUSK,SIDESWIPE SAME DIRECTION,DIVIDED - W/MEDIAN (NOT RAISED),,STRAIGHT AND LEVEL,DRY,NO DEFECTS,NOT ON SCENE (DESK REPORT),NO INJURY / DRIVE AWAY,Y,,Y,"$501 - $1,500",05/03/2025 08:00:00 PM,FAILING TO YIELD RIGHT-OF-WAY,UNABLE TO DETERMINE,4900,N,PULASKI RD,1712.0,,,,,,,2,NO INDICATION OF INJURY,0.0,0.0,0.0,0.0,0.0,3.0,0.0,19,7,5,41.9701523764,-87.7282304079,POINT (-87.72823040792 41.970152376388)
aa1c9b3535b5db31a783d74c5b6a18e8f0cd22a86c7ba9df155adbdd021cee0bf298aac8295a46008aeb5d6f014712402d0117fd4a4048f23b8cf8c9b7d7d406,,09/07/2018 05:10:00 AM,30,NO CONTROLS,NO CONTROLS,RAIN,"DARKNESS, LIGHTED ROAD",PARKED MOTOR VEHICLE,NOT DIVIDED,,STRAIGHT AND LEVEL,WET,NO DEFECTS,ON SCENE,INJURY AND / OR TOW DUE TO CRASH,,,,"OVER $1,500",09/07/2018 05:15:00 AM,WEATHER,UNABLE TO DETERMINE,1329,W,111TH ST,2234.0,,,,,,,2,NO INDICATION OF INJURY,0.0,0.0,0.0,0.0,0.0,2.0,0.0,5,6,9,41.6920853834,-87.655716341,POINT (-87.655716340977 41.692085383417)
b78672a2e166292c9711d1581b4008bc061f915295f70ccddfe33af4032f3d33ac51440aad08a7b344144e7b99a6b22a207508b9467a39283c22c24febae6e80,,11/10/2021 01:30:00 AM,35,NO CONTROLS,NO CONTROLS,CLEAR,"DARKNESS, LIGHTED ROAD",FIXED OBJECT,FOUR WAY,,STRAIGHT AND LEVEL,DRY,NO DEFECTS,ON SCENE,INJURY AND / OR TOW DUE TO CRASH,,,Y,"OVER $1,500",11/10/2021 01:37:00 AM,UNABLE TO DETERMINE,UNABLE TO DETERMINE,11956,S,HALSTED ST,524.0,,,,,,,1,NO INDICATION OF INJURY,0.0,0.0,0.0,0.0,0.0,1.0,0.0,1,4,11,41.6761378407,-87.6419988576,POINT (-87.641998857613 41.676137840747)
01816c69f520ff09a112916a43755e2d750a307d124b82a7b3c540cf556c6eabecd2b39829e13911572131ae20bfad5bb3c0087bc4c9ab7d608cc76f665b2e2b,,08/28/2020 05:35:00 PM,30,NO CONTROLS,NO CONTROLS,CLEAR,DAYLIGHT,REAR END,DIVIDED - W/MEDIAN (NOT RAISED),,STRAIGHT AND LEVEL,DRY,NO DEFECTS,ON SCENE,NO INJURY / DRIVE AWAY,,,,"OVER $1,500",08/28/2020 05:35:00 PM,FOLLOWING TOO CLOSELY,NOT APPLICABLE,3617,W,LAWRENCE AVE,1723.0,,,,,,,2,NO INDICATION OF INJURY,0.0,0.0,0.0,0.0,0.0,2.0,0.0,17,6,8,41.9682296115,-87.7189903366,POINT (-87.718990336631 41.968229611486)
fa042140c4ad017995d6055ede351b2a738e27ea79b5ef90482bdb570d9a08d3b63361ac686e149b4f7031e1c091af07f68e155ba6072a90697e6daf97659680,,05/09/2020 10:24:00 PM,30,TRAFFIC SIGNAL,FUNCTIONING PROPERLY,CLEAR,"DARKNESS, LIGHTED ROAD",TURNING,FOUR WAY,,STRAIGHT AND LEVEL,DRY,NO DEFECTS,,INJURY AND / OR TOW DUE TO CRASH,Y,,,"OVER $1,500",05/09/2020 10:24:00 PM,UNDER THE INFLUENCE OF ALCOHOL/DRUGS (USE WHEN ARREST IS EFFECTED),FAILING TO YIELD RIGHT-OF-WAY,1600,W,TAYLOR ST,1231.0,,,,,,,2,NO INDICATION OF INJURY,0.0,0.0,0.0,0.0,0.0,4.0,0.0,22,7,5,41.8693710845,-87.66652853,POINT (-87.666528530029 41.869371084501)
3d46618037b279f517647b5e98855ff63e852232697850122c01f973c4a6bfc583fb78377d1f18fb3755efb60a7678a87228b53c2ff490188e962e34bc5dcf1d,,02/13/2025 08:23:00 PM,10,NO CONTROLS,NO CONTROLS,SNOW,DARKNESS,PARKED MOTOR VEHICLE,PARKING LOT,,STRAIGHT AND LEVEL,DRY,NO DEFECTS,ON SCENE,NO INJURY / DRIVE AWAY,,,,"$501 - $1,500",02/13/2025 08:30:00 PM,IMPROPER BACKING,IMPROPER BACKING,555,N,TRIPP AVE,1111.0,,,,,,,2,NO INDICATION OF INJURY,0.0,0.0,0.0,0.0,0.0,1.0,0.0,20,5,2,41.8912910427,-87.7321414797,POINT (-87.732141479698 41.891291042665)
2b5d4ace9c318b2c398ff64035961445df24f9a8945cb99f6bb3f2797d3c2d58fef9898d74cb1cb929ab2dc7d48b156cb6e0d1e722834c0e68b0fea778c7ced2,,12/17/2016 10:11:00 PM,30,NO CONTROLS,NO CONTROLS,SNOW,DARKNESS,ANGLE,ONE-WAY,,STRAIGHT AND LEVEL,SNOW OR SLUSH,NO DEFECTS,NOT ON SCENE (DESK REPORT),NO INJURY / DRIVE AWAY,,,,"$501 - $1,500",12/19/2016 11:05:00 AM,UNABLE TO DETERMINE,UNABLE TO DETERMINE,200,E,CHESTNUT ST,1833.0,,,,,,,2,NO INDICATION OF INJURY,0.0,0.0,0.0,0.0,0.0,2.0,0.0,22,7,12,41.8985303443,-87.6217774092,POINT (-87.621777409245 41.898530344252)
d28c48f91276eddf216ef8bda798b801ed522ad1e618230065402e4055e216b0085056d96e5f9222fb74467419e5918726affb7f85e0d341f9797a518f2c1c6a,Y,01/23/2022 07:30:00 PM,30,STOP SIGN/FLASHER,FUNCTIONING PROPERLY,UNKNOWN,"DARKNESS, LIGHTED ROAD",ANGLE,FOUR WAY,,STRAIGHT AND LEVEL,UNKNOWN,NO DEFECTS,NOT ON SCENE (DESK REPORT),NO INJURY / DRIVE AWAY,,,,"OVER $1,500",01/23/2022 10:15:00 PM,DISREGARDING STOP SIGN,NOT APPLICABLE,4800,S,THROOP ST,933.0,,,,,,,2,NO INDICATION OF INJURY,0.0,0.0,0.0,0.0,0.0,2.0,0.0,19,1,1,41.8067853191,-87.657771905,POINT (-87.657771904992 41.806785319116)
29a99b631c4b5a5950e82dcf4b298a2c15ad00dacc3a7c9e2018d514d0a6e487af46d68d3d0c5f456977cf718778c09af59398af654acc9b711eb04275c32201,,11/28/2022 06:00:00 PM,30,NO CONTROLS,NO CONTROLS,CLEAR,DARKNESS,ANIMAL,DIVIDED - W/MEDIAN BARRIER,,STRAIGHT AND LEVEL,DRY,UNKNOWN,NOT ON SCENE (DESK REPORT),INJURY AND / OR TOW DUE TO CRASH,,,,"OVER $1,500",11/28/2022 06:49:00 PM,ANIMAL,ANIMAL,3600,N,CUMBERLAND AVE,1631.0,,,,,,,1,NO INDICATION OF INJURY,0.0,0.0,0.0,0.0,0.0,1.0,0.0,18,2,11,41.9448481784,-87.8365837325,POINT (-87.836583732455 41.944848178426)
efd26955a1726753e1255af60bf0f263d89ceacf1c69ffddd867a9f71bd3485dc01d2b3bc284d2961131ea812154987248e5ad2c30d2a5d53ca62830633506f9,,11/20/2024 05:48:00 PM,30,NO CONTROLS,NO CONTROLS,RAIN,"DARKNESS, LIGHTED ROAD",REAR END,DIVIDED - W/MEDIAN (NOT RAISED),,STRAIGHT AND LEVEL,WET,NO DEFECTS,ON SCENE,INJURY AND / OR TOW DUE TO CRASH,,,,"OVER $1,500",11/20/2024 06:03:00 PM,IMPROPER OVERTAKING/PASSING,NOT APPLICABLE,8023,S,CICERO AVE,834.0,,,,,,,2,"REPORTED, NOT EVIDENT",1.0,0.0,0.0,0.0,1.0,2.0,0.0,17,4,11,41.7467814188,-87.7411289685,POINT (-87.741128968458 41.746781418809)
10b0166b5ad8c9ee391f7489e4f50563adc5e3ff23f559812c26d8454fa753ad0b544e97f848ce333ba48bb9382199e13d7f48a640ff432a2ab10d1771f48fdc,,06/30/2025 03:00:00 PM,30,NO CONTROLS,NO CONTROLS,CLEAR,DAYLIGHT,PARKED MOTOR VEHICLE,ONE-WAY,,STRAIGHT AND LEVEL,UNKNOWN,UNKNOWN,NOT ON SCENE (DESK REPORT),NO INJURY / DRIVE AWAY,,,Y,"OVER $1,500",06/30/2025 04:19:00 PM,UNABLE TO DETERMINE,UNABLE TO DETERMINE,925,S,INDEPENDENCE BLVD,1133.0,,,,,,,2,NO INDICATION OF INJURY,0.0,0.0,0.0,0.0,0.0,1.0,0.0,15,2,6,41.8692633062,-87.7194767703,POINT (-87.719476770345 41.869263306188)
4e76399bf1fb6db25fd252ff6a6a4e456a9a857841346675fd2bf8b74a0d1aa2408cbe69cd7a8e09b8eb440ea5651c817613e397da93ef10acf5f4776e902a77,,01/28/2023 04:02:00 AM,25,TRAFFIC SIGNAL,FUNCTIONING PROPERLY,CLEAR,"DARKNESS, LIGHTED ROAD",REAR TO SIDE,FOUR WAY,,STRAIGHT AND LEVEL,DRY,NO DEFECTS,ON SCENE,NO INJURY / DRIVE AWAY,Y,,,"OVER $1,500",01/28/2023 04:02:00 AM,UNABLE TO DETERMINE,UNABLE TO DETERMINE,3200,N,SOUTHPORT AVE,1922.0,,,,,,,2,NO INDICATION OF INJURY,0.0,0.0,0.0,0.0,0.0,6.0,0.0,4,7,1,41.9398074224,-87.6639693978,POINT (-87.663969397827 41.939807422391)
a326da09003839fefb5d19c787ea5d994a34105e96dbf3038cca7645546e475fcb25b5b06eca069d68c9ad0c8063b7bb52988c23226d6991e32e3c40bf0caecd,,05/08/2020 02:10:00 PM,25,NO CONTROLS,NO CONTROLS,CLEAR,DAYLIGHT,TURNING,DIVIDED - W/MEDIAN (NOT RAISED),,STRAIGHT AND LEVEL,DRY,NO DEFECTS,ON SCENE,NO INJURY / DRIVE AWAY,,,,"$501 - $1,500",05/08/2020 02:45:00 PM,IMPROPER OVERTAKING/PASSING,UNABLE TO DETERMINE,4755,W,47TH ST,815.0,,,,,,,2,NO INDICATION OF INJURY,0.0,0.0,0.0,0.0,0.0,2.0,0.0,14,6,5,41.8075267712,-87.7429838299,POINT (-87.742983829865 41.807526771234)
ac4c35d2798d3906f5c00de4414e84be600c86962f6537a9c330f891405703abac95d67986bae04fcc236a94ea3d0dba152b07d5ad6671a9d92c80d6c0cd1f9c,,04/28/2019 08:50:00 PM,30,TRAFFIC SIGNAL,FUNCTIONING PROPERLY,UNKNOWN,DARKNESS,REAR END,NOT DIVIDED,,STRAIGHT AND LEVEL,UNKNOWN,UNKNOWN,NOT ON SCENE (DESK REPORT),INJURY AND / OR TOW DUE TO CRASH,,,Y,"$501 - $1,500",04/29/2019 12:00:00 PM,FOLLOWING TOO CLOSELY,FOLLOWING TOO CLOSELY,3359,W,WRIGHTWOOD AVE,1413.0,,,,,,,2,NONINCAPACITATING INJURY,2.0,0.0,0.0,2.0,0.0,1.0,0.0,20,1,4,41.9282071643,-87.7121324355,POINT (-87.712132435519 41.928207164277)
ca34cf70eaaf55db32b8cc1afc7b663e24115a41d867a6a1260a0a1baa5628733a929444c620a77798e4356b09c88d35457bd5f9631ad1e50597414d8734dde1,Y,11/22/2024 02:15:00 PM,20,NO CONTROLS,NO CONTROLS,CLEAR,DAYLIGHT,OTHER OBJECT,NOT DIVIDED,,STRAIGHT AND LEVEL,DRY,NO DEFECTS,NOT ON SCENE (DESK REPORT),INJURY AND / OR TOW DUE TO CRASH,,Y,Y,"OVER $1,500",11/22/2024 03:00:00 PM,UNABLE TO DETERMINE,UNABLE TO DETERMINE,6801,S,JUSTINE ST,725.0,,,,,,,1,NO INDICATION OF INJURY,0.0,0.0,0.0,0.0,0.0,1.0,0.0,14,6,11,41.7703004479,-87.6626059431,POINT (-87.662605943107 41.770300447883)
f498b5fa381bb903c189571625a67b87829dbc26c0b0c3a80976cbeca13259d154affc2561f055610272f4d0afb40d12758fdc81b41184bcd7064dc3e6488704,,10/19/2015 01:20:00 PM,30,NO CONTROLS,NO CONTROLS,CLEAR,DAYLIGHT,SIDESWIPE SAME DIRECTION,ONE-WAY,3,STRAIGHT AND LEVEL,DRY,NO DEFECTS,NOT ON SCENE (DESK REPORT),NO INJURY / DRIVE AWAY,,,,"OVER $1,500",10/19/2015 02:30:00 PM,IMPROPER LANE USAGE,NOT APPLICABLE,500,W,MADISON ST,121.0,,,,,,,2,NO INDICATION OF INJURY,0.0,0.0,0.0,0.0,0.0,2.0,0.0,13,2,10,41.8819943382,-87.6397586849,POINT (-87.639758684881 41.881994338205)
0a5757bfe9b8be936b772599eb5c91e8e14b9ce7364e6b1d972976922f507e6559c06bd62047ad16422faf4a2bad431e3877df1426da438087344df619d3c477,Y,08/06/2022 01:00:00 AM,30,NO CONTROLS,NO CONTROLS,CLEAR,"DARKNESS, LIGHTED ROAD",REAR END,NOT DIVIDED,,STRAIGHT AND LEVEL,DRY,NO DEFECTS,NOT ON SCENE (DESK REPORT),NO INJURY / DRIVE AWAY,,,Y,"$501 - $1,500",08/06/2022 05:13:00 PM,UNABLE TO DETERMINE,UNABLE TO DETERMINE,5130,W,GRAND AVE,2522.0,,,,,,,3,NO INDICATION OF INJURY,0.0,0.0,0.0,0.0,0.0,3.0,0.0,1,7,8,41.9169745353,-87.7545340767,POINT (-87.754534076722 41.916974535332)
4f4fdca2b2913d41f5e86f4dd3fe568157b324e406ab7874eef4c672ed3d07a2eb4f973d3b01f30f13b509c17ce2054c968d06f90be31111e07c06a1a084317b,,10/04/2017 05:05:00 AM,35,TRAFFIC SIGNAL,FUNCTIONING PROPERLY,CLEAR,DAWN,SIDESWIPE SAME DIRECTION,DIVIDED - W/MEDIAN (NOT RAISED),3,STRAIGHT AND LEVEL,DRY,NO DEFECTS,NOT ON SCENE (DESK REPORT),NO INJURY / DRIVE AWAY,Y,,,"$501 - $1,500",10/04/2017 07:15:00 AM,UNABLE TO DETERMINE,UNABLE TO DETERMINE,5248,S,ASHLAND AVE,932.0,,,,,,,2,NO INDICATION OF INJURY,0.0,0.0,0.0,0.0,0.0,2.0,0.0,5,4,10,41.7980447577,-87.6648371405,POINT (-87.664837140522 41.798044757654)
91e5079892d5f409a27c1cdbc55736c05a5ff683abf60ef2cc0269ae6b009ce34669590b471169acb20c3442da3e22e6ff5067d54e37f7266732d3582e457f7b,,08/03/2019 05:30:00 PM,15,NO CONTROLS,NO CONTROLS,CLEAR,DAYLIGHT,PARKED MOTOR VEHICLE,PARKING LOT,,STRAIGHT AND LEVEL,DRY,UNKNOWN,NOT ON SCENE (DESK REPORT),NO INJURY / DRIVE AWAY,,,,"OVER $1,500",08/03/2019 06:00:00 PM,UNABLE TO DETERMINE,NOT APPLICABLE,5100,N,SIMONDS DR,2024.0,,,,,,,2,NO INDICATION OF INJURY,0.0,0.0,0.0,0.0,0.0,1.0,0.0,17,7,8,41.9744982801,-87.6471614452,POINT (-87.647161445199 41.974498280122)
f99dc8b5b153cdb73cf4423a474d0faef126b04082925ca2a7142c978b9163e0ff1411922adeb52719ecadb5a42ed96bbe9a455f397a8d18c7d268265a6d4148,,08/15/2016 12:35:00 PM,30,NO CONTROLS,NO CONTROLS,UNKNOWN,DAYLIGHT,SIDESWIPE SAME DIRECTION,NOT DIVIDED,2,STRAIGHT AND LEVEL,UNKNOWN,UNKNOWN,NOT ON SCENE (DESK REPORT),NO INJURY / DRIVE AWAY,,,Y,"$501 - $1,500",08/16/2016 06:45:00 PM,UNABLE TO DETERMINE,UNABLE TO DETERMINE,5690,N,RIDGE AVE,2013.0,,,,,,,2,NO INDICATION OF INJURY,0.0,0.0,0.0,0.0,0.0,2.0,0.0,12,2,8,41.9853032999,-87.6630381729,POINT (-87.663038172918 41.985303299864)
542a4483d6059e8834021b284383efa2c7ca2db4055c75db57f4d7b4f08296a286fd78f19ba75facf43dbac63f3f0827934c8dad54e684a1fce28f6bb54a139c,,03/20/2025 02:50:00 PM,30,TRAFFIC SIGNAL,FUNCTIONING PROPERLY,UNKNOWN,UNKNOWN,TURNING,NOT DIVIDED,,STRAIGHT AND LEVEL,UNKNOWN,UNKNOWN,NOT ON SCENE (DESK REPORT),NO INJURY / DRIVE AWAY,,,Y,"OVER $1,500",03/21/2025 08:19:00 PM,IMPROPER LANE USAGE,NOT APPLICABLE,4700,S,LAKE PARK AVE,222.0,,,,,,,2,NO INDICATION OF INJURY,0.0,0.0,0.0,0.0,0.0,2.0,0.0,14,5,3,41.8095347808,-87.5924502234,POINT (-87.592450223394 41.809534780826)
d162d3ee7fa526fecc37505565e2136d52d48470f777c067db41e4e140f1ae18c691de0a66de6c5108ff416bd6dfe9d490a50f4c0e964d945a3a6cfaee53c7ff,,02/22/2021 03:30:00 PM,30,NO CONTROLS,NO CONTROLS,CLEAR,DAYLIGHT,SIDESWIPE SAME DIRECTION,NOT DIVIDED,,STRAIGHT AND LEVEL,DRY,NO DEFECTS,NOT ON SCENE (DESK REPORT),NO INJURY / DRIVE AWAY,,,,"$501 - $1,500",02/22/2021 04:30:00 PM,IMPROPER LANE USAGE,"EVASIVE ACTION DUE TO ANIMAL, OBJECT, NONMOTORIST",200,W,87TH ST,622.0,,,,,,,2,NO INDICATION OF INJURY,0.0,0.0,0.0,0.0,0.0,2.0,0.0,15,2,2,41.7362616994,-87.6290647164,POINT (-87.629064716425 41.736261699376)
92128286dd580b79f1ffa226a25e17e9f6625715aa427ef3f8845886f2b013bd921d073c9b6a77d8f1656333bd0f2d7de35b63a6064a55cd01c9c84afaec20d4,,11/29/2018 06:30:00 PM,30,STOP SIGN/FLASHER,FUNCTIONING PROPERLY,CLEAR,"DARKNESS, LIGHTED ROAD",REAR END,NOT DIVIDED,4,STRAIGHT AND LEVEL,DRY,NO DEFECTS,NOT ON SCENE (DESK REPORT),NO INJURY / DRIVE AWAY,,,Y,$500 OR LESS,11/29/2018 10:00:00 PM,UNABLE TO DETERMINE,UNABLE TO DETERMINE,5328,W,CHICAGO AVE,1524.0,,,,,,,2,NO INDICATION OF INJURY,0.0,0.0,0.0,0.0,0.0,2.0,0.0,18,5,11,41.8950109552,-87.7592733901,POINT (-87.759273390144 41.895010955174)
65a58881488ab49ede39374537cc449ad2dfc3abbcc48678f4139f1fe3ecfdc74f35760ac9ea71290e6ca6c87b953c3f034ccea8f0ceeb2bd0bc98bff59a5fe2,,02/20/2022 07:22:00 PM,20,STOP SIGN/FLASHER,FUNCTIONING PROPERLY,CLEAR,"DARKNESS, LIGHTED ROAD",TURNING,ONE-WAY,,STRAIGHT AND LEVEL,DRY,UNKNOWN,ON SCENE,INJURY AND / OR TOW DUE TO CRASH,Y,,Y,"OVER $1,500",02/20/2022 08:06:00 PM,UNABLE TO DETERMINE,UNABLE TO DETERMINE,2059,N,KEELER AVE,2525.0,,,,,,,3,"REPORTED, NOT EVIDENT",1.0,0.0,0.0,0.0,1.0,1.0,0.0,19,1,2,41.9188426352,-87.7313576954,POINT (-87.731357695377 41.918842635176)
d14b578403d1a46a9960956fd73b4945a05b32c9bce9b5bd55cd270862cddbcbebf253307fdf2c05c0c51570f275cd3f28fd4bfb2d3d4fb1dbf6d7e5fbeadda2,,09/16/2017 09:35:00 AM,30,NO CONTROLS,NO CONTROLS,CLEAR,DAYLIGHT,PARKED MOTOR VEHICLE,ONE-WAY,1,STRAIGHT AND LEVEL,DRY,NO DEFECTS,ON SCENE,INJURY AND / OR TOW DUE TO CRASH,,,Y,"$501 - $1,500",09/16/2017 09:35:00 AM,UNABLE TO DETERMINE,NOT APPLICABLE,8217,S,COLES AVE,424.0,,,,,,,3,INCAPACITATING INJURY,1.0,0.0,1.0,0.0,0.0,1.0,0.0,9,7,9,41.7459662001,-87.5489972861,POINT (-87.548997286113 41.745966200086)
affe5635e2bf898679b256c8dadfeeaf30a493d52dca528195349b868cc057beeacf5b8336f3e3ba9e72c66e651a61c375553496c46bceffc51243dbc5049ef6,,10/14/2023 12:10:00 AM,25,UNKNOWN,UNKNOWN,CLEAR,"DARKNESS, LIGHTED ROAD",SIDESWIPE SAME DIRECTION,DIVIDED - W/MEDIAN (NOT RAISED),,STRAIGHT AND LEVEL,DRY,NO DEFECTS,NOT ON SCENE (DESK REPORT),NO INJURY / DRIVE AWAY,,,Y,"OVER $1,500",10/14/2023 11:20:00 AM,UNABLE TO DETERMINE,UNABLE TO DETERMINE,509,N,DAMEN AVE,1221.0,,,,,,,2,NO INDICATION OF INJURY,0.0,0.0,0.0,0.0,0.0,2.0,0.0,0,7,10,41.8911514804,-87.6767727483,POINT (-87.676772748299 41.891151480354)
21fc473cbc5ce79b1771724bbce63e20b9be6b5c6e20b92eae3b41522e7a8fbf02fbfa047a442ead10012d3f8cdf5c8fdd1c6b9f2765a7896df9b9d4de9ca619,,09/13/2020 03:20:00 AM,30,NO CONTROLS,NO CONTROLS,CLEAR,"DARKNESS, LIGHTED ROAD",PARKED MOTOR VEHICLE,ONE-WAY,,STRAIGHT AND LEVEL,DRY,NO DEFECTS,ON SCENE,NO INJURY / DRIVE AWAY,,,Y,"OVER $1,500",09/13/2020 05:11:00 AM,UNABLE TO DETERMINE,NOT APPLICABLE,11924,S,PERRY AVE,522.0,,,,,,,3,NO INDICATION OF INJURY,0.0,0.0,0.0,0.0,0.0,1.0,0.0,3,1,9,41.6772221675,-87.6252400047,POINT (-87.625240004671 41.67722216753)
4d2b294b449452b014b5d1c0d023d99ab20d5c33d7b73dc0f34624ac5fd2e3108a4c80212678f827092cb79698e504c4582b1636cf0e4e6035944c569cd90196,,10/11/2021 01:00:00 AM,30,NO CONTROLS,NO CONTROLS,CLEAR,"DARKNESS, LIGHTED ROAD",PARKED MOTOR VEHICLE,NOT DIVIDED,,STRAIGHT AND LEVEL,DRY,NO DEFECTS,ON SCENE,NO INJURY / DRIVE AWAY,,,Y,"OVER $1,500",10/11/2021 01:03:00 AM,UNABLE TO DETERMINE,UNABLE TO DETERMINE,6130,W,52ND ST,811.0,,,,,,,2,NO INDICATION OF INJURY,0.0,0.0,0.0,0.0,0.0,1.0,0.0,1,2,10,41.7980857918,-87.7758239816,POINT (-87.775823981631 41.798085791774)
511e44dc5c0ec0c1ef1d71701bcd560087950bf9183350e0cf82ce0152a967dabf35ae40255272bf795c842d102480eafaa8955c2d5c697b9d970330dd93253c,,01/02/2018 05:45:00 AM,30,UNKNOWN,UNKNOWN,CLEAR,DUSK,ANGLE,NOT DIVIDED,,STRAIGHT AND LEVEL,UNKNOWN,UNKNOWN,,NO INJURY / DRIVE AWAY,,,,"OVER $1,500",01/02/2018 01:48:00 PM,FAILING TO YIELD RIGHT-OF-WAY,NOT APPLICABLE,4100,W,AUGUSTA BLVD,1111.0,,,,,,,2,NO INDICATION OF INJURY,0.0,0.0,0.0,0.0,0.0,2.0,0.0,5,3,1,41.8990864683,-87.7287176714,POINT (-87.728717671377 41.899086468285)
f6abba06fb06b9324770aa300a571d137388576e9a190ce74fa55e3f7f022737bbcb0c1086fe734f5bd9218c81a20f2cd34fdcac8d3ecbf22d8bf6b8bf0992e1,,05/10/2022 05:20:00 AM,30,TRAFFIC SIGNAL,FUNCTIONING PROPERLY,CLEAR,DAWN,TURNING,T-INTERSECTION,,STRAIGHT AND LEVEL,DRY,NO DEFECTS,ON SCENE,INJURY AND / OR TOW DUE TO CRASH,Y,,Y,"OVER $1,500",05/10/2022 07:13:00 AM,DRIVING SKILLS/KNOWLEDGE/EXPERIENCE,FAILING TO REDUCE SPEED TO AVOID CRASH,3700,W,87TH ST,834.0,,,,,,,2,"REPORTED, NOT EVIDENT",2.0,0.0,0.0,0.0,2.0,1.0,0.0,5,3,5,41.7350919095,-87.7142681404,POINT (-87.714268140404 41.735091909479)
648aa67e40c9f6b553c1656d4d05df6fc034444b99221708b687c14613084f77b09fbcafdf9f8ceddd5ad2dc160f441c1c91bbaf6e02a9fa5d7ce8fca3b83998,,05/26/2023 04:23:00 PM,30,TRAFFIC SIGNAL,UNKNOWN,CLEAR,DAYLIGHT,REAR END,ONE-WAY,,STRAIGHT AND LEVEL,UNKNOWN,UNKNOWN,NOT ON SCENE (DESK REPORT),NO INJURY / DRIVE AWAY,,,Y,"$501 - $1,500",05/26/2023 06:05:00 PM,IMPROPER OVERTAKING/PASSING,UNABLE TO DETERMINE,226,W,RANDOLPH ST,122.0,,,,,,,2,NO INDICATION OF INJURY,0.0,0.0,0.0,0.0,0.0,2.0,0.0,16,6,5,41.8845749688,-87.6346932098,POINT (-87.634693209811 41.884574968782)
31b2687ba7e5a8264cbe550ac96a6c4359baa30e7986a974557a6da3d15f3afc2a333c97e4b24489bb6c60b2a15940f217a010e8d93364ece0f77a541f8b60ce,,07/23/2018 08:25:00 AM,25,NO CONTROLS,NO CONTROLS,CLEAR,DAYLIGHT,REAR END,NOT DIVIDED,4,STRAIGHT AND LEVEL,DRY,NO DEFECTS,NOT ON SCENE (DESK REPORT),NO INJURY / DRIVE AWAY,,,Y,$500 OR LESS,07/23/2018 09:16:00 AM,FOLLOWING TOO CLOSELY,EXCEEDING AUTHORIZED SPEED LIMIT,2705,S,DAMEN AVE,1034.0,,,,,,,2,NO INDICATION OF INJURY,0.0,0.0,0.0,0.0,0.0,2.0,0.0,8,2,7,41.8427656741,-87.6754519102,POINT (-87.675451910159 41.842765674078)
9f28c9466f2f18a068d9205b52a0bcc895607a92da288b194d4df04341ff5919ca3ae51fd28d2d9f3d55c86d20bbc2878e9b4c007b1e696053ade8e22753de50,,08/09/2019 05:00:00 PM,30,NO CONTROLS,NO CONTROLS,CLEAR,DAYLIGHT,ANGLE,NOT DIVIDED,,STRAIGHT AND LEVEL,DRY,NO DEFECTS,ON SCENE,INJURY AND / OR TOW DUE TO CRASH,,,,"OVER $1,500",08/09/2019 05:05:00 PM,FAILING TO YIELD RIGHT-OF-WAY,NOT APPLICABLE,13242,S,ELLIS AVE,533.0,,,,,,,2,"REPORTED, NOT EVIDENT",1.0,0.0,0.0,0.0,1.0,2.0,0.0,17,6,8,41.6548733898,-87.5968907118,POINT (-87.596890711783 41.654873389814)