CRASH_RECORD_ID,CRASH_DATE_EST_I,CRASH_DATE,POSTED_SPEED_LIMIT,TRAFFIC_CONTROL_DEVICE,DEVICE_CONDITION,WEATHER_CONDITION,LIGHTING_CONDITION,FIRST_CRASH_TYPE,TRAFFICWAY_TYPE,LANE_CNT,ALIGNMENT,ROADWAY_SURFACE_COND,ROAD_DEFECT,REPORT_TYPE,CRASH_TYPE,INTERSECTION_RELATED_I,NOT_RIGHT_OF_WAY_I,HIT_AND_RUN_I,DAMAGE,DATE_POLICE_NOTIFIED,PRIM_CONTRIBUTORY_CAUSE,SEC_CONTRIBUTORY_CAUSE,STREET_NO,STREET_DIRECTION,STREET_NAME,BEAT_OF_OCCURRENCE,PHOTOS_TAKEN_I,STATEMENTS_TAKEN_I,DOORING_I,WORK_ZONE_I,WORK_ZONE_TYPE,WORKERS_PRESENT_I,NUM_UNITS,MOST_SEVERE_INJURY,INJURIES_TOTAL,INJURIES_FATAL,INJURIES_INCAPACITATING,INJURIES_NON_INCAPACITATING,INJURIES_REPORTED_NOT_EVIDENT,INJURIES_NO_INDICATION,INJURIES_UNKNOWN,CRASH_HOUR,CRASH_DAY_OF_WEEK,CRASH_MONTH,LATITUDE,LONGITUDE,LOCATION
9a7c4bf5635c47fe407a1c2bb84fa81d667d3a4d2e13dab4e6c8a3f47aac90fccd8dc989d5ed7f13f6ab7400ee79c36402cd8011f6f70a3ea3eec5e9c3dbae7e,,12/12/2023 07:50:00 AM,35,STOP SIGN/FLASHER,FUNCTIONING PROPERLY,CLEAR,DAYLIGHT,ANGLE,FOUR WAY,,STRAIGHT AND LEVEL,DRY,NO DEFECTS,ON SCENE,INJURY AND / OR TOW DUE TO CRASH,,,,"OVER $1,500",12/12/2023 07:55:00 AM,FAILING TO YIELD RIGHT-OF-WAY,DRIVING SKILLS/KNOWLEDGE/EXPERIENCE,4700,S,SPRINGFIELD AVE,821.0,,,,,,,3,NONINCAPACITATING INJURY,2.0,0.0,0.0,2.0,0.0,0.0,0.0,7,3,12,41.8078044299,-87.7212628093,POINT (-87.721262809253 41.807804429932)
bdd80d0ce818d664155bccfa5e38b0468581160991f3606cb7829a465466707a5b9c203099c3ac6e8d1b476f3cd0dcc70c9c6a326522f394bf10ef3a4aa41d66,Y,08/05/2017 02:00:00 AM,30,STOP SIGN/FLASHER,FUNCTIONING PROPERLY,CLEAR,DARKNESS,REAR END,DIVIDED - W/MEDIAN (NOT RAISED),4,STRAIGHT AND LEVEL,DRY,NO DEFECTS,NOT ON SCENE (DESK REPORT),NO INJURY / DRIVE AWAY,,,,"OVER $1,500",08/06/2017 07:50:00 PM,UNABLE TO DETERMINE,UNABLE TO DETERMINE,6807,W,ARCHER AVE,811.0,,,,,,,2,NO INDICATION OF INJURY,0.0,0.0,0.0,0.0,0.0,2.0,0.0,2,7,8,41.7920401351,-87.7918863962,POINT (-87.791886396228 41.792040135075)
98a5318d6bac451a9b0a1f0fc39fdff48fa01f89ac656d620da5dec0641d737c7c89a35ed9d4aeabb58b941eec498b9d272bef7e7c4489ff17a24278ef72e614,,01/10/2023 04:50:00 PM,30,NO CONTROLS,NO CONTROLS,CLEAR,"DARKNESS, LIGHTED ROAD",PARKED MOTOR VEHICLE,NOT DIVIDED,,STRAIGHT AND LEVEL,DRY,UNKNOWN,,INJURY AND / OR TOW DUE TO CRASH,,,Y,"OVER $1,500",01/10/2023 04:54:00 PM,UNABLE TO DETERMINE,UNABLE TO DETERMINE,4039,W,NORTH AVE,2534.0,,,,,,,2,NO INDICATION OF INJURY,0.0,0.0,0.0,0.0,0.0,1.0,0.0,16,3,1,41.9097532238,-87.7280238891,POINT (-87.728023889116 41.909753223782)
d770c7dc25024e1d4ca032f9f902699c128f9c17af7dd2897064751212251cd138699a0a4ac5c3b9e3e0e4e337cead8418615eee84dcff53b97f3b1a7088e2c4,,10/30/2020 08:00:00 PM,30,OTHER,OTHER,CLEAR,"DARKNESS, LIGHTED ROAD",PARKED MOTOR VEHICLE,DIVIDED - W/MEDIAN (NOT RAISED),,STRAIGHT AND LEVEL,DRY,NO DEFECTS,ON SCENE,NO INJURY / DRIVE AWAY,,,,"OVER $1,500",10/30/2020 08:08:00 PM,IMPROPER TURNING/NO SIGNAL,NOT APPLICABLE,9259,S,COTTAGE GROVE AVE,633.0,,,,,,,2,NO INDICATION OF INJURY,0.0,0.0,0.0,0.0,0.0,1.0,0.0,20,6,10,41.7257513421,-87.6044203269,POINT (-87.604420326936 41.72575134209)
eb1df821cf1715e947af60e04327bf01469df0fec5dcf69511acc1a733355f4a2d11b599e8ca1800e0534bc97cb37e7139013edbe4ab2807007ca337ce23f9ac,,05/27/2022 06:35:00 AM,35,TRAFFIC SIGNAL,FUNCTIONING PROPERLY,RAIN,DAWN,SIDESWIPE SAME DIRECTION,T-INTERSECTION,,STRAIGHT AND LEVEL,WET,NO DEFECTS,ON SCENE,INJURY AND / OR TOW DUE TO CRASH,Y,,Y,"OVER $1,500",05/27/2022 06:38:00 AM,IMPROPER OVERTAKING/PASSING,IMPROPER LANE USAGE,4201,S,PULASKI RD,821.0,,,,,,,2,NO INDICATION OF INJURY,0.0,0.0,0.0,0.0,0.0,2.0,0.0,6,6,5,41.8169056947,-87.7237581135,POINT (-87.723758113509 41.8169056947)
f2addcd584c7e4869dc4ca9cc519c8c67283303d692fae8d74b20167455d343569f0e4d7523144c5220086d0de76bfb1fa2aebbb839cd77f01d8e3b4abdb323b,,08/15/2019 07:00:00 PM,30,STOP SIGN/FLASHER,FUNCTIONING PROPERLY,CLEAR,DAYLIGHT,ANGLE,FOUR WAY,,STRAIGHT AND LEVEL,DRY,NO DEFECTS,NOT ON SCENE (DESK REPORT),NO INJURY / DRIVE AWAY,,,,"OVER $1,500",08/15/2019 09:00:00 PM,FAILING TO YIELD RIGHT-OF-WAY,NOT APPLICABLE,5624,W,CHICAGO AVE,1511.0,,,,,,,2,NO INDICATION OF INJURY,0.0,0.0,0.0,0.0,0.0,2.0,0.0,19,5,8,41.8949461264,-87.7664936749,POINT (-87.766493674899 41.894946126418)
72f26e19267ac61711c716249718434092607d5f21694bf1f1b8787d83d7c63f185e919575d940c973a54ead108cf741b59e3da4efcec27b67f410f526930571,,03/27/2019 01:15:00 PM,35,NO CONTROLS,NO CONTROLS,CLEAR,DAYLIGHT,REAR END,NOT DIVIDED,4,STRAIGHT AND LEVEL,UNKNOWN,UNKNOWN,ON SCENE,INJURY AND / OR TOW DUE TO CRASH,,,,"OVER $1,500",03/27/2019 01:16:00 PM,FOLLOWING TOO CLOSELY,UNABLE TO DETERMINE,2640,E,100TH ST,431.0,,,,,,,2,NONINCAPACITATING INJURY,3.0,0.0,0.0,3.0,0.0,1.0,0.0,13,4,3,41.7134784666,-87.5594006147,POINT (-87.559400614653 41.713478466636)
35e81d2d427649e698dbbd43476fe3b3a01407f2347460c2f055afa53a831f6c01687ab997421e61ede809a3e7879007b08384ea71123cc9231f84622536f021,,06/22/2020 01:32:00 PM,30,NO CONTROLS,NO CONTROLS,RAIN,DAYLIGHT,HEAD ON,NOT DIVIDED,,STRAIGHT AND LEVEL,WET,NO DEFECTS,ON SCENE,INJURY AND / OR TOW DUE TO CRASH,,,,"OVER $1,500",06/22/2020 01:33:00 PM,IMPROPER OVERTAKING/PASSING,UNABLE TO DETERMINE,1929,E,79TH ST,414.0,,,,,,,2,NONINCAPACITATING INJURY,2.0,0.0,0.0,2.0,0.0,0.0,0.0,13,2,6,41.7514809496,-87.5772637605,POINT (-87.577263760455 41.751480949626)
8d2a9653b55579c1fdf246cdda4cd2670106e8a09b3327352aa6b4ae314085369316853adc9015df7b5764c7d121297ce0ae60a8c7a81fc723e9c1d116150c92,,08/22/2019 05:34:00 PM,30,TRAFFIC SIGNAL,FUNCTIONING PROPERLY,CLEAR,DAYLIGHT,REAR END,NOT DIVIDED,,STRAIGHT AND LEVEL,DRY,NO DEFECTS,ON SCENE,NO INJURY / DRIVE AWAY,,,,"OVER $1,500",08/22/2019 05:36:00 PM,FAILING TO REDUCE SPEED TO AVOID CRASH,FOLLOWING TOO CLOSELY,3232,N,KIMBALL AVE,1732.0,,,,,,,2,NO INDICATION OF INJURY,0.0,0.0,0.0,0.0,0.0,2.0,0.0,17,5,8,41.9402559235,-87.7126828035,POINT (-87.712682803538 41.940255923478)
cc4e8bce4a92b9d54c191f4a4495bb82e9e3f79c07539e1ea6d73c5512d24da605050d39e49823b819acd40e575303dca5bd1d261a0fd29bf92edda27652f0c1,,01/14/2024 03:00:00 AM,30,NO CONTROLS,NO CONTROLS,SNOW,DARKNESS,PARKED MOTOR VEHICLE,NOT DIVIDED,,STRAIGHT AND LEVEL,UNKNOWN,NO DEFECTS,NOT ON SCENE (DESK REPORT),NO INJURY / DRIVE AWAY,,,Y,"$501 - $1,500",01/22/2024 02:05:00 PM,NOT APPLICABLE,NOT APPLICABLE,863,N,WOOD ST,1213.0,,,,,,,2,NO INDICATION OF INJURY,0.0,0.0,0.0,0.0,0.0,1.0,0.0,3,1,1,41.897736507,-87.6720813018,POINT (-87.672081301753 41.897736507044)
1d69861dfa3e6568153365d2dcea68454771d73798c1ab08a80caa33543061778693678aaca7e4e2d528a27b6be358d5f537179ee4ad8fdaf19d75f78d90c53a,,10/12/2023 12:45:00 PM,30,UNKNOWN,UNKNOWN,UNKNOWN,UNKNOWN,PARKED MOTOR VEHICLE,ONE-WAY,,STRAIGHT AND LEVEL,UNKNOWN,UNKNOWN,NOT ON SCENE (DESK REPORT),NO INJURY / DRIVE AWAY,,,,"OVER $1,500",10/12/2023 02:00:00 PM,UNABLE TO DETERMINE,UNABLE TO DETERMINE,33,W,GRAND AVE,1831.0,,,,,,,2,NO INDICATION OF INJURY,0.0,0.0,0.0,0.0,0.0,2.0,0.0,12,5,10,41.8915384912,-87.6294864078,POINT (-87.629486407789 41.891538491228)
208a2df2f0def31160d194705e3724009b7daed908b761bd45f59162bd093accd431721c7096597357a9837299a383c84052b934b227ea788e1335780c5daf45,,03/17/2022 08:30:00 AM,40,NO CONTROLS,NO CONTROLS,CLEAR,DAYLIGHT,SIDESWIPE SAME DIRECTION,DIVIDED - W/MEDIAN BARRIER,,STRAIGHT AND LEVEL,DRY,NO DEFECTS,NOT ON SCENE (DESK REPORT),NO INJURY / DRIVE AWAY,,,,"OVER $1,500",03/17/2022 09:15:00 AM,UNABLE TO DETERMINE,NOT APPLICABLE,2401,N,LAKE SHORE DR SB,1935.0,,,,,,,2,NO INDICATION OF INJURY,0.0,0.0,0.0,0.0,0.0,2.0,0.0,8,5,3,41.9262516097,-87.6310449122,POINT (-87.631044912171 41.926251609692)
0afee57286dd1a9e17cd0d21554e7f36d144b6690bae509c43fd83f40a8da6d33b027569e7cc740ad742be3a3adc5403aca97980b14f55150509cd934868da2d,,01/15/2024 10:22:00 PM,35,STOP SIGN/FLASHER,FUNCTIONING PROPERLY,SNOW,"DARKNESS, LIGHTED ROAD",REAR END,T-INTERSECTION,,STRAIGHT AND LEVEL,UNKNOWN,UNKNOWN,,INJURY AND / OR TOW DUE TO CRASH,Y,,,"OVER $1,500",01/15/2024 10:51:00 PM,"OPERATING VEHICLE IN ERRATIC, RECKLESS, CARELESS, NEGLIGENT OR AGGRESSIVE MANNER",FOLLOWING TOO CLOSELY,5900,S,HONORE ST,714.0,,,,,,,5,INCAPACITATING INJURY,1.0,0.0,1.0,0.0,0.0,4.0,0.0,22,2,1,41.7865801318,-87.6706019291,POINT (-87.670601929094 41.786580131812)
44ec99a8a7eeba671b4686756c544450d514bf282ba41a1228f764c2afe55822ce331f548658dac6042e4f87b2663ea6f598fa7fd32dfadefc3326f9cd2c72f1,,10/02/2022 06:00:00 PM,30,TRAFFIC SIGNAL,FUNCTIONING PROPERLY,CLEAR,"DARKNESS, LIGHTED ROAD",REAR END,NOT DIVIDED,,STRAIGHT AND LEVEL,DRY,NO DEFECTS,NOT ON SCENE (DESK REPORT),NO INJURY / DRIVE AWAY,,,,"OVER $1,500",10/02/2022 07:30:00 PM,FOLLOWING TOO CLOSELY,NOT APPLICABLE,3399,W,MONTROSE AVE,1724.0,,,,,,,2,NO INDICATION OF INJURY,0.0,0.0,0.0,0.0,0.0,2.0,0.0,18,1,10,41.9610201586,-87.7130727483,POINT (-87.71307274826 41.96102015863)
afe2103053b10cb77be5ab327361569a448b593aa4b77749a8c699cbe9e5341186f49ccd027dc5b74a079e6b300415e07c9e3937904176b14781a4c1f7980522,,02/09/2023 09:30:00 AM,30,NO CONTROLS,NO CONTROLS,RAIN,DAYLIGHT,SIDESWIPE SAME DIRECTION,NOT DIVIDED,,STRAIGHT AND LEVEL,WET,NO DEFECTS,NOT ON SCENE (DESK REPORT),NO INJURY / DRIVE AWAY,,,,"OVER $1,500",02/09/2023 09:45:00 AM,FAILING TO YIELD RIGHT-OF-WAY,NOT APPLICABLE,3110,N,ASHLAND AVE,1931.0,,,,,,,2,NO INDICATION OF INJURY,0.0,0.0,0.0,0.0,0.0,3.0,0.0,9,5,2,41.9382367928,-87.6687567096,POINT (-87.668756709581 41.938236792767)
bae6d7d2de62f2faebc8f72495bfd35b18d5caead7f60e60ff637c796dcbc32c0ae72e5ce6e4a8c77aa47265a190c7fe74acdd38ee364b0dadcb959e10a22f1d,,10/07/2018 11:00:00 AM,30,NO CONTROLS,UNKNOWN,UNKNOWN,DAYLIGHT,PARKED MOTOR VEHICLE,NOT DIVIDED,,STRAIGHT AND LEVEL,WET,NO DEFECTS,ON SCENE,NO INJURY / DRIVE AWAY,,,Y,"OVER $1,500",10/07/2018 12:20:00 PM,DRIVING SKILLS/KNOWLEDGE/EXPERIENCE,UNABLE TO DETERMINE,3055,S,INDIANA AVE,133.0,,,,,,,2,NO INDICATION OF INJURY,0.0,0.0,0.0,0.0,0.0,1.0,0.0,11,1,10,41.8384276711,-87.6217753018,POINT (-87.621775301772 41.838427671057)
019a7762c30d19f34c9f340c678733834b5fa810d4a71e6306cbf1f69b3152f1293b5353dfb42651320a6fb2f7679af570244db1a690c32e64f46e9ccccd6e94,,03/20/2021 02:15:00 PM,30,TRAFFIC SIGNAL,FUNCTIONING PROPERLY,CLEAR,DAYLIGHT,SIDESWIPE SAME DIRECTION,NOT DIVIDED,,STRAIGHT AND LEVEL,DRY,NO DEFECTS,ON SCENE,NO INJURY / DRIVE AWAY,,,Y,"OVER $1,500",03/20/2021 02:19:00 PM,UNABLE TO DETERMINE,NOT APPLICABLE,301,S,LARAMIE AVE,1533.0,,,,,,,2,NO INDICATION OF INJURY,0.0,0.0,0.0,0.0,0.0,2.0,0.0,14,7,3,41.8766172556,-87.7547808767,POINT (-87.754780876715 41.876617255645)
51fc6c0d31cddc6154650be5f953750b313506b3c00f6ed8dbc94dbf363244ab4231d68b07907312483ab649c2e0964276236f10a576664a79399e81eec8332c,,05/31/2021 06:40:00 AM,30,NO CONTROLS,NO CONTROLS,CLEAR,DAYLIGHT,PARKED MOTOR VEHICLE,ONE-WAY,,STRAIGHT AND LEVEL,DRY,NO DEFECTS,ON SCENE,NO INJURY / DRIVE AWAY,,,,$500 OR LESS,05/31/2021 06:45:00 AM,UNABLE TO DETERMINE,NOT APPLICABLE,3729,N,TRIPP AVE,1731.0,,,,,,,2,NO INDICATION OF INJURY,0.0,0.0,0.0,0.0,0.0,1.0,0.0,6,2,5,41.9490071456,-87.7336834626,POINT (-87.733683462583 41.94900714559)
4199642d53bc3d049347766591e47a6dd80bb162d497ecb4a5a7f404f62933986b087376dd9ac9adc764660129c7b0b6fbdcaf5619cf0b6d500e01d759c26a2c,,02/28/2022 12:25:00 PM,30,NO CONTROLS,NO CONTROLS,CLEAR,DAYLIGHT,REAR END,NOT DIVIDED,,STRAIGHT AND LEVEL,DRY,NO DEFECTS,ON SCENE,NO INJURY / DRIVE AWAY,,,,$500 OR LESS,02/28/2022 12:47:00 PM,FOLLOWING TOO CLOSELY,NOT APPLICABLE,11900,S,ADA ST,524.0,,,,,,,2,NO INDICATION OF INJURY,0.0,0.0,0.0,0.0,0.0,2.0,0.0,12,2,2,41.6775410137,-87.6550742176,POINT (-87.655074217635 41.677541013734)
04fa5990463907a2f0731a084f22ef056e323736a0de929baeae4e6ea158b4fb30111fc13354adfed1c4f8c33d6a45697c3f772a4434fc0c88fca0a71b306172,,06/25/2024 06:45:00 PM,30,UNKNOWN,UNKNOWN,UNKNOWN,UNKNOWN,REAR END,ONE-WAY,,STRAIGHT AND LEVEL,UNKNOWN,UNKNOWN,NOT ON SCENE (DESK REPORT),NO INJURY / DRIVE AWAY,,,Y,"OVER $1,500",06/25/2024 07:05:00 PM,UNABLE TO DETERMINE,UNABLE TO DETERMINE,612,W,BITTERSWEET PL,1915.0,,,,,,,2,NO INDICATION OF INJURY,0.0,0.0,0.0,0.0,0.0,2.0,0.0,18,3,6,41.9558376987,-87.645627074,POINT (-87.645627073994 41.955837698693)
f15fe52a486bd5fa21b106e56c6cef44edf57a47d3fafca4ad409e6ea279351f436fe6aed6accf7eb23b60edfb647813982f7d4f51316a56f8c7ff048dfaecb8,,11/07/2017 08:30:00 AM,30,TRAFFIC SIGNAL,FUNCTIONING PROPERLY,CLEAR,DAYLIGHT,TURNING,NOT DIVIDED,4,STRAIGHT AND LEVEL,DRY,NO DEFECTS,NOT ON SCENE (DESK REPORT),NO INJURY / DRIVE AWAY,,,Y,$500 OR LESS,11/07/2017 08:50:00 AM,UNABLE TO DETERMINE,UNABLE TO DETERMINE,6349,N,WESTERN AVE,2413.0,,,,,,,2,NO INDICATION OF INJURY,0.0,0.0,0.0,0.0,0.0,2.0,0.0,8,3,11,41.9973593956,-87.6897236703,POINT (-87.689723670316 41.997359395642)
4d3e2abe3dbb42d17d49e631d86ade9fc150ae204d5a38d3b3edf32545ed6c13f9edc6dfbb9ba21c97ccd52746b68a16145b62d8f34a42c0dc04d5e01ecf6ff9,,05/08/2023 09:00:00 AM,20,NO CONTROLS,NO CONTROLS,RAIN,DAYLIGHT,PARKED MOTOR VEHICLE,ONE-WAY,,STRAIGHT AND LEVEL,DRY,NO DEFECTS,NOT ON SCENE (DESK REPORT),NO INJURY / DRIVE AWAY,,,Y,"OVER $1,500",05/08/2023 03:25:00 PM,UNABLE TO DETERMINE,DRIVING SKILLS/KNOWLEDGE/EXPERIENCE,2649,S,KOMENSKY AVE,1031.0,,,,,,,2,NO INDICATION OF INJURY,0.0,0.0,0.0,0.0,0.0,1.0,0.0,9,2,5,41.8427743065,-87.7255768228,POINT (-87.725576822836 41.842774306505)
8e89dfc8d6853c0807ae5617c7a647116fe7bfbd387743177b7fdcfe669204911fa0419a20d59a342a9e333e9f933c9762702ef1022d836e4f55e98f3b191155,,03/08/2022 09:37:00 PM,30,NO CONTROLS,NO CONTROLS,CLEAR,DAYLIGHT,PARKED MOTOR VEHICLE,DIVIDED - W/MEDIAN (NOT RAISED),,STRAIGHT AND LEVEL,DRY,UNKNOWN,NOT ON SCENE (DESK REPORT),NO INJURY / DRIVE AWAY,,,,"OVER $1,500",03/10/2022 05:00:00 PM,UNABLE TO DETERMINE,UNABLE TO DETERMINE,90,E,8TH ST,123.0,,,,,,,2,NO INDICATION OF INJURY,0.0,0.0,0.0,0.0,0.0,1.0,0.0,21,3,3,41.8719863014,-87.6242627985,POINT (-87.624262798513 41.8719863014)
0555a512935a1b9b0f22b6c8cc9709e2752fca05b01cf19d7183dd3f6df4e1788dd8c68d473799db1a4dc4d1786b7673182c8500bd35c9061354b8a334b878d5,,05/12/2023 06:15:00 AM,30,TRAFFIC SIGNAL,FUNCTIONING PROPERLY,CLEAR,DAYLIGHT,SIDESWIPE SAME DIRECTION,NOT DIVIDED,,STRAIGHT AND LEVEL,DRY,NO DEFECTS,NOT ON SCENE (DESK REPORT),NO INJURY / DRIVE AWAY,Y,,,"OVER $1,500",05/12/2023 07:20:00 AM,IMPROPER OVERTAKING/PASSING,UNABLE TO DETERMINE,3859,S,WALLACE ST,915.0,,,,,,,2,NO INDICATION OF INJURY,0.0,0.0,0.0,0.0,0.0,2.0,0.0,6,6,5,41.8236153149,-87.6409172417,POINT (-87.640917241696 41.823615314873)
b308fef0944459a8e36b463edf151d39249602d47090a8f7609316889e7086bfd63dd044b7dbf76ed848c79c3c3654e9e3a5d89886494aa2b6e1db9585258d89,,06/23/2017 01:40:00 PM,20,NO CONTROLS,NO CONTROLS,CLEAR,DAYLIGHT,PARKED MOTOR VEHICLE,OTHER,0,STRAIGHT AND LEVEL,DRY,NO DEFECTS,NOT ON SCENE (DESK REPORT),NO INJURY / DRIVE AWAY,,,,"$501 - $1,500",06/23/2017 01:45:00 PM,UNABLE TO DETERMINE,UNABLE TO DETERMINE,10900,S,DOTY AVE W,513.0,,,,,,,2,NO INDICATION OF INJURY,0.0,0.0,0.0,0.0,0.0,1.0,0.0,13,6,6,41.696313684,-87.5966322439,POINT (-87.596632243933 41.696313683973)
48ae83ca20e22330152e8393f54fccb5151e93a7370628db732912de8d362311a04ebb8b0672afd10f5e32bb5e6edd5758c591c8283329e66bb50afd4893b3dd,,02/14/2025 04:00:00 PM,15,NO CONTROLS,NO CONTROLS,CLEAR,DAYLIGHT,FIXED OBJECT,ALLEY,,STRAIGHT AND LEVEL,DRY,NO DEFECTS,ON SCENE,NO INJURY / DRIVE AWAY,,Y,Y,"OVER $1,500",02/14/2025 04:09:00 PM,NOT APPLICABLE,NOT APPLICABLE,6064,N,NEVA AVE,1612.0,,,,,,,1,NO INDICATION OF INJURY,0.0,0.0,0.0,0.0,0.0,1.0,0.0,16,6,2,41.9918870733,-87.8057814429,POINT (-87.805781442867 41.991887073283)
6cbe5286503071aea15fe84831a281d60774ad0ecbd6786f479f4baa28167298a27ac0280068ab5be521111e55dc5924a5d7d14743bd6a8169f3f924fabb18f6,,04/10/2019 09:30:00 AM,30,TRAFFIC SIGNAL,NOT FUNCTIONING,RAIN,DAYLIGHT,SIDESWIPE SAME DIRECTION,NOT DIVIDED,6,STRAIGHT AND LEVEL,DRY,NO DEFECTS,NOT ON SCENE (DESK REPORT),NO INJURY / DRIVE AWAY,Y,,,"$501 - $1,500",04/10/2019 10:00:00 AM,UNABLE TO DETERMINE,UNABLE TO DETERMINE,81,N,LA SALLE ST,122.0,,,,,,,2,NO INDICATION OF INJURY,0.0,0.0,0.0,0.0,0.0,2.0,0.0,9,4,4,41.8831806666,-87.6322591273,POINT (-87.632259127344 41.883180666589)
d4e65a4d3e5356a0004cdd5a461bdecc530fd0595ad347b24f3f29be47ab2571ca59ecb907b4667f9cec79d4d797bc563e61c0b51adf0a108cf087e876f79bb1,,02/01/2021 02:20:00 PM,10,TRAFFIC SIGNAL,FUNCTIONING PROPERLY,SNOW,DAYLIGHT,ANGLE,PARKING LOT,,STRAIGHT AND LEVEL,SNOW OR SLUSH,NO DEFECTS,NOT ON SCENE (DESK REPORT),NO INJURY / DRIVE AWAY,,,,"OVER $1,500",02/01/2021 03:00:00 PM,NOT APPLICABLE,NOT APPLICABLE,1340,S,CANAL ST,124.0,,,,,,,2,NO INDICATION OF INJURY,0.0,0.0,0.0,0.0,0.0,2.0,0.0,14,2,2,41.8645211937,-87.6393040996,POINT (-87.639304099636 41.864521193744)
86a4ec62b5aa82188b9907465397a3accca9dbd3f487265dd8a9682f5de743eb5a17b24ea8a07849b2f08dba90d9dc40f360e30393faeb210a0fd41cc5b99edc,,09/17/2016 11:30:00 AM,25,TRAFFIC SIGNAL,FUNCTIONING PROPERLY,CLEAR,DAYLIGHT,ANGLE,DIVIDED - W/MEDIAN BARRIER,6,STRAIGHT AND LEVEL,DRY,NO DEFECTS,ON SCENE,INJURY AND / OR TOW DUE TO CRASH,Y,,,"OVER $1,500",09/17/2016 11:35:00 AM,DISREGARDING TRAFFIC SIGNALS,NOT APPLICABLE,6599,S,STONY ISLAND AVE,331.0,,,,,,,2,"REPORTED, NOT EVIDENT",1.0,0.0,0.0,0.0,1.0,4.0,0.0,11,7,9,41.7752213103,-87.5861433539,POINT (-87.586143353856 41.775221310334)
092fdb0993f00a615b47abd5903fc261227f4e7900c799556f0acaf4cca91c617da27dcc5c468a10dc5e1c66d852af2be3f0e992153aa9101babf56c03787a8f,,09/14/2020 10:40:00 AM,25,NO CONTROLS,NO CONTROLS,CLEAR,DAYLIGHT,TURNING,NOT DIVIDED,,STRAIGHT AND LEVEL,DRY,NO DEFECTS,ON SCENE,INJURY AND / OR TOW DUE TO CRASH,,,Y,"OVER $1,500",09/14/2020 10:42:00 AM,UNABLE TO DETERMINE,NOT APPLICABLE,2000,E,94TH ST,413.0,,,,,,,2,"REPORTED, NOT EVIDENT",1.0,0.0,0.0,0.0,1.0,5.0,0.0,10,2,9,41.7244080011,-87.5753404953,POINT (-87.575340495349 41.724408001069)
e72ffa78ea6ab83ffe6200a2636a8f9ab952ab9c36d342326dcf1d3d0df38ec38d3fa6600bc82ea473225e5ff4e15044bd8576754baf177f9c64c8f80608d2fb,,08/22/2025 03:15:00 PM,20,NO CONTROLS,NO CONTROLS,CLEAR,DAYLIGHT,HEAD ON,ONE-WAY,,STRAIGHT AND LEVEL,DRY,NO DEFECTS,NOT ON SCENE (DESK REPORT),NO INJURY / DRIVE AWAY,,,Y,"OVER $1,500",08/22/2025 03:43:00 PM,DRIVING ON WRONG SIDE/WRONG WAY,NOT APPLICABLE,2530,S,KOLIN AVE,1013.0,,,,,,,2,NO INDICATION OF INJURY,0.0,0.0,0.0,0.0,0.0,3.0,0.0,15,6,8,41.8450962865,-87.7328353348,POINT (-87.732835334801 41.845096286509)
49184cb096afa1fa1040a7720c73573add9f6f18541ec2054f9b465a1ff7f4d05980261474fa9bb78871554519cfe72a824e371ffffc65a6edb41b5b96c41fc0,,04/27/2018 03:20:00 PM,30,NO CONTROLS,NO CONTROLS,CLEAR,DAYLIGHT,PARKED MOTOR VEHICLE,NOT DIVIDED,,STRAIGHT AND LEVEL,DRY,NO DEFECTS,ON SCENE,NO INJURY / DRIVE AWAY,,,,"$501 - $1,500",04/27/2018 03:28:00 PM,DISTRACTION - FROM OUTSIDE VEHICLE,NOT APPLICABLE,13413,S,AVENUE L,433.0,,,,,,,2,NO INDICATION OF INJURY,0.0,0.0,0.0,0.0,0.0,1.0,0.0,15,6,4,41.6514083984,-87.5360953724,POINT (-87.536095372416 41.651408398366)
00e37476cb8cd31f6a108c209f892e094bd2426706c21aac229a45d6fc7b98526b666caf8a1db36dd15e4ca33bb74c768f6b9b546d199abcff86d01dd5269b3c,,02/15/2025 11:45:00 PM,30,TRAFFIC SIGNAL,FUNCTIONING PROPERLY,CLEAR,"DARKNESS, LIGHTED ROAD",REAR END,NOT DIVIDED,,STRAIGHT AND LEVEL,WET,NO DEFECTS,ON SCENE,NO INJURY / DRIVE AWAY,Y,,Y,"OVER $1,500",02/15/2025 11:50:00 PM,FOLLOWING TOO CLOSELY,FOLLOWING TOO CLOSELY,299,S,HOMAN AVE,1124.0,,,,,,,2,NO INDICATION OF INJURY,0.0,0.0,0.0,0.0,0.0,2.0,0.0,23,7,2,41.877334529,-87.7107423723,POINT (-87.710742372296 41.87733452901)
a74c59b40935d4cc73be0ff66dbe39c179d6105ebf2ca00b0b4ccbff182d43e431646cdb9e6d601c0ad5ad41e90e4ceeb468d784c9e7141f2c0abab0d93d7fc7,,07/31/2017 07:30:00 PM,30,TRAFFIC SIGNAL,FUNCTIONING PROPERLY,CLEAR,DAYLIGHT,REAR END,NOT DIVIDED,,STRAIGHT AND LEVEL,DRY,NO DEFECTS,NOT ON SCENE (DESK REPORT),NO INJURY / DRIVE AWAY,,,,"$501 - $1,500",07/31/2017 07:50:00 PM,NOT APPLICABLE,NOT APPLICABLE,5900,S,LAWNDALE AVE,822.0,,,,,,,2,NO INDICATION OF INJURY,0.0,0.0,0.0,0.0,0.0,2.0,0.0,19,2,7,41.7860046445,-87.7157487558,POINT (-87.715748755759 41.786004644539)