CRASH_RECORD_ID,CRASH_DATE_EST_I,CRASH_DATE,POSTED_SPEED_LIMIT,TRAFFIC_CONTROL_DEVICE,DEVICE_CONDITION,WEATHER_CONDITION,LIGHTING_CONDITION,FIRST_CRASH_TYPE,TRAFFICWAY_TYPE,LANE_CNT,ALIGNMENT,ROADWAY_SURFACE_COND,ROAD_DEFECT,REPORT_TYPE,CRASH_TYPE,INTERSECTION_RELATED_I,NOT_RIGHT_OF_WAY_I,HIT_AND_RUN_I,DAMAGE,DATE_POLICE_NOTIFIED,PRIM_CONTRIBUTORY_CAUSE,SEC_CONTRIBUTORY_CAUSE,STREET_NO,STREET_DIRECTION,STREET_NAME,BEAT_OF_OCCURRENCE,PHOTOS_TAKEN_I,STATEMENTS_TAKEN_I,DOORING_I,WORK_ZONE_I,WORK_ZONE_TYPE,WORKERS_PRESENT_I,NUM_UNITS,MOST_SEVERE_INJURY,INJURIES_TOTAL,INJURIES_FATAL,INJURIES_INCAPACITATING,INJURIES_NON_INCAPACITATING,INJURIES_REPORTED_NOT_EVIDENT,INJURIES_NO_INDICATION,INJURIES_UNKNOWN,CRASH_HOUR,CRASH_DAY_OF_WEEK,CRASH_MONTH,LATITUDE,LONGITUDE,LOCATION
e15be602817c22cb951f3d6ac8419e3bf60245e6dac2146fa4574b1e9529a25170d942f46dd6accbef59310da34f88d31adcb8c4eda4e306ec3ec92c9c2e0d03,,10/06/2024 01:20:00 PM,30,NO CONTROLS,NO CONTROLS,CLEAR,DAYLIGHT,ANGLE,NOT DIVIDED,,STRAIGHT AND LEVEL,DRY,UNKNOWN,NOT ON SCENE (DESK REPORT),NO INJURY / DRIVE AWAY,,,,"OVER $1,500",10/06/2024 01:40:00 PM,UNABLE TO DETERMINE,UNABLE TO DETERMINE,390,S,SACRAMENTO BLVD,1124.0,,,,,,,2,NO INDICATION OF INJURY,0.0,0.0,0.0,0.0,0.0,2.0,0.0,13,1,10,41.8759964003,-87.7012306865,POINT (-87.701230686503 41.875996400322)
6909f9de67e8191132d5fbfc1078637c8a7b30490c0fc2b568d66091aab55a409976dcd4ac0bdfa169a8c63f82cbf6a3d7acdad045c2bf2b4ed771722d8c2d65,,07/26/2025 05:39:00 PM,30,UNKNOWN,FUNCTIONING PROPERLY,UNKNOWN,UNKNOWN,OTHER OBJECT,UNKNOWN,,STRAIGHT AND LEVEL,UNKNOWN,NO DEFECTS,ON SCENE,NO INJURY / DRIVE AWAY,,Y,Y,"OVER $1,500",07/31/2025 04:45:00 PM,IMPROPER BACKING,UNABLE TO DETERMINE,3637,N,CENTRAL AVE,1633.0,,,,,,,1,NO INDICATION OF INJURY,0.0,0.0,0.0,0.0,0.0,1.0,0.0,17,7,7,41.9470147117,-87.7666490521,POINT (-87.766649052068 41.947014711664)
1f5ac2bd2b1eefb7cb4486bad3ff2faa691a5922e6f6bf51db9df930791ef5c936a9b773378c361eb37dde948ed4e7f6976cb450c21abb9d936fd754ebb32a4e,,09/18/2021 02:00:00 AM,40,STOP SIGN/FLASHER,UNKNOWN,CLEAR,"DARKNESS, LIGHTED ROAD",REAR END,NOT DIVIDED,,STRAIGHT AND LEVEL,DRY,NO DEFECTS,NOT ON SCENE (DESK REPORT),NO INJURY / DRIVE AWAY,,,,$500 OR LESS,09/18/2021 04:00:00 AM,FOLLOWING TOO CLOSELY,DISREGARDING OTHER TRAFFIC SIGNS,4300,S,CICERO AVE,814.0,,,,,,,2,NO INDICATION OF INJURY,0.0,0.0,0.0,0.0,0.0,2.0,0.0,2,7,9,41.8148367504,-87.7435014806,POINT (-87.743501480634 41.81483675036)
7a0bfcbb0c3afb92b3881768bbd1b33b4e545960467b299ea8b654a711bb047e7ff9b1c8815713b463881698d7d6d596d5bb30cd62cb46c9d89bd05e2a3099fd,,10/13/2018 12:45:00 PM,25,NO CONTROLS,NO CONTROLS,CLEAR,DAYLIGHT,PARKED MOTOR VEHICLE,NOT DIVIDED,2,STRAIGHT AND LEVEL,DRY,NO DEFECTS,ON SCENE,INJURY AND / OR TOW DUE TO CRASH,,,,"OVER $1,500",10/13/2018 01:00:00 PM,IMPROPER TURNING/NO SIGNAL,NOT APPLICABLE,9958,S,AVENUE M,432.0,,,,,,,2,NO INDICATION OF INJURY,0.0,0.0,0.0,0.0,0.0,1.0,0.0,12,7,10,41.7140862196,-87.5378366942,POINT (-87.53783669418 41.714086219638)
7614eef088a0b124d337685305fc1359c09b5909071efbfe54ee399e4805567db2f6eba71ff213595d55f8134d3e22a80acba5cc1d0ac5a412327c39d0fe61c2,,12/26/2022 02:30:00 PM,30,STOP SIGN/FLASHER,UNKNOWN,UNKNOWN,DAWN,REAR END,NOT DIVIDED,,STRAIGHT AND LEVEL,UNKNOWN,UNKNOWN,NOT ON SCENE (DESK REPORT),NO INJURY / DRIVE AWAY,,,,"OVER $1,500",12/26/2022 03:40:00 PM,UNABLE TO DETERMINE,UNABLE TO DETERMINE,2951,S,DR MARTIN LUTHER KING JR DR,133.0,,,,,,,2,NO INDICATION OF INJURY,0.0,0.0,0.0,0.0,0.0,5.0,0.0,14,2,12,41.84059009,-87.6170172757,POINT (-87.617017275695 41.840590090034)
088468106da6590cc6f764ecd99bb53a974242f6404aa8d3531f9914c856adbbe4701477621b066cc6d9f1c7d81ea71e4ac7113c48bac21a8c84484e745fd99d,,03/03/2018 10:50:00 PM,35,STOP SIGN/FLASHER,FUNCTIONING PROPERLY,CLEAR,"DARKNESS, LIGHTED ROAD",ANGLE,DIVIDED - W/MEDIAN BARRIER,8,STRAIGHT AND LEVEL,DRY,NO DEFECTS,ON SCENE,INJURY AND / OR TOW DUE TO CRASH,Y,,,"OVER $1,500",03/03/2018 10:51:00 PM,FAILING TO REDUCE SPEED TO AVOID CRASH,UNABLE TO DETERMINE,9200,S,STONY ISLAND AVE,413.0,,,,,,,2,"REPORTED, NOT EVIDENT",1.0,0.0,0.0,0.0,1.0,5.0,0.0,22,7,3,41.7277274384,-87.5855943093,POINT (-87.585594309293 41.727727438391)
9a6847371f6adfd97345efe9ed1b30266b48123d87086ac3b312c1888c3516e15c6e90f8dd525f182112adcc27194bf28afadd184ff05e86923cb252c11a12c8,,11/06/2015 02:11:00 PM,30,TRAFFIC SIGNAL,FUNCTIONING PROPERLY,CLEAR,DAYLIGHT,PARKED MOTOR VEHICLE,DIVIDED - W/MEDIAN (NOT RAISED),4,STRAIGHT AND LEVEL,DRY,NO DEFECTS,NOT ON SCENE (DESK REPORT),NO INJURY / DRIVE AWAY,,,,$500 OR LESS,11/06/2015 03:20:00 PM,IMPROPER TURNING/NO SIGNAL,NOT APPLICABLE,2401,W,NORTH AVE,1423.0,,,,,,,2,NO INDICATION OF INJURY,0.0,0.0,0.0,0.0,0.0,1.0,0.0,14,6,11,41.9102103601,-87.6872793559,POINT (-87.687279355859 41.910210360084)
cfe2b1678716186157cf930bcfef761e363394006cadcfc85b921e185b78d34a6db6396a32fd7453efbb2f7c03ee8b42a7958d3a9d383f80f2aa35307d5072c8,,01/03/2020 04:30:00 AM,25,YIELD,FUNCTIONING PROPERLY,CLEAR,"DARKNESS, LIGHTED ROAD",PEDESTRIAN,ALLEY,,STRAIGHT AND LEVEL,WET,NO DEFECTS,ON SCENE,INJURY AND / OR TOW DUE TO CRASH,,,Y,$500 OR LESS,01/03/2020 04:43:00 AM,FAILING TO YIELD RIGHT-OF-WAY,UNABLE TO DETERMINE,1733,E,71ST ST,324.0,,,,,,,2,INCAPACITATING INJURY,1.0,0.0,1.0,0.0,0.0,1.0,0.0,4,6,1,41.7659071491,-87.582382087,POINT (-87.582382087018 41.765907149088)
8a6abbc716e4ca7e4abcb8e681e77b9f2de90d246b7f8cf5fc068b39b1b82bc352e029f3cecef1df2e81c6583425825a8625b6da65a409d59cb46ea38aa8577f,,02/07/2019 07:20:00 PM,30,NO CONTROLS,NO CONTROLS,OTHER,DARKNESS,OTHER OBJECT,NOT DIVIDED,2,STRAIGHT AND LEVEL,UNKNOWN,UNKNOWN,NOT ON SCENE (DESK REPORT),NO INJURY / DRIVE AWAY,,Y,,"$501 - $1,500",02/07/2019 07:44:00 PM,WEATHER,UNABLE TO DETERMINE,3825,N,BROADWAY,1925.0,,,,,,,1,NO INDICATION OF INJURY,0.0,0.0,0.0,0.0,0.0,1.0,0.0,19,5,2,41.9519750923,-87.6494824497,POINT (-87.649482449669 41.951975092258)
87cd1208b934d3afd51e62356c6c0707cf6a3af1ec6c4182d944ad1acf1a296f35d7e634952309723d62188d25d8cdc3cf517c5b244fe425c4073b47029c009a,,03/01/2023 06:35:00 PM,30,NO CONTROLS,NO CONTROLS,CLEAR,DARKNESS,REAR END,NOT DIVIDED,,STRAIGHT AND LEVEL,DRY,NO DEFECTS,NOT ON SCENE (DESK REPORT),NO INJURY / DRIVE AWAY,,,,"$501 - $1,500",03/01/2023 06:35:00 PM,UNABLE TO DETERMINE,NOT APPLICABLE,4832,W,ARMITAGE AVE,2522.0,,,,,,,2,NO INDICATION OF INJURY,0.0,0.0,0.0,0.0,0.0,2.0,0.0,18,4,3,41.9170243454,-87.7475250406,POINT (-87.747525040595 41.917024345362)
150b47a21df8fe3c8f136e5286e2cf2c40f836f0a22fb3a2407019a80f1ffdb4a2aa4ed2bd70689474ed5e1857ab1679542e3f1003021fd932b9c498d70e6a5a,,04/18/2022 08:08:00 AM,20,STOP SIGN/FLASHER,FUNCTIONING PROPERLY,CLEAR,DAYLIGHT,SIDESWIPE SAME DIRECTION,NOT DIVIDED,,STRAIGHT AND LEVEL,WET,NO DEFECTS,NOT ON SCENE (DESK REPORT),NO INJURY / DRIVE AWAY,Y,,Y,"OVER $1,500",04/18/2022 09:00:00 AM,IMPROPER OVERTAKING/PASSING,UNABLE TO DETERMINE,1308,W,99TH ST,2213.0,,,,,,,2,NO INDICATION OF INJURY,0.0,0.0,0.0,0.0,0.0,4.0,0.0,8,2,4,41.7141650041,-87.6555800945,POINT (-87.655580094512 41.714165004056)
52e9f1857114bd1e982363e4b2c0c870888245378df3822a953ede68ef9d71333e5b97673a4ef5f71aa296b41bf70eb991ec44fbfedc495bc2e214872962eb1e,,04/17/2019 10:30:00 AM,10,NO CONTROLS,NO CONTROLS,CLEAR,DAYLIGHT,PARKED MOTOR VEHICLE,PARKING LOT,,STRAIGHT AND LEVEL,DRY,UNKNOWN,NOT ON SCENE (DESK REPORT),NO INJURY / DRIVE AWAY,,Y,Y,"OVER $1,500",04/17/2019 10:15:00 PM,UNABLE TO DETERMINE,NOT APPLICABLE,2600,W,35TH ST,911.0,,,,,,,2,NO INDICATION OF INJURY,0.0,0.0,0.0,0.0,0.0,1.0,0.0,10,4,4,41.830296068,-87.6900586135,POINT (-87.690058613483 41.830296068038)
76b63bccf5ddd3b9dbb3be996ad85a3c412b612b3e73ef2f6b7ea4bcf7afd011e534c013098c71ba971043292cf10751a4b9ae26c5f76cf0eb7c55689c9d3882,,11/03/2016 01:00:00 AM,30,TRAFFIC SIGNAL,FUNCTIONING PROPERLY,CLEAR,DARKNESS,TURNING,NOT DIVIDED,2,STRAIGHT AND LEVEL,DRY,NO DEFECTS,NOT ON SCENE (DESK REPORT),NO INJURY / DRIVE AWAY,,,,"OVER $1,500",11/03/2016 01:28:00 AM,IMPROPER TURNING/NO SIGNAL,ROAD CONSTRUCTION/MAINTENANCE,1944,N,MILWAUKEE AVE,1434.0,,,,,,,2,NO INDICATION OF INJURY,0.0,0.0,0.0,0.0,0.0,5.0,0.0,1,5,11,41.9167153093,-87.6874736526,POINT (-87.68747365262 41.91671530927)
8627fe351583d5d09c01ae9c6e3b96ae2240928f453c52e72ad18420e32d368164238106e3d1891401ea82a60a27cab16df781edeb9d82882f4d80fe20b48b97,,02/17/2018 02:15:00 PM,30,NO CONTROLS,NO CONTROLS,CLEAR,DAYLIGHT,ANGLE,ALLEY,1,STRAIGHT AND LEVEL,DRY,NO DEFECTS,NOT ON SCENE (DESK REPORT),NO INJURY / DRIVE AWAY,,,,"$501 - $1,500",02/21/2018 07:15:00 PM,FAILING TO YIELD RIGHT-OF-WAY,NOT APPLICABLE,8300,W,IRVING PARK RD,1614.0,,,,,,,2,NO INDICATION OF INJURY,0.0,0.0,0.0,0.0,0.0,2.0,0.0,14,7,2,41.9522095279,-87.8343178627,POINT (-87.834317862655 41.952209527931)
df72dceb60ec136865c9ee0abdf4188e1159975b144b6d5e3341b287daa88e231e74478fe6272b5444c84c5c3213d987d97ac950b12ba439e4cf23fb6a53db13,,08/13/2019 02:05:00 PM,30,TRAFFIC SIGNAL,FUNCTIONING PROPERLY,CLEAR,DAYLIGHT,TURNING,DIVIDED - W/MEDIAN (NOT RAISED),,STRAIGHT AND LEVEL,DRY,NO DEFECTS,ON SCENE,NO INJURY / DRIVE AWAY,Y,,,"OVER $1,500",08/13/2019 02:45:00 PM,FOLLOWING TOO CLOSELY,FAILING TO REDUCE SPEED TO AVOID CRASH,7848,S,KEDZIE AVE,835.0,,,,,,,2,NO INDICATION OF INJURY,0.0,0.0,0.0,0.0,0.0,2.0,0.0,14,3,8,41.750185987,-87.7025539339,POINT (-87.702553933853 41.750185986983)
70f37a261fd8c6315314f9d7a306ce2647ffcfb846533660833a628caa50090d642afe85610fa42ac572043b1569f6f7d21125ec46f6f6b6b8456af5652ecd0e,,10/22/2016 12:55:00 PM,35,TRAFFIC SIGNAL,FUNCTIONING PROPERLY,CLEAR,DAYLIGHT,TURNING,NOT DIVIDED,4,STRAIGHT AND LEVEL,DRY,NO DEFECTS,ON SCENE,INJURY AND / OR TOW DUE TO CRASH,,,Y,"$501 - $1,500",10/22/2016 01:03:00 PM,FAILING TO YIELD RIGHT-OF-WAY,IMPROPER TURNING/NO SIGNAL,1801,W,63RD ST,726.0,,,,,,,2,NONINCAPACITATING INJURY,1.0,0.0,0.0,1.0,0.0,1.0,0.0,12,7,10,41.779272915,-87.6691373888,POINT (-87.669137388784 41.77927291504)
2d273339c3acd89856fdca49524a1d4308fe117a975631ca08815e27c71ceaedc1b530aae9fc6693f378fd4d9172a69b4a02956ae23322f9ad6d8c66b205f5ca,,05/31/2020 03:15:00 PM,30,NO CONTROLS,NO CONTROLS,CLEAR,DAYLIGHT,REAR END,NOT DIVIDED,,STRAIGHT AND LEVEL,DRY,NO DEFECTS,NOT ON SCENE (DESK REPORT),NO INJURY / DRIVE AWAY,,,,"OVER $1,500",06/01/2020 10:00:00 AM,UNABLE TO DETERMINE,UNABLE TO DETERMINE,3229,N,CICERO AVE,1731.0,,,,,,,2,NO INDICATION OF INJURY,0.0,0.0,0.0,0.0,0.0,3.0,0.0,15,1,5,41.9396957816,-87.7467424852,POINT (-87.746742485167 41.939695781588)
b8ffa8515752afdbd3ab1acae24b650842c405faa617c8bc16c581399f50422623b07bb2542677e864bbc19f19de81de973c6c1a1cda92371d78f07e0925bb55,,06/04/2023 12:30:00 PM,30,NO CONTROLS,NO CONTROLS,CLEAR,DARKNESS,REAR END,ONE-WAY,,STRAIGHT AND LEVEL,DRY,UNKNOWN,NOT ON SCENE (DESK REPORT),NO INJURY / DRIVE AWAY,,,,$500 OR LESS,06/04/2023 06:42:00 PM,FOLLOWING TOO CLOSELY,NOT APPLICABLE,2300,S,LAKE SHORE DR SB,132.0,,,,,,,2,NO INDICATION OF INJURY,0.0,0.0,0.0,0.0,0.0,5.0,0.0,12,1,6,41.8510197772,-87.6138821225,POINT (-87.613882122521 41.8510197772)
81544fb7c517639e1fe42552ecc0938e3c82e70dab4f97a32032fa9f1ba78206bc00c840b716f0f6d131ae8bc1ddc18ec51140f1a6a450cf058c0cbde8e9f6aa,,10/13/2017 04:00:00 PM,30,NO CONTROLS,NO CONTROLS,CLEAR,DAYLIGHT,TURNING,NOT DIVIDED,4,STRAIGHT AND LEVEL,DRY,NO DEFECTS,NOT ON SCENE (DESK REPORT),NO INJURY / DRIVE AWAY,,,,"OVER $1,500",10/15/2017 10:49:00 AM,IMPROPER TURNING/NO SIGNAL,UNABLE TO DETERMINE,925,W,63RD ST,723.0,,,,,,,2,NO INDICATION OF INJURY,0.0,0.0,0.0,0.0,0.0,2.0,0.0,16,6,10,41.7795806257,-87.6483127197,POINT (-87.648312719687 41.779580625709)
aae464bce4aed1d5832d0041337eeddee1b930dd38876261d0fb6beefc4ce265cf0d901d7fb99f40caf70235d48e7d68e3a9502a37725b2780f51c7c7c2ee2f5,,06/09/2023 02:00:00 PM,30,NO CONTROLS,NO CONTROLS,CLEAR,DAYLIGHT,PARKED MOTOR VEHICLE,NOT DIVIDED,,STRAIGHT AND LEVEL,DRY,NO DEFECTS,NOT ON SCENE (DESK REPORT),NO INJURY / DRIVE AWAY,,,Y,"$501 - $1,500",06/09/2023 02:30:00 PM,UNABLE TO DETERMINE,UNABLE TO DETERMINE,4056,N,LAPORTE AVE,1624.0,,,,,,,2,NO INDICATION OF INJURY,0.0,0.0,0.0,0.0,0.0,1.0,0.0,14,6,6,41.9550902919,-87.7512249328,POINT (-87.751224932753 41.955090291873)
e13a692fe9687da2575dde3fd61671e40c77d992e75a4cb564be78bffffd02bd5ff4adfddc865b8dfbabdf2f45d75973edd91055385d2ff7f2911570d4c593f4,,01/07/2021 02:35:00 AM,30,NO CONTROLS,NO CONTROLS,CLEAR,"DARKNESS, LIGHTED ROAD",OTHER OBJECT,DIVIDED - W/MEDIAN BARRIER,,"CURVE, LEVEL",UNKNOWN,NO DEFECTS,ON SCENE,NO INJURY / DRIVE AWAY,,,,"OVER $1,500",01/07/2021 02:37:00 AM,NOT APPLICABLE,NOT APPLICABLE,3737,W,DOUGLAS BLVD,1011.0,,,,,,,1,NO INDICATION OF INJURY,0.0,0.0,0.0,0.0,0.0,2.0,0.0,2,5,1,41.8620212366,-87.7191007151,POINT (-87.719100715068 41.86202123662)
927a653abc1013ae7d436c5386d2d8620273e803d7ce79acb909847cb751f681c7eddd2c668b56b3e00e4e0bd7a421a1b94e84bad40fcaf7aeb600b1edd86ddd,Y,01/04/2020 10:00:00 PM,30,NO CONTROLS,NO CONTROLS,CLEAR,DARKNESS,PARKED MOTOR VEHICLE,ONE-WAY,,STRAIGHT AND LEVEL,DRY,NO DEFECTS,ON SCENE,INJURY AND / OR TOW DUE TO CRASH,,,Y,"OVER $1,500",01/05/2020 09:07:00 AM,UNABLE TO DETERMINE,NOT APPLICABLE,6005,N,OAKLEY AVE,2413.0,,,,,,,2,NO INDICATION OF INJURY,0.0,0.0,0.0,0.0,0.0,1.0,0.0,22,7,1,41.9907431571,-87.6870649461,POINT (-87.687064946051 41.990743157128)
7dab61da346c8be33572c3422bd4ae8ace9d3e3b0ad02805b3e62eaff88efd328e5a8ee776a9de40471d8b8ba154db95553e103a3f08a9c5cb32a03f0f40d12a,,11/23/2016 06:00:00 PM,30,NO CONTROLS,NO CONTROLS,CLOUDY/OVERCAST,"DARKNESS, LIGHTED ROAD",SIDESWIPE SAME DIRECTION,NOT DIVIDED,,STRAIGHT AND LEVEL,WET,UNKNOWN,NOT ON SCENE (DESK REPORT),NO INJURY / DRIVE AWAY,,,,$500 OR LESS,11/23/2016 06:10:00 PM,UNABLE TO DETERMINE,UNABLE TO DETERMINE,600,S,SACRAMENTO BLVD,1134.0,,,,,,,2,NO INDICATION OF INJURY,0.0,0.0,0.0,0.0,0.0,2.0,0.0,18,4,11,41.8736984557,-87.7011582497,POINT (-87.701158249705 41.873698455701)
7d3adaffa2db9bd18af3fd8b6fb1051a15f6d545647c24551a0b565a91aa977eca28e6151df6b73f76cd2df76bf65f5d5610cde4eceb371eb2048fbaae1c2483,,06/12/2018 03:00:00 PM,30,TRAFFIC SIGNAL,FUNCTIONING PROPERLY,CLEAR,DAYLIGHT,REAR END,NOT DIVIDED,4,STRAIGHT AND LEVEL,DRY,NO DEFECTS,NOT ON SCENE (DESK REPORT),NO INJURY / DRIVE AWAY,Y,,Y,"OVER $1,500",06/12/2018 03:42:00 PM,FOLLOWING TOO CLOSELY,NOT APPLICABLE,599,S,RACINE AVE,1232.0,,,,,,,2,NO INDICATION OF INJURY,0.0,0.0,0.0,0.0,0.0,2.0,0.0,15,3,6,41.8743341645,-87.6566714073,POINT (-87.656671407296 41.874334164518)
2f93cd095b03f2d20446929289b06c6671439aac770be2da09414abdc9a2c3efc3908f5d812dce9686acdfa806cc2c6f1cf7cae6b0c66c104674f8244dc68947,,06/28/2024 12:00:00 PM,30,NO CONTROLS,NO CONTROLS,RAIN,DAYLIGHT,REAR END,NOT DIVIDED,,STRAIGHT AND LEVEL,WET,UNKNOWN,ON SCENE,NO INJURY / DRIVE AWAY,,,,"$501 - $1,500",06/28/2024 12:17:00 PM,WEATHER,FOLLOWING TOO CLOSELY,1664,W,OGDEN AVE,1224.0,,,,,,,2,NO INDICATION OF INJURY,0.0,0.0,0.0,0.0,0.0,2.0,0.0,12,6,6,41.8794548841,-87.6686832714,POINT (-87.668683271442 41.879454884094)
fe1550ac46018972d3eb00af308d9bc3252d8e23caa6dbeaffca4d551db02a52db0dd222ed380a0b36087868b1b826a7c43587fa59962a66cb9fe9e407ffa275,,11/24/2020 01:06:00 PM,30,NO CONTROLS,NO CONTROLS,RAIN,DAYLIGHT,ANGLE,NOT DIVIDED,,STRAIGHT AND LEVEL,WET,NO DEFECTS,NOT ON SCENE (DESK REPORT),NO INJURY / DRIVE AWAY,,,,"$501 - $1,500",11/24/2020 01:30:00 PM,UNABLE TO DETERMINE,UNABLE TO DETERMINE,1544,N,FREMONT ST,1822.0,,,,,,,2,NO INDICATION OF INJURY,0.0,0.0,0.0,0.0,0.0,2.0,0.0,13,3,11,41.9097483982,-87.6512220593,POINT (-87.651222059311 41.909748398155)
250afd1f91ba828d93198d03a573f3d81d89eef4755e5ff54b0aeb9ee13a31e037c3804663bbd0969741de0aea0ee3dd77d78d01cc0409a93294b6b43867eb20,,05/17/2022 01:01:00 PM,30,NO CONTROLS,NO CONTROLS,CLEAR,DAYLIGHT,FIXED OBJECT,DRIVEWAY,,"CURVE, LEVEL",DRY,NO DEFECTS,ON SCENE,NO INJURY / DRIVE AWAY,,Y,Y,"$501 - $1,500",05/18/2022 10:41:00 AM,DRIVING SKILLS/KNOWLEDGE/EXPERIENCE,UNABLE TO DETERMINE,12045,S,EMERALD AVE,523.0,,,,,,,1,NO INDICATION OF INJURY,0.0,0.0,0.0,0.0,0.0,1.0,0.0,13,3,5,41.6746900779,-87.6405148423,POINT (-87.64051484234 41.674690077851)
164bc2bcb0026b32a79307c321b38dade6d3bb906574d145dab48715fa8f39a1941839b93a4622d62487cf639671ac45d64fa58f3f1acf7af78c5d30c9f1ff76,,02/04/2022 06:30:00 PM,30,NO CONTROLS,NO CONTROLS,UNKNOWN,"DARKNESS, LIGHTED ROAD",PARKED MOTOR VEHICLE,ONE-WAY,,STRAIGHT AND LEVEL,SNOW OR SLUSH,NO DEFECTS,NOT ON SCENE (DESK REPORT),NO INJURY / DRIVE AWAY,,,Y,"OVER $1,500",02/11/2022 02:30:00 PM,UNABLE TO DETERMINE,NOT APPLICABLE,9253,S,STATE ST,634.0,,,,,,,2,NO INDICATION OF INJURY,0.0,0.0,0.0,0.0,0.0,1.0,0.0,18,6,2,41.7256495336,-87.6236928531,POINT (-87.623692853109 41.725649533555)
d58e2e840ab5447597a7ae11949e3e78e4b2061c3870e5ab5206da3567ab0c5cd4e961cdd2cee4b23b6522f8f373cb50908f58a0e906a2b2ce2ac95fcc69ba94,,08/02/2023 05:30:00 PM,30,NO CONTROLS,NO CONTROLS,CLEAR,DAYLIGHT,SIDESWIPE SAME DIRECTION,ONE-WAY,,STRAIGHT AND LEVEL,DRY,NO DEFECTS,ON SCENE,NO INJURY / DRIVE AWAY,,,Y,"$501 - $1,500",08/02/2023 10:14:00 PM,UNABLE TO DETERMINE,UNABLE TO DETERMINE,72,E,WALTON ST,1833.0,,,,,,,2,NO INDICATION OF INJURY,0.0,0.0,0.0,0.0,0.0,2.0,0.0,17,4,8,41.9000919617,-87.6256556791,POINT (-87.62565567911 41.900091961726)
fe6d130175e719a3d1306d6d906f1b2ff34ec8cddf3c48d53c57ca044c976ab7f795dc75576b978ba8a2dfa89960c559ffab6c3ec95c7fb3ef4af720a3952e6a,,09/17/2021 10:57:00 AM,30,NO CONTROLS,NO CONTROLS,CLEAR,DAYLIGHT,PARKED MOTOR VEHICLE,NOT DIVIDED,,STRAIGHT AND LEVEL,DRY,NO DEFECTS,ON SCENE,NO INJURY / DRIVE AWAY,,,,"$501 - $1,500",09/17/2021 10:58:00 AM,NOT APPLICABLE,NOT APPLICABLE,1002,W,18TH ST,1235.0,,,,,,,2,NO INDICATION OF INJURY,0.0,0.0,0.0,0.0,0.0,1.0,0.0,10,6,9,41.8581294075,-87.6516959272,POINT (-87.651695927212 41.858129407543)
4f76a7ae21f5f0afe88562aaa5f0445d492a103a9742813a4746afd257184b393afcbdae058b6474b125d78205000c234a3eecd3ba5db233914e2fe756121e9f,,08/13/2018 11:25:00 AM,5,OTHER REG. SIGN,FUNCTIONING PROPERLY,CLEAR,DAYLIGHT,FIXED OBJECT,PARKING LOT,,STRAIGHT AND LEVEL,DRY,NO DEFECTS,ON SCENE,INJURY AND / OR TOW DUE TO CRASH,,Y,,"OVER $1,500",08/13/2018 11:35:00 AM,DISTRACTION - FROM INSIDE VEHICLE,NOT APPLICABLE,5820,W,NORTH AVE,2531.0,,,,,,,1,NO INDICATION OF INJURY,0.0,0.0,0.0,0.0,0.0,1.0,0.0,11,2,8,41.9094177571,-87.7712137038,POINT (-87.77121370383 41.909417757057)
a92552d60e438e36167039270f326aec65e0dbf6175f70965b8c78cf1c2cdbb5e9ac6953a2ae12f893d9c6129f63721441731ff1f6688df883f5175f9a69b2b4,,11/28/2023 02:45:00 PM,25,UNKNOWN,UNKNOWN,CLEAR,DAYLIGHT,PARKED MOTOR VEHICLE,ONE-WAY,,STRAIGHT AND LEVEL,DRY,NO DEFECTS,NOT ON SCENE (DESK REPORT),NO INJURY / DRIVE AWAY,,,Y,"$501 - $1,500",11/28/2023 04:20:00 PM,UNABLE TO DETERMINE,UNABLE TO DETERMINE,11209,S,EGGLESTON AVE,2233.0,,,,,,,2,NO INDICATION OF INJURY,0.0,0.0,0.0,0.0,0.0,1.0,0.0,14,3,11,41.690325615,-87.6337211451,POINT (-87.633721145079 41.690325615015)
e7c7cdd9766dc3898e4b82cf796bb73183c7900b159058c806be7b40712c7db40b66fea02f84124a222d71a34157b64d81d29394db354603a6fcb25ad7e9e067,,07/05/2017 04:00:00 PM,30,NO CONTROLS,NO CONTROLS,CLEAR,DAYLIGHT,REAR END,NOT DIVIDED,,STRAIGHT AND LEVEL,DRY,NO DEFECTS,NOT ON SCENE (DESK REPORT),NO INJURY / DRIVE AWAY,,,Y,"OVER $1,500",07/06/2017 12:00:00 PM,UNABLE TO DETERMINE,UNABLE TO DETERMINE,3220,W,COLUMBUS AVE,835.0,,,,,,,2,NO INDICATION OF INJURY,0.0,0.0,0.0,0.0,0.0,2.0,0.0,16,4,7,41.7501532252,-87.703191517,POINT (-87.703191517038 41.750153225207)
255617244264060552259bdeb9bd1c79bf0d9b428db1a9aad1fc798b42578dbc608f2af86941eaa9f846659c9bb354b68324d7536b09a09443eb7e9140051b66,,02/20/2022 03:00:00 PM,30,NO CONTROLS,NO CONTROLS,CLEAR,DAYLIGHT,SIDESWIPE SAME DIRECTION,DIVIDED - W/MEDIAN (NOT RAISED),,STRAIGHT AND LEVEL,DRY,NO DEFECTS,NOT ON SCENE (DESK REPORT),NO INJURY / DRIVE AWAY,,,,"OVER $1,500",02/20/2022 09:15:00 PM,FAILING TO YIELD RIGHT-OF-WAY,UNABLE TO DETERMINE,2110,W,NORTH AVE,1434.0,,,,,,,2,NO INDICATION OF INJURY,0.0,0.0,0.0,0.0,0.0,3.0,0.0,15,1,2,41.9105396113,-87.6804743403,POINT (-87.680474340335 41.910539611289)