CRASH_RECORD_ID,CRASH_DATE_EST_I,CRASH_DATE,POSTED_SPEED_LIMIT,TRAFFIC_CONTROL_DEVICE,DEVICE_CONDITION,WEATHER_CONDITION,LIGHTING_CONDITION,FIRST_CRASH_TYPE,TRAFFICWAY_TYPE,LANE_CNT,ALIGNMENT,ROADWAY_SURFACE_COND,ROAD_DEFECT,REPORT_TYPE,CRASH_TYPE,INTERSECTION_RELATED_I,NOT_RIGHT_OF_WAY_I,HIT_AND_RUN_I,DAMAGE,DATE_POLICE_NOTIFIED,PRIM_CONTRIBUTORY_CAUSE,SEC_CONTRIBUTORY_CAUSE,STREET_NO,STREET_DIRECTION,STREET_NAME,BEAT_OF_OCCURRENCE,PHOTOS_TAKEN_I,STATEMENTS_TAKEN_I,DOORING_I,WORK_ZONE_I,WORK_ZONE_TYPE,WORKERS_PRESENT_I,NUM_UNITS,MOST_SEVERE_INJURY,INJURIES_TOTAL,INJURIES_FATAL,INJURIES_INCAPACITATING,INJURIES_NON_INCAPACITATING,INJURIES_REPORTED_NOT_EVIDENT,INJURIES_NO_INDICATION,INJURIES_UNKNOWN,CRASH_HOUR,CRASH_DAY_OF_WEEK,CRASH_MONTH,LATITUDE,LONGITUDE,LOCATION
245751da286445e1f52717e20e18b2f64d037334ffbb6c94de3c1eaf0de72b400940c42eb602796d4b61b33964f11e7769702b6517fee264fd801c34cb4f3418,,03/03/2024 11:00:00 AM,30,NO CONTROLS,NO CONTROLS,CLEAR,DAYLIGHT,PARKED MOTOR VEHICLE,ONE-WAY,,STRAIGHT AND LEVEL,DRY,NO DEFECTS,NOT ON SCENE (DESK REPORT),NO INJURY / DRIVE AWAY,,,Y,"OVER $1,500",03/03/2024 12:15:00 PM,UNABLE TO DETERMINE,UNABLE TO DETERMINE,5731,S,KILDARE AVE,813.0,,,,,,,2,NO INDICATION OF INJURY,0.0,0.0,0.0,0.0,0.0,1.0,0.0,11,1,3,41.7885676812,-87.7302311332,POINT (-87.730231133223 41.788567681249)
67de159ddcc56e79dbbf9de36c6e3bc633c583a99f7ee850a6c7304caeabcf72796732c17eab63e41fb706f473cd43236290103205acf630ecd85b690d6f584c,,12/10/2022 10:00:00 PM,30,TRAFFIC SIGNAL,FUNCTIONING PROPERLY,FREEZING RAIN/DRIZZLE,"DARKNESS, LIGHTED ROAD",REAR END,DIVIDED - W/MEDIAN (NOT RAISED),,STRAIGHT AND LEVEL,WET,NO DEFECTS,ON SCENE,NO INJURY / DRIVE AWAY,,,,"$501 - $1,500",12/10/2022 10:19:00 PM,FOLLOWING TOO CLOSELY,NOT APPLICABLE,4400,W,63RD ST,813.0,,,,,,,3,NO INDICATION OF INJURY,0.0,0.0,0.0,0.0,0.0,3.0,0.0,22,7,12,41.7786523743,-87.7325896285,POINT (-87.732589628521 41.77865237433)
1c87bb14e66f3dcfb237dabfcca264865c27865e8b40a1f6257bd6b06106a6c192cfc2131e8ff106faaaaaf29c7f7389671b3d4fdd11854b9db67d85af0a99ba,,09/15/2019 03:00:00 AM,30,NO CONTROLS,NO CONTROLS,CLEAR,DAYLIGHT,PARKED MOTOR VEHICLE,NOT DIVIDED,,STRAIGHT AND LEVEL,DRY,NO DEFECTS,NOT ON SCENE (DESK REPORT),NO INJURY / DRIVE AWAY,,,,"OVER $1,500",09/16/2019 07:07:00 PM,UNABLE TO DETERMINE,NOT APPLICABLE,5944,W,CHICAGO AVE,1511.0,,,,,,,2,NO INDICATION OF INJURY,0.0,0.0,0.0,0.0,0.0,1.0,0.0,3,1,9,41.8948379434,-87.7740891852,POINT (-87.77408918515 41.894837943364)
7e9451648f92c110376c638d39b7eb65dba9c19566cc051dd10be693c569a55647de186a53f25c6d8733dae32b016475d5e4ab5e88b61614ae57313b97d38b37,,02/01/2020 04:25:00 PM,30,TRAFFIC SIGNAL,FUNCTIONING PROPERLY,CLEAR,DAYLIGHT,TURNING,FOUR WAY,,STRAIGHT AND LEVEL,DRY,NO DEFECTS,ON SCENE,INJURY AND / OR TOW DUE TO CRASH,Y,,,"OVER $1,500",02/01/2020 04:26:00 PM,FAILING TO YIELD RIGHT-OF-WAY,NOT APPLICABLE,7499,S,STATE ST,323.0,,,,,,,2,NO INDICATION OF INJURY,0.0,0.0,0.0,0.0,0.0,4.0,0.0,16,7,2,41.7582009805,-87.6246118698,POINT (-87.624611869841 41.758200980453)
7eb04562c399630cbdbf4f7dfec6bbe5023797e58ad5178a5c3086ba4edbe94a32d71394b7f539882309338a27613bd1fa96e702c0b72f217463ac097521f9c0,,04/28/2025 05:18:00 PM,30,STOP SIGN/FLASHER,FUNCTIONING PROPERLY,CLEAR,DAYLIGHT,REAR END,FOUR WAY,,STRAIGHT AND LEVEL,DRY,NO DEFECTS,NOT ON SCENE (DESK REPORT),INJURY AND / OR TOW DUE TO CRASH,,,,"OVER $1,500",04/28/2025 06:00:00 PM,FOLLOWING TOO CLOSELY,NOT APPLICABLE,5500,S,EVERETT AVE,235.0,,,,,,,2,NONINCAPACITATING INJURY,1.0,0.0,0.0,1.0,0.0,1.0,0.0,17,2,4,41.7951512601,-87.5826830049,POINT (-87.582683004875 41.795151260077)
b55811a4c4420079fe63c23755633c58c8a0057aff686ffae6c49a2d0a157a0f4207baac91c5948b3dc95264fa5e751cbf42ad8cb1a16bd5b38429e25e0dced5,,04/26/2017 12:45:00 PM,15,NO CONTROLS,NO CONTROLS,CLEAR,DAYLIGHT,PARKED MOTOR VEHICLE,PARKING LOT,1,STRAIGHT AND LEVEL,DRY,NO DEFECTS,NOT ON SCENE (DESK REPORT),NO INJURY / DRIVE AWAY,,Y,Y,"OVER $1,500",04/26/2017 02:05:00 PM,UNABLE TO DETERMINE,UNABLE TO DETERMINE,9400,S,ASHLAND AVE,2221.0,,,,,,,2,NO INDICATION OF INJURY,0.0,0.0,0.0,0.0,0.0,1.0,0.0,12,4,4,41.7229412182,-87.6628628713,POINT (-87.662862871273 41.72294121821)
2745f9968da5bc1cb7338d933be3a83f0ab5e224c2950bf612d66124b4c44d817754efc2152896717b79cdd1767c0599bbff2838bfa5105979b5a8fd8d131f0e,,11/27/2023 02:41:00 PM,30,RAILROAD CROSSING GATE,FUNCTIONING PROPERLY,CLEAR,DAYLIGHT,SIDESWIPE SAME DIRECTION,NOT DIVIDED,,STRAIGHT AND LEVEL,DRY,NO DEFECTS,NOT ON SCENE (DESK REPORT),NO INJURY / DRIVE AWAY,,,,"OVER $1,500",11/28/2023 04:48:00 PM,NOT APPLICABLE,NOT APPLICABLE,7900,S,CENTRAL PARK AVE,834.0,,,,,,,2,NO INDICATION OF INJURY,0.0,0.0,0.0,0.0,0.0,3.0,0.0,14,2,11,41.7495521794,-87.7120373606,POINT (-87.712037360606 41.749552179402)
fae86fa4e59795688ed48cdfb7d3ad268f19c1253d19dbef57f36ee0f0a43d1fc5d159dfbf09bbffa70614a5f8e366a132eeb140afed253919d6b82b0859b845,,06/11/2023 12:30:00 AM,30,UNKNOWN,UNKNOWN,UNKNOWN,"DARKNESS, LIGHTED ROAD",PARKED MOTOR VEHICLE,NOT DIVIDED,,STRAIGHT AND LEVEL,UNKNOWN,UNKNOWN,NOT ON SCENE (DESK REPORT),NO INJURY / DRIVE AWAY,,,,"OVER $1,500",06/11/2023 05:17:00 PM,NOT APPLICABLE,NOT APPLICABLE,1527,W,DEVON AVE,2433.0,,,,,,,2,NO INDICATION OF INJURY,0.0,0.0,0.0,0.0,0.0,1.0,0.0,0,1,6,41.9979886656,-87.6688358036,POINT (-87.668835803559 41.997988665636)
26cf5bbab01e52af896271f06bb5d32a6417b4b9eafbae9e4870d90084ccc23cf8d1f219b8f6ec2071ba2bc03e06caf7e742242a28499eb00a947bc70059ad77,,08/31/2019 01:50:00 PM,30,TRAFFIC SIGNAL,FUNCTIONING PROPERLY,CLEAR,DAYLIGHT,ANGLE,NOT DIVIDED,,STRAIGHT AND LEVEL,DRY,NO DEFECTS,NOT ON SCENE (DESK REPORT),NO INJURY / DRIVE AWAY,,,,"OVER $1,500",08/31/2019 02:40:00 PM,UNABLE TO DETERMINE,NOT APPLICABLE,159,N,DAMEN AVE,1223.0,,,,,,,2,NO INDICATION OF INJURY,0.0,0.0,0.0,0.0,0.0,4.0,0.0,13,7,8,41.884939604,-87.6765906366,POINT (-87.676590636604 41.884939604018)
f198f551a78d07fd782bfb40ff8853851b082663f5ab636106821eda3b8fbb251168a91e854e85fa45f58dc484e26af765bf0002c6db1de2c2844ba20d7b9e11,,08/15/2023 01:04:00 AM,30,NO CONTROLS,NO CONTROLS,RAIN,"DARKNESS, LIGHTED ROAD",FIXED OBJECT,DIVIDED - W/MEDIAN BARRIER,,STRAIGHT AND LEVEL,WET,UNKNOWN,ON SCENE,INJURY AND / OR TOW DUE TO CRASH,,,,"OVER $1,500",08/15/2023 01:06:00 AM,WEATHER,WEATHER,1000,N,LAKE SHORE DR,1824.0,,,,,,,1,NO INDICATION OF INJURY,0.0,0.0,0.0,0.0,0.0,1.0,0.0,1,3,8,41.900752974,-87.6242349998,POINT (-87.62423499978 41.900752974042)
78eee027ec3dcc85d36c9e3fdae4729dcc56440105d65bcfd797ad092b4374885885092185cc8a59a39eed710df7b38a93154941c1a27ca5b848a7a939a8395d,,06/03/2018 05:00:00 PM,30,NO CONTROLS,NO CONTROLS,CLEAR,UNKNOWN,PARKED MOTOR VEHICLE,ONE-WAY,1,STRAIGHT AND LEVEL,DRY,NO DEFECTS,ON SCENE,NO INJURY / DRIVE AWAY,,,Y,"OVER $1,500",06/03/2018 08:00:00 PM,UNABLE TO DETERMINE,UNABLE TO DETERMINE,1630,N,KEELER AVE,2534.0,,,,,,,2,NO INDICATION OF INJURY,0.0,0.0,0.0,0.0,0.0,1.0,0.0,17,1,6,41.9107575516,-87.7313887541,POINT (-87.731388754145 41.910757551599)
a44d562f18f30068da5a97833d69f1f34f46115cc262873daf717649c0e17e5c4e425a26baf2fbff44a012c3a148a00fbd23ca44245b6256beaef912de5257c0,,10/23/2024 07:33:00 PM,20,NO CONTROLS,NO CONTROLS,CLEAR,DUSK,REAR END,NOT DIVIDED,,STRAIGHT AND LEVEL,DRY,NO DEFECTS,ON SCENE,NO INJURY / DRIVE AWAY,,,,"$501 - $1,500",10/23/2024 07:58:00 PM,FOLLOWING TOO CLOSELY,NOT APPLICABLE,1343,W,IRVING PARK RD,1923.0,,,,,,,3,NO INDICATION OF INJURY,0.0,0.0,0.0,0.0,0.0,3.0,0.0,19,4,10,41.9542487358,-87.6639401973,POINT (-87.663940197276 41.954248735782)
b54dba9aab44e6afee8a550f743f52ef8f693e7dc9a9cad0abee18b31eb95ff20bb5b77f93266b48b492298fca46496ceb60772f0ca1f13d02ac6358437e2e72,,08/29/2019 12:09:00 AM,30,NO CONTROLS,NO CONTROLS,CLEAR,"DARKNESS, LIGHTED ROAD",HEAD ON,DIVIDED - W/MEDIAN (NOT RAISED),,STRAIGHT AND LEVEL,DRY,UNKNOWN,ON SCENE,INJURY AND / OR TOW DUE TO CRASH,,,,"OVER $1,500",08/29/2019 12:09:00 AM,DRIVING ON WRONG SIDE/WRONG WAY,UNABLE TO DETERMINE,4420,W,MADISON ST,1113.0,,,,,,,2,NONINCAPACITATING INJURY,1.0,0.0,0.0,1.0,0.0,2.0,0.0,0,5,8,41.8807099092,-87.7363610783,POINT (-87.736361078336 41.880709909185)
9fa613b47f52f077946fd2bbad2374fd7b96def55a81fc317d199dd21c8637471310231d2dc9586a54683e6f92195fd0655a2ca3efdf3b5fb7994f433fa5ed99,,01/28/2025 11:00:00 AM,25,NO CONTROLS,NO CONTROLS,RAIN,DAYLIGHT,SIDESWIPE SAME DIRECTION,NOT DIVIDED,,STRAIGHT AND LEVEL,DRY,NO DEFECTS,ON SCENE,NO INJURY / DRIVE AWAY,,,,"OVER $1,500",01/28/2025 11:09:00 AM,IMPROPER LANE USAGE,UNABLE TO DETERMINE,535,N,CENTRAL AVE,1523.0,,,,,,,2,NO INDICATION OF INJURY,0.0,0.0,0.0,0.0,0.0,6.0,0.0,11,3,1,41.8903367493,-87.7650726846,POINT (-87.765072684591 41.890336749336)
03cc441dba36c8768d9f2acb8a543fd21e30e10355d3c63fc15f2249fc595980cabd1d26dc8fbda41adf261967863447c5c7edf8f80b719c96047ce40a834508,,11/19/2023 04:09:00 PM,30,STOP SIGN/FLASHER,FUNCTIONING PROPERLY,RAIN,DAYLIGHT,ANGLE,NOT DIVIDED,,STRAIGHT AND LEVEL,DRY,NO DEFECTS,ON SCENE,NO INJURY / DRIVE AWAY,Y,,,"OVER $1,500",11/19/2023 04:11:00 PM,FAILING TO YIELD RIGHT-OF-WAY,UNABLE TO DETERMINE,3454,N,ASHLAND AVE,1922.0,,,,,,,2,NO INDICATION OF INJURY,0.0,0.0,0.0,0.0,0.0,2.0,0.0,16,1,11,41.9449597082,-87.6689549045,POINT (-87.668954904484 41.944959708168)
ffd9d7bb1d120f8eebe27b284fe88903d0144d7df5962c6823098873414f6c7bba6ae1bb3200192308be892792171703dd1a69155569caba475520ffdeb20f79,,05/13/2023 10:04:00 AM,20,NO CONTROLS,NO CONTROLS,CLEAR,DAYLIGHT,ANGLE,DIVIDED - W/MEDIAN (NOT RAISED),,STRAIGHT AND LEVEL,WET,NO DEFECTS,ON SCENE,NO INJURY / DRIVE AWAY,,,Y,"OVER $1,500",05/13/2023 10:06:00 AM,FAILING TO YIELD RIGHT-OF-WAY,IMPROPER OVERTAKING/PASSING,1101,S,CALIFORNIA AVE,1135.0,,,,,,,2,NO INDICATION OF INJURY,0.0,0.0,0.0,0.0,0.0,2.0,0.0,10,7,5,41.8682438347,-87.6958065348,POINT (-87.695806534765 41.868243834725)
88c9eac30b5722bde7ed1735f5478ecf8edc2248a6e22f7efd909cff62cb38599c66811568c5f4aebf5391caa26f6c2b95e8512348af9fbc14dac949f513ccfc,,01/19/2025 03:50:00 PM,20,NO CONTROLS,NO CONTROLS,CLEAR,DAYLIGHT,REAR END,ONE-WAY,,STRAIGHT AND LEVEL,DRY,NO DEFECTS,ON SCENE,INJURY AND / OR TOW DUE TO CRASH,,,Y,"OVER $1,500",01/19/2025 03:54:00 PM,IMPROPER OVERTAKING/PASSING,FOLLOWING TOO CLOSELY,529,S,DENVIR AVE,1135.0,,,,,,,3,NO INDICATION OF INJURY,0.0,0.0,0.0,0.0,0.0,1.0,0.0,15,1,1,41.8740387739,-87.6895135798,POINT (-87.689513579791 41.874038773907)
7d27aa9047efbfdc7e91d2f250ebdb5bfbc0c6f037da8784839da926013a6da48bced0e6136d6c682779158a0a1142140fccbdb53cc2bf381ba2da9a25c8f87a,,12/01/2024 10:30:00 AM,30,NO CONTROLS,NO CONTROLS,CLEAR,DAYLIGHT,PARKED MOTOR VEHICLE,NOT DIVIDED,,STRAIGHT AND LEVEL,UNKNOWN,UNKNOWN,NOT ON SCENE (DESK REPORT),NO INJURY / DRIVE AWAY,,,Y,"OVER $1,500",12/01/2024 01:21:00 PM,UNABLE TO DETERMINE,UNABLE TO DETERMINE,1117,S,SACRAMENTO BLVD,1135.0,,,,,,,2,NO INDICATION OF INJURY,0.0,0.0,0.0,0.0,0.0,1.0,0.0,10,1,12,41.8677214198,-87.7006741849,POINT (-87.700674184886 41.86772141976)
b797bd760b1b6802c928247dde0d9379713f3c8e8d159ac76d2775cf9429b73c3dd8cdb9a2be7c8c7c68801ebf81adfcb60c9799d2244f803ed2ec1f656251b5,Y,11/13/2020 03:00:00 PM,20,NO CONTROLS,NO CONTROLS,CLEAR,DAYLIGHT,PARKED MOTOR VEHICLE,PARKING LOT,,STRAIGHT AND LEVEL,DRY,NO DEFECTS,NOT ON SCENE (DESK REPORT),NO INJURY / DRIVE AWAY,,,Y,"$501 - $1,500",11/13/2020 03:10:00 PM,NOT APPLICABLE,NOT APPLICABLE,9108,S,COMMERCIAL AVE,423.0,,,,,,,2,NO INDICATION OF INJURY,0.0,0.0,0.0,0.0,0.0,1.0,0.0,15,6,11,41.7297557232,-87.5513958708,POINT (-87.551395870757 41.729755723216)
b070be5f9e33d25e845faa855d42d7fed762f02ff62381663aad3efc3ee19d1f6f2f5788810d830e494f413d3c46a3e923caccddd768952eaddacef7844acdb9,,07/09/2020 04:23:00 PM,30,STOP SIGN/FLASHER,FUNCTIONING PROPERLY,CLEAR,DAYLIGHT,TURNING,NOT DIVIDED,,STRAIGHT AND LEVEL,DRY,NO DEFECTS,ON SCENE,INJURY AND / OR TOW DUE TO CRASH,N,,,"OVER $1,500",07/09/2020 04:35:00 PM,FAILING TO YIELD RIGHT-OF-WAY,NOT APPLICABLE,6901,S,THROOP ST,734.0,,,,,,,2,NO INDICATION OF INJURY,0.0,0.0,0.0,0.0,0.0,7.0,0.0,16,5,7,41.7685689865,-87.6564894501,POINT (-87.656489450106 41.768568986475)
94e417467ec50fff0e7fb1eccd96241b0f2fa327bf77d3496d0dc8e1fa8eae8624a4aa2e6ee1bd49dd4b4c4f481d7406a23b5dc26255458a05b53afad9f80421,,08/13/2022 03:45:00 PM,30,NO CONTROLS,NO CONTROLS,CLEAR,DAYLIGHT,REAR END,DIVIDED - W/MEDIAN BARRIER,,STRAIGHT AND LEVEL,DRY,NO DEFECTS,NOT ON SCENE (DESK REPORT),NO INJURY / DRIVE AWAY,,,,"OVER $1,500",08/13/2022 04:30:00 PM,FOLLOWING TOO CLOSELY,FOLLOWING TOO CLOSELY,1402,S,LAKE SHORE DR E,132.0,,,,,,,2,NO INDICATION OF INJURY,0.0,0.0,0.0,0.0,0.0,2.0,0.0,15,7,8,41.8640631386,-87.6189379611,POINT (-87.618937961136 41.864063138582)
fea0b9d2fe412835d9e1c139fed8d4b7ce1ac3e2cb55f7da31c5351ee5b1609a7bfb2fcf8e5ed41abbbc2b404a62af1fdd1921b48ff43016a1bda1900ed3e3e9,,11/29/2018 07:30:00 AM,30,NO CONTROLS,NO CONTROLS,CLEAR,DAYLIGHT,PARKED MOTOR VEHICLE,DIVIDED - W/MEDIAN (NOT RAISED),4,STRAIGHT AND LEVEL,SNOW OR SLUSH,NO DEFECTS,ON SCENE,NO INJURY / DRIVE AWAY,,,,"OVER $1,500",11/30/2018 10:50:00 AM,NOT APPLICABLE,NOT APPLICABLE,516,W,TAYLOR ST,124.0,,,,,,,2,NO INDICATION OF INJURY,0.0,0.0,0.0,0.0,0.0,1.0,0.0,7,5,11,41.8698579075,-87.6400864661,POINT (-87.640086466113 41.86985790753)
000eea8d8f76224c45c29afaaa02acaf4482a61123e0b54f15960eb2473ae80aac35ec31160c5dd77bc0a1c3c052b0b9c5845ff6f64c9f6dcace816616622697,,08/19/2021 10:15:00 AM,30,TRAFFIC SIGNAL,FUNCTIONING PROPERLY,CLEAR,DAYLIGHT,REAR END,NOT DIVIDED,,STRAIGHT AND LEVEL,DRY,NO DEFECTS,ON SCENE,INJURY AND / OR TOW DUE TO CRASH,,,,"OVER $1,500",08/19/2021 10:16:00 AM,FOLLOWING TOO CLOSELY,UNABLE TO DETERMINE,1202,N,KEDZIE AVE,1422.0,,,,,,,2,NO INDICATION OF INJURY,0.0,0.0,0.0,0.0,0.0,4.0,0.0,10,5,8,41.9029460483,-87.7069389108,POINT (-87.706938910825 41.902946048281)
db36f5b186f25bead794f0d4b3cefd87e2d11680e59076544c6d7383f2d4190f94231a04c034c62acfe0c739b047db453be1df2137256925bbea457d9488a906,,09/13/2020 10:55:00 PM,15,NO CONTROLS,NO CONTROLS,CLEAR,"DARKNESS, LIGHTED ROAD",PARKED MOTOR VEHICLE,PARKING LOT,,STRAIGHT AND LEVEL,DRY,NO DEFECTS,ON SCENE,NO INJURY / DRIVE AWAY,,,,"OVER $1,500",09/13/2020 11:00:00 PM,NOT APPLICABLE,NOT APPLICABLE,1718,S,STATE ST,131.0,,,,,,,2,NO INDICATION OF INJURY,0.0,0.0,0.0,0.0,0.0,1.0,0.0,22,1,9,41.8583725929,-87.627356171,POINT (-87.62735617097 41.858372592889)
26cfa05a261f6e08c0665f3b6a3cedfd3ede2287d1bbfe8a6979f303336eed0653bf548bb08b16b1d31f496e8fcbf793e80f30b579509141c02db7cd59e5459e,,08/12/2020 12:30:00 PM,30,NO CONTROLS,NO CONTROLS,UNKNOWN,DAYLIGHT,PARKED MOTOR VEHICLE,NOT DIVIDED,,STRAIGHT AND LEVEL,UNKNOWN,UNKNOWN,NOT ON SCENE (DESK REPORT),NO INJURY / DRIVE AWAY,,,,"OVER $1,500",08/12/2020 02:00:00 PM,UNABLE TO DETERMINE,UNABLE TO DETERMINE,4012,W,57TH ST,813.0,,,,,,,2,NO INDICATION OF INJURY,0.0,0.0,0.0,0.0,0.0,1.0,0.0,12,4,8,41.7896790891,-87.7236418006,POINT (-87.723641800611 41.789679089072)
9b3622665e7c1f1fabf20b4d82d622386db4198a9776c58a89e740f3473ed41a3f4cddfe3a9924972f8045df09a3b1b165bcf0ead85a0ef1a14856a89430073d,,06/29/2023 06:50:00 PM,20,STOP SIGN/FLASHER,FUNCTIONING PROPERLY,CLEAR,DAYLIGHT,SIDESWIPE SAME DIRECTION,FOUR WAY,,STRAIGHT AND LEVEL,DRY,NO DEFECTS,,INJURY AND / OR TOW DUE TO CRASH,,,,"$501 - $1,500",06/29/2023 08:03:00 PM,IMPROPER OVERTAKING/PASSING,IMPROPER OVERTAKING/PASSING,6601,S,KIMBARK AVE,321.0,,,,,,,2,NONINCAPACITATING INJURY,1.0,0.0,0.0,1.0,0.0,1.0,0.0,18,5,6,41.7749761435,-87.5943791735,POINT (-87.594379173523 41.774976143532)
335e78de1c96244d1c4e5596d6bf65e71011ceb1782cedef89d315a62d34a2cb9fc655367507a2cefa8b5676a49c0898af4d3039110cc37dcc37bd5384e2ef20,,06/25/2018 12:20:00 PM,30,NO CONTROLS,NO CONTROLS,CLEAR,DAYLIGHT,SIDESWIPE SAME DIRECTION,NOT DIVIDED,4,STRAIGHT AND LEVEL,DRY,NO DEFECTS,NOT ON SCENE (DESK REPORT),NO INJURY / DRIVE AWAY,,,,"OVER $1,500",06/25/2018 01:53:00 PM,IMPROPER OVERTAKING/PASSING,NOT APPLICABLE,3560,N,CICERO AVE,1634.0,,,,,,,2,NO INDICATION OF INJURY,0.0,0.0,0.0,0.0,0.0,3.0,0.0,12,2,6,41.9460753313,-87.747208588,POINT (-87.74720858803 41.946075331254)
38a1d002f2a7460a1025fcd602d3bc2eab7288988805f478502ccff4d4473d2233564d6da99a5b4c79a0697a743383fad61b208dc45f8b311e9720a2546bad5a,,10/06/2025 10:00:00 AM,30,NO CONTROLS,NO CONTROLS,CLEAR,DAYLIGHT,PARKED MOTOR VEHICLE,NOT DIVIDED,,STRAIGHT AND LEVEL,DRY,NO DEFECTS,ON SCENE,NO INJURY / DRIVE AWAY,,,,"OVER $1,500",10/06/2025 10:16:00 AM,UNABLE TO DETERMINE,UNABLE TO DETERMINE,2500,W,PETERSON AVE,2413.0,,,,,,,2,NO INDICATION OF INJURY,0.0,0.0,0.0,0.0,0.0,1.0,0.0,10,2,10,41.9905932137,-87.6921619627,POINT (-87.692161962657 41.99059321365)
6507d24e47eff660e877f7e2061626c29db5b2e538635df3392538e70996ef4c7166a99ec7e047d731e1c54f31eb6080e7222d893724a3b3f105b5f72627919e,,11/28/2024 12:30:00 AM,30,NO CONTROLS,UNKNOWN,CLEAR,DARKNESS,PARKED MOTOR VEHICLE,PARKING LOT,,STRAIGHT AND LEVEL,DRY,NO DEFECTS,NOT ON SCENE (DESK REPORT),NO INJURY / DRIVE AWAY,,,Y,"OVER $1,500",11/28/2024 12:55:00 AM,IMPROPER BACKING,NOT APPLICABLE,3942,W,ROOSEVELT RD,1132.0,,,,,,,2,NO INDICATION OF INJURY,0.0,0.0,0.0,0.0,0.0,1.0,0.0,0,5,11,41.8662917835,-87.7244831487,POINT (-87.724483148745 41.86629178355)
93c863a506c2f2ed4ea86a4cd398edef1a906950df349208f3a0c7c31ae4ffb29d611671b4ea409b135e0ac2032bbaf0e5401db7d6dc9946c02ecfd01f5be660,,04/20/2021 08:30:00 AM,30,TRAFFIC SIGNAL,FUNCTIONING PROPERLY,CLEAR,DAYLIGHT,REAR END,NOT DIVIDED,,STRAIGHT AND LEVEL,DRY,NO DEFECTS,NOT ON SCENE (DESK REPORT),NO INJURY / DRIVE AWAY,,,,"$501 - $1,500",04/20/2021 08:40:00 AM,FOLLOWING TOO CLOSELY,DISTRACTION - FROM INSIDE VEHICLE,808,W,87TH ST,613.0,,,,,,,2,NO INDICATION OF INJURY,0.0,0.0,0.0,0.0,0.0,2.0,0.0,8,3,4,41.7361777076,-87.6440663487,POINT (-87.644066348654 41.736177707595)
aee3eb8f2f7d1effb83b3d706ab87989f28f37472d7be88462fb7a1ec1d930359899e0db5d8c597ebc440766395f89b06a4138aaacab03fb6923171ff7b820b1,,05/16/2020 05:00:00 PM,30,NO CONTROLS,NO CONTROLS,CLEAR,"DARKNESS, LIGHTED ROAD",PARKED MOTOR VEHICLE,NOT DIVIDED,,STRAIGHT AND LEVEL,DRY,NO DEFECTS,NOT ON SCENE (DESK REPORT),NO INJURY / DRIVE AWAY,,,Y,"$501 - $1,500",05/18/2020 12:30:00 PM,UNABLE TO DETERMINE,UNABLE TO DETERMINE,241,W,105TH PL,512.0,,,,,,,2,NO INDICATION OF INJURY,0.0,0.0,0.0,0.0,0.0,1.0,0.0,17,7,5,41.7024185003,-87.6297693425,POINT (-87.629769342538 41.702418500312)
d906a43953c1e875facb1034610f94d307531b6197cbd35fa32673910c54f8c75531a63525579c415daaacd26e799e558036ea084804dca8e28801545417a42a,,11/12/2017 03:00:00 PM,30,TRAFFIC SIGNAL,FUNCTIONING PROPERLY,RAIN,DAYLIGHT,TURNING,NOT DIVIDED,2,STRAIGHT AND LEVEL,WET,NO DEFECTS,NOT ON SCENE (DESK REPORT),NO INJURY / DRIVE AWAY,Y,,,"$501 - $1,500",11/12/2017 03:40:00 PM,FAILING TO YIELD RIGHT-OF-WAY,FAILING TO REDUCE SPEED TO AVOID CRASH,2125,N,CENTRAL AVE,2515.0,,,,,,,2,NO INDICATION OF INJURY,0.0,0.0,0.0,0.0,0.0,3.0,0.0,15,1,11,41.9188860815,-87.7652661602,POINT (-87.765266160193 41.918886081471)
1609968464452670e2a86761f6506facd070a8ec24c620754b2a73f1de3022f83ba943227764d197baf33046bd384a425a5ef339792433ef45300416a3b313fa,,02/19/2018 09:43:00 PM,35,NO CONTROLS,NO CONTROLS,RAIN,"DARKNESS, LIGHTED ROAD",FIXED OBJECT,DIVIDED - W/MEDIAN BARRIER,4,STRAIGHT AND LEVEL,WET,NO DEFECTS,ON SCENE,INJURY AND / OR TOW DUE TO CRASH,,,,"OVER $1,500",02/19/2018 09:55:00 PM,UNDER THE INFLUENCE OF ALCOHOL/DRUGS (USE WHEN ARREST IS EFFECTED),FAILING TO REDUCE SPEED TO AVOID CRASH,2337,E,87TH ST,412.0,,,,,,,1,NO INDICATION OF INJURY,0.0,0.0,0.0,0.0,0.0,1.0,0.0,21,2,2,41.7370730888,-87.5667532485,POINT (-87.56675324849 41.737073088797)
2e8b2b33c0003f201044ea6fee52f2f48c286fdaedc3bd9733f317b9271e07e709c7e75e351baf6f50d9efbca006a838139a21e19f49b82787ec8e0f267b076d,,08/23/2018 08:20:00 PM,25,NO CONTROLS,NO CONTROLS,CLEAR,"DARKNESS, LIGHTED ROAD",PEDESTRIAN,NOT DIVIDED,1,STRAIGHT AND LEVEL,DRY,NO DEFECTS,ON SCENE,INJURY AND / OR TOW DUE TO CRASH,Y,,Y,$500 OR LESS,08/23/2018 08:44:00 PM,"OPERATING VEHICLE IN ERRATIC, RECKLESS, CARELESS, NEGLIGENT OR AGGRESSIVE MANNER","OPERATING VEHICLE IN ERRATIC, RECKLESS, CARELESS, NEGLIGENT OR AGGRESSIVE MANNER",5858,S,TRIPP AVE,813.0,,,,,,,2,NONINCAPACITATING INJURY,1.0,0.0,0.0,1.0,0.0,1.0,0.0,20,5,8,41.7859658928,-87.7292192993,POINT (-87.729219299266 41.785965892838)