CRASH_RECORD_ID,CRASH_DATE_EST_I,CRASH_DATE,POSTED_SPEED_LIMIT,TRAFFIC_CONTROL_DEVICE,DEVICE_CONDITION,WEATHER_CONDITION,LIGHTING_CONDITION,FIRST_CRASH_TYPE,TRAFFICWAY_TYPE,LANE_CNT,ALIGNMENT,ROADWAY_SURFACE_COND,ROAD_DEFECT,REPORT_TYPE,CRASH_TYPE,INTERSECTION_RELATED_I,NOT_RIGHT_OF_WAY_I,HIT_AND_RUN_I,DAMAGE,DATE_POLICE_NOTIFIED,PRIM_CONTRIBUTORY_CAUSE,SEC_CONTRIBUTORY_CAUSE,STREET_NO,STREET_DIRECTION,STREET_NAME,BEAT_OF_OCCURRENCE,PHOTOS_TAKEN_I,STATEMENTS_TAKEN_I,DOORING_I,WORK_ZONE_I,WORK_ZONE_TYPE,WORKERS_PRESENT_I,NUM_UNITS,MOST_SEVERE_INJURY,INJURIES_TOTAL,INJURIES_FATAL,INJURIES_INCAPACITATING,INJURIES_NON_INCAPACITATING,INJURIES_REPORTED_NOT_EVIDENT,INJURIES_NO_INDICATION,INJURIES_UNKNOWN,CRASH_HOUR,CRASH_DAY_OF_WEEK,CRASH_MONTH,LATITUDE,LONGITUDE,LOCATION
693585d5b84d15424a7b60d183e360fbcbfd9d10128c119c8517513147686b76ee2936263bc8dc22c2a4ff833decbf69e3a9fb3d47eed43e94e170e41f0e2844,,08/15/2019 10:40:00 AM,25,NO CONTROLS,NO CONTROLS,CLEAR,DAYLIGHT,PARKED MOTOR VEHICLE,NOT DIVIDED,,STRAIGHT AND LEVEL,DRY,NO DEFECTS,NOT ON SCENE (DESK REPORT),NO INJURY / DRIVE AWAY,,,,"OVER $1,500",08/15/2019 01:00:00 PM,UNABLE TO DETERMINE,UNABLE TO DETERMINE,4811,N,CENTRAL PARK AVE,1712.0,,,,,,,2,NO INDICATION OF INJURY,0.0,0.0,0.0,0.0,0.0,1.0,0.0,10,5,8,41.9687238879,-87.7181178209,POINT (-87.718117820904 41.968723887913)
ee2a43b9272bf371add04ccee44d444e3c3d22fc618acc0e244f3b789d7bc6a6d85e12dfd33979f73a11f51fccb036d0cf495c1aeeb2494e74af461c494899ed,,06/16/2018 07:18:00 PM,35,NO CONTROLS,NO CONTROLS,CLEAR,DAYLIGHT,REAR END,DIVIDED - W/MEDIAN BARRIER,8,STRAIGHT AND LEVEL,DRY,NO DEFECTS,ON SCENE,NO INJURY / DRIVE AWAY,,,,"OVER $1,500",06/16/2018 07:40:00 PM,FAILING TO REDUCE SPEED TO AVOID CRASH,FOLLOWING TOO CLOSELY,500,S,LAKE SHORE DR SB,114.0,,,,,,,3,NO INDICATION OF INJURY,0.0,0.0,0.0,0.0,0.0,3.0,0.0,19,7,6,41.8757562552,-87.6175156798,POINT (-87.617515679751 41.875756255241)
cff7f5827e7e48123021aee12780fb8a4257ad0a176256727c4eb96c636f7ba24e540ddddd5a0eea7832b3c495ba9b05df8ceb53fb1a1fea837cb1fe2c66a54d,,05/06/2025 11:10:00 PM,30,NO CONTROLS,NO CONTROLS,CLEAR,"DARKNESS, LIGHTED ROAD",SIDESWIPE SAME DIRECTION,DIVIDED - W/MEDIAN BARRIER,,STRAIGHT AND LEVEL,DRY,UNKNOWN,ON SCENE,NO INJURY / DRIVE AWAY,,,,"OVER $1,500",05/06/2025 11:15:00 PM,UNABLE TO DETERMINE,UNABLE TO DETERMINE,11600,W,IRVING PARK RD,1654.0,,,,,,,2,NO INDICATION OF INJURY,0.0,0.0,0.0,0.0,0.0,2.0,0.0,23,3,5,41.9537660771,-87.9141970727,POINT (-87.914197072743 41.953766077129)
70aaa8f0f701baea6364ea458c7cb0c450f506af36703b294068576704aed08c1305aa00261df8ea2c7d706fc57a221d340bbf5228e096e54d73263314f567bb,,03/16/2023 08:10:00 AM,30,UNKNOWN,UNKNOWN,UNKNOWN,UNKNOWN,TURNING,UNKNOWN INTERSECTION TYPE,,STRAIGHT AND LEVEL,UNKNOWN,UNKNOWN,NOT ON SCENE (DESK REPORT),NO INJURY / DRIVE AWAY,,,,"OVER $1,500",03/16/2023 05:30:00 PM,FAILING TO YIELD RIGHT-OF-WAY,NOT APPLICABLE,2924,N,CENTRAL PARK AVE,2523.0,,,,,,,2,NO INDICATION OF INJURY,0.0,0.0,0.0,0.0,0.0,2.0,0.0,8,5,3,41.9345531755,-87.7174071457,POINT (-87.717407145651 41.934553175487)
4f0ac1499c26bb293e4d6cbff38252354212d14581e5e98b4e8dd8a647717284098c75a35781ababe1e0b91da6af19d4e1b63a08890f57178c14903b1684d7c0,,11/10/2025 09:13:00 AM,30,NO CONTROLS,NO CONTROLS,SNOW,DAYLIGHT,FIXED OBJECT,NOT DIVIDED,,STRAIGHT AND LEVEL,SNOW OR SLUSH,NO DEFECTS,ON SCENE,NO INJURY / DRIVE AWAY,,,,"OVER $1,500",11/10/2025 09:13:00 AM,UNABLE TO DETERMINE,NOT APPLICABLE,7750,N,SHERIDAN RD,2422.0,,,,,,,1,NO INDICATION OF INJURY,0.0,0.0,0.0,0.0,0.0,2.0,0.0,9,2,11,42.0225803453,-87.6665553548,POINT (-87.666555354848 42.022580345275)
18f065af55581382ef1d4f30c9717d8bfad31f17d061fae4a2e06dff26a531904fab977ca36854b23f98ab369851c2986e8ad37b555faafde0e662ad5f611523,,04/30/2022 02:45:00 AM,30,TRAFFIC SIGNAL,FUNCTIONING PROPERLY,RAIN,"DARKNESS, LIGHTED ROAD",ANGLE,DIVIDED - W/MEDIAN (NOT RAISED),,STRAIGHT AND LEVEL,WET,NO DEFECTS,NOT ON SCENE (DESK REPORT),NO INJURY / DRIVE AWAY,,,,"OVER $1,500",05/01/2022 05:30:00 PM,UNABLE TO DETERMINE,UNABLE TO DETERMINE,600,N,LA SALLE DR,1832.0,,,,,,,2,NO INDICATION OF INJURY,0.0,0.0,0.0,0.0,0.0,2.0,0.0,2,7,4,41.8924452824,-87.6327553744,POINT (-87.632755374411 41.892445282365)
32844c9ecc5ec906f59c6b8795a47b4dfac16bfeed2ab5efa08b1dcc76a24c6beedfe43c588dca406b6c5dfb38519859c8c66bd55f7e7c2b8019b95d961e6aad,,09/12/2018 07:50:00 AM,25,TRAFFIC SIGNAL,FUNCTIONING PROPERLY,CLEAR,DAYLIGHT,REAR END,NOT DIVIDED,,STRAIGHT AND LEVEL,DRY,NO DEFECTS,ON SCENE,NO INJURY / DRIVE AWAY,,,,"OVER $1,500",09/12/2018 07:58:00 AM,FOLLOWING TOO CLOSELY,FAILING TO REDUCE SPEED TO AVOID CRASH,9500,S,LAFAYETTE AVE,511.0,,,,,,,2,NO INDICATION OF INJURY,0.0,0.0,0.0,0.0,0.0,2.0,0.0,7,4,9,41.7215662926,-87.6251695177,POINT (-87.625169517699 41.721566292573)
f2c7e288bb3df55ef06ea8ea8381231f7ed97bd61e7f9dc2c268150e37c84e4030abc9ef274e04bb6cb916d4b1a9e4b14c6c6a50ae937049d74a8307761bda6a,,01/09/2018 05:22:00 PM,30,NO CONTROLS,NO CONTROLS,UNKNOWN,UNKNOWN,REAR END,ONE-WAY,,STRAIGHT AND LEVEL,UNKNOWN,UNKNOWN,NOT ON SCENE (DESK REPORT),INJURY AND / OR TOW DUE TO CRASH,,,Y,$500 OR LESS,01/09/2018 06:53:00 PM,UNABLE TO DETERMINE,NOT APPLICABLE,4521,W,MAYPOLE AVE,1113.0,,,,,,,2,"REPORTED, NOT EVIDENT",1.0,0.0,0.0,0.0,1.0,1.0,0.0,17,3,1,41.8844171491,-87.739063335,POINT (-87.739063334974 41.884417149059)
6de5afbfdac64662575a85bd9f2f2ad6b19c9bb77fbc64022f5f07e34e78b72d2664a10a97bfa7a22df05c0fbbbcf16059bbecc247af62e6e47729b342c12a59,,12/11/2022 04:50:00 PM,20,NO CONTROLS,NO CONTROLS,CLEAR,"DARKNESS, LIGHTED ROAD",REAR END,NOT DIVIDED,,STRAIGHT AND LEVEL,DRY,NO DEFECTS,,NO INJURY / DRIVE AWAY,,,,"OVER $1,500",12/11/2022 05:10:00 PM,UNABLE TO DETERMINE,UNABLE TO DETERMINE,11618,S,MARSHFIELD AVE,2234.0,,,,,,,2,NO INDICATION OF INJURY,0.0,0.0,0.0,0.0,0.0,2.0,0.0,16,1,12,41.6824149465,-87.6627565545,POINT (-87.662756554549 41.68241494649)
b88b5c1e5b684ecdf0ebc62b3ba110f7efd373a71904b0f16c11fbc4774363f6d5e138b3a3632e9e1e6456f495a54784aa22a38f3be5adcd2d103e92c51a96da,,08/22/2025 03:00:00 PM,30,TRAFFIC SIGNAL,NO CONTROLS,CLEAR,DAYLIGHT,TURNING,DIVIDED - W/MEDIAN (NOT RAISED),,STRAIGHT AND LEVEL,DRY,NO DEFECTS,NOT ON SCENE (DESK REPORT),NO INJURY / DRIVE AWAY,,,,"$501 - $1,500",08/22/2025 07:10:00 PM,IMPROPER OVERTAKING/PASSING,NOT APPLICABLE,1800,S,RUBLE ST,1235.0,,,,,,,2,NO INDICATION OF INJURY,0.0,0.0,0.0,0.0,0.0,2.0,0.0,15,6,8,41.8575477459,-87.6439260927,POINT (-87.643926092669 41.857547745949)
296df0d0e79870167b47eaa4b1713e5d0f62820de6d68ac9e9d73d7f7cf8f643562b2a82cab15866d8b6a8084d11bce1691f793c3d7906422e866069f2e218c5,,02/17/2020 11:35:00 PM,30,STOP SIGN/FLASHER,FUNCTIONING PROPERLY,RAIN,"DARKNESS, LIGHTED ROAD",FIXED OBJECT,UNKNOWN,,STRAIGHT AND LEVEL,WET,NO DEFECTS,ON SCENE,INJURY AND / OR TOW DUE TO CRASH,,Y,,"OVER $1,500",02/17/2020 11:40:00 PM,UNABLE TO DETERMINE,UNABLE TO DETERMINE,124,W,POLK ST,123.0,,,,,,,1,NONINCAPACITATING INJURY,1.0,0.0,0.0,1.0,0.0,1.0,0.0,23,2,2,41.8722942388,-87.6314421982,POINT (-87.631442198208 41.87229423885)
a7f5dcd8ae01171103b8eefb905b826e9d83fecbbddeb96aae6776d222a02625830a6456e93017868e3df18bf17e74016800d1daac82cd792b8c10cb562b744e,,12/27/2017 01:10:00 PM,30,TRAFFIC SIGNAL,FUNCTIONING PROPERLY,CLEAR,DAYLIGHT,TURNING,DIVIDED - W/MEDIAN BARRIER,0,STRAIGHT AND LEVEL,OTHER,NO DEFECTS,NOT ON SCENE (DESK REPORT),NO INJURY / DRIVE AWAY,Y,,,"OVER $1,500",12/27/2017 01:40:00 PM,UNABLE TO DETERMINE,NOT APPLICABLE,1400,N,ASHLAND AVE,1433.0,,,,,,,2,NO INDICATION OF INJURY,0.0,0.0,0.0,0.0,0.0,4.0,0.0,13,4,12,41.9070344812,-87.6677379022,POINT (-87.667737902188 41.907034481167)
0d5a993c5b05259e18805fd7905c0c8d76350e12d91018620e9bbde39f80528e1a97068a05b83e813aa95caaa98dee036a4ebb225820c3a109c6d6ddc8b066aa,,09/27/2022 02:50:00 PM,15,NO CONTROLS,NO CONTROLS,CLEAR,DAYLIGHT,PARKED MOTOR VEHICLE,PARKING LOT,,STRAIGHT AND LEVEL,DRY,NO DEFECTS,NOT ON SCENE (DESK REPORT),NO INJURY / DRIVE AWAY,,,Y,"OVER $1,500",09/28/2022 03:45:00 PM,UNABLE TO DETERMINE,UNABLE TO DETERMINE,1934,W,CERMAK RD,1234.0,,,,,,,2,NO INDICATION OF INJURY,0.0,0.0,0.0,0.0,0.0,1.0,0.0,14,3,9,41.8523012536,-87.6748080883,POINT (-87.674808088295 41.852301253627)
a226fa6ed75c6d2d6298bfa8fec89dacdedf14f85b9131145a07dc297720bd650afca8d69bade442fd57b4abe9aadeae89f66bf73b122346b8f10b4e25bddbf2,,11/01/2023 08:20:00 AM,25,TRAFFIC SIGNAL,FUNCTIONING PROPERLY,CLEAR,DAYLIGHT,REAR END,DIVIDED - W/MEDIAN BARRIER,,STRAIGHT AND LEVEL,DRY,NO DEFECTS,NOT ON SCENE (DESK REPORT),NO INJURY / DRIVE AWAY,,,,"OVER $1,500",11/01/2023 09:00:00 AM,EQUIPMENT - VEHICLE CONDITION,NOT APPLICABLE,3600,W,OGDEN AVE,1014.0,,,,,,,3,NO INDICATION OF INJURY,0.0,0.0,0.0,0.0,0.0,3.0,0.0,8,4,11,41.8546457019,-87.7152062518,POINT (-87.715206251845 41.854645701934)
864ba78a041ec6a3e3a7e1d3663658c772489064f1c0a86e632d1693821624c36e59301c3d812ab27289611ae75dd49716ff87a5a9492acfddfed3812080a576,,04/16/2025 12:13:00 PM,30,NO CONTROLS,NO CONTROLS,CLEAR,DAYLIGHT,REAR END,DIVIDED - W/MEDIAN (NOT RAISED),,STRAIGHT AND LEVEL,DRY,UNKNOWN,ON SCENE,INJURY AND / OR TOW DUE TO CRASH,,,,$500 OR LESS,04/16/2025 12:13:00 PM,FOLLOWING TOO CLOSELY,UNABLE TO DETERMINE,206,W,79TH ST,623.0,,,,,,,2,NONINCAPACITATING INJURY,1.0,0.0,0.0,1.0,0.0,1.0,0.0,12,4,4,41.7509694693,-87.6297993047,POINT (-87.629799304734 41.750969469287)
2eb79ce0e45653e484a63bc75642c080407de43f34a172f57596f6e6712b462569ecd956d00557c911e49b1de215fb0c1de038f1f2626b60350d096dd9c83010,,12/05/2020 08:00:00 PM,30,TRAFFIC SIGNAL,NO CONTROLS,CLEAR,"DARKNESS, LIGHTED ROAD",REAR TO FRONT,DIVIDED - W/MEDIAN BARRIER,,STRAIGHT AND LEVEL,DRY,NO DEFECTS,ON SCENE,NO INJURY / DRIVE AWAY,Y,,,$500 OR LESS,12/05/2020 08:15:00 PM,IMPROPER BACKING,NOT APPLICABLE,101,N,MICHIGAN AVE,114.0,,,,,,,2,NO INDICATION OF INJURY,0.0,0.0,0.0,0.0,0.0,3.0,0.0,20,7,12,41.8832966232,-87.624255795,POINT (-87.624255795047 41.883296623179)
a7be0f5f626913c2c83ac7280de43a498cc53eb0a0937431b6d8d607f2f6f105520c6b793aebe4f7b7b5eed3a406bd5be078112e6e791d34b234ea641012999b,,02/07/2022 08:00:00 AM,30,NO CONTROLS,NO CONTROLS,CLEAR,DAYLIGHT,TURNING,NOT DIVIDED,,STRAIGHT AND LEVEL,DRY,NO DEFECTS,NOT ON SCENE (DESK REPORT),NO INJURY / DRIVE AWAY,,,,"$501 - $1,500",02/07/2022 10:30:00 AM,FAILING TO YIELD RIGHT-OF-WAY,NOT APPLICABLE,5051,W,GRAND AVE,2533.0,,,,,,,2,NO INDICATION OF INJURY,0.0,0.0,0.0,0.0,0.0,3.0,0.0,8,2,2,41.9165214976,-87.752893306,POINT (-87.752893305969 41.916521497595)
bff93ba5e98cef317a9db6d54d68c82e9ef30e6ce87ce57442194e465182691b7bbc153d260a94c3b0e758a35cd1b3bd467eae85f28fcc8e9d9434e8cc08141f,,12/09/2023 04:40:00 AM,30,STOP SIGN/FLASHER,FUNCTIONING PROPERLY,RAIN,"DARKNESS, LIGHTED ROAD",PARKED MOTOR VEHICLE,NOT DIVIDED,,STRAIGHT AND LEVEL,WET,NO DEFECTS,ON SCENE,INJURY AND / OR TOW DUE TO CRASH,,,Y,"OVER $1,500",12/09/2023 06:45:00 AM,UNABLE TO DETERMINE,DRIVING SKILLS/KNOWLEDGE/EXPERIENCE,6411,S,SPAULDING AVE,823.0,,,,,,,5,NO INDICATION OF INJURY,0.0,0.0,0.0,0.0,0.0,1.0,0.0,4,7,12,41.7767169387,-87.7053596215,POINT (-87.705359621529 41.776716938672)
37616f7c7ffeab525deeebd3e8eace261c7a20a48e90798ebacf4653062a720b424de45da538afa2c3a2009b57b4e61a9ca6128245a52cf92d8f51a5edcef005,,10/06/2020 05:45:00 PM,30,NO CONTROLS,NO CONTROLS,CLEAR,DAYLIGHT,PEDALCYCLIST,NOT DIVIDED,,STRAIGHT AND LEVEL,DRY,NO DEFECTS,ON SCENE,NO INJURY / DRIVE AWAY,,,,"OVER $1,500",10/06/2020 05:48:00 PM,FAILING TO YIELD RIGHT-OF-WAY,DRIVING SKILLS/KNOWLEDGE/EXPERIENCE,4027,W,DIVERSEY AVE,2524.0,,,Y,,,,2,NO INDICATION OF INJURY,0.0,0.0,0.0,0.0,0.0,2.0,0.0,17,3,10,41.9316640173,-87.7280865107,POINT (-87.728086510723 41.931664017314)
fd991f79045d1bc68b723d4171b34b60b8ee715f6abf963029631fce170f9ddd06e3ec9da929fa19089985f2fdc6a96a73202a589d0f602d59f8afc16f53faa3,,12/28/2018 10:40:00 PM,30,NO CONTROLS,NO CONTROLS,SNOW,"DARKNESS, LIGHTED ROAD",HEAD ON,ONE-WAY,2,STRAIGHT AND LEVEL,SNOW OR SLUSH,NO DEFECTS,ON SCENE,INJURY AND / OR TOW DUE TO CRASH,,,Y,"OVER $1,500",12/28/2018 10:40:00 PM,FAILING TO REDUCE SPEED TO AVOID CRASH,IMPROPER LANE USAGE,1764,W,GRANVILLE AVE,2433.0,,,,,,,3,NO INDICATION OF INJURY,0.0,0.0,0.0,0.0,0.0,3.0,0.0,22,6,12,41.9944723248,-87.6744294213,POINT (-87.674429421273 41.994472324822)
4fc920dd198267927d845a68dc8f4c134921f763fd4aac7f6c481f7f30822edd5d2b31f6315cc6a03156e33a8092e46ad8f640c348343893fa2b21c4a83d7955,,05/10/2023 07:30:00 PM,30,TRAFFIC SIGNAL,FUNCTIONING PROPERLY,CLEAR,DUSK,REAR END,NOT DIVIDED,,STRAIGHT AND LEVEL,DRY,NO DEFECTS,NOT ON SCENE (DESK REPORT),NO INJURY / DRIVE AWAY,,,,"OVER $1,500",05/11/2023 10:00:00 AM,UNABLE TO DETERMINE,NOT APPLICABLE,9200,S,DR MARTIN LUTHER KING JR DR,633.0,,,,,,,2,NO INDICATION OF INJURY,0.0,0.0,0.0,0.0,0.0,2.0,0.0,19,4,5,41.7268623179,-87.6144176301,POINT (-87.614417630113 41.726862317879)
9301ebb641ef10bacf8729a7aa7f7ca72390bf0dda00468b89824e9fb52706c1aab0f01c0ec950796fc206b67c0512f6b31fb9bcd042355705612a56cffd4ecd,,01/06/2025 03:30:00 PM,30,NO CONTROLS,NO CONTROLS,CLEAR,"DARKNESS, LIGHTED ROAD",PARKED MOTOR VEHICLE,NOT DIVIDED,,STRAIGHT AND LEVEL,WET,UNKNOWN,NOT ON SCENE (DESK REPORT),NO INJURY / DRIVE AWAY,,,Y,"OVER $1,500",01/07/2025 08:30:00 AM,UNABLE TO DETERMINE,UNABLE TO DETERMINE,2837,W,44TH ST,922.0,Y,,,,,,2,NO INDICATION OF INJURY,0.0,0.0,0.0,0.0,0.0,1.0,0.0,15,2,1,41.8135958632,-87.6959110772,POINT (-87.695911077194 41.813595863193)
bb0f7afdb9bd27d7c0d6c6eec9e1b106aaca4eee477313856b6040f48f00a62df4d19ce25ad320c6a6dc55df25e5916d7bbff41d7cb8c801c9dea828c994649f,Y,05/14/2021 03:50:00 PM,15,NO CONTROLS,NO CONTROLS,CLEAR,DAYLIGHT,TURNING,PARKING LOT,,STRAIGHT AND LEVEL,DRY,NO DEFECTS,ON SCENE,NO INJURY / DRIVE AWAY,,,,"$501 - $1,500",05/14/2021 04:01:00 PM,UNABLE TO DETERMINE,UNABLE TO DETERMINE,112,W,87TH ST,622.0,,,,,,,2,NO INDICATION OF INJURY,0.0,0.0,0.0,0.0,0.0,2.0,0.0,15,6,5,41.7363800456,-87.627509219,POINT (-87.627509219026 41.736380045588)
ca4e96ce89314fd57e2b1f0010d5545dc12179434d485f25bf655db7b3af7849bd582836b52fbf50932d8230c420ea6dabd5cf9ef8951acd9594b3006d1e0026,,11/02/2023 05:43:00 PM,30,STOP SIGN/FLASHER,FUNCTIONING PROPERLY,CLEAR,"DARKNESS, LIGHTED ROAD",FIXED OBJECT,NOT DIVIDED,,STRAIGHT AND LEVEL,DRY,NO DEFECTS,ON SCENE,NO INJURY / DRIVE AWAY,,Y,,"OVER $1,500",11/02/2023 05:43:00 PM,UNABLE TO DETERMINE,UNABLE TO DETERMINE,232,W,87TH ST,622.0,,,,,,,1,NO INDICATION OF INJURY,0.0,0.0,0.0,0.0,0.0,1.0,0.0,17,5,11,41.7361549689,-87.6298451196,POINT (-87.629845119553 41.73615496893)
1a6d3d30d32fd73616c3fb58c0bfee208cd7a20ab71ce542eea83c22a2c92e18d5dcfe6841af446795b65e0c37257b4f3ef0dfc442abca8d6148dcb04af7eed6,,09/12/2024 07:30:00 AM,30,NO CONTROLS,NO CONTROLS,CLEAR,DAYLIGHT,REAR END,DIVIDED - W/MEDIAN (NOT RAISED),,STRAIGHT AND LEVEL,DRY,NO DEFECTS,NOT ON SCENE (DESK REPORT),NO INJURY / DRIVE AWAY,,,Y,"OVER $1,500",09/12/2024 10:00:00 AM,UNABLE TO DETERMINE,UNABLE TO DETERMINE,3520,N,ELSTON AVE,1733.0,,,,,,,2,NO INDICATION OF INJURY,0.0,0.0,0.0,0.0,0.0,4.0,0.0,7,5,9,41.9451639073,-87.7069207747,POINT (-87.70692077468 41.945163907302)
49ce40ab1feee4a246a00443f8944ea88a067607856bc04d924e533d4ff965b8a3ecfb8e3f227bd01f84cdb43f3458b7fc101a692da4f21a8e62cabfb95dbe44,,07/24/2022 11:00:00 AM,30,TRAFFIC SIGNAL,FUNCTIONING PROPERLY,CLEAR,DAYLIGHT,TURNING,DIVIDED - W/MEDIAN (NOT RAISED),,STRAIGHT AND LEVEL,DRY,NO DEFECTS,ON SCENE,INJURY AND / OR TOW DUE TO CRASH,Y,,,"OVER $1,500",07/24/2022 11:03:00 AM,DISREGARDING OTHER TRAFFIC SIGNS,FAILING TO YIELD RIGHT-OF-WAY,2000,S,RUBLE ST,1235.0,,,,,,,2,NONINCAPACITATING INJURY,1.0,0.0,0.0,1.0,0.0,1.0,0.0,11,1,7,41.8553318671,-87.6438883449,POINT (-87.643888344919 41.855331867068)
54869ae8b64ef3d9e847ed92cf6d9fd1f48ee2c3a62a9b1c168e5f255b7c52250175fb14e4c25d21231896bcc3449c1308bc7500f07fc86ab44ceeee9a750afb,,09/05/2019 09:00:00 PM,30,NO CONTROLS,NO CONTROLS,CLEAR,"DARKNESS, LIGHTED ROAD",REAR END,DIVIDED - W/MEDIAN BARRIER,,STRAIGHT AND LEVEL,DRY,NO DEFECTS,ON SCENE,INJURY AND / OR TOW DUE TO CRASH,,,,"OVER $1,500",09/05/2019 09:12:00 PM,FOLLOWING TOO CLOSELY,UNABLE TO DETERMINE,601,W,GRAND AVE,1214.0,,,,,,,2,NO INDICATION OF INJURY,0.0,0.0,0.0,0.0,0.0,2.0,0.0,21,5,9,41.8911443447,-87.6430694022,POINT (-87.64306940215 41.891144344664)
58eec326f5f976a0d9682a2c31b7a867744f93da123593b67e3c7621b46ca8aa76e0e386d2f526969eecfab16fc64cd4602d0955994a04c6568b83cf5b26dde0,,08/10/2018 03:11:00 PM,30,OTHER,UNKNOWN,CLEAR,DAYLIGHT,OTHER NONCOLLISION,PARKING LOT,1,STRAIGHT AND LEVEL,DRY,NO DEFECTS,NOT ON SCENE (DESK REPORT),NO INJURY / DRIVE AWAY,,Y,,"OVER $1,500",08/10/2018 07:30:00 PM,NOT APPLICABLE,NOT APPLICABLE,2800,S,CALIFORNIA AVE,1033.0,,,,,,,1,NO INDICATION OF INJURY,0.0,0.0,0.0,0.0,0.0,1.0,0.0,15,6,8,41.8411414027,-87.6952772136,POINT (-87.695277213647 41.841141402662)
72ae78a5b0703e0464a92ae219091d1e77596857bc3bf503ab7833fa8454f1399a200e99c77426d5a23f5d7e1de2d7f0f702718ae587b400174351dced0628ea,,10/04/2024 09:00:00 PM,20,NO CONTROLS,NO CONTROLS,CLEAR,"DARKNESS, LIGHTED ROAD",SIDESWIPE OPPOSITE DIRECTION,ALLEY,,STRAIGHT AND LEVEL,DRY,NO DEFECTS,NOT ON SCENE (DESK REPORT),NO INJURY / DRIVE AWAY,,,Y,"OVER $1,500",10/06/2024 11:50:00 AM,UNABLE TO DETERMINE,NOT APPLICABLE,5053,W,SUPERIOR ST,1531.0,,,,,,,2,NO INDICATION OF INJURY,0.0,0.0,0.0,0.0,0.0,3.0,0.0,21,6,10,41.8938884188,-87.7527683198,POINT (-87.752768319839 41.893888418752)
c2919ca23d9ff0d57aa78d5f5790e4e717a7429311f858520b5a94de602d443f830ccf21b6139beecd49700c4732e5703aab8db9533c84a624c894b69dbb25ed,,06/21/2025 12:30:00 PM,20,NO CONTROLS,NO CONTROLS,CLEAR,DAYLIGHT,FIXED OBJECT,UNKNOWN,,STRAIGHT AND LEVEL,DRY,NO DEFECTS,NOT ON SCENE (DESK REPORT),NO INJURY / DRIVE AWAY,,Y,,"OVER $1,500",06/23/2025 06:53:00 PM,IMPROPER BACKING,NOT APPLICABLE,200,E,ILLINOIS ST,1834.0,,,,,,,1,NO INDICATION OF INJURY,0.0,0.0,0.0,0.0,0.0,1.0,0.0,12,7,6,41.8910698573,-87.6226193997,POINT (-87.622619399716 41.891069857341)
5e206421f9c6dff9fa892670821230cad92745ea1daf679626f32e2a954613585d7399d8fe2fb610e02658fa78108cb0699c7e8ae6881b03418c99777502256c,,11/28/2020 11:00:00 AM,30,NO CONTROLS,NO CONTROLS,CLEAR,DAYLIGHT,REAR END,PARKING LOT,,STRAIGHT AND LEVEL,OTHER,OTHER,NOT ON SCENE (DESK REPORT),NO INJURY / DRIVE AWAY,,Y,,"OVER $1,500",11/28/2020 11:45:00 AM,FOLLOWING TOO CLOSELY,FAILING TO YIELD RIGHT-OF-WAY,2407,W,23RD ST,1034.0,,,,,,,2,NO INDICATION OF INJURY,0.0,0.0,0.0,0.0,0.0,2.0,0.0,11,7,11,41.8501003098,-87.6859142948,POINT (-87.685914294757 41.850100309813)
808401dcd011842d2888756089879af4171a6281f1cee08592274402285bab01f68edf562ce9cd08bd7b540c12b1c2a0f6112155f8582c8df74add30baac2dbf,,12/30/2020 10:43:00 AM,35,NO CONTROLS,NO CONTROLS,SNOW,DAYLIGHT,SIDESWIPE SAME DIRECTION,NOT DIVIDED,,STRAIGHT AND LEVEL,WET,NO DEFECTS,ON SCENE,NO INJURY / DRIVE AWAY,,,Y,"$501 - $1,500",12/30/2020 11:00:00 AM,NOT APPLICABLE,IMPROPER LANE USAGE,6725,N,RIDGE BLVD,2432.0,,,,,,,2,NO INDICATION OF INJURY,0.0,0.0,0.0,0.0,0.0,2.0,0.0,10,4,12,42.0040593202,-87.6794887514,POINT (-87.679488751416 42.00405932024)
378df2ed2d87bef9f52fc6be3febfc8b4fa6f82dd19fd66323c5c2518a5ab182b1e5fcd165617474567607ae5278e8f79f3eba3fc0121b80894799b0c1777f9e,,10/21/2025 06:00:00 AM,30,NO CONTROLS,NO CONTROLS,CLEAR,DAWN,TURNING,DRIVEWAY,,STRAIGHT AND LEVEL,UNKNOWN,UNKNOWN,NOT ON SCENE (DESK REPORT),NO INJURY / DRIVE AWAY,,,,"OVER $1,500",10/21/2025 06:35:00 AM,IMPROPER BACKING,FAILING TO YIELD RIGHT-OF-WAY,3855,W,LAWRENCE AVE,1723.0,,,,,,,2,NO INDICATION OF INJURY,0.0,0.0,0.0,0.0,0.0,4.0,0.0,6,3,10,41.9681612546,-87.725377042,POINT (-87.725377041999 41.968161254639)