CRASH_RECORD_ID,CRASH_DATE_EST_I,CRASH_DATE,POSTED_SPEED_LIMIT,TRAFFIC_CONTROL_DEVICE,DEVICE_CONDITION,WEATHER_CONDITION,LIGHTING_CONDITION,FIRST_CRASH_TYPE,TRAFFICWAY_TYPE,LANE_CNT,ALIGNMENT,ROADWAY_SURFACE_COND,ROAD_DEFECT,REPORT_TYPE,CRASH_TYPE,INTERSECTION_RELATED_I,NOT_RIGHT_OF_WAY_I,HIT_AND_RUN_I,DAMAGE,DATE_POLICE_NOTIFIED,PRIM_CONTRIBUTORY_CAUSE,SEC_CONTRIBUTORY_CAUSE,STREET_NO,STREET_DIRECTION,STREET_NAME,BEAT_OF_OCCURRENCE,PHOTOS_TAKEN_I,STATEMENTS_TAKEN_I,DOORING_I,WORK_ZONE_I,WORK_ZONE_TYPE,WORKERS_PRESENT_I,NUM_UNITS,MOST_SEVERE_INJURY,INJURIES_TOTAL,INJURIES_FATAL,INJURIES_INCAPACITATING,INJURIES_NON_INCAPACITATING,INJURIES_REPORTED_NOT_EVIDENT,INJURIES_NO_INDICATION,INJURIES_UNKNOWN,CRASH_HOUR,CRASH_DAY_OF_WEEK,CRASH_MONTH,LATITUDE,LONGITUDE,LOCATION
f42df8a7b3afcc9f4f2ef667e46a8aab46a13cc9272790baf11c7f53e07fefd526560ab69f4fca26ef5163ddfdf650e9042c6487969bd8c9ec02aa92347ea542,,06/13/2018 08:33:00 PM,30,STOP SIGN/FLASHER,FUNCTIONING PROPERLY,CLEAR,"DARKNESS, LIGHTED ROAD",FIXED OBJECT,NOT DIVIDED,4,STRAIGHT AND LEVEL,DRY,NO DEFECTS,ON SCENE,INJURY AND / OR TOW DUE TO CRASH,,N,,$500 OR LESS,06/13/2018 08:35:00 PM,DRIVING SKILLS/KNOWLEDGE/EXPERIENCE,DISREGARDING STOP SIGN,6801,N,RAVENSWOOD AVE,2424.0,,,,,,,1,NONINCAPACITATING INJURY,1.0,0.0,0.0,1.0,0.0,0.0,0.0,20,4,6,42.0053725324,-87.6750870016,POINT (-87.675087001623 42.005372532414)
a32d09a6bba17dcccb722df5a87e5b46d30cbf2522df87c68ddeef499076247c29ecce08da33acfca0a815fa70b7792afc424c4b3f750d3622495e7d0ac1ef6f,,06/24/2016 02:00:00 AM,30,STOP SIGN/FLASHER,FUNCTIONING PROPERLY,CLEAR,"DARKNESS, LIGHTED ROAD",SIDESWIPE SAME DIRECTION,NOT DIVIDED,,STRAIGHT AND LEVEL,DRY,NO DEFECTS,NOT ON SCENE (DESK REPORT),INJURY AND / OR TOW DUE TO CRASH,Y,,N,"OVER $1,500",06/24/2016 10:31:00 AM,EXCEEDING AUTHORIZED SPEED LIMIT,NOT APPLICABLE,2600,N,CALIFORNIA AVE,1411.0,,,,,,,2,NONINCAPACITATING INJURY,1.0,0.0,0.0,1.0,0.0,1.0,0.0,2,6,6,41.9287882438,-87.697672173,POINT (-87.697672173033 41.9287882438)
c64e44d70b7b55a7bf48b92f52929dcbf02cf89a74cb82aa5b2578456b6abe69c4c36e9eb9a3a8b33ec5d99ec7463c543d854cbdaa3c00c246c7d2ec75c8387b,,06/16/2023 09:10:00 PM,30,TRAFFIC SIGNAL,FUNCTIONING PROPERLY,CLEAR,"DARKNESS, LIGHTED ROAD",TURNING,NOT DIVIDED,,STRAIGHT AND LEVEL,DRY,UNKNOWN,NOT ON SCENE (DESK REPORT),NO INJURY / DRIVE AWAY,,,,"OVER $1,500",06/16/2023 09:45:00 PM,UNABLE TO DETERMINE,NOT APPLICABLE,3158,W,LAWRENCE AVE,1713.0,,,,,,,2,NO INDICATION OF INJURY,0.0,0.0,0.0,0.0,0.0,4.0,0.0,21,6,6,41.9685628771,-87.7084145373,POINT (-87.708414537323 41.968562877062)
20c36103adcea2cf23c07e188a4e79675d658b2e21a06f9caebe818ab958eaeb171973f68ce876678c281d3fb4c8b70f1dc331523fb9045fcc840fc2461fef22,,01/17/2016 10:05:00 PM,25,NO CONTROLS,NO CONTROLS,CLEAR,DARKNESS,PARKED MOTOR VEHICLE,ONE-WAY,1,STRAIGHT AND LEVEL,DRY,NO DEFECTS,ON SCENE,INJURY AND / OR TOW DUE TO CRASH,,,Y,"OVER $1,500",01/17/2016 10:10:00 PM,UNABLE TO DETERMINE,UNABLE TO DETERMINE,5108,W,BELDEN AVE,2522.0,,,,,,,2,NO INDICATION OF INJURY,0.0,0.0,0.0,0.0,0.0,1.0,0.0,22,1,1,41.922417859,-87.7540128797,POINT (-87.754012879675 41.922417859044)
1307a369ea2aebe4a59e1378d43813afec3bef4840430c57bc4aeaa5b200432990294eead2d8344c1d67d3fd3ad416eff2f4308bdb75e217f05f598782bdc1a9,,01/14/2025 01:00:00 PM,30,UNKNOWN,UNKNOWN,CLEAR,DAYLIGHT,SIDESWIPE SAME DIRECTION,NOT DIVIDED,,STRAIGHT AND LEVEL,UNKNOWN,UNKNOWN,NOT ON SCENE (DESK REPORT),NO INJURY / DRIVE AWAY,Y,,,"OVER $1,500",01/14/2025 01:30:00 PM,UNABLE TO DETERMINE,UNABLE TO DETERMINE,400,W,DIVISION ST,1821.0,,,,,,,2,NO INDICATION OF INJURY,0.0,0.0,0.0,0.0,0.0,2.0,0.0,13,3,1,41.9039027427,-87.6383708862,POINT (-87.63837088624 41.903902742747)
c56fab07e6feaa3783cb6b253f3b21aa9ff972ede9d01f64931d9376a9c30ff0092756486173bddcc8f2714bc8360067eb43d2abee5421d021a15fa99a7aa0d3,,12/08/2023 07:05:00 PM,30,STOP SIGN/FLASHER,FUNCTIONING PROPERLY,CLEAR,DARKNESS,ANGLE,FOUR WAY,,STRAIGHT AND LEVEL,DRY,NO DEFECTS,ON SCENE,INJURY AND / OR TOW DUE TO CRASH,Y,,,"OVER $1,500",12/08/2023 07:12:00 PM,UNABLE TO DETERMINE,UNABLE TO DETERMINE,1200,W,WELLINGTON AVE,1933.0,,,,,,,2,NO INDICATION OF INJURY,0.0,0.0,0.0,0.0,0.0,2.0,0.0,19,6,12,41.9363045601,-87.6589625968,POINT (-87.658962596834 41.936304560064)
e537ee5889c88feb7d95e2fa29e5a6812b2d70efc6538cd36126dd95b543650db49989dc82609a049f510be5a1681fbf7ccc070b9d585f04cf9e17704a85b7b4,,02/12/2019 07:15:00 AM,30,NO CONTROLS,UNKNOWN,SNOW,DAYLIGHT,REAR END,DIVIDED - W/MEDIAN BARRIER,4,STRAIGHT AND LEVEL,WET,NO DEFECTS,NOT ON SCENE (DESK REPORT),NO INJURY / DRIVE AWAY,,,Y,"OVER $1,500",02/12/2019 02:20:00 PM,FOLLOWING TOO CLOSELY,WEATHER,2101,E,103RD ST,434.0,,,,,,,2,NO INDICATION OF INJURY,0.0,0.0,0.0,0.0,0.0,2.0,0.0,7,3,2,41.7078535573,-87.5738566634,POINT (-87.573856663416 41.707853557303)
e49fc222589061596678c1daa150ea3cbe78f7a79f5f35f6c4af7685a3969c5571934b061fc53bab6526b0b635df8724e43a2c84f49fff05e52afd3c8f9326ae,,05/28/2019 02:00:00 AM,30,UNKNOWN,UNKNOWN,UNKNOWN,"DARKNESS, LIGHTED ROAD",OTHER NONCOLLISION,OTHER,,STRAIGHT AND LEVEL,UNKNOWN,UNKNOWN,NOT ON SCENE (DESK REPORT),NO INJURY / DRIVE AWAY,,,,$500 OR LESS,05/29/2019 05:45:00 PM,ROAD ENGINEERING/SURFACE/MARKING DEFECTS,ROAD ENGINEERING/SURFACE/MARKING DEFECTS,7140,S,DR MARTIN LUTHER KING JR DR,323.0,,,,,,,1,NO INDICATION OF INJURY,0.0,0.0,0.0,0.0,0.0,1.0,0.0,2,3,5,41.7644844227,-87.6154043261,POINT (-87.615404326063 41.76448442271)
23a3a7d65bffb2ac1a464461ebed3361ce13f555847c395b8dedb0b58def380b34388cb149f367e74e607c5666c68631ed1eaf60fb3a3aaba9586292810cb0fa,,06/18/2024 12:00:00 PM,30,NO CONTROLS,NO CONTROLS,CLEAR,DAYLIGHT,PARKED MOTOR VEHICLE,DIVIDED - W/MEDIAN (NOT RAISED),,STRAIGHT AND LEVEL,DRY,NO DEFECTS,ON SCENE,NO INJURY / DRIVE AWAY,,,,"OVER $1,500",06/18/2024 12:43:00 PM,FAILING TO REDUCE SPEED TO AVOID CRASH,NOT APPLICABLE,3822,N,DAMEN AVE,1921.0,,,,,,,2,NO INDICATION OF INJURY,0.0,0.0,0.0,0.0,0.0,1.0,0.0,12,3,6,41.951200295,-87.6788192428,POINT (-87.678819242821 41.951200295038)
cf2ee33245078a6eb2b743c55569f1ba8b1c881c753e299a5e43b40d479ef4f4f8ba0b349b311f0fba83f57c103bf9877fd76e1a5ea5c559562c9104707d289f,,02/23/2019 04:17:00 PM,30,NO CONTROLS,NO CONTROLS,CLEAR,DAYLIGHT,SIDESWIPE SAME DIRECTION,DIVIDED - W/MEDIAN (NOT RAISED),4,STRAIGHT AND LEVEL,DRY,NO DEFECTS,NOT ON SCENE (DESK REPORT),NO INJURY / DRIVE AWAY,,,,"OVER $1,500",03/04/2019 10:15:00 PM,UNABLE TO DETERMINE,NOT APPLICABLE,6710,S,SOUTH SHORE DR,331.0,,,,,,,2,NO INDICATION OF INJURY,0.0,0.0,0.0,0.0,0.0,2.0,0.0,16,7,2,41.7731823038,-87.5667957016,POINT (-87.566795701569 41.773182303798)
6c161fd5ab68be145a8005740a765b3ddb18cd55a821a930b2ddabf7341956724c8cb70226987d555a6c1b985f82f2d5e07c12d3e1244b64ec1868e2627bf5b3,,01/14/2022 03:55:00 PM,30,TRAFFIC SIGNAL,FUNCTIONING PROPERLY,FREEZING RAIN/DRIZZLE,DAYLIGHT,REAR END,NOT DIVIDED,,STRAIGHT AND LEVEL,WET,NO DEFECTS,,INJURY AND / OR TOW DUE TO CRASH,Y,,,"OVER $1,500",01/14/2022 03:57:00 PM,FAILING TO REDUCE SPEED TO AVOID CRASH,WEATHER,9012,S,JEFFERY BLVD,413.0,,,,,,,3,NONINCAPACITATING INJURY,2.0,0.0,0.0,1.0,1.0,2.0,0.0,15,6,1,41.7311515164,-87.5757216989,POINT (-87.57572169886 41.731151516375)
76635900ca4a760619ce60d3244061a5eb0b536e54c872ee2236a151550fc81b49548595f0bc5c42186474646b3c34bbbff52631345e6388f741864d03b15b0d,,06/29/2023 09:20:00 AM,30,NO CONTROLS,NO CONTROLS,CLEAR,DAYLIGHT,SIDESWIPE SAME DIRECTION,DIVIDED - W/MEDIAN (NOT RAISED),,STRAIGHT AND LEVEL,DRY,NO DEFECTS,ON SCENE,NO INJURY / DRIVE AWAY,,,,"OVER $1,500",06/29/2023 09:35:00 AM,UNABLE TO DETERMINE,UNABLE TO DETERMINE,4134,S,STATE ST,213.0,,,,,,,2,NO INDICATION OF INJURY,0.0,0.0,0.0,0.0,0.0,2.0,0.0,9,5,6,41.8191507815,-87.6264889778,POINT (-87.626488977782 41.819150781484)
527ce64460702f5679bc5b263a17d8d2b581ea38a4b4a65be21d7763bf5fde2f60216f19a4e12a7ac309f8675ad53ac750a69d5b0da495da4b5afb8925da65ad,Y,07/22/2018 08:30:00 AM,30,UNKNOWN,NO CONTROLS,UNKNOWN,UNKNOWN,PARKED MOTOR VEHICLE,OTHER,,STRAIGHT AND LEVEL,UNKNOWN,NO DEFECTS,NOT ON SCENE (DESK REPORT),NO INJURY / DRIVE AWAY,,,Y,"OVER $1,500",07/22/2018 06:30:00 PM,UNABLE TO DETERMINE,NOT APPLICABLE,3810,W,ARTHINGTON ST,1133.0,,,,,,,2,NO INDICATION OF INJURY,0.0,0.0,0.0,0.0,0.0,1.0,0.0,8,1,7,41.8699747565,-87.72075119,POINT (-87.720751190019 41.869974756546)
00e7af3ad7731b5d7bd1aec106e4a29fb37cd2beb4aa59c75fcf34be84c7bd3c7984a5b8c1dbde68143832f846b41a74df5d1a253726da86abd3740c53fec28d,,06/02/2017 11:50:00 PM,25,NO CONTROLS,NO CONTROLS,CLEAR,"DARKNESS, LIGHTED ROAD",PARKED MOTOR VEHICLE,NOT DIVIDED,1,STRAIGHT AND LEVEL,DRY,NO DEFECTS,NOT ON SCENE (DESK REPORT),NO INJURY / DRIVE AWAY,,,Y,"OVER $1,500",06/04/2017 10:50:00 PM,NOT APPLICABLE,NOT APPLICABLE,6338,N,LEAVITT ST,2413.0,,,,,,,2,NO INDICATION OF INJURY,0.0,0.0,0.0,0.0,0.0,1.0,0.0,23,6,6,41.9971347482,-87.6851278273,POINT (-87.685127827276 41.997134748172)
9caaa1daabb80eafb69f8fdd9d893132f095cd108f9a5e9bf51c5fe6cd71fc18b7d6d67c2f1e752ec0182ca283f69b5ea9ae4bdac47971f89c135f59441ffc0d,,01/27/2025 10:39:00 AM,30,STOP SIGN/FLASHER,FUNCTIONING PROPERLY,CLEAR,DAYLIGHT,REAR END,DIVIDED - W/MEDIAN (NOT RAISED),,STRAIGHT AND LEVEL,DRY,NO DEFECTS,NOT ON SCENE (DESK REPORT),NO INJURY / DRIVE AWAY,Y,,,"$501 - $1,500",01/27/2025 11:25:00 AM,FOLLOWING TOO CLOSELY,NOT APPLICABLE,3019,W,PETERSON AVE,2011.0,,,,,,,2,NO INDICATION OF INJURY,0.0,0.0,0.0,0.0,0.0,2.0,0.0,10,2,1,41.9902996887,-87.7051332139,POINT (-87.705133213892 41.990299688692)
d9bcd43f525d69e7c128522ffa5831495d51a3b07cf1e870c2124544fe6a78d0153ca2a6a6245df9722dc6eb65b02e06d937ed22563c7315c35d49bba22968f9,,02/20/2024 08:00:00 AM,30,NO CONTROLS,NO CONTROLS,CLEAR,DAYLIGHT,TURNING,NOT DIVIDED,,STRAIGHT AND LEVEL,DRY,NO DEFECTS,NOT ON SCENE (DESK REPORT),NO INJURY / DRIVE AWAY,,,Y,$500 OR LESS,02/20/2024 08:30:00 AM,WEATHER,NOT APPLICABLE,11200,S,MICHIGAN AVE,531.0,,,,,,,2,NO INDICATION OF INJURY,0.0,0.0,0.0,0.0,0.0,3.0,0.0,8,3,2,41.6907476028,-87.6211733103,POINT (-87.621173310257 41.69074760281)
410cc9b92d332c1ef04f2f75b25ae3d3bc2a8dbfb561a903387ceb6e2f2714826bc158f776962c07e52a871d61dde6c45ae41a91e2e208aae28732ac6bbbca77,,07/08/2022 11:35:00 AM,15,NO CONTROLS,NO CONTROLS,CLEAR,DAYLIGHT,PARKED MOTOR VEHICLE,PARKING LOT,,STRAIGHT AND LEVEL,DRY,NO DEFECTS,ON SCENE,NO INJURY / DRIVE AWAY,,,,"OVER $1,500",07/08/2022 11:41:00 AM,DRIVING SKILLS/KNOWLEDGE/EXPERIENCE,NOT APPLICABLE,1651,E,95TH ST,431.0,,,,,,,2,NO INDICATION OF INJURY,0.0,0.0,0.0,0.0,0.0,2.0,0.0,11,6,7,41.7222615186,-87.5830719441,POINT (-87.583071944146 41.722261518618)
07b084f864335a278a967d7a5cfffe689e7c721c2166c707b19a8b3983fc86c5fae7618496d10420b5efd423c8bec91367799874225bd9c4f9201dad2661d942,,03/30/2021 12:00:00 PM,30,NO CONTROLS,NO CONTROLS,CLEAR,DAYLIGHT,REAR END,NOT DIVIDED,,STRAIGHT AND LEVEL,UNKNOWN,UNKNOWN,NOT ON SCENE (DESK REPORT),NO INJURY / DRIVE AWAY,,,Y,"$501 - $1,500",04/06/2021 04:32:00 PM,UNABLE TO DETERMINE,UNABLE TO DETERMINE,4159,S,MICHIGAN AVE,213.0,,,,,,,2,NO INDICATION OF INJURY,0.0,0.0,0.0,0.0,0.0,2.0,0.0,12,3,3,41.8184370276,-87.6229320856,POINT (-87.622932085569 41.818437027617)
4a8bf4a8720dc34a7c67e752fbe44e0cc1af22e208fd41b08fa8adb821d6dac2fece7ca7052eb90efe4911c73c1dcfb206096a96588267664fdb9f2ba0e3d8af,,04/02/2019 08:30:00 PM,35,TRAFFIC SIGNAL,FUNCTIONING PROPERLY,CLEAR,"DARKNESS, LIGHTED ROAD",TURNING,NOT DIVIDED,4,STRAIGHT AND LEVEL,DRY,UNKNOWN,ON SCENE,INJURY AND / OR TOW DUE TO CRASH,Y,,,"OVER $1,500",04/02/2019 08:35:00 PM,FAILING TO YIELD RIGHT-OF-WAY,IMPROPER TURNING/NO SIGNAL,7500,S,LAFAYETTE AVE,623.0,,,,,,,2,"REPORTED, NOT EVIDENT",4.0,0.0,0.0,0.0,4.0,1.0,0.0,20,3,4,41.758068532,-87.6265169823,POINT (-87.626516982328 41.75806853202)
074bc0cd96207a0ad2b49892cf6b5e6fb3ebfa62bc3d761bc0e85f894c62a68fe20c5af2b2470e5820e34c1a49c5ee200a6174073916c14d7ee99f9a3802d843,,02/28/2022 11:40:00 AM,15,NO CONTROLS,NO CONTROLS,CLEAR,DAYLIGHT,REAR TO REAR,PARKING LOT,,STRAIGHT AND LEVEL,DRY,NO DEFECTS,NOT ON SCENE (DESK REPORT),NO INJURY / DRIVE AWAY,,Y,,"OVER $1,500",02/28/2022 01:30:00 PM,FAILING TO YIELD RIGHT-OF-WAY,IMPROPER OVERTAKING/PASSING,1753,N,MILWAUKEE AVE,1434.0,,,,,,,2,NO INDICATION OF INJURY,0.0,0.0,0.0,0.0,0.0,2.0,0.0,11,2,2,41.9133424682,-87.6818224808,POINT (-87.681822480813 41.913342468232)
593ac132ef0a7a377ca747387c38fe6e4128e9c707c876a0342d8f8a663763b2adb9c194369162a43e101db0eea60ee03e1ade17f33c9406af3471a2fd4aa364,,02/12/2025 01:15:00 PM,30,NO CONTROLS,NO CONTROLS,SNOW,DAYLIGHT,PARKED MOTOR VEHICLE,NOT DIVIDED,,STRAIGHT AND LEVEL,SNOW OR SLUSH,NO DEFECTS,NOT ON SCENE (DESK REPORT),NO INJURY / DRIVE AWAY,,,Y,"OVER $1,500",02/12/2025 03:15:00 PM,UNABLE TO DETERMINE,UNABLE TO DETERMINE,630,S,FRANCISCO AVE,1135.0,,,,,,,2,NO INDICATION OF INJURY,0.0,0.0,0.0,0.0,0.0,1.0,0.0,13,4,2,41.8728981031,-87.6986760626,POINT (-87.6986760626 41.872898103098)
a891785318104e4df132dd75306286e3442ef6d9c13b2e873049bdc016032204566c1dcb41d623a4eeb23fc3127bccae91fd81c9ace04df19760db0c52d2b103,,10/17/2022 08:05:00 AM,30,NO CONTROLS,NO CONTROLS,CLEAR,DAYLIGHT,HEAD ON,NOT DIVIDED,,STRAIGHT AND LEVEL,DRY,NO DEFECTS,ON SCENE,INJURY AND / OR TOW DUE TO CRASH,,,Y,"OVER $1,500",10/17/2022 08:10:00 AM,UNABLE TO DETERMINE,UNABLE TO DETERMINE,2101,S,PULASKI RD,1014.0,,,,,,,2,NO INDICATION OF INJURY,0.0,0.0,0.0,0.0,0.0,2.0,0.0,8,2,10,41.8533731638,-87.7246534613,POINT (-87.724653461254 41.853373163832)
4364298ee128657203b62027b45aa3ee4698e0b00958ff6646d40271f08a13f2421e88411e06f44791b3c77814f72a359305722b82475fe09f0d71197c4d379b,,03/26/2019 05:13:00 PM,30,NO CONTROLS,NO CONTROLS,CLEAR,DAYLIGHT,SIDESWIPE SAME DIRECTION,DIVIDED - W/MEDIAN (NOT RAISED),,STRAIGHT AND LEVEL,DRY,NO DEFECTS,ON SCENE,NO INJURY / DRIVE AWAY,,,,"$501 - $1,500",03/26/2019 05:15:00 PM,DRIVING SKILLS/KNOWLEDGE/EXPERIENCE,UNABLE TO DETERMINE,3430,S,WESTERN AVE,911.0,,,,,,,2,NO INDICATION OF INJURY,0.0,0.0,0.0,0.0,0.0,2.0,0.0,17,3,3,41.8312342794,-87.6852064622,POINT (-87.685206462187 41.831234279424)
b7c460585bc35950bc5fe19ac9f130fc1e2314d2608b5cbbbda17f22501aca5b556d9bf0e631546d2b68a89d2c7b2b6202f672aabf8776bb5bd604ed34189c73,,12/04/2018 06:15:00 PM,30,NO CONTROLS,NO CONTROLS,CLEAR,DAYLIGHT,SIDESWIPE SAME DIRECTION,ONE-WAY,,STRAIGHT AND LEVEL,DRY,NO DEFECTS,NOT ON SCENE (DESK REPORT),NO INJURY / DRIVE AWAY,,,,"$501 - $1,500",12/04/2018 09:15:00 PM,IMPROPER LANE USAGE,FAILING TO REDUCE SPEED TO AVOID CRASH,8640,S,LAFAYETTE AVE,622.0,,,,,,,2,NO INDICATION OF INJURY,0.0,0.0,0.0,0.0,0.0,2.0,0.0,18,3,12,41.7368701664,-87.6256072906,POINT (-87.62560729062 41.736870166364)
16685c85b6d510e626a7755614f0ee108fa158e5531d9e57c4ecce8ae4f4076be3e1b62f59cb05eb09c7980fe9b12aa64fc4ffd2f799fb23b8a89fab456ab04a,,09/27/2015 03:00:00 AM,30,TRAFFIC SIGNAL,FUNCTIONING PROPERLY,CLEAR,"DARKNESS, LIGHTED ROAD",SIDESWIPE SAME DIRECTION,DIVIDED - W/MEDIAN (NOT RAISED),2,STRAIGHT AND LEVEL,DRY,NO DEFECTS,NOT ON SCENE (DESK REPORT),NO INJURY / DRIVE AWAY,Y,,Y,"OVER $1,500",09/27/2015 03:21:00 AM,IMPROPER LANE USAGE,IMPROPER LANE USAGE,2400,W,63RD ST,825.0,,,,,,,2,NO INDICATION OF INJURY,0.0,0.0,0.0,0.0,0.0,2.0,0.0,3,1,9,41.7793318443,-87.6836757608,POINT (-87.683675760848 41.779331844298)
1eefe77e73aa1c39711b555c73e0e09494a3ee7a6bfc47cd76d3a35398a89baa0a020eac96a0b359cd7091c140fef6272a5fc55a6f21fbea0ff70fa88c6c6e1d,,02/08/2018 06:30:00 AM,30,TRAFFIC SIGNAL,FUNCTIONING PROPERLY,CLOUDY/OVERCAST,DAWN,REAR END,NOT DIVIDED,,STRAIGHT AND LEVEL,WET,NO DEFECTS,NOT ON SCENE (DESK REPORT),NO INJURY / DRIVE AWAY,,,,"OVER $1,500",02/08/2018 07:00:00 AM,FOLLOWING TOO CLOSELY,NOT APPLICABLE,1400,W,103RD ST,2213.0,,,,,,,2,NO INDICATION OF INJURY,0.0,0.0,0.0,0.0,0.0,2.0,0.0,6,5,2,41.7068707998,-87.6576544417,POINT (-87.657654441697 41.706870799784)
17f29c9ae10171bbfe6df9e83720e7e2693c98c9e821440a318387b2600192ac125671117efc4aa007d1c13679eabb37827e301e459cd1ddf4f5d4ab5f3b15a7,,10/24/2025 05:00:00 PM,10,NO CONTROLS,NO CONTROLS,CLEAR,UNKNOWN,PARKED MOTOR VEHICLE,PARKING LOT,,STRAIGHT AND LEVEL,DRY,NO DEFECTS,NOT ON SCENE (DESK REPORT),NO INJURY / DRIVE AWAY,,,Y,"OVER $1,500",11/10/2025 12:00:00 PM,UNABLE TO DETERMINE,UNABLE TO DETERMINE,710,W,SCHILLER ST,1822.0,,,,,,,2,NO INDICATION OF INJURY,0.0,0.0,0.0,0.0,0.0,1.0,0.0,17,6,10,41.907584841,-87.6465961372,POINT (-87.646596137174 41.90758484098)
02587e9ac9d52c40aad5fc09efb9529d8949f018ca22d03e6ff7fe929763dc504602341606df53a1fb08cb43f7fdb74d7e21421ec8e6ec0c3f1f624aabd96b18,,12/21/2022 02:45:00 PM,30,OTHER,FUNCTIONING PROPERLY,CLEAR,DAYLIGHT,SIDESWIPE OPPOSITE DIRECTION,NOT DIVIDED,,STRAIGHT AND LEVEL,DRY,UNKNOWN,NOT ON SCENE (DESK REPORT),NO INJURY / DRIVE AWAY,,,Y,"OVER $1,500",12/21/2022 05:30:00 PM,DRIVING SKILLS/KNOWLEDGE/EXPERIENCE,NOT APPLICABLE,1369,E,HYDE PARK BLVD,234.0,,,,,,,3,NO INDICATION OF INJURY,0.0,0.0,0.0,0.0,0.0,3.0,0.0,14,4,12,41.8023053501,-87.592361395,POINT (-87.59236139504 41.802305350054)
be11b5204ee3afdc810b509662b94631c3a0c85b740764c1e7f16f1112db3e77d0804ba1d4e3a3077cbccb5e9494a4cfed529cb286e1d3ef501ccd2cf4d90a59,,03/24/2020 10:42:00 AM,30,TRAFFIC SIGNAL,UNKNOWN,CLEAR,DAYLIGHT,REAR END,NOT DIVIDED,,STRAIGHT AND LEVEL,DRY,UNKNOWN,NOT ON SCENE (DESK REPORT),NO INJURY / DRIVE AWAY,,,,$500 OR LESS,03/24/2020 12:40:00 PM,UNABLE TO DETERMINE,UNABLE TO DETERMINE,7400,N,CLARK ST,2424.0,,,,,,,2,NO INDICATION OF INJURY,0.0,0.0,0.0,0.0,0.0,2.0,0.0,10,3,3,42.0159666773,-87.6753440095,POINT (-87.675344009512 42.015966677306)
34e455108714c4539bd0dab5bbf62a713482f6df430e8059f9df7fa35995db800d87b11e7872c82cc60c800ab95bc43c261fa06fd50215daee98300c6fb1e42a,,10/20/2016 07:40:00 AM,30,TRAFFIC SIGNAL,FUNCTIONING PROPERLY,CLEAR,DAYLIGHT,SIDESWIPE SAME DIRECTION,ONE-WAY,1,STRAIGHT AND LEVEL,DRY,NO DEFECTS,NOT ON SCENE (DESK REPORT),NO INJURY / DRIVE AWAY,,,,"OVER $1,500",10/20/2016 10:20:00 AM,IMPROPER LANE USAGE,IMPROPER OVERTAKING/PASSING,600,W,WASHINGTON BLVD,121.0,,,,,,,2,NO INDICATION OF INJURY,0.0,0.0,0.0,0.0,0.0,4.0,0.0,7,5,10,41.883281626,-87.6427737585,POINT (-87.642773758485 41.883281625972)
bdec066c2128fe7d858545f547ca26761b69829e3c1465e24e10142ca62bfb7bce417193c40387020f0db3e99cf41c06cd4bd50a21676cb8c2573402f3709409,,11/03/2025 07:40:00 PM,35,TRAFFIC SIGNAL,UNKNOWN,CLEAR,"DARKNESS, LIGHTED ROAD",REAR END,NOT DIVIDED,,STRAIGHT AND LEVEL,DRY,UNKNOWN,ON SCENE,INJURY AND / OR TOW DUE TO CRASH,,,,"$501 - $1,500",11/03/2025 07:45:00 PM,FAILING TO REDUCE SPEED TO AVOID CRASH,DRIVING SKILLS/KNOWLEDGE/EXPERIENCE,5530,N,NAGLE AVE,1613.0,,,,,,,2,"REPORTED, NOT EVIDENT",1.0,0.0,0.0,0.0,1.0,1.0,0.0,19,2,11,41.9820126351,-87.7878992932,POINT (-87.787899293194 41.982012635076)
3968b188d852b63fe82267d424128b7bf1e1fa412c08c2324726e9bc6bb9ff19628f191bdb7a5db8a7026b1e0b8f8aa31497d77e8eb50446c7340e0c542d0af8,,11/08/2025 08:49:00 AM,15,NO CONTROLS,NO CONTROLS,CLOUDY/OVERCAST,DAYLIGHT,PARKED MOTOR VEHICLE,ALLEY,,STRAIGHT AND LEVEL,WET,NO DEFECTS,ON SCENE,NO INJURY / DRIVE AWAY,,,Y,"OVER $1,500",11/08/2025 08:53:00 AM,"OPERATING VEHICLE IN ERRATIC, RECKLESS, CARELESS, NEGLIGENT OR AGGRESSIVE MANNER","OPERATING VEHICLE IN ERRATIC, RECKLESS, CARELESS, NEGLIGENT OR AGGRESSIVE MANNER",4449,W,PETERSON AVE,1711.0,,,,,,,2,NO INDICATION OF INJURY,0.0,0.0,0.0,0.0,0.0,3.0,0.0,8,7,11,41.9898808677,-87.7403350353,POINT (-87.740335035294 41.989880867709)
a2f46ac1057e62ba4385388afa237cfc73a803f5b6879e7db0d759784964e254880ef6385686265484bb359f54259763dbf24c30cfa3349b112139289baa3d7e,,06/15/2025 09:20:00 AM,30,YIELD,FUNCTIONING PROPERLY,CLEAR,DAYLIGHT,ANGLE,DIVIDED - W/MEDIAN BARRIER,,STRAIGHT AND LEVEL,DRY,NO DEFECTS,ON SCENE,INJURY AND / OR TOW DUE TO CRASH,,,,"OVER $1,500",06/15/2025 09:22:00 AM,FAILING TO YIELD RIGHT-OF-WAY,FAILING TO YIELD RIGHT-OF-WAY,2198,E,71ST ST,331.0,,,,,,,2,NONINCAPACITATING INJURY,1.0,0.0,0.0,1.0,0.0,1.0,0.0,9,1,6,41.7663958418,-87.5714689089,POINT (-87.571468908922 41.766395841832)