CRASH_RECORD_ID,CRASH_DATE_EST_I,CRASH_DATE,POSTED_SPEED_LIMIT,TRAFFIC_CONTROL_DEVICE,DEVICE_CONDITION,WEATHER_CONDITION,LIGHTING_CONDITION,FIRST_CRASH_TYPE,TRAFFICWAY_TYPE,LANE_CNT,ALIGNMENT,ROADWAY_SURFACE_COND,ROAD_DEFECT,REPORT_TYPE,CRASH_TYPE,INTERSECTION_RELATED_I,NOT_RIGHT_OF_WAY_I,HIT_AND_RUN_I,DAMAGE,DATE_POLICE_NOTIFIED,PRIM_CONTRIBUTORY_CAUSE,SEC_CONTRIBUTORY_CAUSE,STREET_NO,STREET_DIRECTION,STREET_NAME,BEAT_OF_OCCURRENCE,PHOTOS_TAKEN_I,STATEMENTS_TAKEN_I,DOORING_I,WORK_ZONE_I,WORK_ZONE_TYPE,WORKERS_PRESENT_I,NUM_UNITS,MOST_SEVERE_INJURY,INJURIES_TOTAL,INJURIES_FATAL,INJURIES_INCAPACITATING,INJURIES_NON_INCAPACITATING,INJURIES_REPORTED_NOT_EVIDENT,INJURIES_NO_INDICATION,INJURIES_UNKNOWN,CRASH_HOUR,CRASH_DAY_OF_WEEK,CRASH_MONTH,LATITUDE,LONGITUDE,LOCATION
e4f091168499974c74662bd90ce238fd8c1920e764c0e331fc537b07cccbdde1ad5af1939cf4b6d8d4ce26235738212bfdcb75e895fd6810f24b5fdf19b29bd7,,03/22/2019 05:00:00 PM,35,NO CONTROLS,NO CONTROLS,CLEAR,DAYLIGHT,PARKED MOTOR VEHICLE,PARKING LOT,,STRAIGHT AND LEVEL,DRY,NO DEFECTS,NOT ON SCENE (DESK REPORT),NO INJURY / DRIVE AWAY,,,,"$501 - $1,500",03/24/2019 02:55:00 PM,UNABLE TO DETERMINE,UNABLE TO DETERMINE,2311,S,KEDZIE AVE,1033.0,,,,,,,2,NO INDICATION OF INJURY,0.0,0.0,0.0,0.0,0.0,1.0,0.0,17,6,3,41.8495915587,-87.7050411833,POINT (-87.705041183311 41.849591558732)
a6ca1dae04f763758e8846304ea8ec3e1a2224ede729d849a9232b64b5af49a078518f15d5cbcac44c75f1addff9a057aa8515ce68f24b0c840596971a16ed9c,N,06/19/2017 05:30:00 AM,30,TRAFFIC SIGNAL,FUNCTIONING PROPERLY,CLEAR,DAYLIGHT,SIDESWIPE SAME DIRECTION,NOT DIVIDED,,STRAIGHT AND LEVEL,DRY,NO DEFECTS,NOT ON SCENE (DESK REPORT),NO INJURY / DRIVE AWAY,,,Y,"OVER $1,500",06/19/2017 06:00:00 AM,IMPROPER OVERTAKING/PASSING,IMPROPER TURNING/NO SIGNAL,601,W,95TH ST,2223.0,,,,,,,2,NO INDICATION OF INJURY,0.0,0.0,0.0,0.0,0.0,2.0,0.0,5,2,6,41.7214138035,-87.6384186305,POINT (-87.638418630475 41.721413803524)
23bfe824570948962852a051881dc579375ebc2d6f033b0dc27bf6d6e4eeedbcbf9e80c1fdb23f52bfe708ec94bd457d366b75f10a1f9b94ce8bfdc03e298cf1,,07/27/2017 08:09:00 AM,30,NO CONTROLS,NO CONTROLS,CLEAR,DAYLIGHT,TURNING,NOT DIVIDED,4,STRAIGHT AND LEVEL,DRY,NO DEFECTS,NOT ON SCENE (DESK REPORT),NO INJURY / DRIVE AWAY,,,,"$501 - $1,500",07/27/2017 07:00:00 PM,UNABLE TO DETERMINE,NOT APPLICABLE,2360,W,DIVERSEY AVE,1432.0,,,,,,,2,NO INDICATION OF INJURY,0.0,0.0,0.0,0.0,0.0,2.0,0.0,8,5,7,41.9322878197,-87.6877600124,POINT (-87.687760012447 41.932287819694)
502fae2d9aadcb0f33f0feb0e206ce2abdd39306807bd8f65dcee849a268b968deb080185eeb5c3bc5b0c2668f4ca2528aa588dcf52f36dcc7847e706d3866c5,,03/05/2022 11:20:00 AM,30,TRAFFIC SIGNAL,FUNCTIONING PROPERLY,CLEAR,DAYLIGHT,SIDESWIPE SAME DIRECTION,FOUR WAY,,STRAIGHT AND LEVEL,DRY,NO DEFECTS,ON SCENE,INJURY AND / OR TOW DUE TO CRASH,Y,,,$500 OR LESS,03/05/2022 11:20:00 AM,"OPERATING VEHICLE IN ERRATIC, RECKLESS, CARELESS, NEGLIGENT OR AGGRESSIVE MANNER",MOTORCYCLE ADVANCING LEGALLY ON RED LIGHT,8500,S,PULASKI RD,834.0,,,,,,,2,NONINCAPACITATING INJURY,2.0,0.0,0.0,2.0,0.0,1.0,0.0,11,7,3,41.7384684043,-87.7217040099,POINT (-87.721704009921 41.738468404342)
cee467f6ad16aebb7469911f44fef292339f188b4f97287b6ed841b78851156c25ec587191977723610b40a31d6a9acfd2c25df9b6490f128b3c7965e73e7861,,08/11/2020 07:30:00 PM,30,TRAFFIC SIGNAL,UNKNOWN,CLEAR,DAWN,REAR END,NOT DIVIDED,,STRAIGHT AND LEVEL,DRY,UNKNOWN,NOT ON SCENE (DESK REPORT),NO INJURY / DRIVE AWAY,,,,"OVER $1,500",08/11/2020 08:30:00 PM,UNABLE TO DETERMINE,UNABLE TO DETERMINE,2255,E,87TH ST,412.0,,,,,,,2,NO INDICATION OF INJURY,0.0,0.0,0.0,0.0,0.0,2.0,0.0,19,3,8,41.7370456954,-87.5687300091,POINT (-87.568730009069 41.737045695359)
622daa8af327e9aadf1e1a7d0f8927695b9574182094fcf1a2ad5562e6dc12e830bf6b619f2d4214c913fd3279bd68a938872b9f6997cfb0d826829e93aea131,,08/02/2022 10:02:00 PM,30,TRAFFIC SIGNAL,FUNCTIONING PROPERLY,CLEAR,"DARKNESS, LIGHTED ROAD",PEDESTRIAN,NOT DIVIDED,,STRAIGHT AND LEVEL,DRY,NO DEFECTS,,INJURY AND / OR TOW DUE TO CRASH,,,N,"OVER $1,500",08/02/2022 11:03:00 PM,UNABLE TO DETERMINE,UNABLE TO DETERMINE,302,S,PULASKI RD,1132.0,,,,,,,2,INCAPACITATING INJURY,1.0,0.0,1.0,0.0,0.0,4.0,0.0,22,3,8,41.876971054,-87.7256891378,POINT (-87.725689137803 41.876971054006)
7b65d3f35d726d22a968f441ac6db6aaf3326787264094a73a3dc4062b6ad396d3b65c0edb1d0c31e39f08f7979acd5a794cecf507de99dc88f7174dfdb2bb3b,,06/09/2018 10:30:00 PM,30,TRAFFIC SIGNAL,FUNCTIONING PROPERLY,CLEAR,"DARKNESS, LIGHTED ROAD",REAR END,DIVIDED - W/MEDIAN BARRIER,2,STRAIGHT AND LEVEL,DRY,NO DEFECTS,ON SCENE,NO INJURY / DRIVE AWAY,Y,,,"$501 - $1,500",06/09/2018 10:30:00 PM,FOLLOWING TOO CLOSELY,FAILING TO REDUCE SPEED TO AVOID CRASH,9900,S,VINCENNES AVE,2213.0,,,,,,,2,NO INDICATION OF INJURY,0.0,0.0,0.0,0.0,0.0,2.0,0.0,22,7,6,41.7139794991,-87.6535123131,POINT (-87.653512313106 41.713979499108)
3bfbd15ed266f61754a20c4c483bbb1b08ec34a9233c87ca376cb8bc33cfd7713a53b8c15ffa5d46c7acded889988e8e8bd2a8c1b73b182577bc1697493c0f68,Y,10/24/2025 04:30:00 PM,40,TRAFFIC SIGNAL,UNKNOWN,CLEAR,DAYLIGHT,TURNING,T-INTERSECTION,,STRAIGHT AND LEVEL,DRY,NO DEFECTS,ON SCENE,NO INJURY / DRIVE AWAY,,,,$500 OR LESS,10/24/2025 04:30:00 PM,FOLLOWING TOO CLOSELY,NOT APPLICABLE,3700,W,OGDEN AVE,1014.0,,,,,,,2,NO INDICATION OF INJURY,0.0,0.0,0.0,0.0,0.0,3.0,0.0,16,6,10,41.8537928991,-87.7175837045,POINT (-87.717583704478 41.853792899132)
afb6a250c708e6d2bb8804ec4bf14ee21b5fd239b49856b14f0987b37c20d63a9c946e2cd385cc91a0883eaa436d5de0fb4c7e1b0b4545c896c27da63da9f36e,,06/26/2025 04:57:00 PM,30,STOP SIGN/FLASHER,FUNCTIONING PROPERLY,CLEAR,DAYLIGHT,ANGLE,FOUR WAY,,STRAIGHT AND LEVEL,DRY,NO DEFECTS,NOT ON SCENE (DESK REPORT),NO INJURY / DRIVE AWAY,Y,,,"OVER $1,500",06/26/2025 06:00:00 PM,FAILING TO YIELD RIGHT-OF-WAY,NOT APPLICABLE,2534,W,DEVON AVE,2412.0,,,,,,,2,NO INDICATION OF INJURY,0.0,0.0,0.0,0.0,0.0,2.0,0.0,16,5,6,41.9977750469,-87.6936921425,POINT (-87.693692142466 41.997775046889)
a153f1ecfa38844c858e2b8914eefd3243e56f7a2c8b10b2a1027ecad3a383145dfbab2cea98ac69e64a73223e3015958d6acd26244ec0ba2075bd7b4a0c5c3a,,08/03/2023 05:00:00 PM,30,NO CONTROLS,NO CONTROLS,CLEAR,DAYLIGHT,TURNING,NOT DIVIDED,,STRAIGHT AND LEVEL,DRY,NO DEFECTS,ON SCENE,NO INJURY / DRIVE AWAY,,,,"$501 - $1,500",08/03/2023 06:04:00 PM,UNABLE TO DETERMINE,UNABLE TO DETERMINE,2340,W,MADISON ST,1223.0,,,,,,,2,NO INDICATION OF INJURY,0.0,0.0,0.0,0.0,0.0,2.0,0.0,17,5,8,41.8812841025,-87.6856204178,POINT (-87.685620417822 41.88128410252)
5e9c823e2ef08c67dddad7772721a48c7d708e46bb7f5f94c7cbe53fe9cd32bd03f1aea9f961bc38a4d17d07df95dd106f2c0a855ffeb30729b39115f65b2340,,07/29/2023 10:06:00 PM,30,NO CONTROLS,NO CONTROLS,CLEAR,"DARKNESS, LIGHTED ROAD",PARKED MOTOR VEHICLE,ONE-WAY,,STRAIGHT AND LEVEL,DRY,NO DEFECTS,ON SCENE,NO INJURY / DRIVE AWAY,,,,"$501 - $1,500",07/29/2023 10:07:00 PM,IMPROPER TURNING/NO SIGNAL,NOT APPLICABLE,5659,S,TRIPP AVE,813.0,,,,,,,2,NO INDICATION OF INJURY,0.0,0.0,0.0,0.0,0.0,1.0,0.0,22,7,7,41.789608754,-87.7290374819,POINT (-87.729037481918 41.789608754022)
5175ac60dfbc3dec77bdd7f81cfb7e570c5b9a3492ae39846acbc8442d4806d209395ffc17b3cef18ed0ca66b67c8371019e0b4ce13d6738f505bcdb93bcaa60,Y,11/20/2018 09:45:00 PM,30,NO CONTROLS,NO CONTROLS,CLEAR,DARKNESS,PARKED MOTOR VEHICLE,NOT DIVIDED,1,STRAIGHT AND LEVEL,UNKNOWN,UNKNOWN,ON SCENE,NO INJURY / DRIVE AWAY,,,Y,"$501 - $1,500",11/21/2018 01:10:00 PM,UNABLE TO DETERMINE,NOT APPLICABLE,8349,W,CATHERINE AVE,1614.0,,,,,,,2,NO INDICATION OF INJURY,0.0,0.0,0.0,0.0,0.0,1.0,0.0,21,3,11,41.9771213273,-87.8359138837,POINT (-87.835913883743 41.977121327332)
3d0ea7af65f9600aef36d60231183fc180c478d0450b8f43b3d9f8366713ef30cd8a87cc8abee45912f1fd484dcabac8e01bb0b4d18105bf78b60417e8c50f9c,,04/22/2018 12:20:00 AM,30,TRAFFIC SIGNAL,UNKNOWN,CLEAR,"DARKNESS, LIGHTED ROAD",SIDESWIPE SAME DIRECTION,ONE-WAY,3,STRAIGHT AND LEVEL,DRY,NO DEFECTS,NOT ON SCENE (DESK REPORT),NO INJURY / DRIVE AWAY,Y,,,"$501 - $1,500",04/22/2018 12:50:00 AM,NOT APPLICABLE,NOT APPLICABLE,701,S,JEFFERSON ST,124.0,,,,,,,2,NO INDICATION OF INJURY,0.0,0.0,0.0,0.0,0.0,2.0,0.0,0,1,4,41.8735335643,-87.6422503495,POINT (-87.642250349473 41.873533564324)
2b8e77954a762c4b68458483ee5f4ba131611c820b379c4976799c8913dd182466941543e9cbcdd5e3ddd2a83c8241f9b28c6945db48e65747ebdf4b2ef7bc12,,08/03/2020 09:58:00 PM,30,NO CONTROLS,NOT FUNCTIONING,CLEAR,"DARKNESS, LIGHTED ROAD",PARKED MOTOR VEHICLE,PARKING LOT,,STRAIGHT AND LEVEL,DRY,NO DEFECTS,NOT ON SCENE (DESK REPORT),NO INJURY / DRIVE AWAY,,,Y,"$501 - $1,500",08/04/2020 12:45:00 AM,NOT APPLICABLE,NOT APPLICABLE,87,W,87TH ST,634.0,,,,,,,2,NO INDICATION OF INJURY,0.0,0.0,0.0,0.0,0.0,1.0,0.0,21,2,8,41.7361451282,-87.626917844,POINT (-87.626917843973 41.736145128237)
fd191266c49b2105fee0b41edd0b83b331d84075f131cf81531f472ef8a2b857604137394f194c1eca6e7265827bc7a60d566e698699604048302a493a50a59a,,10/13/2018 09:30:00 AM,30,NO CONTROLS,NO CONTROLS,CLEAR,DAYLIGHT,PARKED MOTOR VEHICLE,ONE-WAY,1,STRAIGHT AND LEVEL,DRY,NO DEFECTS,NOT ON SCENE (DESK REPORT),NO INJURY / DRIVE AWAY,,,,"$501 - $1,500",10/13/2018 09:58:00 AM,DRIVING SKILLS/KNOWLEDGE/EXPERIENCE,UNABLE TO DETERMINE,1099,W,AINSLIE ST,2024.0,,,,,,,2,NO INDICATION OF INJURY,0.0,0.0,0.0,0.0,0.0,3.0,0.0,9,7,10,41.971429768,-87.6576148746,POINT (-87.657614874578 41.971429768005)
6be29cad688c51e9504adcddc50432778bc86d27dce912a354457dc601e2f14bcdc8d67e8f341daa67cf68b410b3bf490c57c3bea203e7e87e3e394876dbcd13,,05/04/2018 07:00:00 PM,30,NO CONTROLS,NO CONTROLS,CLEAR,DAYLIGHT,PARKED MOTOR VEHICLE,PARKING LOT,,STRAIGHT AND LEVEL,DRY,NO DEFECTS,NOT ON SCENE (DESK REPORT),NO INJURY / DRIVE AWAY,,,,"OVER $1,500",05/04/2018 08:00:00 PM,NOT APPLICABLE,NOT APPLICABLE,4500,S,DAMEN AVE,924.0,,,,,,,2,NO INDICATION OF INJURY,0.0,0.0,0.0,0.0,0.0,2.0,0.0,19,6,5,41.8108358849,-87.6754111442,POINT (-87.675411144216 41.810835884894)
29dcfece3350919273d6078a4097e2a611939724579f549d0c74bc217e7b80544e568e60f40c755a993be49a125c4be255d75521d5591287a971083652a6937e,,09/25/2023 07:00:00 PM,35,STOP SIGN/FLASHER,FUNCTIONING PROPERLY,CLEAR,"DARKNESS, LIGHTED ROAD",PEDESTRIAN,T-INTERSECTION,,STRAIGHT AND LEVEL,DRY,NO DEFECTS,,INJURY AND / OR TOW DUE TO CRASH,Y,,Y,"OVER $1,500",09/25/2023 07:04:00 PM,UNABLE TO DETERMINE,UNABLE TO DETERMINE,801,E,103RD ST,512.0,,,,,,,3,NONINCAPACITATING INJURY,2.0,0.0,0.0,2.0,0.0,1.0,0.0,19,2,9,41.7073769295,-87.6039534647,POINT (-87.603953464652 41.707376929462)
6d2d996f2b4bc3fec5014960555167af0583a35f1cc5925956b7f130d1a67de44db35c8c053002b8faa0ec70b162e7fb90bc186a14054dea8191e1f19cd21ada,,06/14/2017 01:28:00 PM,30,TRAFFIC SIGNAL,FUNCTIONING PROPERLY,CLEAR,DAYLIGHT,TURNING,DIVIDED - W/MEDIAN (NOT RAISED),8,STRAIGHT AND LEVEL,DRY,NO DEFECTS,ON SCENE,NO INJURY / DRIVE AWAY,,,,"OVER $1,500",06/14/2017 01:28:00 PM,IMPROPER TURNING/NO SIGNAL,UNABLE TO DETERMINE,435,S,WESTERN AVE,1225.0,,Y,,,,,2,NO INDICATION OF INJURY,0.0,0.0,0.0,0.0,0.0,2.0,0.0,13,4,6,41.8751971308,-87.6861067967,POINT (-87.686106796661 41.875197130791)
ec2fc60fa2c7d234fb9a769c658607d746e9168aef356a2cd8011bc7af58098c76da26438813f5460a4485ecc99afa914f83d433cf630d061f4da60d33b6f3a6,,02/18/2021 01:40:00 PM,30,STOP SIGN/FLASHER,FUNCTIONING PROPERLY,CLEAR,DAYLIGHT,REAR END,NOT DIVIDED,,STRAIGHT AND LEVEL,SNOW OR SLUSH,UNKNOWN,NOT ON SCENE (DESK REPORT),NO INJURY / DRIVE AWAY,,,,"OVER $1,500",02/18/2021 03:00:00 PM,FOLLOWING TOO CLOSELY,NOT APPLICABLE,600,E,87TH ST,632.0,,,,,,,2,NO INDICATION OF INJURY,0.0,0.0,0.0,0.0,0.0,3.0,0.0,13,5,2,41.7366909453,-87.6096190938,POINT (-87.609619093839 41.736690945288)
18fa11e3a4758eec07568abf0da8f30eb6732871c17f2a6f93e33401885a82de9ef9bff0541f6dc777a72307a5f20d3e191103a32146807fe31a525a1b6b31af,,05/05/2023 03:56:00 PM,30,NO CONTROLS,NO CONTROLS,CLEAR,DAYLIGHT,SIDESWIPE SAME DIRECTION,ONE-WAY,,STRAIGHT AND LEVEL,DRY,NO DEFECTS,NOT ON SCENE (DESK REPORT),NO INJURY / DRIVE AWAY,,,,"OVER $1,500",05/05/2023 06:30:00 PM,FAILING TO YIELD RIGHT-OF-WAY,NOT APPLICABLE,180,E,PEARSON ST,1833.0,,,,,,,2,NO INDICATION OF INJURY,0.0,0.0,0.0,0.0,0.0,2.0,0.0,15,6,5,41.8977127209,-87.6226694442,POINT (-87.622669444192 41.897712720874)
caec7e30ad3dd658d447f7c17d0ec128e60e4e5cde24ed5be43f0553db900b3bf27ecd3813c0fe035534b9a1c82e815612070ddab47806ed4fc71800e2404871,,10/20/2023 04:09:00 PM,30,OTHER,OTHER,CLEAR,DAYLIGHT,SIDESWIPE SAME DIRECTION,NOT DIVIDED,,STRAIGHT AND LEVEL,DRY,NO DEFECTS,ON SCENE,NO INJURY / DRIVE AWAY,,,Y,"OVER $1,500",10/20/2023 04:10:00 PM,UNABLE TO DETERMINE,UNABLE TO DETERMINE,4001,N,WESTERN AVE,1911.0,,,,,,,2,NO INDICATION OF INJURY,0.0,0.0,0.0,0.0,0.0,2.0,0.0,16,6,10,41.9540610259,-87.6883204303,POINT (-87.688320430258 41.954061025874)
5f7c690047355d09d27eb5038746164c108f3d40a6a5323d6c3d8802c02e9e182a970794d6d4b76bac5f6c01ae67b2ac276065ca817d5b5fe028774749712a4e,,12/17/2019 08:45:00 AM,30,NO CONTROLS,NO CONTROLS,CLEAR,DAYLIGHT,ANGLE,FOUR WAY,,STRAIGHT AND LEVEL,DRY,NO DEFECTS,NOT ON SCENE (DESK REPORT),NO INJURY / DRIVE AWAY,Y,,,"OVER $1,500",12/17/2019 09:30:00 AM,UNABLE TO DETERMINE,UNABLE TO DETERMINE,857,N,CENTRAL AVE,1524.0,,,,,,,2,NO INDICATION OF INJURY,0.0,0.0,0.0,0.0,0.0,2.0,0.0,8,3,12,41.8965680387,-87.765309183,POINT (-87.765309183014 41.896568038684)
2854d07c24f38237f2b4d98331186106bfc2640721ac02ea33019ee8178367d6244851fb5b9591efb9bb66df0085b0f78b17121bc13c0113ac7f80e5cfc24188,,04/23/2025 04:03:00 PM,30,NO CONTROLS,NO CONTROLS,CLEAR,DAYLIGHT,SIDESWIPE SAME DIRECTION,FOUR WAY,,STRAIGHT AND LEVEL,DRY,NO DEFECTS,NOT ON SCENE (DESK REPORT),NO INJURY / DRIVE AWAY,Y,,Y,"$501 - $1,500",04/23/2025 04:30:00 PM,UNABLE TO DETERMINE,UNABLE TO DETERMINE,98,E,107TH ST,512.0,,,,,,,2,NO INDICATION OF INJURY,0.0,0.0,0.0,0.0,0.0,2.0,0.0,16,4,4,41.7000146542,-87.6209906133,POINT (-87.620990613347 41.70001465423)
3363cef02f051d5ded896816c880ffb1d0b529554fa8ea207249c4f5e45ddc9dd8dbbcda79fe32a1ad0895e21516f94d48afc3d9e502bf293c6b31dd52f0d15e,,10/01/2023 12:35:00 PM,30,UNKNOWN,UNKNOWN,UNKNOWN,UNKNOWN,REAR END,NOT DIVIDED,,STRAIGHT AND LEVEL,UNKNOWN,UNKNOWN,,NO INJURY / DRIVE AWAY,,,,$500 OR LESS,10/02/2023 02:55:00 PM,UNABLE TO DETERMINE,UNABLE TO DETERMINE,5776,N,RIDGE AVE,2013.0,,,,,,,2,NO INDICATION OF INJURY,0.0,0.0,0.0,0.0,0.0,3.0,0.0,12,1,10,41.9869426271,-87.6657193173,POINT (-87.665719317345 41.986942627076)
82a0b86c6ea3f8899b00a097e9fad4480ccd99ccab7cae8594cb49dde241f4358074c19a1a7c26572d7f0c1151364a1edf9c22684abd3e25229c6bb8ea4ec31e,,12/22/2023 11:00:00 PM,30,NO CONTROLS,NO CONTROLS,CLEAR,"DARKNESS, LIGHTED ROAD",TURNING,NOT DIVIDED,,STRAIGHT AND LEVEL,DRY,NO DEFECTS,NOT ON SCENE (DESK REPORT),INJURY AND / OR TOW DUE TO CRASH,,,,"OVER $1,500",12/23/2023 10:20:00 AM,UNABLE TO DETERMINE,NOT APPLICABLE,5401,S,DAMEN AVE,932.0,,,,,,,2,"REPORTED, NOT EVIDENT",2.0,0.0,0.0,0.0,2.0,2.0,0.0,23,6,12,41.7956770579,-87.6742041468,POINT (-87.674204146848 41.795677057942)
5c5d3a3de2398565c43a2b158ed135efd64d409094a55d3d834aec0dd0914854f32e441612c4987f61a622cadadeac7e7bd8ca8014e97f98926b31e3f17bf0ec,,07/22/2016 09:00:00 AM,30,NO CONTROLS,NO CONTROLS,CLEAR,DAYLIGHT,REAR END,PARKING LOT,,STRAIGHT AND LEVEL,DRY,NO DEFECTS,NOT ON SCENE (DESK REPORT),NO INJURY / DRIVE AWAY,,,,$500 OR LESS,07/22/2016 10:41:00 AM,FOLLOWING TOO CLOSELY,FOLLOWING TOO CLOSELY,4500,S,WESTERN AVE,922.0,,,,,,,2,NO INDICATION OF INJURY,0.0,0.0,0.0,0.0,0.0,2.0,0.0,9,6,7,41.8120170272,-87.6846769146,POINT (-87.684676914642 41.812017027229)
c11f6364b23425827aeee309d8203d48080f346f70ad2190dab90f2a1a5f8c3e537b013a4b25ad9499343d15866cc642ca2fd3152397a1ca2078577bda797119,,04/25/2019 09:30:00 PM,10,NO CONTROLS,NO CONTROLS,CLEAR,"DARKNESS, LIGHTED ROAD",PARKED MOTOR VEHICLE,OTHER,,STRAIGHT AND LEVEL,DRY,NO DEFECTS,NOT ON SCENE (DESK REPORT),NO INJURY / DRIVE AWAY,,Y,Y,"OVER $1,500",04/30/2019 10:02:00 PM,UNABLE TO DETERMINE,UNABLE TO DETERMINE,200,W,87TH ST,622.0,,,,,,,2,NO INDICATION OF INJURY,0.0,0.0,0.0,0.0,0.0,1.0,0.0,21,5,4,41.7362616994,-87.6290647164,POINT (-87.629064716425 41.736261699376)
6d0d29154cc5b428d0b166c4a7fef031c04dde333570c2bec28db253fcf36c572dc50955a0a06ab10775deb0d3d880bfd310356a6b9ba139aaac1feab3b4b201,,07/16/2024 08:45:00 PM,20,NO CONTROLS,NO CONTROLS,CLEAR,DAYLIGHT,PARKED MOTOR VEHICLE,ONE-WAY,,STRAIGHT AND LEVEL,DRY,NO DEFECTS,ON SCENE,NO INJURY / DRIVE AWAY,,,Y,"$501 - $1,500",07/16/2024 10:00:00 PM,FAILING TO REDUCE SPEED TO AVOID CRASH,UNABLE TO DETERMINE,13017,S,HOUSTON AVE,433.0,,,,,,,2,NO INDICATION OF INJURY,0.0,0.0,0.0,0.0,0.0,1.0,0.0,20,3,7,41.6586198458,-87.5482177708,POINT (-87.54821777083 41.658619845801)
25681c8adfada520f0a3317bf78ac35773c61e40417ecc783cef748fee05d68bfcb298b02b478460e375eb1e69b2e740edd47b37d1f097bef5df95c89ab87be9,,03/01/2022 09:35:00 PM,25,NO CONTROLS,NO CONTROLS,CLEAR,DARKNESS,ANGLE,T-INTERSECTION,,STRAIGHT AND LEVEL,DRY,NO DEFECTS,ON SCENE,NO INJURY / DRIVE AWAY,Y,,,"$501 - $1,500",03/01/2022 09:36:00 PM,FAILING TO YIELD RIGHT-OF-WAY,UNABLE TO DETERMINE,2101,N,MENARD AVE,2515.0,,,,,,,2,NO INDICATION OF INJURY,0.0,0.0,0.0,0.0,0.0,2.0,0.0,21,3,3,41.9180665945,-87.7704953071,POINT (-87.770495307126 41.918066594453)
584b22da5eefdaedd8903b13508d0b0b1082171fdcbdbe9393149f61d059c4550fd299574c387775c400c47eb2eaf07e2a7bcd5e02b23c3efcd10bb4e20f696e,,05/20/2025 12:45:00 PM,40,NO CONTROLS,NO CONTROLS,RAIN,DAYLIGHT,REAR END,DIVIDED - W/MEDIAN BARRIER,,"CURVE, LEVEL",WET,NO DEFECTS,ON SCENE,INJURY AND / OR TOW DUE TO CRASH,,,,"OVER $1,500",05/20/2025 12:50:00 PM,WEATHER,NOT APPLICABLE,1000,N,LAKE SHORE DR NB,1824.0,,,,,,,2,NO INDICATION OF INJURY,0.0,0.0,0.0,0.0,0.0,2.0,0.0,12,3,5,41.9009589191,-87.6199281737,POINT (-87.619928173678 41.900958919109)
6cf481d3bc60f330578d744117eb9c7d62e0502e042967807babead28e3091b6da8176478c064c5a8d1993d4eb5e8fd54ae59ede8f9d4c0442b8724a86c55a70,,10/23/2025 05:00:00 PM,30,STOP SIGN/FLASHER,NO CONTROLS,CLEAR,DAYLIGHT,ANGLE,NOT DIVIDED,,STRAIGHT AND LEVEL,UNKNOWN,UNKNOWN,NOT ON SCENE (DESK REPORT),NO INJURY / DRIVE AWAY,,,Y,"OVER $1,500",10/23/2025 05:30:00 PM,UNABLE TO DETERMINE,NOT APPLICABLE,4409,W,CARROLL AVE,1113.0,,,,,,,2,NO INDICATION OF INJURY,0.0,0.0,0.0,0.0,0.0,2.0,0.0,17,5,10,41.8867620909,-87.7360983833,POINT (-87.736098383259 41.886762090875)
422929c8e3a0665bc7d19181ae61f0b490ae4d5e86a78cd6a18866cb3746f87110e63a90360f38f7b2db7a651fc4009e389f9abde21cc4e96b45c457806a43de,,08/14/2018 03:20:00 PM,30,NO CONTROLS,NO CONTROLS,CLEAR,DAYLIGHT,SIDESWIPE SAME DIRECTION,DIVIDED - W/MEDIAN (NOT RAISED),4,STRAIGHT AND LEVEL,DRY,NO DEFECTS,ON SCENE,NO INJURY / DRIVE AWAY,,,Y,"OVER $1,500",08/14/2018 03:48:00 PM,IMPROPER OVERTAKING/PASSING,NOT APPLICABLE,3210,W,ADDISON ST,1733.0,,,,,,,2,NO INDICATION OF INJURY,0.0,0.0,0.0,0.0,0.0,2.0,0.0,15,3,8,41.9467370265,-87.708334082,POINT (-87.708334082031 41.946737026535)
7448fe6ef1109f7d1cde33839597257a8bfd45690a02e308ea04448c336f9611a3244bd0d5d6fb410b4c61ae3e021def85ff76b6d3bae3a786ca4e38cbf32530,,01/18/2024 05:32:00 PM,30,TRAFFIC SIGNAL,FUNCTIONING PROPERLY,CLOUDY/OVERCAST,"DARKNESS, LIGHTED ROAD",TURNING,FOUR WAY,,STRAIGHT AND LEVEL,DRY,NO DEFECTS,NOT ON SCENE (DESK REPORT),NO INJURY / DRIVE AWAY,Y,,,"OVER $1,500",01/18/2024 06:45:00 PM,FAILING TO YIELD RIGHT-OF-WAY,NOT APPLICABLE,6200,N,BROADWAY,2433.0,,,,,,,2,NO INDICATION OF INJURY,0.0,0.0,0.0,0.0,0.0,6.0,0.0,17,5,1,41.994641657,-87.6605557359,POINT (-87.660555735853 41.994641656952)
b2a63dfeff3951f6764c2fe350beb202d2e4046eece78f9b3c7d48ddfd7182cb39a004511818e559a48b75287f8346a2a509afcb1f90355dc86b3b38b3091d38,,05/31/2022 04:00:00 PM,30,NO CONTROLS,NO CONTROLS,CLEAR,DAYLIGHT,SIDESWIPE SAME DIRECTION,NOT DIVIDED,,STRAIGHT AND LEVEL,DRY,NO DEFECTS,ON SCENE,NO INJURY / DRIVE AWAY,Y,,Y,$500 OR LESS,05/31/2022 04:08:00 PM,IMPROPER TURNING/NO SIGNAL,FAILING TO YIELD RIGHT-OF-WAY,2851,N,WESTERN AVE,1432.0,,,,,,,2,NO INDICATION OF INJURY,0.0,0.0,0.0,0.0,0.0,2.0,0.0,16,3,5,41.9337537098,-87.687789605,POINT (-87.687789604956 41.933753709837)