CRASH_RECORD_ID,CRASH_DATE_EST_I,CRASH_DATE,POSTED_SPEED_LIMIT,TRAFFIC_CONTROL_DEVICE,DEVICE_CONDITION,WEATHER_CONDITION,LIGHTING_CONDITION,FIRST_CRASH_TYPE,TRAFFICWAY_TYPE,LANE_CNT,ALIGNMENT,ROADWAY_SURFACE_COND,ROAD_DEFECT,REPORT_TYPE,CRASH_TYPE,INTERSECTION_RELATED_I,NOT_RIGHT_OF_WAY_I,HIT_AND_RUN_I,DAMAGE,DATE_POLICE_NOTIFIED,PRIM_CONTRIBUTORY_CAUSE,SEC_CONTRIBUTORY_CAUSE,STREET_NO,STREET_DIRECTION,STREET_NAME,BEAT_OF_OCCURRENCE,PHOTOS_TAKEN_I,STATEMENTS_TAKEN_I,DOORING_I,WORK_ZONE_I,WORK_ZONE_TYPE,WORKERS_PRESENT_I,NUM_UNITS,MOST_SEVERE_INJURY,INJURIES_TOTAL,INJURIES_FATAL,INJURIES_INCAPACITATING,INJURIES_NON_INCAPACITATING,INJURIES_REPORTED_NOT_EVIDENT,INJURIES_NO_INDICATION,INJURIES_UNKNOWN,CRASH_HOUR,CRASH_DAY_OF_WEEK,CRASH_MONTH,LATITUDE,LONGITUDE,LOCATION
a78de91ad13fae75d05f601978d8e8829c9558b9ac131b00b328550d32462b974bbc85fbbe76bcf4b13b51bd18fb4203e2ccbcd46702e7de40b0ee4240e65593,,01/22/2024 04:13:00 PM,30,NO CONTROLS,NO CONTROLS,FREEZING RAIN/DRIZZLE,"DARKNESS, LIGHTED ROAD",REAR END,NOT DIVIDED,,STRAIGHT AND LEVEL,WET,NO DEFECTS,NOT ON SCENE (DESK REPORT),NO INJURY / DRIVE AWAY,,,,"OVER $1,500",01/22/2024 04:39:00 PM,FAILING TO REDUCE SPEED TO AVOID CRASH,DISTRACTION - FROM INSIDE VEHICLE,4505,W,LAWRENCE AVE,1722.0,,,,,,,3,NO INDICATION OF INJURY,0.0,0.0,0.0,0.0,0.0,3.0,0.0,16,2,1,41.9679840867,-87.7416928221,POINT (-87.741692822088 41.967984086661)
6e7b94c130ea0f21590179ba609a2ae13430d79ef30642332d9ce44f3b63bc68e72de2f1ee3b31c7950b2019ad4f7329c0ba6905497f7a55bc2af8afc54c2fe6,,04/24/2022 07:50:00 PM,20,TRAFFIC SIGNAL,NO CONTROLS,CLEAR,"DARKNESS, LIGHTED ROAD",TURNING,NOT DIVIDED,,STRAIGHT AND LEVEL,DRY,NO DEFECTS,NOT ON SCENE (DESK REPORT),NO INJURY / DRIVE AWAY,,,,"OVER $1,500",04/27/2022 05:45:00 PM,FAILING TO YIELD RIGHT-OF-WAY,NOT APPLICABLE,5500,S,DAMEN AVE,715.0,,,,,,,2,NO INDICATION OF INJURY,0.0,0.0,0.0,0.0,0.0,3.0,0.0,19,1,4,41.7934783622,-87.6744262209,POINT (-87.674426220934 41.7934783622)
93da7103fcf1001cd0fb4a991ffff7c6bc6e456f5b50f2b558001e517888a07889089e1b464adeb480d0fe0ea538a51474674ec50cf8cb102eabf66158eb507c,,01/25/2019 07:45:00 AM,25,NO CONTROLS,NO CONTROLS,CLEAR,DAYLIGHT,ANGLE,NOT DIVIDED,4,STRAIGHT AND LEVEL,ICE,NO DEFECTS,ON SCENE,INJURY AND / OR TOW DUE TO CRASH,,,,"OVER $1,500",01/25/2019 08:00:00 AM,FAILING TO YIELD RIGHT-OF-WAY,WEATHER,3146,W,TOUHY AVE,2411.0,,,,,,,2,NO INDICATION OF INJURY,0.0,0.0,0.0,0.0,0.0,3.0,0.0,7,6,1,42.0119798793,-87.7085338515,POINT (-87.708533851483 42.011979879283)
e20fb0649154566f0244de6cdc3178033ea524cd3621e41e421b39738c6900178172f65b388c0920e6f4d252d87292c0bab200f0422a143ca14687e34503208b,,01/27/2023 01:50:00 PM,30,TRAFFIC SIGNAL,FUNCTIONING PROPERLY,SNOW,DAYLIGHT,SIDESWIPE OPPOSITE DIRECTION,NOT DIVIDED,,STRAIGHT AND LEVEL,SNOW OR SLUSH,NO DEFECTS,ON SCENE,INJURY AND / OR TOW DUE TO CRASH,,,,"OVER $1,500",01/27/2023 02:00:00 PM,WEATHER,NOT APPLICABLE,7731,N,SHERIDAN RD,2422.0,,,,,,,2,NO INDICATION OF INJURY,0.0,0.0,0.0,0.0,0.0,2.0,0.0,13,6,1,42.0220293368,-87.6666839942,POINT (-87.666683994151 42.022029336816)
24ffa637bdcb78f2200aa495dfa0897e99b2319cf2e44e3f5ca64633baacb3140713883ff6efbf498def1b503bac2dc3a3f594c26d80e6cd1cb539ad7cd5363e,,04/12/2023 10:00:00 AM,10,NO CONTROLS,NO CONTROLS,UNKNOWN,UNKNOWN,PARKED MOTOR VEHICLE,PARKING LOT,,STRAIGHT AND LEVEL,UNKNOWN,NO DEFECTS,NOT ON SCENE (DESK REPORT),NO INJURY / DRIVE AWAY,,Y,,"OVER $1,500",04/30/2023 04:15:00 PM,UNABLE TO DETERMINE,NOT APPLICABLE,4657,S,DREXEL BLVD,222.0,,,,,,,2,NO INDICATION OF INJURY,0.0,0.0,0.0,0.0,0.0,1.0,0.0,10,4,4,41.8097139386,-87.6037533683,POINT (-87.603753368258 41.80971393858)
e917bd57ae70e0921ff9c14c318c1925f589f8a4c396a2dd3a7c0cffa7f0d7c17e904034e17804b6780f509b0b9b2a03837616cc2db11fa4a71a36113efef397,,02/06/2025 03:30:00 AM,30,NO CONTROLS,NO CONTROLS,FREEZING RAIN/DRIZZLE,"DARKNESS, LIGHTED ROAD",FIXED OBJECT,OTHER,,STRAIGHT AND LEVEL,ICE,NO DEFECTS,NOT ON SCENE (DESK REPORT),NO INJURY / DRIVE AWAY,,,,"$501 - $1,500",02/07/2025 09:00:00 PM,WEATHER,NOT APPLICABLE,401,N,STATE ST,1834.0,,,,,,,1,NO INDICATION OF INJURY,0.0,0.0,0.0,0.0,0.0,1.0,0.0,3,5,2,41.889265416,-87.6278676579,POINT (-87.627867657864 41.889265415961)
7acd91e4fe268310c530751e68e8b949209f65c7635f07a1ae822511a68c89a927b2001ca122e8f074c8e08f1752739a6727bae3b68014d44058a1b770ad2c28,,10/06/2015 10:05:00 AM,30,STOP SIGN/FLASHER,FUNCTIONING PROPERLY,CLEAR,DAYLIGHT,REAR END,DIVIDED - W/MEDIAN (NOT RAISED),4,STRAIGHT AND LEVEL,DRY,NO DEFECTS,NOT ON SCENE (DESK REPORT),NO INJURY / DRIVE AWAY,,,,"OVER $1,500",10/06/2015 10:55:00 AM,FOLLOWING TOO CLOSELY,FAILING TO REDUCE SPEED TO AVOID CRASH,4099,N,HARLEM AVE,1632.0,,,,,,,2,NO INDICATION OF INJURY,0.0,0.0,0.0,0.0,0.0,2.0,0.0,10,3,10,,,
b223f6034c3830a41eeb72baddd67f8b97f1ea6526cb69cf051809771245ff020eaaa6d2332ac0d118586fca80595772cdf2c3bdcf337403c9b47a950569993c,,11/21/2020 11:00:00 AM,15,NO CONTROLS,NO CONTROLS,CLEAR,DAYLIGHT,PARKED MOTOR VEHICLE,NOT DIVIDED,,STRAIGHT AND LEVEL,DRY,NO DEFECTS,ON SCENE,NO INJURY / DRIVE AWAY,,,Y,"OVER $1,500",11/21/2020 11:33:00 AM,UNABLE TO DETERMINE,DRIVING SKILLS/KNOWLEDGE/EXPERIENCE,706,E,38TH PL,212.0,,,,,,,2,NO INDICATION OF INJURY,0.0,0.0,0.0,0.0,0.0,1.0,0.0,11,7,11,41.8250022054,-87.6094963362,POINT (-87.609496336241 41.825002205358)
8ef0fa7944aa44dbee01b2d36289fa8655ebef1ee232ccd51657c68299c19d077cf95339160a0393dd3c3e6deb9199389d6e136c9fb246e48ed3438abae625fa,,02/07/2019 09:11:00 AM,15,STOP SIGN/FLASHER,FUNCTIONING PROPERLY,RAIN,DAYLIGHT,SIDESWIPE SAME DIRECTION,RAMP,1,STRAIGHT ON GRADE,WET,NO DEFECTS,ON SCENE,INJURY AND / OR TOW DUE TO CRASH,Y,,,"OVER $1,500",02/07/2019 09:20:00 AM,IMPROPER OVERTAKING/PASSING,FAILING TO REDUCE SPEED TO AVOID CRASH,4213,N,KOSTNER AVE,1722.0,,,,,,,2,NO INDICATION OF INJURY,0.0,0.0,0.0,0.0,0.0,2.0,0.0,9,5,2,41.9576560236,-87.738132982,POINT (-87.738132982033 41.957656023585)
cf03aa4c7cc726f15895148a0cb37f69c75ca2479efbabfe2738721372c3e62445e6081e1cf8c67e65156c46d47a8b30c0269d02b57ab84bae536c6ea0db1268,,12/24/2022 05:30:00 PM,30,NO CONTROLS,NO CONTROLS,CLEAR,"DARKNESS, LIGHTED ROAD",TURNING,DIVIDED - W/MEDIAN (NOT RAISED),,STRAIGHT AND LEVEL,SNOW OR SLUSH,NO DEFECTS,ON SCENE,INJURY AND / OR TOW DUE TO CRASH,,,,"OVER $1,500",12/24/2022 05:41:00 PM,IMPROPER TURNING/NO SIGNAL,IMPROPER TURNING/NO SIGNAL,1341,S,CLARK ST,131.0,,,,,,,2,NO INDICATION OF INJURY,0.0,0.0,0.0,0.0,0.0,2.0,0.0,17,7,12,41.8645939053,-87.6301816494,POINT (-87.630181649433 41.864593905269)
c1016883265c84609da66db95c40a05eb2d554a58a7eeef47c4aba2722dc47ba8c4e543afb4fe6d56b467e7dc5ec029d46f542c7a360870f4eb1517e33ae8242,,11/15/2019 02:00:00 PM,15,NO CONTROLS,NO CONTROLS,UNKNOWN,UNKNOWN,REAR END,OTHER,,STRAIGHT AND LEVEL,WET,NO DEFECTS,NOT ON SCENE (DESK REPORT),NO INJURY / DRIVE AWAY,,Y,,"OVER $1,500",11/15/2019 02:58:00 PM,DRIVING SKILLS/KNOWLEDGE/EXPERIENCE,NOT APPLICABLE,1768,W,ARMITAGE AVE,1432.0,,,,,,,2,NO INDICATION OF INJURY,0.0,0.0,0.0,0.0,0.0,2.0,0.0,14,6,11,41.9179607417,-87.6727043698,POINT (-87.672704369807 41.917960741746)
1647677ae144d9fb17af9ac1794047306cd199ccb90786f63cd73d89a1bff1f3b6ab31178fa717d82b27c283bbeb86832afd9a4607759757666674f2b5e0a69e,,03/23/2023 07:51:00 AM,30,TRAFFIC SIGNAL,FUNCTIONING PROPERLY,RAIN,DAYLIGHT,FIXED OBJECT,FOUR WAY,,STRAIGHT AND LEVEL,WET,UNKNOWN,ON SCENE,INJURY AND / OR TOW DUE TO CRASH,Y,,,"OVER $1,500",03/23/2023 07:55:00 AM,FAILING TO YIELD RIGHT-OF-WAY,FAILING TO YIELD RIGHT-OF-WAY,3902,S,NORMAL AVE,925.0,,,,,,,1,NO INDICATION OF INJURY,0.0,0.0,0.0,0.0,0.0,2.0,0.0,7,5,3,41.8233992595,-87.6387579473,POINT (-87.63875794728 41.823399259468)
d0220768f7b71d2a8aac2fe690f9355c259e7867f384657aa00585bd6b91ccdf68654dfaab1a1ee6155e7702c5d8c37adacd107c264fba232419d11e44b7f1fa,,02/26/2018 11:48:00 AM,30,TRAFFIC SIGNAL,FUNCTIONING PROPERLY,CLEAR,DAYLIGHT,TURNING,NOT DIVIDED,,STRAIGHT AND LEVEL,DRY,NO DEFECTS,ON SCENE,INJURY AND / OR TOW DUE TO CRASH,Y,,,"$501 - $1,500",02/26/2018 11:48:00 AM,UNABLE TO DETERMINE,UNABLE TO DETERMINE,7500,S,COTTAGE GROVE AVE,624.0,,,,,,,2,NONINCAPACITATING INJURY,1.0,0.0,0.0,1.0,0.0,2.0,0.0,11,2,2,41.7584848876,-87.6055332197,POINT (-87.605533219704 41.758484887637)
f5b37aaaa9fbd1a976f19524b4e7b621b02ee24e0226cf7b85dee32bb4c608d90693d3fe1d088828955f44915661292409b22516b98b8ace24519c7320054e57,,10/11/2019 01:40:00 PM,30,TRAFFIC SIGNAL,FUNCTIONING PROPERLY,CLEAR,DAYLIGHT,TURNING,T-INTERSECTION,,STRAIGHT AND LEVEL,DRY,NO DEFECTS,NOT ON SCENE (DESK REPORT),NO INJURY / DRIVE AWAY,Y,,Y,"$501 - $1,500",10/18/2019 07:30:00 PM,IMPROPER TURNING/NO SIGNAL,IMPROPER OVERTAKING/PASSING,211,S,MICHIGAN AVE,114.0,,,,,,,2,NO INDICATION OF INJURY,0.0,0.0,0.0,0.0,0.0,2.0,0.0,13,6,10,41.8792636864,-87.624199353,POINT (-87.624199353001 41.879263686381)
e1b46dc49c22c3508a64050371addc6a2e42710b43f668829f128c4fd7f892f3b13df2efe0cc486834767f1686694c9714ea18b9f36f305be2d3d955314ad0c6,,06/04/2019 04:30:00 PM,5,NO CONTROLS,NO CONTROLS,CLEAR,DAYLIGHT,PARKED MOTOR VEHICLE,PARKING LOT,,STRAIGHT AND LEVEL,DRY,NO DEFECTS,NOT ON SCENE (DESK REPORT),NO INJURY / DRIVE AWAY,,,Y,"$501 - $1,500",06/04/2019 07:00:00 PM,UNABLE TO DETERMINE,UNABLE TO DETERMINE,2558,W,16TH ST,1023.0,,,,,,,2,NO INDICATION OF INJURY,0.0,0.0,0.0,0.0,0.0,1.0,0.0,16,3,6,41.8593965617,-87.690644563,POINT (-87.690644562974 41.859396561683)
3aeb3586f48302155009afc247d7d2ecb6cebd14056c8d67e128fc1da9e9ce7a07a080c19095d7eaff585de25d624389970e19d004a2d3701df63ea250b0be43,,07/31/2024 06:00:00 PM,30,TRAFFIC SIGNAL,FUNCTIONING PROPERLY,CLEAR,DAYLIGHT,TURNING,NOT DIVIDED,,STRAIGHT AND LEVEL,DRY,NO DEFECTS,ON SCENE,INJURY AND / OR TOW DUE TO CRASH,,,,"OVER $1,500",07/31/2024 06:06:00 PM,DRIVING SKILLS/KNOWLEDGE/EXPERIENCE,FAILING TO REDUCE SPEED TO AVOID CRASH,4200,S,CICERO AVE,814.0,,,,,,,2,NO INDICATION OF INJURY,0.0,0.0,0.0,0.0,0.0,2.0,0.0,18,4,7,41.8167293867,-87.7435367125,POINT (-87.743536712476 41.816729386747)
a4bdb4fb177422984c55812f90a5260b7ff4240745d2eff99020b59d4ae995d97efbf60fa819c3342707e7c332209b900b1f07c755237049383c3013bf070759,,04/05/2024 08:00:00 PM,30,NO CONTROLS,UNKNOWN,CLEAR,DARKNESS,PARKED MOTOR VEHICLE,NOT DIVIDED,,STRAIGHT AND LEVEL,DRY,NO DEFECTS,ON SCENE,INJURY AND / OR TOW DUE TO CRASH,,,,"$501 - $1,500",04/05/2024 08:22:00 PM,UNDER THE INFLUENCE OF ALCOHOL/DRUGS (USE WHEN ARREST IS EFFECTED),UNDER THE INFLUENCE OF ALCOHOL/DRUGS (USE WHEN ARREST IS EFFECTED),600,W,VAN BUREN ST,121.0,,,,,,,2,NO INDICATION OF INJURY,0.0,0.0,0.0,0.0,0.0,1.0,0.0,20,6,4,41.8768417103,-87.6425734101,POINT (-87.642573410054 41.876841710277)
ddecc6c1aabe78e1ec4ad106ec9f415cbd2d0050e8a8d2895ac8644db71c692523d54c0693395722bf818d1c8ea8a1013ba17181d636078bd1b598f26b2c7077,,08/01/2023 04:25:00 PM,30,STOP SIGN/FLASHER,FUNCTIONING PROPERLY,UNKNOWN,UNKNOWN,REAR END,NOT DIVIDED,,STRAIGHT AND LEVEL,UNKNOWN,UNKNOWN,NOT ON SCENE (DESK REPORT),NO INJURY / DRIVE AWAY,,,,"$501 - $1,500",08/09/2023 01:40:00 PM,UNABLE TO DETERMINE,NOT APPLICABLE,10700,S,SANGAMON ST,2234.0,,,,,,,2,NO INDICATION OF INJURY,0.0,0.0,0.0,0.0,0.0,2.0,0.0,16,3,8,41.6995573773,-87.6464000291,POINT (-87.646400029057 41.699557377317)
64bf4c08a9a258dfd0b377ba4d74c1c92d1c17b52c5864c28e65952d215fe8da45fe527e01cea851a5f3f6be74a7104f698de718a582a6ec0e58f581fbaae953,,02/21/2025 09:10:00 PM,30,NO CONTROLS,NO CONTROLS,CLEAR,"DARKNESS, LIGHTED ROAD",SIDESWIPE SAME DIRECTION,NOT DIVIDED,,STRAIGHT AND LEVEL,DRY,NO DEFECTS,ON SCENE,INJURY AND / OR TOW DUE TO CRASH,,,Y,"OVER $1,500",02/21/2025 09:24:00 PM,UNDER THE INFLUENCE OF ALCOHOL/DRUGS (USE WHEN ARREST IS EFFECTED),IMPROPER OVERTAKING/PASSING,6418,N,WESTERN AVE,2412.0,,,,,,,2,NO INDICATION OF INJURY,0.0,0.0,0.0,0.0,0.0,4.0,0.0,21,6,2,41.9983243642,-87.6900495907,POINT (-87.690049590721 41.998324364245)
0b3f56482be2fae099f6aa5e620c3c89ef766adbb7216e54b826b2e7b8a75ad34e5ff7d6d5489e609c3ff90367788819c8e0d963388e4b9ebc85cdf888f72d2e,Y,11/13/2017 12:00:00 AM,30,NO CONTROLS,NO CONTROLS,UNKNOWN,UNKNOWN,PARKED MOTOR VEHICLE,NOT DIVIDED,2,STRAIGHT AND LEVEL,UNKNOWN,NO DEFECTS,ON SCENE,NO INJURY / DRIVE AWAY,,,Y,"$501 - $1,500",11/13/2017 12:33:00 PM,UNABLE TO DETERMINE,NOT APPLICABLE,5615,W,LAWRENCE AVE,1622.0,,,,,,,2,NO INDICATION OF INJURY,0.0,0.0,0.0,0.0,0.0,1.0,0.0,0,2,11,41.9676653085,-87.7681119155,POINT (-87.768111915531 41.967665308451)
130d75fdd33aaac7ec5d91520b372174dc53195480064c50613560d04d957977162791eda16a2a36188f26bfadac9110f8ba087f2e86acb324ac734cfaf99554,,12/14/2017 03:30:00 PM,30,TRAFFIC SIGNAL,FUNCTIONING PROPERLY,CLEAR,DAYLIGHT,TURNING,DIVIDED - W/MEDIAN (NOT RAISED),,STRAIGHT AND LEVEL,DRY,UNKNOWN,NOT ON SCENE (DESK REPORT),NO INJURY / DRIVE AWAY,Y,,,"$501 - $1,500",12/19/2017 07:45:00 PM,UNABLE TO DETERMINE,NOT APPLICABLE,1603,W,BELMONT AVE,1931.0,,,,,,,2,NO INDICATION OF INJURY,0.0,0.0,0.0,0.0,0.0,2.0,0.0,15,5,12,41.9395841603,-87.668856221,POINT (-87.668856220951 41.939584160315)
62b3b45c4a357defacca7cd06749c59d17f899079fa00c74ca53053c8b1eb5de4b382cd493da7f44008cc6f281cc7f74da70a3e0e0cea0525f729eaf2632578b,,08/09/2021 09:36:00 PM,30,TRAFFIC SIGNAL,UNKNOWN,RAIN,DUSK,TURNING,"FIVE POINT, OR MORE",,STRAIGHT AND LEVEL,UNKNOWN,UNKNOWN,ON SCENE,INJURY AND / OR TOW DUE TO CRASH,Y,,,"OVER $1,500",08/09/2021 10:20:00 PM,FAILING TO YIELD RIGHT-OF-WAY,IMPROPER OVERTAKING/PASSING,2015,W,IRVING PARK RD,1921.0,,,,,,,2,NONINCAPACITATING INJURY,1.0,0.0,0.0,1.0,0.0,1.0,0.0,21,2,8,41.9540359656,-87.6795064785,POINT (-87.679506478482 41.954035965631)
a2cb8801dc285062b6919eb4090aa70252fb04ccfbff46325faa43d58f84b819099c7f3d5ec3750e37c49ad67ed5ff6c5cc36c3058c7ab0f0410c4cc8103d0f6,,03/26/2024 12:00:00 AM,25,TRAFFIC SIGNAL,FUNCTIONING PROPERLY,RAIN,DAWN,HEAD ON,NOT DIVIDED,,STRAIGHT AND LEVEL,WET,NO DEFECTS,,INJURY AND / OR TOW DUE TO CRASH,,,,"$501 - $1,500",03/26/2024 12:09:00 AM,FAILING TO REDUCE SPEED TO AVOID CRASH,NOT APPLICABLE,5111,S,RICHMOND ST,923.0,,,,,,,2,"REPORTED, NOT EVIDENT",1.0,0.0,0.0,0.0,1.0,1.0,0.0,0,3,3,41.8005532255,-87.6975082909,POINT (-87.697508290874 41.800553225549)
dfd9fb04b87453eaf0d7acbd6de61fc2e0ba2b715a8f852831952aee23f15de3a0f7c6a945bf0e23435c4de5f84c19878524db41dab71776339950e2313fbcd2,,09/09/2023 12:30:00 PM,30,NO CONTROLS,NO CONTROLS,CLEAR,DAYLIGHT,REAR END,T-INTERSECTION,,STRAIGHT AND LEVEL,DRY,NO DEFECTS,ON SCENE,NO INJURY / DRIVE AWAY,,,,"OVER $1,500",09/09/2023 12:40:00 PM,FOLLOWING TOO CLOSELY,FAILING TO REDUCE SPEED TO AVOID CRASH,1220,N,KOSTNER AVE,2533.0,,,,,,,2,NO INDICATION OF INJURY,0.0,0.0,0.0,0.0,0.0,3.0,0.0,12,7,9,41.9031385535,-87.7363045786,POINT (-87.736304578566 41.903138553518)
f3e70c341876e034264fd2b72e3851cb48419ac10e81b536171bf01231aacc4a4fbbf1b4cb98289dfb3a1c12e438519fa4de494b851d6e8ff24ccc070879d97c,,12/26/2024 01:38:00 PM,15,NO CONTROLS,NO CONTROLS,CLOUDY/OVERCAST,DAYLIGHT,SIDESWIPE SAME DIRECTION,ONE-WAY,,STRAIGHT AND LEVEL,WET,NO DEFECTS,ON SCENE,NO INJURY / DRIVE AWAY,,,,"OVER $1,500",12/26/2024 02:00:00 PM,UNABLE TO DETERMINE,UNABLE TO DETERMINE,1,S,BAGGAGE LN,813.0,,,,,,,2,NO INDICATION OF INJURY,0.0,0.0,0.0,0.0,0.0,2.0,0.0,13,5,12,,,
0fad42e139dc3e5a84ef9415b59347c35df59f04de7a69cfc4daad03dcde257900316079f74ce2363d5b01c12ba7b6f0e5b9f6a4cb5c8d9845f544d6f29f96a8,,05/24/2023 08:00:00 AM,30,STOP SIGN/FLASHER,FUNCTIONING PROPERLY,CLEAR,DAYLIGHT,TURNING,NOT DIVIDED,,STRAIGHT AND LEVEL,DRY,UNKNOWN,NOT ON SCENE (DESK REPORT),NO INJURY / DRIVE AWAY,Y,,,"OVER $1,500",05/24/2023 05:10:00 PM,NOT APPLICABLE,IMPROPER OVERTAKING/PASSING,1072,N,MILWAUKEE AVE,1213.0,,,,,,,2,NO INDICATION OF INJURY,0.0,0.0,0.0,0.0,0.0,2.0,0.0,8,4,5,41.9012836434,-87.6634836249,POINT (-87.663483624885 41.901283643393)
b7a6e5e8e125c2d9e8124533e088c67cabf24d32be3b49ad7a6f7aa886f2d02a7b61ebe4d5b0a6ab2459febab40ca87641fb0d5e64c14f4d08c1047702a28a9a,,03/06/2020 04:20:00 PM,35,NO CONTROLS,NO CONTROLS,CLEAR,DAYLIGHT,REAR END,DIVIDED - W/MEDIAN (NOT RAISED),,STRAIGHT AND LEVEL,DRY,NO DEFECTS,NOT ON SCENE (DESK REPORT),NO INJURY / DRIVE AWAY,,,,"OVER $1,500",03/06/2020 05:00:00 PM,FOLLOWING TOO CLOSELY,UNABLE TO DETERMINE,3524,W,IRVING PARK RD,1723.0,,,,,,,2,NO INDICATION OF INJURY,0.0,0.0,0.0,0.0,0.0,2.0,0.0,16,6,3,41.9539158767,-87.7164448757,POINT (-87.716444875724 41.953915876683)
dbc78597c56b801225420c43d15c73f6b388584d6ea547888c76a99e9c3701891b82696134d1766d54b29ea0225340c75fb4e82cba4b4cc3e816718fe3bf35c6,,04/23/2022 08:00:00 PM,30,TRAFFIC SIGNAL,FUNCTIONING PROPERLY,CLEAR,DARKNESS,ANGLE,DIVIDED - W/MEDIAN (NOT RAISED),,STRAIGHT AND LEVEL,UNKNOWN,UNKNOWN,NOT ON SCENE (DESK REPORT),NO INJURY / DRIVE AWAY,Y,,,"OVER $1,500",05/02/2022 11:30:00 AM,UNABLE TO DETERMINE,UNABLE TO DETERMINE,2000,W,GARFIELD BLVD,932.0,,,,,,,2,NO INDICATION OF INJURY,0.0,0.0,0.0,0.0,0.0,2.0,0.0,20,7,4,41.7940254586,-87.6743635083,POINT (-87.674363508337 41.79402545864)
7081eaf779164ae8d0038e3d330c78c24e594fcc8b16c7b1c6034b71387445d14253ee540a46caa87d844f449ca456349c44580fd5d3062593c592bee2925876,Y,04/27/2016 06:25:00 PM,30,TRAFFIC SIGNAL,FUNCTIONING PROPERLY,RAIN,DAYLIGHT,SIDESWIPE SAME DIRECTION,NOT DIVIDED,2,STRAIGHT AND LEVEL,WET,NO DEFECTS,NOT ON SCENE (DESK REPORT),INJURY AND / OR TOW DUE TO CRASH,Y,,,"OVER $1,500",04/29/2016 06:15:00 PM,IMPROPER LANE USAGE,NOT APPLICABLE,342,N,COLUMBUS DR,114.0,,,,,,,2,NONINCAPACITATING INJURY,1.0,0.0,0.0,1.0,0.0,1.0,0.0,18,4,4,41.8880762663,-87.6207757007,POINT (-87.620775700742 41.888076266309)
849abe32d61613cd68d0179b25afc87d6d5d7ad5dc4a2ee01799b3641b331d618c10b4e899aa7c9df362e885f9ed205ac5dbbcbf106caef25530fe8d84294984,Y,10/13/2019 06:00:00 PM,30,NO CONTROLS,NO CONTROLS,UNKNOWN,UNKNOWN,PARKED MOTOR VEHICLE,NOT DIVIDED,,STRAIGHT AND LEVEL,UNKNOWN,UNKNOWN,NOT ON SCENE (DESK REPORT),NO INJURY / DRIVE AWAY,,,Y,$500 OR LESS,10/15/2019 01:35:00 PM,UNABLE TO DETERMINE,UNABLE TO DETERMINE,1301,W,ARGYLE ST,2033.0,,,,,,,2,NO INDICATION OF INJURY,0.0,0.0,0.0,0.0,0.0,1.0,0.0,18,1,10,41.9725219825,-87.6624497916,POINT (-87.662449791558 41.972521982531)
26d0d62117f79d900cd7a1e3c47cd50a8c596225400adec7361704f4cbae1b03df5f28d84df2fb74f9cf3d716b02e85a4da6496bc1739646b6c9e493b49a4702,Y,09/13/2022 02:35:00 PM,30,TRAFFIC SIGNAL,FUNCTIONING PROPERLY,CLEAR,DAYLIGHT,SIDESWIPE SAME DIRECTION,NOT DIVIDED,,STRAIGHT AND LEVEL,DRY,NO DEFECTS,NOT ON SCENE (DESK REPORT),NO INJURY / DRIVE AWAY,Y,,,"OVER $1,500",09/14/2022 10:00:00 AM,DISTRACTION - FROM OUTSIDE VEHICLE,DRIVING SKILLS/KNOWLEDGE/EXPERIENCE,6000,N,RIDGE AVE,2433.0,,,,,,,2,NO INDICATION OF INJURY,0.0,0.0,0.0,0.0,0.0,2.0,0.0,14,3,9,41.9907226326,-87.6722886042,POINT (-87.672288604165 41.990722632567)
a485cfed8c91ce9a38cce92f2ee22b115315ec4ec6397b087aea115eafce52ac7a0558faa054a4de499f45f017c3fe718542d0cf978b8b3b3b848af6a1da21cc,,02/22/2025 11:30:00 PM,30,TRAFFIC SIGNAL,FUNCTIONING PROPERLY,CLEAR,"DARKNESS, LIGHTED ROAD",REAR END,NOT DIVIDED,,STRAIGHT AND LEVEL,DRY,NO DEFECTS,NOT ON SCENE (DESK REPORT),NO INJURY / DRIVE AWAY,,,,"OVER $1,500",02/23/2025 01:15:00 AM,FOLLOWING TOO CLOSELY,FAILING TO REDUCE SPEED TO AVOID CRASH,2448,W,ADDISON ST,1921.0,,,,,,,2,NO INDICATION OF INJURY,0.0,0.0,0.0,0.0,0.0,2.0,0.0,23,7,2,41.9468384596,-87.6902335202,POINT (-87.690233520197 41.946838459631)
30d673de6058d815e66c31f62c91537312f660540b067313269f1795a3ab585d3de6715cb69c5e089ca8ab43e040eb14d99d06959adc5e457908eec9cc971ee5,,01/20/2023 06:30:00 PM,30,TRAFFIC SIGNAL,FUNCTIONING PROPERLY,CLEAR,"DARKNESS, LIGHTED ROAD",ANGLE,FOUR WAY,,STRAIGHT AND LEVEL,DRY,NO DEFECTS,ON SCENE,INJURY AND / OR TOW DUE TO CRASH,Y,,Y,"OVER $1,500",01/20/2023 06:36:00 PM,DISREGARDING TRAFFIC SIGNALS,UNABLE TO DETERMINE,1600,W,79TH ST,611.0,,,,,,,2,NO INDICATION OF INJURY,0.0,0.0,0.0,0.0,0.0,3.0,0.0,18,6,1,41.7504657633,-87.6634742534,POINT (-87.663474253351 41.750465763298)