CRASH_RECORD_ID,CRASH_DATE_EST_I,CRASH_DATE,POSTED_SPEED_LIMIT,TRAFFIC_CONTROL_DEVICE,DEVICE_CONDITION,WEATHER_CONDITION,LIGHTING_CONDITION,FIRST_CRASH_TYPE,TRAFFICWAY_TYPE,LANE_CNT,ALIGNMENT,ROADWAY_SURFACE_COND,ROAD_DEFECT,REPORT_TYPE,CRASH_TYPE,INTERSECTION_RELATED_I,NOT_RIGHT_OF_WAY_I,HIT_AND_RUN_I,DAMAGE,DATE_POLICE_NOTIFIED,PRIM_CONTRIBUTORY_CAUSE,SEC_CONTRIBUTORY_CAUSE,STREET_NO,STREET_DIRECTION,STREET_NAME,BEAT_OF_OCCURRENCE,PHOTOS_TAKEN_I,STATEMENTS_TAKEN_I,DOORING_I,WORK_ZONE_I,WORK_ZONE_TYPE,WORKERS_PRESENT_I,NUM_UNITS,MOST_SEVERE_INJURY,INJURIES_TOTAL,INJURIES_FATAL,INJURIES_INCAPACITATING,INJURIES_NON_INCAPACITATING,INJURIES_REPORTED_NOT_EVIDENT,INJURIES_NO_INDICATION,INJURIES_UNKNOWN,CRASH_HOUR,CRASH_DAY_OF_WEEK,CRASH_MONTH,LATITUDE,LONGITUDE,LOCATION
bddd04040cf73e15a428ef8ec3b07ee1a74e12cf66c5744e75abc8cf290133c4c1108acc051af8b7ec71cc1ef985703b0ecaf3879ec03874a07684e67c5edb11,,01/16/2018 04:42:00 PM,30,TRAFFIC SIGNAL,FUNCTIONING PROPERLY,SNOW,DARKNESS,TURNING,CENTER TURN LANE,4,STRAIGHT AND LEVEL,SNOW OR SLUSH,NO DEFECTS,ON SCENE,NO INJURY / DRIVE AWAY,Y,,,"OVER $1,500",01/16/2018 05:04:00 PM,FAILING TO YIELD RIGHT-OF-WAY,IMPROPER OVERTAKING/PASSING,4000,W,JACKSON BLVD,1115.0,,,,,,,2,NO INDICATION OF INJURY,0.0,0.0,0.0,0.0,0.0,3.0,0.0,16,3,1,41.8771954466,-87.7256713113,POINT (-87.725671311272 41.877195446606)
b552b3433aca2fac988a1ccc6bcf724e5ca12c5216e5255799a7935f1c73ebec6e381d919c39fd89b9a1dce89627503328762e9661bf513061e05e888448ccb9,,02/08/2025 09:45:00 AM,30,TRAFFIC SIGNAL,FUNCTIONING PROPERLY,CLEAR,DAYLIGHT,REAR END,FOUR WAY,,STRAIGHT AND LEVEL,DRY,UNKNOWN,NOT ON SCENE (DESK REPORT),INJURY AND / OR TOW DUE TO CRASH,,,,"OVER $1,500",02/08/2025 11:00:00 AM,FOLLOWING TOO CLOSELY,UNABLE TO DETERMINE,8700,S,ASHLAND AVE,2221.0,,,,,,,2,"REPORTED, NOT EVIDENT",1.0,0.0,0.0,0.0,1.0,1.0,0.0,9,7,2,41.7356969886,-87.6632095445,POINT (-87.663209544457 41.735696988636)
a5427ebb37e05f5798048d8e9879ebe402deffd162231e538d99a04487c997a437a27af7838a36073b10ecbb78f87318998425cf9254fc07019294a5900c0483,,09/11/2025 11:00:00 AM,30,NO CONTROLS,NO CONTROLS,CLEAR,DAYLIGHT,SIDESWIPE SAME DIRECTION,NOT DIVIDED,,STRAIGHT AND LEVEL,DRY,NO DEFECTS,ON SCENE,NO INJURY / DRIVE AWAY,,,,"$501 - $1,500",09/11/2025 11:17:00 AM,IMPROPER LANE USAGE,IMPROPER OVERTAKING/PASSING,2325,W,FULLERTON AVE,1432.0,,,,,,,2,NO INDICATION OF INJURY,0.0,0.0,0.0,0.0,0.0,2.0,0.0,11,5,9,41.9248078595,-87.6862026893,POINT (-87.686202689312 41.924807859486)
790ca86122ada8b296b08dbcb8d46bf64b92758626b6b02860b062717e44822fb13b0a9f05b7924402a93d73fef34b76b16ac6cc1a08af03350482805fb82924,Y,11/22/2023 05:54:00 PM,30,TRAFFIC SIGNAL,FUNCTIONING PROPERLY,CLEAR,"DARKNESS, LIGHTED ROAD",PARKED MOTOR VEHICLE,CENTER TURN LANE,,STRAIGHT AND LEVEL,DRY,NO DEFECTS,ON SCENE,INJURY AND / OR TOW DUE TO CRASH,N,,,"OVER $1,500",11/22/2023 06:06:00 PM,UNABLE TO DETERMINE,UNABLE TO DETERMINE,8635,S,COTTAGE GROVE AVE,632.0,,,,,,,2,NO INDICATION OF INJURY,0.0,0.0,0.0,0.0,0.0,3.0,0.0,17,4,11,41.7374181298,-87.6046975312,POINT (-87.604697531247 41.737418129784)
520b59aaf7cde53b12df03c9901ef1e83289adbea8037561b329104c3545e20bf312ce874e501de0364f64238cef72d99aff0fe24c944f3044d0ce1e75a5b19e,,03/03/2020 03:05:00 PM,35,TRAFFIC SIGNAL,FUNCTIONING PROPERLY,CLEAR,DAYLIGHT,TURNING,NOT DIVIDED,,STRAIGHT AND LEVEL,DRY,UNKNOWN,NOT ON SCENE (DESK REPORT),NO INJURY / DRIVE AWAY,,,,"$501 - $1,500",03/06/2020 02:02:00 PM,FAILING TO YIELD RIGHT-OF-WAY,FAILING TO YIELD RIGHT-OF-WAY,1500,S,CALIFORNIA BLVD,1022.0,,,,,,,2,NO INDICATION OF INJURY,0.0,0.0,0.0,0.0,0.0,2.0,0.0,15,3,3,41.8611196219,-87.6958959391,POINT (-87.695895939093 41.86111962192)
a7e94ff7027a7d29cc500a8ba2d2cc739a9e31d70e9554e4fc1b2621f301ca88884c2d034f417673d01a7bd5b3efd20fd63eec175543d53568b53bcce7feb97e,Y,12/07/2015 03:20:00 AM,30,NO CONTROLS,NO CONTROLS,CLEAR,DAWN,REAR END,NOT DIVIDED,1,STRAIGHT AND LEVEL,DRY,NO DEFECTS,NOT ON SCENE (DESK REPORT),NO INJURY / DRIVE AWAY,,,,"$501 - $1,500",12/09/2015 02:50:00 PM,FAILING TO YIELD RIGHT-OF-WAY,FAILING TO YIELD RIGHT-OF-WAY,2831,W,GREENLEAF AVE,2411.0,,,,,,,2,NO INDICATION OF INJURY,0.0,0.0,0.0,0.0,0.0,2.0,0.0,3,2,12,42.0092270535,-87.7009789909,POINT (-87.700978990927 42.009227053483)
9283791f768d3cb9f1fb73bd54ac374ac38ab407a9a28474e34a1d216c585261c240166242234ccbd0d9fb179d724c48f969d3f2f155dc620eafa96750f67a3a,,12/14/2024 05:30:00 PM,30,UNKNOWN,UNKNOWN,RAIN,DUSK,SIDESWIPE SAME DIRECTION,NOT DIVIDED,,STRAIGHT ON GRADE,UNKNOWN,UNKNOWN,NOT ON SCENE (DESK REPORT),NO INJURY / DRIVE AWAY,,,,"OVER $1,500",12/14/2024 06:35:00 PM,UNABLE TO DETERMINE,NOT APPLICABLE,555,W,HARRISON ST,124.0,,,,,,,2,NO INDICATION OF INJURY,0.0,0.0,0.0,0.0,0.0,2.0,0.0,17,7,12,41.8742712747,-87.6416428312,POINT (-87.641642831227 41.874271274684)
ab28f527fdaf003fb3128851be18178b63c1a75e804564826d295eb0bd750dd34ff39d34b2f47e99a8e936968d2c5efbcaa3705da10172e0624f6f10db6eeef0,,11/23/2021 08:30:00 PM,35,STOP SIGN/FLASHER,FUNCTIONING PROPERLY,CLEAR,DARKNESS,PARKED MOTOR VEHICLE,ONE-WAY,,STRAIGHT AND LEVEL,DRY,NO DEFECTS,ON SCENE,INJURY AND / OR TOW DUE TO CRASH,,,N,"OVER $1,500",11/23/2021 08:55:00 PM,UNABLE TO DETERMINE,NOT APPLICABLE,4114,W,MELROSE ST,1731.0,,,,,,,3,NONINCAPACITATING INJURY,1.0,0.0,0.0,1.0,0.0,0.0,0.0,20,3,11,41.9400718711,-87.7303086427,POINT (-87.730308642713 41.940071871073)
29e58cedf593e99ccbf955655e48f7141815f85f1f36b4c66b299c885a273655b2d8ee3ea1af21cffb163dfa43604d7b57cf4b681b8b764bce9403012e399031,Y,01/03/2024 12:00:00 AM,20,NO CONTROLS,NO CONTROLS,CLEAR,"DARKNESS, LIGHTED ROAD",PARKED MOTOR VEHICLE,NOT DIVIDED,,STRAIGHT AND LEVEL,WET,NO DEFECTS,ON SCENE,INJURY AND / OR TOW DUE TO CRASH,,,Y,"OVER $1,500",01/03/2024 08:09:00 AM,UNABLE TO DETERMINE,NOT APPLICABLE,7059,N,GREENVIEW AVE,2423.0,,,,,,,3,NO INDICATION OF INJURY,0.0,0.0,0.0,0.0,0.0,1.0,0.0,0,4,1,42.0108612359,-87.667818623,POINT (-87.66781862298 42.010861235852)
8d360443167c0aa56cadef906f48e2afefd99b6d2aa72f600478347d15bb7997aae0b09c79b42739c04c7ae0edf685330f608e18f4d57a5a0f63bbedf536facf,,06/30/2019 12:04:00 AM,30,NO CONTROLS,NO CONTROLS,CLEAR,DARKNESS,PARKED MOTOR VEHICLE,PARKING LOT,,STRAIGHT AND LEVEL,DRY,NO DEFECTS,ON SCENE,NO INJURY / DRIVE AWAY,,,,"OVER $1,500",06/30/2019 12:06:00 AM,IMPROPER BACKING,IMPROPER BACKING,4727,S,OAKLEY AVE,931.0,,,,,,,2,NO INDICATION OF INJURY,0.0,0.0,0.0,0.0,0.0,1.0,0.0,0,1,6,41.8075713083,-87.681812347,POINT (-87.681812346988 41.807571308315)
94ff2d5822211d7d6aaf37c01f7f9766daa3c23732541d2269826b26fcc9b8d75b12ce0502a713d1ecf022b4d767275fa8e2bd111c52a8c5218f5967475db2ae,,06/16/2017 08:10:00 AM,30,NO CONTROLS,NO CONTROLS,CLEAR,DAYLIGHT,PARKED MOTOR VEHICLE,ONE-WAY,1,STRAIGHT AND LEVEL,DRY,NO DEFECTS,NOT ON SCENE (DESK REPORT),NO INJURY / DRIVE AWAY,,,Y,"$501 - $1,500",06/16/2017 08:50:00 AM,UNABLE TO DETERMINE,UNABLE TO DETERMINE,8120,S,DOBSON AVE,631.0,,,,,,,2,NO INDICATION OF INJURY,0.0,0.0,0.0,0.0,0.0,1.0,0.0,8,6,6,41.7470283163,-87.5991505332,POINT (-87.599150533197 41.747028316287)
e9a1824ca060d4341bdc777ee95a5adf80dcc43aa1a54ab76aa12276d72a7e32d0a89b8eb857883b4439ba842e57275f3240042692175a79953a523b776ff685,Y,07/03/2021 03:50:00 AM,30,NO CONTROLS,NO CONTROLS,CLEAR,"DARKNESS, LIGHTED ROAD",REAR END,ONE-WAY,,STRAIGHT AND LEVEL,DRY,NO DEFECTS,ON SCENE,NO INJURY / DRIVE AWAY,,,Y,"OVER $1,500",07/03/2021 03:55:00 AM,FOLLOWING TOO CLOSELY,IMPROPER OVERTAKING/PASSING,4749,W,LEXINGTON ST,1131.0,,,,,,,2,NO INDICATION OF INJURY,0.0,0.0,0.0,0.0,0.0,2.0,0.0,3,7,7,41.8710976992,-87.7444251201,POINT (-87.744425120066 41.871097699159)
0a9022cd551655a40e189bd7f7b699b4b52c74a0f60138a3d8962fddee02a4c0286a9c4febb53008725f507a7ca8afef49e98ce28de45f6d5960c48e159995a2,,09/03/2022 12:09:00 PM,45,NO CONTROLS,NO CONTROLS,CLEAR,DAYLIGHT,SIDESWIPE SAME DIRECTION,DIVIDED - W/MEDIAN (NOT RAISED),,STRAIGHT AND LEVEL,DRY,NO DEFECTS,NOT ON SCENE (DESK REPORT),NO INJURY / DRIVE AWAY,,,,"$501 - $1,500",09/03/2022 01:00:00 PM,IMPROPER LANE USAGE,IMPROPER LANE USAGE,400,S,LAKE SHORE DR NB,114.0,,,,,,,2,NO INDICATION OF INJURY,0.0,0.0,0.0,0.0,0.0,2.0,0.0,12,7,9,41.8770366926,-87.6175463867,POINT (-87.617546386744 41.877036692607)
7accda9bb42eaa8370032d94e55f48006c5cb8b72ac80ddd1679654d18ae6e30d9d0cc6daa7f329b5951265590b246bf0a14e55c0c93cc24e0c2708ac66511fe,,07/05/2024 02:40:00 PM,30,TRAFFIC SIGNAL,FUNCTIONING PROPERLY,CLEAR,DAYLIGHT,REAR END,NOT DIVIDED,,STRAIGHT ON GRADE,UNKNOWN,UNKNOWN,NOT ON SCENE (DESK REPORT),NO INJURY / DRIVE AWAY,Y,,Y,"OVER $1,500",07/06/2024 11:00:00 AM,FOLLOWING TOO CLOSELY,NOT APPLICABLE,1000,S,CANAL ST,124.0,,,,,,,2,NO INDICATION OF INJURY,0.0,0.0,0.0,0.0,0.0,2.0,0.0,14,6,7,41.8697140979,-87.6394222598,POINT (-87.639422259758 41.869714097949)
ab677972d902c2e0ed54db4604b23f2bff60a44451941e68579334665398f1403a4079d1df0be27c1521cc74d8e0c2dcf4063c25e651e5eca4db5fd02ae4c588,,07/09/2016 01:40:00 AM,30,TRAFFIC SIGNAL,FUNCTIONING PROPERLY,CLEAR,"DARKNESS, LIGHTED ROAD",REAR END,NOT DIVIDED,4,STRAIGHT AND LEVEL,DRY,NO DEFECTS,NOT ON SCENE (DESK REPORT),NO INJURY / DRIVE AWAY,,,,"$501 - $1,500",07/09/2016 02:30:00 AM,FAILING TO REDUCE SPEED TO AVOID CRASH,NOT APPLICABLE,300,S,LARAMIE AVE,1522.0,,,,,,,2,NO INDICATION OF INJURY,0.0,0.0,0.0,0.0,0.0,2.0,0.0,1,7,7,41.8766110383,-87.755074504,POINT (-87.755074504036 41.876611038277)
ef67a1f503d6fa4e5a28afcb678234b1cf0c1a44bff8f5a8186cb9e1645c763f669bea7c1dd8d0cae29734c3b8d4a15f73178b0dd40739aeb628d045551506ef,,10/12/2018 06:45:00 PM,35,NO CONTROLS,NO CONTROLS,CLEAR,DAYLIGHT,PEDALCYCLIST,NOT DIVIDED,,STRAIGHT AND LEVEL,DRY,NO DEFECTS,NOT ON SCENE (DESK REPORT),INJURY AND / OR TOW DUE TO CRASH,,,,$500 OR LESS,10/23/2018 12:55:00 PM,UNABLE TO DETERMINE,UNABLE TO DETERMINE,3934,W,DIVERSEY AVE,2523.0,,,,,,,2,INCAPACITATING INJURY,1.0,0.0,1.0,0.0,0.0,1.0,0.0,18,6,10,41.9319132731,-87.7259805673,POINT (-87.725980567289 41.931913273072)
4d3121381af7a537d4fca87a082e352b02725be9e684feb946a4b2eae7172e2ff21893a90d8b949cebb9d30864563edcc5d2cd4b3f49f92d7a47f8e2a7cdbde9,,01/04/2018 06:26:00 PM,30,TRAFFIC SIGNAL,FUNCTIONING PROPERLY,SNOW,DARKNESS,REAR END,NOT DIVIDED,,STRAIGHT AND LEVEL,SNOW OR SLUSH,NO DEFECTS,NOT ON SCENE (DESK REPORT),NO INJURY / DRIVE AWAY,Y,,,"OVER $1,500",01/04/2018 07:00:00 PM,UNABLE TO DETERMINE,UNABLE TO DETERMINE,2937,N,SOUTHPORT AVE,1932.0,,,,,,,2,NO INDICATION OF INJURY,0.0,0.0,0.0,0.0,0.0,3.0,0.0,18,5,1,41.9354597803,-87.6635177737,POINT (-87.663517773721 41.935459780295)
b871507fc0f1e493a167479434c4a221cbd33f051ab8a907edd7fb1b64de93b9e30f81b0606e8dc750a592a9471829e1ea61845b3a2ece099146c91ad42eb8cc,,09/16/2020 01:45:00 PM,30,NO CONTROLS,NO CONTROLS,CLEAR,DAYLIGHT,REAR END,NOT DIVIDED,,STRAIGHT AND LEVEL,DRY,NO DEFECTS,NOT ON SCENE (DESK REPORT),NO INJURY / DRIVE AWAY,,,,"$501 - $1,500",09/16/2020 01:55:00 PM,FOLLOWING TOO CLOSELY,NOT APPLICABLE,5708,N,CENTRAL AVE,1622.0,,,,,,,2,NO INDICATION OF INJURY,0.0,0.0,0.0,0.0,0.0,2.0,0.0,13,4,9,41.9849906462,-87.7684471875,POINT (-87.768447187494 41.984990646192)
1820998c78ca2674b51f06cf8f324353e9e5c8853232211b2658bd6b191ad2e154df107d801fc8f4708a8606fc7c1a63ceb081f8d3d75e94e6fe28c5ea581200,,10/03/2023 07:00:00 PM,30,TRAFFIC SIGNAL,FUNCTIONING PROPERLY,CLEAR,DAYLIGHT,REAR END,DIVIDED - W/MEDIAN (NOT RAISED),,STRAIGHT AND LEVEL,DRY,NO DEFECTS,NOT ON SCENE (DESK REPORT),NO INJURY / DRIVE AWAY,N,,,"$501 - $1,500",10/04/2023 09:50:00 AM,UNABLE TO DETERMINE,UNABLE TO DETERMINE,933,W,VAN BUREN ST,1232.0,,N,,,,,2,NO INDICATION OF INJURY,0.0,0.0,0.0,0.0,0.0,3.0,0.0,19,3,10,41.8765070563,-87.6508397875,POINT (-87.650839787534 41.876507056324)
f7a0227b0b970054bc3c02f7ad4214fadf28ce51f835118493dacac9ba6a1ba3ed66a80f029b445b068e783fea57daaac3547b02ee69dfc50c8139fa0c1af016,,08/25/2024 10:07:00 AM,30,NO CONTROLS,NO CONTROLS,UNKNOWN,DAYLIGHT,PARKED MOTOR VEHICLE,OTHER,,STRAIGHT AND LEVEL,UNKNOWN,UNKNOWN,NOT ON SCENE (DESK REPORT),NO INJURY / DRIVE AWAY,,,,"$501 - $1,500",08/25/2024 12:21:00 PM,DRIVING SKILLS/KNOWLEDGE/EXPERIENCE,DRIVING SKILLS/KNOWLEDGE/EXPERIENCE,4400,N,SIMONDS DR,1914.0,,,,,,,2,NO INDICATION OF INJURY,0.0,0.0,0.0,0.0,0.0,1.0,0.0,10,1,8,41.9639089373,-87.6386362484,POINT (-87.6386362484 41.963908937342)
ee0622c3e7555c14b6eb861433bc9cfd7714b7c895a4b8c045108ccfc793b27bc3b676cfd85c653ad3bd6d1733f0811118137d804c0b22c2c81abdc3d1f2e285,,04/14/2025 10:45:00 AM,30,TRAFFIC SIGNAL,UNKNOWN,CLEAR,DAYLIGHT,SIDESWIPE SAME DIRECTION,DIVIDED - W/MEDIAN (NOT RAISED),,STRAIGHT AND LEVEL,UNKNOWN,UNKNOWN,,NO INJURY / DRIVE AWAY,,,,"OVER $1,500",04/14/2025 11:30:00 AM,IMPROPER OVERTAKING/PASSING,UNABLE TO DETERMINE,3350,W,LAWRENCE AVE,1713.0,,,,,,,2,NO INDICATION OF INJURY,0.0,0.0,0.0,0.0,0.0,3.0,0.0,10,2,4,41.9685135704,-87.7129671018,POINT (-87.712967101779 41.968513570382)
13865773d3286362260517e4783d8bdb3a74ce3a2cf7b7d3b30605c1d00d9fd4b2e27d378a691a4a6ce9e4d353890e34ff68bf11cd81c065883df752934e130c,Y,03/25/2025 07:00:00 PM,30,NO CONTROLS,NO CONTROLS,CLEAR,DARKNESS,PARKED MOTOR VEHICLE,ONE-WAY,,STRAIGHT AND LEVEL,UNKNOWN,UNKNOWN,NOT ON SCENE (DESK REPORT),NO INJURY / DRIVE AWAY,,,Y,"OVER $1,500",03/26/2025 03:36:00 PM,UNABLE TO DETERMINE,NOT APPLICABLE,3929,N,RICHMOND ST,1733.0,,,,,,,2,NO INDICATION OF INJURY,0.0,0.0,0.0,0.0,0.0,1.0,0.0,19,3,3,41.9530182438,-87.7017315841,POINT (-87.70173158407 41.953018243836)
8d7dfa239c2cb924b8c762fd53616cf1172099415216975125022903488f7357ae0f32aebbd2b1a605594ee92c29c8ed76942744fb07b77d8a05e8ea79ea199b,,05/06/2023 11:03:00 AM,30,TRAFFIC SIGNAL,FUNCTIONING PROPERLY,CLEAR,DAYLIGHT,ANGLE,FOUR WAY,,STRAIGHT AND LEVEL,DRY,UNKNOWN,ON SCENE,INJURY AND / OR TOW DUE TO CRASH,Y,,,"OVER $1,500",05/06/2023 11:04:00 AM,"OPERATING VEHICLE IN ERRATIC, RECKLESS, CARELESS, NEGLIGENT OR AGGRESSIVE MANNER",FAILING TO REDUCE SPEED TO AVOID CRASH,4799,W,GRAND AVE,2533.0,,,,,,,4,NONINCAPACITATING INJURY,3.0,0.0,0.0,3.0,0.0,1.0,0.0,11,7,5,41.9138026752,-87.7459946594,POINT (-87.745994659425 41.913802675195)
a3a409e07a9f1942c7bfef417817b2e4dd234bb498d4d03947ad88f002ccceb6420bd384102390549f22bba525d0d77f3602f152bf85e6ba7fc153882289252d,,06/09/2018 04:30:00 PM,30,TRAFFIC SIGNAL,FUNCTIONING PROPERLY,CLEAR,DAYLIGHT,TURNING,NOT DIVIDED,4,STRAIGHT AND LEVEL,DRY,NO DEFECTS,ON SCENE,NO INJURY / DRIVE AWAY,,,,"OVER $1,500",06/09/2018 04:40:00 PM,DISREGARDING OTHER TRAFFIC SIGNS,NOT APPLICABLE,342,N,ORLEANS ST,1831.0,,,,,,,2,NO INDICATION OF INJURY,0.0,0.0,0.0,0.0,0.0,2.0,0.0,16,7,6,41.8884021668,-87.6369091936,POINT (-87.636909193634 41.888402166831)
8d1c0228acebcb42a3f59a657d0d473b8dd134fecf23a78c392f30f32ed0daaa7f3999fc5f920077186b41a4138644d4dcf388b72b8751736d883d7da5ac6d1f,,01/04/2021 06:04:00 PM,35,UNKNOWN,UNKNOWN,CLEAR,"DARKNESS, LIGHTED ROAD",REAR END,DIVIDED - W/MEDIAN (NOT RAISED),,STRAIGHT AND LEVEL,UNKNOWN,UNKNOWN,ON SCENE,INJURY AND / OR TOW DUE TO CRASH,Y,,,"OVER $1,500",01/04/2021 06:15:00 PM,UNABLE TO DETERMINE,NOT APPLICABLE,1500,N,CICERO AVE,2533.0,,,,,,,3,"REPORTED, NOT EVIDENT",2.0,0.0,0.0,0.0,2.0,2.0,0.0,18,2,1,41.9078977002,-87.7462129145,POINT (-87.746212914515 41.907897700184)
b913c3b57306c6adc69b5155c1e76f628a1afb1e96e38292f3bfaaf72f27af73d047d30d37ed9bc00c51caf3a0c338f5d768f27bc155dd4eb7c8e52a01344fb9,,10/07/2024 04:10:00 PM,30,UNKNOWN,UNKNOWN,UNKNOWN,UNKNOWN,PARKED MOTOR VEHICLE,UNKNOWN,,STRAIGHT AND LEVEL,UNKNOWN,UNKNOWN,NOT ON SCENE (DESK REPORT),NO INJURY / DRIVE AWAY,,,Y,"OVER $1,500",10/07/2024 05:10:00 PM,UNABLE TO DETERMINE,NOT APPLICABLE,1952,W,19TH ST,1234.0,,,,,,,2,NO INDICATION OF INJURY,0.0,0.0,0.0,0.0,0.0,1.0,0.0,16,2,10,41.8559502019,-87.6755992143,POINT (-87.675599214335 41.855950201888)
7e7aac209d9411ffddf769f13f66d91feff2131762b1a951eaa25abe6913588dfd16189b88b89177eb21c7df4fdd3fc4c174471073cc3c33e0a2ef2684a9c66f,,01/21/2024 08:30:00 PM,30,STOP SIGN/FLASHER,FUNCTIONING PROPERLY,CLEAR,"DARKNESS, LIGHTED ROAD",TURNING,T-INTERSECTION,,STRAIGHT AND LEVEL,UNKNOWN,NO DEFECTS,ON SCENE,INJURY AND / OR TOW DUE TO CRASH,Y,,,"OVER $1,500",01/21/2024 08:33:00 PM,FAILING TO YIELD RIGHT-OF-WAY,NOT APPLICABLE,5328,N,DELPHIA AVE,1614.0,,,,,,,2,NO INDICATION OF INJURY,0.0,0.0,0.0,0.0,0.0,3.0,0.0,20,1,1,41.9764338868,-87.8416892166,POINT (-87.841689216562 41.976433886809)
c78ee3561a86e6a6a847038fce65918918d50982c8e418ea329baa72db7e3e028611b0e07a393efbc60cd3cb05e36cc5bbbccf884e54344bfbea2e4383f6dbf8,,04/01/2018 04:30:00 PM,30,UNKNOWN,UNKNOWN,CLEAR,DAYLIGHT,ANGLE,ALLEY,,STRAIGHT AND LEVEL,DRY,UNKNOWN,NOT ON SCENE (DESK REPORT),NO INJURY / DRIVE AWAY,,,,"$501 - $1,500",04/01/2018 05:36:00 PM,UNABLE TO DETERMINE,NOT APPLICABLE,2638,N,RUTHERFORD AVE,2512.0,,,,,,,2,NO INDICATION OF INJURY,0.0,0.0,0.0,0.0,0.0,2.0,0.0,16,1,4,41.9284168282,-87.7943142025,POINT (-87.794314202454 41.928416828194)
5cb712d3a0e0ffba86e42956c3f87c840c9ab3e1abf2c9879403764cbbb977f6296d1fa7b34a9c704247f822aee147c91bfeb38ea3cf4fd5bf75327e58b149e9,,01/02/2019 09:35:00 PM,30,TRAFFIC SIGNAL,FUNCTIONING PROPERLY,CLEAR,"DARKNESS, LIGHTED ROAD",REAR END,NOT DIVIDED,4,STRAIGHT AND LEVEL,ICE,NO DEFECTS,,NO INJURY / DRIVE AWAY,,,,"OVER $1,500",01/02/2019 09:59:00 PM,EXCEEDING SAFE SPEED FOR CONDITIONS,DISREGARDING OTHER TRAFFIC SIGNS,1021,W,NORTH AVE,1822.0,,,,,,,2,NO INDICATION OF INJURY,0.0,0.0,0.0,0.0,0.0,3.0,0.0,21,4,1,41.9107132948,-87.6541497022,POINT (-87.65414970224 41.910713294804)
cc53b42aff980f0c11181774496a6b0032bc9f49fb0793fbb67df18f4dc1ab5966e42580dd05f93ee61c862191ab83c8c3fa05983a1b41c8ee95b62770afcde9,Y,08/10/2019 12:15:00 AM,30,NO CONTROLS,NO CONTROLS,CLEAR,"DARKNESS, LIGHTED ROAD",TURNING,NOT DIVIDED,,STRAIGHT AND LEVEL,DRY,NO DEFECTS,ON SCENE,INJURY AND / OR TOW DUE TO CRASH,,,,"OVER $1,500",08/10/2019 12:15:00 AM,FAILING TO YIELD RIGHT-OF-WAY,IMPROPER TURNING/NO SIGNAL,3081,S,ARCHER AVE,912.0,,,,,,,2,INCAPACITATING INJURY,2.0,0.0,1.0,1.0,0.0,2.0,0.0,0,7,8,41.8381037152,-87.6648252075,POINT (-87.664825207458 41.83810371519)
4124a9f298d8cc1d139e57b3af48e1a4e0b6ff3a00bda8ccd746baa364b82c012436781311d326339fcce2a56410a451ef67712e4e0e15454e30d2ac63d16975,,05/12/2016 07:00:00 PM,10,STOP SIGN/FLASHER,FUNCTIONING PROPERLY,CLEAR,DAYLIGHT,REAR END,PARKING LOT,0,STRAIGHT AND LEVEL,DRY,NO DEFECTS,NOT ON SCENE (DESK REPORT),NO INJURY / DRIVE AWAY,,Y,,"$501 - $1,500",05/12/2016 07:15:00 PM,FOLLOWING TOO CLOSELY,UNABLE TO DETERMINE,1224,S,WABASH AVE,131.0,,,,,,,2,NO INDICATION OF INJURY,0.0,0.0,0.0,0.0,0.0,2.0,0.0,19,5,5,41.8667243541,-87.6259611484,POINT (-87.625961148378 41.866724354056)
90c39584459c1bdc26173df44278e749d994772de44de71c4fef64afe8941220a3ba2bdc35c1a1492a86e0127f39c9173582c8b3cb76b7ed775864aa06e7e3d1,,01/25/2018 02:18:00 PM,30,NO CONTROLS,OTHER,CLEAR,DAYLIGHT,ANGLE,DIVIDED - W/MEDIAN (NOT RAISED),6,STRAIGHT AND LEVEL,DRY,NO DEFECTS,ON SCENE,INJURY AND / OR TOW DUE TO CRASH,,,,"OVER $1,500",01/25/2018 02:35:00 PM,FAILING TO YIELD RIGHT-OF-WAY,NOT APPLICABLE,6515,S,CICERO AVE,833.0,,,,,,,2,NO INDICATION OF INJURY,0.0,0.0,0.0,0.0,0.0,4.0,0.0,14,5,1,41.7742978349,-87.7419934826,POINT (-87.741993482589 41.77429783494)
a02785db1e9311495438c9d6055f8adc4272c07a0bc4debfddd7e53775ca5118148c5419ea14921f282618fa6d80d585e6fc636bcc7255d1f4ab7bd66416ad0a,,01/24/2019 02:00:00 PM,30,TRAFFIC SIGNAL,FUNCTIONING PROPERLY,CLOUDY/OVERCAST,DAYLIGHT,TURNING,ONE-WAY,,STRAIGHT AND LEVEL,DRY,NO DEFECTS,NOT ON SCENE (DESK REPORT),NO INJURY / DRIVE AWAY,Y,,,"OVER $1,500",01/24/2019 02:50:00 PM,UNABLE TO DETERMINE,NOT APPLICABLE,2100,W,WASHINGTON BLVD,1223.0,,,,,,,2,NO INDICATION OF INJURY,0.0,0.0,0.0,0.0,0.0,3.0,0.0,14,5,1,41.8832147656,-87.6792563467,POINT (-87.679256346742 41.883214765602)