CRASH_RECORD_ID,CRASH_DATE_EST_I,CRASH_DATE,POSTED_SPEED_LIMIT,TRAFFIC_CONTROL_DEVICE,DEVICE_CONDITION,WEATHER_CONDITION,LIGHTING_CONDITION,FIRST_CRASH_TYPE,TRAFFICWAY_TYPE,LANE_CNT,ALIGNMENT,ROADWAY_SURFACE_COND,ROAD_DEFECT,REPORT_TYPE,CRASH_TYPE,INTERSECTION_RELATED_I,NOT_RIGHT_OF_WAY_I,HIT_AND_RUN_I,DAMAGE,DATE_POLICE_NOTIFIED,PRIM_CONTRIBUTORY_CAUSE,SEC_CONTRIBUTORY_CAUSE,STREET_NO,STREET_DIRECTION,STREET_NAME,BEAT_OF_OCCURRENCE,PHOTOS_TAKEN_I,STATEMENTS_TAKEN_I,DOORING_I,WORK_ZONE_I,WORK_ZONE_TYPE,WORKERS_PRESENT_I,NUM_UNITS,MOST_SEVERE_INJURY,INJURIES_TOTAL,INJURIES_FATAL,INJURIES_INCAPACITATING,INJURIES_NON_INCAPACITATING,INJURIES_REPORTED_NOT_EVIDENT,INJURIES_NO_INDICATION,INJURIES_UNKNOWN,CRASH_HOUR,CRASH_DAY_OF_WEEK,CRASH_MONTH,LATITUDE,LONGITUDE,LOCATION
0a01050b41dcd3d9268f38a129c4958b88e5ef84885d639ac16f0eeb87d88705b4879744d0bf0771dbfa6201d5673e1a9e11b252026de2ed8ba69241ca9f108c,,10/15/2020 12:40:00 PM,30,UNKNOWN,UNKNOWN,UNKNOWN,UNKNOWN,SIDESWIPE SAME DIRECTION,UNKNOWN,,STRAIGHT AND LEVEL,UNKNOWN,UNKNOWN,NOT ON SCENE (DESK REPORT),NO INJURY / DRIVE AWAY,,,Y,"OVER $1,500",10/15/2020 01:10:00 PM,ANIMAL,NOT APPLICABLE,3999,N,CICERO AVE,1731.0,,,,,,,2,NO INDICATION OF INJURY,0.0,0.0,0.0,0.0,0.0,2.0,0.0,12,5,10,41.9533704789,-87.7471582056,POINT (-87.747158205638 41.953370478911)
ece373322ba425870c53043657a1ed9a0270592f404672925766dd6d976bdfc9606466247d104096c79c79836d987398655626e6020a964dd726e5c8f44ac408,,01/19/2023 06:00:00 PM,35,TRAFFIC SIGNAL,FUNCTIONING PROPERLY,RAIN,DARKNESS,REAR END,NOT DIVIDED,,STRAIGHT AND LEVEL,WET,NO DEFECTS,ON SCENE,INJURY AND / OR TOW DUE TO CRASH,,,,"OVER $1,500",01/19/2023 06:05:00 PM,FOLLOWING TOO CLOSELY,NOT APPLICABLE,4816,N,NAGLE AVE,1613.0,,,,,,,4,"REPORTED, NOT EVIDENT",1.0,0.0,0.0,0.0,1.0,4.0,0.0,18,5,1,41.9689925936,-87.7881544903,POINT (-87.788154490291 41.968992593575)
6356c5467241ab0b858abf89fe5c758981ad58b6c5f38add76b8c9dbcf6bab66f3ee982457a76808a0f78b0888fd564920191121ceb58272fdc3ddb3694882f6,,06/18/2022 01:50:00 AM,25,NO CONTROLS,NO CONTROLS,CLEAR,"DARKNESS, LIGHTED ROAD",REAR TO FRONT,NOT DIVIDED,,STRAIGHT AND LEVEL,DRY,NO DEFECTS,NOT ON SCENE (DESK REPORT),NO INJURY / DRIVE AWAY,,,Y,"OVER $1,500",06/18/2022 04:45:00 AM,IMPROPER BACKING,FAILING TO REDUCE SPEED TO AVOID CRASH,116,W,ELM ST,1824.0,,,,,,,2,NO INDICATION OF INJURY,0.0,0.0,0.0,0.0,0.0,3.0,0.0,1,7,6,41.9032361751,-87.632205824,POINT (-87.63220582395 41.903236175088)
a656d2ec2e4b55e2fa96bc4dfea49b9110093c9093fa8a2214330c00fa753cd563cf5b2be7ab80fd3a37e4efb5a95a071ef23950b5fe6deb7469f6ad0fc992f2,,10/17/2025 02:52:00 PM,30,STOP SIGN/FLASHER,UNKNOWN,CLEAR,DAYLIGHT,REAR END,UNKNOWN,,STRAIGHT AND LEVEL,UNKNOWN,UNKNOWN,NOT ON SCENE (DESK REPORT),NO INJURY / DRIVE AWAY,,,,"OVER $1,500",10/17/2025 04:10:00 PM,FOLLOWING TOO CLOSELY,UNABLE TO DETERMINE,2705,N,KIMBALL AVE,1412.0,,,,Y,CONSTRUCTION,,2,NO INDICATION OF INJURY,0.0,0.0,0.0,0.0,0.0,2.0,0.0,14,6,10,41.9303225884,-87.7121077193,POINT (-87.71210771929 41.930322588435)
fbd4bb17851df91e910bcf5ebae52e2abbf7938581dfc98d931c0bafbed73f68976b8ba923cf65876b14f07b57bba7a96b457fa1b705bcd66e2b4c93b160487b,,04/24/2023 03:05:00 PM,30,NO CONTROLS,NO CONTROLS,CLEAR,DAYLIGHT,REAR END,NOT DIVIDED,,STRAIGHT AND LEVEL,DRY,NO DEFECTS,NOT ON SCENE (DESK REPORT),NO INJURY / DRIVE AWAY,,,,"$501 - $1,500",04/24/2023 03:45:00 PM,FOLLOWING TOO CLOSELY,NOT APPLICABLE,11000,S,KEDZIE AVE,2211.0,,,,,,,2,NO INDICATION OF INJURY,0.0,0.0,0.0,0.0,0.0,2.0,0.0,15,2,4,41.6932996385,-87.7010348748,POINT (-87.701034874831 41.693299638486)
6322b58cf5bb998a58137d4dc64b383bc413777ea390c014322b5e1a15fecb27f99bcb25cc94c234489bbce2e010bdeed833a24cc9326a666cc74a6b67a67742,,08/19/2023 11:45:00 AM,30,TRAFFIC SIGNAL,UNKNOWN,CLEAR,DAYLIGHT,TURNING,DIVIDED - W/MEDIAN (NOT RAISED),,STRAIGHT AND LEVEL,UNKNOWN,UNKNOWN,NOT ON SCENE (DESK REPORT),NO INJURY / DRIVE AWAY,Y,,,"$501 - $1,500",08/19/2023 01:30:00 PM,UNABLE TO DETERMINE,NOT APPLICABLE,1181,W,SHERIDAN RD,2433.0,,,,,,,2,NO INDICATION OF INJURY,0.0,0.0,0.0,0.0,0.0,3.0,0.0,11,7,8,41.9980798757,-87.6605035637,POINT (-87.660503563674 41.99807987571)
b24b73049e3512748994c1db25cf3c47483df69196abfc19a7df5802a0c65e5457527669df992d825cb103152bedd88fe35fb79926f4f627a0c3f399d58b8a86,,07/18/2020 02:25:00 AM,30,TRAFFIC SIGNAL,FUNCTIONING PROPERLY,CLEAR,"DARKNESS, LIGHTED ROAD",ANGLE,FOUR WAY,,STRAIGHT AND LEVEL,DRY,NO DEFECTS,NOT ON SCENE (DESK REPORT),NO INJURY / DRIVE AWAY,Y,,,"OVER $1,500",07/18/2020 02:30:00 AM,UNABLE TO DETERMINE,FAILING TO YIELD RIGHT-OF-WAY,1632,W,MONTEREY AVE,2234.0,,,,,,,2,NO INDICATION OF INJURY,0.0,0.0,0.0,0.0,0.0,3.0,0.0,2,7,7,41.6896870035,-87.6630628096,POINT (-87.663062809594 41.689687003479)
e7038bd29e6d5ce1facf54238725564cd7185e66c89c9acc41ee14569b7611a6af73f885818887137e3d18d1abdac85c7836e3f384e8cc6558521256d41d1f60,,03/02/2023 12:11:00 PM,30,UNKNOWN,UNKNOWN,UNKNOWN,UNKNOWN,SIDESWIPE SAME DIRECTION,UNKNOWN,,STRAIGHT AND LEVEL,UNKNOWN,UNKNOWN,NOT ON SCENE (DESK REPORT),NO INJURY / DRIVE AWAY,,,,"$501 - $1,500",03/17/2023 11:00:00 AM,UNABLE TO DETERMINE,UNABLE TO DETERMINE,2320,E,93RD ST,413.0,,,,,,,2,NO INDICATION OF INJURY,0.0,0.0,0.0,0.0,0.0,2.0,0.0,12,5,3,41.7263292314,-87.5672709082,POINT (-87.567270908236 41.726329231443)
f629ea4ee70d7baad0a8f40cafd4a48a7b99162a8973fae91eccccae307380a5428743fa0b80e91af106da752306b4f1a9cf09bdd04e5f7cfd72e0ebd6c625c7,,01/21/2020 08:01:00 AM,20,NO CONTROLS,NO CONTROLS,CLEAR,DAYLIGHT,SIDESWIPE SAME DIRECTION,DIVIDED - W/MEDIAN (NOT RAISED),,STRAIGHT AND LEVEL,DRY,NO DEFECTS,ON SCENE,NO INJURY / DRIVE AWAY,,,,"OVER $1,500",01/21/2020 08:08:00 AM,FAILING TO YIELD RIGHT-OF-WAY,NOT APPLICABLE,6727,S,CALIFORNIA AVE,831.0,,,,,,,2,NO INDICATION OF INJURY,0.0,0.0,0.0,0.0,0.0,2.0,0.0,8,3,1,41.7709881653,-87.693038611,POINT (-87.693038611043 41.770988165331)
8dda2bd18d87a2b0d6358909fc81daa9d099ee34506bc9fef5d780e9bf2be0beacddd9a1ddf33122de2f8a77bf8cb022465a715ff3a4230bf8ff69c40e48cde9,Y,03/14/2018 05:50:00 AM,30,OTHER WARNING SIGN,FUNCTIONING PROPERLY,CLEAR,"DARKNESS, LIGHTED ROAD",FIXED OBJECT,NOT DIVIDED,4,STRAIGHT AND LEVEL,DRY,WORN SURFACE,ON SCENE,NO INJURY / DRIVE AWAY,Y,Y,,"OVER $1,500",03/14/2018 05:53:00 AM,NOT APPLICABLE,NOT APPLICABLE,7200,S,SOUTH CHICAGO AVE,323.0,,,,,,,1,NO INDICATION OF INJURY,0.0,0.0,0.0,0.0,0.0,1.0,0.0,5,4,3,41.7643025169,-87.6035920228,POINT (-87.603592022818 41.764302516945)
881ce9811b925b094d69c71421a5398c07f16e127bacc6a2428ad51823bfcba874276eba66b4a87eae83c386ce005166c206c21e175f1d46eead7a906217b6eb,,11/18/2022 01:45:00 PM,10,NO CONTROLS,NO CONTROLS,CLEAR,DAYLIGHT,ANGLE,ALLEY,,STRAIGHT AND LEVEL,DRY,NO DEFECTS,NOT ON SCENE (DESK REPORT),NO INJURY / DRIVE AWAY,,,,"$501 - $1,500",11/18/2022 02:10:00 PM,UNABLE TO DETERMINE,UNABLE TO DETERMINE,2545,W,PETERSON AVE,2011.0,,,,,,,2,NO INDICATION OF INJURY,0.0,0.0,0.0,0.0,0.0,2.0,0.0,13,6,11,41.9903641138,-87.6939243355,POINT (-87.69392433547 41.990364113756)
3269c6a784a5652db71d634f02b05b51993ecda65e1055c46158c7016c86c6a45ff60cf18193693322bb42928364e104d7db8f09569ee5aee41938d421aa4774,,10/21/2021 09:31:00 PM,30,STOP SIGN/FLASHER,NO CONTROLS,CLEAR,"DARKNESS, LIGHTED ROAD",TURNING,NOT DIVIDED,,STRAIGHT AND LEVEL,DRY,NO DEFECTS,ON SCENE,INJURY AND / OR TOW DUE TO CRASH,Y,,Y,"OVER $1,500",10/21/2021 09:31:00 PM,UNABLE TO DETERMINE,UNABLE TO DETERMINE,4148,S,VINCENNES AVE,214.0,,,,,,,2,NO INDICATION OF INJURY,0.0,0.0,0.0,0.0,0.0,3.0,0.0,21,5,10,41.8188824161,-87.6138342675,POINT (-87.613834267512 41.818882416121)
bf8997a32d4f5dee1b34762ff59409b293ae55e02d55144bc02ab85ec2fda52400d07edb7adfbcbc298ee2befd4feb65de6d1beda6d12a10e68257aba3e118ca,,11/08/2022 04:20:00 PM,30,TRAFFIC SIGNAL,FUNCTIONING PROPERLY,CLEAR,DAYLIGHT,REAR END,DIVIDED - W/MEDIAN BARRIER,,STRAIGHT AND LEVEL,DRY,UNKNOWN,NOT ON SCENE (DESK REPORT),NO INJURY / DRIVE AWAY,Y,,,"OVER $1,500",11/08/2022 05:50:00 PM,UNABLE TO DETERMINE,UNABLE TO DETERMINE,1800,W,OGDEN AVE,1225.0,,,,,,,2,NO INDICATION OF INJURY,0.0,0.0,0.0,0.0,0.0,2.0,0.0,16,3,11,41.8768218869,-87.6717729593,POINT (-87.671772959261 41.876821886909)
3cdd40a839d0dfcf497d1f04cdca9aab1fdd0d7e229927d6385a01cf1c84fbf3fd384072b10c82e4530d4ed2eb7e8161fcbdaffcbe2cfe9a55099b130e41af5d,,03/12/2018 08:30:00 AM,30,TRAFFIC SIGNAL,FUNCTIONING PROPERLY,CLEAR,DAYLIGHT,REAR END,NOT DIVIDED,,STRAIGHT AND LEVEL,DRY,NO DEFECTS,NOT ON SCENE (DESK REPORT),NO INJURY / DRIVE AWAY,,,,"$501 - $1,500",03/12/2018 09:45:00 AM,FAILING TO REDUCE SPEED TO AVOID CRASH,FAILING TO YIELD RIGHT-OF-WAY,1959,N,PULASKI RD,2535.0,,,,,,,2,NO INDICATION OF INJURY,0.0,0.0,0.0,0.0,0.0,2.0,0.0,8,2,3,41.9170795021,-87.7264072012,POINT (-87.726407201242 41.91707950214)
19d70948e482389256fbff9f0ab144d8ca45a7df37593f969647a6c3cdc655bfe5bcd74b5d9c754d6357687e2cec37ea7cd8c01d2eae5012ebce5e9aa53d04b2,,05/25/2017 06:30:00 AM,30,UNKNOWN,UNKNOWN,UNKNOWN,UNKNOWN,REAR END,UNKNOWN,4,STRAIGHT AND LEVEL,UNKNOWN,UNKNOWN,ON SCENE,NO INJURY / DRIVE AWAY,,,,"OVER $1,500",05/25/2017 06:00:00 PM,UNABLE TO DETERMINE,NOT APPLICABLE,5401,N,HARLEM AVE,1613.0,,,,,,,3,NO INDICATION OF INJURY,0.0,0.0,0.0,0.0,0.0,3.0,0.0,6,5,5,41.9792169069,-87.8068381631,POINT (-87.806838163137 41.979216906928)
1f2965c515242d641506c748140bcb93d1c241300a90801f1fda769b4ec30c67b949d5b83f037d230301216179c4ebf1560b728fff78dbf88890425738c45419,,10/01/2017 01:00:00 PM,35,NO CONTROLS,NO CONTROLS,CLEAR,DAYLIGHT,TURNING,NOT DIVIDED,,STRAIGHT AND LEVEL,DRY,NO DEFECTS,NOT ON SCENE (DESK REPORT),NO INJURY / DRIVE AWAY,Y,,,"OVER $1,500",10/01/2017 03:00:00 PM,FAILING TO YIELD RIGHT-OF-WAY,NOT APPLICABLE,7232,W,ADDISON ST,1631.0,,,,,,,2,NO INDICATION OF INJURY,0.0,0.0,0.0,0.0,0.0,2.0,0.0,13,1,10,41.9453480973,-87.8082772806,POINT (-87.808277280584 41.945348097338)
aff75700a9c2e051cbe947672764f6d6640f0b14d26be39219facf1225d993ff3b1a37d909a6a23a698c423adbaee8966b69bc1e1dae58842c04430f3ff29f8c,,08/23/2020 09:20:00 AM,30,STOP SIGN/FLASHER,FUNCTIONING PROPERLY,CLEAR,DAYLIGHT,PEDESTRIAN,ONE-WAY,,STRAIGHT AND LEVEL,DRY,NO DEFECTS,ON SCENE,INJURY AND / OR TOW DUE TO CRASH,N,,Y,$500 OR LESS,08/23/2020 09:22:00 AM,IMPROPER BACKING,NOT APPLICABLE,2301,S,HOMAN AVE,1024.0,,,,,,,3,NONINCAPACITATING INJURY,2.0,0.0,0.0,2.0,0.0,1.0,0.0,9,1,8,41.8498037334,-87.7099193871,POINT (-87.709919387066 41.849803733396)
2543034c9dddccc47e66056dd540551dec55cdcdde6befd32f5071f27c381e875ef269aeae245482ae9aa2b89536b921400c479da60547f60d805167bf7cf1a4,,12/17/2024 05:58:00 PM,30,TRAFFIC SIGNAL,FUNCTIONING PROPERLY,CLEAR,"DARKNESS, LIGHTED ROAD",REAR END,FOUR WAY,,STRAIGHT AND LEVEL,DRY,NO DEFECTS,ON SCENE,NO INJURY / DRIVE AWAY,,,,"OVER $1,500",12/17/2024 06:30:00 PM,UNABLE TO DETERMINE,NOT APPLICABLE,2400,W,PERSHING RD,911.0,,,,,,,2,NO INDICATION OF INJURY,0.0,0.0,0.0,0.0,0.0,2.0,0.0,17,3,12,41.8230967602,-87.6850189506,POINT (-87.685018950616 41.823096760166)
28f2ec82a0b1d1adf30c5d01b0699ce4791388d36677159d4f7fc74dc83f8fe2db66273f0767f8d81b23bb56f58b9e635d02fe56169d9110a939a1c13b0f7a2b,,06/20/2020 08:44:00 PM,45,NO CONTROLS,NO CONTROLS,CLEAR,"DARKNESS, LIGHTED ROAD",SIDESWIPE SAME DIRECTION,DIVIDED - W/MEDIAN (NOT RAISED),,STRAIGHT AND LEVEL,DRY,NO DEFECTS,NOT ON SCENE (DESK REPORT),NO INJURY / DRIVE AWAY,,,Y,"OVER $1,500",06/20/2020 09:41:00 PM,UNABLE TO DETERMINE,UNABLE TO DETERMINE,1650,E,79TH ST,414.0,,,,,,,2,NO INDICATION OF INJURY,0.0,0.0,0.0,0.0,0.0,3.0,0.0,20,7,6,41.7516186818,-87.5837250991,POINT (-87.583725099143 41.751618681797)
7b3a3222125ccefbfec5590584ffada27c6e89dba2cdc13f3710ebae2caf20e6743a207356c5acba52ca5ff427b9582bc71ac4be63426cfdda651b77915f3f16,,01/29/2023 11:00:00 AM,30,UNKNOWN,NO CONTROLS,CLEAR,DAYLIGHT,SIDESWIPE SAME DIRECTION,NOT DIVIDED,,STRAIGHT AND LEVEL,SNOW OR SLUSH,NO DEFECTS,ON SCENE,INJURY AND / OR TOW DUE TO CRASH,,,,"$501 - $1,500",01/29/2023 11:12:00 AM,FOLLOWING TOO CLOSELY,IMPROPER OVERTAKING/PASSING,7738,S,ASHLAND AVE,611.0,,,,,,,2,"REPORTED, NOT EVIDENT",1.0,0.0,0.0,0.0,1.0,2.0,0.0,11,1,1,41.7528282308,-87.6636438997,POINT (-87.663643899684 41.752828230769)
66cc05462a578af3ab66f4bad9352de481661cbe8d5a65460af489196158046a10c0b21b99eb0645354c3fd4ee3ad688e0ced8fd35ffabb40aa9f2fccca1f6e0,,11/04/2021 06:00:00 PM,30,NO CONTROLS,NO CONTROLS,CLEAR,"DARKNESS, LIGHTED ROAD",REAR END,DIVIDED - W/MEDIAN (NOT RAISED),,STRAIGHT AND LEVEL,DRY,NO DEFECTS,ON SCENE,INJURY AND / OR TOW DUE TO CRASH,,,,"OVER $1,500",11/04/2021 06:30:00 PM,IMPROPER OVERTAKING/PASSING,UNABLE TO DETERMINE,798,W,BELMONT AVE,1925.0,,,,,,,2,NO INDICATION OF INJURY,0.0,0.0,0.0,0.0,0.0,5.0,0.0,18,5,11,41.9400923468,-87.6491477779,POINT (-87.649147777873 41.940092346773)
7cb5b942c59bab83472aad13b5670f1d61d725f008bfde1ad565a6fcf51e5f04503f6d4b679c8cbefe92cad2edd9db288d153decf19ce010097b4b93467743eb,,08/13/2020 05:13:00 PM,30,NO CONTROLS,NO CONTROLS,CLEAR,DAYLIGHT,SIDESWIPE SAME DIRECTION,NOT DIVIDED,,STRAIGHT AND LEVEL,DRY,NO DEFECTS,ON SCENE,INJURY AND / OR TOW DUE TO CRASH,,,,"OVER $1,500",08/13/2020 05:15:00 PM,IMPROPER OVERTAKING/PASSING,UNABLE TO DETERMINE,1400,W,MONTROSE AVE,1913.0,,,,,,,2,NONINCAPACITATING INJURY,1.0,0.0,0.0,1.0,0.0,1.0,0.0,17,5,8,41.9617563502,-87.6649886542,POINT (-87.66498865421 41.961756350182)
036a60c87c211fba8689ffa3f50679bc166f8022ae74f50471a16552a6ae06e7bc7a99f4dc02c0dab05fa6d68c225b32c87da024d83a9ff83f7b9d209510f60e,,09/07/2025 02:45:00 PM,30,NO CONTROLS,NO CONTROLS,CLEAR,DAYLIGHT,REAR END,DIVIDED - W/MEDIAN (NOT RAISED),,STRAIGHT AND LEVEL,DRY,NO DEFECTS,ON SCENE,INJURY AND / OR TOW DUE TO CRASH,N,,,"OVER $1,500",09/07/2025 02:55:00 PM,FAILING TO REDUCE SPEED TO AVOID CRASH,FAILING TO REDUCE SPEED TO AVOID CRASH,5765,N,RIDGE AVE,2013.0,,,,,,,3,NONINCAPACITATING INJURY,1.0,0.0,0.0,1.0,0.0,2.0,0.0,14,1,9,41.9868227194,-87.6650588094,POINT (-87.66505880943 41.986822719422)
36b961ad3c1cf2761f6fd186bdaf245fef8d840f1cef9aeb764d199fca4966e8384644e90720464b0797fe3d3f9d779e1fa03940240776bf0800bbb033fce222,Y,09/28/2023 07:35:00 PM,25,NO CONTROLS,NO CONTROLS,CLEAR,"DARKNESS, LIGHTED ROAD",SIDESWIPE SAME DIRECTION,ONE-WAY,,STRAIGHT AND LEVEL,DRY,UNKNOWN,NOT ON SCENE (DESK REPORT),NO INJURY / DRIVE AWAY,,,,"OVER $1,500",09/28/2023 07:36:00 PM,UNABLE TO DETERMINE,UNABLE TO DETERMINE,5436,W,THOMAS ST,1524.0,,,,,,,2,NO INDICATION OF INJURY,0.0,0.0,0.0,0.0,0.0,2.0,0.0,19,5,9,41.9004611517,-87.7623355165,POINT (-87.762335516457 41.900461151695)
8fc9d0c9c6f69ebaf91606a95f7baaf41a6fefa665cc874cc7733a69660e65ead469a80ff0c73fa1a03aca4a2c1c55c9277ebbacf17dabb306b44ba3090e6de2,,11/05/2020 04:59:00 PM,30,TRAFFIC SIGNAL,FUNCTIONING PROPERLY,CLEAR,"DARKNESS, LIGHTED ROAD",SIDESWIPE SAME DIRECTION,NOT DIVIDED,,STRAIGHT AND LEVEL,DRY,NO DEFECTS,ON SCENE,NO INJURY / DRIVE AWAY,Y,,,"$501 - $1,500",11/05/2020 04:59:00 PM,IMPROPER OVERTAKING/PASSING,FAILING TO REDUCE SPEED TO AVOID CRASH,2399,W,95TH ST,2213.0,,,,,,,2,NO INDICATION OF INJURY,0.0,0.0,0.0,0.0,0.0,3.0,0.0,16,5,11,41.7208281839,-87.6820014698,POINT (-87.682001469812 41.720828183949)
57606f5bd4b613bd9cce0b7fe35293ca5ea21c32e918eccbd14c99cf2f6746b686fa68811a983b48f59071c1fa33b2b78255670368d2efc9de3aa293f5a8f6fc,,05/17/2023 08:18:00 AM,30,TRAFFIC SIGNAL,FUNCTIONING PROPERLY,CLEAR,DAYLIGHT,REAR END,ONE-WAY,,STRAIGHT AND LEVEL,DRY,NO DEFECTS,ON SCENE,NO INJURY / DRIVE AWAY,,,,"OVER $1,500",05/17/2023 08:22:00 AM,FAILING TO YIELD RIGHT-OF-WAY,DRIVING SKILLS/KNOWLEDGE/EXPERIENCE,6400,W,BRYN MAWR AVE,1612.0,,,,,,,2,NO INDICATION OF INJURY,0.0,0.0,0.0,0.0,0.0,2.0,0.0,8,4,5,41.9830121346,-87.7877635139,POINT (-87.787763513853 41.983012134609)
52378103b2c68b8840f9225fdd69a041188ae6e4a69b2360a33e8f83c107bd9d70d162dc51f00216bb95e9f3c1c8febe5a88571f353005dc3788c7adf4980e47,,11/14/2019 06:00:00 PM,10,NO CONTROLS,NO CONTROLS,CLEAR,"DARKNESS, LIGHTED ROAD",FIXED OBJECT,PARKING LOT,,STRAIGHT AND LEVEL,UNKNOWN,UNKNOWN,NOT ON SCENE (DESK REPORT),NO INJURY / DRIVE AWAY,,,,$500 OR LESS,11/14/2019 08:00:00 PM,UNABLE TO DETERMINE,NOT APPLICABLE,3856,S,ARCHER AVE,911.0,,,,,,,1,NO INDICATION OF INJURY,0.0,0.0,0.0,0.0,0.0,2.0,0.0,18,5,11,41.8234749679,-87.6891817938,POINT (-87.689181793834 41.823474967939)
b9eab97db8ecacf5deec6e9234eefdacad84173b806c64361bec1aa635db879bb8cc8e3bc81e3677807461c26b49abaac29bac302e589d4692708727c6bf6f9f,,05/24/2019 04:00:00 PM,30,TRAFFIC SIGNAL,FUNCTIONING PROPERLY,CLEAR,DAYLIGHT,SIDESWIPE SAME DIRECTION,NOT DIVIDED,,STRAIGHT AND LEVEL,DRY,NO DEFECTS,NOT ON SCENE (DESK REPORT),NO INJURY / DRIVE AWAY,,,,"$501 - $1,500",05/24/2019 04:17:00 PM,UNABLE TO DETERMINE,NOT APPLICABLE,126,S,STATE ST,112.0,,,,,,,2,NO INDICATION OF INJURY,0.0,0.0,0.0,0.0,0.0,2.0,0.0,16,6,5,41.8799792998,-87.6278689092,POINT (-87.627868909235 41.879979299803)
9e48ba8eb8708c5815dd483780d08fd46bdbfc8383dbf3db2db6fbb7352a94ae55e35c14e28ed4df44559338cfdd29560629d8a5841097f0366a2b4343430cc6,,07/13/2019 01:17:00 AM,30,TRAFFIC SIGNAL,FUNCTIONING PROPERLY,CLEAR,"DARKNESS, LIGHTED ROAD",PEDALCYCLIST,DIVIDED - W/MEDIAN (NOT RAISED),,STRAIGHT AND LEVEL,DRY,UNKNOWN,ON SCENE,INJURY AND / OR TOW DUE TO CRASH,,,,"$501 - $1,500",07/13/2019 01:17:00 AM,UNDER THE INFLUENCE OF ALCOHOL/DRUGS (USE WHEN ARREST IS EFFECTED),FAILING TO REDUCE SPEED TO AVOID CRASH,6301,N,SHERIDAN RD,2433.0,,,,,,,2,INCAPACITATING INJURY,1.0,0.0,1.0,0.0,0.0,1.0,0.0,1,7,7,41.9965150741,-87.655436558,POINT (-87.655436558027 41.996515074105)
737d6dae27e732df3250ce35a6f9af1387d658b1a38d8832ec13d95f5972eedaa51a1d555159b996b6259f104f250e1de9b5768d0d38747ca89383597f9827a3,,05/04/2021 02:40:00 PM,30,TRAFFIC SIGNAL,FUNCTIONING PROPERLY,CLEAR,DAYLIGHT,SIDESWIPE SAME DIRECTION,NOT DIVIDED,,STRAIGHT AND LEVEL,WET,NO DEFECTS,ON SCENE,NO INJURY / DRIVE AWAY,,,,"OVER $1,500",05/04/2021 02:56:00 PM,UNABLE TO DETERMINE,NOT APPLICABLE,3957,W,CHICAGO AVE,1112.0,,,,,,,2,NO INDICATION OF INJURY,0.0,0.0,0.0,0.0,0.0,2.0,0.0,14,3,5,41.895259507,-87.72592622,POINT (-87.725926219958 41.895259506969)
0a19e23f2ce8b9bf41da68985666d53b9bb6a72b00ff63d57f03502763c2b564342dcbfb0c01c650ba31364bce757f39817b2093b9b91e1f01af71f107660979,Y,05/22/2023 05:00:00 AM,10,NO CONTROLS,NO CONTROLS,UNKNOWN,UNKNOWN,PARKED MOTOR VEHICLE,PARKING LOT,,STRAIGHT AND LEVEL,UNKNOWN,NO DEFECTS,ON SCENE,NO INJURY / DRIVE AWAY,,Y,Y,"OVER $1,500",05/22/2023 05:35:00 AM,UNABLE TO DETERMINE,UNABLE TO DETERMINE,5634,W,55TH ST,811.0,,,,,,,2,NO INDICATION OF INJURY,0.0,0.0,0.0,0.0,0.0,1.0,0.0,5,2,5,41.7928218671,-87.7636423872,POINT (-87.763642387204 41.792821867078)
0aad4a0992280c7f0e3516e933d721317b90bf5e5c5524e725e37d064e72e93846231dd0bfe9d67dc5e12dbb324f386ee70d2a6795481bacee4ebb3a70caf4e9,,02/07/2023 08:00:00 PM,30,UNKNOWN,UNKNOWN,CLEAR,"DARKNESS, LIGHTED ROAD",REAR END,NOT DIVIDED,,STRAIGHT AND LEVEL,DRY,UNKNOWN,NOT ON SCENE (DESK REPORT),NO INJURY / DRIVE AWAY,,,,"OVER $1,500",02/08/2023 09:10:00 AM,UNABLE TO DETERMINE,UNABLE TO DETERMINE,1199,N,AUSTIN BLVD,1511.0,,,,,,,2,NO INDICATION OF INJURY,0.0,0.0,0.0,0.0,0.0,2.0,0.0,20,3,2,41.9019091356,-87.7752117296,POINT (-87.775211729568 41.901909135602)
17162b66c0b5048f2a08885b628554b07b5b75666b9754604628ec1d9e8612568093fb97abee675e905bee88d24c9d26199603578a435554c7f7f25311977b6b,,11/20/2021 02:00:00 AM,15,NO CONTROLS,NO CONTROLS,CLEAR,"DARKNESS, LIGHTED ROAD",REAR END,T-INTERSECTION,,STRAIGHT AND LEVEL,DRY,UNKNOWN,ON SCENE,INJURY AND / OR TOW DUE TO CRASH,Y,,Y,"OVER $1,500",11/20/2021 02:01:00 AM,FOLLOWING TOO CLOSELY,DRIVING SKILLS/KNOWLEDGE/EXPERIENCE,622,N,HARDING AVE,1122.0,,,,,,,2,INCAPACITATING INJURY,3.0,0.0,1.0,2.0,0.0,1.0,0.0,2,7,11,41.8923650683,-87.7249214094,POINT (-87.724921409385 41.892365068289)
fe328778f9c8ee7c99983bc0b9303daebbc82a152e67a57839076af6cb10d392f0c0376fbf2d9121ae759f231ca8b97f9b3cf030ffb18ad079ff28b95178a7c7,,02/24/2018 08:45:00 AM,5,NO CONTROLS,NO CONTROLS,CLEAR,DAYLIGHT,PARKED MOTOR VEHICLE,PARKING LOT,0,STRAIGHT AND LEVEL,DRY,NO DEFECTS,NOT ON SCENE (DESK REPORT),NO INJURY / DRIVE AWAY,,,,$500 OR LESS,02/24/2018 09:16:00 AM,IMPROPER OVERTAKING/PASSING,NOT APPLICABLE,4628,S,DAMEN AVE,924.0,,,,,,,2,NO INDICATION OF INJURY,0.0,0.0,0.0,0.0,0.0,1.0,0.0,8,7,2,41.8094427085,-87.675108361,POINT (-87.675108360962 41.809442708535)