CRASH_RECORD_ID,CRASH_DATE_EST_I,CRASH_DATE,POSTED_SPEED_LIMIT,TRAFFIC_CONTROL_DEVICE,DEVICE_CONDITION,WEATHER_CONDITION,LIGHTING_CONDITION,FIRST_CRASH_TYPE,TRAFFICWAY_TYPE,LANE_CNT,ALIGNMENT,ROADWAY_SURFACE_COND,ROAD_DEFECT,REPORT_TYPE,CRASH_TYPE,INTERSECTION_RELATED_I,NOT_RIGHT_OF_WAY_I,HIT_AND_RUN_I,DAMAGE,DATE_POLICE_NOTIFIED,PRIM_CONTRIBUTORY_CAUSE,SEC_CONTRIBUTORY_CAUSE,STREET_NO,STREET_DIRECTION,STREET_NAME,BEAT_OF_OCCURRENCE,PHOTOS_TAKEN_I,STATEMENTS_TAKEN_I,DOORING_I,WORK_ZONE_I,WORK_ZONE_TYPE,WORKERS_PRESENT_I,NUM_UNITS,MOST_SEVERE_INJURY,INJURIES_TOTAL,INJURIES_FATAL,INJURIES_INCAPACITATING,INJURIES_NON_INCAPACITATING,INJURIES_REPORTED_NOT_EVIDENT,INJURIES_NO_INDICATION,INJURIES_UNKNOWN,CRASH_HOUR,CRASH_DAY_OF_WEEK,CRASH_MONTH,LATITUDE,LONGITUDE,LOCATION
7d03d3f1bbf4e125e8268e0ea464e959448cd13893c85b97dd39c44a244a7a1ab7f35249e2c754c47d91b0495f9ae2411a3b54612a7fa5c2efd094ffe67f2c40,,07/13/2023 11:00:00 PM,30,UNKNOWN,UNKNOWN,CLEAR,"DARKNESS, LIGHTED ROAD",FIXED OBJECT,ONE-WAY,,STRAIGHT AND LEVEL,DRY,UNKNOWN,ON SCENE,NO INJURY / DRIVE AWAY,,Y,,"OVER $1,500",07/13/2023 11:00:00 PM,IMPROPER BACKING,NOT APPLICABLE,3537,S,HOYNE AVE,912.0,,,,,,,2,NO INDICATION OF INJURY,0.0,0.0,0.0,0.0,0.0,1.0,0.0,23,5,7,41.8292537756,-87.6775444067,POINT (-87.677544406685 41.829253775637)
36fbc0540be1ddb786626316f8a440f1ac1e759ac812511e97019ab59930a5135a675b051b785a2ad0b744a288cae963c8f7e11fca9b480ff710155c9bb95ca1,,07/30/2019 08:10:00 PM,10,NO CONTROLS,NO CONTROLS,CLEAR,"DARKNESS, LIGHTED ROAD",FIXED OBJECT,OTHER,,STRAIGHT AND LEVEL,UNKNOWN,UNKNOWN,ON SCENE,NO INJURY / DRIVE AWAY,,,,"$501 - $1,500",07/30/2019 08:27:00 PM,EQUIPMENT - VEHICLE CONDITION,EQUIPMENT - VEHICLE CONDITION,6030,N,CLARK ST,2433.0,,,,,,,1,NO INDICATION OF INJURY,0.0,0.0,0.0,0.0,0.0,5.0,0.0,20,3,7,41.9917443317,-87.670203914,POINT (-87.670203914024 41.991744331684)
252e66a01c25faf76aaf301e7878164793fb8a0d7fbfd6a926d1780ae45a5b2589fdd51910bc5c187062dca0f53aab98fb1ca840cbf173b36b37e93bb1464f27,,02/16/2025 07:30:00 AM,20,NO CONTROLS,NO CONTROLS,CLEAR,DAYLIGHT,PARKED MOTOR VEHICLE,DIVIDED - W/MEDIAN (NOT RAISED),,STRAIGHT AND LEVEL,WET,NO DEFECTS,NOT ON SCENE (DESK REPORT),NO INJURY / DRIVE AWAY,,,,"OVER $1,500",02/16/2025 10:00:00 AM,IMPROPER BACKING,IMPROPER BACKING,1091,E,76TH ST,624.0,,,,,,,2,NO INDICATION OF INJURY,0.0,0.0,0.0,0.0,0.0,2.0,0.0,7,1,2,41.757251837,-87.5980531794,POINT (-87.598053179415 41.757251837047)
a454045bdfc0e99f5130fd152c8eb7b5472d0acc5eef855fccd855520d6787ce7e57625bc6697d33cb071e28b19303f56d082c664c9e74de9298e8b57f2f7cb2,,02/08/2018 08:15:00 AM,30,STOP SIGN/FLASHER,FUNCTIONING PROPERLY,CLEAR,DAYLIGHT,ANGLE,DIVIDED - W/MEDIAN (NOT RAISED),,STRAIGHT AND LEVEL,WET,NO DEFECTS,ON SCENE,INJURY AND / OR TOW DUE TO CRASH,Y,,Y,"OVER $1,500",02/08/2018 08:23:00 AM,FAILING TO YIELD RIGHT-OF-WAY,DISREGARDING OTHER TRAFFIC SIGNS,3101,W,55TH ST,824.0,,,,,,,2,NONINCAPACITATING INJURY,1.0,0.0,0.0,1.0,0.0,1.0,0.0,8,5,2,41.7934488572,-87.701174946,POINT (-87.701174946026 41.793448857206)
c92ae0264bba4d4c4a886b84703ae6c43b4221a9007f7b6fa5b632d8b068185d1827c2401f7806f4b99a5ad921a910345290562ff50448a1e123ed1a645254b3,,12/12/2015 01:45:00 PM,5,NO CONTROLS,NO CONTROLS,CLEAR,DAYLIGHT,ANGLE,PARKING LOT,1,STRAIGHT AND LEVEL,DRY,UNKNOWN,NOT ON SCENE (DESK REPORT),NO INJURY / DRIVE AWAY,,,,"$501 - $1,500",12/12/2015 02:20:00 PM,IMPROPER BACKING,NOT APPLICABLE,7601,S,CICERO AVE,833.0,,,,,,,2,NO INDICATION OF INJURY,0.0,0.0,0.0,0.0,0.0,2.0,0.0,13,7,12,41.7546601244,-87.7413847586,POINT (-87.741384758605 41.754660124394)
59e9e26218e9944ad05f6f79d428ae3013e41331a67c6cdb30ad5a32b5b82b8a4e739b18c6eb8848a0ee933333064bdb06f0630048e13e4238aa1c119d22b713,,03/24/2023 10:30:00 PM,30,STOP SIGN/FLASHER,UNKNOWN,UNKNOWN,UNKNOWN,REAR END,NOT DIVIDED,,STRAIGHT AND LEVEL,UNKNOWN,UNKNOWN,NOT ON SCENE (DESK REPORT),NO INJURY / DRIVE AWAY,Y,,,"OVER $1,500",03/25/2023 12:05:00 PM,UNABLE TO DETERMINE,NOT APPLICABLE,3300,N,DAMEN AVE,1921.0,,,,,,,2,NO INDICATION OF INJURY,0.0,0.0,0.0,0.0,0.0,2.0,0.0,22,6,3,41.941440331,-87.6785522999,POINT (-87.678552299916 41.94144033099)
4a5f4b4a1b9ab015ab395ceb5e4daf51dd3cb506f0e57d045007310514af52e47812ac8062681dd4c8fb689cafc9bbe2c9f3c4f971a2807ae683f696f3120f9d,,03/20/2025 09:30:00 AM,30,TRAFFIC SIGNAL,FUNCTIONING PROPERLY,SNOW,DAYLIGHT,SIDESWIPE SAME DIRECTION,NOT DIVIDED,,STRAIGHT AND LEVEL,WET,NO DEFECTS,NOT ON SCENE (DESK REPORT),NO INJURY / DRIVE AWAY,,,Y,"OVER $1,500",03/20/2025 10:10:00 AM,DRIVING SKILLS/KNOWLEDGE/EXPERIENCE,UNABLE TO DETERMINE,8401,S,JEFFERY BLVD,412.0,,,,,,,2,NO INDICATION OF INJURY,0.0,0.0,0.0,0.0,0.0,2.0,0.0,9,5,3,41.742554288,-87.575667714,POINT (-87.575667714004 41.742554288042)
1cba87305ddd7101892442af3fadf3128b5687d6203a25432f298736adcb001222aa205538e1ceaaba83fc685c6109ed351df8d672d67fe945707ecedd0467b0,,07/03/2025 01:38:00 PM,30,NO CONTROLS,NO CONTROLS,CLEAR,DAYLIGHT,FIXED OBJECT,NOT DIVIDED,,STRAIGHT AND LEVEL,DRY,NO DEFECTS,ON SCENE,NO INJURY / DRIVE AWAY,,,Y,"OVER $1,500",07/03/2025 01:39:00 PM,DRIVING SKILLS/KNOWLEDGE/EXPERIENCE,IMPROPER BACKING,4575,N,RACINE AVE,1913.0,,,,,,,1,NO INDICATION OF INJURY,0.0,0.0,0.0,0.0,0.0,2.0,0.0,13,5,7,,,
7104d96e54b5ced04225e7060b22c9e8140f466a883fc2aceeef70aad5fde05bfb110c1aab8155d3e6e85c1355750472b7444a57f8dff0ac97c41db212ce6773,,05/20/2018 02:10:00 PM,30,NO CONTROLS,NO CONTROLS,CLEAR,DAYLIGHT,REAR END,DIVIDED - W/MEDIAN (NOT RAISED),,STRAIGHT AND LEVEL,DRY,NO DEFECTS,NOT ON SCENE (DESK REPORT),NO INJURY / DRIVE AWAY,,,,"$501 - $1,500",05/20/2018 05:00:00 PM,FOLLOWING TOO CLOSELY,UNABLE TO DETERMINE,410,W,BELMONT AVE,1925.0,,,,,,,2,NO INDICATION OF INJURY,0.0,0.0,0.0,0.0,0.0,4.0,0.0,14,1,5,41.9402200654,-87.6400371499,POINT (-87.640037149911 41.940220065384)
0bf5916faf138241b925e89195a517ff667efe8893053691e8e53bb2ff55f43a1bfaa5b45accf885e9e7349d2edab2d659de22acc5354f83457428b3ce1f0246,Y,08/01/2025 07:40:00 AM,30,TRAFFIC SIGNAL,FUNCTIONING PROPERLY,CLEAR,DAYLIGHT,SIDESWIPE SAME DIRECTION,NOT DIVIDED,,STRAIGHT AND LEVEL,DRY,UNKNOWN,NOT ON SCENE (DESK REPORT),NO INJURY / DRIVE AWAY,,,,"OVER $1,500",08/01/2025 02:15:00 PM,UNABLE TO DETERMINE,NOT APPLICABLE,3215,N,KIMBALL AVE,1733.0,,,,,,,2,NO INDICATION OF INJURY,0.0,0.0,0.0,0.0,0.0,2.0,0.0,7,6,8,41.9397353571,-87.7123713842,POINT (-87.712371384171 41.93973535712)
49ef6d229bf4ff53be7f42457f7c28c692c956e7b9689e329e8bbf03e400206dd0b8a6fcbf789e8b3fd8ef219194ce68e1eb658eefb0982cf33e9f7e837fd15e,,06/24/2022 10:22:00 AM,30,NO CONTROLS,NO CONTROLS,CLEAR,DAYLIGHT,REAR END,NOT DIVIDED,,STRAIGHT AND LEVEL,DRY,NO DEFECTS,ON SCENE,NO INJURY / DRIVE AWAY,,,,"$501 - $1,500",06/24/2022 10:35:00 AM,FAILING TO REDUCE SPEED TO AVOID CRASH,FAILING TO REDUCE SPEED TO AVOID CRASH,2039,W,NORTH AVE,1424.0,,,,,,,2,NO INDICATION OF INJURY,0.0,0.0,0.0,0.0,0.0,4.0,0.0,10,6,6,41.910345619,-87.6790665774,POINT (-87.679066577443 41.910345619015)
6d95abde40db191a78172a18bcce298808ac4d1b528760ce14e899e5c98e86f68f89b9bcf6b3272cd323af8bc6196c4e7496859feafda5c139e486162e4ccf0c,,03/14/2021 12:42:00 AM,30,TRAFFIC SIGNAL,FUNCTIONING PROPERLY,CLEAR,"DARKNESS, LIGHTED ROAD",SIDESWIPE SAME DIRECTION,DIVIDED - W/MEDIAN BARRIER,,STRAIGHT AND LEVEL,DRY,NO DEFECTS,ON SCENE,INJURY AND / OR TOW DUE TO CRASH,,,,"OVER $1,500",03/14/2021 12:43:00 AM,IMPROPER LANE USAGE,NOT APPLICABLE,3899,S,WESTERN AVE,911.0,,,,,,,2,NO INDICATION OF INJURY,0.0,0.0,0.0,0.0,0.0,4.0,0.0,0,1,3,41.8230513047,-87.6847463682,POINT (-87.684746368215 41.823051304692)
1048ec71406e1c0be308c6f1a6b396e76d1767266e0b92f927c93b772265c1c939e4fb6ca345a0a5fa8f993a33d6355b6770381afc09875eb3c7dbed0cc34485,,03/29/2025 04:30:00 AM,30,UNKNOWN,UNKNOWN,UNKNOWN,"DARKNESS, LIGHTED ROAD",PARKED MOTOR VEHICLE,NOT DIVIDED,,STRAIGHT AND LEVEL,DRY,NO DEFECTS,ON SCENE,NO INJURY / DRIVE AWAY,,,Y,"OVER $1,500",03/29/2025 04:36:00 AM,"OPERATING VEHICLE IN ERRATIC, RECKLESS, CARELESS, NEGLIGENT OR AGGRESSIVE MANNER",IMPROPER OVERTAKING/PASSING,3739,N,HALSTED ST,1925.0,,,,,,,2,NO INDICATION OF INJURY,0.0,0.0,0.0,0.0,0.0,2.0,0.0,4,7,3,41.9502635334,-87.6494362859,POINT (-87.649436285856 41.950263533361)
fc97171034d70b28a318dfdf8b1e046e8ce3e6c0f9f5f0ba3e41d0daab87e5b2b846e229fd23b49c70ca249721ca813609b11a245f54b41030dd905f168255d9,,07/06/2019 05:07:00 PM,30,NO CONTROLS,NO CONTROLS,CLEAR,DAYLIGHT,PARKED MOTOR VEHICLE,NOT DIVIDED,,STRAIGHT AND LEVEL,DRY,NO DEFECTS,ON SCENE,INJURY AND / OR TOW DUE TO CRASH,,,,"OVER $1,500",07/06/2019 05:07:00 PM,UNABLE TO DETERMINE,NOT APPLICABLE,3323,W,MADISON ST,1124.0,,,,,,,2,NO INDICATION OF INJURY,0.0,0.0,0.0,0.0,0.0,1.0,0.0,17,7,7,41.880822914,-87.7094269929,POINT (-87.709426992884 41.880822914026)
de2df57ea545bccc97bcecdd12b9c1ed4cc13a5e08953f374abd2e3c1db533eb2b8b76a3cddd0d99337a6f19060c1d4764d8c0be6e39a7db1166e3aecd2118a8,,12/27/2021 09:07:00 AM,30,NO CONTROLS,NO CONTROLS,CLEAR,DAYLIGHT,REAR END,FOUR WAY,,STRAIGHT AND LEVEL,DRY,NO DEFECTS,NOT ON SCENE (DESK REPORT),NO INJURY / DRIVE AWAY,Y,,Y,$500 OR LESS,12/27/2021 10:40:00 AM,UNABLE TO DETERMINE,UNABLE TO DETERMINE,435,E,111TH ST,531.0,,,,,,,2,NO INDICATION OF INJURY,0.0,0.0,0.0,0.0,0.0,2.0,0.0,9,2,12,41.6926421472,-87.6120337096,POINT (-87.612033709555 41.692642147155)
f0bf48a607b62d550523f44398bbf2583237521809ae5d56fc1f06ed67192e07837819f4c61f05b7d5b01184cc52135d8d34c256be27ca4c6ca0989a1878ab50,,08/28/2018 12:35:00 PM,30,NO CONTROLS,NO CONTROLS,CLEAR,DAYLIGHT,REAR END,NOT DIVIDED,2,STRAIGHT AND LEVEL,DRY,NO DEFECTS,ON SCENE,NO INJURY / DRIVE AWAY,,,,"OVER $1,500",08/28/2018 12:40:00 PM,FOLLOWING TOO CLOSELY,DRIVING SKILLS/KNOWLEDGE/EXPERIENCE,175,W,HARRISON ST,123.0,,,,,,,2,NO INDICATION OF INJURY,0.0,0.0,0.0,0.0,0.0,3.0,0.0,12,3,8,41.8743778693,-87.6331253225,POINT (-87.6331253225 41.874377869347)
48dd0e8fa81f6d0b4d3712b4c99e0f5d495f7b84a8bb60149c0c58d0871db0598f90ff0828639c8a8b630a96b3a358a6beebbe85a449a6f7a1f89cac877b4e82,,12/13/2023 05:12:00 PM,30,TRAFFIC SIGNAL,FUNCTIONING PROPERLY,CLEAR,DAYLIGHT,ANGLE,FOUR WAY,,STRAIGHT AND LEVEL,DRY,NO DEFECTS,ON SCENE,INJURY AND / OR TOW DUE TO CRASH,Y,,,"OVER $1,500",12/13/2023 05:12:00 PM,DISREGARDING TRAFFIC SIGNALS,NOT APPLICABLE,651,W,TAYLOR ST,124.0,,,,,,,2,NO INDICATION OF INJURY,0.0,0.0,0.0,0.0,0.0,2.0,0.0,17,4,12,41.8695873951,-87.6436639606,POINT (-87.643663960591 41.869587395081)
484d9e9d26f179c7b040b237fdf1699c9961a861bfcb1217c71da3b5d35f6924e7ac77e1bd87f77a4d45144797a47313a667a401f56a2dad193a0307d8654f7d,,02/07/2021 12:43:00 PM,20,NO CONTROLS,NO CONTROLS,CLEAR,DAYLIGHT,SIDESWIPE SAME DIRECTION,ONE-WAY,,STRAIGHT AND LEVEL,ICE,NO DEFECTS,NOT ON SCENE (DESK REPORT),NO INJURY / DRIVE AWAY,,,,"$501 - $1,500",02/07/2021 01:45:00 PM,UNABLE TO DETERMINE,NOT APPLICABLE,640,W,BITTERSWEET PL,1915.0,,,,,,,2,NO INDICATION OF INJURY,0.0,0.0,0.0,0.0,0.0,4.0,0.0,12,1,2,41.955818611,-87.64662351,POINT (-87.646623510041 41.955818611019)
dd7e615ebf7d75610c946c824deb886e1ac7d1f1a1e16ebd901f4fc390b20792f1c671896791ce0a72191bf6c145588f645e92660e4d1d505668dc52fcf15d21,,02/05/2021 12:10:00 AM,30,NO CONTROLS,NO CONTROLS,CLEAR,"DARKNESS, LIGHTED ROAD",PARKED MOTOR VEHICLE,NOT DIVIDED,,STRAIGHT AND LEVEL,DRY,UNKNOWN,NOT ON SCENE (DESK REPORT),NO INJURY / DRIVE AWAY,,,Y,"OVER $1,500",02/05/2021 12:21:00 AM,UNABLE TO DETERMINE,NOT APPLICABLE,7600,S,NORMAL AVE,621.0,,,,,,,2,NO INDICATION OF INJURY,0.0,0.0,0.0,0.0,0.0,1.0,0.0,0,6,2,41.7561237182,-87.637015693,POINT (-87.637015692998 41.756123718188)
c2459af4195aa594629cff5f77a5625b3b5a40f6fbaadb67e3725388272c08ac355aaa2515a6e4dcfbe8b54e679af5e27d8b8a4ed362634a129656c429c94845,,09/29/2023 11:30:00 AM,30,TRAFFIC SIGNAL,FUNCTIONING PROPERLY,CLEAR,DAYLIGHT,PEDESTRIAN,NOT DIVIDED,,STRAIGHT AND LEVEL,DRY,NO DEFECTS,ON SCENE,INJURY AND / OR TOW DUE TO CRASH,,,,"OVER $1,500",09/29/2023 11:33:00 AM,UNABLE TO DETERMINE,UNABLE TO DETERMINE,2415,W,MONTROSE AVE,1911.0,,,,,,,2,NONINCAPACITATING INJURY,1.0,0.0,0.0,1.0,0.0,1.0,0.0,11,6,9,41.961197922,-87.6892940685,POINT (-87.689294068459 41.961197921956)
8b9c72cb45cf6b0196cd2cf3e34b85784e56622cce838221f15bc4a17ea2b39b76693ad39f5e27fb0f98cd609056cd220f304c3addb678a7a99debc6b33f1fbd,,09/28/2023 07:35:00 PM,30,NO CONTROLS,NO CONTROLS,CLEAR,"DARKNESS, LIGHTED ROAD",SIDESWIPE SAME DIRECTION,DIVIDED - W/MEDIAN (NOT RAISED),,STRAIGHT AND LEVEL,DRY,NO DEFECTS,NOT ON SCENE (DESK REPORT),NO INJURY / DRIVE AWAY,,,,"OVER $1,500",09/28/2023 07:50:00 PM,UNABLE TO DETERMINE,UNABLE TO DETERMINE,5806,N,RIDGE AVE,2013.0,,,,,,,2,NO INDICATION OF INJURY,0.0,0.0,0.0,0.0,0.0,2.0,0.0,19,5,9,41.9873878339,-87.6664461689,POINT (-87.666446168858 41.987387833878)
ff65f27fde6a3e6adc13ce8e5585e43203dfafc49e28985cb556ec7b2e6cdc5a62499607095f38127d1ccda9d612c69f8308b2cdabfc5aaa03897ff692e8d243,,10/22/2024 05:25:00 PM,15,NO CONTROLS,NO CONTROLS,CLEAR,"DARKNESS, LIGHTED ROAD",SIDESWIPE OPPOSITE DIRECTION,PARKING LOT,,STRAIGHT AND LEVEL,DRY,NO DEFECTS,ON SCENE,NO INJURY / DRIVE AWAY,,,,"OVER $1,500",10/22/2024 05:31:00 PM,IMPROPER OVERTAKING/PASSING,NOT APPLICABLE,3142,W,LAWRENCE AVE,1713.0,,,,,,,2,NO INDICATION OF INJURY,0.0,0.0,0.0,0.0,0.0,2.0,0.0,17,3,10,41.9685727721,-87.7077877013,POINT (-87.707787701272 41.968572772124)
61105d4b06bf3ec20dddb98ef1db89a96f77e5ad79c9f208b0beb04043feb7cdc4e56963771b24262ac102ae2a774d1b4dd747cd057f39ae2d5682063ee75cde,,05/15/2025 10:45:00 AM,30,NO CONTROLS,NO CONTROLS,CLEAR,DAYLIGHT,PEDESTRIAN,FOUR WAY,,STRAIGHT AND LEVEL,DRY,UNKNOWN,NOT ON SCENE (DESK REPORT),INJURY AND / OR TOW DUE TO CRASH,,,Y,"OVER $1,500",05/15/2025 11:30:00 AM,IMPROPER BACKING,UNABLE TO DETERMINE,5434,S,ASHLAND AVE,932.0,,,,,,,2,"REPORTED, NOT EVIDENT",1.0,0.0,0.0,0.0,1.0,1.0,0.0,10,5,5,41.7947935732,-87.6647513905,POINT (-87.66475139046 41.794793573168)
3ecd497786adbb2786a958ddca4c170c0549d349ad32e63960ee366ab413420816e2542315de243ec58b8b3aa8d7b104f3e077bb5fb53296135dd6f1cabe610f,,11/26/2019 02:00:00 PM,30,NO CONTROLS,NO CONTROLS,CLEAR,DAYLIGHT,SIDESWIPE SAME DIRECTION,NOT DIVIDED,,STRAIGHT AND LEVEL,DRY,NO DEFECTS,NOT ON SCENE (DESK REPORT),NO INJURY / DRIVE AWAY,Y,,,"OVER $1,500",11/26/2019 02:50:00 PM,FAILING TO YIELD RIGHT-OF-WAY,DRIVING SKILLS/KNOWLEDGE/EXPERIENCE,4700,S,HAMLIN AVE,821.0,,,,,,,2,NO INDICATION OF INJURY,0.0,0.0,0.0,0.0,0.0,2.0,0.0,14,3,11,41.8078396383,-87.7188225402,POINT (-87.718822540233 41.807839638258)
c2e40a995355c38ad90f3fa74b228d71ca717a007eaba9c0d2f6f30d8c5f295d4895652446b76efeca41fe9fb42c35d21a682dee02a8ab0e5bb289a06f6547d2,Y,09/21/2023 12:11:00 AM,10,NO CONTROLS,NO CONTROLS,CLEAR,DAYLIGHT,PARKED MOTOR VEHICLE,PARKING LOT,,STRAIGHT AND LEVEL,DRY,NO DEFECTS,NOT ON SCENE (DESK REPORT),NO INJURY / DRIVE AWAY,,Y,Y,"$501 - $1,500",09/21/2023 09:30:00 AM,NOT APPLICABLE,NOT APPLICABLE,4905,W,NORTH AVE,2533.0,,,,,,,2,NO INDICATION OF INJURY,0.0,0.0,0.0,0.0,0.0,1.0,0.0,0,5,9,41.9094801719,-87.7488564309,POINT (-87.748856430894 41.909480171867)
b4ab62674cc027fc80d696b6577dc18e7adb94600e65f88ebcac7d241c274f7bd1fab49340872ddac44e71254d2535f3ce490a106653e4e681e08bf47d4f5a5f,,11/29/2018 07:00:00 PM,15,NO CONTROLS,NO CONTROLS,UNKNOWN,UNKNOWN,PARKED MOTOR VEHICLE,NOT DIVIDED,2,STRAIGHT AND LEVEL,UNKNOWN,UNKNOWN,NOT ON SCENE (DESK REPORT),NO INJURY / DRIVE AWAY,,,,$500 OR LESS,11/29/2018 11:00:00 PM,UNABLE TO DETERMINE,NOT APPLICABLE,6427,N,HERMITAGE AVE,2432.0,,,,,,,2,NO INDICATION OF INJURY,0.0,0.0,0.0,0.0,0.0,1.0,0.0,19,5,11,41.998850767,-87.6734839737,POINT (-87.673483973668 41.998850767043)
35e47caaedb88daeed8f42417ca4eea2563f57d76ecf4ec5905a016e889abc4981d6ce0d4af598616fec4a439d6295b16e7f6432e963a9ee6884de818ecf7fc9,,11/01/2024 02:28:00 PM,30,TRAFFIC SIGNAL,FUNCTIONING PROPERLY,CLEAR,DAYLIGHT,TURNING,FOUR WAY,,STRAIGHT AND LEVEL,DRY,UNKNOWN,ON SCENE,NO INJURY / DRIVE AWAY,Y,,,"OVER $1,500",11/01/2024 04:06:00 PM,UNABLE TO DETERMINE,NOT APPLICABLE,2200,S,PULASKI RD,1013.0,,,,,,,2,NO INDICATION OF INJURY,0.0,0.0,0.0,0.0,0.0,3.0,0.0,14,6,11,41.8515214423,-87.7249047867,POINT (-87.72490478675 41.851521442331)
2b47fc05e2ce621f0c7cba7c0f234e8c3de70532c7b7a5a39cf029fae5664125654c2839319db67c8b72d1af8a25ce081d67e729a3fadf0f90ab89015d9aa604,,06/24/2016 08:48:00 AM,30,NO CONTROLS,NO CONTROLS,CLEAR,DAYLIGHT,TURNING,ALLEY,2,STRAIGHT AND LEVEL,DRY,NO DEFECTS,NOT ON SCENE (DESK REPORT),NO INJURY / DRIVE AWAY,,,,"$501 - $1,500",06/24/2016 09:13:00 AM,IMPROPER TURNING/NO SIGNAL,NOT APPLICABLE,320,E,21ST ST,132.0,,,,,,,2,NO INDICATION OF INJURY,0.0,0.0,0.0,0.0,0.0,2.0,0.0,8,6,6,41.8544493425,-87.6198070561,POINT (-87.619807056117 41.854449342485)
962bbb9c401b0af35747f4d1d00c637696525c522612f704ce123fa5d793fe9f25fbf64aad2112107143c53b780e131f343302d5bb2c5bdf33f707a9ed55953a,,07/10/2025 05:15:00 AM,30,TRAFFIC SIGNAL,FUNCTIONING PROPERLY,CLEAR,DAWN,TURNING,FOUR WAY,,STRAIGHT AND LEVEL,DRY,NO DEFECTS,NOT ON SCENE (DESK REPORT),NO INJURY / DRIVE AWAY,Y,,Y,$500 OR LESS,07/10/2025 05:25:00 AM,FAILING TO YIELD RIGHT-OF-WAY,UNABLE TO DETERMINE,1600,W,CERMAK RD,1234.0,,,,,,,2,NO INDICATION OF INJURY,0.0,0.0,0.0,0.0,0.0,2.0,0.0,5,5,7,41.8524380492,-87.6661522304,POINT (-87.666152230449 41.852438049213)
4ee67dc1d8018b56c12dda25653117583b6e9bd4093f8fe92d8dec01641e5cd7b98d23359c032df5aff20f8f3dc34f5a96577ffff880f5217d1edd69d13d9a4d,,03/29/2022 12:44:00 PM,30,NO CONTROLS,NO CONTROLS,CLOUDY/OVERCAST,DAYLIGHT,REAR END,DIVIDED - W/MEDIAN (NOT RAISED),,STRAIGHT ON GRADE,DRY,UNKNOWN,ON SCENE,INJURY AND / OR TOW DUE TO CRASH,,,,"OVER $1,500",03/29/2022 12:45:00 PM,FAILING TO REDUCE SPEED TO AVOID CRASH,NOT APPLICABLE,10015,S,HALSTED ST,2232.0,,,,,,,3,NO INDICATION OF INJURY,0.0,0.0,0.0,0.0,0.0,3.0,0.0,12,3,3,41.7118900934,-87.6428126238,POINT (-87.642812623831 41.711890093361)
2e72864474a37c42957d470b9341e424c405b15604eb2443811d3ff0d03ad651f89c3878785da1129dbae7f1c33e988eeea3b771f53da1a5d984d10f37bbb584,,01/06/2018 05:15:00 AM,30,TRAFFIC SIGNAL,FUNCTIONING PROPERLY,CLEAR,DAYLIGHT,REAR END,NOT DIVIDED,2,STRAIGHT AND LEVEL,DRY,NO DEFECTS,NOT ON SCENE (DESK REPORT),NO INJURY / DRIVE AWAY,,,,"$501 - $1,500",01/06/2018 02:35:00 PM,FOLLOWING TOO CLOSELY,FAILING TO REDUCE SPEED TO AVOID CRASH,1957,W,NORTH AVE,1424.0,,,,,,,2,NO INDICATION OF INJURY,0.0,0.0,0.0,0.0,0.0,2.0,0.0,5,7,1,41.910369898,-87.6774288742,POINT (-87.677428874245 41.910369898038)
bd3f11bd0cdd8c7c3112a78373a515ab07b8856cf6d653797d4a6883fc2eadb44e223e8413142d4e9662ab76a4e3b727461d3ae4089e2be361953a77baf758aa,,09/18/2017 04:30:00 PM,15,NO CONTROLS,NO CONTROLS,CLEAR,DAYLIGHT,REAR END,ONE-WAY,1,STRAIGHT AND LEVEL,DRY,NO DEFECTS,NOT ON SCENE (DESK REPORT),NO INJURY / DRIVE AWAY,,,N,$500 OR LESS,09/18/2017 06:20:00 PM,FAILING TO YIELD RIGHT-OF-WAY,IMPROPER OVERTAKING/PASSING,5700,S,CICERO AVE,813.0,,,,,,,2,NO INDICATION OF INJURY,0.0,0.0,0.0,0.0,0.0,2.0,0.0,16,2,9,41.7893293233,-87.7416456442,POINT (-87.741645644196 41.789329323265)
ed17baf3d4fd58645908e8186da52ab46871f4e4a2110304cad30759000c1a00e728a2849a7e20fa38687124733966f6875a8697a15727f79ab399d94948c7b4,,05/22/2018 08:56:00 AM,20,TRAFFIC SIGNAL,FUNCTIONING PROPERLY,CLEAR,DAYLIGHT,ANGLE,NOT DIVIDED,2,STRAIGHT AND LEVEL,WET,NO DEFECTS,ON SCENE,INJURY AND / OR TOW DUE TO CRASH,Y,,,"OVER $1,500",05/22/2018 09:10:00 AM,FAILING TO REDUCE SPEED TO AVOID CRASH,FAILING TO YIELD RIGHT-OF-WAY,6000,W,BELMONT AVE,1633.0,,,,,,,2,NONINCAPACITATING INJURY,1.0,0.0,0.0,1.0,0.0,1.0,0.0,8,3,5,41.9385562651,-87.7763387581,POINT (-87.776338758084 41.93855626509)