CRASH_RECORD_ID,CRASH_DATE_EST_I,CRASH_DATE,POSTED_SPEED_LIMIT,TRAFFIC_CONTROL_DEVICE,DEVICE_CONDITION,WEATHER_CONDITION,LIGHTING_CONDITION,FIRST_CRASH_TYPE,TRAFFICWAY_TYPE,LANE_CNT,ALIGNMENT,ROADWAY_SURFACE_COND,ROAD_DEFECT,REPORT_TYPE,CRASH_TYPE,INTERSECTION_RELATED_I,NOT_RIGHT_OF_WAY_I,HIT_AND_RUN_I,DAMAGE,DATE_POLICE_NOTIFIED,PRIM_CONTRIBUTORY_CAUSE,SEC_CONTRIBUTORY_CAUSE,STREET_NO,STREET_DIRECTION,STREET_NAME,BEAT_OF_OCCURRENCE,PHOTOS_TAKEN_I,STATEMENTS_TAKEN_I,DOORING_I,WORK_ZONE_I,WORK_ZONE_TYPE,WORKERS_PRESENT_I,NUM_UNITS,MOST_SEVERE_INJURY,INJURIES_TOTAL,INJURIES_FATAL,INJURIES_INCAPACITATING,INJURIES_NON_INCAPACITATING,INJURIES_REPORTED_NOT_EVIDENT,INJURIES_NO_INDICATION,INJURIES_UNKNOWN,CRASH_HOUR,CRASH_DAY_OF_WEEK,CRASH_MONTH,LATITUDE,LONGITUDE,LOCATION
5d8c9c439819a5fbc64b7d2e0e96c875b6d6409e75b408d27b49a4a3fd5ef37b24b070ea650c662a995d50b1d5c50593b27900f209e7f39de97020dfe6c9bf1a,,11/22/2023 10:30:00 PM,25,NO CONTROLS,NO CONTROLS,UNKNOWN,DARKNESS,SIDESWIPE SAME DIRECTION,ONE-WAY,,STRAIGHT AND LEVEL,UNKNOWN,UNKNOWN,NOT ON SCENE (DESK REPORT),NO INJURY / DRIVE AWAY,,,,"OVER $1,500",11/24/2023 05:48:00 PM,FAILING TO YIELD RIGHT-OF-WAY,NOT APPLICABLE,6309,N,MOZART ST,2413.0,,,,,,,2,NO INDICATION OF INJURY,0.0,0.0,0.0,0.0,0.0,2.0,0.0,22,4,11,41.9960656932,-87.7006534599,POINT (-87.700653459898 41.996065693165)
aa20ec3cf06bd6badb82f836527e3731b1f59021de2e58101dfcbb5c336e8b31001d45f02792d1fac22a676ade04ff3d9012bbfc92be16cbcd8051ca21408dda,,08/05/2025 12:32:00 PM,30,TRAFFIC SIGNAL,FUNCTIONING PROPERLY,CLEAR,DAYLIGHT,REAR END,"FIVE POINT, OR MORE",,STRAIGHT AND LEVEL,DRY,NO DEFECTS,ON SCENE,INJURY AND / OR TOW DUE TO CRASH,,,,"OVER $1,500",08/05/2025 12:36:00 PM,UNABLE TO DETERMINE,FOLLOWING TOO CLOSELY,7901,S,STONY ISLAND AVE,411.0,,,,,,,3,NONINCAPACITATING INJURY,5.0,0.0,0.0,3.0,2.0,0.0,0.0,12,3,8,41.7514429054,-87.5855058933,POINT (-87.585505893341 41.751442905351)
9018cd610f2d7125f16dad2286ae7effc6b42689c4f7c9e6fa29966094c8e1e1c0e44adc47579d07259b2580d95a54ab7cdf7b14524ac4d68bd1524eaf77f4c3,,09/11/2020 06:05:00 PM,20,TRAFFIC SIGNAL,UNKNOWN,UNKNOWN,UNKNOWN,REAR END,DIVIDED - W/MEDIAN (NOT RAISED),,STRAIGHT AND LEVEL,UNKNOWN,UNKNOWN,NOT ON SCENE (DESK REPORT),NO INJURY / DRIVE AWAY,Y,,,"OVER $1,500",09/12/2020 08:00:00 PM,UNABLE TO DETERMINE,UNABLE TO DETERMINE,2014,N,LARAMIE AVE,2515.0,,,,,,,2,NO INDICATION OF INJURY,0.0,0.0,0.0,0.0,0.0,2.0,0.0,18,6,9,41.9173905248,-87.7560999509,POINT (-87.756099950876 41.91739052482)
c2e229302e29dc1ab499a84dca0a9b17ab41a41a604d67bde8612cf61b1b4ec8ad93a9bca25be7e76df4841a7fa557daa51894e72440e1c4ce163ff95348a9ac,,07/11/2019 09:00:00 AM,40,NO CONTROLS,NO CONTROLS,CLEAR,DAYLIGHT,OTHER OBJECT,DIVIDED - W/MEDIAN (NOT RAISED),,STRAIGHT AND LEVEL,DRY,NO DEFECTS,NOT ON SCENE (DESK REPORT),INJURY AND / OR TOW DUE TO CRASH,,,,"OVER $1,500",07/11/2019 04:30:00 PM,ROAD ENGINEERING/SURFACE/MARKING DEFECTS,ROAD ENGINEERING/SURFACE/MARKING DEFECTS,4920,N,LAKE SHORE DR NB,2024.0,Y,,,,,,1,NO INDICATION OF INJURY,0.0,0.0,0.0,0.0,0.0,1.0,0.0,9,5,7,41.9722447155,-87.6490081688,POINT (-87.649008168825 41.972244715488)
ba324e409578fd05f65e4d26fdcafcdce4a7d6dbdaa00ceceb20dbd9e5230c071e4dc71c1c178c6dc3466ad2bd537115f945e3cfabd7bffdde1e26b672f1f899,,03/18/2025 05:00:00 AM,45,TRAFFIC SIGNAL,FUNCTIONING PROPERLY,CLEAR,"DARKNESS, LIGHTED ROAD",TURNING,DIVIDED - W/MEDIAN BARRIER,,STRAIGHT AND LEVEL,DRY,NO DEFECTS,ON SCENE,INJURY AND / OR TOW DUE TO CRASH,,,,"OVER $1,500",03/18/2025 05:08:00 AM,FAILING TO YIELD RIGHT-OF-WAY,IMPROPER TURNING/NO SIGNAL,800,N,LAKE SHORE DR SB,1833.0,,,,,,,2,NO INDICATION OF INJURY,0.0,0.0,0.0,0.0,0.0,2.0,0.0,5,3,3,41.8968049724,-87.6170274232,POINT (-87.617027423234 41.896804972416)
2cb686b41c122f94972f317da3d0f8e41bb56ee4b521f6fe7f1602906d24a8cda11b76a3e32a88f91863447ceeb64c79eaf644dbe6cc85d994c28bfe61da488d,,10/09/2023 07:15:00 AM,15,NO CONTROLS,NO CONTROLS,CLEAR,DAYLIGHT,SIDESWIPE SAME DIRECTION,OTHER,,STRAIGHT AND LEVEL,DRY,NO DEFECTS,ON SCENE,NO INJURY / DRIVE AWAY,,,,"OVER $1,500",10/09/2023 07:20:00 AM,UNABLE TO DETERMINE,NOT APPLICABLE,1,W,TERMINAL ST,1651.0,,,,,,,2,NO INDICATION OF INJURY,0.0,0.0,0.0,0.0,0.0,2.0,0.0,7,2,10,,,
4082d0861f17bcddd51a3afedfb07bc2178dd8da7959477c58dc5ccf94a2b06c78aef7c755b18886d39339320f9284c304db70087761b7a67117745119ee25f4,,12/20/2023 07:41:00 PM,30,TRAFFIC SIGNAL,FUNCTIONING PROPERLY,CLEAR,"DARKNESS, LIGHTED ROAD",TURNING,"FIVE POINT, OR MORE",,STRAIGHT AND LEVEL,DRY,NO DEFECTS,ON SCENE,NO INJURY / DRIVE AWAY,Y,,,"$501 - $1,500",12/20/2023 07:48:00 PM,IMPROPER TURNING/NO SIGNAL,UNABLE TO DETERMINE,7402,N,CLARK ST,2424.0,,,,,,,2,NO INDICATION OF INJURY,0.0,0.0,0.0,0.0,0.0,2.0,0.0,19,4,12,42.0161365412,-87.6753658259,POINT (-87.675365825865 42.016136541161)
06f12adda7a1468d4eb7f1bcb45580b84876dea75c9ded82d88e8044ff2c93236adddfd476ee991fe59a3b5cb39ceda708dd5bda81f74ff3d3f21b5d51cd53bc,,01/06/2016 06:00:00 PM,30,TRAFFIC SIGNAL,FUNCTIONING PROPERLY,OTHER,"DARKNESS, LIGHTED ROAD",REAR END,NOT DIVIDED,6,STRAIGHT AND LEVEL,WET,NO DEFECTS,NOT ON SCENE (DESK REPORT),NO INJURY / DRIVE AWAY,,,,"$501 - $1,500",01/06/2016 06:15:00 PM,FOLLOWING TOO CLOSELY,NOT APPLICABLE,1210,S,STATE ST,131.0,,,,,,,2,NO INDICATION OF INJURY,0.0,0.0,0.0,0.0,0.0,2.0,0.0,18,4,1,41.8670711737,-87.6275675564,POINT (-87.627567556445 41.867071173724)
1b19668eabb0a594b2f862c7bdccd2e16aef3ce1d016c489ad8b87c51527cea109bea704bd69e8707898dc23e1aa040aacb8ab6eda8eaadbb80475ae8e4c4860,,11/23/2023 05:00:00 PM,15,NO CONTROLS,NO CONTROLS,CLEAR,DUSK,SIDESWIPE SAME DIRECTION,PARKING LOT,,STRAIGHT AND LEVEL,DRY,NO DEFECTS,ON SCENE,NO INJURY / DRIVE AWAY,,,,"OVER $1,500",11/23/2023 05:00:00 PM,UNABLE TO DETERMINE,UNABLE TO DETERMINE,3898,S,DR MARTIN LUTHER KING JR DR,212.0,,,,,,,2,NO INDICATION OF INJURY,0.0,0.0,0.0,0.0,0.0,2.0,0.0,17,5,11,41.8239227121,-87.6171458852,POINT (-87.617145885166 41.823922712124)
5fbe5a8c89db3d28470e301629d3cf2db119f05bcd5684b3b997056595de30391d5fc47f9cd369a5ef17b9ad1b3c2b212c811b8c548cbc7c08cd50c7b7921877,,01/22/2023 02:20:00 PM,10,NO CONTROLS,NO CONTROLS,CLEAR,DAYLIGHT,REAR TO SIDE,PARKING LOT,,STRAIGHT ON GRADE,WET,NO DEFECTS,NOT ON SCENE (DESK REPORT),NO INJURY / DRIVE AWAY,,Y,Y,"$501 - $1,500",01/22/2023 02:40:00 PM,IMPROPER BACKING,IMPROPER BACKING,6422,W,63RD ST,812.0,,,,,,,2,NO INDICATION OF INJURY,0.0,0.0,0.0,0.0,0.0,2.0,0.0,14,1,1,41.7777686684,-87.7823368946,POINT (-87.782336894618 41.777768668412)
a8e5b581055ccb5c063585a2b508eada83e3c5c8c0ecaedded064934e1abbc71aa849e9df726f99de67d0f95275054f19b7ecf65827c97341d3a69ee950761f6,,12/17/2023 11:00:00 AM,15,NO CONTROLS,NO CONTROLS,CLOUDY/OVERCAST,DAYLIGHT,PEDESTRIAN,PARKING LOT,,STRAIGHT AND LEVEL,DRY,NO DEFECTS,NOT ON SCENE (DESK REPORT),INJURY AND / OR TOW DUE TO CRASH,,,Y,$500 OR LESS,12/17/2023 01:00:00 PM,"OPERATING VEHICLE IN ERRATIC, RECKLESS, CARELESS, NEGLIGENT OR AGGRESSIVE MANNER",FAILING TO YIELD RIGHT-OF-WAY,917,W,18TH ST,1235.0,,,,,,,3,"REPORTED, NOT EVIDENT",2.0,0.0,0.0,0.0,2.0,1.0,0.0,11,1,12,41.8579420588,-87.6494717777,POINT (-87.649471777654 41.857942058771)
051b49f6426f2f1dd18b9ff39ae24c81a2d754486a18776e4cf4760106bddd72f8c5dd1efe82ea6d5a5ded34c9aae9a6acb8ecbedbf3b1a102f8fac59c9ff113,,05/07/2025 08:34:00 PM,30,TRAFFIC SIGNAL,FUNCTIONING PROPERLY,CLEAR,DUSK,TURNING,FOUR WAY,,STRAIGHT AND LEVEL,DRY,NO DEFECTS,ON SCENE,INJURY AND / OR TOW DUE TO CRASH,Y,,,"OVER $1,500",05/07/2025 08:35:00 PM,UNABLE TO DETERMINE,NOT APPLICABLE,798,W,87TH ST,622.0,,,,,,,2,"REPORTED, NOT EVIDENT",2.0,0.0,0.0,0.0,2.0,0.0,0.0,20,4,5,41.7361889264,-87.6436071756,POINT (-87.643607175599 41.736188926404)
08434321b5cabc86ac5199a5b92af1b8305dd92b3d9dfd2fa5c13a0cb51f2a556e9d5b8c5e2ff83b36d28a6a1354f0b9e797b51c8e8e0c7e45a18b20b3fe4822,,05/09/2025 11:00:00 PM,30,UNKNOWN,UNKNOWN,CLEAR,"DARKNESS, LIGHTED ROAD",SIDESWIPE OPPOSITE DIRECTION,ONE-WAY,,STRAIGHT AND LEVEL,UNKNOWN,UNKNOWN,NOT ON SCENE (DESK REPORT),NO INJURY / DRIVE AWAY,,,Y,"OVER $1,500",05/10/2025 11:10:00 AM,DRIVING SKILLS/KNOWLEDGE/EXPERIENCE,UNABLE TO DETERMINE,2560,W,ARGYLE ST,2031.0,,,,,,,2,NO INDICATION OF INJURY,0.0,0.0,0.0,0.0,0.0,2.0,0.0,23,6,5,41.9719769977,-87.6930216661,POINT (-87.69302166613 41.971976997701)
114df86e5d59b9be7d9ad0b8f966c0855033b9d7ed607a9ca42eb86e70c497fe52f38ea23796c7682fc5a34eb9f5c954473a894dd7528b3de1fe7fc8fbe3a7d1,,07/18/2025 04:40:00 PM,30,NO CONTROLS,NO CONTROLS,CLEAR,DAYLIGHT,REAR END,DIVIDED - W/MEDIAN (NOT RAISED),,STRAIGHT AND LEVEL,DRY,NO DEFECTS,NOT ON SCENE (DESK REPORT),NO INJURY / DRIVE AWAY,,,,"OVER $1,500",07/18/2025 04:45:00 PM,UNABLE TO DETERMINE,UNABLE TO DETERMINE,7000,S,HALSTED ST,733.0,,,,,,,2,NO INDICATION OF INJURY,0.0,0.0,0.0,0.0,0.0,2.0,0.0,16,6,7,41.7669224351,-87.6446024474,POINT (-87.644602447367 41.766922435101)
25776b25a5fc1932a78b0a2088f5657fc6edb145b60c40aa3cd2bf50575bb623ee630139128eb52f2bc54e30efe0e102ce3ac0d3c5098e8b085ba563933d14be,,01/05/2016 02:45:00 PM,30,TRAFFIC SIGNAL,FUNCTIONING PROPERLY,CLOUDY/OVERCAST,DAYLIGHT,REAR END,DIVIDED - W/MEDIAN BARRIER,6,STRAIGHT AND LEVEL,SNOW OR SLUSH,NO DEFECTS,ON SCENE,NO INJURY / DRIVE AWAY,Y,,,"OVER $1,500",01/05/2016 07:32:00 PM,UNABLE TO DETERMINE,NOT APPLICABLE,222,N,LA SALLE ST,122.0,,,,,,,2,NO INDICATION OF INJURY,0.0,0.0,0.0,0.0,0.0,2.0,0.0,14,3,1,41.8863516045,-87.6326139455,POINT (-87.632613945519 41.886351604489)
46acc41a16838abbf520b73f0179edcc8aff5e82f81e607fc5c2870a6ce36c706090eeac1e748d22cb94c2aa1f01eda971bdf6317ad67755b938ef9a9c39dc0a,,03/23/2016 07:27:00 AM,30,NO CONTROLS,NO CONTROLS,CLEAR,DAYLIGHT,SIDESWIPE SAME DIRECTION,ONE-WAY,1,STRAIGHT AND LEVEL,DRY,NO DEFECTS,NOT ON SCENE (DESK REPORT),NO INJURY / DRIVE AWAY,,,,"OVER $1,500",03/23/2016 08:00:00 AM,UNABLE TO DETERMINE,UNABLE TO DETERMINE,7201,S,PHILLIPS AVE,334.0,,,,,,,2,NO INDICATION OF INJURY,0.0,0.0,0.0,0.0,0.0,2.0,0.0,7,4,3,41.7643898282,-87.5656010713,POINT (-87.565601071295 41.764389828201)
ed6af7cd009234c8d8f2b2b4055687109c733f6794a46afb1b1af6aaff7e376ddbe5e1950697e2c03bf609468bc1185511d399b2c6fcc36431988eca9a194aff,,01/10/2022 07:25:00 AM,30,NO CONTROLS,NO CONTROLS,CLEAR,DAYLIGHT,REAR END,DIVIDED - W/MEDIAN (NOT RAISED),,STRAIGHT AND LEVEL,DRY,NO DEFECTS,NOT ON SCENE (DESK REPORT),NO INJURY / DRIVE AWAY,,,,"OVER $1,500",01/10/2022 07:35:00 PM,UNABLE TO DETERMINE,UNABLE TO DETERMINE,1800,N,NARRAGANSETT AVE,2513.0,,,,,,,2,NO INDICATION OF INJURY,0.0,0.0,0.0,0.0,0.0,2.0,0.0,7,2,1,41.9128676759,-87.7852687446,POINT (-87.78526874464 41.912867675883)
4fd997dbb6c1434548075d0e73923da25c36ddcb93d703850d0909bce983ec172d84ed5d9e4436558945f500dec6c4299ca5bb4e70201cf1d1d753f1b1a25e59,,09/04/2019 11:05:00 AM,30,STOP SIGN/FLASHER,FUNCTIONING PROPERLY,CLEAR,DAYLIGHT,ANGLE,NOT DIVIDED,,STRAIGHT AND LEVEL,DRY,NO DEFECTS,ON SCENE,INJURY AND / OR TOW DUE TO CRASH,Y,,,"OVER $1,500",09/04/2019 11:07:00 AM,UNABLE TO DETERMINE,NOT APPLICABLE,4600,W,WASHINGTON BLVD,1113.0,,,,,,,2,NONINCAPACITATING INJURY,1.0,0.0,0.0,1.0,0.0,1.0,0.0,11,4,9,41.8819844348,-87.7401630114,POINT (-87.740163011434 41.881984434835)
03c45e83536b979017e8b29446db735f1b6c91a49cc548c536f1e21ca0f4d0232172e0934716eb9251a5e283f80b01dc3575987423523cbba5c5d10e32d8b772,,05/27/2021 01:15:00 PM,35,UNKNOWN,UNKNOWN,UNKNOWN,UNKNOWN,TURNING,DIVIDED - W/MEDIAN (NOT RAISED),,STRAIGHT AND LEVEL,UNKNOWN,UNKNOWN,NOT ON SCENE (DESK REPORT),NO INJURY / DRIVE AWAY,,,,"OVER $1,500",05/27/2021 08:15:00 PM,FAILING TO YIELD RIGHT-OF-WAY,NOT APPLICABLE,1607,W,IRVING PARK RD,1922.0,,,,,,,2,NO INDICATION OF INJURY,0.0,0.0,0.0,0.0,0.0,2.0,0.0,13,5,5,41.9541763643,-87.6693627369,POINT (-87.66936273693 41.954176364284)
25ce9879b456eedfcc5de21e8814ee5cd1700f4a5aff60f58c4976080956f3198806cf668f25229b5af91d847ca6e56ca88649b294a3ef9196f74ff249b35f34,,06/04/2019 03:30:00 PM,15,NO CONTROLS,NO CONTROLS,CLEAR,DAYLIGHT,FIXED OBJECT,PARKING LOT,,STRAIGHT AND LEVEL,DRY,NO DEFECTS,NOT ON SCENE (DESK REPORT),NO INJURY / DRIVE AWAY,,Y,,$500 OR LESS,06/04/2019 04:00:00 PM,UNABLE TO DETERMINE,NOT APPLICABLE,5255,W,MADISON ST,1522.0,,,,,,,1,NO INDICATION OF INJURY,0.0,0.0,0.0,0.0,0.0,1.0,0.0,15,3,6,41.8802365439,-87.7572203921,POINT (-87.757220392117 41.880236543866)
4185f2b87d876c3164f08291110513c45b440d5bbc11fc02dba159c7e644f8a76453a0f0b000035e629eb6cc1332764e8eef27a95dff39980cf5132d823033f7,,08/08/2023 12:30:00 PM,30,TRAFFIC SIGNAL,FUNCTIONING PROPERLY,CLEAR,DAYLIGHT,TURNING,NOT DIVIDED,,STRAIGHT AND LEVEL,DRY,NO DEFECTS,NOT ON SCENE (DESK REPORT),NO INJURY / DRIVE AWAY,,,,"$501 - $1,500",08/08/2023 12:38:00 PM,IMPROPER TURNING/NO SIGNAL,IMPROPER LANE USAGE,1500,W,111TH ST,2234.0,,,,,,,2,NO INDICATION OF INJURY,0.0,0.0,0.0,0.0,0.0,2.0,0.0,12,3,8,41.6922463169,-87.6604924153,POINT (-87.660492415308 41.69224631691)
9c07cd43b10c4de04281c8711474313aa615a06a236675816920d877d315a419a21881b987f50bea55e224144c2c58497e003edc3ddaeb7645ead5140ed61c52,,10/31/2022 09:45:00 AM,30,NO CONTROLS,NO CONTROLS,CLEAR,DAYLIGHT,ANGLE,NOT DIVIDED,,STRAIGHT AND LEVEL,WET,NO DEFECTS,ON SCENE,NO INJURY / DRIVE AWAY,,,,"$501 - $1,500",10/31/2022 09:51:00 AM,DRIVING SKILLS/KNOWLEDGE/EXPERIENCE,IMPROPER LANE USAGE,1923,N,WESTERN AVE,1434.0,,,,,,,2,NO INDICATION OF INJURY,0.0,0.0,0.0,0.0,0.0,2.0,0.0,9,2,10,41.9165055134,-87.6872346611,POINT (-87.687234661133 41.916505513439)
dafb2da4becd1ebd47adf9cf4524bc3cc1eb5152f21313a427a5c4dc2bfa4133897da6dd526860cf5ebb6f584485e267749caf3582d3fb02c6ccee069806c092,,10/08/2019 07:50:00 PM,30,NO CONTROLS,NO CONTROLS,CLEAR,"DARKNESS, LIGHTED ROAD",PARKED MOTOR VEHICLE,DIVIDED - W/MEDIAN (NOT RAISED),,STRAIGHT AND LEVEL,DRY,NO DEFECTS,ON SCENE,NO INJURY / DRIVE AWAY,,,Y,"$501 - $1,500",10/08/2019 08:12:00 PM,IMPROPER BACKING,NOT APPLICABLE,517,N,ASHLAND AVE,1215.0,,,,,,,2,NO INDICATION OF INJURY,0.0,0.0,0.0,0.0,0.0,1.0,0.0,19,3,10,41.8915266124,-87.6670103493,POINT (-87.667010349289 41.891526612436)
3c10500bb534abcc17a5ca43f0ebbb2495640ea9eefcd947ada945e56aa801fcc2a33de1b921f7554305308299b64e0a44c4d62152934cb77ae9eae7cf5b69a7,,03/26/2020 08:30:00 PM,30,NO CONTROLS,NO CONTROLS,CLEAR,"DARKNESS, LIGHTED ROAD",REAR END,ONE-WAY,,STRAIGHT AND LEVEL,DRY,NO DEFECTS,NOT ON SCENE (DESK REPORT),NO INJURY / DRIVE AWAY,,,Y,"OVER $1,500",03/26/2020 09:30:00 PM,IMPROPER BACKING,NOT APPLICABLE,4637,S,LAKE PARK AVE,222.0,,,,,,,2,NO INDICATION OF INJURY,0.0,0.0,0.0,0.0,0.0,2.0,0.0,20,5,3,41.8107968773,-87.5935607133,POINT (-87.593560713332 41.810796877264)
d59331a98cf2c5d1a596812ab4aa679812722c0b93c50d64d1415678b8fd8ef052c5e4e8aa19a8ca23fa77405cc37f019117052022d9743662a2c54522a4dbe9,,08/19/2023 02:00:00 PM,30,NO CONTROLS,NO CONTROLS,CLEAR,DAYLIGHT,REAR END,NOT DIVIDED,,STRAIGHT AND LEVEL,DRY,NO DEFECTS,NOT ON SCENE (DESK REPORT),NO INJURY / DRIVE AWAY,,,,$500 OR LESS,08/27/2023 03:00:00 PM,UNABLE TO DETERMINE,NOT APPLICABLE,3450,N,WESTERN AVE,1921.0,,,,,,,2,NO INDICATION OF INJURY,0.0,0.0,0.0,0.0,0.0,3.0,0.0,14,7,8,41.9445993321,-87.6883437629,POINT (-87.688343762887 41.944599332054)
e56f5837783984086fd5ebf210b651c58628c72ffa4eba5d82172feaf7459a54b6e0fe12b410d06911859feb3f37bde446f823f847b5efe3cc9d30637fa6a5a7,,11/14/2024 08:30:00 AM,30,NO CONTROLS,NO CONTROLS,RAIN,DAYLIGHT,REAR END,DIVIDED - W/MEDIAN BARRIER,,STRAIGHT AND LEVEL,WET,NO DEFECTS,ON SCENE,INJURY AND / OR TOW DUE TO CRASH,,,,"OVER $1,500",11/14/2024 08:30:00 AM,FOLLOWING TOO CLOSELY,WEATHER,2450,W,31ST ST,1034.0,,,,,,,2,NONINCAPACITATING INJURY,1.0,0.0,0.0,1.0,0.0,4.0,0.0,8,5,11,41.8385744703,-87.6871587886,POINT (-87.687158788601 41.838574470336)
5518c85fc098b78a030df92650a3544ef5d37c83de700c1477a320d5bf30350b143ed5f6361762a524c79d5686f5a2763afe37dc7b87e717af443d34613c2bd6,Y,02/06/2019 08:00:00 AM,30,NO CONTROLS,NO CONTROLS,UNKNOWN,UNKNOWN,PARKED MOTOR VEHICLE,DIVIDED - W/MEDIAN (NOT RAISED),2,STRAIGHT AND LEVEL,UNKNOWN,NO DEFECTS,NOT ON SCENE (DESK REPORT),NO INJURY / DRIVE AWAY,,,Y,"$501 - $1,500",02/08/2019 07:55:00 AM,UNABLE TO DETERMINE,NOT APPLICABLE,6430,S,STONY ISLAND AVE,314.0,,,,,,,2,NO INDICATION OF INJURY,0.0,0.0,0.0,0.0,0.0,1.0,0.0,8,4,2,41.7778425221,-87.586523291,POINT (-87.586523290999 41.777842522117)
d9f43822623122dbe08bcbad39b4dad99ee31def6109cf35a1e96eb0fa16f21cf67053155b411022464be3a831b9f97ef497fab644b08ed0acc33de0f079c51f,,08/17/2023 06:23:00 PM,30,NO CONTROLS,NO CONTROLS,CLEAR,DAYLIGHT,REAR END,DIVIDED - W/MEDIAN (NOT RAISED),,STRAIGHT AND LEVEL,DRY,NO DEFECTS,NOT ON SCENE (DESK REPORT),NO INJURY / DRIVE AWAY,,,Y,"OVER $1,500",08/17/2023 06:50:00 PM,UNABLE TO DETERMINE,UNABLE TO DETERMINE,5140,W,FULLERTON AVE,2521.0,,,,,,,2,NO INDICATION OF INJURY,0.0,0.0,0.0,0.0,0.0,6.0,0.0,18,5,8,41.9242290731,-87.7553374558,POINT (-87.755337455796 41.924229073076)
ca0598da76abc09980edd6f6aaf5ab7594d2dd2e0c164d6d810dcba1ee65fa90efb77f85575530a60e8fbff7389ffa57cc99e3b92c6e9a348eeea729820874ac,,09/17/2023 10:05:00 AM,30,NO CONTROLS,NO CONTROLS,CLEAR,DAYLIGHT,OTHER OBJECT,NOT DIVIDED,,STRAIGHT AND LEVEL,DRY,NO DEFECTS,NOT ON SCENE (DESK REPORT),NO INJURY / DRIVE AWAY,,,,"OVER $1,500",09/19/2023 01:06:00 PM,NOT APPLICABLE,NOT APPLICABLE,1401,S,SACRAMENTO DR,1022.0,,,,N,,,1,NO INDICATION OF INJURY,0.0,0.0,0.0,0.0,0.0,1.0,0.0,10,1,9,41.8629040013,-87.7018665447,POINT (-87.701866544677 41.862904001286)
5067aa3c980f21c4b9be84df6e4ea370bceff58ed0c936dcc608e3ee95aa383907b8fd23cae7ee9693c2f7213fe83e0788a4b1331f19b04f7fae919901ab4bc0,,06/07/2016 09:35:00 PM,45,NO CONTROLS,NO CONTROLS,CLEAR,DARKNESS,SIDESWIPE SAME DIRECTION,DIVIDED - W/MEDIAN (NOT RAISED),6,STRAIGHT AND LEVEL,DRY,NO DEFECTS,NOT ON SCENE (DESK REPORT),NO INJURY / DRIVE AWAY,,,,$500 OR LESS,06/14/2016 09:20:00 PM,HAD BEEN DRINKING (USE WHEN ARREST IS NOT MADE),HAD BEEN DRINKING (USE WHEN ARREST IS NOT MADE),5700,S,LAKE SHORE DR,331.0,,,,,,,2,NO INDICATION OF INJURY,0.0,0.0,0.0,0.0,0.0,2.0,0.0,21,3,6,41.7914202821,-87.5801477687,POINT (-87.580147768689 41.791420282098)
1421aff358deb3b2e0eeb9b7eef3de49efd460e612723192c79a4d7ace76c102106b668f6c7a11e6776d4819c16d622e050f3b5cd6059bb5eb01ae0de9b799dc,,09/03/2022 01:00:00 AM,40,NO CONTROLS,NO CONTROLS,CLEAR,DARKNESS,SIDESWIPE SAME DIRECTION,NOT DIVIDED,,STRAIGHT AND LEVEL,DRY,UNKNOWN,NOT ON SCENE (DESK REPORT),NO INJURY / DRIVE AWAY,,,Y,"$501 - $1,500",09/03/2022 11:45:00 AM,UNABLE TO DETERMINE,HAD BEEN DRINKING (USE WHEN ARREST IS NOT MADE),1500,N,LAKE SHORE DR NB,1824.0,,,,,,,2,NO INDICATION OF INJURY,0.0,0.0,0.0,0.0,0.0,2.0,0.0,1,7,9,41.9095798667,-87.6260817682,POINT (-87.626081768182 41.909579866705)
df5b729f6ec45da621edd3bad14ad415da19c6d4ee3682a5a99a70eeea244f61fe5f024dcf67c9c761da7ee25561a8d41240d3a20bd11ef670d242c06ad9e3ea,,12/08/2016 03:15:00 PM,25,NO CONTROLS,NO CONTROLS,CLEAR,DAYLIGHT,REAR END,DIVIDED - W/MEDIAN (NOT RAISED),4,STRAIGHT AND LEVEL,DRY,NO DEFECTS,NOT ON SCENE (DESK REPORT),NO INJURY / DRIVE AWAY,,,,"$501 - $1,500",12/08/2016 03:37:00 PM,UNABLE TO DETERMINE,UNABLE TO DETERMINE,7000,S,PULASKI RD,833.0,,,,,,,2,NO INDICATION OF INJURY,0.0,0.0,0.0,0.0,0.0,5.0,0.0,15,5,12,41.7658812858,-87.7225871577,POINT (-87.722587157729 41.76588128582)
66c531f16cb0a2561cb211d9b8eadb5aeb5d91e0272c0f5f81370ed1115ef2fc9060191d17d2a6775f6b1eb808acb19b91c3acf9b1693c28e385fe49621458fd,,09/18/2024 08:18:00 AM,30,TRAFFIC SIGNAL,FUNCTIONING PROPERLY,CLEAR,DAYLIGHT,ANGLE,T-INTERSECTION,,STRAIGHT AND LEVEL,DRY,NO DEFECTS,ON SCENE,INJURY AND / OR TOW DUE TO CRASH,Y,,Y,"OVER $1,500",09/18/2024 08:20:00 AM,NOT APPLICABLE,UNABLE TO DETERMINE,1201,W,87TH ST,2222.0,,,,,,,2,NONINCAPACITATING INJURY,1.0,0.0,0.0,1.0,0.0,1.0,0.0,8,4,9,41.7358246069,-87.6533976493,POINT (-87.653397649296 41.735824606928)
ffb129127447e4e91802569c3989364983e2f4466b362a92d8d3254798bc19f3125ec3cbc24691f739fb20ee984555610c65c1ef4125fab9fd7fc5662b37d918,,07/04/2020 11:46:00 PM,30,TRAFFIC SIGNAL,FUNCTIONING PROPERLY,CLEAR,"DARKNESS, LIGHTED ROAD",TURNING,DIVIDED - W/MEDIAN (NOT RAISED),,STRAIGHT AND LEVEL,DRY,NO DEFECTS,NOT ON SCENE (DESK REPORT),NO INJURY / DRIVE AWAY,,,Y,"$501 - $1,500",07/05/2020 01:00:00 AM,IMPROPER TURNING/NO SIGNAL,NOT APPLICABLE,2759,N,HARLEM AVE,2512.0,,,,,,,2,NO INDICATION OF INJURY,0.0,0.0,0.0,0.0,0.0,2.0,0.0,23,7,7,41.9307444173,-87.8063452909,POINT (-87.80634529093 41.930744417308)