CRASH_RECORD_ID,CRASH_DATE_EST_I,CRASH_DATE,POSTED_SPEED_LIMIT,TRAFFIC_CONTROL_DEVICE,DEVICE_CONDITION,WEATHER_CONDITION,LIGHTING_CONDITION,FIRST_CRASH_TYPE,TRAFFICWAY_TYPE,LANE_CNT,ALIGNMENT,ROADWAY_SURFACE_COND,ROAD_DEFECT,REPORT_TYPE,CRASH_TYPE,INTERSECTION_RELATED_I,NOT_RIGHT_OF_WAY_I,HIT_AND_RUN_I,DAMAGE,DATE_POLICE_NOTIFIED,PRIM_CONTRIBUTORY_CAUSE,SEC_CONTRIBUTORY_CAUSE,STREET_NO,STREET_DIRECTION,STREET_NAME,BEAT_OF_OCCURRENCE,PHOTOS_TAKEN_I,STATEMENTS_TAKEN_I,DOORING_I,WORK_ZONE_I,WORK_ZONE_TYPE,WORKERS_PRESENT_I,NUM_UNITS,MOST_SEVERE_INJURY,INJURIES_TOTAL,INJURIES_FATAL,INJURIES_INCAPACITATING,INJURIES_NON_INCAPACITATING,INJURIES_REPORTED_NOT_EVIDENT,INJURIES_NO_INDICATION,INJURIES_UNKNOWN,CRASH_HOUR,CRASH_DAY_OF_WEEK,CRASH_MONTH,LATITUDE,LONGITUDE,LOCATION
8012b86ec86f4f385a4f931e1600020fed24bf6117be1b07abf77ebc5143a1ea612af46a8985c2688c22cf5448f30a8f85c656e9c96ecb004e2263eeaccfe6e9,,10/05/2025 04:20:00 PM,30,TRAFFIC SIGNAL,FUNCTIONING PROPERLY,CLEAR,DAYLIGHT,SIDESWIPE SAME DIRECTION,NOT DIVIDED,,STRAIGHT AND LEVEL,DRY,NO DEFECTS,NOT ON SCENE (DESK REPORT),NO INJURY / DRIVE AWAY,,,,"OVER $1,500",10/05/2025 04:30:00 PM,UNABLE TO DETERMINE,NOT APPLICABLE,4650,S,ASHLAND AVE,924.0,,,,,,,2,NO INDICATION OF INJURY,0.0,0.0,0.0,0.0,0.0,4.0,0.0,16,1,10,41.8089304545,-87.6651261367,POINT (-87.66512613672 41.808930454546)
a58e1dc30d3983264c0646affc6f572c1e3a3948dd08eb8a5d84f542b056ee8dbcf2a9ae2a6e377573b7c065292e1fc13070d1f89db86ba6047aa9c2a40666b9,,02/23/2021 02:00:00 AM,45,NO CONTROLS,NO CONTROLS,CLEAR,"DARKNESS, LIGHTED ROAD",SIDESWIPE SAME DIRECTION,DIVIDED - W/MEDIAN BARRIER,,"CURVE, LEVEL",DRY,NO DEFECTS,NOT ON SCENE (DESK REPORT),NO INJURY / DRIVE AWAY,,,Y,"OVER $1,500",02/23/2021 01:00:00 PM,UNABLE TO DETERMINE,NOT APPLICABLE,1200,S,LAKE SHORE DR E,132.0,,,,,,,2,NO INDICATION OF INJURY,0.0,0.0,0.0,0.0,0.0,2.0,0.0,2,3,2,41.8674461119,-87.6189044881,POINT (-87.618904488078 41.867446111851)
3a943c0cf96c31cc8bc28624137c3e78ae29c319a14a6cf5b0cbc25f073684aef12dec840fce2f317072308dfb982189831bb9bfb27df41e98e5dcd3602788cf,,05/29/2021 11:01:00 PM,30,NO CONTROLS,NO CONTROLS,CLEAR,"DARKNESS, LIGHTED ROAD",SIDESWIPE SAME DIRECTION,NOT DIVIDED,,STRAIGHT AND LEVEL,DRY,NO DEFECTS,ON SCENE,NO INJURY / DRIVE AWAY,,,,"$501 - $1,500",05/30/2021 12:41:00 AM,NOT APPLICABLE,NOT APPLICABLE,415,N,LA SALLE DR,1831.0,,,,,,,2,NO INDICATION OF INJURY,0.0,0.0,0.0,0.0,0.0,2.0,0.0,23,7,5,41.88974388,-87.6323965296,POINT (-87.632396529615 41.889743879957)
71215504cb1cc6d011da402e6bf8fbfb8bd03ba1920e8838121764d82538b65b74dbe52c973d3bc9fa2a45369d9f445be678d46bcb082a7412924aaeee72756d,,05/31/2017 03:50:00 PM,30,TRAFFIC SIGNAL,FUNCTIONING PROPERLY,CLEAR,DAYLIGHT,REAR END,ONE-WAY,,STRAIGHT AND LEVEL,DRY,NO DEFECTS,NOT ON SCENE (DESK REPORT),NO INJURY / DRIVE AWAY,,,Y,"OVER $1,500",05/31/2017 04:04:00 PM,NOT APPLICABLE,NOT APPLICABLE,5500,S,HOMAN AVE,822.0,,,,,,,3,NO INDICATION OF INJURY,0.0,0.0,0.0,0.0,0.0,12.0,0.0,15,4,5,41.7933489235,-87.7086022636,POINT (-87.708602263589 41.793348923517)
ed7a3c1bb35e4c867d0cb78c1612c6f573a5e103e38779b6d4e7a8173ef28d2a85286978f0659f2f3cde1bee62c8ae42112b72ce03b1b7469b566dc83e727fa2,,03/20/2016 09:30:00 AM,30,NO CONTROLS,NO CONTROLS,CLEAR,DAYLIGHT,ANGLE,ONE-WAY,,STRAIGHT AND LEVEL,DRY,NO DEFECTS,NOT ON SCENE (DESK REPORT),NO INJURY / DRIVE AWAY,,,,"OVER $1,500",03/20/2016 10:50:00 AM,UNABLE TO DETERMINE,NOT APPLICABLE,5214,W,WOLFRAM ST,2514.0,,,,,,,2,NO INDICATION OF INJURY,0.0,0.0,0.0,0.0,0.0,2.0,0.0,9,1,3,41.9324157298,-87.7571078844,POINT (-87.75710788436 41.932415729793)
30726342e6ff175cdc0965f1ba52ee16d76eaa8e5619aff45cef0eb39bd8de5db972edf2d906162b493f2ded865fe2c633d05f76ba0e8e2a0e9e397c2b238113,Y,07/15/2019 11:00:00 PM,30,STOP SIGN/FLASHER,FUNCTIONING PROPERLY,CLEAR,"DARKNESS, LIGHTED ROAD",SIDESWIPE OPPOSITE DIRECTION,ONE-WAY,,STRAIGHT AND LEVEL,DRY,NO DEFECTS,ON SCENE,NO INJURY / DRIVE AWAY,,,Y,"$501 - $1,500",07/15/2019 11:23:00 PM,DRIVING ON WRONG SIDE/WRONG WAY,UNDER THE INFLUENCE OF ALCOHOL/DRUGS (USE WHEN ARREST IS EFFECTED),6500,S,ST LOUIS AVE,831.0,,,,,,,2,NO INDICATION OF INJURY,0.0,0.0,0.0,0.0,0.0,2.0,0.0,23,2,7,41.775160063,-87.7104685307,POINT (-87.710468530713 41.775160063029)
1c1dc5e481329da9e54ecd5c3d0b30428fb89dbda3c7953c970679cb7ae60f25f651563fcce2a5ccc17e3cdbcdba7f21fdbd943649e85d5c3fbb52fafe390abf,,03/29/2023 09:40:00 PM,30,TRAFFIC SIGNAL,FUNCTIONING PROPERLY,CLEAR,"DARKNESS, LIGHTED ROAD",REAR END,DIVIDED - W/MEDIAN (NOT RAISED),,STRAIGHT AND LEVEL,DRY,NO DEFECTS,NOT ON SCENE (DESK REPORT),NO INJURY / DRIVE AWAY,Y,,,"OVER $1,500",03/29/2023 10:40:00 PM,UNABLE TO DETERMINE,UNABLE TO DETERMINE,2602,N,WESTERN AVE,1411.0,,,,,,,3,NO INDICATION OF INJURY,0.0,0.0,0.0,0.0,0.0,4.0,0.0,21,4,3,41.9287453548,-87.687925017,POINT (-87.687925016967 41.928745354788)
634cc6d712ac45682c8c27fbe98a8552aa803bf321b0764368f2ac3d46a1d70719e5c95f8b4c66f743eda291e45a5db52bcbb818435111d578dfa39caed5505b,,10/27/2016 08:00:00 AM,30,NO CONTROLS,NO CONTROLS,CLOUDY/OVERCAST,DAYLIGHT,REAR END,NOT DIVIDED,2,STRAIGHT AND LEVEL,DRY,NO DEFECTS,NOT ON SCENE (DESK REPORT),NO INJURY / DRIVE AWAY,,,,$500 OR LESS,10/27/2016 09:40:00 AM,FOLLOWING TOO CLOSELY,NOT APPLICABLE,2658,N,MILWAUKEE AVE,1412.0,,,,,,,2,NO INDICATION OF INJURY,0.0,0.0,0.0,0.0,0.0,2.0,0.0,8,5,10,41.9300399414,-87.709227886,POINT (-87.709227885974 41.930039941381)
3847a729c289c48fd1d19580a0d2612501aa69f6b8a23fa38c712129d7a4b6b5fd70827742f562a1ff233501b7c416c11485145f7827b9cc4d1bc0e88d613f6b,,04/16/2017 01:10:00 AM,30,NO CONTROLS,NO CONTROLS,RAIN,"DARKNESS, LIGHTED ROAD",SIDESWIPE SAME DIRECTION,NOT DIVIDED,4,STRAIGHT AND LEVEL,WET,UNKNOWN,ON SCENE,NO INJURY / DRIVE AWAY,,,,"OVER $1,500",04/16/2017 01:10:00 AM,DRIVING SKILLS/KNOWLEDGE/EXPERIENCE,UNABLE TO DETERMINE,4807,W,CHICAGO AVE,1531.0,,,,,,,2,NO INDICATION OF INJURY,0.0,0.0,0.0,0.0,0.0,4.0,0.0,1,1,4,41.8948903837,-87.7461564756,POINT (-87.746156475584 41.894890383706)
35eae11a6264e3eb13735f6078e9f290af1df518c6508f423093f4905d5aea6689408f8c4df30b2290aceb35d1b85d70a5969ad6109e52d7ee5f8b04e68d9d2e,,12/17/2020 07:00:00 AM,30,NO CONTROLS,NO CONTROLS,SNOW,DAYLIGHT,TURNING,NOT DIVIDED,,STRAIGHT AND LEVEL,WET,NO DEFECTS,,NO INJURY / DRIVE AWAY,Y,,Y,"OVER $1,500",12/17/2020 10:15:00 AM,IMPROPER TURNING/NO SIGNAL,NOT APPLICABLE,5100,N,KOSTNER AVE,1712.0,,,,,,,2,NO INDICATION OF INJURY,0.0,0.0,0.0,0.0,0.0,2.0,0.0,7,5,12,41.9736871199,-87.7382021127,POINT (-87.738202112737 41.97368711988)
9de1912c12586f9bc80dbdb5a35a32e2e16dbc9f68c0c8b50914ac8c942c07ec4c0fc609696ea846fdd4ba17ce3009f8e438b75046c00a871315c36bbcda2c45,,12/01/2017 02:40:00 PM,30,NO CONTROLS,NO CONTROLS,CLEAR,DAYLIGHT,REAR END,DIVIDED - W/MEDIAN BARRIER,4,STRAIGHT AND LEVEL,DRY,NO DEFECTS,NOT ON SCENE (DESK REPORT),NO INJURY / DRIVE AWAY,,,,"$501 - $1,500",12/01/2017 03:15:00 PM,FOLLOWING TOO CLOSELY,NOT APPLICABLE,201,N,POST PL,122.0,,,,,,,2,NO INDICATION OF INJURY,0.0,0.0,0.0,0.0,0.0,2.0,0.0,14,6,12,41.885758813,-87.6346216813,POINT (-87.634621681343 41.88575881296)
e2396bb6f40e9d8e036acb2a5abd7427daed535f3086386c1c5097a9214646977e4d8ee7b60555daccf813e03d6bd2eba9ca083c623262a169894e4c06f9d5be,,02/22/2020 05:56:00 AM,35,TRAFFIC SIGNAL,FUNCTIONING PROPERLY,CLEAR,DAWN,ANGLE,FOUR WAY,,STRAIGHT AND LEVEL,DRY,NO DEFECTS,NOT ON SCENE (DESK REPORT),INJURY AND / OR TOW DUE TO CRASH,,,,"OVER $1,500",02/22/2020 05:57:00 AM,DISREGARDING TRAFFIC SIGNALS,FAILING TO REDUCE SPEED TO AVOID CRASH,2416,S,DAMEN AVE,1034.0,,Y,,,,,2,"REPORTED, NOT EVIDENT",1.0,0.0,0.0,0.0,1.0,1.0,0.0,5,7,2,41.8480805956,-87.675881338,POINT (-87.675881338024 41.848080595588)
c2367a68ed936e29e51c30e0caa8c7eb3755c7e720acc9e643c3fca5eb6da56fccb656b7c01e331b4f81c595c9568a090aa54bbca423480617ddb8b5bf7fe0e6,,06/24/2017 01:45:00 PM,30,NO CONTROLS,NO CONTROLS,CLEAR,DAYLIGHT,SIDESWIPE SAME DIRECTION,NOT DIVIDED,2,STRAIGHT AND LEVEL,DRY,NO DEFECTS,NOT ON SCENE (DESK REPORT),NO INJURY / DRIVE AWAY,,,,"$501 - $1,500",06/24/2017 02:15:00 PM,UNABLE TO DETERMINE,UNABLE TO DETERMINE,1849,W,NORTH AVE,1424.0,,,,,,,2,NO INDICATION OF INJURY,0.0,0.0,0.0,0.0,0.0,3.0,0.0,13,7,6,41.9104213976,-87.6745326568,POINT (-87.674532656791 41.910421397552)
438daf2365567d06b7934c997e97a2d943d7a06cb6d85c07e30712e1b92a7ca600f42c086467ae36358999b848edeafe9785e2945558a1677a943043cf57010c,,02/25/2023 10:30:00 AM,30,TRAFFIC SIGNAL,FUNCTIONING PROPERLY,CLEAR,"DARKNESS, LIGHTED ROAD",REAR END,DIVIDED - W/MEDIAN (NOT RAISED),,STRAIGHT AND LEVEL,DRY,NO DEFECTS,NOT ON SCENE (DESK REPORT),NO INJURY / DRIVE AWAY,,,,"$501 - $1,500",03/01/2023 09:30:00 AM,FOLLOWING TOO CLOSELY,FOLLOWING TOO CLOSELY,7900,S,WESTERN AVE,835.0,,,,,,,2,NO INDICATION OF INJURY,0.0,0.0,0.0,0.0,0.0,2.0,0.0,10,7,2,41.7500549336,-87.6829922029,POINT (-87.682992202902 41.75005493365)
0b8a4f92b3931b6285b2a3acee10ac499d6f004e3e66fa91ded66dcf6832f824413338e6da0efce91d844ab813a40366e8faeabac9c844118c219d86589fbb28,,08/11/2021 05:15:00 PM,30,TRAFFIC SIGNAL,FUNCTIONING PROPERLY,CLEAR,DAYLIGHT,TURNING,DIVIDED - W/MEDIAN (NOT RAISED),,STRAIGHT AND LEVEL,DRY,UNKNOWN,NOT ON SCENE (DESK REPORT),NO INJURY / DRIVE AWAY,Y,,,"OVER $1,500",08/12/2021 04:10:00 PM,UNABLE TO DETERMINE,NOT APPLICABLE,363,N,HALSTED ST,1214.0,,,,,,,2,NO INDICATION OF INJURY,0.0,0.0,0.0,0.0,0.0,2.0,0.0,17,4,8,41.8885944818,-87.6474198276,POINT (-87.647419827566 41.888594481779)
4d2aa0be1cb1ccc31de26c2d2418a34b8579c7dc69293460cc18ab22f03a53a018cf88b2181f02d242a8772c14b9e36fc1453620de001a864188f063e13829bd,,12/20/2024 10:50:00 AM,30,STOP SIGN/FLASHER,FUNCTIONING PROPERLY,CLEAR,DAYLIGHT,ANGLE,NOT DIVIDED,,STRAIGHT AND LEVEL,WET,NO DEFECTS,NOT ON SCENE (DESK REPORT),NO INJURY / DRIVE AWAY,Y,,,"OVER $1,500",12/20/2024 11:30:00 AM,FAILING TO YIELD RIGHT-OF-WAY,UNABLE TO DETERMINE,4400,W,PARKER AVE,2524.0,,,,,,,2,NO INDICATION OF INJURY,0.0,0.0,0.0,0.0,0.0,2.0,0.0,10,6,12,41.9307567106,-87.7369214372,POINT (-87.736921437208 41.930756710633)
00ccc23e700a44cdf3f68e8a92501d6395aa4581a46c85ab15e550f577360eac164afb22ae7f1d1d62906328b15a487a5fe9e573359c702e036b142281daa2be,,07/23/2016 10:40:00 PM,30,TRAFFIC SIGNAL,FUNCTIONING PROPERLY,RAIN,"DARKNESS, LIGHTED ROAD",REAR END,NOT DIVIDED,2,STRAIGHT AND LEVEL,WET,UNKNOWN,NOT ON SCENE (DESK REPORT),NO INJURY / DRIVE AWAY,,,,"OVER $1,500",07/23/2016 10:55:00 PM,UNABLE TO DETERMINE,NOT APPLICABLE,2328,W,BELMONT AVE,1921.0,,,,,,,2,NO INDICATION OF INJURY,0.0,0.0,0.0,0.0,0.0,3.0,0.0,22,7,7,41.9395810673,-87.6867332847,POINT (-87.686733284663 41.939581067309)
3be37ba5315ee03c3a77b1aa3305de10847f3da2f5b51cd6d92b33d83da58e04e5cad9564fb67a2b401d6e84b3682792a9f23f88dee75094ac49f8ea92aea901,,06/06/2020 08:30:00 AM,30,NO CONTROLS,NO CONTROLS,CLEAR,DAYLIGHT,PARKED MOTOR VEHICLE,NOT DIVIDED,,STRAIGHT AND LEVEL,DRY,NO DEFECTS,ON SCENE,NO INJURY / DRIVE AWAY,,,Y,"OVER $1,500",06/06/2020 01:00:00 PM,UNABLE TO DETERMINE,UNABLE TO DETERMINE,3422,W,CORTLAND ST,1422.0,,,,,,,4,NO INDICATION OF INJURY,0.0,0.0,0.0,0.0,0.0,1.0,0.0,8,7,6,41.9156221833,-87.7128342637,POINT (-87.712834263681 41.915622183293)
80a29f14eb1b8bbcf43a7fd8c8a5cc4bf020ccd4a6912212e32f29a21a9c5e501d1049fab6d7eaeb8eb8fbca2f3846ab12a861bf5c4e389a8f9896c431d3397c,,02/23/2021 09:02:00 PM,30,TRAFFIC SIGNAL,FUNCTIONING PROPERLY,CLEAR,"DARKNESS, LIGHTED ROAD",TURNING,FOUR WAY,,STRAIGHT AND LEVEL,DRY,NO DEFECTS,ON SCENE,INJURY AND / OR TOW DUE TO CRASH,Y,,,"OVER $1,500",02/23/2021 09:03:00 PM,FAILING TO YIELD RIGHT-OF-WAY,NOT APPLICABLE,4700,S,PULASKI RD,815.0,,,,,,,3,NO INDICATION OF INJURY,0.0,0.0,0.0,0.0,0.0,3.0,0.0,21,3,2,41.8077887691,-87.7237303316,POINT (-87.72373033158 41.807788769095)
271f17df7ee7cc1ebbb17a314d2c3f2cb2158214d17f00052224980f6bc0ee0c293d332ce11a7dd56ba781becfdc8f8204960b63d327fa2159fb7e87b423667f,,04/29/2025 06:00:00 AM,30,NO CONTROLS,NO CONTROLS,CLEAR,DAYLIGHT,SIDESWIPE SAME DIRECTION,FOUR WAY,,STRAIGHT AND LEVEL,DRY,NO DEFECTS,NOT ON SCENE (DESK REPORT),NO INJURY / DRIVE AWAY,,,,"OVER $1,500",04/30/2025 05:30:00 PM,UNABLE TO DETERMINE,NOT APPLICABLE,1000,W,SHERIDAN RD,2432.0,,,,,,,2,NO INDICATION OF INJURY,0.0,0.0,0.0,0.0,0.0,2.0,0.0,6,3,4,41.9983409536,-87.6565466073,POINT (-87.656546607312 41.998340953565)
16b20011d060c78147078227188cb84a0a16ae13682380b220cb02812a4d4a25cfbddbfee6d91c8631f58c27da1ba81a467f7e24509ae821f7e9686b33217a39,Y,08/06/2022 09:30:00 PM,30,NO CONTROLS,NO CONTROLS,CLEAR,"DARKNESS, LIGHTED ROAD",PARKED MOTOR VEHICLE,ONE-WAY,,STRAIGHT AND LEVEL,DRY,NO DEFECTS,NOT ON SCENE (DESK REPORT),NO INJURY / DRIVE AWAY,,,Y,$500 OR LESS,08/07/2022 10:45:00 AM,NOT APPLICABLE,NOT APPLICABLE,5320,W,IOWA ST,1524.0,,,,,,,2,NO INDICATION OF INJURY,0.0,0.0,0.0,0.0,0.0,1.0,0.0,21,7,8,41.8968381034,-87.7590545908,POINT (-87.759054590768 41.896838103449)
9eb6d5319b71c7374cfaf84056f194cfefc88c77320d58d7ee6bd732c8bd7e3cab362c5559b5a27ce6a1a076dc58762cc016e773a7eecfd0a2483ff653bbd655,,01/12/2018 03:40:00 PM,10,NO CONTROLS,NO CONTROLS,SLEET/HAIL,DAYLIGHT,ANGLE,PARKING LOT,,STRAIGHT AND LEVEL,SNOW OR SLUSH,NO DEFECTS,NOT ON SCENE (DESK REPORT),NO INJURY / DRIVE AWAY,,,,"OVER $1,500",01/12/2018 03:45:00 PM,IMPROPER BACKING,NOT APPLICABLE,1718,S,STATE ST,131.0,,,,,,,2,NO INDICATION OF INJURY,0.0,0.0,0.0,0.0,0.0,2.0,0.0,15,6,1,41.8583725929,-87.627356171,POINT (-87.62735617097 41.858372592889)
dd95a8f1dcc59c1360be81f68b78b7fd062cf0167be054a6faff68fb67b537c94afd01074e77cb0a4bb7f46b01e0ae7f574c34ff03d053d54ec0833939fd8f26,,09/27/2022 09:25:00 PM,30,NO CONTROLS,NO CONTROLS,CLEAR,"DARKNESS, LIGHTED ROAD",PARKED MOTOR VEHICLE,NOT DIVIDED,,STRAIGHT AND LEVEL,DRY,NO DEFECTS,ON SCENE,INJURY AND / OR TOW DUE TO CRASH,,,Y,"OVER $1,500",09/27/2022 09:27:00 PM,UNABLE TO DETERMINE,UNABLE TO DETERMINE,1738,W,TOUHY AVE,2423.0,,,,,,,4,NO INDICATION OF INJURY,0.0,0.0,0.0,0.0,0.0,1.0,0.0,21,3,9,42.0127583813,-87.6739219633,POINT (-87.673921963306 42.012758381349)
88b579cb757686170c0db0c2930c6586ca3b6e42a119fca37b7bce804df36ead6157aa6d632bd3dd86fd1f95013d52220cdd9b35c4494016eca4e7e39adc6d98,,10/30/2022 03:55:00 AM,30,STOP SIGN/FLASHER,FUNCTIONING PROPERLY,CLEAR,"DARKNESS, LIGHTED ROAD",ANGLE,NOT DIVIDED,,STRAIGHT AND LEVEL,DRY,NO DEFECTS,ON SCENE,INJURY AND / OR TOW DUE TO CRASH,Y,,Y,"$501 - $1,500",10/30/2022 03:55:00 AM,UNABLE TO DETERMINE,ROAD ENGINEERING/SURFACE/MARKING DEFECTS,2856,N,LARAMIE AVE,2514.0,,,,,,,2,NONINCAPACITATING INJURY,1.0,0.0,0.0,1.0,0.0,2.0,0.0,3,1,10,41.9331191548,-87.7566301918,POINT (-87.756630191838 41.933119154777)
d86e539f0781e2423f5fc000bed72a1daa97c2ac69648311344f02d3819a20c0417e0bdbe1baaaa164eb2563f42f4a7efaed4420d9ee3e4a2c16cc062b7f90aa,,02/11/2021 03:00:00 PM,15,NO CONTROLS,NO CONTROLS,SNOW,DAYLIGHT,PARKED MOTOR VEHICLE,PARKING LOT,,STRAIGHT AND LEVEL,SNOW OR SLUSH,NO DEFECTS,NOT ON SCENE (DESK REPORT),NO INJURY / DRIVE AWAY,,Y,Y,"$501 - $1,500",02/15/2021 02:15:00 PM,UNABLE TO DETERMINE,UNABLE TO DETERMINE,10900,S,DOTY AVE W,513.0,,,,,,,2,NO INDICATION OF INJURY,0.0,0.0,0.0,0.0,0.0,1.0,0.0,15,5,2,41.696313684,-87.5966322439,POINT (-87.596632243933 41.696313683973)
3ccdf498d42612edfa071267c404b758f3868f56c6a7d8c038ebb67d55da434fb295167db0fa88a01f2cb8443129175c4b31ebf03d126307b5ae91c09f246fe4,,02/09/2017 01:15:00 PM,30,STOP SIGN/FLASHER,UNKNOWN,CLEAR,DAYLIGHT,TURNING,DIVIDED - W/MEDIAN (NOT RAISED),2,STRAIGHT AND LEVEL,DRY,UNKNOWN,NOT ON SCENE (DESK REPORT),NO INJURY / DRIVE AWAY,Y,,,"$501 - $1,500",02/09/2017 02:15:00 PM,UNABLE TO DETERMINE,UNABLE TO DETERMINE,8331,S,HOLLAND RD,622.0,,,,,,,2,NO INDICATION OF INJURY,0.0,0.0,0.0,0.0,0.0,2.0,0.0,13,5,2,41.7424109934,-87.6318661911,POINT (-87.631866191147 41.742410993367)
e03227263f7d0ed879775fce95b5d7abaa52dcd00eba2fd541cbabddbadc80fcbfb1cf1affd41b3b9c49517fc88c915cae029bd0f355b6cdae17511752eae2f7,,06/04/2019 01:30:00 PM,30,NO CONTROLS,NO CONTROLS,CLEAR,DAYLIGHT,PARKED MOTOR VEHICLE,NOT DIVIDED,,STRAIGHT AND LEVEL,DRY,NO DEFECTS,NOT ON SCENE (DESK REPORT),NO INJURY / DRIVE AWAY,,,Y,"$501 - $1,500",06/04/2019 02:35:00 PM,UNABLE TO DETERMINE,UNABLE TO DETERMINE,5359,W,WARWICK AVE,1634.0,,,,,,,2,NO INDICATION OF INJURY,0.0,0.0,0.0,0.0,0.0,1.0,0.0,13,3,6,41.9485727922,-87.7618022384,POINT (-87.761802238417 41.948572792187)
0ccec905c576475d4ba3fb4120230cecbcf6575d06e9d9935235b4e5eb95cd54cd7a6289b0540b0348e16e7c848f04d9e603b1fcfb0c8cf9f189a928fd498c3f,Y,04/05/2024 07:45:00 AM,30,NO CONTROLS,NO CONTROLS,CLEAR,DAYLIGHT,TURNING,DIVIDED - W/MEDIAN (NOT RAISED),,STRAIGHT AND LEVEL,DRY,NO DEFECTS,ON SCENE,INJURY AND / OR TOW DUE TO CRASH,,,,"OVER $1,500",04/05/2024 07:46:00 AM,FAILING TO YIELD RIGHT-OF-WAY,NOT APPLICABLE,2008,N,PULASKI RD,2525.0,,,,,,,2,NO INDICATION OF INJURY,0.0,0.0,0.0,0.0,0.0,4.0,0.0,7,6,4,41.9174441571,-87.7267178325,POINT (-87.726717832503 41.91744415709)
1b114c755fcba2662764131ae6588f5ac4b58e32124cc1e1f37beab14e47c026531434ecdddcc0ddb4bff578080e05f0c99842f12f94c26514325bb5811d7913,,08/22/2023 03:19:00 PM,30,NO CONTROLS,NO CONTROLS,CLEAR,DAYLIGHT,PEDESTRIAN,NOT DIVIDED,,STRAIGHT AND LEVEL,DRY,NO DEFECTS,NOT ON SCENE (DESK REPORT),INJURY AND / OR TOW DUE TO CRASH,Y,,,$500 OR LESS,08/22/2023 04:35:00 PM,FAILING TO YIELD RIGHT-OF-WAY,DRIVING SKILLS/KNOWLEDGE/EXPERIENCE,260,W,26TH ST,914.0,,,,,,,2,NONINCAPACITATING INJURY,1.0,0.0,0.0,1.0,0.0,1.0,0.0,15,3,8,41.8456023293,-87.6341601587,POINT (-87.6341601587 41.845602329322)
abfc90c0c5d982f27e337acee0ced5e6f8023d486145fd0326b428be283d7fc002a40ebd9c758be31d0783c977fede0f2726886983d6c5537b467665456e818c,,10/17/2018 12:30:00 PM,30,TRAFFIC SIGNAL,FUNCTIONING PROPERLY,CLEAR,DAYLIGHT,REAR END,NOT DIVIDED,4,STRAIGHT AND LEVEL,DRY,NO DEFECTS,ON SCENE,NO INJURY / DRIVE AWAY,,,,"OVER $1,500",10/17/2018 12:31:00 PM,FOLLOWING TOO CLOSELY,FAILING TO REDUCE SPEED TO AVOID CRASH,308,S,WESTERN AVE,1125.0,,,,,,,3,NO INDICATION OF INJURY,0.0,0.0,0.0,0.0,0.0,4.0,0.0,12,4,10,41.8772346445,-87.6864871703,POINT (-87.686487170286 41.877234644544)
ca629a28edfbb759cd768f096bf3c69ab2782c83b6c2a9b9890ded4bcc87c75a6b673cbf14b36596f94067879be37b10fa759f09406fa1253912f83142b104cc,,04/17/2022 10:00:00 PM,30,TRAFFIC SIGNAL,FUNCTIONING PROPERLY,CLEAR,"DARKNESS, LIGHTED ROAD",REAR END,DIVIDED - W/MEDIAN (NOT RAISED),,STRAIGHT AND LEVEL,DRY,NO DEFECTS,NOT ON SCENE (DESK REPORT),NO INJURY / DRIVE AWAY,,,,"OVER $1,500",04/18/2022 01:30:00 PM,UNABLE TO DETERMINE,UNABLE TO DETERMINE,903,N,AUSTIN BLVD,1511.0,,,,,,,2,NO INDICATION OF INJURY,0.0,0.0,0.0,0.0,0.0,2.0,0.0,22,1,4,41.8966501718,-87.7750488526,POINT (-87.775048852569 41.896650171804)
3e2a8a6192ccdaf0e3cfd41b38aa5105eb6f2e17f589c625cc91061ec1e9cda6198e2314c4c5b0fe4ab2f92cc7ca6c9bcac4e45ce2cc94a7d8f725d23e993958,,10/13/2017 08:15:00 AM,0,STOP SIGN/FLASHER,FUNCTIONING PROPERLY,CLEAR,DAYLIGHT,ANGLE,ONE-WAY,1,STRAIGHT AND LEVEL,DRY,NO DEFECTS,NOT ON SCENE (DESK REPORT),NO INJURY / DRIVE AWAY,Y,,,"OVER $1,500",10/13/2017 08:25:00 AM,FAILING TO YIELD RIGHT-OF-WAY,UNABLE TO DETERMINE,1800,W,105TH ST,2212.0,,,,,,,2,NO INDICATION OF INJURY,0.0,0.0,0.0,0.0,0.0,3.0,0.0,8,6,10,41.7029718937,-87.6671010685,POINT (-87.667101068454 41.702971893732)
2ea1fd14bd5c98806910b4d149a261eb2aee02a79410c02a539d1240748df783c9a34913c2657e45703adc4c16e661cd6519120ee707ce147274122c2e445fcc,,07/31/2016 03:05:00 AM,30,NO CONTROLS,NO CONTROLS,CLEAR,DARKNESS,ANGLE,ONE-WAY,,STRAIGHT AND LEVEL,DRY,NO DEFECTS,NOT ON SCENE (DESK REPORT),NO INJURY / DRIVE AWAY,,,,"OVER $1,500",07/31/2016 03:49:00 AM,IMPROPER BACKING,IMPROPER BACKING,6900,S,CORNELL AVE,332.0,,,,,,,2,NO INDICATION OF INJURY,0.0,0.0,0.0,0.0,0.0,2.0,0.0,3,1,7,41.7696233742,-87.5845811937,POINT (-87.584581193737 41.769623374189)