CRASH_RECORD_ID,CRASH_DATE_EST_I,CRASH_DATE,POSTED_SPEED_LIMIT,TRAFFIC_CONTROL_DEVICE,DEVICE_CONDITION,WEATHER_CONDITION,LIGHTING_CONDITION,FIRST_CRASH_TYPE,TRAFFICWAY_TYPE,LANE_CNT,ALIGNMENT,ROADWAY_SURFACE_COND,ROAD_DEFECT,REPORT_TYPE,CRASH_TYPE,INTERSECTION_RELATED_I,NOT_RIGHT_OF_WAY_I,HIT_AND_RUN_I,DAMAGE,DATE_POLICE_NOTIFIED,PRIM_CONTRIBUTORY_CAUSE,SEC_CONTRIBUTORY_CAUSE,STREET_NO,STREET_DIRECTION,STREET_NAME,BEAT_OF_OCCURRENCE,PHOTOS_TAKEN_I,STATEMENTS_TAKEN_I,DOORING_I,WORK_ZONE_I,WORK_ZONE_TYPE,WORKERS_PRESENT_I,NUM_UNITS,MOST_SEVERE_INJURY,INJURIES_TOTAL,INJURIES_FATAL,INJURIES_INCAPACITATING,INJURIES_NON_INCAPACITATING,INJURIES_REPORTED_NOT_EVIDENT,INJURIES_NO_INDICATION,INJURIES_UNKNOWN,CRASH_HOUR,CRASH_DAY_OF_WEEK,CRASH_MONTH,LATITUDE,LONGITUDE,LOCATION
023e37d775aabb158eb0dbd47387f1aa87baa699340271feaa802c969977c96efdb120c88e97f7160b25df917e35dfe7a2d988ab4478803aecb81994992be934,,04/04/2022 04:15:00 PM,45,STOP SIGN/FLASHER,FUNCTIONING PROPERLY,CLEAR,DAYLIGHT,REAR END,RAMP,,STRAIGHT AND LEVEL,DRY,NO DEFECTS,ON SCENE,NO INJURY / DRIVE AWAY,,,,"OVER $1,500",04/04/2022 04:39:00 PM,NOT APPLICABLE,NOT APPLICABLE,4700,S,LAKE SHORE DR SB,222.0,,,,,,,2,NO INDICATION OF INJURY,0.0,0.0,0.0,0.0,0.0,2.0,0.0,16,2,4,41.8105924989,-87.5893711119,POINT (-87.589371111902 41.810592498867)
741aedc0ce76ddaa5ba43e5392f5670a2c542ed125d13bf5afc5d4e7af81a975bef01981a31558926352ad52c915522b4bc338403ae7a8731b9e9cf805c5fc73,Y,01/31/2022 12:15:00 AM,25,NO CONTROLS,NO CONTROLS,CLEAR,"DARKNESS, LIGHTED ROAD",PARKED MOTOR VEHICLE,NOT DIVIDED,,STRAIGHT AND LEVEL,WET,UNKNOWN,NOT ON SCENE (DESK REPORT),NO INJURY / DRIVE AWAY,,,Y,"OVER $1,500",01/31/2022 04:00:00 PM,UNABLE TO DETERMINE,NOT APPLICABLE,4721,W,PARKER AVE,2521.0,,,,,,,2,NO INDICATION OF INJURY,0.0,0.0,0.0,0.0,0.0,1.0,0.0,0,2,1,41.9304348752,-87.7449860419,POINT (-87.744986041856 41.930434875199)
6efc1662942b7199c7dc4e878172ad0fc86bc800d4c3ac64caded6e01d7fcab8757cd8c3c783da8644838d2acebfb2a4a902cc8ddd9f6be940986e08338f4862,,03/02/2019 05:59:00 PM,30,TRAFFIC SIGNAL,FUNCTIONING PROPERLY,CLEAR,DAYLIGHT,SIDESWIPE SAME DIRECTION,OTHER,2,STRAIGHT ON GRADE,DRY,NO DEFECTS,ON SCENE,INJURY AND / OR TOW DUE TO CRASH,Y,,,"OVER $1,500",03/02/2019 06:05:00 PM,DRIVING SKILLS/KNOWLEDGE/EXPERIENCE,FAILING TO REDUCE SPEED TO AVOID CRASH,2056,W,103RD ST,2213.0,,,,,,,3,"REPORTED, NOT EVIDENT",1.0,0.0,0.0,0.0,1.0,5.0,0.0,17,7,3,41.7066123356,-87.6740409435,POINT (-87.674040943484 41.706612335584)
c9eeafeadb24599fe1ed9b23e1495960be5f760a3efbf4d773401869b66bc6fab3c41fd7f327ce8198a25fd9bc3853d018411994dbded72c52393f7e6be98cb7,,07/22/2022 05:15:00 PM,30,NO CONTROLS,NO CONTROLS,CLEAR,DAYLIGHT,SIDESWIPE SAME DIRECTION,NOT DIVIDED,,STRAIGHT AND LEVEL,DRY,UNKNOWN,NOT ON SCENE (DESK REPORT),NO INJURY / DRIVE AWAY,,,,"$501 - $1,500",07/23/2022 09:00:00 AM,UNABLE TO DETERMINE,UNABLE TO DETERMINE,1100,W,FULLERTON AVE,1932.0,,,,,,,2,NO INDICATION OF INJURY,0.0,0.0,0.0,0.0,0.0,2.0,0.0,17,6,7,41.9254510174,-87.6560945316,POINT (-87.65609453158 41.925451017442)
e6f5d468c9f985db48e0f98d9f9badea5250e21b4fcbf229580bc2510f2d0044069bfa34535a89aa1dd901768d4dadab080b18da5b7bae87c7161ca53f060653,,04/10/2019 10:21:00 PM,30,NO CONTROLS,NO CONTROLS,CLEAR,"DARKNESS, LIGHTED ROAD",SIDESWIPE SAME DIRECTION,DIVIDED - W/MEDIAN (NOT RAISED),4,STRAIGHT AND LEVEL,DRY,WORN SURFACE,NOT ON SCENE (DESK REPORT),NO INJURY / DRIVE AWAY,,,Y,$500 OR LESS,04/10/2019 11:33:00 PM,IMPROPER OVERTAKING/PASSING,FAILING TO YIELD RIGHT-OF-WAY,2000,N,AUSTIN AVE,2512.0,,,,,,,2,NO INDICATION OF INJURY,0.0,0.0,0.0,0.0,0.0,3.0,0.0,22,4,4,41.916611931,-87.7756185748,POINT (-87.77561857485 41.916611931035)
974b402c9bcc502f87a3c8114007bc908e7cb8d75dc3296647e575c179e5436eeb8abc4334525b80a97d7b8b193c286162c7320af99a47bcf9df417202fb3ea1,,04/19/2018 07:30:00 AM,40,NO CONTROLS,NO CONTROLS,CLEAR,DAYLIGHT,OTHER NONCOLLISION,NOT DIVIDED,,STRAIGHT AND LEVEL,DRY,"RUT, HOLES",NOT ON SCENE (DESK REPORT),NO INJURY / DRIVE AWAY,,,,"$501 - $1,500",04/20/2018 08:45:00 AM,UNABLE TO DETERMINE,UNABLE TO DETERMINE,300,N,LAKE SHORE DR SB,114.0,,,,,,,1,NO INDICATION OF INJURY,0.0,0.0,0.0,0.0,0.0,1.0,0.0,7,5,4,41.8861404879,-87.6142741062,POINT (-87.614274106164 41.8861404879)
050bafb8a15fc89e3b63297be40857572b57cfd88e598f5857237e5fbbb7848beb403b93fbc3e1d9e499db76c15919893b45656dca6a4e5d75eb4283f4c721e6,,10/08/2022 06:15:00 PM,10,NO CONTROLS,NO CONTROLS,CLEAR,DAYLIGHT,PARKED MOTOR VEHICLE,PARKING LOT,,STRAIGHT AND LEVEL,DRY,NO DEFECTS,NOT ON SCENE (DESK REPORT),NO INJURY / DRIVE AWAY,,Y,,"$501 - $1,500",10/08/2022 07:12:00 PM,UNABLE TO DETERMINE,UNABLE TO DETERMINE,754,E,GRAND AVE,1834.0,,,,,,,2,NO INDICATION OF INJURY,0.0,0.0,0.0,0.0,0.0,4.0,0.0,18,7,10,41.8922694528,-87.608041023,POINT (-87.608041023044 41.89226945281)
94d74fabae54768cb64ae160838919a5182ecdb96080978e011177520386734940031882e9703b701d1d2d7c8098aec0515819901086dec366166a89e28112d5,,06/09/2021 07:18:00 PM,30,NO CONTROLS,UNKNOWN,UNKNOWN,UNKNOWN,PARKED MOTOR VEHICLE,ONE-WAY,,STRAIGHT AND LEVEL,DRY,UNKNOWN,ON SCENE,NO INJURY / DRIVE AWAY,,,Y,"OVER $1,500",06/09/2021 08:30:00 PM,UNABLE TO DETERMINE,UNABLE TO DETERMINE,117,N,LAVERGNE AVE,1532.0,,,,,,,4,NO INDICATION OF INJURY,0.0,0.0,0.0,0.0,0.0,1.0,0.0,19,4,6,41.882346769,-87.7500968975,POINT (-87.750096897506 41.882346769017)
23d8a3488b846df35434512b5a32d00b25109eecbb5596e360380d057343f8b43c8293d572924a50bbd4d6e5ffe8c07f1139afbde2444c8559ec45e0a3d8dc51,,10/17/2016 10:00:00 PM,30,TRAFFIC SIGNAL,FUNCTIONING PROPERLY,CLEAR,DARKNESS,ANGLE,NOT DIVIDED,2,STRAIGHT AND LEVEL,DRY,NO DEFECTS,NOT ON SCENE (DESK REPORT),NO INJURY / DRIVE AWAY,Y,,,"OVER $1,500",10/18/2016 11:00:00 AM,UNABLE TO DETERMINE,UNABLE TO DETERMINE,2000,W,WABANSIA AVE,1434.0,,,,,,,2,NO INDICATION OF INJURY,0.0,0.0,0.0,0.0,0.0,2.0,0.0,22,2,10,41.9124146118,-87.677632778,POINT (-87.677632778026 41.912414611824)
aaa913258d46ff015db6e7e6d8b31e5a3f16d7609fa406f52e976407dc2d36e2e89bb8a7cb78d602395b202e52d9ae597161e34052a3578ddbd4301a8e639351,,12/07/2022 02:08:00 PM,30,TRAFFIC SIGNAL,FUNCTIONING PROPERLY,CLOUDY/OVERCAST,DAYLIGHT,REAR END,NOT DIVIDED,,STRAIGHT AND LEVEL,DRY,NO DEFECTS,NOT ON SCENE (DESK REPORT),NO INJURY / DRIVE AWAY,Y,,,"OVER $1,500",12/07/2022 03:10:00 PM,FOLLOWING TOO CLOSELY,NOT APPLICABLE,707,N,MICHIGAN AVE,1834.0,,,,,,,2,NO INDICATION OF INJURY,0.0,0.0,0.0,0.0,0.0,2.0,0.0,14,4,12,41.8951990975,-87.624111578,POINT (-87.624111577996 41.895199097546)
4098c5fe20ba91da81ab1280406d5aaa8fa35bedfa26c41355c8ca1d9e9217e52045eb437953bc2bbfc350be396dd2759f133048503883f543af0423c5e7c559,,08/13/2020 11:45:00 AM,30,TRAFFIC SIGNAL,NOT FUNCTIONING,CLEAR,DAYLIGHT,REAR END,DIVIDED - W/MEDIAN (NOT RAISED),,STRAIGHT AND LEVEL,DRY,NO DEFECTS,NOT ON SCENE (DESK REPORT),INJURY AND / OR TOW DUE TO CRASH,Y,,Y,"OVER $1,500",08/13/2020 02:20:00 PM,FOLLOWING TOO CLOSELY,DISREGARDING TRAFFIC SIGNALS,11500,S,STATE ST,522.0,,,,,,,2,"REPORTED, NOT EVIDENT",1.0,0.0,0.0,0.0,1.0,1.0,0.0,11,5,8,41.6852606299,-87.6230344828,POINT (-87.623034482813 41.685260629881)
45852dbc84f4775eaf1ec3a18d67aeccd8a761336b54d5b027ae7fc302751c5627dddc538caa2753a770476338bc97afb8c3f0cc373aeda5d018382cc5c6ff7c,,12/27/2018 08:25:00 AM,35,TRAFFIC SIGNAL,FUNCTIONING PROPERLY,RAIN,"DARKNESS, LIGHTED ROAD",REAR END,NOT DIVIDED,,STRAIGHT AND LEVEL,WET,NO DEFECTS,ON SCENE,INJURY AND / OR TOW DUE TO CRASH,Y,,Y,"OVER $1,500",12/27/2018 08:29:00 AM,FAILING TO REDUCE SPEED TO AVOID CRASH,UNABLE TO DETERMINE,11900,S,LOOMIS ST,524.0,,,,,,,2,NO INDICATION OF INJURY,0.0,0.0,0.0,0.0,0.0,2.0,0.0,8,5,12,41.6776113964,-87.6566687475,POINT (-87.65666874752 41.677611396422)
8fae61eb1445ecde9b77eaa757c3209d40f9d568631a66da940193fee9137e41daad37e55d9afaf79ea51d801fa00c7e185ed50b8f928b04b07807e4c028af9b,,06/01/2022 02:35:00 AM,25,NO CONTROLS,NO CONTROLS,CLEAR,"DARKNESS, LIGHTED ROAD",FIXED OBJECT,DIVIDED - W/MEDIAN BARRIER,,"CURVE, LEVEL",DRY,NO DEFECTS,ON SCENE,INJURY AND / OR TOW DUE TO CRASH,,,,"OVER $1,500",06/01/2022 02:40:00 AM,UNABLE TO DETERMINE,NOT APPLICABLE,900,N,LAKE SHORE DR SB,1833.0,,,,,,,1,NO INDICATION OF INJURY,0.0,0.0,0.0,0.0,0.0,1.0,0.0,2,4,6,41.8993222788,-87.6187384331,POINT (-87.618738433114 41.899322278833)
3d0ee978068903b29ead12cca03ecc05266a1fc8b086627d3f3d8a69d46446a5f7e01266efb2186163fee00c94c34c62b4e0eb97d9a419aaae7e5a8297c337c7,,01/14/2018 07:45:00 PM,30,TRAFFIC SIGNAL,FUNCTIONING PROPERLY,SNOW,"DARKNESS, LIGHTED ROAD",REAR END,NOT DIVIDED,2,STRAIGHT AND LEVEL,SNOW OR SLUSH,NO DEFECTS,NOT ON SCENE (DESK REPORT),NO INJURY / DRIVE AWAY,,,,"OVER $1,500",01/14/2018 08:03:00 PM,FOLLOWING TOO CLOSELY,NOT APPLICABLE,5600,N,CENTRAL AVE,1622.0,,,,,,,2,NO INDICATION OF INJURY,0.0,0.0,0.0,0.0,0.0,4.0,0.0,19,1,1,41.9830328998,-87.7684901052,POINT (-87.768490105241 41.983032899841)
8fe7797a5638a1a2088a541a0f61be617f6bb08b4befde393270c972200fa5d022bf5f8c5e037c0cf28422edb138bf6e2fd0ac76b1cddc103e2abd115b5c38e8,,10/20/2018 11:40:00 AM,30,NO CONTROLS,NO CONTROLS,CLEAR,DAYLIGHT,SIDESWIPE SAME DIRECTION,NOT DIVIDED,,STRAIGHT AND LEVEL,DRY,NO DEFECTS,NOT ON SCENE (DESK REPORT),NO INJURY / DRIVE AWAY,,,,"OVER $1,500",10/24/2018 02:50:00 PM,UNABLE TO DETERMINE,UNABLE TO DETERMINE,200,N,WABASH AVE,111.0,,,,,,,2,NO INDICATION OF INJURY,0.0,0.0,0.0,0.0,0.0,2.0,0.0,11,7,10,41.8857574177,-87.6264263693,POINT (-87.626426369268 41.88575741772)
378ec4d97de0435033c9d8dcf755d0622481ff336bc30af6125381d35dd7cb37e75a8cd263133b07db10ebaa25ab0106318b6ca074baa0df65f21d7264b29237,,10/29/2019 03:00:00 PM,25,NO CONTROLS,NO CONTROLS,CLEAR,DAYLIGHT,PARKED MOTOR VEHICLE,DIVIDED - W/MEDIAN (NOT RAISED),,STRAIGHT AND LEVEL,DRY,NO DEFECTS,ON SCENE,INJURY AND / OR TOW DUE TO CRASH,,,Y,"OVER $1,500",10/29/2019 03:05:00 PM,UNABLE TO DETERMINE,NOT APPLICABLE,2544,N,LONG AVE,2515.0,,,,,,,3,NO INDICATION OF INJURY,0.0,0.0,0.0,0.0,0.0,1.0,0.0,15,3,10,41.9272533346,-87.761331743,POINT (-87.761331742983 41.927253334579)
858d7022e4f43a9d80d866fe0b8ec200347cfae9fe1eca22fdc08b423173ea0f134ac0d2872f86943f687e5b619e3a1fe3c26245d08d27b0c45bd131e8a041e4,,09/12/2022 06:32:00 PM,30,NO CONTROLS,NO CONTROLS,CLEAR,DAYLIGHT,SIDESWIPE SAME DIRECTION,DIVIDED - W/MEDIAN BARRIER,,STRAIGHT AND LEVEL,DRY,UNKNOWN,ON SCENE,NO INJURY / DRIVE AWAY,,,Y,"OVER $1,500",09/12/2022 06:34:00 PM,IMPROPER OVERTAKING/PASSING,NOT APPLICABLE,2298,W,GARFIELD BLVD,932.0,,,,,,,2,NO INDICATION OF INJURY,0.0,0.0,0.0,0.0,0.0,2.0,0.0,18,2,9,41.7939495984,-87.6812240629,POINT (-87.681224062937 41.793949598375)
50231eb47d9c6c89db1b42ee2b38156d878e2d35d1124e3ad6de7684f91f672aa0c2d003723864da2a738f7c3065e5a289230b89b16763b5c6d9808db0d00faf,,02/20/2019 05:30:00 PM,30,NO CONTROLS,NO CONTROLS,CLEAR,"DARKNESS, LIGHTED ROAD",FIXED OBJECT,NOT DIVIDED,,STRAIGHT AND LEVEL,DRY,"RUT, HOLES",NOT ON SCENE (DESK REPORT),NO INJURY / DRIVE AWAY,,,,"$501 - $1,500",02/25/2019 05:04:00 PM,NOT APPLICABLE,NOT APPLICABLE,400,S,CANAL ST,121.0,,,,,,,1,NO INDICATION OF INJURY,0.0,0.0,0.0,0.0,0.0,1.0,0.0,17,4,2,41.8767466675,-87.6397852865,POINT (-87.639785286517 41.876746667521)
d60dda09525aff0877a360cbe1d13f73413471e9ee95521de15f49e05bc0c032a3342ccbca1c398c6b1bcd31926cfc2c3dc06dcd629c20c76f89e0a5a7a847d2,,05/12/2022 08:41:00 AM,30,NO CONTROLS,NO CONTROLS,CLEAR,DAYLIGHT,PEDALCYCLIST,PARKING LOT,,STRAIGHT AND LEVEL,DRY,NO DEFECTS,ON SCENE,NO INJURY / DRIVE AWAY,,,,"$501 - $1,500",05/12/2022 08:42:00 AM,UNABLE TO DETERMINE,UNABLE TO DETERMINE,3650,N,ELSTON AVE,1733.0,,,,,,,2,NO INDICATION OF INJURY,0.0,0.0,0.0,0.0,0.0,2.0,0.0,8,5,5,41.9475821939,-87.7104604701,POINT (-87.710460470099 41.947582193898)
46dc7394cf1baedbb24f3221f472f60cd9c53a17aefba0070098a02e883fc778365ecf43c12c792157923373bdcd01c740902b992361852c4e2f03e6843ea4aa,,09/30/2018 02:38:00 AM,30,TRAFFIC SIGNAL,FUNCTIONING PROPERLY,CLEAR,"DARKNESS, LIGHTED ROAD",ANGLE,DIVIDED - W/MEDIAN (NOT RAISED),,STRAIGHT AND LEVEL,DRY,NO DEFECTS,ON SCENE,INJURY AND / OR TOW DUE TO CRASH,Y,,Y,"OVER $1,500",09/30/2018 02:40:00 AM,DISREGARDING TRAFFIC SIGNALS,"OPERATING VEHICLE IN ERRATIC, RECKLESS, CARELESS, NEGLIGENT OR AGGRESSIVE MANNER",10300,S,WENTWORTH AVE,512.0,,,,,,,2,NONINCAPACITATING INJURY,2.0,0.0,0.0,2.0,0.0,1.0,0.0,2,1,9,41.707023014,-87.6284157193,POINT (-87.6284157193 41.707023014)
b98dea313699286fa6a5093e5019f706a98edb6d246ca7f662142b3b886f2cfc4f54e6031bf57e950d34779a2ebf7bbcbed9b6c172ab4e5e9ff082f88bb5c25c,,08/05/2025 09:37:00 AM,30,STOP SIGN/FLASHER,FUNCTIONING PROPERLY,CLEAR,DAYLIGHT,PARKED MOTOR VEHICLE,DIVIDED - W/MEDIAN (NOT RAISED),,STRAIGHT AND LEVEL,DRY,UNKNOWN,NOT ON SCENE (DESK REPORT),NO INJURY / DRIVE AWAY,,,,"OVER $1,500",08/05/2025 10:50:00 AM,FOLLOWING TOO CLOSELY,UNABLE TO DETERMINE,605,S,WOLCOTT AVE,1231.0,,,,,,,2,NO INDICATION OF INJURY,0.0,0.0,0.0,0.0,0.0,2.0,0.0,9,3,8,41.8735251277,-87.6736657594,POINT (-87.673665759361 41.873525127744)
f7198ddfc98c708a2a2dbd63dcd3a4c9ce3f3c542b31011eac1100e242ef7f152e4ba46637dba1a301c36f184ba55c5390830ee98c6e8e2693e6d0b1991cfee9,,04/25/2025 07:25:00 PM,30,TRAFFIC SIGNAL,FUNCTIONING PROPERLY,CLOUDY/OVERCAST,"DARKNESS, LIGHTED ROAD",REAR END,FOUR WAY,,STRAIGHT AND LEVEL,WET,NO DEFECTS,ON SCENE,INJURY AND / OR TOW DUE TO CRASH,,,Y,"OVER $1,500",04/25/2025 07:31:00 PM,UNABLE TO DETERMINE,NOT APPLICABLE,3950,N,OAK PARK AVE,1632.0,,,,,,,2,"REPORTED, NOT EVIDENT",1.0,0.0,0.0,0.0,1.0,1.0,0.0,19,6,4,41.9524633761,-87.7964090988,POINT (-87.796409098788 41.952463376085)
d56a4af2d192975163c8323ecddfe916b164df8a180bc37801517000dc85defb4d069150759fde7e12c3396c6a7f3be425a49d694ae69a0193041471e89ba869,,03/26/2019 04:40:00 PM,30,TRAFFIC SIGNAL,FUNCTIONING PROPERLY,CLEAR,DAYLIGHT,TURNING,NOT DIVIDED,4,STRAIGHT AND LEVEL,DRY,NO DEFECTS,ON SCENE,INJURY AND / OR TOW DUE TO CRASH,Y,,,"OVER $1,500",03/26/2019 04:44:00 PM,FAILING TO YIELD RIGHT-OF-WAY,NOT APPLICABLE,5900,S,PULASKI RD,813.0,,,,,,,3,NO INDICATION OF INJURY,0.0,0.0,0.0,0.0,0.0,3.0,0.0,16,3,3,41.7858884944,-87.7231065914,POINT (-87.72310659145 41.785888494434)
4587a346ac2a19e2c70bf027a28f5d3cc7f317939bd79c6684fc5099de15f20e625b901a9245d57b8470a3c6dcb12ee45ad7ff4559ea347d91bb57a79c8b642e,,07/03/2024 11:06:00 PM,30,TRAFFIC SIGNAL,FUNCTIONING PROPERLY,CLEAR,"DARKNESS, LIGHTED ROAD",ANGLE,FOUR WAY,,STRAIGHT AND LEVEL,DRY,NO DEFECTS,ON SCENE,INJURY AND / OR TOW DUE TO CRASH,Y,,,"OVER $1,500",07/03/2024 11:07:00 PM,DISREGARDING TRAFFIC SIGNALS,"OPERATING VEHICLE IN ERRATIC, RECKLESS, CARELESS, NEGLIGENT OR AGGRESSIVE MANNER",1000,N,LA SALLE DR,1824.0,,,,,,,5,NONINCAPACITATING INJURY,6.0,0.0,0.0,6.0,0.0,0.0,0.0,23,4,7,41.9005848002,-87.63298607,POINT (-87.632986070025 41.900584800211)
dfddef0f6f8c4ae39788f2c440a008a8d7d847cb84416e589aef60ab93f796afc129905329f0badd2f0fe6ad1bad376e84453192f9a374b6bc4b8f608b754cf9,,01/04/2025 05:21:00 AM,30,NO CONTROLS,NO CONTROLS,CLEAR,"DARKNESS, LIGHTED ROAD",PARKED MOTOR VEHICLE,NOT DIVIDED,,STRAIGHT AND LEVEL,DRY,NO DEFECTS,ON SCENE,NO INJURY / DRIVE AWAY,,,Y,"OVER $1,500",01/04/2025 05:21:00 AM,UNABLE TO DETERMINE,NOT APPLICABLE,4924,W,WEST END AVE,1532.0,,,,,,,2,NO INDICATION OF INJURY,0.0,0.0,0.0,0.0,0.0,1.0,0.0,5,7,1,41.8831947541,-87.7489865106,POINT (-87.748986510554 41.883194754112)
bebd7018a49678976cfc5bef4e8d5b8641980b29e457faa4574b4263bc3dd03252367aa63a9fdaf7d8a642ce7e8ed97d924b679a815d0f227f20b0efd3448017,,05/19/2024 03:51:00 PM,25,TRAFFIC SIGNAL,FUNCTIONING PROPERLY,CLEAR,DAYLIGHT,SIDESWIPE SAME DIRECTION,DIVIDED - W/MEDIAN (NOT RAISED),,STRAIGHT AND LEVEL,DRY,NO DEFECTS,ON SCENE,INJURY AND / OR TOW DUE TO CRASH,Y,,Y,"OVER $1,500",05/19/2024 04:22:00 PM,IMPROPER OVERTAKING/PASSING,UNABLE TO DETERMINE,2501,W,ADDISON ST,1921.0,,,,,,,2,NO INDICATION OF INJURY,0.0,0.0,0.0,0.0,0.0,3.0,0.0,15,1,5,41.9466169323,-87.6910560273,POINT (-87.691056027306 41.946616932302)
92951e73b3ba28bc949e4e9b44e0496706c27d20349a571b65bf5da70ff41d21034877b9119c46eab926b8e4df7bec370559454f24e536b2ecb708e6dd79bb93,,01/23/2024 04:30:00 PM,25,STOP SIGN/FLASHER,FUNCTIONING PROPERLY,UNKNOWN,DAYLIGHT,REAR END,ONE-WAY,,STRAIGHT ON GRADE,WET,NO DEFECTS,NOT ON SCENE (DESK REPORT),NO INJURY / DRIVE AWAY,,,,"$501 - $1,500",01/24/2024 08:10:00 AM,FOLLOWING TOO CLOSELY,NOT APPLICABLE,3555,N,MARSHFIELD AVE,1922.0,,,,,,,2,NO INDICATION OF INJURY,0.0,0.0,0.0,0.0,0.0,4.0,0.0,16,3,1,41.9467728687,-87.6699230602,POINT (-87.669923060219 41.946772868685)
da9a34d3e51f9a63a35714935ac2c187043c11004076b9f8e84a4656aeb3dbbba23b989ea817b0323a76eaecb70e74a5fe52191602a5193cc5e824a0a7779305,,02/09/2024 02:00:00 PM,35,TRAFFIC SIGNAL,FUNCTIONING PROPERLY,CLEAR,DAYLIGHT,ANGLE,NOT DIVIDED,,STRAIGHT AND LEVEL,DRY,NO DEFECTS,NOT ON SCENE (DESK REPORT),NO INJURY / DRIVE AWAY,,,,"OVER $1,500",02/13/2024 11:45:00 AM,UNABLE TO DETERMINE,UNABLE TO DETERMINE,3101,W,IRVING PARK RD,1733.0,,,,,,,2,NO INDICATION OF INJURY,0.0,0.0,0.0,0.0,0.0,2.0,0.0,14,6,2,41.9538254214,-87.7056341373,POINT (-87.70563413727 41.953825421371)
3ac9d3998c36fdf8d325f598f64550862fba45a7f2f31b21b1e868bd4c311c863803ccae13e5d8e8286a9cfcac3abe6867a921bf8a5eafb53e050b04a7551486,,08/25/2017 02:05:00 PM,35,NO CONTROLS,NO CONTROLS,CLEAR,DAYLIGHT,SIDESWIPE SAME DIRECTION,DIVIDED - W/MEDIAN (NOT RAISED),4,STRAIGHT AND LEVEL,DRY,NO DEFECTS,NOT ON SCENE (DESK REPORT),NO INJURY / DRIVE AWAY,,,,"$501 - $1,500",08/25/2017 04:00:00 PM,IMPROPER LANE USAGE,FAILING TO YIELD RIGHT-OF-WAY,702,N,CICERO AVE,1531.0,,,,,,,2,NO INDICATION OF INJURY,0.0,0.0,0.0,0.0,0.0,2.0,0.0,14,6,8,41.8932700026,-87.7458979395,POINT (-87.745897939514 41.893270002628)
974ec39a8ebddfe027799380c5b7d153edebaa809bdbb6867dc2d958051c15fd31b7b47145d5da52375dfcccba16a933d77fa56622c7fee5dbf01cbb8e8f3ebb,,10/29/2025 10:20:00 AM,35,NO CONTROLS,NO CONTROLS,CLEAR,DAYLIGHT,ANGLE,PARKING LOT,,STRAIGHT AND LEVEL,DRY,NO DEFECTS,NOT ON SCENE (DESK REPORT),NO INJURY / DRIVE AWAY,,,,"$501 - $1,500",10/29/2025 11:15:00 AM,UNABLE TO DETERMINE,UNABLE TO DETERMINE,10000,W,OHARE ST,1651.0,,,,,,,2,NO INDICATION OF INJURY,0.0,0.0,0.0,0.0,0.0,2.0,0.0,10,4,10,41.976201139,-87.9053091251,POINT (-87.905309125103 41.976201139024)
96545a24bc9337fc4f68155506a4a04961c3b4c2541a2ff57a70fad04d25531164947128c35c6fdecad2096c9c7fa958d94b6d78dfe51fc8424f63b0f2f86038,,05/15/2024 05:58:00 PM,30,NO CONTROLS,NO CONTROLS,CLEAR,DAYLIGHT,SIDESWIPE SAME DIRECTION,NOT DIVIDED,,STRAIGHT AND LEVEL,DRY,NO DEFECTS,ON SCENE,NO INJURY / DRIVE AWAY,,,Y,"OVER $1,500",05/15/2024 05:58:00 PM,"OPERATING VEHICLE IN ERRATIC, RECKLESS, CARELESS, NEGLIGENT OR AGGRESSIVE MANNER",NOT APPLICABLE,3324,W,31ST ST,1032.0,,,,,,,2,NO INDICATION OF INJURY,0.0,0.0,0.0,0.0,0.0,3.0,0.0,17,4,5,41.8372772341,-87.7084353947,POINT (-87.708435394734 41.837277234107)
85aad5667a19a1075553aafa04f36625fd5b45e9784e9895d6badc83192c5669432f55ef0bdcbfa1cce04412f7c5e60d91f947b459be997fafdcaff4113fba9b,,09/11/2015 05:20:00 PM,30,TRAFFIC SIGNAL,FUNCTIONING PROPERLY,CLEAR,DAYLIGHT,SIDESWIPE SAME DIRECTION,NOT DIVIDED,4,STRAIGHT AND LEVEL,DRY,NO DEFECTS,NOT ON SCENE (DESK REPORT),NO INJURY / DRIVE AWAY,Y,,,"$501 - $1,500",09/11/2015 05:45:00 PM,UNABLE TO DETERMINE,UNABLE TO DETERMINE,126,E,LA SALLE DR,1814.0,,,,,,,2,NO INDICATION OF INJURY,0.0,0.0,0.0,0.0,0.0,4.0,0.0,17,6,9,41.9129563453,-87.6265277329,POINT (-87.626527732928 41.912956345342)
15e5c7cc62fddc9a756a22210218c733e83a759fc4965e54670750c72be149866936cb945ad08d3d553de0c87157e5f3991463135c3604dab3e3b414fb748b4e,,06/12/2025 09:47:00 AM,30,PEDESTRIAN CROSSING SIGN,NO CONTROLS,CLEAR,DAYLIGHT,REAR END,DIVIDED - W/MEDIAN BARRIER,,STRAIGHT AND LEVEL,DRY,NO DEFECTS,NOT ON SCENE (DESK REPORT),NO INJURY / DRIVE AWAY,,,Y,"OVER $1,500",06/12/2025 03:27:00 PM,FOLLOWING TOO CLOSELY,DRIVING SKILLS/KNOWLEDGE/EXPERIENCE,1407,N,HUMBOLDT DR,1423.0,,,,,,,2,NO INDICATION OF INJURY,0.0,0.0,0.0,0.0,0.0,4.0,0.0,9,5,6,41.9067436825,-87.7011672105,POINT (-87.70116721054 41.906743682494)