CRASH_RECORD_ID,CRASH_DATE_EST_I,CRASH_DATE,POSTED_SPEED_LIMIT,TRAFFIC_CONTROL_DEVICE,DEVICE_CONDITION,WEATHER_CONDITION,LIGHTING_CONDITION,FIRST_CRASH_TYPE,TRAFFICWAY_TYPE,LANE_CNT,ALIGNMENT,ROADWAY_SURFACE_COND,ROAD_DEFECT,REPORT_TYPE,CRASH_TYPE,INTERSECTION_RELATED_I,NOT_RIGHT_OF_WAY_I,HIT_AND_RUN_I,DAMAGE,DATE_POLICE_NOTIFIED,PRIM_CONTRIBUTORY_CAUSE,SEC_CONTRIBUTORY_CAUSE,STREET_NO,STREET_DIRECTION,STREET_NAME,BEAT_OF_OCCURRENCE,PHOTOS_TAKEN_I,STATEMENTS_TAKEN_I,DOORING_I,WORK_ZONE_I,WORK_ZONE_TYPE,WORKERS_PRESENT_I,NUM_UNITS,MOST_SEVERE_INJURY,INJURIES_TOTAL,INJURIES_FATAL,INJURIES_INCAPACITATING,INJURIES_NON_INCAPACITATING,INJURIES_REPORTED_NOT_EVIDENT,INJURIES_NO_INDICATION,INJURIES_UNKNOWN,CRASH_HOUR,CRASH_DAY_OF_WEEK,CRASH_MONTH,LATITUDE,LONGITUDE,LOCATION
6d891149f580324c643c59e9df5cee4c6b0ff126168c370f72df0e8905790ce3b22ba5e65f4036f47ceaa9d99e8aa7a832927cf50d4fb0578abdcf959e0ce53d,,06/22/2019 02:00:00 PM,30,UNKNOWN,UNKNOWN,UNKNOWN,UNKNOWN,PARKED MOTOR VEHICLE,UNKNOWN,,STRAIGHT ON HILLCREST,UNKNOWN,UNKNOWN,NOT ON SCENE (DESK REPORT),NO INJURY / DRIVE AWAY,,,Y,"$501 - $1,500",06/22/2019 04:30:00 PM,UNABLE TO DETERMINE,PHYSICAL CONDITION OF DRIVER,2110,W,96TH ST,2213.0,,,,,,,2,NO INDICATION OF INJURY,0.0,0.0,0.0,0.0,0.0,1.0,0.0,14,7,6,41.7193269614,-87.6752607363,POINT (-87.675260736343 41.71932696142)
222682df5791d7df48a7bbc26088ad9c0019cca85cf5294e9b5800e5162953e1d699b417f4a2dc8906cba2f9403d7742e65311b67970923fce2d16c05dcf4b73,,06/23/2019 01:00:00 AM,30,NO CONTROLS,NO CONTROLS,CLEAR,DAYLIGHT,SIDESWIPE SAME DIRECTION,DIVIDED - W/MEDIAN BARRIER,,STRAIGHT AND LEVEL,DRY,NO DEFECTS,NOT ON SCENE (DESK REPORT),NO INJURY / DRIVE AWAY,,,Y,"OVER $1,500",06/23/2019 12:05:00 PM,UNABLE TO DETERMINE,UNABLE TO DETERMINE,2515,N,ASHLAND AVE,1932.0,,,,,,,2,NO INDICATION OF INJURY,0.0,0.0,0.0,0.0,0.0,2.0,0.0,1,1,6,41.9274507588,-87.6680795244,POINT (-87.668079524355 41.92745075878)
706d20bf8975480a2d308d3d3116c6fa7b92ced2c021dd73795fba03d135990a34903ea7ca894d60252d79ed12a1d5ee4605052d3e2b664b61a61031d1804be3,,09/11/2023 04:20:00 PM,35,NO CONTROLS,NO CONTROLS,RAIN,DAYLIGHT,REAR TO SIDE,NOT DIVIDED,,STRAIGHT AND LEVEL,WET,NO DEFECTS,ON SCENE,NO INJURY / DRIVE AWAY,,,,"OVER $1,500",09/11/2023 04:20:00 PM,FAILING TO YIELD RIGHT-OF-WAY,FAILING TO YIELD RIGHT-OF-WAY,1500,N,PULASKI RD,2534.0,,,,,,,2,NO INDICATION OF INJURY,0.0,0.0,0.0,0.0,0.0,2.0,0.0,16,2,9,41.9081670898,-87.7266137964,POINT (-87.726613796357 41.908167089822)
ca9f59526e06995683e65726b06917fa4611a4be2274873a29d39ecaab8385fcdb78757983135a9c1f863dcbb772c3d2cb1231f4f16ab78c20f9cd1f4d632469,,02/03/2024 07:45:00 PM,30,NO CONTROLS,NO CONTROLS,UNKNOWN,UNKNOWN,SIDESWIPE SAME DIRECTION,NOT DIVIDED,,STRAIGHT AND LEVEL,UNKNOWN,UNKNOWN,NOT ON SCENE (DESK REPORT),NO INJURY / DRIVE AWAY,,,Y,$500 OR LESS,02/03/2024 08:00:00 PM,UNABLE TO DETERMINE,NOT APPLICABLE,7601,S,EGGLESTON AVE,621.0,,,,,,,2,NO INDICATION OF INJURY,0.0,0.0,0.0,0.0,0.0,2.0,0.0,19,7,2,41.7561462952,-87.6355067429,POINT (-87.635506742946 41.756146295214)
ba6e48cd8a3c33f29e5f9a206c5deb8ebcffc78e42f70c81f4319c035d27445145175daca252d7ab9834223176328715d6194b67f3243d3531b2b9d047a275d6,,09/05/2023 11:00:00 PM,15,NO CONTROLS,NO CONTROLS,RAIN,DARKNESS,ANGLE,PARKING LOT,,STRAIGHT AND LEVEL,WET,NO DEFECTS,,INJURY AND / OR TOW DUE TO CRASH,,,,"OVER $1,500",09/06/2023 12:20:00 AM,UNABLE TO DETERMINE,NOT APPLICABLE,1998,W,ADAMS ST,1223.0,N,,,,,,2,NO INDICATION OF INJURY,0.0,0.0,0.0,0.0,0.0,4.0,0.0,23,3,9,41.8788548639,-87.6765168054,POINT (-87.676516805367 41.878854863947)
f6f098f74856ef81c394e341f58dcb050d57f44592dfaea05901e7fe5d897f149a7323396d24266a3240ee5d531a434b4f775bf7225a2179d3397cef57f553c9,,01/25/2023 04:30:00 PM,30,NO CONTROLS,NO CONTROLS,SNOW,DUSK,TURNING,NOT DIVIDED,,STRAIGHT AND LEVEL,WET,UNKNOWN,ON SCENE,INJURY AND / OR TOW DUE TO CRASH,,,,"OVER $1,500",01/25/2023 04:33:00 PM,FAILING TO YIELD RIGHT-OF-WAY,NOT APPLICABLE,3217,W,ARGYLE ST,1713.0,,,,,,,2,NO INDICATION OF INJURY,0.0,0.0,0.0,0.0,0.0,2.0,0.0,16,4,1,41.9719760922,-87.70931651,POINT (-87.70931651003 41.971976092211)
582b2792a0583a5d8f7ce3d861642f65152c818b69c6755426972c3a2b2f23746cab1acfbb039c19a28ca532449a84397bf548ff027ed3421a560820998699da,,08/21/2024 07:13:00 PM,15,NO CONTROLS,NO CONTROLS,CLEAR,UNKNOWN,FIXED OBJECT,PARKING LOT,,STRAIGHT AND LEVEL,DRY,NO DEFECTS,NOT ON SCENE (DESK REPORT),NO INJURY / DRIVE AWAY,,,,"OVER $1,500",08/21/2024 08:35:00 PM,UNABLE TO DETERMINE,NOT APPLICABLE,201,W,MADISON ST,122.0,,,,,,,1,NO INDICATION OF INJURY,0.0,0.0,0.0,0.0,0.0,4.0,0.0,19,4,8,41.8818354659,-87.6338973886,POINT (-87.633897388601 41.88183546591)
41839d8f6c8cacca749a1c2a86241b122f74e449689b610f55cad819d5bf24424bc7ba0b53e95572fa0f1ab99ceadcb285fd67c2d7c92d9b48ddc711a6703b79,,05/13/2020 12:05:00 PM,30,NO CONTROLS,NO CONTROLS,CLEAR,DAYLIGHT,SIDESWIPE SAME DIRECTION,NOT DIVIDED,,STRAIGHT AND LEVEL,DRY,UNKNOWN,NOT ON SCENE (DESK REPORT),NO INJURY / DRIVE AWAY,,,Y,"OVER $1,500",05/13/2020 12:25:00 PM,IMPROPER OVERTAKING/PASSING,IMPROPER LANE USAGE,4305,S,CICERO AVE,815.0,,,,,,,2,NO INDICATION OF INJURY,0.0,0.0,0.0,0.0,0.0,2.0,0.0,12,4,5,41.8147280226,-87.7432045324,POINT (-87.743204532385 41.814728022593)
d6874cab8ba28aaf0f3c194a9993c607ccc8dee97c8fae6fc678fc583078a2c81a6e29d3b1c4a67dce4fe7b4ff6f41617eeeaba7ec106fbb2a37124193483f85,,02/19/2018 11:30:00 PM,15,NO CONTROLS,NO CONTROLS,RAIN,"DARKNESS, LIGHTED ROAD",PARKED MOTOR VEHICLE,ONE-WAY,1,STRAIGHT AND LEVEL,WET,UNKNOWN,NOT ON SCENE (DESK REPORT),NO INJURY / DRIVE AWAY,,,Y,"OVER $1,500",02/25/2018 12:23:00 PM,NOT APPLICABLE,NOT APPLICABLE,6110,N,HERMITAGE AVE,2433.0,,,,,,,2,NO INDICATION OF INJURY,0.0,0.0,0.0,0.0,0.0,1.0,0.0,23,2,2,41.9931983712,-87.6735186573,POINT (-87.673518657288 41.993198371218)
d866b5e81704d9834c2d81d1c78c5235f33dd7c4a362cef555f604ba23ae831a1e1ac27a9aab48c1c0db8c6063c0d7e9c18919f57185151e3fa7f4fdb21df6f3,,12/19/2022 08:48:00 AM,30,UNKNOWN,UNKNOWN,CLEAR,DAYLIGHT,SIDESWIPE SAME DIRECTION,DIVIDED - W/MEDIAN BARRIER,,STRAIGHT AND LEVEL,DRY,UNKNOWN,ON SCENE,NO INJURY / DRIVE AWAY,,,Y,"OVER $1,500",12/19/2022 09:25:00 AM,IMPROPER OVERTAKING/PASSING,FAILING TO YIELD RIGHT-OF-WAY,90,S,LAKE SHORE DR SB,114.0,,,,,,,2,NO INDICATION OF INJURY,0.0,0.0,0.0,0.0,0.0,2.0,0.0,8,2,12,41.8809827009,-87.6176333442,POINT (-87.617633344219 41.88098270091)
2e3f38037d39664ac826f724427a097ac285a495702ba571e2463acbb40ee2a3e91f5625c09a7f9e796a26ac0a26b3efb9bc27b79ac1722a71975ef6b9a433b9,,05/19/2019 06:19:00 AM,40,NO CONTROLS,NO CONTROLS,CLEAR,DAYLIGHT,REAR END,DIVIDED - W/MEDIAN BARRIER,,STRAIGHT AND LEVEL,WET,NO DEFECTS,ON SCENE,INJURY AND / OR TOW DUE TO CRASH,,,,"OVER $1,500",05/19/2019 06:22:00 AM,UNABLE TO DETERMINE,NOT APPLICABLE,120,S,LAKE SHORE DR SB,114.0,,,,,,,2,NO INDICATION OF INJURY,0.0,0.0,0.0,0.0,0.0,2.0,0.0,6,1,5,41.8803952871,-87.6176339263,POINT (-87.617633926328 41.880395287076)
a0b04069abe740d054633fd7e09869d188ac41fc7b3056833993d8d45b040eb499d94448397203010805f3eb6f196b28d7346fd181511987e7dffc509c203eca,,11/30/2023 06:50:00 AM,30,NO CONTROLS,NO CONTROLS,UNKNOWN,"DARKNESS, LIGHTED ROAD",SIDESWIPE SAME DIRECTION,NOT DIVIDED,,STRAIGHT AND LEVEL,UNKNOWN,UNKNOWN,NOT ON SCENE (DESK REPORT),NO INJURY / DRIVE AWAY,,,N,"OVER $1,500",11/30/2023 08:40:00 AM,UNABLE TO DETERMINE,UNABLE TO DETERMINE,4716,W,LAWRENCE AVE,1712.0,,,,,,,2,NO INDICATION OF INJURY,0.0,0.0,0.0,0.0,0.0,2.0,0.0,6,5,11,41.9681556455,-87.746040525,POINT (-87.746040525021 41.968155645482)
89a8420c95da6a293f9f69e15e5f557a3b7b6df1f1fc7e203b2f6f250968c535a9abcfde536004a1faf78f671485a2bf018c502ef90b76e277baba74f735f76c,,02/26/2020 06:06:00 PM,30,TRAFFIC SIGNAL,FUNCTIONING PROPERLY,CLEAR,"DARKNESS, LIGHTED ROAD",REAR END,NOT DIVIDED,,STRAIGHT AND LEVEL,SNOW OR SLUSH,NO DEFECTS,ON SCENE,NO INJURY / DRIVE AWAY,,,Y,"OVER $1,500",02/26/2020 06:06:00 PM,UNABLE TO DETERMINE,UNABLE TO DETERMINE,404,E,51ST ST,223.0,,,,,,,2,NO INDICATION OF INJURY,0.0,0.0,0.0,0.0,0.0,2.0,0.0,18,4,2,41.8022170584,-87.615452152,POINT (-87.615452152003 41.802217058434)
1534a24062d0e89633977d270562561849376704da44c41ead963f67f1d39fa336ad8ab579e300c9c51241da90ddb1ce4d81358bd5cf704888a0f06bffb75221,,07/18/2020 12:30:00 AM,30,NO CONTROLS,FUNCTIONING PROPERLY,CLEAR,"DARKNESS, LIGHTED ROAD",SIDESWIPE SAME DIRECTION,DIVIDED - W/MEDIAN (NOT RAISED),,STRAIGHT AND LEVEL,DRY,NO DEFECTS,ON SCENE,INJURY AND / OR TOW DUE TO CRASH,Y,,Y,"$501 - $1,500",07/18/2020 01:05:00 AM,UNABLE TO DETERMINE,UNABLE TO DETERMINE,1700,E,130TH ST,434.0,,,,,,,2,NO INDICATION OF INJURY,0.0,0.0,0.0,0.0,0.0,2.0,0.0,0,7,7,41.660125762,-87.58501516,POINT (-87.585015160022 41.660125762023)
77f401cfaf45a8404b57bf482cbb05af759f671e8afbfe5c15cc8bbbf48144102d5b297585c3681c12198a232226bf67fdd2a93654f4bdee15ba3dcca2e18c5c,,04/13/2021 07:55:00 AM,30,TRAFFIC SIGNAL,FUNCTIONING PROPERLY,CLEAR,DAYLIGHT,REAR END,ONE-WAY,,STRAIGHT AND LEVEL,DRY,NO DEFECTS,NOT ON SCENE (DESK REPORT),NO INJURY / DRIVE AWAY,N,,Y,"OVER $1,500",04/13/2021 08:20:00 AM,FOLLOWING TOO CLOSELY,UNABLE TO DETERMINE,758,W,99TH ST,2232.0,,,,,,,2,NO INDICATION OF INJURY,0.0,0.0,0.0,0.0,0.0,2.0,0.0,7,3,4,41.7143243683,-87.6429440279,POINT (-87.642944027873 41.714324368329)
0b28085d00f0400d4bd359616bc1b88394973d41a3917d8e24a39761809af4a1440ab97f6906327a250a2e0f48b7f0a181c185bfafe212ec185711fd38295c97,,07/13/2018 01:45:00 AM,30,NO CONTROLS,NO CONTROLS,CLEAR,"DARKNESS, LIGHTED ROAD",PARKED MOTOR VEHICLE,NOT DIVIDED,2,STRAIGHT AND LEVEL,DRY,NO DEFECTS,NOT ON SCENE (DESK REPORT),NO INJURY / DRIVE AWAY,,,Y,$500 OR LESS,07/24/2018 12:16:00 AM,UNABLE TO DETERMINE,UNABLE TO DETERMINE,40,W,HUBBARD ST,1831.0,,,,,,,2,NO INDICATION OF INJURY,0.0,0.0,0.0,0.0,0.0,2.0,0.0,1,6,7,41.8901499648,-87.6295282633,POINT (-87.629528263269 41.89014996476)
01df6db30db2b4ade9db6447809bdffc3421af50aec25737251bf94d1893ccbeae69c24fd28106f79751b49ee0dfa9143b7be107d6bd602b1740a91af40e4176,,06/30/2020 04:31:00 PM,30,TRAFFIC SIGNAL,FUNCTIONING PROPERLY,CLEAR,DAYLIGHT,ANGLE,FOUR WAY,,STRAIGHT AND LEVEL,DRY,NO DEFECTS,ON SCENE,INJURY AND / OR TOW DUE TO CRASH,Y,,Y,"OVER $1,500",06/30/2020 04:31:00 PM,DISREGARDING TRAFFIC SIGNALS,DRIVING ON WRONG SIDE/WRONG WAY,599,E,71ST ST,323.0,,,,,,,3,NONINCAPACITATING INJURY,2.0,0.0,0.0,2.0,0.0,4.0,0.0,16,3,6,41.7656832895,-87.6104857653,POINT (-87.610485765333 41.765683289544)
e19b667cfd9deccc7357c2764d59b48f61a41d92ddadd4aa93616be89a54ceeafd7ee3dfe1bc2844cea3ed92ed9dfc14c082e03dca9e99b111797b7ca22680f8,,08/30/2022 09:40:00 AM,30,NO CONTROLS,NO CONTROLS,CLEAR,DAYLIGHT,REAR TO FRONT,DIVIDED - W/MEDIAN (NOT RAISED),,STRAIGHT AND LEVEL,DRY,NO DEFECTS,NOT ON SCENE (DESK REPORT),NO INJURY / DRIVE AWAY,,,,"$501 - $1,500",08/30/2022 09:50:00 AM,IMPROPER BACKING,NOT APPLICABLE,5301,W,AINSLIE ST,1623.0,,,,,,,2,NO INDICATION OF INJURY,0.0,0.0,0.0,0.0,0.0,3.0,0.0,9,3,8,41.9691030517,-87.7596426359,POINT (-87.759642635917 41.969103051698)
0bf38a28cdd85b6313f2f24e4cdbe4d00aad446cd816ae71b8d1bc4e3f568f8dd1d7ad2b51135eecc7296236d6df5a0d2b822895514ba5ad22d98ff4e4168e7d,,06/11/2024 05:15:00 PM,10,NO CONTROLS,NO CONTROLS,CLEAR,DAYLIGHT,REAR TO SIDE,PARKING LOT,,STRAIGHT AND LEVEL,DRY,NO DEFECTS,NOT ON SCENE (DESK REPORT),NO INJURY / DRIVE AWAY,,Y,Y,"OVER $1,500",06/11/2024 05:40:00 PM,UNABLE TO DETERMINE,NOT APPLICABLE,861,W,115TH ST,524.0,,,,,,,2,NO INDICATION OF INJURY,0.0,0.0,0.0,0.0,0.0,2.0,0.0,17,3,6,41.6849412613,-87.6445185191,POINT (-87.644518519059 41.684941261284)
81288434deba3168bad87c08b3292cc18f920f6c0a0490cf0a0e0e328a0afb2a8061cd5b30247e8def9d1ad14c03b17a231cc7c5465368f5df577117f5ab30e4,,09/15/2017 11:40:00 PM,30,NO CONTROLS,NO CONTROLS,CLEAR,"DARKNESS, LIGHTED ROAD",SIDESWIPE SAME DIRECTION,NOT DIVIDED,,STRAIGHT AND LEVEL,DRY,NO DEFECTS,NOT ON SCENE (DESK REPORT),NO INJURY / DRIVE AWAY,,,,$500 OR LESS,09/19/2017 06:15:00 PM,UNABLE TO DETERMINE,NOT APPLICABLE,2817,N,HALSTED ST,1934.0,,,,,,,2,NO INDICATION OF INJURY,0.0,0.0,0.0,0.0,0.0,5.0,0.0,23,6,9,41.9332010911,-87.6488821346,POINT (-87.648882134581 41.933201091141)
d753692510821d4021099ccca30229bc805dbb02c186bdc82a7d885ebedae883b4de0166dcec9a69e7a3de81e28828bc71adf57b8ff7e37dc66bc72b557c83d6,,02/29/2024 05:45:00 PM,30,UNKNOWN,UNKNOWN,CLEAR,DUSK,PARKED MOTOR VEHICLE,NOT DIVIDED,,STRAIGHT AND LEVEL,UNKNOWN,UNKNOWN,NOT ON SCENE (DESK REPORT),NO INJURY / DRIVE AWAY,,,,"$501 - $1,500",02/29/2024 06:17:00 PM,DRIVING SKILLS/KNOWLEDGE/EXPERIENCE,UNABLE TO DETERMINE,634,W,BUENA AVE,1915.0,,,,,,,2,NO INDICATION OF INJURY,0.0,0.0,0.0,0.0,0.0,2.0,0.0,17,5,2,41.9586390714,-87.6465219176,POINT (-87.64652191763 41.958639071373)
a26b4e94acb0f216709e2319487c92768a89a52ae94c3627c62e1ac952b45b5f1515829ee463b23c8ac90eac7b8fb1f9a670ea87cadddd64bfc5836d52c2792a,,04/15/2024 12:00:00 PM,30,TRAFFIC SIGNAL,FUNCTIONING PROPERLY,CLEAR,DAYLIGHT,SIDESWIPE SAME DIRECTION,OTHER,,STRAIGHT AND LEVEL,DRY,NO DEFECTS,NOT ON SCENE (DESK REPORT),NO INJURY / DRIVE AWAY,,,Y,"OVER $1,500",04/15/2024 03:40:00 PM,IMPROPER LANE USAGE,IMPROPER OVERTAKING/PASSING,41,W,87TH ST,634.0,,,,,,,2,NO INDICATION OF INJURY,0.0,0.0,0.0,0.0,0.0,2.0,0.0,12,2,4,41.7361505366,-87.6258423404,POINT (-87.62584234039 41.736150536597)
861e656aed14173c0bba9a03df0fba25db9c94b08e5685adf0223f90557b69a4033c81810be4d3b5d3ee3c0b7c4d292ebf061879115e59b96730f9cb6d5f859d,,05/05/2025 05:36:00 PM,30,STOP SIGN/FLASHER,FUNCTIONING PROPERLY,CLEAR,DAYLIGHT,TURNING,Y-INTERSECTION,,STRAIGHT AND LEVEL,DRY,NO DEFECTS,ON SCENE,NO INJURY / DRIVE AWAY,,,Y,$500 OR LESS,05/05/2025 05:39:00 PM,UNABLE TO DETERMINE,NOT APPLICABLE,4700,S,OAKLEY AVE,931.0,,,,,,,2,NO INDICATION OF INJURY,0.0,0.0,0.0,0.0,0.0,2.0,0.0,17,2,5,41.8083853193,-87.6821323099,POINT (-87.68213230986 41.808385319326)
019dbdb55c56a7089ee6322c50a23fb133a277e425e84579d536233e29914115d88bdf86cfc33286776d3b106c4a847b63f4b5db550214c19c4797a6aab44104,,02/09/2016 06:40:00 AM,0,TRAFFIC SIGNAL,FUNCTIONING PROPERLY,CLEAR,DAYLIGHT,ANGLE,ONE-WAY,3,STRAIGHT AND LEVEL,WET,NO DEFECTS,NOT ON SCENE (DESK REPORT),NO INJURY / DRIVE AWAY,Y,,,"OVER $1,500",02/09/2016 07:13:00 AM,DISREGARDING OTHER TRAFFIC SIGNS,NOT APPLICABLE,101,E,OHIO ST,1834.0,,,,,,,2,NO INDICATION OF INJURY,0.0,0.0,0.0,0.0,0.0,4.0,0.0,6,3,2,41.8924186885,-87.6253254431,POINT (-87.625325443089 41.892418688527)
389392988d8f1e66e673610f26f9274363db0075521eb17e21eb243089effc1a2c81f4faf22cd0ee7042c98d9e9964400eb23c22c5e59eae22ae104bf5172a55,,09/12/2017 10:05:00 PM,30,STOP SIGN/FLASHER,NO CONTROLS,CLEAR,"DARKNESS, LIGHTED ROAD",PEDESTRIAN,DIVIDED - W/MEDIAN (NOT RAISED),2,STRAIGHT AND LEVEL,DRY,NO DEFECTS,ON SCENE,INJURY AND / OR TOW DUE TO CRASH,Y,,Y,"OVER $1,500",09/12/2017 10:08:00 PM,FAILING TO YIELD RIGHT-OF-WAY,IMPROPER TURNING/NO SIGNAL,7758,S,DR MARTIN LUTHER KING JR DR,623.0,,Y,,,,,2,NONINCAPACITATING INJURY,1.0,0.0,0.0,1.0,0.0,2.0,0.0,22,3,9,41.7530290001,-87.6151475642,POINT (-87.615147564235 41.753029000137)
9207a09341b1925b968664068749a52851b3eaa3d94f34d683a7fbe70ef9bfe717874a6a391de26aae0dbc8199d0ddd12a48a6ca334c6ef86fbe787b07a711e4,,11/14/2015 04:30:00 PM,30,NO CONTROLS,NO CONTROLS,CLEAR,DAYLIGHT,REAR END,DIVIDED - W/MEDIAN (NOT RAISED),2,STRAIGHT AND LEVEL,DRY,NO DEFECTS,NOT ON SCENE (DESK REPORT),NO INJURY / DRIVE AWAY,,,,"$501 - $1,500",11/14/2015 04:45:00 PM,FOLLOWING TOO CLOSELY,FOLLOWING TOO CLOSELY,5239,N,CENTRAL AVE,1623.0,,,,,,,2,NO INDICATION OF INJURY,0.0,0.0,0.0,0.0,0.0,2.0,0.0,16,7,11,41.976534052,-87.768327467,POINT (-87.768327467035 41.976534051981)
6252758aca4e3e4ed4d78586216a8a56d99305f01e5d45b0c102f9626fcb8a439d58070a2960bd45fdd724ce47f95ba488e2d5c78b2b7661f46c7269ed71e119,,03/11/2024 08:05:00 AM,30,NO CONTROLS,NO CONTROLS,CLEAR,DAYLIGHT,TURNING,DIVIDED - W/MEDIAN (NOT RAISED),,STRAIGHT AND LEVEL,DRY,NO DEFECTS,ON SCENE,NO INJURY / DRIVE AWAY,,,Y,"$501 - $1,500",03/11/2024 08:11:00 AM,IMPROPER TURNING/NO SIGNAL,NOT APPLICABLE,8331,S,RACINE AVE,613.0,,,,,,,2,NO INDICATION OF INJURY,0.0,0.0,0.0,0.0,0.0,2.0,0.0,8,2,3,41.7422797116,-87.6533725052,POINT (-87.653372505169 41.742279711622)
169cf17e6e4a483e24de03475b0809ff3f6818f4a049b70de88b0930bb918b0bb441e38ebf99ea1749a982d936c3568c1424573ca8a020e446578cfb65a7aba9,,10/27/2017 07:20:00 PM,30,NO CONTROLS,NO CONTROLS,CLEAR,DUSK,TURNING,NOT DIVIDED,,STRAIGHT AND LEVEL,DRY,NO DEFECTS,NOT ON SCENE (DESK REPORT),NO INJURY / DRIVE AWAY,,,,"OVER $1,500",10/27/2017 07:40:00 PM,UNABLE TO DETERMINE,UNABLE TO DETERMINE,5956,N,KIMBALL AVE,1711.0,,,,,,,2,NO INDICATION OF INJURY,0.0,0.0,0.0,0.0,0.0,2.0,0.0,19,6,10,41.9901686175,-87.7141259992,POINT (-87.714125999188 41.990168617462)
4bbe90ed6de37a91701b12dfdca0268824cf7b9b522716ae185e19466bb107d489396144ec6045152f54f9bd2c39bab0915482193fa05b23263b175edd1d6f6a,,12/22/2017 05:30:00 AM,30,NO CONTROLS,NO CONTROLS,CLEAR,"DARKNESS, LIGHTED ROAD",TURNING,NOT DIVIDED,,STRAIGHT AND LEVEL,DRY,NO DEFECTS,NOT ON SCENE (DESK REPORT),NO INJURY / DRIVE AWAY,Y,,,"$501 - $1,500",12/22/2017 05:50:00 AM,UNABLE TO DETERMINE,UNABLE TO DETERMINE,1932,W,PERSHING RD,912.0,,,,,,,2,NO INDICATION OF INJURY,0.0,0.0,0.0,0.0,0.0,2.0,0.0,5,6,12,41.8233675895,-87.6739335934,POINT (-87.673933593363 41.823367589477)
fc39f080fe0f9fcc6a2793754005690f7c5484a7bd3e7b9f2024af776b99fd90d4fd7640e2e7c89be37b8e7d5b464becd9abcde07355e2037c7eadbdc22f203e,,04/21/2024 05:55:00 PM,30,NO CONTROLS,NO CONTROLS,CLEAR,DAYLIGHT,SIDESWIPE SAME DIRECTION,NOT DIVIDED,,STRAIGHT AND LEVEL,DRY,UNKNOWN,ON SCENE,NO INJURY / DRIVE AWAY,N,,Y,"OVER $1,500",04/21/2024 06:27:00 PM,FAILING TO REDUCE SPEED TO AVOID CRASH,NOT APPLICABLE,655,E,35TH ST,212.0,,,,,,,2,NO INDICATION OF INJURY,0.0,0.0,0.0,0.0,0.0,2.0,0.0,17,1,4,41.8310969649,-87.6085472568,POINT (-87.608547256797 41.831096964868)
3a66ea573cfdaca37fd7031c1ceab57b7e63ee1b337d0b10057067139fed40f24a3796ce5d0e151c9ddc8079aac9fb92762c0220368ae929cc58e75572083c00,Y,11/23/2016 08:45:00 AM,0,TRAFFIC SIGNAL,FUNCTIONING PROPERLY,CLEAR,DAYLIGHT,SIDESWIPE SAME DIRECTION,DIVIDED - W/MEDIAN BARRIER,6,STRAIGHT AND LEVEL,WET,NO DEFECTS,NOT ON SCENE (DESK REPORT),NO INJURY / DRIVE AWAY,,,Y,"OVER $1,500",11/23/2016 10:34:00 AM,UNABLE TO DETERMINE,UNABLE TO DETERMINE,533,N,MICHIGAN AVE,1834.0,,,,,,,2,NO INDICATION OF INJURY,0.0,0.0,0.0,0.0,0.0,2.0,0.0,8,4,11,41.8918350824,-87.6240155683,POINT (-87.624015568293 41.891835082446)
df8cf61876f3790a7bd8e13e71df6f2e3a8b59977ee6547ea0cd6bb1907b8be7d9b54f64704a25ba911cc4056d90a8cb4ded2a771cdd8abe83fc24d748cc4dee,,12/28/2018 03:30:00 PM,30,TRAFFIC SIGNAL,NO CONTROLS,RAIN,DAYLIGHT,SIDESWIPE SAME DIRECTION,ONE-WAY,3,STRAIGHT AND LEVEL,DRY,NO DEFECTS,ON SCENE,NO INJURY / DRIVE AWAY,Y,,,"OVER $1,500",12/28/2018 03:36:00 PM,IMPROPER OVERTAKING/PASSING,NOT APPLICABLE,500,N,LOWER MICHIGAN AVE,1834.0,,,,,,,2,NO INDICATION OF INJURY,0.0,0.0,0.0,0.0,0.0,5.0,0.0,15,6,12,41.8909697801,-87.6243076418,POINT (-87.624307641776 41.890969780111)
453cd5127c81d6dccad25b750f161cce62d4010215a35f96f91df52b441b16b0711cab26593a8196a3a76a50067786740d6dba7e6ddc4eed87edd9b4fce08cf9,Y,05/17/2021 06:00:00 PM,30,STOP SIGN/FLASHER,FUNCTIONING PROPERLY,CLEAR,DAYLIGHT,SIDESWIPE OPPOSITE DIRECTION,DIVIDED - W/MEDIAN (NOT RAISED),,STRAIGHT AND LEVEL,DRY,NO DEFECTS,NOT ON SCENE (DESK REPORT),NO INJURY / DRIVE AWAY,,,N,"OVER $1,500",05/17/2021 10:30:00 PM,UNABLE TO DETERMINE,UNABLE TO DETERMINE,4400,W,FIFTH AVE,1131.0,,,,,,,2,NO INDICATION OF INJURY,0.0,0.0,0.0,0.0,0.0,2.0,0.0,18,2,5,41.8703863281,-87.7352285759,POINT (-87.73522857587 41.870386328135)