CRASH_RECORD_ID,CRASH_DATE_EST_I,CRASH_DATE,POSTED_SPEED_LIMIT,TRAFFIC_CONTROL_DEVICE,DEVICE_CONDITION,WEATHER_CONDITION,LIGHTING_CONDITION,FIRST_CRASH_TYPE,TRAFFICWAY_TYPE,LANE_CNT,ALIGNMENT,ROADWAY_SURFACE_COND,ROAD_DEFECT,REPORT_TYPE,CRASH_TYPE,INTERSECTION_RELATED_I,NOT_RIGHT_OF_WAY_I,HIT_AND_RUN_I,DAMAGE,DATE_POLICE_NOTIFIED,PRIM_CONTRIBUTORY_CAUSE,SEC_CONTRIBUTORY_CAUSE,STREET_NO,STREET_DIRECTION,STREET_NAME,BEAT_OF_OCCURRENCE,PHOTOS_TAKEN_I,STATEMENTS_TAKEN_I,DOORING_I,WORK_ZONE_I,WORK_ZONE_TYPE,WORKERS_PRESENT_I,NUM_UNITS,MOST_SEVERE_INJURY,INJURIES_TOTAL,INJURIES_FATAL,INJURIES_INCAPACITATING,INJURIES_NON_INCAPACITATING,INJURIES_REPORTED_NOT_EVIDENT,INJURIES_NO_INDICATION,INJURIES_UNKNOWN,CRASH_HOUR,CRASH_DAY_OF_WEEK,CRASH_MONTH,LATITUDE,LONGITUDE,LOCATION
aabefdefd04978e44f109d09964f273b7c9872398b547e57aa392d1e7260cf90563d63f2c969107d664230044a29f1772a3af5b01d849799683f8d9ef149c81f,,03/24/2019 03:00:00 PM,35,NO CONTROLS,NO CONTROLS,CLEAR,DAYLIGHT,REAR END,NOT DIVIDED,2,STRAIGHT AND LEVEL,DRY,NO DEFECTS,NOT ON SCENE (DESK REPORT),INJURY AND / OR TOW DUE TO CRASH,,,,"$501 - $1,500",03/24/2019 03:35:00 PM,UNABLE TO DETERMINE,UNABLE TO DETERMINE,10036,S,WESTERN AVE,2211.0,,,,,,,2,INCAPACITATING INJURY,1.0,0.0,1.0,0.0,0.0,2.0,0.0,15,1,3,41.7107767875,-87.6818994844,POINT (-87.681899484365 41.710776787527)
09289a95020d6541344e5140aa16c40623f6a2ba0e606fd35dae2c4f7441c8aac959a4ee07835651da146b8ddf1f2cd1108d4352da880d9d0acc26b4adaeaeec,,12/27/2018 12:45:00 PM,30,NO CONTROLS,NO CONTROLS,RAIN,DAYLIGHT,REAR END,NOT DIVIDED,,STRAIGHT AND LEVEL,WET,NO DEFECTS,ON SCENE,NO INJURY / DRIVE AWAY,,,,"OVER $1,500",12/27/2018 12:50:00 PM,WEATHER,WEATHER,6134,W,GRAND AVE,2512.0,,,,,,,3,NO INDICATION OF INJURY,0.0,0.0,0.0,0.0,0.0,3.0,0.0,12,5,12,41.9213794228,-87.7794558626,POINT (-87.779455862596 41.921379422833)
584c537f806db6930326b3f68a9f259d4132b5d6103452a3d6f7b919c018e24399025cf08375335df397b1d9c1420098e939011dec23848e0f6099ccd3b213c3,,12/26/2017 09:50:00 AM,30,NO CONTROLS,NO CONTROLS,CLEAR,DAYLIGHT,SIDESWIPE SAME DIRECTION,ONE-WAY,4,STRAIGHT AND LEVEL,DRY,NO DEFECTS,NOT ON SCENE (DESK REPORT),NO INJURY / DRIVE AWAY,,,,"$501 - $1,500",12/27/2017 07:30:00 AM,NOT APPLICABLE,NOT APPLICABLE,150,W,ONTARIO ST,1832.0,,,,,,,2,NO INDICATION OF INJURY,0.0,0.0,0.0,0.0,0.0,2.0,0.0,9,3,12,41.8933102867,-87.6331554413,POINT (-87.633155441256 41.893310286749)
5f7989d109eb2a4bc3e3036330c432048d66fc4cee3596a33a739e9eb9c2664c56358c6ef77205b4072098221e968f9f3a670561757ed9f45659ba66fe1c7136,,05/09/2018 04:30:00 PM,30,NO CONTROLS,NO CONTROLS,CLEAR,DAYLIGHT,REAR END,OTHER,1,STRAIGHT AND LEVEL,WET,UNKNOWN,NOT ON SCENE (DESK REPORT),NO INJURY / DRIVE AWAY,,Y,,"$501 - $1,500",05/09/2018 04:50:00 PM,UNABLE TO DETERMINE,UNABLE TO DETERMINE,2146,S,ROCKWELL ST,1023.0,,,,,,,2,NO INDICATION OF INJURY,0.0,0.0,0.0,0.0,0.0,2.0,0.0,16,4,5,41.8523534834,-87.6907014293,POINT (-87.690701429284 41.85235348338)
73e22bfa53541f73abf3c99efe5635e3d37c82fdac516c72a2dadd2a713423790fa254c310353e6d44c3c500d064e3e67a91f495fa43c6c9ba3e8b36897adee2,,03/08/2023 05:27:00 PM,30,TRAFFIC SIGNAL,FUNCTIONING PROPERLY,CLEAR,"DARKNESS, LIGHTED ROAD",TURNING,CENTER TURN LANE,,STRAIGHT AND LEVEL,DRY,NO DEFECTS,ON SCENE,NO INJURY / DRIVE AWAY,,,Y,"OVER $1,500",03/08/2023 06:30:00 PM,UNABLE TO DETERMINE,UNABLE TO DETERMINE,5100,S,WESTERN AVE,923.0,,,,,,,2,NO INDICATION OF INJURY,0.0,0.0,0.0,0.0,0.0,4.0,0.0,17,4,3,41.8010528356,-87.6843676488,POINT (-87.684367648824 41.801052835623)
392e633b302bb4e6d79ea376e8d106dfedc6d4cca6aa99d5f6eb93a5ab84bb0a5ff976417bbdbd8176f526e0cb4f4c77be88a708d129f44c7496bfb4abe871b8,,09/30/2021 06:30:00 PM,30,NO CONTROLS,NO CONTROLS,CLEAR,DAYLIGHT,REAR END,DIVIDED - W/MEDIAN (NOT RAISED),,STRAIGHT AND LEVEL,DRY,NO DEFECTS,NOT ON SCENE (DESK REPORT),INJURY AND / OR TOW DUE TO CRASH,,,,"OVER $1,500",10/01/2021 02:15:00 PM,UNABLE TO DETERMINE,UNABLE TO DETERMINE,3947,W,IRVING PARK RD,1732.0,,,,,,,2,"REPORTED, NOT EVIDENT",3.0,0.0,0.0,0.0,3.0,1.0,0.0,18,5,9,41.9535475161,-87.7269663819,POINT (-87.726966381936 41.953547516075)
c63d80ff295cc16beca18dc06fce896b1b64a3ec45b80b2787da54305e9dc300672ecdc280964287b6aa0ba1e405a15a0a5d3d291684db8b72550c56404688bd,,07/27/2017 12:30:00 PM,30,NO CONTROLS,NO CONTROLS,CLEAR,DAYLIGHT,ANGLE,NOT DIVIDED,2,STRAIGHT AND LEVEL,DRY,NO DEFECTS,NOT ON SCENE (DESK REPORT),NO INJURY / DRIVE AWAY,,,,"$501 - $1,500",07/27/2017 01:15:00 PM,FAILING TO YIELD RIGHT-OF-WAY,IMPROPER BACKING,5157,W,BLOOMINGDALE AVE,2533.0,,,,,,,2,NO INDICATION OF INJURY,0.0,0.0,0.0,0.0,0.0,3.0,0.0,12,5,7,41.913057882,-87.7549830002,POINT (-87.754983000156 41.913057881964)
75a399f74c56534110ed3200a106884b2b2288cd5aef46243aaa3fb0c30c720189b7ea8149bd18514ffe7bcaa947f640e6f4d43da2a665bbe80ba72ab952b360,,09/11/2018 05:00:00 PM,35,STOP SIGN/FLASHER,OTHER,CLEAR,"DARKNESS, LIGHTED ROAD",ANGLE,ONE-WAY,1,STRAIGHT AND LEVEL,DRY,UNKNOWN,NOT ON SCENE (DESK REPORT),NO INJURY / DRIVE AWAY,Y,,,$500 OR LESS,09/12/2018 09:02:00 AM,IMPROPER TURNING/NO SIGNAL,DISREGARDING STOP SIGN,700,W,WAVELAND AVE,1925.0,,,,,,,2,NO INDICATION OF INJURY,0.0,0.0,0.0,0.0,0.0,2.0,0.0,17,3,9,41.9498133483,-87.6467986997,POINT (-87.646798699688 41.949813348259)
a2248bfe0a5283fc239659abfa0a65ac0b915b28b6758d6e4cb6f9a08a669e0f0d89fe7d0ab05b3038a424ebba72f8ad29dad1eaa0aaf9f43d70b47a5955e22f,,09/04/2025 03:00:00 PM,30,TRAFFIC SIGNAL,FUNCTIONING PROPERLY,CLEAR,DAYLIGHT,TURNING,NOT DIVIDED,,STRAIGHT AND LEVEL,DRY,NO DEFECTS,NOT ON SCENE (DESK REPORT),NO INJURY / DRIVE AWAY,Y,,,"OVER $1,500",09/04/2025 05:20:00 PM,FAILING TO YIELD RIGHT-OF-WAY,NOT APPLICABLE,6401,N,RIDGE BLVD,2432.0,,,,,,,2,NO INDICATION OF INJURY,0.0,0.0,0.0,0.0,0.0,2.0,0.0,15,5,9,41.9980889165,-87.6767403683,POINT (-87.676740368289 41.998088916541)
f6645b28c244b27ced158238684155ae9f7a912256b50bce158114f285c660cabbc656d19daffcac398091c24ceea69eb9272ca2e7ac833e78a172470d7f964e,Y,06/16/2021 11:50:00 AM,10,NO CONTROLS,NO CONTROLS,CLEAR,DAYLIGHT,PARKED MOTOR VEHICLE,PARKING LOT,,STRAIGHT AND LEVEL,DRY,NO DEFECTS,NOT ON SCENE (DESK REPORT),NO INJURY / DRIVE AWAY,,,,"OVER $1,500",06/16/2021 01:45:00 PM,IMPROPER BACKING,IMPROPER BACKING,2828,N,PULASKI RD,2523.0,,,,,,,2,NO INDICATION OF INJURY,0.0,0.0,0.0,0.0,0.0,1.0,0.0,11,4,6,41.932604222,-87.727148226,POINT (-87.727148226037 41.932604221966)
47ac1000a329def3d5887fd512c5a57481d944a61c28794b4ee318e9d3fb951305527228e17cfa0ae9125a63028ddbe98d86b75fba5df8d9184aaa4924964a61,,01/27/2018 07:35:00 AM,30,STOP SIGN/FLASHER,FUNCTIONING IMPROPERLY,CLEAR,DAYLIGHT,TURNING,NOT DIVIDED,1,STRAIGHT AND LEVEL,DRY,NO DEFECTS,ON SCENE,NO INJURY / DRIVE AWAY,,,Y,"$501 - $1,500",01/27/2018 07:40:00 AM,UNABLE TO DETERMINE,NOT APPLICABLE,5300,S,DR MARTIN LUTHER KING JR DR,231.0,,,,,,,2,NO INDICATION OF INJURY,0.0,0.0,0.0,0.0,0.0,2.0,0.0,7,7,1,41.79837223,-87.6162181434,POINT (-87.616218143428 41.798372229972)
572fedaa6a1f579543bbb46c5d9970cb988b2b94dad011842c068d6b93937e1af26718938ff0f2dac6f3b803d36805c69c532514d588b8f217a0284531ed9457,,05/02/2018 08:12:00 PM,30,TRAFFIC SIGNAL,FUNCTIONING PROPERLY,RAIN,DARKNESS,SIDESWIPE SAME DIRECTION,ONE-WAY,2,STRAIGHT AND LEVEL,WET,NO DEFECTS,NOT ON SCENE (DESK REPORT),NO INJURY / DRIVE AWAY,Y,,Y,"$501 - $1,500",05/03/2018 01:10:00 PM,UNABLE TO DETERMINE,UNABLE TO DETERMINE,52,W,ILLINOIS ST,1831.0,,,,,,,2,NO INDICATION OF INJURY,0.0,0.0,0.0,0.0,0.0,2.0,0.0,20,4,5,41.8909355296,-87.6299710892,POINT (-87.629971089181 41.890935529568)
43d8d65cf61803ae66c6a5b34f1a831459456b6ba80f0bacabdba0ad394481edacf1cb1b54eb3d8487a865eda82753ad404f9fbd39a00a652f46344d4771a8db,,03/31/2016 12:45:00 PM,30,TRAFFIC SIGNAL,FUNCTIONING PROPERLY,CLEAR,DAYLIGHT,REAR END,DIVIDED - W/MEDIAN BARRIER,4,STRAIGHT AND LEVEL,DRY,NO DEFECTS,NOT ON SCENE (DESK REPORT),NO INJURY / DRIVE AWAY,,,,"$501 - $1,500",03/31/2016 01:37:00 PM,FAILING TO REDUCE SPEED TO AVOID CRASH,FOLLOWING TOO CLOSELY,41,W,LOWER WACKER DR,111.0,,,,,,,2,NO INDICATION OF INJURY,0.0,0.0,0.0,0.0,0.0,2.0,0.0,12,5,3,41.8866808326,-87.6295658911,POINT (-87.629565891076 41.88668083263)
7b52efe9938bc5c4548eeb64098d95b6ff4a668484e021deabfde5bd301a12274ae611f6fe845239cb9fc38c1e0333f2269fc964a5847648bf72472022d4582a,,12/12/2023 04:28:00 PM,30,TRAFFIC SIGNAL,FUNCTIONING PROPERLY,CLEAR,DUSK,SIDESWIPE SAME DIRECTION,FOUR WAY,,STRAIGHT AND LEVEL,DRY,NO DEFECTS,ON SCENE,NO INJURY / DRIVE AWAY,Y,,,$500 OR LESS,12/12/2023 04:33:00 PM,IMPROPER OVERTAKING/PASSING,NOT APPLICABLE,150,N,MICHIGAN AVE,111.0,,,,,,,2,NO INDICATION OF INJURY,0.0,0.0,0.0,0.0,0.0,2.0,0.0,16,3,12,41.8845309638,-87.6246020446,POINT (-87.624602044601 41.884530963783)
b596a741d60463fda35694bc36a0e3dafe52d7f3c7c22daf4aa7cf252503e881d4f62551a8da65db9730364f3206d41d2c337af09f2fbc2e68f4a98ecfdce148,,11/30/2019 02:32:00 PM,30,NO CONTROLS,NO CONTROLS,RAIN,DAYLIGHT,REAR END,NOT DIVIDED,,STRAIGHT AND LEVEL,WET,UNKNOWN,ON SCENE,INJURY AND / OR TOW DUE TO CRASH,,,,"OVER $1,500",11/30/2019 03:07:00 PM,UNABLE TO DETERMINE,UNABLE TO DETERMINE,3738,W,COLUMBUS AVE,834.0,,,,,,,3,NO INDICATION OF INJURY,0.0,0.0,0.0,0.0,0.0,3.0,0.0,14,7,11,41.7405717035,-87.715342973,POINT (-87.71534297295 41.740571703538)
c4977fd6e4ff0c4d2bfaf5d7bea520f7dc073e82a61073f8b37f0a06771ddc10a29e8ff0266ac6be19b2659230c8b16c17c46a6544ab8a6bf8c00f93549f790c,,08/14/2019 11:40:00 AM,35,TRAFFIC SIGNAL,FUNCTIONING PROPERLY,CLEAR,DAYLIGHT,REAR END,DIVIDED - W/MEDIAN (NOT RAISED),,STRAIGHT AND LEVEL,DRY,NO DEFECTS,NOT ON SCENE (DESK REPORT),NO INJURY / DRIVE AWAY,Y,,,"OVER $1,500",08/14/2019 12:30:00 PM,FAILING TO REDUCE SPEED TO AVOID CRASH,NOT APPLICABLE,1600,N,CLYBOURN AVE,1813.0,,,,,,,2,NO INDICATION OF INJURY,0.0,0.0,0.0,0.0,0.0,2.0,0.0,11,4,8,41.9108656861,-87.649664933,POINT (-87.649664933008 41.910865686084)
86196ade8a66916cfc96567df5637d1c6df213a780d9f37f41720031c34db04bc7e087a7bb536ca395d3df0b3349d65d612898b9ff4290bd2309cd6acaafac89,,10/11/2016 03:37:00 PM,35,NO CONTROLS,NO CONTROLS,CLEAR,DAYLIGHT,PEDESTRIAN,PARKING LOT,1,STRAIGHT ON GRADE,DRY,NO DEFECTS,ON SCENE,INJURY AND / OR TOW DUE TO CRASH,,Y,Y,"OVER $1,500",10/11/2016 03:41:00 PM,UNABLE TO DETERMINE,UNABLE TO DETERMINE,7455,S,DR MARTIN LUTHER KING JR DR,323.0,,,,,,,2,NONINCAPACITATING INJURY,1.0,0.0,0.0,1.0,0.0,1.0,0.0,15,3,10,41.7586152347,-87.6149784127,POINT (-87.614978412716 41.758615234729)
6d0d736daa29b008ca553d016a6dfe1716787ed21461e7568205b0550fba6604719c066d61b2eb7847757941f609ae7781c6a3e752a06f64153d4d4e8ee36ae4,,05/17/2025 03:00:00 PM,30,UNKNOWN,UNKNOWN,CLEAR,DAYLIGHT,PEDALCYCLIST,NOT DIVIDED,,STRAIGHT AND LEVEL,DRY,NO DEFECTS,NOT ON SCENE (DESK REPORT),INJURY AND / OR TOW DUE TO CRASH,,,,$500 OR LESS,05/17/2025 05:34:00 PM,UNABLE TO DETERMINE,UNABLE TO DETERMINE,800,N,WELLS ST,1823.0,,,,,,,2,"REPORTED, NOT EVIDENT",1.0,0.0,0.0,0.0,1.0,1.0,0.0,15,7,5,41.896633749,-87.6343513372,POINT (-87.634351337228 41.896633749002)
a700337a1a81948ecedc8265cf5f31c301e3e1a2b54055e09b5b406aac9304b32a37145c8606e466ab3e5f6b0f0fa8389303a4131aa680bd06f982ff9735db6c,,11/26/2024 11:35:00 AM,25,TRAFFIC SIGNAL,FUNCTIONING PROPERLY,CLEAR,DAYLIGHT,OTHER OBJECT,NOT DIVIDED,,"CURVE, LEVEL",DRY,NO DEFECTS,ON SCENE,INJURY AND / OR TOW DUE TO CRASH,,,,$500 OR LESS,11/26/2024 11:43:00 AM,IMPROPER TURNING/NO SIGNAL,FAILING TO YIELD RIGHT-OF-WAY,2600,N,CLARK ST,1935.0,,,,,,,2,NONINCAPACITATING INJURY,1.0,0.0,0.0,1.0,0.0,2.0,0.0,11,3,11,41.9296005837,-87.6430512122,POINT (-87.643051212209 41.92960058367)
e1d11c7eb487295047e9b01f4d9b4b612b4da74440b3a5c67822f4c9ece5621f5fd3e937484ae32d6c2d0614ae74953e336b09a9f489fb73ddb840ce2b745f7a,,04/28/2024 09:30:00 AM,30,NO CONTROLS,NO CONTROLS,CLEAR,DAYLIGHT,SIDESWIPE SAME DIRECTION,NOT DIVIDED,,STRAIGHT AND LEVEL,DRY,NO DEFECTS,ON SCENE,NO INJURY / DRIVE AWAY,,,,"OVER $1,500",04/28/2024 09:48:00 AM,UNABLE TO DETERMINE,NOT APPLICABLE,943,W,HOLLYWOOD AVE,2022.0,,,,,,,2,NO INDICATION OF INJURY,0.0,0.0,0.0,0.0,0.0,2.0,0.0,9,1,4,41.9854506099,-87.6551344051,POINT (-87.655134405071 41.985450609912)
e8fd1fca07cc5f0c1260cf9e4a74406350355c597d339ce575c61abf1c6de028d38175d41e037a9aa544527d6a22bc8b24197e3068948eb453bf2e50afc61329,,03/09/2021 10:31:00 PM,20,STOP SIGN/FLASHER,FUNCTIONING PROPERLY,CLEAR,"DARKNESS, LIGHTED ROAD",FIXED OBJECT,ONE-WAY,,STRAIGHT AND LEVEL,DRY,NO DEFECTS,ON SCENE,INJURY AND / OR TOW DUE TO CRASH,Y,,,"OVER $1,500",03/09/2021 10:31:00 PM,PHYSICAL CONDITION OF DRIVER,DRIVING SKILLS/KNOWLEDGE/EXPERIENCE,5900,W,WELLINGTON AVE,2514.0,,,,,,,1,NONINCAPACITATING INJURY,1.0,0.0,0.0,1.0,0.0,0.0,0.0,22,3,3,41.9349370034,-87.7737241673,POINT (-87.773724167339 41.934937003423)
5baab9e09dfeb691e0f3e08c44f15cdeda88c53a7d869d995c258b817ca5201e199992b087a45e54cbe03978682f157acd3c8384e39346c37140e73345b6b58e,,01/23/2021 02:34:00 AM,15,NO CONTROLS,NO CONTROLS,CLEAR,DARKNESS,PARKED MOTOR VEHICLE,PARKING LOT,,STRAIGHT AND LEVEL,"SAND, MUD, DIRT",NO DEFECTS,ON SCENE,NO INJURY / DRIVE AWAY,,,,$500 OR LESS,01/23/2021 02:34:00 AM,UNABLE TO DETERMINE,UNABLE TO DETERMINE,3228,S,PULASKI RD,1031.0,,,,,,,2,NO INDICATION OF INJURY,0.0,0.0,0.0,0.0,0.0,5.0,0.0,2,7,1,41.8342001298,-87.7244410476,POINT (-87.72444104765 41.834200129811)
b83319ae9f1f9cdb48180f3e4df4a30e56b2726083351cb9ffc8ab4ec6bf4611a04026959866f71328edcbee630954e0298f072632fe1a0ddfaaa5733d446c04,,01/17/2021 12:50:00 PM,30,TRAFFIC SIGNAL,UNKNOWN,SNOW,DAYLIGHT,REAR END,DIVIDED - W/MEDIAN (NOT RAISED),,STRAIGHT AND LEVEL,WET,NO DEFECTS,NOT ON SCENE (DESK REPORT),NO INJURY / DRIVE AWAY,Y,,,"OVER $1,500",01/17/2021 01:45:00 PM,FOLLOWING TOO CLOSELY,DISTRACTION - FROM OUTSIDE VEHICLE,3203,W,IRVING PARK RD,1733.0,,,,,,,2,NO INDICATION OF INJURY,0.0,0.0,0.0,0.0,0.0,2.0,0.0,12,1,1,41.9538089732,-87.7081534672,POINT (-87.708153467159 41.953808973235)
d70e4d9abd29370adea948a13b246419844847439d2124c1fdbe21bc912a3ff96a832ff4bd645f46cc32336efae0bbf253d022ea85849711f2e6064b9a6bcbd9,,12/01/2016 05:25:00 AM,25,TRAFFIC SIGNAL,FUNCTIONING PROPERLY,CLEAR,"DARKNESS, LIGHTED ROAD",TURNING,ONE-WAY,,STRAIGHT AND LEVEL,DRY,NO DEFECTS,NOT ON SCENE (DESK REPORT),NO INJURY / DRIVE AWAY,,,,$500 OR LESS,12/01/2016 06:00:00 AM,IMPROPER LANE USAGE,IMPROPER OVERTAKING/PASSING,501,S,FINANCIAL PL,123.0,,,,,,,2,NO INDICATION OF INJURY,0.0,0.0,0.0,0.0,0.0,2.0,0.0,5,5,12,41.875536766,-87.6329327258,POINT (-87.632932725841 41.875536765989)
a071726f43124d88915b70ae974fa27daf1105ffb8400cab2b18a43419ab0567d1ae1cf19103cb9b22366a138cdb91966c92f701a18368136d9234a740a67719,,10/07/2016 09:30:00 PM,30,UNKNOWN,UNKNOWN,CLEAR,DARKNESS,TURNING,NOT DIVIDED,4,STRAIGHT AND LEVEL,DRY,UNKNOWN,NOT ON SCENE (DESK REPORT),NO INJURY / DRIVE AWAY,,,,"$501 - $1,500",10/08/2016 11:15:00 AM,UNABLE TO DETERMINE,UNABLE TO DETERMINE,6300,S,CICERO AVE,813.0,,,,,,,2,NO INDICATION OF INJURY,0.0,0.0,0.0,0.0,0.0,2.0,0.0,21,6,10,41.7783353905,-87.7424364942,POINT (-87.74243649416 41.778335390453)
14865f6a19baa60c8fda8fee3b4f3cdfdabd125d79b3cbb5f812a2e55605d9acb2cfe56a05a770b0a6644263267cd1241a05f4d7d0503945db46a33b48892153,,11/09/2015 04:00:00 PM,15,NO CONTROLS,NO CONTROLS,CLEAR,DAYLIGHT,PARKED MOTOR VEHICLE,PARKING LOT,2,STRAIGHT AND LEVEL,DRY,NO DEFECTS,NOT ON SCENE (DESK REPORT),NO INJURY / DRIVE AWAY,,,,$500 OR LESS,11/09/2015 05:25:00 PM,UNABLE TO DETERMINE,NOT APPLICABLE,1839,E,95TH ST,431.0,,,,,,,2,NO INDICATION OF INJURY,0.0,0.0,0.0,0.0,0.0,3.0,0.0,16,2,11,41.7223173483,-87.5786867097,POINT (-87.578686709656 41.722317348251)
57b96691b3c786beaf13d310829d9d18002f5612d7f2d48ecc155bcb52b904bacb28d3c8e52ca48b4f5f05d348cb9f798201144c667840544294075648f02fa7,,05/18/2022 08:00:00 AM,30,STOP SIGN/FLASHER,NO CONTROLS,CLOUDY/OVERCAST,DAYLIGHT,SIDESWIPE SAME DIRECTION,ONE-WAY,,STRAIGHT AND LEVEL,DRY,NO DEFECTS,NOT ON SCENE (DESK REPORT),NO INJURY / DRIVE AWAY,,,,"OVER $1,500",05/18/2022 10:45:00 AM,UNABLE TO DETERMINE,UNABLE TO DETERMINE,799,W,80TH ST,621.0,,,,,,,2,NO INDICATION OF INJURY,0.0,0.0,0.0,0.0,0.0,2.0,0.0,8,4,5,41.7487111188,-87.6439233105,POINT (-87.643923310474 41.748711118775)
a7db51be42af51d737176b817e42c663d0adbd1a6051cbc876b46a8f857843145c6d6606142294874753a913a457cd0dbfeb8be53ba356d713cdc8ca29305c72,,01/15/2019 03:55:00 PM,30,NO CONTROLS,NO CONTROLS,CLEAR,DAYLIGHT,TURNING,DIVIDED - W/MEDIAN (NOT RAISED),4,STRAIGHT AND LEVEL,DRY,NO DEFECTS,ON SCENE,NO INJURY / DRIVE AWAY,,,,"OVER $1,500",01/15/2019 03:57:00 PM,DRIVING SKILLS/KNOWLEDGE/EXPERIENCE,UNABLE TO DETERMINE,2507,W,FULLERTON AVE,1431.0,,,,,,,2,NO INDICATION OF INJURY,0.0,0.0,0.0,0.0,0.0,2.0,0.0,15,3,1,41.9247654826,-87.690337531,POINT (-87.690337531017 41.924765482642)
ca77055bb2d4a7406199f5ed6b57d37409f57608ae2495683f51cb881406be14e98767427816d33c6a899244757b9fac204850bbb816ea6e685249a941ddcf6e,,01/04/2019 03:20:00 PM,25,NO CONTROLS,NO CONTROLS,CLEAR,DAYLIGHT,PARKED MOTOR VEHICLE,NOT DIVIDED,2,STRAIGHT AND LEVEL,DRY,NO DEFECTS,NOT ON SCENE (DESK REPORT),NO INJURY / DRIVE AWAY,,,,"OVER $1,500",01/04/2019 03:40:00 PM,FAILING TO YIELD RIGHT-OF-WAY,DRIVING SKILLS/KNOWLEDGE/EXPERIENCE,6258,S,HOMAN AVE,823.0,,,,,,,2,NO INDICATION OF INJURY,0.0,0.0,0.0,0.0,0.0,2.0,0.0,15,6,1,41.7789365827,-87.708135838,POINT (-87.708135837972 41.778936582729)
beb4aabe45a6e258021c3753bc3027965798f52827afcec6314b8757108ad97e69205b48bf689315904c41d8d088e79c6ae8bce4d29134d0bd2b81a444e1f531,N,11/17/2020 01:53:00 PM,30,TRAFFIC SIGNAL,FUNCTIONING PROPERLY,CLEAR,DAYLIGHT,PEDESTRIAN,DIVIDED - W/MEDIAN BARRIER,,STRAIGHT AND LEVEL,DRY,NO DEFECTS,NOT ON SCENE (DESK REPORT),INJURY AND / OR TOW DUE TO CRASH,Y,,Y,"OVER $1,500",11/17/2020 03:16:00 PM,FAILING TO YIELD RIGHT-OF-WAY,NOT APPLICABLE,4600,S,ASHLAND AVE,924.0,,,,,,,2,NONINCAPACITATING INJURY,1.0,0.0,0.0,1.0,0.0,1.0,0.0,13,3,11,41.8103461274,-87.6651655862,POINT (-87.665165586176 41.810346127362)
76b51ec5d1113e691f5963c7e5ad42c031bec87824f6987ec5ec2b97f54a67dad36c2d1bb5b23e67e74b701fd02c85e620baa08b5f634107eda7acaee97f09de,,12/06/2022 04:45:00 PM,30,TRAFFIC SIGNAL,FUNCTIONING PROPERLY,CLEAR,"DARKNESS, LIGHTED ROAD",FIXED OBJECT,NOT DIVIDED,,STRAIGHT AND LEVEL,DRY,NO DEFECTS,NOT ON SCENE (DESK REPORT),NO INJURY / DRIVE AWAY,,,,"OVER $1,500",12/07/2022 10:20:00 AM,DRIVING SKILLS/KNOWLEDGE/EXPERIENCE,DRIVING SKILLS/KNOWLEDGE/EXPERIENCE,5600,W,55TH ST,811.0,,,,,,,1,NO INDICATION OF INJURY,0.0,0.0,0.0,0.0,0.0,3.0,0.0,16,3,12,41.7928443135,-87.7623666786,POINT (-87.76236667864 41.792844313458)
021494c86a1a487d724837f7c5f2055a5ef28f3b9512d30e5b13d77bf086de0f6f42db9a72b050f1119e7ea9a600525775665f3c0dddfe366c38dfc8fc722bf9,Y,08/17/2019 12:00:00 PM,20,NO CONTROLS,NO CONTROLS,UNKNOWN,UNKNOWN,PARKED MOTOR VEHICLE,ONE-WAY,,STRAIGHT AND LEVEL,UNKNOWN,NO DEFECTS,NOT ON SCENE (DESK REPORT),NO INJURY / DRIVE AWAY,,,,"$501 - $1,500",08/24/2019 11:30:00 AM,UNABLE TO DETERMINE,UNABLE TO DETERMINE,7518,N,CLAREMONT AVE,2411.0,,,,,,,2,NO INDICATION OF INJURY,0.0,0.0,0.0,0.0,0.0,1.0,0.0,12,7,8,42.0180342303,-87.689115794,POINT (-87.689115793985 42.01803423031)
39c36f4f24dff97dfab1ff365e1fa0b2c319ce14184958725405240ec8234d11a7dfa53f165a3cfaad7f0113958f879cd0d321779ace396b29e4f2303c0f8024,,08/12/2022 07:20:00 PM,30,TRAFFIC SIGNAL,FUNCTIONING PROPERLY,CLEAR,"DARKNESS, LIGHTED ROAD",REAR END,FOUR WAY,,STRAIGHT AND LEVEL,DRY,NO DEFECTS,NOT ON SCENE (DESK REPORT),NO INJURY / DRIVE AWAY,,,,"$501 - $1,500",08/12/2022 08:00:00 PM,FOLLOWING TOO CLOSELY,NOT APPLICABLE,3158,N,KEDZIE AVE,1412.0,,,,,,,2,NO INDICATION OF INJURY,0.0,0.0,0.0,0.0,0.0,2.0,0.0,19,6,8,41.9391081712,-87.7078279058,POINT (-87.707827905818 41.939108171189)
8928b076ff08a719b4346523cef16bfb3a04a8e31c26d75f0ed7e5181f85bf9bbc214802be2407bbc40428aef40b4f9026484c2214dcf21d8b4e598197da03fa,,12/17/2016 11:51:00 PM,30,NO CONTROLS,NO CONTROLS,SNOW,"DARKNESS, LIGHTED ROAD",REAR END,DIVIDED - W/MEDIAN (NOT RAISED),4,STRAIGHT AND LEVEL,SNOW OR SLUSH,NO DEFECTS,ON SCENE,INJURY AND / OR TOW DUE TO CRASH,,,,"OVER $1,500",12/17/2016 11:54:00 PM,UNABLE TO DETERMINE,EXCEEDING SAFE SPEED FOR CONDITIONS,702,E,95TH ST,633.0,,,,,,,2,NONINCAPACITATING INJURY,1.0,0.0,0.0,1.0,0.0,2.0,0.0,23,7,12,41.7221282534,-87.6067023089,POINT (-87.606702308879 41.722128253446)