CRASH_RECORD_ID,CRASH_DATE_EST_I,CRASH_DATE,POSTED_SPEED_LIMIT,TRAFFIC_CONTROL_DEVICE,DEVICE_CONDITION,WEATHER_CONDITION,LIGHTING_CONDITION,FIRST_CRASH_TYPE,TRAFFICWAY_TYPE,LANE_CNT,ALIGNMENT,ROADWAY_SURFACE_COND,ROAD_DEFECT,REPORT_TYPE,CRASH_TYPE,INTERSECTION_RELATED_I,NOT_RIGHT_OF_WAY_I,HIT_AND_RUN_I,DAMAGE,DATE_POLICE_NOTIFIED,PRIM_CONTRIBUTORY_CAUSE,SEC_CONTRIBUTORY_CAUSE,STREET_NO,STREET_DIRECTION,STREET_NAME,BEAT_OF_OCCURRENCE,PHOTOS_TAKEN_I,STATEMENTS_TAKEN_I,DOORING_I,WORK_ZONE_I,WORK_ZONE_TYPE,WORKERS_PRESENT_I,NUM_UNITS,MOST_SEVERE_INJURY,INJURIES_TOTAL,INJURIES_FATAL,INJURIES_INCAPACITATING,INJURIES_NON_INCAPACITATING,INJURIES_REPORTED_NOT_EVIDENT,INJURIES_NO_INDICATION,INJURIES_UNKNOWN,CRASH_HOUR,CRASH_DAY_OF_WEEK,CRASH_MONTH,LATITUDE,LONGITUDE,LOCATION
0bf71a1d09695783db756594301ac9ffa84ebbee04c41c325a473b5768b4d4b74610285d3b4c023209a18b51fbc42c6107a86bf72b0a510b28a0855cb7bbd0d5,,10/17/2015 05:30:00 PM,30,TRAFFIC SIGNAL,FUNCTIONING PROPERLY,CLEAR,DAYLIGHT,TURNING,NOT DIVIDED,4,STRAIGHT AND LEVEL,DRY,NO DEFECTS,NOT ON SCENE (DESK REPORT),NO INJURY / DRIVE AWAY,Y,,,"OVER $1,500",10/17/2015 06:35:00 PM,IMPROPER LANE USAGE,UNABLE TO DETERMINE,400,W,FULLERTON PKWY,1935.0,,,,,,,2,NO INDICATION OF INJURY,0.0,0.0,0.0,0.0,0.0,3.0,0.0,17,7,10,41.9257199272,-87.639189329,POINT (-87.639189328978 41.925719927241)
1778ae973b70aa568f708844670491de50d81dee3f9ff38b9dc11777bdf4bb63175572be88742770f0ecfa0ff1ce262b95523e6ff193f6da0354dcb692ba1ae7,,11/17/2021 05:25:00 PM,30,NO CONTROLS,NO CONTROLS,CLEAR,"DARKNESS, LIGHTED ROAD",PARKED MOTOR VEHICLE,NOT DIVIDED,,STRAIGHT AND LEVEL,DRY,NO DEFECTS,ON SCENE,NO INJURY / DRIVE AWAY,,,Y,"OVER $1,500",11/17/2021 05:47:00 PM,UNABLE TO DETERMINE,NOT APPLICABLE,6004,W,BELMONT AVE,1633.0,,,,,,,2,NO INDICATION OF INJURY,0.0,0.0,0.0,0.0,0.0,1.0,0.0,17,4,11,41.9385542402,-87.7764895679,POINT (-87.776489567885 41.938554240212)
05baf1de839031e398660b266106c685aa779bdc4582bc17e0b1b3a2d30a872eee23ad753314aeb8ab3fe7ad73733a677b6e1fee5c8bd44095beb8607723f0ef,,11/09/2022 11:15:00 PM,30,NO CONTROLS,NO CONTROLS,CLEAR,"DARKNESS, LIGHTED ROAD",HEAD ON,CENTER TURN LANE,,STRAIGHT AND LEVEL,DRY,NO DEFECTS,ON SCENE,INJURY AND / OR TOW DUE TO CRASH,,,,"OVER $1,500",11/09/2022 11:24:00 PM,UNABLE TO DETERMINE,NOT APPLICABLE,1143,W,79TH ST,612.0,,,,,,,2,NONINCAPACITATING INJURY,2.0,0.0,0.0,2.0,0.0,1.0,0.0,23,4,11,41.7503969976,-87.6530035125,POINT (-87.653003512508 41.750396997595)
e33a86f1100ac64be068b90232676e6ea6eeed308428562d9b4a36995068ee19b43240a6afe4b0f2dd96874072b4365f32d1837ac33f971188204497683f757d,,01/23/2025 02:00:00 PM,30,UNKNOWN,UNKNOWN,UNKNOWN,DAYLIGHT,SIDESWIPE SAME DIRECTION,NOT DIVIDED,,STRAIGHT AND LEVEL,UNKNOWN,UNKNOWN,NOT ON SCENE (DESK REPORT),NO INJURY / DRIVE AWAY,,,,"OVER $1,500",01/23/2025 05:50:00 PM,UNABLE TO DETERMINE,UNABLE TO DETERMINE,660,W,LAKE ST,1214.0,,,,,,,2,NO INDICATION OF INJURY,0.0,0.0,0.0,0.0,0.0,2.0,0.0,14,5,1,41.8858060689,-87.6450875438,POINT (-87.645087543795 41.885806068868)
0d0fc22e296a5b8ea74d4bcc9f2a09636ba2c41fba10c518f7f27c1bb88098a156833de00667d4fb05ab5134607351def2b4cf6432915d9272533768bd3fe09a,,06/27/2023 03:45:00 PM,30,NO CONTROLS,NO CONTROLS,CLEAR,DAYLIGHT,REAR END,NOT DIVIDED,,STRAIGHT AND LEVEL,DRY,NO DEFECTS,NOT ON SCENE (DESK REPORT),NO INJURY / DRIVE AWAY,,,,"OVER $1,500",06/29/2023 10:05:00 AM,UNABLE TO DETERMINE,NOT APPLICABLE,4242,N,CICERO AVE,1624.0,,,,,,,2,NO INDICATION OF INJURY,0.0,0.0,0.0,0.0,0.0,2.0,0.0,15,3,6,41.9583198816,-87.7476044034,POINT (-87.74760440338 41.958319881586)
19d11dff5192d391b15428ded6a221be71309849bb1d0dd5feed591fdaea2fdd8d7583e09f4d32c798f102e4f727d6693e6e1e455ba1501b75fa778860f4e741,,01/09/2025 08:50:00 AM,20,TRAFFIC SIGNAL,FUNCTIONING PROPERLY,CLEAR,DAYLIGHT,PARKED MOTOR VEHICLE,DIVIDED - W/MEDIAN (NOT RAISED),,STRAIGHT AND LEVEL,DRY,UNKNOWN,ON SCENE,NO INJURY / DRIVE AWAY,N,,Y,"OVER $1,500",01/09/2025 12:35:00 PM,UNABLE TO DETERMINE,UNABLE TO DETERMINE,1619,W,AUGUSTA BLVD,1213.0,,,,,,,2,NO INDICATION OF INJURY,0.0,0.0,0.0,0.0,0.0,1.0,0.0,8,5,1,41.89958359,-87.6682038891,POINT (-87.668203889062 41.899583589976)
ca41229bc7e6cf8b6bf38c3c0a8d0303bcd07dc7b891aa05eb64ed96d3c00ced6a35201187d67fec94004cd61410fa43bdaedbea76a88eed6b4a65277160a2dd,,05/19/2025 02:45:00 PM,30,TRAFFIC SIGNAL,UNKNOWN,CLEAR,DAYLIGHT,TURNING,FOUR WAY,,STRAIGHT AND LEVEL,DRY,NO DEFECTS,ON SCENE,NO INJURY / DRIVE AWAY,Y,,Y,"OVER $1,500",05/19/2025 02:45:00 PM,IMPROPER OVERTAKING/PASSING,IMPROPER LANE USAGE,8301,S,KEDZIE AVE,835.0,,,,,,,2,NO INDICATION OF INJURY,0.0,0.0,0.0,0.0,0.0,2.0,0.0,14,2,5,41.7424748828,-87.7020512874,POINT (-87.702051287383 41.742474882797)
7df373083ed8b3c5596da9eca89da8c7d9187f45d191b204140762dfe897dfe6607865d2436cd768c245f7258c3e0ff3e4023308f5e827d6aab5cfaa6a0d4d73,,10/29/2025 02:08:00 PM,30,TRAFFIC SIGNAL,FUNCTIONING PROPERLY,CLEAR,DAYLIGHT,FIXED OBJECT,DIVIDED - W/MEDIAN BARRIER,,"CURVE, LEVEL",DRY,NO DEFECTS,NOT ON SCENE (DESK REPORT),NO INJURY / DRIVE AWAY,,,,"OVER $1,500",11/04/2025 09:00:00 AM,DRIVING SKILLS/KNOWLEDGE/EXPERIENCE,UNABLE TO DETERMINE,160,N,WACKER DR,122.0,,,,,,,1,NO INDICATION OF INJURY,0.0,0.0,0.0,0.0,0.0,1.0,0.0,14,4,10,41.8847695874,-87.6372079949,POINT (-87.637207994933 41.884769587374)
8ab4be2c0579741994666d4a914ddbda6acac3b73bdb9304c8f9f526fa3563e107c18799cc4ffd9a89d1ded3523b048bf016cbd778dfa8574631d378c9b5c31a,,08/17/2018 02:25:00 PM,30,TRAFFIC SIGNAL,FUNCTIONING PROPERLY,CLEAR,DAYLIGHT,TURNING,DIVIDED - W/MEDIAN (NOT RAISED),2,STRAIGHT AND LEVEL,DRY,UNKNOWN,ON SCENE,INJURY AND / OR TOW DUE TO CRASH,Y,,,"OVER $1,500",08/17/2018 02:32:00 PM,DISREGARDING TRAFFIC SIGNALS,DRIVING SKILLS/KNOWLEDGE/EXPERIENCE,715,W,26TH ST,914.0,,,,,,,2,"REPORTED, NOT EVIDENT",1.0,0.0,0.0,0.0,1.0,2.0,0.0,14,6,8,41.8452501778,-87.6439786168,POINT (-87.643978616807 41.845250177788)
0bf88a6646b47038c6cf96b4e466b5c7743107d0a8c380bc170cb6b512241b8a4b66b3dddbc4128281542dcd47458bbeb2ee989f92bb8fe95a43327db13d165c,,04/04/2022 06:05:00 PM,30,TRAFFIC SIGNAL,FUNCTIONING PROPERLY,CLEAR,DAYLIGHT,TURNING,NOT DIVIDED,,STRAIGHT AND LEVEL,DRY,NO DEFECTS,ON SCENE,INJURY AND / OR TOW DUE TO CRASH,Y,,Y,"OVER $1,500",04/04/2022 06:05:00 PM,FAILING TO YIELD RIGHT-OF-WAY,FAILING TO YIELD RIGHT-OF-WAY,4359,W,OGDEN AVE,1013.0,,Y,,,,,2,NONINCAPACITATING INJURY,1.0,0.0,0.0,1.0,0.0,1.0,0.0,18,2,4,41.8479737426,-87.7332003466,POINT (-87.73320034663 41.847973742641)
72e52e9ad8777b037a887500a721bfc6e7e6d5a19228e5212f47929f139efcdd5bb67238a98dac3010d5e486a67294a2c6a9707ff6ce1383e5c880f61f812f85,,09/20/2024 02:50:00 PM,25,NO CONTROLS,NO CONTROLS,CLEAR,DAYLIGHT,SIDESWIPE SAME DIRECTION,ONE-WAY,,STRAIGHT AND LEVEL,DRY,NO DEFECTS,NOT ON SCENE (DESK REPORT),NO INJURY / DRIVE AWAY,,,,"OVER $1,500",09/20/2024 09:00:00 PM,IMPROPER OVERTAKING/PASSING,UNABLE TO DETERMINE,821,W,99TH ST,2232.0,,,,,,,2,NO INDICATION OF INJURY,0.0,0.0,0.0,0.0,0.0,2.0,0.0,14,6,9,41.7140940995,-87.6439158068,POINT (-87.643915806787 41.714094099513)
6a5eeb173095ee1d9e3b5f51d88fe22ff8de4902ac95dcf77b2921959cd781cad8c1a4a9854a5ef35be2e9492765767f5a2a8843180d528157fe3ae6d7697b40,,10/13/2024 10:30:00 AM,30,NO CONTROLS,NO CONTROLS,CLEAR,DAYLIGHT,PARKED MOTOR VEHICLE,NOT DIVIDED,,STRAIGHT AND LEVEL,DRY,NO DEFECTS,ON SCENE,NO INJURY / DRIVE AWAY,,,,"$501 - $1,500",10/13/2024 11:19:00 AM,UNABLE TO DETERMINE,UNABLE TO DETERMINE,2221,W,ADAMS ST,1225.0,,,,,,,2,NO INDICATION OF INJURY,0.0,0.0,0.0,0.0,0.0,2.0,0.0,10,1,10,41.8785370629,-87.682364795,POINT (-87.682364795028 41.878537062894)
8f8ff8194f7b6ff9602cfb932f4953a4b2894a94e10abcd0229563b906f62bd2e70574cf5586caf3955ae5fa837165dcd96b1b770a2ed3fca1e1327713c48faf,,01/18/2018 05:30:00 PM,30,TRAFFIC SIGNAL,FUNCTIONING PROPERLY,SNOW,DARKNESS,SIDESWIPE SAME DIRECTION,NOT DIVIDED,2,STRAIGHT AND LEVEL,SNOW OR SLUSH,UNKNOWN,NOT ON SCENE (DESK REPORT),NO INJURY / DRIVE AWAY,,,,"OVER $1,500",01/18/2018 06:13:00 PM,IMPROPER OVERTAKING/PASSING,IMPROPER OVERTAKING/PASSING,3500,S,KEDZIE AVE,911.0,,,,,,,2,NO INDICATION OF INJURY,0.0,0.0,0.0,0.0,0.0,2.0,0.0,17,5,1,41.8297749598,-87.7047535147,POINT (-87.704753514706 41.829774959784)
95ff165646b49462c1730dfcbf63d89e7904ff4aea5de6b9c059f02bb78c653a896b592bcd9d1d2682ba602fa1270531fdd135621b2d88fa224e330f6267b012,,12/19/2016 07:35:00 PM,30,NO CONTROLS,NO CONTROLS,CLEAR,DUSK,PARKED MOTOR VEHICLE,OTHER,,STRAIGHT AND LEVEL,DRY,NO DEFECTS,NOT ON SCENE (DESK REPORT),NO INJURY / DRIVE AWAY,,,,"OVER $1,500",12/19/2016 08:39:00 PM,NOT APPLICABLE,NOT APPLICABLE,5700,S,CICERO AVE,813.0,,,,,,,2,NO INDICATION OF INJURY,0.0,0.0,0.0,0.0,0.0,2.0,0.0,19,2,12,41.7893293233,-87.7416456442,POINT (-87.741645644196 41.789329323265)
ddde2725505a623eeae242fb5b49697009ca4b613b3bd58028b0fc918209b9a1c0d16d7ed51d10e1abd0016aac56608872140ab4c88ce548cc1500dc9285c591,,05/19/2019 01:55:00 PM,30,TRAFFIC SIGNAL,FUNCTIONING PROPERLY,CLEAR,DAYLIGHT,REAR END,DIVIDED - W/MEDIAN (NOT RAISED),,STRAIGHT AND LEVEL,WET,NO DEFECTS,NOT ON SCENE (DESK REPORT),NO INJURY / DRIVE AWAY,Y,,,"$501 - $1,500",05/19/2019 02:20:00 PM,FOLLOWING TOO CLOSELY,UNABLE TO DETERMINE,1800,W,PETERSON AVE,2413.0,,,,,,,2,NO INDICATION OF INJURY,0.0,0.0,0.0,0.0,0.0,2.0,0.0,13,1,5,41.9908610995,-87.6753559261,POINT (-87.675355926114 41.990861099527)
a07a49141323d50d7024c749f3de0803aa74954fe0d53ec1dfdbc7ece70dbca1b85c09629522d087a449a6cd3d28e270c1e309d7670e2ea179b8a753e5d26769,,01/21/2022 04:00:00 PM,30,TRAFFIC SIGNAL,FUNCTIONING PROPERLY,CLEAR,DAYLIGHT,ANGLE,FOUR WAY,,STRAIGHT AND LEVEL,DRY,NO DEFECTS,,INJURY AND / OR TOW DUE TO CRASH,Y,,,"OVER $1,500",01/21/2022 04:06:00 PM,FAILING TO YIELD RIGHT-OF-WAY,NOT APPLICABLE,7180,W,GRAND AVE,2512.0,,,,,,,3,INCAPACITATING INJURY,2.0,0.0,1.0,1.0,0.0,1.0,0.0,16,6,1,41.9240211796,-87.8056244063,POINT (-87.805624406301 41.92402117963)
ddcb33f678a1bbf5be45a2423eedd3620731d7eaef385da0bc5e503fb6a9bac153ce7526388d7566c9d6be3f6fa6ab0ce51d09ef6b8403394ffcddf71b728250,,11/15/2024 02:38:00 PM,30,TRAFFIC SIGNAL,UNKNOWN,CLEAR,DAYLIGHT,REAR END,NOT DIVIDED,,STRAIGHT AND LEVEL,DRY,UNKNOWN,ON SCENE,INJURY AND / OR TOW DUE TO CRASH,,,,"OVER $1,500",11/15/2024 02:39:00 PM,UNABLE TO DETERMINE,NOT APPLICABLE,4612,N,PULASKI RD,1722.0,,,,,,,3,"REPORTED, NOT EVIDENT",1.0,0.0,0.0,0.0,1.0,8.0,0.0,14,6,11,41.9650001968,-87.7280851336,POINT (-87.728085133574 41.965000196764)
166ff92fae7c6d473afd664edd5d28c63b8c56d482637ad35b488d84c06c9d2e3b5542fe8e2a766cbf9b81067b2d3445d41d4bff848bb7daa4efa212cddf53ca,,10/20/2016 08:35:00 AM,35,STOP SIGN/FLASHER,FUNCTIONING PROPERLY,CLEAR,DAYLIGHT,SIDESWIPE SAME DIRECTION,NOT DIVIDED,0,STRAIGHT AND LEVEL,DRY,NO DEFECTS,NOT ON SCENE (DESK REPORT),NO INJURY / DRIVE AWAY,Y,,Y,"$501 - $1,500",10/20/2016 05:50:00 PM,UNABLE TO DETERMINE,UNABLE TO DETERMINE,6400,N,TROY ST,2412.0,,,,,,,2,NO INDICATION OF INJURY,0.0,0.0,0.0,0.0,0.0,2.0,0.0,8,5,10,41.997495572,-87.7083400155,POINT (-87.708340015529 41.997495572)
3381ae8e59fcc1d56c794f0c68c8c69f37fa10defb359e03c6f816053595620736e2668c719bab398ff40dbb1121578f1a1a5acc390c3c1e36be75d5c843dc84,Y,12/26/2017 12:00:00 AM,20,NO CONTROLS,NO CONTROLS,UNKNOWN,UNKNOWN,PARKED MOTOR VEHICLE,NOT DIVIDED,2,STRAIGHT AND LEVEL,UNKNOWN,NO DEFECTS,NOT ON SCENE (DESK REPORT),NO INJURY / DRIVE AWAY,,,Y,"$501 - $1,500",12/26/2017 10:10:00 AM,UNABLE TO DETERMINE,UNABLE TO DETERMINE,5229,N,ROCKWELL ST,2011.0,,,,,,,2,NO INDICATION OF INJURY,0.0,0.0,0.0,0.0,0.0,1.0,0.0,0,3,12,41.9767230031,-87.6939308953,POINT (-87.693930895327 41.976723003102)
d669b3a6d7d3c7b86449d8e1bfe80e6bbc9d6be7f391b7475630986836282fe92937a744d9219e31573e10e8b4f7be80f558c967124df552cc40ab47406e3e92,,03/11/2020 11:00:00 PM,30,TRAFFIC SIGNAL,FUNCTIONING PROPERLY,CLOUDY/OVERCAST,"DARKNESS, LIGHTED ROAD",SIDESWIPE SAME DIRECTION,NOT DIVIDED,,STRAIGHT AND LEVEL,WET,NO DEFECTS,NOT ON SCENE (DESK REPORT),INJURY AND / OR TOW DUE TO CRASH,Y,,Y,"OVER $1,500",03/12/2020 11:15:00 AM,UNABLE TO DETERMINE,NOT APPLICABLE,5160,W,CHICAGO AVE,1531.0,,,,,,,2,NO INDICATION OF INJURY,0.0,0.0,0.0,0.0,0.0,2.0,0.0,23,4,3,41.8950473831,-87.7555430106,POINT (-87.755543010623 41.895047383085)
ca3df748e3d579571cba5282b08b9998a68b797deee1cffd6baebf75134da37f786880709fdd97169e716f8b1939127146ba080cba3122370bc6254127ceb687,,05/01/2022 08:05:00 PM,30,NO CONTROLS,NO CONTROLS,CLEAR,"DARKNESS, LIGHTED ROAD",REAR END,NOT DIVIDED,,STRAIGHT AND LEVEL,DRY,NO DEFECTS,NOT ON SCENE (DESK REPORT),NO INJURY / DRIVE AWAY,,,Y,"OVER $1,500",05/01/2022 09:20:00 PM,"OPERATING VEHICLE IN ERRATIC, RECKLESS, CARELESS, NEGLIGENT OR AGGRESSIVE MANNER",UNABLE TO DETERMINE,3118,W,59TH ST,824.0,,,,,,,2,NO INDICATION OF INJURY,0.0,0.0,0.0,0.0,0.0,3.0,0.0,20,1,5,41.7863818949,-87.7017962318,POINT (-87.701796231779 41.786381894859)
76021d3de8eb102ed454c70037cb7fc85334e0c51601fb1ee09432fcadbae70b169d0ea2c5bc963ce91881f63d487cc091899bd022f82cc9e063f49d1b3cf429,,10/20/2017 03:15:00 PM,35,NO CONTROLS,NO CONTROLS,CLEAR,DAYLIGHT,SIDESWIPE SAME DIRECTION,NOT DIVIDED,,STRAIGHT AND LEVEL,DRY,NO DEFECTS,ON SCENE,INJURY AND / OR TOW DUE TO CRASH,,,,"OVER $1,500",10/20/2017 03:18:00 PM,UNDER THE INFLUENCE OF ALCOHOL/DRUGS (USE WHEN ARREST IS EFFECTED),"OPERATING VEHICLE IN ERRATIC, RECKLESS, CARELESS, NEGLIGENT OR AGGRESSIVE MANNER",7359,S,WESTERN AVE,835.0,,,,,,,6,"REPORTED, NOT EVIDENT",2.0,0.0,0.0,0.0,2.0,8.0,0.0,15,6,10,41.7593262241,-87.682959321,POINT (-87.682959320994 41.759326224073)
e354edce8857fc53a62fd4f768569e9a6d2c787a5c8ee2b2aa57cf600d9c12cee1215088f036452e7706d118fdbdf5eeea08690cea5ba1eb26cca4f87406983f,,04/21/2022 08:05:00 AM,25,NO CONTROLS,NO CONTROLS,CLEAR,DAYLIGHT,FIXED OBJECT,ALLEY,,STRAIGHT AND LEVEL,DRY,NO DEFECTS,,NO INJURY / DRIVE AWAY,,Y,Y,"OVER $1,500",04/21/2022 12:38:00 PM,DRIVING SKILLS/KNOWLEDGE/EXPERIENCE,UNABLE TO DETERMINE,1122,W,CHICAGO AVE,1213.0,,Y,,,,,1,NO INDICATION OF INJURY,0.0,0.0,0.0,0.0,0.0,1.0,0.0,8,5,4,41.8963617568,-87.6561699481,POINT (-87.656169948087 41.896361756816)
2199482e5a8e0eb49637c3c8d7b883fa528a352195fec35f5233e4d6e62a96011dd4aee12c307c2674737d3138cb3da767cca51712164ea63d4d65fc205911a2,,11/02/2019 10:46:00 PM,35,TRAFFIC SIGNAL,FUNCTIONING PROPERLY,CLEAR,"DARKNESS, LIGHTED ROAD",TURNING,FOUR WAY,,STRAIGHT AND LEVEL,DRY,NO DEFECTS,ON SCENE,INJURY AND / OR TOW DUE TO CRASH,Y,,,"OVER $1,500",11/02/2019 11:56:00 PM,UNABLE TO DETERMINE,UNABLE TO DETERMINE,8700,S,RACINE AVE,2222.0,,,,,,,2,NO INDICATION OF INJURY,0.0,0.0,0.0,0.0,0.0,2.0,0.0,22,7,11,41.7358416433,-87.6534839498,POINT (-87.653483949803 41.735841643319)
50b1607d2cb14443e9ae5fa23411ddde3329633b5e0bac266c3af19a280dc4a7e62c720918178b23cf18060f7721bf1860e5c4b684a818864f5232dd328055d8,,06/04/2019 02:09:00 PM,30,TRAFFIC SIGNAL,FUNCTIONING PROPERLY,CLEAR,DAYLIGHT,SIDESWIPE SAME DIRECTION,NOT DIVIDED,,STRAIGHT AND LEVEL,DRY,NO DEFECTS,NOT ON SCENE (DESK REPORT),NO INJURY / DRIVE AWAY,Y,,,"OVER $1,500",06/04/2019 03:00:00 PM,UNABLE TO DETERMINE,UNABLE TO DETERMINE,540,N,MICHIGAN AVE,1834.0,,,,,,,2,NO INDICATION OF INJURY,0.0,0.0,0.0,0.0,0.0,7.0,0.0,14,3,6,41.8921407837,-87.6243127844,POINT (-87.624312784422 41.89214078372)
aa2a47df26e16be4766759d57114522c506708288d37be8edf17c6fe4e5869d353e60966cef04c74cb23a87c66e618d26837f9758933b26ab7250df1d65aa924,,06/22/2022 03:30:00 PM,30,NO CONTROLS,UNKNOWN,CLEAR,DAYLIGHT,ANGLE,DIVIDED - W/MEDIAN (NOT RAISED),,STRAIGHT AND LEVEL,DRY,NO DEFECTS,,NO INJURY / DRIVE AWAY,,,,"OVER $1,500",06/22/2022 03:30:00 PM,UNABLE TO DETERMINE,NOT APPLICABLE,738,N,WESTERN AVE,1221.0,,,,,,,2,NO INDICATION OF INJURY,0.0,0.0,0.0,0.0,0.0,2.0,0.0,15,4,6,41.8950610983,-87.6869724392,POINT (-87.6869724392 41.895061098259)
503dbee9985c150563729133c451ecc9acca746b11c9f710da67b90c2ff693f1250cc74aae86036b0ae17de57873ed1594038eca040da72fbf49e7da25e19ef8,,10/01/2020 11:30:00 AM,30,NO CONTROLS,NO CONTROLS,CLEAR,DAYLIGHT,PARKED MOTOR VEHICLE,NOT DIVIDED,,STRAIGHT AND LEVEL,DRY,NO DEFECTS,NOT ON SCENE (DESK REPORT),NO INJURY / DRIVE AWAY,,,,"OVER $1,500",10/02/2020 11:15:00 AM,DRIVING SKILLS/KNOWLEDGE/EXPERIENCE,NOT APPLICABLE,115,E,CULLERTON ST,132.0,,,,,,,2,NO INDICATION OF INJURY,0.0,0.0,0.0,0.0,0.0,1.0,0.0,11,5,10,41.85539184,-87.6231141314,POINT (-87.623114131362 41.85539184)
020ece18113343658ac61f66a87e384d071940ad4387d3bfe82da2baf011cb73906da5329a8fdebbb64ea28b399b03ad6888511e2be50528fb2bcf0e5a681ae3,,10/09/2016 08:30:00 AM,30,TRAFFIC SIGNAL,FUNCTIONING PROPERLY,CLEAR,DAYLIGHT,REAR END,NOT DIVIDED,2,STRAIGHT AND LEVEL,DRY,NO DEFECTS,NOT ON SCENE (DESK REPORT),NO INJURY / DRIVE AWAY,,,,"$501 - $1,500",10/15/2016 04:20:00 PM,EQUIPMENT - VEHICLE CONDITION,UNABLE TO DETERMINE,61,N,CENTRAL AVE,1522.0,,,,,,,2,NO INDICATION OF INJURY,0.0,0.0,0.0,0.0,0.0,3.0,0.0,8,1,10,41.8820886378,-87.7647706269,POINT (-87.764770626939 41.882088637812)
2e4bac12106d41d1d952c4c7b9b919da31a9e311603079e2cb4564e2a20c6eff482458fae3a9a0a2a923b934436b91422cc28ba44af8a82b1c522092dfd15cd5,,09/12/2018 10:18:00 AM,35,OTHER,FUNCTIONING PROPERLY,CLEAR,DAYLIGHT,REAR END,NOT DIVIDED,,STRAIGHT AND LEVEL,DRY,NO DEFECTS,ON SCENE,NO INJURY / DRIVE AWAY,,,,$500 OR LESS,09/12/2018 10:18:00 AM,FOLLOWING TOO CLOSELY,NOT APPLICABLE,400,E,31ST ST,133.0,,,,,,,2,NO INDICATION OF INJURY,0.0,0.0,0.0,0.0,0.0,3.0,0.0,10,4,9,41.8385340181,-87.6170461135,POINT (-87.617046113457 41.838534018119)
091745d7649e74c96109abf9d843b7349db3b79e9438d47de9aad4e4a77ce7214df447611f5a82f5ce55349bdde263d9df48adeb73b763fa496197cc7e9f8224,,05/09/2025 05:10:00 PM,35,NO CONTROLS,NO CONTROLS,CLEAR,DAYLIGHT,PARKED MOTOR VEHICLE,PARKING LOT,,STRAIGHT AND LEVEL,UNKNOWN,UNKNOWN,NOT ON SCENE (DESK REPORT),NO INJURY / DRIVE AWAY,,,,"$501 - $1,500",05/09/2025 05:23:00 PM,IMPROPER BACKING,NOT APPLICABLE,7129,S,STATE ST,323.0,,,,,,,2,NO INDICATION OF INJURY,0.0,0.0,0.0,0.0,0.0,1.0,0.0,17,6,5,41.7646285513,-87.6247410807,POINT (-87.624741080733 41.764628551254)
f70a3ab7a11dfb8f7f91f0998ff359537553615b6f6915b33f594625cd321ac4369acf7a635622659ffac7cd33bb168df891dc1fb1aa7d8b08bc67d1424df81a,,06/17/2019 04:57:00 PM,30,NO CONTROLS,NO CONTROLS,CLEAR,DAYLIGHT,PARKED MOTOR VEHICLE,NOT DIVIDED,,STRAIGHT AND LEVEL,DRY,NO DEFECTS,ON SCENE,NO INJURY / DRIVE AWAY,,,Y,$500 OR LESS,06/17/2019 04:58:00 PM,IMPROPER OVERTAKING/PASSING,IMPROPER OVERTAKING/PASSING,4800,S,ASHLAND AVE,931.0,,,,,,,2,NO INDICATION OF INJURY,0.0,0.0,0.0,0.0,0.0,2.0,0.0,16,2,6,41.8066890453,-87.6650650029,POINT (-87.665065002859 41.806689045263)
cb2935c98674e813bdd54b643ea06e4ca09bfb7697ea3ad5993932bed89cac2fb78bce792e5604e9dd9ff3b3ced3a816d9daab252f6b9ebf7982916a5b536268,Y,01/21/2021 05:33:00 PM,30,STOP SIGN/FLASHER,FUNCTIONING PROPERLY,CLEAR,"DARKNESS, LIGHTED ROAD",PEDESTRIAN,FOUR WAY,,STRAIGHT AND LEVEL,DRY,NO DEFECTS,ON SCENE,INJURY AND / OR TOW DUE TO CRASH,Y,,,"OVER $1,500",01/21/2021 05:35:00 PM,UNABLE TO DETERMINE,UNABLE TO DETERMINE,1200,N,CENTRAL AVE,2531.0,,,,,,,2,INCAPACITATING INJURY,1.0,0.0,1.0,0.0,0.0,1.0,0.0,17,5,1,41.9021883135,-87.765801497,POINT (-87.765801496951 41.902188313458)
e60ef655425d2b616499f477fe20b03111fafb0052d24cb7a21a08ef5c86cc81a6e6eaea6be2fc99acdb6855bf6f8dd55c76ef6cb240a973824bb8c4462db456,Y,09/21/2024 10:49:00 PM,30,NO CONTROLS,NO CONTROLS,CLEAR,"DARKNESS, LIGHTED ROAD",PARKED MOTOR VEHICLE,NOT DIVIDED,,STRAIGHT AND LEVEL,DRY,NO DEFECTS,NOT ON SCENE (DESK REPORT),NO INJURY / DRIVE AWAY,,,Y,"OVER $1,500",09/23/2024 09:10:00 AM,FAILING TO YIELD RIGHT-OF-WAY,FOLLOWING TOO CLOSELY,62,W,OAK ST,1824.0,,,,,,,4,NO INDICATION OF INJURY,0.0,0.0,0.0,0.0,0.0,1.0,0.0,22,7,9,41.9006723875,-87.6306655956,POINT (-87.630665595603 41.900672387485)