CRASH_RECORD_ID,CRASH_DATE_EST_I,CRASH_DATE,POSTED_SPEED_LIMIT,TRAFFIC_CONTROL_DEVICE,DEVICE_CONDITION,WEATHER_CONDITION,LIGHTING_CONDITION,FIRST_CRASH_TYPE,TRAFFICWAY_TYPE,LANE_CNT,ALIGNMENT,ROADWAY_SURFACE_COND,ROAD_DEFECT,REPORT_TYPE,CRASH_TYPE,INTERSECTION_RELATED_I,NOT_RIGHT_OF_WAY_I,HIT_AND_RUN_I,DAMAGE,DATE_POLICE_NOTIFIED,PRIM_CONTRIBUTORY_CAUSE,SEC_CONTRIBUTORY_CAUSE,STREET_NO,STREET_DIRECTION,STREET_NAME,BEAT_OF_OCCURRENCE,PHOTOS_TAKEN_I,STATEMENTS_TAKEN_I,DOORING_I,WORK_ZONE_I,WORK_ZONE_TYPE,WORKERS_PRESENT_I,NUM_UNITS,MOST_SEVERE_INJURY,INJURIES_TOTAL,INJURIES_FATAL,INJURIES_INCAPACITATING,INJURIES_NON_INCAPACITATING,INJURIES_REPORTED_NOT_EVIDENT,INJURIES_NO_INDICATION,INJURIES_UNKNOWN,CRASH_HOUR,CRASH_DAY_OF_WEEK,CRASH_MONTH,LATITUDE,LONGITUDE,LOCATION
49fdcf0f2e6a7d1165e6b23970eab306b6cee84f0ca7ef613e4a76113f0c372fd2e4394396bbff788517a4d88f1aae704a58941e61a970b5149fe2fb42f4a3d7,,11/22/2024 08:53:00 PM,30,UNKNOWN,UNKNOWN,UNKNOWN,UNKNOWN,SIDESWIPE SAME DIRECTION,DIVIDED - W/MEDIAN (NOT RAISED),,STRAIGHT AND LEVEL,UNKNOWN,UNKNOWN,NOT ON SCENE (DESK REPORT),NO INJURY / DRIVE AWAY,,,,"OVER $1,500",11/25/2024 09:30:00 PM,UNABLE TO DETERMINE,UNABLE TO DETERMINE,815,W,ROOSEVELT RD,1232.0,,,,,,,2,NO INDICATION OF INJURY,0.0,0.0,0.0,0.0,0.0,2.0,0.0,20,6,11,41.8670333887,-87.6476147334,POINT (-87.647614733429 41.867033388747)
f5323a37fbef3b87489a64118368c1b281cfcb7e6dd090c793c82bd3fcf56473d65df079afc21a6bd003a62079ea7b8e31105c542c720355bae3398260819ec0,,11/03/2018 01:50:00 PM,30,NO CONTROLS,NO CONTROLS,CLEAR,DAYLIGHT,PARKED MOTOR VEHICLE,NOT DIVIDED,,STRAIGHT AND LEVEL,DRY,NO DEFECTS,NOT ON SCENE (DESK REPORT),NO INJURY / DRIVE AWAY,,,Y,"$501 - $1,500",11/03/2018 02:52:00 PM,NOT APPLICABLE,NOT APPLICABLE,8248,S,INGLESIDE AVE,631.0,,,,,,,2,NO INDICATION OF INJURY,0.0,0.0,0.0,0.0,0.0,3.0,0.0,13,7,11,41.7443886361,-87.6015039482,POINT (-87.601503948161 41.744388636099)
f4eeb51ec42002f3cacb705663431edc9263f2eb8257f5008cf08db2b92c10e15f5928e52b3de0f703b568a4b212c525eef2d6d63ac3abbb03d906cd4f4a6f3d,,12/22/2018 05:00:00 PM,20,STOP SIGN/FLASHER,FUNCTIONING PROPERLY,CLEAR,"DARKNESS, LIGHTED ROAD",SIDESWIPE OPPOSITE DIRECTION,NOT DIVIDED,2,STRAIGHT AND LEVEL,DRY,NO DEFECTS,NOT ON SCENE (DESK REPORT),NO INJURY / DRIVE AWAY,,,,$500 OR LESS,12/22/2018 05:15:00 PM,UNABLE TO DETERMINE,UNABLE TO DETERMINE,4734,W,ROSCOE ST,1731.0,,,,,,,2,NO INDICATION OF INJURY,0.0,0.0,0.0,0.0,0.0,7.0,0.0,17,7,12,41.9426119966,-87.745240054,POINT (-87.745240054006 41.942611996578)
331e8f76a03183983fbd1a08e999678cb5aac2e741fd0f6dd1a121ce0cee4458b8c67d876167171795c9d8b52581d0aa6e1027971f0959e0034fec68720dd73d,,03/14/2019 01:40:00 AM,30,TRAFFIC SIGNAL,FUNCTIONING PROPERLY,CLEAR,"DARKNESS, LIGHTED ROAD",REAR END,NOT DIVIDED,,STRAIGHT AND LEVEL,DRY,NO DEFECTS,NOT ON SCENE (DESK REPORT),NO INJURY / DRIVE AWAY,Y,,,"$501 - $1,500",03/14/2019 09:10:00 AM,FOLLOWING TOO CLOSELY,UNABLE TO DETERMINE,3601,W,16TH ST,1014.0,,,,,,,2,NO INDICATION OF INJURY,0.0,0.0,0.0,0.0,0.0,2.0,0.0,1,5,3,41.8588631246,-87.7152621025,POINT (-87.715262102484 41.858863124617)
6dc05b9cacaa21a9c590cc68f9039b543ae66e1a9ff35abfc76eb434cad620d97af7d8b82757b8202405af30e8ed27d29cfb2649a4276f28371a27df14be0b30,,06/07/2024 11:30:00 PM,30,NO CONTROLS,NO CONTROLS,CLEAR,DARKNESS,PEDESTRIAN,NOT DIVIDED,,STRAIGHT AND LEVEL,DRY,NO DEFECTS,NOT ON SCENE (DESK REPORT),INJURY AND / OR TOW DUE TO CRASH,,,Y,$500 OR LESS,06/14/2024 01:55:00 PM,UNABLE TO DETERMINE,NOT APPLICABLE,400,S,SACRAMENTO BLVD,1134.0,,,,,,,2,"REPORTED, NOT EVIDENT",1.0,0.0,0.0,0.0,1.0,1.0,0.0,23,6,6,41.8758939409,-87.7012249646,POINT (-87.701224964612 41.875893940871)
c6459984223934345067403f6f2e8ff0aa078e752c0f3ea3058041583b262dfebed0efadf304caa3b6b197943b6a33d7c106af2c01d8db37aae3ff849c5deed5,,06/16/2016 06:35:00 PM,30,NO CONTROLS,NO CONTROLS,CLEAR,DAYLIGHT,SIDESWIPE SAME DIRECTION,NOT DIVIDED,4,STRAIGHT AND LEVEL,DRY,NO DEFECTS,NOT ON SCENE (DESK REPORT),NO INJURY / DRIVE AWAY,,,Y,"$501 - $1,500",06/16/2016 06:55:00 PM,IMPROPER OVERTAKING/PASSING,IMPROPER OVERTAKING/PASSING,4065,N,MILWAUKEE AVE,1624.0,,,,,,,2,NO INDICATION OF INJURY,0.0,0.0,0.0,0.0,0.0,2.0,0.0,18,5,6,41.9547817594,-87.7492382539,POINT (-87.749238253883 41.954781759444)
4c7b26b144f2dc6b5a384a9e13a55a96a016a0518ce18c00707490679279fdce8908bd210a4e98b9e0f210aa4d613dbecf3890e0887b86990ca6fbdc7e12a237,,02/26/2024 08:15:00 AM,30,NO CONTROLS,NO CONTROLS,CLEAR,DAYLIGHT,REAR END,NOT DIVIDED,,STRAIGHT AND LEVEL,DRY,NO DEFECTS,NOT ON SCENE (DESK REPORT),NO INJURY / DRIVE AWAY,,,,"OVER $1,500",02/29/2024 08:46:00 AM,FOLLOWING TOO CLOSELY,FOLLOWING TOO CLOSELY,4840,S,ARCHER AVE,821.0,,,,,,,2,NO INDICATION OF INJURY,0.0,0.0,0.0,0.0,0.0,2.0,0.0,8,2,2,41.805389195,-87.7186517528,POINT (-87.718651752756 41.805389195038)
7df6ec3fd87822c668bc9879b05fdee02cf60c434c4c9e2d8dbe053494b8a8a895ccddec1cccd99fa1b7b2dd454485d3b654624adbc27e88503c0abddd28b3b6,,05/31/2022 03:35:00 PM,30,TRAFFIC SIGNAL,FUNCTIONING PROPERLY,CLEAR,DAYLIGHT,SIDESWIPE OPPOSITE DIRECTION,DIVIDED - W/MEDIAN (NOT RAISED),,STRAIGHT AND LEVEL,DRY,UNKNOWN,,INJURY AND / OR TOW DUE TO CRASH,,,,"OVER $1,500",05/31/2022 03:35:00 PM,IMPROPER LANE USAGE,NOT APPLICABLE,939,W,IRVING PARK RD,1923.0,,,,,,,3,NO INDICATION OF INJURY,0.0,0.0,0.0,0.0,0.0,3.0,0.0,15,3,5,41.9543917616,-87.6536693129,POINT (-87.653669312895 41.954391761621)
1ca12918b4c4eb2deea43e73cbd23e50d347b83b7592f45ef7847413e56dbadb1ce941a21aa606be8060246b56d6733acd2b75b5f1cd7e5e9ad6cc9224d20308,,09/19/2016 08:00:00 PM,15,STOP SIGN/FLASHER,FUNCTIONING PROPERLY,CLEAR,"DARKNESS, LIGHTED ROAD",ANGLE,PARKING LOT,1,STRAIGHT AND LEVEL,DRY,NO DEFECTS,NOT ON SCENE (DESK REPORT),NO INJURY / DRIVE AWAY,,,,"OVER $1,500",09/19/2016 09:30:00 PM,UNABLE TO DETERMINE,UNABLE TO DETERMINE,7507,N,CLARK ST,2422.0,,,,,,,2,NO INDICATION OF INJURY,0.0,0.0,0.0,0.0,0.0,2.0,0.0,20,2,9,42.0181319716,-87.67563648,POINT (-87.675636480019 42.018131971593)
9306be31b770e8b81ebe49f6dc05e7c8ab680598737fd674567f08a9310a2035d8d78ef1247cc95f0636c465ce27f33d7cb5d1b9bee6978287b59066844a2c73,,06/28/2025 10:55:00 AM,5,NO CONTROLS,NO CONTROLS,CLEAR,DAYLIGHT,ANGLE,PARKING LOT,,STRAIGHT AND LEVEL,DRY,NO DEFECTS,ON SCENE,NO INJURY / DRIVE AWAY,,Y,,"OVER $1,500",06/28/2025 11:25:00 AM,FAILING TO YIELD RIGHT-OF-WAY,IMPROPER OVERTAKING/PASSING,3053,W,26TH ST,1033.0,,,,,,,2,NO INDICATION OF INJURY,0.0,0.0,0.0,0.0,0.0,7.0,0.0,10,7,6,41.8444663893,-87.7022690254,POINT (-87.702269025368 41.844466389333)
aeb6e35badbc7e2784b392b36e6832aa5dbbc2eb2822f7d30dc433331209672dbd1cad9bab191ed47f042f95f9f86f8bef32dd36a3c32f2f2a18f95f800a4012,,08/10/2023 02:08:00 PM,30,STOP SIGN/FLASHER,FUNCTIONING PROPERLY,CLEAR,DAYLIGHT,PEDESTRIAN,NOT DIVIDED,,STRAIGHT AND LEVEL,DRY,UNKNOWN,ON SCENE,INJURY AND / OR TOW DUE TO CRASH,,,,"OVER $1,500",08/10/2023 02:08:00 PM,FAILING TO YIELD RIGHT-OF-WAY,FAILING TO YIELD RIGHT-OF-WAY,5777,S,ARCHER AVE,814.0,,,,,,,2,NONINCAPACITATING INJURY,1.0,0.0,0.0,1.0,0.0,1.0,0.0,14,5,8,41.7963672347,-87.7574318029,POINT (-87.757431802937 41.796367234678)
56946264a60b141f49026edf5d2b348e259b19fa1aa43c96785ea15b3ba02a8363665ae757df7ea47f41287973be0ba54376144fd84745f606dfe0a51a868d3e,,05/31/2016 04:50:00 PM,30,TRAFFIC SIGNAL,FUNCTIONING PROPERLY,CLEAR,DAYLIGHT,REAR END,DIVIDED - W/MEDIAN (NOT RAISED),6,STRAIGHT AND LEVEL,DRY,WORN SURFACE,NOT ON SCENE (DESK REPORT),NO INJURY / DRIVE AWAY,Y,,,"OVER $1,500",05/31/2016 05:00:00 PM,FAILING TO REDUCE SPEED TO AVOID CRASH,FOLLOWING TOO CLOSELY,2400,S,DR MARTIN LUTHER KING JR DR,132.0,,,,,,,2,NO INDICATION OF INJURY,0.0,0.0,0.0,0.0,0.0,3.0,0.0,16,3,5,41.8492375821,-87.6185348032,POINT (-87.618534803247 41.849237582099)
b933c127bd2b124cc99d8547d1ba30ddf8487bcb2a398551db86bb457dc20a00cfb9bdffe962ae7f657a9f87381046a7fbb03453856cacb4c78017bdaf490c26,,02/22/2025 06:09:00 PM,30,NO CONTROLS,NO CONTROLS,CLEAR,"DARKNESS, LIGHTED ROAD",SIDESWIPE SAME DIRECTION,NOT DIVIDED,,STRAIGHT AND LEVEL,DRY,NO DEFECTS,NOT ON SCENE (DESK REPORT),NO INJURY / DRIVE AWAY,,,,"$501 - $1,500",02/22/2025 07:02:00 PM,IMPROPER OVERTAKING/PASSING,NOT APPLICABLE,7112,W,NORTH AVE,2513.0,,,,,,,2,NO INDICATION OF INJURY,0.0,0.0,0.0,0.0,0.0,2.0,0.0,18,7,2,41.909040116,-87.8026219616,POINT (-87.802621961579 41.909040115995)
43f06e2166cfc09dbc1810b1e6a48b31e91d4d10566792e3c5e69b892e9c48e9030d690ab4c0ed344493a60dd189c3caeb1ed6f6a0ac3f2da75cb07d1fe62e7b,,12/05/2023 11:30:00 AM,30,TRAFFIC SIGNAL,FUNCTIONING PROPERLY,CLOUDY/OVERCAST,DUSK,PARKED MOTOR VEHICLE,NOT DIVIDED,,STRAIGHT AND LEVEL,WET,NO DEFECTS,ON SCENE,INJURY AND / OR TOW DUE TO CRASH,,,,"$501 - $1,500",12/05/2023 11:35:00 AM,IMPROPER BACKING,IMPROPER BACKING,1223,S,KOSTNER AVE,1011.0,,,,,,,2,"REPORTED, NOT EVIDENT",1.0,0.0,0.0,0.0,1.0,1.0,0.0,11,3,12,41.8653200698,-87.7347965383,POINT (-87.734796538332 41.865320069777)
9ec9a7077108607faa19bcd17b53b697d3dccc54d7a910e66c7aa2f65f6b063098c0a5f3536687c748f9bdc5b8d7c34f5473f4bb80ec92ab41cb6d34b5e20351,,06/28/2017 09:30:00 PM,35,NO CONTROLS,UNKNOWN,RAIN,"DARKNESS, LIGHTED ROAD",PARKED MOTOR VEHICLE,NOT DIVIDED,4,STRAIGHT AND LEVEL,WET,NO DEFECTS,ON SCENE,NO INJURY / DRIVE AWAY,,,,"OVER $1,500",06/28/2017 10:07:00 PM,FAILING TO REDUCE SPEED TO AVOID CRASH,NOT APPLICABLE,6647,S,HALSTED ST,723.0,,,,,,,2,NO INDICATION OF INJURY,0.0,0.0,0.0,0.0,0.0,1.0,0.0,21,4,6,41.7729024099,-87.6444613273,POINT (-87.644461327278 41.772902409859)
4505835d20db1ab93d4c014d1156033dc8f302000b810a1f617d2c80df798ab9746e83c61ca1688ae31648c973811fc8fc8b72ab7c1919368606a44f23b48e65,Y,12/30/2018 08:30:00 PM,30,NO CONTROLS,FUNCTIONING PROPERLY,CLEAR,DARKNESS,TURNING,NOT DIVIDED,2,STRAIGHT AND LEVEL,DRY,NO DEFECTS,NOT ON SCENE (DESK REPORT),NO INJURY / DRIVE AWAY,,,Y,"OVER $1,500",12/30/2018 08:42:00 PM,IMPROPER TURNING/NO SIGNAL,NOT APPLICABLE,7640,S,YATES BLVD,414.0,,,,,,,2,NO INDICATION OF INJURY,0.0,0.0,0.0,0.0,0.0,4.0,0.0,20,1,12,41.7559510632,-87.5664597874,POINT (-87.566459787391 41.755951063228)
4a362bc89151acb16ccaaf714dab03fa858aba07c00c97d1ad90afee88c55ad44dc6504598c2b56f0268597c4c67d754e2babfa0b00a4fddf1a6bd66a6f39ac8,,04/26/2020 01:00:00 PM,25,NO CONTROLS,NO CONTROLS,CLEAR,DAYLIGHT,PARKED MOTOR VEHICLE,ONE-WAY,,STRAIGHT AND LEVEL,DRY,NO DEFECTS,ON SCENE,NO INJURY / DRIVE AWAY,,,,"$501 - $1,500",04/26/2020 01:14:00 PM,UNABLE TO DETERMINE,UNABLE TO DETERMINE,5051,W,GRACE ST,1634.0,,,,,,,2,NO INDICATION OF INJURY,0.0,0.0,0.0,0.0,0.0,1.0,0.0,13,1,4,41.9495721647,-87.7541631484,POINT (-87.754163148384 41.949572164671)
1aad371b82847afcd537e340c18aa7eca932d1dd3cb37f0614e7da26b0b9b5609c0104e7e275b0bd7cf629f5611c4c883e30965a913033b67274a311ba9471af,,01/06/2025 08:47:00 AM,30,NO CONTROLS,NO CONTROLS,CLEAR,DAYLIGHT,REAR END,NOT DIVIDED,,STRAIGHT AND LEVEL,DRY,UNKNOWN,ON SCENE,NO INJURY / DRIVE AWAY,,,,"OVER $1,500",01/06/2025 08:47:00 AM,UNABLE TO DETERMINE,NOT APPLICABLE,300,E,71ST ST,322.0,,,,,,,2,NO INDICATION OF INJURY,0.0,0.0,0.0,0.0,0.0,2.0,0.0,8,2,1,41.7657564632,-87.6184017899,POINT (-87.618401789921 41.76575646325)
665336bb2ac059025ad549c960e0a322e2f85ed5f0d3ee0832832e63e60dfbb822edcc97896cd56bef13be2ccb4bac1bf86588d4dbe535bb864d15dc41d95dba,,04/16/2018 04:20:00 AM,30,NO CONTROLS,NO CONTROLS,UNKNOWN,DARKNESS,PARKED MOTOR VEHICLE,DIVIDED - W/MEDIAN (NOT RAISED),4,STRAIGHT AND LEVEL,UNKNOWN,UNKNOWN,NOT ON SCENE (DESK REPORT),NO INJURY / DRIVE AWAY,,,Y,"OVER $1,500",04/16/2018 02:38:00 PM,UNABLE TO DETERMINE,UNABLE TO DETERMINE,4950,N,PULASKI RD,1712.0,,,,,,,2,NO INDICATION OF INJURY,0.0,0.0,0.0,0.0,0.0,1.0,0.0,4,2,4,41.9715646114,-87.7282715114,POINT (-87.728271511449 41.971564611367)
0bd9209de98df2b7b56560d4755f65af7aa64967a331132e1f9536473876159a229a279de8672dbf4d88f2501c2283098e44b7a8cd3ebb729cb691afc4583c8a,,07/30/2021 02:00:00 PM,30,TRAFFIC SIGNAL,FUNCTIONING PROPERLY,CLEAR,DAYLIGHT,REAR END,NOT DIVIDED,,STRAIGHT AND LEVEL,DRY,NO DEFECTS,NOT ON SCENE (DESK REPORT),NO INJURY / DRIVE AWAY,,,,"OVER $1,500",08/02/2021 09:55:00 PM,DISTRACTION - FROM INSIDE VEHICLE,FOLLOWING TOO CLOSELY,2158,S,WESTERN AVE,1023.0,,,,,,,2,NO INDICATION OF INJURY,0.0,0.0,0.0,0.0,0.0,2.0,0.0,14,6,7,41.8520755657,-87.6857883957,POINT (-87.685788395698 41.852075565734)
4672f8fc6b0386d2d97366eeb5a541163a570f60f32a70a113884971c8e734094b075fde39fa73906ce00b46d3ea2687782e6fc43c859436e8d409d91564b70c,,05/15/2023 02:45:00 PM,30,UNKNOWN,UNKNOWN,CLEAR,DAYLIGHT,TURNING,NOT DIVIDED,,STRAIGHT AND LEVEL,DRY,UNKNOWN,ON SCENE,INJURY AND / OR TOW DUE TO CRASH,,,,"$501 - $1,500",05/15/2023 02:47:00 PM,UNABLE TO DETERMINE,NOT APPLICABLE,2305,W,47TH ST,931.0,,,,,,,2,NO INDICATION OF INJURY,0.0,0.0,0.0,0.0,0.0,2.0,0.0,14,2,5,41.808320647,-87.682240771,POINT (-87.68224077098 41.808320646996)
8c4fab6756adf4e59304b9ed4d205b3c9037d8ff0f30a32b5772d3d7c92f8197ec866225740c8d4d75b2c881568a26e6d0afc1dcb71f5d43ec4fef6b5296cfa1,,06/11/2022 12:31:00 AM,30,OTHER,UNKNOWN,CLEAR,DARKNESS,FIXED OBJECT,NOT DIVIDED,,STRAIGHT AND LEVEL,DRY,NO DEFECTS,ON SCENE,INJURY AND / OR TOW DUE TO CRASH,,,,"OVER $1,500",06/11/2022 12:31:00 AM,IMPROPER BACKING,FAILING TO REDUCE SPEED TO AVOID CRASH,2127,W,53RD PL,932.0,,,,,,,2,NO INDICATION OF INJURY,0.0,0.0,0.0,0.0,0.0,1.0,0.0,0,7,6,41.7965161426,-87.6779509159,POINT (-87.677950915917 41.796516142585)
4b2b8bb8114de86af7849f15fe4f9572e6be6be81d6f6f1f4c2548c85bae6218a448a455e8c6df1cb390f89a8e4c6b20805c52efab1b92b61a59979bc3746aaa,,05/20/2018 03:15:00 AM,30,TRAFFIC SIGNAL,FUNCTIONING PROPERLY,CLEAR,"DARKNESS, LIGHTED ROAD",ANGLE,NOT DIVIDED,2,STRAIGHT AND LEVEL,DRY,NO DEFECTS,NOT ON SCENE (DESK REPORT),NO INJURY / DRIVE AWAY,Y,,Y,"OVER $1,500",05/20/2018 06:15:00 AM,DISREGARDING TRAFFIC SIGNALS,DISREGARDING TRAFFIC SIGNALS,510,E,ILLINOIS ST,1834.0,,,,,,,2,NO INDICATION OF INJURY,0.0,0.0,0.0,0.0,0.0,3.0,0.0,3,1,5,41.8912161874,-87.6146576544,POINT (-87.614657654445 41.891216187433)
0fbc33177a874bbe29da5cb91cb7f506248da52bb7c11516b86af5cc621f95f2f0e7c5c1573bddf9d82af5d5010cecb625f5936f7767d94b6343c3a4d12aaaa9,,05/30/2021 03:15:00 PM,30,STOP SIGN/FLASHER,UNKNOWN,CLEAR,DAYLIGHT,TURNING,NOT DIVIDED,,STRAIGHT AND LEVEL,DRY,UNKNOWN,NOT ON SCENE (DESK REPORT),NO INJURY / DRIVE AWAY,Y,,,$500 OR LESS,05/30/2021 04:20:00 PM,UNABLE TO DETERMINE,UNABLE TO DETERMINE,317,E,ILLINOIS ST,1834.0,,,,,,,2,NO INDICATION OF INJURY,0.0,0.0,0.0,0.0,0.0,3.0,0.0,15,1,5,41.890908673,-87.6194241855,POINT (-87.619424185537 41.890908672951)
1d10ad769f958e7fc659c27624472785040c5dd69f2cdc6c2d3086942acfe54dea4fdd56adee957f6214d7fc8e770010d66eee173ec76fedfee032669bb94dcb,,03/27/2022 08:10:00 PM,30,TRAFFIC SIGNAL,FUNCTIONING PROPERLY,CLEAR,"DARKNESS, LIGHTED ROAD",REAR END,NOT DIVIDED,,STRAIGHT AND LEVEL,DRY,NO DEFECTS,ON SCENE,INJURY AND / OR TOW DUE TO CRASH,Y,,,"OVER $1,500",03/27/2022 08:33:00 PM,FOLLOWING TOO CLOSELY,NOT APPLICABLE,400,S,OAKLEY BLVD,1225.0,,,,,,,2,NO INDICATION OF INJURY,0.0,0.0,0.0,0.0,0.0,3.0,0.0,20,1,3,41.8761008816,-87.6839740717,POINT (-87.683974071655 41.876100881595)
0bdd0d720110d67bfc18b5d71c8135ab1cefa07c5053c479a9b320392e28ad2706adbbf0c6418b29d9573ffd7cd450cc36a6156dc76d39b4df04977add295b45,,10/11/2021 03:05:00 PM,30,STOP SIGN/FLASHER,FUNCTIONING PROPERLY,RAIN,DAYLIGHT,ANGLE,PARKING LOT,,STRAIGHT AND LEVEL,WET,NO DEFECTS,ON SCENE,INJURY AND / OR TOW DUE TO CRASH,,,,"OVER $1,500",10/11/2021 03:16:00 PM,UNABLE TO DETERMINE,UNABLE TO DETERMINE,1500,S,PAULINA ST,1233.0,Y,Y,,,,,2,NONINCAPACITATING INJURY,2.0,0.0,0.0,2.0,0.0,1.0,0.0,15,2,10,41.8613896474,-87.6689006775,POINT (-87.66890067746 41.861389647374)
02e70508663095a7b46f68f3cf97b1884864d8be7ab01fde89ea33bc91de2acf319ebf6f5ddae58d627edb3a7f3b2d1f399bf4f6204f96083b01c9638ebf5bee,,11/01/2016 03:27:00 PM,0,TRAFFIC SIGNAL,FUNCTIONING PROPERLY,CLEAR,DAYLIGHT,TURNING,PARKING LOT,0,STRAIGHT AND LEVEL,DRY,NO DEFECTS,NOT ON SCENE (DESK REPORT),NO INJURY / DRIVE AWAY,Y,,Y,"OVER $1,500",11/01/2016 03:45:00 PM,FAILING TO YIELD RIGHT-OF-WAY,IMPROPER TURNING/NO SIGNAL,6500,S,HALSTED ST,723.0,,,,,,,2,NO INDICATION OF INJURY,0.0,0.0,0.0,0.0,0.0,2.0,0.0,15,3,11,41.7760957556,-87.6448909473,POINT (-87.644890947336 41.776095755648)
aa0e7bc9c2beba88401756e00f32d7119902365a5ce6e560e5d506518b48ccc30b247cf4c95d01f4eaa7c663c9b66edf5c3933c2e75463cfa41273a10773abab,,10/11/2020 02:30:00 AM,15,NO CONTROLS,NO CONTROLS,CLEAR,DARKNESS,PARKED MOTOR VEHICLE,ONE-WAY,,STRAIGHT AND LEVEL,DRY,NO DEFECTS,NOT ON SCENE (DESK REPORT),NO INJURY / DRIVE AWAY,,,Y,"OVER $1,500",10/12/2020 04:15:00 PM,UNABLE TO DETERMINE,NOT APPLICABLE,6048,S,GREEN ST,712.0,,,,,,,2,NO INDICATION OF INJURY,0.0,0.0,0.0,0.0,0.0,1.0,0.0,2,1,10,41.7837389918,-87.6462472142,POINT (-87.646247214221 41.783738991821)
f704167fc58a61ccb5ca88d7dc7bd19e38336fc6941c0486efb9e983c53459dfdc50fd56590ff0254a1d0d3db85a0e85ec0ce8b97939e21746b7a4af1942d8ba,,06/26/2022 07:28:00 AM,30,NO CONTROLS,NO CONTROLS,CLOUDY/OVERCAST,DAYLIGHT,SIDESWIPE OPPOSITE DIRECTION,DIVIDED - W/MEDIAN (NOT RAISED),,STRAIGHT AND LEVEL,DRY,NO DEFECTS,ON SCENE,INJURY AND / OR TOW DUE TO CRASH,Y,,,"OVER $1,500",06/26/2022 08:19:00 AM,IMPROPER LANE USAGE,UNABLE TO DETERMINE,8200,S,SOUTH SHORE DR,424.0,,,,,,,2,NONINCAPACITATING INJURY,1.0,0.0,0.0,1.0,0.0,2.0,0.0,7,1,6,41.7464297294,-87.5480871405,POINT (-87.548087140457 41.746429729379)
8443fea83190f5f912ac6d13bf2524f4b22f19c4091a401287fa0d37d11b5d45dc61f2e4c6af9c239bf05a56ffec65152b67e4db6868c0eb04e933e54a43ead7,,07/02/2025 08:43:00 AM,30,TRAFFIC SIGNAL,FUNCTIONING PROPERLY,CLEAR,DAYLIGHT,PEDESTRIAN,DIVIDED - W/MEDIAN BARRIER,,STRAIGHT AND LEVEL,DRY,NO DEFECTS,ON SCENE,INJURY AND / OR TOW DUE TO CRASH,Y,,,"OVER $1,500",07/02/2025 08:46:00 AM,UNABLE TO DETERMINE,UNABLE TO DETERMINE,800,W,CHICAGO AVE,1213.0,,,,,,,2,NONINCAPACITATING INJURY,1.0,0.0,0.0,1.0,0.0,1.0,0.0,8,4,7,41.8965092929,-87.6477558272,POINT (-87.647755827185 41.896509292938)
c7d6509e27bca2424c8c5a740a4cac7d4f065b6dc69a383d369a3729f4fb019743a97e34bd71d57940c7fc7d49a5889db4f4ddc734f86d4668950fb82016dddb,,06/07/2018 07:30:00 AM,30,NO CONTROLS,NO CONTROLS,CLEAR,DAYLIGHT,PARKED MOTOR VEHICLE,PARKING LOT,,STRAIGHT AND LEVEL,DRY,NO DEFECTS,NOT ON SCENE (DESK REPORT),NO INJURY / DRIVE AWAY,,Y,,"$501 - $1,500",06/12/2018 12:25:00 PM,IMPROPER TURNING/NO SIGNAL,NOT APPLICABLE,201,W,INSTITUTE PL,1823.0,,,,,,,2,NO INDICATION OF INJURY,0.0,0.0,0.0,0.0,0.0,1.0,0.0,7,5,6,41.8973090668,-87.6343068504,POINT (-87.634306850399 41.897309066802)
e8b13407a71f7199618560436923029f600def9a7243c4d8995a4cb0328a3a5939a1b348c3cb362391b20a8a48f8cea8b7b3696a7d9e979d4ae8f0fa23a81dcb,,11/27/2019 10:45:00 AM,30,TRAFFIC SIGNAL,FUNCTIONING PROPERLY,CLEAR,DAYLIGHT,REAR END,NOT DIVIDED,,STRAIGHT AND LEVEL,DRY,UNKNOWN,NOT ON SCENE (DESK REPORT),NO INJURY / DRIVE AWAY,,,,"$501 - $1,500",11/29/2019 11:33:00 AM,UNABLE TO DETERMINE,NOT APPLICABLE,636,N,FAIRBANKS CT,1834.0,,,,,,,2,NO INDICATION OF INJURY,0.0,0.0,0.0,0.0,0.0,2.0,0.0,10,4,11,41.8937317909,-87.6204244345,POINT (-87.620424434509 41.893731790926)
884cdd63575fd604cf003092746cbac7a968f227a095474a9031858f8c405be977540177b23a819b0f347e18a232721787c0d90fdb33522cd031bee776cee581,,05/09/2024 08:30:00 AM,30,NO CONTROLS,NO CONTROLS,RAIN,DAYLIGHT,REAR END,DIVIDED - W/MEDIAN (NOT RAISED),,STRAIGHT AND LEVEL,WET,NO DEFECTS,,INJURY AND / OR TOW DUE TO CRASH,,,,"OVER $1,500",05/09/2024 08:35:00 AM,UNABLE TO DETERMINE,UNABLE TO DETERMINE,2354,N,MILWAUKEE AVE,1414.0,,,,,,,3,NO INDICATION OF INJURY,0.0,0.0,0.0,0.0,0.0,10.0,0.0,8,5,5,41.9239120202,-87.6992255519,POINT (-87.69922555194 41.923912020163)
a9ada41597e301bc8e5ba1be5dfa5ced62c110553249935ca284f674e227fc833868ae9bf3ce4e0209c2060d48e973fc8978bee0fc6e9f9950dbf9d4d2c6d222,,05/19/2019 02:00:00 PM,30,TRAFFIC SIGNAL,FUNCTIONING PROPERLY,CLEAR,DAYLIGHT,REAR END,NOT DIVIDED,,STRAIGHT AND LEVEL,DRY,NO DEFECTS,NOT ON SCENE (DESK REPORT),NO INJURY / DRIVE AWAY,,,,"OVER $1,500",05/19/2019 08:00:00 PM,NOT APPLICABLE,NOT APPLICABLE,5501,S,CICERO AVE,813.0,,,,,,,2,NO INDICATION OF INJURY,0.0,0.0,0.0,0.0,0.0,2.0,0.0,14,1,5,41.7929943849,-87.7418060289,POINT (-87.741806028879 41.792994384855)