CRASH_RECORD_ID,CRASH_DATE_EST_I,CRASH_DATE,POSTED_SPEED_LIMIT,TRAFFIC_CONTROL_DEVICE,DEVICE_CONDITION,WEATHER_CONDITION,LIGHTING_CONDITION,FIRST_CRASH_TYPE,TRAFFICWAY_TYPE,LANE_CNT,ALIGNMENT,ROADWAY_SURFACE_COND,ROAD_DEFECT,REPORT_TYPE,CRASH_TYPE,INTERSECTION_RELATED_I,NOT_RIGHT_OF_WAY_I,HIT_AND_RUN_I,DAMAGE,DATE_POLICE_NOTIFIED,PRIM_CONTRIBUTORY_CAUSE,SEC_CONTRIBUTORY_CAUSE,STREET_NO,STREET_DIRECTION,STREET_NAME,BEAT_OF_OCCURRENCE,PHOTOS_TAKEN_I,STATEMENTS_TAKEN_I,DOORING_I,WORK_ZONE_I,WORK_ZONE_TYPE,WORKERS_PRESENT_I,NUM_UNITS,MOST_SEVERE_INJURY,INJURIES_TOTAL,INJURIES_FATAL,INJURIES_INCAPACITATING,INJURIES_NON_INCAPACITATING,INJURIES_REPORTED_NOT_EVIDENT,INJURIES_NO_INDICATION,INJURIES_UNKNOWN,CRASH_HOUR,CRASH_DAY_OF_WEEK,CRASH_MONTH,LATITUDE,LONGITUDE,LOCATION
5930f27aeea3ab87714e4736ebbc873ecb6558a6524011a2d1afe98da02f0667364274ea6c0db7a2d7e9e5226ca2877aea26c34a5979c8db36d3837be8a53bee,Y,11/20/2023 05:49:00 PM,30,STOP SIGN/FLASHER,FUNCTIONING PROPERLY,RAIN,"DARKNESS, LIGHTED ROAD",ANGLE,T-INTERSECTION,,STRAIGHT AND LEVEL,WET,NO DEFECTS,NOT ON SCENE (DESK REPORT),NO INJURY / DRIVE AWAY,Y,,,"OVER $1,500",11/20/2023 05:49:00 PM,UNABLE TO DETERMINE,UNABLE TO DETERMINE,5599,S,HYDE PARK BLVD,235.0,,,,,,,2,NO INDICATION OF INJURY,0.0,0.0,0.0,0.0,0.0,2.0,0.0,17,2,11,41.7935107802,-87.5837624987,POINT (-87.583762498653 41.793510780163)
0ee6240207c567cbb44b04f5d3ae8087f476a0122d0987dae6fafc6b33e669e11e058df90db4c0ebd717c265d9a25f0779ffed638e7d986baf0e69dfaa0eeac6,,07/05/2017 03:40:00 AM,30,NO CONTROLS,NO CONTROLS,CLEAR,"DARKNESS, LIGHTED ROAD",TURNING,NOT DIVIDED,4,STRAIGHT AND LEVEL,DRY,NO DEFECTS,,INJURY AND / OR TOW DUE TO CRASH,Y,,,"OVER $1,500",07/05/2017 03:40:00 AM,IMPROPER TURNING/NO SIGNAL,"OPERATING VEHICLE IN ERRATIC, RECKLESS, CARELESS, NEGLIGENT OR AGGRESSIVE MANNER",342,S,CICERO AVE,1533.0,,,,,,,2,NONINCAPACITATING INJURY,1.0,0.0,0.0,1.0,0.0,2.0,0.0,3,4,7,41.8755157132,-87.7452324996,POINT (-87.74523249965 41.87551571315)
5117bf9522e61054b02e49d16b596e93e786df024f21c0f5e2edb5bd04e7404f44b7d3ed1df09c465cf55e81ba5d3db0f24254fda50e3ce5575a5ce28536a6e0,,11/04/2023 08:30:00 AM,30,NO CONTROLS,NO CONTROLS,CLEAR,DAYLIGHT,PARKED MOTOR VEHICLE,NOT DIVIDED,,STRAIGHT AND LEVEL,DRY,NO DEFECTS,NOT ON SCENE (DESK REPORT),NO INJURY / DRIVE AWAY,,,,"OVER $1,500",11/09/2023 12:12:00 PM,UNABLE TO DETERMINE,UNABLE TO DETERMINE,5905,W,59TH ST,811.0,,,,,,,2,NO INDICATION OF INJURY,0.0,0.0,0.0,0.0,0.0,1.0,0.0,8,7,11,41.7851355201,-87.7695653901,POINT (-87.76956539014 41.785135520144)
fbd52c3089782d43da32a96e001c482cc3ae190a092060dc5aa884a64fea7db6497cd5fded30237ae7d607c79517823ac2ae16dcebdc1393d3cecb95b0dcb3d1,,11/08/2021 02:25:00 PM,10,NO CONTROLS,NO CONTROLS,CLEAR,DAYLIGHT,REAR TO SIDE,PARKING LOT,,STRAIGHT AND LEVEL,DRY,NO DEFECTS,NOT ON SCENE (DESK REPORT),NO INJURY / DRIVE AWAY,,,Y,"OVER $1,500",11/08/2021 03:25:00 PM,UNABLE TO DETERMINE,UNABLE TO DETERMINE,3245,W,NORTH AVE,1422.0,,,,,,,2,NO INDICATION OF INJURY,0.0,0.0,0.0,0.0,0.0,2.0,0.0,14,2,11,41.9099798058,-87.7088256755,POINT (-87.708825675533 41.909979805809)
756278254ac9de6b719ba874cff2477cc4af97bb08f668ff3c9f8254d57c888c7f70ee49e28a2eb1eccec5e34da756a21a028dad80097a9ae2850b2244370358,Y,03/22/2023 11:50:00 AM,30,NO CONTROLS,NO CONTROLS,CLEAR,DAYLIGHT,PARKED MOTOR VEHICLE,ONE-WAY,,STRAIGHT AND LEVEL,DRY,NO DEFECTS,ON SCENE,NO INJURY / DRIVE AWAY,,,Y,"OVER $1,500",03/22/2023 11:53:00 AM,UNABLE TO DETERMINE,NOT APPLICABLE,3803,W,VAN BUREN ST,1133.0,,,,,,,2,NO INDICATION OF INJURY,0.0,0.0,0.0,0.0,0.0,1.0,0.0,11,4,3,41.8752167833,-87.7207258101,POINT (-87.720725810072 41.875216783303)
adf8d93814aff9f670530960857048b94227412db7f78ce2f564fb737bf8d1e6dd7c037267d576f2a1ab8a95bf588df1615bdf6ac1bae4ef65c9bc761f83d6d1,,06/07/2018 12:30:00 AM,20,STOP SIGN/FLASHER,FUNCTIONING PROPERLY,CLEAR,"DARKNESS, LIGHTED ROAD",PEDESTRIAN,OTHER,3,STRAIGHT AND LEVEL,DRY,NO DEFECTS,ON SCENE,INJURY AND / OR TOW DUE TO CRASH,Y,,Y,"OVER $1,500",06/07/2018 12:54:00 AM,UNABLE TO DETERMINE,UNABLE TO DETERMINE,3500,N,KILDARE AVE,1731.0,,,,,,,2,NONINCAPACITATING INJURY,1.0,0.0,0.0,1.0,0.0,1.0,0.0,0,5,6,41.9445217972,-87.734881305,POINT (-87.734881304984 41.9445217972)
579640ae69fc93de1a4045abed69d41e460026d47addd732f93605accf193d5113480ab1286358f90eac9b9ff23107de7f6fb43ab8717e51817ab0dfd820727f,,03/16/2018 01:57:00 PM,30,TRAFFIC SIGNAL,FUNCTIONING PROPERLY,CLEAR,DAYLIGHT,REAR END,DIVIDED - W/MEDIAN BARRIER,2,STRAIGHT AND LEVEL,DRY,NO DEFECTS,NOT ON SCENE (DESK REPORT),NO INJURY / DRIVE AWAY,,,Y,$500 OR LESS,03/16/2018 04:00:00 PM,FOLLOWING TOO CLOSELY,NOT APPLICABLE,5500,S,HALSTED ST,712.0,,,,,,,2,NO INDICATION OF INJURY,0.0,0.0,0.0,0.0,0.0,2.0,0.0,13,6,3,41.7938690123,-87.6452949015,POINT (-87.645294901547 41.793869012306)
51259c23dcaa8b5cae023bf180df1009bf2a8604c5e148de59babcb033a0a38b883342e82b4b79656843bf30c082323b723d3af7855deda7822b2a5a008ec86a,,06/27/2020 05:00:00 PM,30,NO CONTROLS,NO CONTROLS,CLEAR,DAYLIGHT,SIDESWIPE SAME DIRECTION,NOT DIVIDED,,STRAIGHT AND LEVEL,DRY,NO DEFECTS,NOT ON SCENE (DESK REPORT),NO INJURY / DRIVE AWAY,,,Y,"OVER $1,500",06/27/2020 05:50:00 PM,IMPROPER LANE USAGE,IMPROPER LANE USAGE,7850,S,WESTERN AVE,835.0,,,,,,,2,NO INDICATION OF INJURY,0.0,0.0,0.0,0.0,0.0,2.0,0.0,17,7,6,41.7504191971,-87.683004235,POINT (-87.683004235045 41.750419197074)
c50546c8ebf24fe8e37c6291d64c30e2beced57bf3a754a49042b0855996ec485cda5f57b62292afe22d33f255b27cee9a9a4a9b52f8c87c816951bf9c912228,,07/15/2019 01:28:00 PM,30,STOP SIGN/FLASHER,FUNCTIONING PROPERLY,CLEAR,DAYLIGHT,ANGLE,NOT DIVIDED,,STRAIGHT AND LEVEL,DRY,NO DEFECTS,,NO INJURY / DRIVE AWAY,,,,"$501 - $1,500",07/15/2019 02:15:00 PM,UNABLE TO DETERMINE,NOT APPLICABLE,630,W,103RD ST,2232.0,,,,,,,2,NO INDICATION OF INJURY,0.0,0.0,0.0,0.0,0.0,2.0,0.0,13,2,7,41.7070736906,-87.6392543147,POINT (-87.639254314738 41.707073690594)
f81214610f543e5c7d0772909d405f53b895f33ab057c753918bc991c84fcaa2a13b96931dd7aadff6f76f9785ff64fac99de34a60be5be0d083787367a920e3,,11/30/2023 03:30:00 PM,30,NO CONTROLS,NO CONTROLS,CLEAR,DAYLIGHT,REAR TO FRONT,PARKING LOT,,STRAIGHT AND LEVEL,DRY,NO DEFECTS,NOT ON SCENE (DESK REPORT),NO INJURY / DRIVE AWAY,,,,"OVER $1,500",11/30/2023 04:30:00 PM,IMPROPER BACKING,UNABLE TO DETERMINE,3035,N,PULASKI RD,2523.0,,,,,,,2,NO INDICATION OF INJURY,0.0,0.0,0.0,0.0,0.0,2.0,0.0,15,5,11,41.936459021,-87.7269624596,POINT (-87.726962459611 41.936459020962)
3f2d47a029cf7997e81638388e8682a30bee7ebef4df362419c8040d16d57075b5b78729ef76421af9eba36ce6e1feb25c246d0c38016741640332d5c228dcc0,,06/14/2024 06:10:00 AM,30,NO CONTROLS,NO CONTROLS,CLEAR,DAWN,REAR END,DIVIDED - W/MEDIAN BARRIER,,STRAIGHT AND LEVEL,DRY,NO DEFECTS,ON SCENE,INJURY AND / OR TOW DUE TO CRASH,,,,"OVER $1,500",06/14/2024 06:15:00 AM,UNABLE TO DETERMINE,UNABLE TO DETERMINE,600,W,95TH ST,2223.0,,,,,,,3,NONINCAPACITATING INJURY,1.0,0.0,0.0,1.0,0.0,1.0,0.0,6,6,6,41.7216333026,-87.6384241701,POINT (-87.638424170134 41.721633302611)
40c090ff1bf181b6a1561f6deac85382384aaa30544d3936c483de2d18ca51debb762d03eb122dea180d0ebf3a5f34d0a4cc60100848afd62dcf0f3bfcfab7a2,,06/15/2024 09:10:00 AM,35,NO CONTROLS,NO CONTROLS,CLEAR,DAYLIGHT,SIDESWIPE SAME DIRECTION,NOT DIVIDED,,STRAIGHT AND LEVEL,DRY,UNKNOWN,ON SCENE,INJURY AND / OR TOW DUE TO CRASH,,,Y,"OVER $1,500",06/15/2024 09:15:00 AM,IMPROPER OVERTAKING/PASSING,UNABLE TO DETERMINE,2231,E,95TH ST,431.0,,,,,,,4,NONINCAPACITATING INJURY,1.0,0.0,0.0,1.0,0.0,4.0,0.0,9,7,6,41.7224345751,-87.5692622526,POINT (-87.569262252589 41.722434575137)
167e2991f693c80036b39aff514677be943fd8a9dd8a8e7131f6d1c635089831ae1e23a0ba6c816b626755b640034624243669c70e0d2e91cad09393e4295945,,01/28/2022 03:00:00 PM,30,TRAFFIC SIGNAL,FUNCTIONING PROPERLY,SNOW,DAYLIGHT,ANGLE,DIVIDED - W/MEDIAN (NOT RAISED),,STRAIGHT AND LEVEL,SNOW OR SLUSH,NO DEFECTS,ON SCENE,INJURY AND / OR TOW DUE TO CRASH,Y,,,"OVER $1,500",01/28/2022 03:04:00 PM,FAILING TO YIELD RIGHT-OF-WAY,NOT APPLICABLE,1759,W,IRVING PARK RD,1922.0,,,,,,,2,NONINCAPACITATING INJURY,1.0,0.0,0.0,1.0,0.0,2.0,0.0,15,6,1,41.9541130628,-87.6737329866,POINT (-87.673732986599 41.954113062761)
e4f6a7b86607bba13ecf82a5230a37a8e1c3484b18cfa16c3fdee2fcb4d0db3581b406cad7357ee64132f6432952cf92d0927c3821e49b46a4ee72e68ce51900,,10/18/2020 05:45:00 PM,30,STOP SIGN/FLASHER,FUNCTIONING PROPERLY,RAIN,DUSK,REAR END,NOT DIVIDED,,STRAIGHT AND LEVEL,WET,NO DEFECTS,ON SCENE,INJURY AND / OR TOW DUE TO CRASH,,,,"OVER $1,500",10/18/2020 05:45:00 PM,WEATHER,NOT APPLICABLE,332,S,LARAMIE AVE,1522.0,,,,,,,2,NO INDICATION OF INJURY,0.0,0.0,0.0,0.0,0.0,4.0,0.0,17,1,10,41.8757957178,-87.7550425496,POINT (-87.755042549612 41.875795717752)
6ec1f9d6aabcf6ef83e99f4425b58353b27f530dc5f4fd3f14d8c24bdfd462b8b472264a48bf6448b7adc32de41e94efd83633e4b9c0dd340e917fe874dfe7cd,Y,10/11/2017 08:29:00 AM,30,STOP SIGN/FLASHER,OTHER,RAIN,DAYLIGHT,FIXED OBJECT,NOT DIVIDED,2,STRAIGHT AND LEVEL,WET,UNKNOWN,ON SCENE,INJURY AND / OR TOW DUE TO CRASH,,,,"OVER $1,500",10/11/2017 08:29:00 AM,NOT APPLICABLE,NOT APPLICABLE,228,E,35TH ST,211.0,,,,,,,1,NO INDICATION OF INJURY,0.0,0.0,0.0,0.0,0.0,3.0,0.0,8,4,10,41.8311800316,-87.6206124481,POINT (-87.620612448065 41.831180031607)
c5791977d5c4179d22e3783263d8b3a0c24521e6bde0b658c109d0549510315ee10d2cea97141c52eb5baee03f6a193916c05269cc2f7b9e0e397df5a62a7c5c,,12/03/2020 01:20:00 PM,10,NO CONTROLS,NO CONTROLS,CLEAR,DAYLIGHT,PEDALCYCLIST,DRIVEWAY,,STRAIGHT AND LEVEL,DRY,NO DEFECTS,ON SCENE,INJURY AND / OR TOW DUE TO CRASH,,,,$500 OR LESS,12/03/2020 01:23:00 PM,UNABLE TO DETERMINE,NOT APPLICABLE,107,E,95TH ST,511.0,,,,,,,2,NONINCAPACITATING INJURY,1.0,0.0,0.0,1.0,0.0,2.0,0.0,13,5,12,41.721678447,-87.6202366897,POINT (-87.620236689695 41.721678447033)
bf72ad8f515601636b65cfcf8e6c594e10dbc38f289cf91651d395226562f8a9b88327cb521bd5f5fe8ff2410ef5228839527892bd1779c27f9e18c954d5c8b2,,04/14/2025 10:17:00 AM,30,STOP SIGN/FLASHER,FUNCTIONING PROPERLY,CLEAR,DAYLIGHT,ANGLE,NOT DIVIDED,,STRAIGHT AND LEVEL,DRY,NO DEFECTS,ON SCENE,INJURY AND / OR TOW DUE TO CRASH,Y,,Y,"OVER $1,500",04/14/2025 10:22:00 AM,FAILING TO YIELD RIGHT-OF-WAY,UNABLE TO DETERMINE,627,E,43RD ST,221.0,,,,,,,2,NONINCAPACITATING INJURY,1.0,0.0,0.0,1.0,0.0,2.0,0.0,10,2,4,41.8166403859,-87.6104713938,POINT (-87.610471393833 41.816640385905)
5e78e4792727ba45188ab4ee52715db0f29080bf82d63b00579623987fb62dd1a21d3c39c3597903f174951cea22770388ef5f3cf8b7c2e8aeab51d3644ed820,,03/20/2025 06:10:00 PM,35,TRAFFIC SIGNAL,FUNCTIONING PROPERLY,CLEAR,DAYLIGHT,REAR END,FOUR WAY,,STRAIGHT AND LEVEL,DRY,UNKNOWN,ON SCENE,NO INJURY / DRIVE AWAY,,,,"OVER $1,500",03/20/2025 06:14:00 PM,FOLLOWING TOO CLOSELY,NOT APPLICABLE,430,N,ORLEANS ST,1831.0,,,,,,,3,NO INDICATION OF INJURY,0.0,0.0,0.0,0.0,0.0,3.0,0.0,18,5,3,41.889980026,-87.6371313237,POINT (-87.637131323699 41.889980026029)
924f2ce54b6a107cd8a891e771a9b04019b504fe8bf96567faec34f2ec609c0b4effbe8363792ac59b4e36adbafd9a5123cca0efb902385cf3620a89f33bdbe7,,07/17/2024 07:15:00 AM,30,TRAFFIC SIGNAL,FUNCTIONING PROPERLY,CLEAR,DAYLIGHT,TURNING,FOUR WAY,,STRAIGHT AND LEVEL,DRY,NO DEFECTS,NOT ON SCENE (DESK REPORT),NO INJURY / DRIVE AWAY,,,,"OVER $1,500",07/17/2024 07:45:00 AM,FOLLOWING TOO CLOSELY,NOT APPLICABLE,5758,N,SHERIDAN RD,2022.0,,,,,,,2,NO INDICATION OF INJURY,0.0,0.0,0.0,0.0,0.0,2.0,0.0,7,4,7,41.9872638462,-87.655446794,POINT (-87.655446793984 41.98726384616)
fb14c6d0d619b6aa69404098413f90a0fa2c3d78b912191f57078ba320894878271dae4d93c07297b1d1f4bc4565a967b2688ee867478ee6a09ce8d6b1386625,,05/04/2022 12:50:00 PM,30,STOP SIGN/FLASHER,NO CONTROLS,CLEAR,DAYLIGHT,TURNING,NOT DIVIDED,,STRAIGHT AND LEVEL,DRY,NO DEFECTS,ON SCENE,NO INJURY / DRIVE AWAY,,,,"$501 - $1,500",05/04/2022 01:10:00 PM,IMPROPER TURNING/NO SIGNAL,UNABLE TO DETERMINE,7000,S,PULASKI RD,833.0,,,,,,,2,NO INDICATION OF INJURY,0.0,0.0,0.0,0.0,0.0,2.0,0.0,12,4,5,41.7658812858,-87.7225871577,POINT (-87.722587157729 41.76588128582)
3f153bc39e0c5abe9cf2288fc6f2569fce8726e4164ef6bc29677e60e501e3769c9a0caa232b40d1d4cdcec70799489e5026351b74a9d7e38983eb421c0b97d7,,01/24/2019 06:29:00 PM,30,TRAFFIC SIGNAL,FUNCTIONING PROPERLY,SNOW,"DARKNESS, LIGHTED ROAD",REAR END,NOT DIVIDED,2,STRAIGHT AND LEVEL,WET,NO DEFECTS,ON SCENE,NO INJURY / DRIVE AWAY,,,,"$501 - $1,500",01/24/2019 06:42:00 PM,DISTRACTION - FROM OUTSIDE VEHICLE,IMPROPER BACKING,2000,W,MONTROSE AVE,1911.0,,,,,,,2,NO INDICATION OF INJURY,0.0,0.0,0.0,0.0,0.0,3.0,0.0,18,5,1,41.9615667869,-87.6790438639,POINT (-87.679043863869 41.961566786868)
7d1e823ac5d4ee41fdef177fb42a8af06ed7bfcc427e1a29343b03d1cd5db3c923114ad73db65fa0623d6137a000565d71b2bec4aca567c5ef681d01f53b93b6,,08/03/2022 12:41:00 PM,20,TRAFFIC SIGNAL,FUNCTIONING PROPERLY,CLEAR,DAYLIGHT,ANGLE,NOT DIVIDED,,STRAIGHT AND LEVEL,DRY,NO DEFECTS,,INJURY AND / OR TOW DUE TO CRASH,Y,,,"OVER $1,500",08/03/2022 12:45:00 PM,FAILING TO YIELD RIGHT-OF-WAY,UNABLE TO DETERMINE,5900,S,KOSTNER AVE,813.0,,Y,,,,,2,NONINCAPACITATING INJURY,1.0,0.0,0.0,1.0,0.0,3.0,0.0,12,4,8,41.7857434633,-87.7328917418,POINT (-87.732891741757 41.785743463309)
de7459f0939e962c6e71b2d688c58e2ff30534cb3ca31bd35f3400d1fc3b3c262750f3359e8832b497a0a7b4b0aa50ddab76f43bd959b223db61daa8741c0982,,02/14/2016 06:49:00 PM,30,TRAFFIC SIGNAL,FUNCTIONING PROPERLY,SNOW,"DARKNESS, LIGHTED ROAD",SIDESWIPE OPPOSITE DIRECTION,NOT DIVIDED,2,STRAIGHT AND LEVEL,SNOW OR SLUSH,NO DEFECTS,NOT ON SCENE (DESK REPORT),NO INJURY / DRIVE AWAY,,,Y,"$501 - $1,500",02/16/2016 12:52:00 PM,UNABLE TO DETERMINE,UNABLE TO DETERMINE,200,E,47TH ST,215.0,,,,,,,2,NO INDICATION OF INJURY,0.0,0.0,0.0,0.0,0.0,2.0,0.0,18,1,2,41.8094218565,-87.6211340784,POINT (-87.621134078425 41.809421856532)
c05a7981913e948b4d6e3d63b6f32c84b567a18570b43a159a302a13b8c361f95c5619d84e99ae9a0896bf2c72d46cd1a39f4cd7e6684351d82e44b04d05819e,,12/19/2016 10:00:00 AM,30,TRAFFIC SIGNAL,FUNCTIONING PROPERLY,CLEAR,DAYLIGHT,ANGLE,NOT DIVIDED,4,STRAIGHT AND LEVEL,SNOW OR SLUSH,NO DEFECTS,NOT ON SCENE (DESK REPORT),NO INJURY / DRIVE AWAY,Y,,,"OVER $1,500",12/19/2016 05:30:00 PM,WEATHER,FAILING TO REDUCE SPEED TO AVOID CRASH,7500,S,LAFAYETTE AVE,623.0,,,,,,,2,NO INDICATION OF INJURY,0.0,0.0,0.0,0.0,0.0,2.0,0.0,10,2,12,41.758068532,-87.6265169823,POINT (-87.626516982328 41.75806853202)
b1dcb0dbff8c55f4adca580f6d7ab275685ff2910b17525d9a4a259aba236140ef077ecde877af9b92432c64794b9e50b6c00bd176c67eb1c07c6409fc4433f4,,01/10/2025 07:16:00 AM,30,STOP SIGN/FLASHER,FUNCTIONING PROPERLY,SNOW,DAYLIGHT,REAR END,NOT DIVIDED,,STRAIGHT AND LEVEL,SNOW OR SLUSH,NO DEFECTS,ON SCENE,NO INJURY / DRIVE AWAY,Y,,,"OVER $1,500",01/10/2025 07:21:00 AM,WEATHER,NOT APPLICABLE,299,E,79TH ST,623.0,,,,,,,2,NO INDICATION OF INJURY,0.0,0.0,0.0,0.0,0.0,4.0,0.0,7,6,1,41.7509516446,-87.6182306248,POINT (-87.618230624753 41.750951644579)
9bda1d8eaf70f036c1c98ec9bfa39c83f582c798cdc356304ed6722e48e2713bb317ff004ea1eb6e0725f8b910784bf385ceb4ac5a3292d30b988588a9267408,,02/15/2016 01:40:00 PM,30,STOP SIGN/FLASHER,FUNCTIONING PROPERLY,CLEAR,DAYLIGHT,TURNING,DIVIDED - W/MEDIAN (NOT RAISED),,STRAIGHT AND LEVEL,DRY,NO DEFECTS,NOT ON SCENE (DESK REPORT),NO INJURY / DRIVE AWAY,,,,"OVER $1,500",02/15/2016 02:00:00 PM,UNABLE TO DETERMINE,NOT APPLICABLE,2500,W,ARMITAGE AVE,1431.0,,,,,,,2,NO INDICATION OF INJURY,0.0,0.0,0.0,0.0,0.0,2.0,0.0,13,2,2,41.9176633692,-87.6898870774,POINT (-87.689887077357 41.917663369212)
89cde86780b1e7c44c26254049dfa57520ea26b53093b6ed63c72895e3bd366585763ab39709084596eae8740f92fb5684c6cb141a24acfef3ea8f71490efe17,,04/23/2018 09:30:00 PM,30,NO CONTROLS,NO CONTROLS,CLEAR,"DARKNESS, LIGHTED ROAD",REAR END,DIVIDED - W/MEDIAN (NOT RAISED),2,STRAIGHT AND LEVEL,DRY,UNKNOWN,NOT ON SCENE (DESK REPORT),NO INJURY / DRIVE AWAY,,,,"$501 - $1,500",04/24/2018 01:15:00 PM,FOLLOWING TOO CLOSELY,UNABLE TO DETERMINE,4648,N,SHERIDAN RD,1914.0,,,,,,,2,NO INDICATION OF INJURY,0.0,0.0,0.0,0.0,0.0,3.0,0.0,21,2,4,41.9669153737,-87.6549440686,POINT (-87.654944068606 41.966915373722)
c4db0d8b328d718c9ea184d61b8c1bf29ab74f465303c27c4afa9244e16b75b1fbf05f2da3d9592b38365d64ee9f7e54ddf3b3e42d6ad3ed14d56b7721fd8527,,01/30/2023 04:56:00 AM,30,TRAFFIC SIGNAL,FUNCTIONING PROPERLY,SNOW,"DARKNESS, LIGHTED ROAD",ANGLE,FOUR WAY,,STRAIGHT AND LEVEL,WET,NO DEFECTS,ON SCENE,INJURY AND / OR TOW DUE TO CRASH,Y,,,"OVER $1,500",01/30/2023 04:57:00 AM,DISREGARDING TRAFFIC SIGNALS,UNABLE TO DETERMINE,1550,W,MADISON ST,1224.0,,,,,,,3,NO INDICATION OF INJURY,0.0,0.0,0.0,0.0,0.0,6.0,0.0,4,2,1,41.8815677265,-87.6665098293,POINT (-87.666509829278 41.881567726469)
7f5eb0c9e306ff9fdf7176fe9f6af7152042a03c2c2114ddc29ed05de3f64959d40bc72f73afab687b1ca979956a18ad6c1e90977077b9f391a79eeee3dd7980,,07/30/2017 08:50:00 PM,30,LANE USE MARKING,FUNCTIONING PROPERLY,CLEAR,"DARKNESS, LIGHTED ROAD",ANGLE,DIVIDED - W/MEDIAN (NOT RAISED),4,STRAIGHT AND LEVEL,DRY,NO DEFECTS,NOT ON SCENE (DESK REPORT),NO INJURY / DRIVE AWAY,,,,"OVER $1,500",07/30/2017 09:00:00 PM,FAILING TO YIELD RIGHT-OF-WAY,FAILING TO YIELD RIGHT-OF-WAY,233,W,DIVISION ST,1823.0,,,,,,,2,NO INDICATION OF INJURY,0.0,0.0,0.0,0.0,0.0,2.0,0.0,20,1,7,41.9037228665,-87.6359072823,POINT (-87.635907282296 41.903722866456)
65ca6128c1999764e5b412ba344071560b2a7d61e41f2cb4eab52e0e48176194d79abb4917d1fbabf313b36d47ac549919d13ee648d78a61edee3a28f4b2b703,,07/25/2021 09:00:00 PM,30,TRAFFIC SIGNAL,FUNCTIONING PROPERLY,CLEAR,"DARKNESS, LIGHTED ROAD",REAR END,NOT DIVIDED,,STRAIGHT AND LEVEL,DRY,NO DEFECTS,NOT ON SCENE (DESK REPORT),INJURY AND / OR TOW DUE TO CRASH,Y,,,$500 OR LESS,07/25/2021 09:25:00 PM,FOLLOWING TOO CLOSELY,NOT APPLICABLE,3729,S,ARCHER AVE,911.0,,,,,,,2,"REPORTED, NOT EVIDENT",1.0,0.0,0.0,0.0,1.0,2.0,0.0,21,1,7,41.8256974227,-87.6850643641,POINT (-87.685064364052 41.825697422721)
fa3085fc1bbe0faec17fa61c9794a2adbc5c167d8e3fa05ba1a7e4db1842b366309e497616b3748cfb386fd57fa9c26d8b72c2db2f5eb5c029b3a5454f8abcf9,,05/07/2025 12:20:00 PM,30,TRAFFIC SIGNAL,NO CONTROLS,CLEAR,DAYLIGHT,TURNING,FOUR WAY,,STRAIGHT AND LEVEL,DRY,NO DEFECTS,ON SCENE,NO INJURY / DRIVE AWAY,Y,,,"OVER $1,500",05/07/2025 01:00:00 PM,UNABLE TO DETERMINE,NOT APPLICABLE,11,W,87TH ST,634.0,,,,,,,2,NO INDICATION OF INJURY,0.0,0.0,0.0,0.0,0.0,5.0,0.0,12,4,5,41.7361797214,-87.6245868989,POINT (-87.624586898912 41.736179721436)
26e2f44247b1bfddb69030a9fff2c5d4a192bd2b12715759f2482e4d5b3934258b6016b6628fe5e1c1cff5d8253aab7ff676178acc90c09fc6fa350d690c2002,,01/14/2025 08:57:00 AM,25,STOP SIGN/FLASHER,FUNCTIONING PROPERLY,SNOW,DAYLIGHT,REAR END,ONE-WAY,,STRAIGHT ON GRADE,SNOW OR SLUSH,NO DEFECTS,,NO INJURY / DRIVE AWAY,,,,"$501 - $1,500",01/14/2025 12:15:00 PM,WEATHER,NOT APPLICABLE,3900,N,FREMONT ST,1923.0,,,,,,,2,NO INDICATION OF INJURY,0.0,0.0,0.0,0.0,0.0,2.0,0.0,8,3,1,41.9527536741,-87.6522160357,POINT (-87.65221603567 41.952753674139)
5773d445560c1c042bce281d9d40d5bccd122d46bf7bd1386f3bad87117bfeda4282b0f0edb54092b97b98080ce8ab9ba146e3d679bb6fed0f459c15dbbf582e,,11/12/2025 08:15:00 AM,34,NO CONTROLS,NO CONTROLS,CLEAR,DAYLIGHT,REAR END,NOT DIVIDED,,STRAIGHT AND LEVEL,DRY,NO DEFECTS,NOT ON SCENE (DESK REPORT),NO INJURY / DRIVE AWAY,,,,"$501 - $1,500",11/12/2025 09:00:00 AM,UNABLE TO DETERMINE,UNABLE TO DETERMINE,3505,W,PETERSON AVE,1711.0,,,,,,,2,NO INDICATION OF INJURY,0.0,0.0,0.0,0.0,0.0,2.0,0.0,8,4,11,41.9901806944,-87.7166496521,POINT (-87.716649652077 41.990180694387)
742a843bbfee9762ef6dcc8c070ec83cd8daaabbc1a6d648b35cbab652e5facafb28cdcdbb5da3095a933723cb5f6aa567f59ce34c6e7b0f8ff1f9bc16ca4c44,,01/26/2021 08:00:00 PM,30,NO CONTROLS,NO CONTROLS,SNOW,"DARKNESS, LIGHTED ROAD",FIXED OBJECT,DIVIDED - W/MEDIAN (NOT RAISED),,STRAIGHT AND LEVEL,SNOW OR SLUSH,UNKNOWN,ON SCENE,NO INJURY / DRIVE AWAY,,,,"OVER $1,500",01/27/2021 04:03:00 PM,NOT APPLICABLE,NOT APPLICABLE,6500,S,ASHLAND AVE,725.0,,,,,,,1,NO INDICATION OF INJURY,0.0,0.0,0.0,0.0,0.0,1.0,0.0,20,3,1,41.7757389337,-87.6642641093,POINT (-87.66426410929 41.775738933736)