CRASH_RECORD_ID,CRASH_DATE_EST_I,CRASH_DATE,POSTED_SPEED_LIMIT,TRAFFIC_CONTROL_DEVICE,DEVICE_CONDITION,WEATHER_CONDITION,LIGHTING_CONDITION,FIRST_CRASH_TYPE,TRAFFICWAY_TYPE,LANE_CNT,ALIGNMENT,ROADWAY_SURFACE_COND,ROAD_DEFECT,REPORT_TYPE,CRASH_TYPE,INTERSECTION_RELATED_I,NOT_RIGHT_OF_WAY_I,HIT_AND_RUN_I,DAMAGE,DATE_POLICE_NOTIFIED,PRIM_CONTRIBUTORY_CAUSE,SEC_CONTRIBUTORY_CAUSE,STREET_NO,STREET_DIRECTION,STREET_NAME,BEAT_OF_OCCURRENCE,PHOTOS_TAKEN_I,STATEMENTS_TAKEN_I,DOORING_I,WORK_ZONE_I,WORK_ZONE_TYPE,WORKERS_PRESENT_I,NUM_UNITS,MOST_SEVERE_INJURY,INJURIES_TOTAL,INJURIES_FATAL,INJURIES_INCAPACITATING,INJURIES_NON_INCAPACITATING,INJURIES_REPORTED_NOT_EVIDENT,INJURIES_NO_INDICATION,INJURIES_UNKNOWN,CRASH_HOUR,CRASH_DAY_OF_WEEK,CRASH_MONTH,LATITUDE,LONGITUDE,LOCATION
190ca1249a5fdb96e7737a8666ada3b74394bb0cb96a6120eedefe90cafdfe4ac861766ab9dca8477e137fe28de05aaba85d2c17a51850d77a1c2a55d1a670dd,,08/03/2019 10:29:00 AM,30,TRAFFIC SIGNAL,FUNCTIONING PROPERLY,CLEAR,DAYLIGHT,REAR END,NOT DIVIDED,,STRAIGHT AND LEVEL,DRY,NO DEFECTS,ON SCENE,INJURY AND / OR TOW DUE TO CRASH,,,,"OVER $1,500",08/03/2019 10:29:00 AM,FOLLOWING TOO CLOSELY,UNABLE TO DETERMINE,499,N,ASHLAND AVE,1215.0,,,,,,,4,NONINCAPACITATING INJURY,1.0,0.0,0.0,1.0,0.0,3.0,0.0,10,7,8,41.8909585404,-87.666995274,POINT (-87.666995274025 41.890958540357)
e25e71841c0f313198a60a743fe4cb7bd4aaa55228b664f8f62d7cbd3d58f6f93b3a57ddc3a8ec72e0c1ec4faaf937418f2fe9059a98fd9ba6015ed1db9b9f9f,,10/02/2017 07:17:00 PM,30,TRAFFIC SIGNAL,FUNCTIONING PROPERLY,CLEAR,DUSK,TURNING,DIVIDED - W/MEDIAN (NOT RAISED),2,STRAIGHT AND LEVEL,DRY,NO DEFECTS,ON SCENE,NO INJURY / DRIVE AWAY,Y,,,"$501 - $1,500",10/02/2017 07:29:00 PM,EXCEEDING SAFE SPEED FOR CONDITIONS,EXCEEDING SAFE SPEED FOR CONDITIONS,3000,W,ADDISON ST,1733.0,,,,,,,2,NO INDICATION OF INJURY,0.0,0.0,0.0,0.0,0.0,2.0,0.0,19,2,10,41.9467634614,-87.7029865905,POINT (-87.702986590477 41.946763461435)
0c580a8230f0b8360467b7d5073801827a3012db676c03ee05ec706d9e2bea3dabc10e0a2bfa623059075fa232fa35aa2a4e90e1e595f0ae867749041e85208f,,09/13/2022 02:09:00 PM,30,NO CONTROLS,MISSING,CLEAR,DAYLIGHT,PEDALCYCLIST,T-INTERSECTION,,STRAIGHT AND LEVEL,DRY,OTHER,ON SCENE,INJURY AND / OR TOW DUE TO CRASH,Y,,,$500 OR LESS,09/13/2022 02:10:00 PM,FAILING TO REDUCE SPEED TO AVOID CRASH,UNABLE TO DETERMINE,1001,W,47TH ST,933.0,,,,,,,2,"REPORTED, NOT EVIDENT",1.0,0.0,0.0,0.0,1.0,1.0,0.0,14,3,9,41.8086840464,-87.650515903,POINT (-87.65051590304 41.808684046361)
ae57d44227a7a5a93c5aba1d7bd5ea8b6d6c08a283901e5f2410ba11dd6dc05cbd0af8ec5ed519eea4dc2f65aa1870820cbc75299d6008c4814117253c1feb89,,07/01/2020 04:00:00 PM,15,NO CONTROLS,NO CONTROLS,CLEAR,DAYLIGHT,PARKED MOTOR VEHICLE,PARKING LOT,,STRAIGHT AND LEVEL,DRY,NO DEFECTS,NOT ON SCENE (DESK REPORT),NO INJURY / DRIVE AWAY,,,,"$501 - $1,500",07/01/2020 04:27:00 PM,IMPROPER BACKING,NOT APPLICABLE,5441,N,LONG AVE,1623.0,,,,,,,2,NO INDICATION OF INJURY,0.0,0.0,0.0,0.0,0.0,1.0,0.0,16,4,7,41.9805627876,-87.7633612798,POINT (-87.763361279781 41.980562787618)
3c5121fa8454b56d7072503a3725df222b39186032773039d08d6dd1313fe3a2ac57244cab9c36c2c869d2858284c7db2644cc2cf869b6414f6ed43db1294b4d,,03/31/2019 10:38:00 PM,35,STOP SIGN/FLASHER,FUNCTIONING PROPERLY,CLEAR,"DARKNESS, LIGHTED ROAD",ANGLE,NOT DIVIDED,,STRAIGHT AND LEVEL,DRY,NO DEFECTS,NOT ON SCENE (DESK REPORT),INJURY AND / OR TOW DUE TO CRASH,Y,,,"OVER $1,500",03/31/2019 10:38:00 PM,DISREGARDING STOP SIGN,FAILING TO YIELD RIGHT-OF-WAY,2700,S,KEDZIE AVE,1032.0,,,,,,,2,NO INDICATION OF INJURY,0.0,0.0,0.0,0.0,0.0,2.0,0.0,22,1,3,41.8426025264,-87.7051278107,POINT (-87.705127810739 41.842602526365)
0a79c671fd2dca309afd0546bdfdcbed5e21f25cf24a3fff2956452513d47e88c99a62bc80b30518b4cfc8d99d8bd9b9b6b6fd1316d83ba90fd3dfbcab1b837d,,03/13/2024 03:30:00 PM,30,NO CONTROLS,NO CONTROLS,CLEAR,DAYLIGHT,REAR END,NOT DIVIDED,,STRAIGHT AND LEVEL,DRY,UNKNOWN,ON SCENE,NO INJURY / DRIVE AWAY,,,,"$501 - $1,500",03/13/2024 03:34:00 PM,UNABLE TO DETERMINE,FOLLOWING TOO CLOSELY,1621,W,MARQUETTE RD,725.0,,,,,,,2,NO INDICATION OF INJURY,0.0,0.0,0.0,0.0,0.0,5.0,0.0,15,4,3,41.7720695421,-87.6649326389,POINT (-87.664932638865 41.772069542147)
ac83b04629cf92cee8205249af784fded30b3ec3b57a2b494415bd91881edb319cc9b1e892e4a1b80e5e59af86fa8609587c8f53e4f947c677e970eb22cc171a,,02/19/2019 07:00:00 AM,30,TRAFFIC SIGNAL,FUNCTIONING PROPERLY,CLEAR,DAYLIGHT,REAR END,NOT DIVIDED,4,STRAIGHT AND LEVEL,DRY,NO DEFECTS,NOT ON SCENE (DESK REPORT),NO INJURY / DRIVE AWAY,,,,"OVER $1,500",02/19/2019 07:26:00 AM,FOLLOWING TOO CLOSELY,UNABLE TO DETERMINE,301,S,WESTERN AVE,1225.0,,,,,,,2,NO INDICATION OF INJURY,0.0,0.0,0.0,0.0,0.0,3.0,0.0,7,3,2,41.8774769618,-87.6861960296,POINT (-87.686196029587 41.877476961841)
1004006613a6e1222a73cdaaad4c0228b1ce24f55824ecac44d86baf9235c11731090285f4de4a51464e450f1a33edab4ddd38c9fee0d3180adef584643e8ace,,03/26/2016 01:40:00 PM,30,TRAFFIC SIGNAL,FUNCTIONING IMPROPERLY,CLEAR,DAYLIGHT,REAR END,NOT DIVIDED,2,STRAIGHT AND LEVEL,DRY,NO DEFECTS,NOT ON SCENE (DESK REPORT),NO INJURY / DRIVE AWAY,Y,,,"$501 - $1,500",03/26/2016 02:05:00 PM,FOLLOWING TOO CLOSELY,NOT APPLICABLE,1900,W,CHICAGO AVE,1212.0,,,,,,,2,NO INDICATION OF INJURY,0.0,0.0,0.0,0.0,0.0,2.0,0.0,13,7,3,41.8960594774,-87.6746754696,POINT (-87.674675469582 41.896059477376)
90b802a368c1e278d9592649ebe5e6c062bd7c79c4b928ac85053c64956aa4b432a1efcac7c1992c051a9e2440e40ff3f8c9a64634d729a09da79533d4d296f0,,02/23/2018 03:55:00 PM,30,NO CONTROLS,NO CONTROLS,CLEAR,DAYLIGHT,SIDESWIPE SAME DIRECTION,DIVIDED - W/MEDIAN BARRIER,4,STRAIGHT AND LEVEL,DRY,NO DEFECTS,NOT ON SCENE (DESK REPORT),NO INJURY / DRIVE AWAY,,,,$500 OR LESS,02/23/2018 04:15:00 PM,NOT APPLICABLE,NOT APPLICABLE,1300,W,GARFIELD BLVD,934.0,,,,,,,2,NO INDICATION OF INJURY,0.0,0.0,0.0,0.0,0.0,2.0,0.0,15,6,2,41.7942479513,-87.6574264032,POINT (-87.657426403179 41.794247951307)
b3d88747fde0f8e002105b8dae7cb33c0822e8e680a872040e35219da9401a1a2584323d1c6532013a092d104902f3d469c0aa382973aee1a38c38f9431dd4b4,,09/12/2025 10:45:00 AM,30,TRAFFIC SIGNAL,FUNCTIONING PROPERLY,CLEAR,DAYLIGHT,REAR END,FOUR WAY,,STRAIGHT AND LEVEL,DRY,UNKNOWN,ON SCENE,NO INJURY / DRIVE AWAY,Y,,,$500 OR LESS,09/12/2025 11:05:00 AM,FOLLOWING TOO CLOSELY,UNABLE TO DETERMINE,601,S,WESTERN AVE,1225.0,,,,,,,2,NO INDICATION OF INJURY,0.0,0.0,0.0,0.0,0.0,2.0,0.0,10,6,9,41.8738472258,-87.6860875694,POINT (-87.686087569371 41.873847225759)
a26b1c1c8f92fb5c15b58d3b00eed2900d87cdc666cd7bdc8d7367b1f295f705acfeb54ff45a4a55587e4b6c8e961474b872ab882646045358265b8ba3fe5313,,05/12/2025 04:15:00 PM,25,NO CONTROLS,NO CONTROLS,CLEAR,DAYLIGHT,TURNING,NOT DIVIDED,,STRAIGHT AND LEVEL,DRY,NO DEFECTS,NOT ON SCENE (DESK REPORT),NO INJURY / DRIVE AWAY,,,,"$501 - $1,500",05/12/2025 06:31:00 PM,NOT APPLICABLE,NOT APPLICABLE,4700,W,AUGUSTA BLVD,1111.0,,,,,,,2,NO INDICATION OF INJURY,0.0,0.0,0.0,0.0,0.0,2.0,0.0,16,2,5,41.8988452651,-87.7437406564,POINT (-87.743740656365 41.898845265149)
af3863bf8b97085025cc0b1583c5fb2a6e3a3bf311c249abef36e9a11c03de2ebddc561938e880cddff865ba2c7a5ca49b9438e56b993f931368aee65a282100,,10/31/2019 04:45:00 PM,30,NO CONTROLS,NO CONTROLS,SNOW,DARKNESS,PARKED MOTOR VEHICLE,PARKING LOT,,STRAIGHT AND LEVEL,SNOW OR SLUSH,NO DEFECTS,NOT ON SCENE (DESK REPORT),NO INJURY / DRIVE AWAY,,,Y,"OVER $1,500",11/07/2019 04:45:00 PM,IMPROPER TURNING/NO SIGNAL,IMPROPER TURNING/NO SIGNAL,4802,S,ASHLAND AVE,931.0,,,,,,,2,NO INDICATION OF INJURY,0.0,0.0,0.0,0.0,0.0,1.0,0.0,16,5,10,41.8066325978,-87.6650633256,POINT (-87.665063325617 41.806632597822)
e4031a3ec9556cdaa3d2b68ff4a17606efad4dc5a38e9a5330c520f27cf3b9406fcc03063f5c38f888a2231fcf88deb23a0e5cd7d6644ff087bf0b1d045efea9,,01/30/2022 05:20:00 PM,30,NO CONTROLS,NO CONTROLS,CLEAR,"DARKNESS, LIGHTED ROAD",PEDESTRIAN,NOT DIVIDED,,STRAIGHT ON HILLCREST,WET,NO DEFECTS,ON SCENE,INJURY AND / OR TOW DUE TO CRASH,,,Y,$500 OR LESS,01/30/2022 05:22:00 PM,UNABLE TO DETERMINE,UNABLE TO DETERMINE,3075,S,ARCHER AVE,912.0,,,,,,,2,INCAPACITATING INJURY,1.0,0.0,1.0,0.0,0.0,1.0,0.0,17,1,1,41.8382971588,-87.6644957733,POINT (-87.664495773338 41.838297158834)
a8af3f923e82b186689caaa8eba42f96405d882ba729c6335e9ad319968c1000e3210ff64f1a04d11036b96606964bfbda9ffc400dd720526bf1db32fc11b0b0,Y,04/05/2016 03:53:00 PM,25,NO CONTROLS,NO CONTROLS,CLEAR,DAYLIGHT,PEDESTRIAN,ONE-WAY,1,STRAIGHT AND LEVEL,DRY,NO DEFECTS,ON SCENE,INJURY AND / OR TOW DUE TO CRASH,,,,$500 OR LESS,04/05/2016 04:45:00 PM,UNABLE TO DETERMINE,NOT APPLICABLE,6522,S,VERNON AVE,312.0,,,,,,,2,"REPORTED, NOT EVIDENT",1.0,0.0,0.0,0.0,1.0,1.0,0.0,15,3,4,41.775913094,-87.6144668611,POINT (-87.614466861121 41.775913094014)
12552d295545e7e8dae27885a0ead076130f1ec559f75503ce81a40370999cd3f92305ec2e62caeb4119e4527a54e64d1097c5227fd7480a16c6647ba8a9e343,,11/19/2020 09:10:00 PM,25,NO CONTROLS,NO CONTROLS,CLEAR,"DARKNESS, LIGHTED ROAD",FIXED OBJECT,ONE-WAY,,STRAIGHT AND LEVEL,DRY,NO DEFECTS,ON SCENE,NO INJURY / DRIVE AWAY,,,,"OVER $1,500",11/19/2020 09:15:00 PM,UNABLE TO DETERMINE,NOT APPLICABLE,4702,S,KARLOV AVE,815.0,,,,,,,1,NO INDICATION OF INJURY,0.0,0.0,0.0,0.0,0.0,1.0,0.0,21,5,11,41.8076907879,-87.7261742981,POINT (-87.726174298056 41.807690787935)
7cda95259656fdcba935e8aa09a677500a661f1c65fe6d87d8fe2635a2c594a9d9124ba6385bdabb7d7380c4bf6ffdbf2fa475c334107db7fa60cd9e9213adaa,,12/27/2019 07:04:00 PM,15,NO CONTROLS,NO CONTROLS,CLEAR,"DARKNESS, LIGHTED ROAD",ANGLE,PARKING LOT,,STRAIGHT AND LEVEL,DRY,NO DEFECTS,ON SCENE,NO INJURY / DRIVE AWAY,,N,,"OVER $1,500",12/27/2019 07:04:00 PM,IMPROPER BACKING,NOT APPLICABLE,2840,W,NORTH AVE,1421.0,,,,,,,2,NO INDICATION OF INJURY,0.0,0.0,0.0,0.0,0.0,2.0,0.0,19,6,12,41.9103126838,-87.6986450567,POINT (-87.698645056731 41.910312683792)
c61193cf84fbc5e5fd6104df10f56fc6232885b594ea6692319452924dcdae868dbda5dfd582619b4b9a0bc39d8d3a2e877f272784a560405c4d4bcdb5198e8d,,02/04/2020 05:30:00 PM,30,TRAFFIC SIGNAL,FUNCTIONING PROPERLY,CLEAR,"DARKNESS, LIGHTED ROAD",REAR END,DIVIDED - W/MEDIAN (NOT RAISED),,STRAIGHT AND LEVEL,DRY,NO DEFECTS,NOT ON SCENE (DESK REPORT),NO INJURY / DRIVE AWAY,Y,,,"$501 - $1,500",02/04/2020 05:46:00 PM,UNABLE TO DETERMINE,UNABLE TO DETERMINE,3971,N,MILWAUKEE AVE,1731.0,,,,,,,2,NO INDICATION OF INJURY,0.0,0.0,0.0,0.0,0.0,3.0,0.0,17,3,2,41.9530521548,-87.7465066142,POINT (-87.746506614206 41.953052154788)
8d5bda87f41908517bdf5d49c349f70a4cb3b159a8d7832726c686963d6b6275349a908f5d80cc7e412e4cedd3a4b550387b660cd2e9ad0b9a7837d7209d924e,,09/23/2020 10:00:00 AM,30,NO CONTROLS,NO CONTROLS,CLEAR,DAYLIGHT,PARKED MOTOR VEHICLE,ONE-WAY,,STRAIGHT AND LEVEL,DRY,NO DEFECTS,NOT ON SCENE (DESK REPORT),NO INJURY / DRIVE AWAY,,,,"OVER $1,500",09/23/2020 06:30:00 PM,UNABLE TO DETERMINE,UNABLE TO DETERMINE,8535,S,DREXEL AVE,632.0,,,,,,,2,NO INDICATION OF INJURY,0.0,0.0,0.0,0.0,0.0,1.0,0.0,10,4,9,41.7392748422,-87.602320829,POINT (-87.602320829041 41.739274842151)
8632c4917c43df89ba02a15a03b0f99bde73bcf19f9b14cebc8c4284e43b4f3a262db5e9fb09172d6fea957aef6609af93778fcb5dbd91a3d7c86cabd649cf4a,,10/09/2025 05:10:00 PM,30,UNKNOWN,UNKNOWN,UNKNOWN,UNKNOWN,SIDESWIPE SAME DIRECTION,ONE-WAY,,STRAIGHT AND LEVEL,UNKNOWN,UNKNOWN,NOT ON SCENE (DESK REPORT),NO INJURY / DRIVE AWAY,,,,"OVER $1,500",10/09/2025 05:23:00 PM,DRIVING SKILLS/KNOWLEDGE/EXPERIENCE,UNABLE TO DETERMINE,181,N,DEARBORN ST,111.0,,,,,,,2,NO INDICATION OF INJURY,0.0,0.0,0.0,0.0,0.0,3.0,0.0,17,5,10,41.8853504636,-87.629337393,POINT (-87.62933739296 41.88535046357)
6cd8cf290a7bc90c2e7ec901d3232bab50e56ef110201a286a1a0c267aeda70df428725a238d5f3bb6adae6141fb62e51d4e8d01b76eca8c39bcf8560b8b6de1,,12/16/2016 11:04:00 AM,30,TRAFFIC SIGNAL,FUNCTIONING PROPERLY,CLEAR,DAYLIGHT,REAR END,NOT DIVIDED,8,STRAIGHT AND LEVEL,DRY,NO DEFECTS,NOT ON SCENE (DESK REPORT),NO INJURY / DRIVE AWAY,,,,$500 OR LESS,12/16/2016 12:30:00 PM,FOLLOWING TOO CLOSELY,FAILING TO REDUCE SPEED TO AVOID CRASH,9505,S,STONY ISLAND AVE,431.0,,,,,,,2,NO INDICATION OF INJURY,0.0,0.0,0.0,0.0,0.0,2.0,0.0,11,6,12,41.7221141443,-87.5849545247,POINT (-87.584954524679 41.722114144277)
1491dd396f09cff45afa4b2a874961b5dee91359e07cb1bdabfa0bfdd45267c46aabb1fa1b70f2b813ca998a7bf24697e5659ab734abd4a4abde25f5ffe35f36,,05/16/2022 04:15:00 PM,30,NO CONTROLS,NO CONTROLS,CLEAR,DAYLIGHT,PARKED MOTOR VEHICLE,NOT DIVIDED,,STRAIGHT AND LEVEL,DRY,NO DEFECTS,NOT ON SCENE (DESK REPORT),NO INJURY / DRIVE AWAY,,,,"OVER $1,500",05/16/2022 05:10:00 PM,NOT APPLICABLE,NOT APPLICABLE,4700,S,WESTERN AVE,922.0,,,,,,,2,NO INDICATION OF INJURY,0.0,0.0,0.0,0.0,0.0,2.0,0.0,16,2,5,41.8083784079,-87.6845707169,POINT (-87.684570716896 41.808378407947)
9792eda06765797ae723cbfabfe6f1d9d3af92a63bcf232e4e30d55b6bcf553e610ee8ac225d4e880794f36e4ab0410d326a5736dd0e4121c32ef5b0a3b5ed3b,,07/21/2024 12:00:00 PM,30,STOP SIGN/FLASHER,NO CONTROLS,UNKNOWN,UNKNOWN,TURNING,T-INTERSECTION,,STRAIGHT AND LEVEL,UNKNOWN,UNKNOWN,NOT ON SCENE (DESK REPORT),NO INJURY / DRIVE AWAY,Y,,,"OVER $1,500",07/22/2024 04:00:00 PM,FAILING TO YIELD RIGHT-OF-WAY,FAILING TO REDUCE SPEED TO AVOID CRASH,1800,S,THROOP ST,1233.0,Y,Y,,,,,2,NO INDICATION OF INJURY,0.0,0.0,0.0,0.0,0.0,2.0,0.0,12,1,7,41.8578636114,-87.6590205678,POINT (-87.659020567803 41.857863611426)
6def8e8acfccf2410afcf78a95145a652c612a84a63e24bebb7f437d10c8ee520f1f04182c9d6daa02d418c82c24b128085982252016c4466f895f41911e6176,,07/09/2022 11:04:00 AM,30,NO CONTROLS,NO CONTROLS,CLEAR,DAYLIGHT,SIDESWIPE SAME DIRECTION,DIVIDED - W/MEDIAN (NOT RAISED),,STRAIGHT AND LEVEL,DRY,WORN SURFACE,ON SCENE,NO INJURY / DRIVE AWAY,,,,"OVER $1,500",07/09/2022 11:34:00 AM,RELATED TO BUS STOP,NOT APPLICABLE,612,W,ROOSEVELT RD,124.0,,,,,,,2,NO INDICATION OF INJURY,0.0,0.0,0.0,0.0,0.0,2.0,0.0,11,7,7,41.8673219137,-87.642732232,POINT (-87.642732231955 41.867321913739)
c76249e8693da348108e2174844a64eb8b4929f0e997dc6b10729f0b8e7b200387dab3912ffd504f05182b69c0c544792788add4bc2cd44ea34271a5ffa4ee9f,,09/21/2018 07:45:00 AM,30,NO CONTROLS,NO CONTROLS,CLEAR,DAYLIGHT,PEDESTRIAN,NOT DIVIDED,2,STRAIGHT AND LEVEL,DRY,NO DEFECTS,ON SCENE,INJURY AND / OR TOW DUE TO CRASH,,,Y,$500 OR LESS,09/21/2018 07:47:00 AM,FAILING TO REDUCE SPEED TO AVOID CRASH,EXCEEDING AUTHORIZED SPEED LIMIT,6127,S,MORGAN ST,712.0,,,,,,,2,NONINCAPACITATING INJURY,1.0,0.0,0.0,1.0,0.0,1.0,0.0,7,6,9,41.7824900969,-87.6495677948,POINT (-87.649567794794 41.782490096918)
b826b9faaea0cf6ebf79dfd13c27022b4e2d4fba005b5656ce1fdd6a41dd9abd476d78eccb66f191137b7adf3b5ffd642cfb17a72ce64b5abf7dd1895dced69f,,11/19/2020 08:57:00 PM,30,TRAFFIC SIGNAL,FUNCTIONING PROPERLY,CLEAR,DARKNESS,ANGLE,NOT DIVIDED,,STRAIGHT AND LEVEL,DRY,NO DEFECTS,ON SCENE,INJURY AND / OR TOW DUE TO CRASH,Y,,Y,"OVER $1,500",11/19/2020 08:57:00 PM,DISREGARDING TRAFFIC SIGNALS,UNABLE TO DETERMINE,4799,W,PALMER ST,2522.0,,,,,,,2,NONINCAPACITATING INJURY,1.0,0.0,0.0,1.0,0.0,2.0,0.0,20,5,11,41.9204752758,-87.7461468114,POINT (-87.74614681138 41.920475275831)
1d3d1e3674d437a95a2599adcdda0da6b4b82dab84eb87ed14579e6f421ab0346b0ef114dd61feb6aaf314c07bec09effc4ac7c7a632bf2bc266be38ac430928,,11/14/2022 10:30:00 AM,15,NO CONTROLS,NO CONTROLS,CLEAR,DAYLIGHT,PARKED MOTOR VEHICLE,PARKING LOT,,STRAIGHT AND LEVEL,DRY,NO DEFECTS,NOT ON SCENE (DESK REPORT),NO INJURY / DRIVE AWAY,,Y,,"$501 - $1,500",11/14/2022 02:30:00 PM,UNABLE TO DETERMINE,UNABLE TO DETERMINE,2940,N,ASHLAND AVE,1931.0,,,,,,,2,NO INDICATION OF INJURY,0.0,0.0,0.0,0.0,0.0,1.0,0.0,10,2,11,41.9354720327,-87.6686545431,POINT (-87.668654543143 41.935472032732)
57d273440f9c7fb6078cfaa9a3cdbe98a0ab1fa4811e732bf87d5c1243181df0cf5a25cfa6176c0793b6fb25c868d5fc14e55a74e0042ee893ca376aad690bae,,07/07/2024 01:51:00 PM,35,TRAFFIC SIGNAL,NO CONTROLS,CLEAR,DAYLIGHT,REAR END,FOUR WAY,,STRAIGHT AND LEVEL,DRY,NO DEFECTS,NOT ON SCENE (DESK REPORT),NO INJURY / DRIVE AWAY,,,,$500 OR LESS,07/07/2024 02:20:00 PM,DRIVING SKILLS/KNOWLEDGE/EXPERIENCE,FOLLOWING TOO CLOSELY,1925,S,MICHIGAN AVE,132.0,,,,,,,2,NO INDICATION OF INJURY,0.0,0.0,0.0,0.0,0.0,2.0,0.0,13,1,7,41.8558865013,-87.6237385199,POINT (-87.6237385199 41.855886501297)
3738fee0a9f3ef8cd5828fb45e5c1ff1314017c14956ed6192b12bb7f7ef500420fb14e93aef5b27c2827d4c7d6c452e16228563fcde90882d9059e38e60d131,,05/11/2021 03:56:00 PM,30,NO CONTROLS,NO CONTROLS,CLEAR,DAYLIGHT,ANGLE,DIVIDED - W/MEDIAN (NOT RAISED),,STRAIGHT AND LEVEL,DRY,NO DEFECTS,NOT ON SCENE (DESK REPORT),NO INJURY / DRIVE AWAY,,,,"OVER $1,500",05/11/2021 04:30:00 PM,UNABLE TO DETERMINE,UNABLE TO DETERMINE,4520,N,KEDZIE AVE,1724.0,,,,,,,2,NO INDICATION OF INJURY,0.0,0.0,0.0,0.0,0.0,4.0,0.0,15,3,5,41.9636567865,-87.7084722269,POINT (-87.708472226854 41.963656786482)
a47a78cd7d944ec9cfac668481fda2b6ec9aba0769161db4ee6718752b1d241f7c1885160863ac3d49ecc6f4f63b184b0740919facab97d244b75e52acfb2ba6,,11/24/2022 04:47:00 PM,30,STOP SIGN/FLASHER,FUNCTIONING PROPERLY,UNKNOWN,UNKNOWN,ANGLE,FOUR WAY,,STRAIGHT AND LEVEL,UNKNOWN,UNKNOWN,NOT ON SCENE (DESK REPORT),NO INJURY / DRIVE AWAY,Y,,,"OVER $1,500",11/25/2022 09:00:00 PM,DISREGARDING TRAFFIC SIGNALS,UNABLE TO DETERMINE,100,N,LAVERGNE AVE,1532.0,,,,,,,2,NO INDICATION OF INJURY,0.0,0.0,0.0,0.0,0.0,2.0,0.0,16,5,11,41.8818149587,-87.7503722629,POINT (-87.750372262913 41.881814958709)
8f9a3f988419749511fd52f36fb8a0a92923d226ff87fe5e9b698cc283663502df0252ab4e0297bbc7eb765678e9ac47caab41fc3176be0635133a44076bfca6,,09/11/2024 03:48:00 PM,30,UNKNOWN,UNKNOWN,CLEAR,DAYLIGHT,TURNING,NOT DIVIDED,,STRAIGHT AND LEVEL,DRY,NO DEFECTS,ON SCENE,NO INJURY / DRIVE AWAY,,,,"$501 - $1,500",09/11/2024 04:01:00 PM,UNABLE TO DETERMINE,NOT APPLICABLE,6063,N,SAUGANASH AVE,1711.0,,,,,,,2,NO INDICATION OF INJURY,0.0,0.0,0.0,0.0,0.0,2.0,0.0,15,4,9,41.9912078051,-87.7350163258,POINT (-87.735016325837 41.991207805124)
4d619534bd1371bebc8b1e33b4e97995cda4407899648e6f2a27b7fcff7411d00f1ccbb79cf76cd5ea99c32f94e824e0f3549bd2d83058747ac8ceab63996c16,,10/04/2018 05:25:00 PM,30,NO CONTROLS,NO CONTROLS,CLEAR,DAYLIGHT,REAR END,DIVIDED - W/MEDIAN (NOT RAISED),2,STRAIGHT AND LEVEL,DRY,NO DEFECTS,ON SCENE,NO INJURY / DRIVE AWAY,,,,"$501 - $1,500",10/04/2018 05:31:00 PM,FOLLOWING TOO CLOSELY,UNABLE TO DETERMINE,3754,N,HARLEM AVE,1631.0,,,,,,,2,NO INDICATION OF INJURY,0.0,0.0,0.0,0.0,0.0,2.0,0.0,17,5,10,41.9483529398,-87.8072614372,POINT (-87.80726143724 41.948352939814)
5c2c20dd791a7c17ab9b8e013456a41693fa0ae4603b872a6b3ace6000a14ba10135ea42990d8135006c656832fd6b8f3a4388b7e64cac3c7a3e72606351a9b1,,02/22/2021 12:28:00 PM,35,STOP SIGN/FLASHER,FUNCTIONING PROPERLY,CLEAR,DAYLIGHT,SIDESWIPE SAME DIRECTION,NOT DIVIDED,,STRAIGHT AND LEVEL,WET,NO DEFECTS,ON SCENE,NO INJURY / DRIVE AWAY,Y,,,$500 OR LESS,02/22/2021 12:28:00 PM,UNABLE TO DETERMINE,NOT APPLICABLE,6300,S,MORGAN ST,724.0,,,,,,,2,NO INDICATION OF INJURY,0.0,0.0,0.0,0.0,0.0,3.0,0.0,12,2,2,41.7795810129,-87.6497871291,POINT (-87.649787129108 41.779581012899)
63d93386be381d9795c22ef4860ae38e4011d095c78f705205d4c68d2bb752a1c40fe2f7a613e5a4b8d38a951554742be2282c16305e86999b70c763693c5794,,06/20/2018 02:45:00 PM,30,NO CONTROLS,NO CONTROLS,CLEAR,DAYLIGHT,SIDESWIPE SAME DIRECTION,NOT DIVIDED,2,"CURVE, LEVEL",DRY,NO DEFECTS,ON SCENE,NO INJURY / DRIVE AWAY,,,,"$501 - $1,500",06/20/2018 02:55:00 PM,IMPROPER OVERTAKING/PASSING,IMPROPER LANE USAGE,3530,W,CERMAK RD,1024.0,,,,,,,2,NO INDICATION OF INJURY,0.0,0.0,0.0,0.0,0.0,3.0,0.0,14,4,6,41.8517903585,-87.7135664484,POINT (-87.713566448428 41.851790358529)