CRASH_RECORD_ID,CRASH_DATE_EST_I,CRASH_DATE,POSTED_SPEED_LIMIT,TRAFFIC_CONTROL_DEVICE,DEVICE_CONDITION,WEATHER_CONDITION,LIGHTING_CONDITION,FIRST_CRASH_TYPE,TRAFFICWAY_TYPE,LANE_CNT,ALIGNMENT,ROADWAY_SURFACE_COND,ROAD_DEFECT,REPORT_TYPE,CRASH_TYPE,INTERSECTION_RELATED_I,NOT_RIGHT_OF_WAY_I,HIT_AND_RUN_I,DAMAGE,DATE_POLICE_NOTIFIED,PRIM_CONTRIBUTORY_CAUSE,SEC_CONTRIBUTORY_CAUSE,STREET_NO,STREET_DIRECTION,STREET_NAME,BEAT_OF_OCCURRENCE,PHOTOS_TAKEN_I,STATEMENTS_TAKEN_I,DOORING_I,WORK_ZONE_I,WORK_ZONE_TYPE,WORKERS_PRESENT_I,NUM_UNITS,MOST_SEVERE_INJURY,INJURIES_TOTAL,INJURIES_FATAL,INJURIES_INCAPACITATING,INJURIES_NON_INCAPACITATING,INJURIES_REPORTED_NOT_EVIDENT,INJURIES_NO_INDICATION,INJURIES_UNKNOWN,CRASH_HOUR,CRASH_DAY_OF_WEEK,CRASH_MONTH,LATITUDE,LONGITUDE,LOCATION
fd96f8fa1b8850f23ad723b70786f44a34e90505328208e937af08e77bcd3b0b9d12a23c6e09e1cb9eb21a88b9518db64392c18a0b6a217475a70da5a650e98c,,04/08/2023 01:51:00 PM,30,TRAFFIC SIGNAL,FUNCTIONING PROPERLY,CLEAR,DAYLIGHT,ANGLE,FOUR WAY,,STRAIGHT AND LEVEL,DRY,NO DEFECTS,ON SCENE,INJURY AND / OR TOW DUE TO CRASH,Y,,,"OVER $1,500",04/08/2023 02:00:00 PM,DISREGARDING TRAFFIC SIGNALS,NOT APPLICABLE,9458,S,ASHLAND AVE,2221.0,,,,,,,3,NONINCAPACITATING INJURY,4.0,0.0,0.0,4.0,0.0,2.0,0.0,13,7,4,41.7213032901,-87.6628329469,POINT (-87.66283294688 41.72130329006)
859986ef11a222d8d934cbb6524d8abc053ceb794f2db247a9304662e577291db1bea758d4415dae724598d40e7d14307323e6dda9e77b702f3bdaf0810faf0f,,04/11/2024 02:48:00 PM,30,STOP SIGN/FLASHER,FUNCTIONING PROPERLY,CLEAR,DAYLIGHT,TURNING,FOUR WAY,,STRAIGHT AND LEVEL,DRY,UNKNOWN,NOT ON SCENE (DESK REPORT),NO INJURY / DRIVE AWAY,Y,,Y,"$501 - $1,500",04/11/2024 05:10:00 PM,FAILING TO YIELD RIGHT-OF-WAY,NOT APPLICABLE,5400,W,BLOOMINGDALE AVE,2532.0,,,,,,,2,NO INDICATION OF INJURY,0.0,0.0,0.0,0.0,0.0,2.0,0.0,14,5,4,41.9132023875,-87.7607497031,POINT (-87.760749703108 41.913202387465)
d560995029fbc0f9af34df98fe32e3eede682c084c1689de60abfe159200985a0ab78d6ef56f854ed22f6a8ad729cde26d13706eab19673c2f69e5ab17a4a594,,01/08/2022 10:55:00 AM,25,STOP SIGN/FLASHER,NO CONTROLS,CLEAR,DAYLIGHT,REAR END,NOT DIVIDED,,STRAIGHT AND LEVEL,DRY,NO DEFECTS,NOT ON SCENE (DESK REPORT),NO INJURY / DRIVE AWAY,Y,,,"OVER $1,500",01/08/2022 01:20:00 PM,FOLLOWING TOO CLOSELY,NOT APPLICABLE,3631,W,ROSCOE ST,1732.0,,,,,,,2,NO INDICATION OF INJURY,0.0,0.0,0.0,0.0,0.0,2.0,0.0,10,7,1,41.9427354604,-87.7187916016,POINT (-87.71879160164 41.942735460394)
f6e5f00a16e48ce1f8d2d53cdd7162d04b643ff9368fe49d161cce65913e14b619e7b2dddf3bf0afcdc9d4c219638f5d9bdba96a639cde0aead25637f9f7efa6,,02/25/2023 05:00:00 AM,20,NO CONTROLS,NO CONTROLS,UNKNOWN,"DARKNESS, LIGHTED ROAD",PARKED MOTOR VEHICLE,OTHER,,STRAIGHT AND LEVEL,UNKNOWN,UNKNOWN,NOT ON SCENE (DESK REPORT),INJURY AND / OR TOW DUE TO CRASH,,,Y,"OVER $1,500",02/28/2023 07:30:00 PM,NOT APPLICABLE,NOT APPLICABLE,3224,W,BERTEAU AVE,1724.0,,,,,,,2,NO INDICATION OF INJURY,0.0,0.0,0.0,0.0,0.0,1.0,0.0,5,7,2,41.9576521544,-87.7091672291,POINT (-87.709167229091 41.957652154395)
5b5a4fd64594fcd5d32f49e24278df8650b89ec3f4608254403ff8bcbd51f450c8fa5b56919257cbb14dd4cd87817ea2d4e3158091de5f171a7f0f695e36f3a3,,12/20/2016 08:00:00 AM,20,NO CONTROLS,NO CONTROLS,CLEAR,DAYLIGHT,REAR END,DIVIDED - W/MEDIAN (NOT RAISED),4,STRAIGHT AND LEVEL,DRY,NO DEFECTS,NOT ON SCENE (DESK REPORT),NO INJURY / DRIVE AWAY,,,,"OVER $1,500",12/20/2016 10:38:00 AM,FAILING TO REDUCE SPEED TO AVOID CRASH,NOT APPLICABLE,3816,S,STATE ST,213.0,,,,,,,2,NO INDICATION OF INJURY,0.0,0.0,0.0,0.0,0.0,2.0,0.0,8,3,12,41.8249930891,-87.6265619457,POINT (-87.626561945734 41.824993089123)
d0e98fc8dce587100adac7597cd1eb58fb46ec36bdf8dd1e26fc1797e827eeaa99b8de32e50745718a128e1ba55a32f1e404321a33165e67797beaaf0e8da26a,,06/20/2018 11:45:00 AM,30,NO CONTROLS,NO CONTROLS,CLEAR,DAYLIGHT,REAR END,DIVIDED - W/MEDIAN BARRIER,,STRAIGHT AND LEVEL,DRY,NO DEFECTS,NOT ON SCENE (DESK REPORT),INJURY AND / OR TOW DUE TO CRASH,,,,"$501 - $1,500",06/20/2018 12:55:00 PM,FOLLOWING TOO CLOSELY,NOT APPLICABLE,4614,W,GRAND AVE,2533.0,,,,,,,2,"REPORTED, NOT EVIDENT",2.0,0.0,0.0,0.0,2.0,4.0,0.0,11,4,6,41.9123690172,-87.7417709626,POINT (-87.74177096263 41.912369017179)
0119ae368f70e756d15d9ad313a5744cf910abb7657f6566e73ce84245374c0cc4107c38fa3b74e22d00793dc620fa7e0c59c45c06e6b83ebdd9f15259e0d5d9,,03/27/2016 03:45:00 PM,15,NO CONTROLS,NO CONTROLS,CLEAR,DAYLIGHT,PARKED MOTOR VEHICLE,PARKING LOT,,STRAIGHT AND LEVEL,DRY,NO DEFECTS,NOT ON SCENE (DESK REPORT),NO INJURY / DRIVE AWAY,,Y,Y,"$501 - $1,500",03/27/2016 04:40:00 PM,UNABLE TO DETERMINE,NOT APPLICABLE,6740,N,RIDGE BLVD,2412.0,,,,,,,2,NO INDICATION OF INJURY,0.0,0.0,0.0,0.0,0.0,1.0,0.0,15,1,3,42.0045335502,-87.6800215274,POINT (-87.680021527442 42.004533550244)
6e9c26f1078e2543b1830689dac9268525b91729be9d6e3ed1863fdb448ef5837d3a7fd6c97d615f29701e0a580ab0251fab114ccb8ebb450606b6c56ea10b80,Y,04/08/2017 12:00:00 PM,30,NO CONTROLS,NO CONTROLS,CLEAR,DAYLIGHT,PARKED MOTOR VEHICLE,NOT DIVIDED,2,STRAIGHT AND LEVEL,DRY,NO DEFECTS,NOT ON SCENE (DESK REPORT),NO INJURY / DRIVE AWAY,,,Y,"OVER $1,500",04/11/2017 08:35:00 AM,UNABLE TO DETERMINE,UNABLE TO DETERMINE,3913,N,CLARK ST,1923.0,,,,,,,2,NO INDICATION OF INJURY,0.0,0.0,0.0,0.0,0.0,1.0,0.0,12,7,4,41.953020649,-87.6610052578,POINT (-87.661005257777 41.953020648961)
2af8eea0adf734ff1426df9b2f3a7b4a93bdbb0a05844d096a38cffc396a3096e75a19e2130d4d43688c0b6da070f5cd111423299523f456867c8535f589323a,,03/12/2017 01:45:00 AM,30,TRAFFIC SIGNAL,FUNCTIONING PROPERLY,CLEAR,"DARKNESS, LIGHTED ROAD",REAR END,NOT DIVIDED,2,STRAIGHT AND LEVEL,DRY,NO DEFECTS,NOT ON SCENE (DESK REPORT),NO INJURY / DRIVE AWAY,Y,,,$500 OR LESS,03/12/2017 12:40:00 PM,FOLLOWING TOO CLOSELY,UNABLE TO DETERMINE,3198,N,HALSTED ST,1933.0,,,,,,,2,NO INDICATION OF INJURY,0.0,0.0,0.0,0.0,0.0,2.0,0.0,1,1,3,41.9399335594,-87.649412255,POINT (-87.649412255045 41.939933559419)
da8d2f74f0fee8e1b6371439cb4c26751abfdc2d978c1b43047e8c0502f37fa0984b85153cbf6d033ea2f2d735f271dadead74ddd7ad0366836bb1fc4b792727,Y,12/13/2015 09:00:00 PM,30,NO CONTROLS,NO CONTROLS,UNKNOWN,UNKNOWN,PARKED MOTOR VEHICLE,ONE-WAY,1,STRAIGHT AND LEVEL,UNKNOWN,NO DEFECTS,NOT ON SCENE (DESK REPORT),NO INJURY / DRIVE AWAY,,,Y,"OVER $1,500",12/14/2015 01:30:00 PM,UNABLE TO DETERMINE,IMPROPER OVERTAKING/PASSING,1618,N,TALMAN AVE,1421.0,,,,,,,2,NO INDICATION OF INJURY,0.0,0.0,0.0,0.0,0.0,1.0,0.0,21,1,12,41.9108537152,-87.6934849473,POINT (-87.693484947261 41.910853715249)
98874cf6cbfc19f45120feb0e14677f844b98e825c3ca174e6bcdefbce041a2e401e357b1cbc5a2e4c76f1e42751c7c9ce9e146c027f85521ba70263ecf794c3,,07/30/2024 06:50:00 PM,30,UNKNOWN,UNKNOWN,UNKNOWN,UNKNOWN,ANGLE,UNKNOWN,,STRAIGHT AND LEVEL,UNKNOWN,UNKNOWN,NOT ON SCENE (DESK REPORT),NO INJURY / DRIVE AWAY,,,,"OVER $1,500",07/31/2024 01:15:00 PM,UNABLE TO DETERMINE,NOT APPLICABLE,400,N,MC CLURG CT,1834.0,,,,,,,2,NO INDICATION OF INJURY,0.0,0.0,0.0,0.0,0.0,2.0,0.0,18,3,7,41.889118473,-87.6177548765,POINT (-87.617754876517 41.88911847301)
4e2fcae66b8758e9b0c3a661ebe3468efc7d358c7d8d11139291f99ffcac3b5ee521904a604391735080792748da95796cedcfb7eecf4bf24f912036f1d8d147,Y,07/04/2024 07:00:00 PM,30,NO CONTROLS,NO CONTROLS,CLEAR,UNKNOWN,PARKED MOTOR VEHICLE,NOT DIVIDED,,STRAIGHT AND LEVEL,DRY,UNKNOWN,ON SCENE,NO INJURY / DRIVE AWAY,,,Y,"OVER $1,500",07/05/2024 01:40:00 PM,UNABLE TO DETERMINE,NOT APPLICABLE,2215,S,ROCKWELL ST,1034.0,,,,,,,2,NO INDICATION OF INJURY,0.0,0.0,0.0,0.0,0.0,1.0,0.0,19,5,7,41.8515115246,-87.6903828709,POINT (-87.69038287093 41.851511524647)
51ca58867a8268964f3999e271fd02a0eb25d4e0f1fde6ed4947b05a291cd50d1c329f56dd1b5a30bb328178ff5560b929597d92317b69dc000f8de5a8aba508,,12/11/2020 03:40:00 PM,30,NO CONTROLS,NO CONTROLS,CLEAR,"DARKNESS, LIGHTED ROAD",PARKED MOTOR VEHICLE,ONE-WAY,,STRAIGHT AND LEVEL,DRY,NO DEFECTS,NOT ON SCENE (DESK REPORT),NO INJURY / DRIVE AWAY,N,,,"$501 - $1,500",12/11/2020 04:28:00 PM,UNABLE TO DETERMINE,UNABLE TO DETERMINE,1700,N,VINE ST,1813.0,,,,,,,2,NO INDICATION OF INJURY,0.0,0.0,0.0,0.0,0.0,1.0,0.0,15,6,12,41.9128854492,-87.6445666965,POINT (-87.644566696514 41.912885449229)
1142f2e0392f8eee169fe3254d3273933ba2f37a5c11216217d3e63bb7fe0c8b93f507d85fd37581296d486a7a2b6255fbfaa91942583d4e60f452ec3707d2f4,,09/05/2024 06:40:00 AM,25,UNKNOWN,NO CONTROLS,CLEAR,DAYLIGHT,PARKED MOTOR VEHICLE,NOT DIVIDED,,STRAIGHT AND LEVEL,DRY,UNKNOWN,NOT ON SCENE (DESK REPORT),NO INJURY / DRIVE AWAY,,,Y,"OVER $1,500",09/05/2024 07:00:00 AM,NOT APPLICABLE,NOT APPLICABLE,4316,W,31ST ST,1031.0,,,,,,,2,NO INDICATION OF INJURY,0.0,0.0,0.0,0.0,0.0,1.0,0.0,6,5,9,41.8369037981,-87.7324312011,POINT (-87.73243120109 41.836903798102)
996430f1285727a22398982da33191e3196c0d73a95440eefd2d536a0439662616f8f1cb60fb2bb2e298eff9d70459c717f829c29f0d5a27ee28d6e4c9faf9f7,,07/22/2021 09:23:00 PM,30,TRAFFIC SIGNAL,FUNCTIONING PROPERLY,CLEAR,"DARKNESS, LIGHTED ROAD",TURNING,NOT DIVIDED,,STRAIGHT AND LEVEL,DRY,NO DEFECTS,NOT ON SCENE (DESK REPORT),NO INJURY / DRIVE AWAY,Y,,,"OVER $1,500",07/22/2021 09:56:00 PM,UNABLE TO DETERMINE,UNABLE TO DETERMINE,7700,S,KEDZIE AVE,835.0,,,,,,,2,NO INDICATION OF INJURY,0.0,0.0,0.0,0.0,0.0,2.0,0.0,21,5,7,41.75335698,-87.7026425505,POINT (-87.70264255049 41.753356980012)
e69a32698b1f013b2e3ee1471b9b48d4173fba50de10d28535298537589c63cf85f7803d6d06076e715ed4fd8eb8f398244afcf70247acad719693ec24221e3c,,11/23/2022 09:40:00 PM,30,TRAFFIC SIGNAL,FUNCTIONING PROPERLY,CLEAR,"DARKNESS, LIGHTED ROAD",REAR END,ONE-WAY,,STRAIGHT AND LEVEL,DRY,NO DEFECTS,NOT ON SCENE (DESK REPORT),NO INJURY / DRIVE AWAY,,,,"$501 - $1,500",11/28/2022 10:30:00 AM,UNABLE TO DETERMINE,UNABLE TO DETERMINE,4600,W,VAN BUREN ST,1131.0,,,,,,,2,NO INDICATION OF INJURY,0.0,0.0,0.0,0.0,0.0,2.0,0.0,21,4,11,41.8751972955,-87.7399583831,POINT (-87.739958383133 41.875197295463)
7c0c613fe8c28415181289cc8ef8c83e5e418698fb8782f8bc40083e39f64f2547df776c23f400e817c29ccea9a103833fd6251f119ac6c0f66af02ec484e67a,,01/30/2025 05:00:00 PM,30,TRAFFIC SIGNAL,FUNCTIONING PROPERLY,CLEAR,"DARKNESS, LIGHTED ROAD",PARKED MOTOR VEHICLE,FOUR WAY,,STRAIGHT AND LEVEL,DRY,NO DEFECTS,ON SCENE,NO INJURY / DRIVE AWAY,,,,"$501 - $1,500",01/30/2025 05:16:00 PM,IMPROPER TURNING/NO SIGNAL,NOT APPLICABLE,6958,N,CLARK ST,2424.0,,,,,,,2,NO INDICATION OF INJURY,0.0,0.0,0.0,0.0,0.0,2.0,0.0,17,5,1,42.0082793599,-87.673947333,POINT (-87.673947332967 42.008279359892)
c69ae74f61c9b36c8ef5b287c4ba837770d89a07d14d6cd09ee7e69dd3cd82cad727193de27cd76d2a461bda0900f806a42c3caccc5afc6fabea8fdce62d54fd,,10/08/2022 07:40:00 AM,30,NO CONTROLS,NO CONTROLS,CLEAR,DAYLIGHT,SIDESWIPE SAME DIRECTION,NOT DIVIDED,,STRAIGHT AND LEVEL,DRY,NO DEFECTS,ON SCENE,NO INJURY / DRIVE AWAY,N,,,"$501 - $1,500",10/08/2022 07:41:00 AM,IMPROPER OVERTAKING/PASSING,FAILING TO YIELD RIGHT-OF-WAY,6000,W,ADDISON ST,1633.0,,,,,,,2,NO INDICATION OF INJURY,0.0,0.0,0.0,0.0,0.0,2.0,0.0,7,7,10,41.9458796756,-87.7766274209,POINT (-87.776627420937 41.945879675591)
3f9ee41de13304705a5b28253d73de3181617d0cdfee5fa2c50440ac330bbd8ef7f430008d0d5fe7be9c70fd375a3313f257f1f1e0eabc508ff3b467c1998985,,11/21/2024 06:35:00 PM,30,UNKNOWN,UNKNOWN,RAIN,"DARKNESS, LIGHTED ROAD",REAR END,DIVIDED - W/MEDIAN (NOT RAISED),,STRAIGHT AND LEVEL,SNOW OR SLUSH,NO DEFECTS,NOT ON SCENE (DESK REPORT),NO INJURY / DRIVE AWAY,,,,"OVER $1,500",11/21/2024 06:55:00 PM,FOLLOWING TOO CLOSELY,NOT APPLICABLE,3955,N,WESTERN AVE,1921.0,,,,,,,2,NO INDICATION OF INJURY,0.0,0.0,0.0,0.0,0.0,2.0,0.0,18,5,11,41.9538492261,-87.6883148561,POINT (-87.688314856122 41.953849226099)
3e672b2cc50d98a5b24a6dd5af883af1b9aeb8d023ac4c200a80b7a07614cba80ad997595d8dbd955840a9acaab2e5b6144c4beab54052bb9ee7eaace69f5419,,11/20/2020 10:40:00 AM,20,NO CONTROLS,NO CONTROLS,CLEAR,DAYLIGHT,ANGLE,ALLEY,,STRAIGHT AND LEVEL,DRY,NO DEFECTS,ON SCENE,NO INJURY / DRIVE AWAY,,,,"$501 - $1,500",11/20/2020 10:42:00 AM,IMPROPER BACKING,NOT APPLICABLE,3200,W,65TH PL,831.0,,,,,,,2,NO INDICATION OF INJURY,0.0,0.0,0.0,0.0,0.0,2.0,0.0,10,6,11,41.7745259778,-87.7031561731,POINT (-87.703156173109 41.77452597779)
a07b73c70ffcbaedc2c1bd2a7fedb5cd345d45d1bda535c699c61d1ec632850435311d9d8ecb5310d23d46314edc8e572b164fa26f755527c75519b6b790af85,,05/01/2024 04:10:00 PM,20,NO CONTROLS,NO CONTROLS,CLEAR,DAYLIGHT,PARKED MOTOR VEHICLE,ONE-WAY,,STRAIGHT AND LEVEL,DRY,NO DEFECTS,ON SCENE,NO INJURY / DRIVE AWAY,,,,"OVER $1,500",05/01/2024 04:12:00 PM,EQUIPMENT - VEHICLE CONDITION,EQUIPMENT - VEHICLE CONDITION,11315,S,PRAIRIE AVE,531.0,,,,,,,2,NO INDICATION OF INJURY,0.0,0.0,0.0,0.0,0.0,1.0,0.0,16,4,5,41.6885729219,-87.6167548962,POINT (-87.616754896154 41.688572921885)
b95e33decdd2d90501e2f72ee211f52d7b2982edebd9945f0863d6cc8fc96c93b95b0687081fd17117765d2b9b629ef0eee23ee585c506657f21331ca4fe2bf5,,11/27/2019 05:45:00 PM,30,TRAFFIC SIGNAL,FUNCTIONING PROPERLY,CLEAR,"DARKNESS, LIGHTED ROAD",PEDALCYCLIST,DIVIDED - W/MEDIAN (NOT RAISED),,STRAIGHT AND LEVEL,DRY,NO DEFECTS,ON SCENE,INJURY AND / OR TOW DUE TO CRASH,,,,"OVER $1,500",11/27/2019 05:45:00 PM,NOT APPLICABLE,NOT APPLICABLE,2001,W,NORTH AVE,1424.0,,,,,,,2,NONINCAPACITATING INJURY,1.0,0.0,0.0,1.0,0.0,1.0,0.0,17,4,11,41.9103632333,-87.677702539,POINT (-87.677702539003 41.910363233277)
ff1690a961d67699892e7ff51cc240aefec79ae7b4201b30a6d9218b6b9a6dfdea468fb938b0097bfa3ae042253e6a7b249c96886b1e11c61896e87158f27aa6,,07/12/2025 08:45:00 PM,25,NO CONTROLS,NO CONTROLS,CLEAR,DAWN,REAR END,RAMP,,STRAIGHT AND LEVEL,DRY,NO DEFECTS,NOT ON SCENE (DESK REPORT),NO INJURY / DRIVE AWAY,,,Y,"OVER $1,500",07/12/2025 09:20:00 PM,FOLLOWING TOO CLOSELY,FOLLOWING TOO CLOSELY,1334,W,DIVISION ST,1433.0,,,,,,,2,NO INDICATION OF INJURY,0.0,0.0,0.0,0.0,0.0,2.0,0.0,20,7,7,41.9035352442,-87.6619319996,POINT (-87.661931999634 41.903535244224)
f8ed5696f774e1ebc7970a709f5afcc788934670d3df70c41c3c191510ece07134ccdd2b740fb5e3a528b06130084d7b8163b4c2b8c57a7b3a7035ecebc8236a,,08/14/2019 04:45:00 PM,30,NO CONTROLS,NO CONTROLS,RAIN,DAYLIGHT,SIDESWIPE SAME DIRECTION,DIVIDED - W/MEDIAN (NOT RAISED),,STRAIGHT AND LEVEL,WET,NO DEFECTS,NOT ON SCENE (DESK REPORT),NO INJURY / DRIVE AWAY,,,,"$501 - $1,500",08/14/2019 05:25:00 PM,UNABLE TO DETERMINE,NOT APPLICABLE,6828,S,PULASKI RD,833.0,,,,,,,2,NO INDICATION OF INJURY,0.0,0.0,0.0,0.0,0.0,3.0,0.0,16,4,8,41.7686920897,-87.7226541883,POINT (-87.722654188256 41.768692089701)
1b7f669c4fecc1e8cb098191969391a427b323784c7fdf185f00a762eb87e433fbdd217a8ce6dc28c9959f52ab06bd96aeb2a6fd3637834e2bd71076b805c4ab,,04/17/2024 06:45:00 PM,30,NO CONTROLS,NO CONTROLS,CLEAR,DAYLIGHT,PARKED MOTOR VEHICLE,NOT DIVIDED,,STRAIGHT AND LEVEL,DRY,NO DEFECTS,NOT ON SCENE (DESK REPORT),NO INJURY / DRIVE AWAY,,,Y,"$501 - $1,500",04/18/2024 04:25:00 PM,NOT APPLICABLE,NOT APPLICABLE,2658,N,WILTON AVE,1935.0,,,,,,,2,NO INDICATION OF INJURY,0.0,0.0,0.0,0.0,0.0,1.0,0.0,18,4,4,41.9307501231,-87.6527228835,POINT (-87.652722883533 41.930750123054)
25de376ccca9630bc2e6df2d3c4abe3ea06a3bfbe6085026ccdd7f5af2dbd5054cb99b8dff450baa2c7cabf2d9d6ce4e1e85c035759fc5530d65eb2b64deb903,,07/21/2017 12:00:00 PM,20,NO CONTROLS,NO CONTROLS,UNKNOWN,DAYLIGHT,REAR END,ONE-WAY,,STRAIGHT AND LEVEL,UNKNOWN,UNKNOWN,NOT ON SCENE (DESK REPORT),NO INJURY / DRIVE AWAY,,,Y,"OVER $1,500",07/22/2017 02:43:00 PM,FOLLOWING TOO CLOSELY,NOT APPLICABLE,2500,S,STATE ST,131.0,,,,,,,2,NO INDICATION OF INJURY,0.0,0.0,0.0,0.0,0.0,2.0,0.0,12,6,7,41.8474372655,-87.6270447029,POINT (-87.627044702902 41.847437265513)
49b83aefcf8f330d04f5f1ec5c7e2cfacab10f0e075cb4e840c2cfda86fcb69f13902d82a0d05a9d9566a689998ca92718c7f2890d05ef419fb96b1349d29bd7,Y,08/07/2019 12:00:00 PM,30,NO CONTROLS,NO CONTROLS,UNKNOWN,UNKNOWN,PARKED MOTOR VEHICLE,ONE-WAY,,STRAIGHT AND LEVEL,UNKNOWN,NO DEFECTS,NOT ON SCENE (DESK REPORT),NO INJURY / DRIVE AWAY,,,Y,"OVER $1,500",08/08/2019 04:45:00 PM,UNABLE TO DETERMINE,UNABLE TO DETERMINE,517,W,CORNELIA AVE,1925.0,,,,,,,2,NO INDICATION OF INJURY,0.0,0.0,0.0,0.0,0.0,1.0,0.0,12,4,8,41.9464220876,-87.6430601758,POINT (-87.643060175849 41.946422087647)
0885a3008b0f657bd01d12dbc2adee4cd1dc14ea72d5841e865c3630df2c33636f3249751374411a63590f637562ed741bf7c7ec41947f334a33963f859a2c78,,03/07/2020 11:37:00 AM,30,TRAFFIC SIGNAL,FUNCTIONING PROPERLY,CLEAR,DAYLIGHT,REAR END,ONE-WAY,,STRAIGHT AND LEVEL,DRY,NO DEFECTS,ON SCENE,NO INJURY / DRIVE AWAY,,,Y,"$501 - $1,500",03/07/2020 11:40:00 AM,UNABLE TO DETERMINE,NOT APPLICABLE,502,N,WELLS ST,1831.0,,,,,,,2,NO INDICATION OF INJURY,0.0,0.0,0.0,0.0,0.0,3.0,0.0,11,7,3,41.8908889037,-87.634199035,POINT (-87.634199035045 41.890888903716)
88613eb3ce6d4df18b6c8cb5c875b95b5b906cd94302048c1cecb116de2a6eca17c2281a9dcf548097a72292ab7a826a668292072d5fcbba3e98655073988967,,12/24/2018 05:55:00 PM,30,NO CONTROLS,NO CONTROLS,CLEAR,"DARKNESS, LIGHTED ROAD",REAR END,DIVIDED - W/MEDIAN (NOT RAISED),4,STRAIGHT AND LEVEL,DRY,NO DEFECTS,NOT ON SCENE (DESK REPORT),NO INJURY / DRIVE AWAY,,,Y,"$501 - $1,500",12/24/2018 06:58:00 PM,FOLLOWING TOO CLOSELY,FAILING TO REDUCE SPEED TO AVOID CRASH,4029,W,PETERSON AVE,1711.0,,,,,,,2,NO INDICATION OF INJURY,0.0,0.0,0.0,0.0,0.0,2.0,0.0,17,2,12,41.9900117961,-87.7297673791,POINT (-87.729767379105 41.99001179605)
be3b83978099b905a3b1bbc3aa540d6ad2837331a233d5de41299456166a00bfa3ebc47a5695b88d534f5d9d232b2673b14c4bd1f854dfa292c24c5c23622305,,04/16/2025 12:15:00 PM,15,NO CONTROLS,NO CONTROLS,CLEAR,DAYLIGHT,REAR TO FRONT,PARKING LOT,,STRAIGHT AND LEVEL,DRY,NO DEFECTS,NOT ON SCENE (DESK REPORT),NO INJURY / DRIVE AWAY,,,,"$501 - $1,500",04/16/2025 01:34:00 PM,UNABLE TO DETERMINE,UNABLE TO DETERMINE,1908,S,MILLARD AVE,1014.0,,,,,,,2,NO INDICATION OF INJURY,0.0,0.0,0.0,0.0,0.0,3.0,0.0,12,4,4,41.8547471846,-87.7164535454,POINT (-87.716453545352 41.854747184573)
3e4270ea665318e9b28bedac6fa5d600d97220792102d96f39ecf5c3b85ee06840e6e7d87cf49291b20ecf1857c8005e1756c55e749b12a131bbcf6896500ac3,,07/22/2021 05:15:00 PM,30,NO CONTROLS,NO CONTROLS,CLEAR,DAYLIGHT,PARKED MOTOR VEHICLE,PARKING LOT,,STRAIGHT AND LEVEL,DRY,NO DEFECTS,NOT ON SCENE (DESK REPORT),NO INJURY / DRIVE AWAY,,,Y,"OVER $1,500",07/22/2021 07:30:00 PM,UNABLE TO DETERMINE,DRIVING SKILLS/KNOWLEDGE/EXPERIENCE,501,W,ROOSEVELT RD,124.0,,,,,,,2,NO INDICATION OF INJURY,0.0,0.0,0.0,0.0,0.0,1.0,0.0,17,5,7,41.8671431598,-87.6392931741,POINT (-87.639293174131 41.867143159823)
2dcb1389f125e46de0ce5489ae74ebfece425e77db93962f981c8d0e3c62741d1758a9f4a683f89cbaf84860b26b9fd14299728b6be305c1bd406130687d08b0,,12/28/2023 05:40:00 PM,30,TRAFFIC SIGNAL,FUNCTIONING PROPERLY,UNKNOWN,DARKNESS,SIDESWIPE SAME DIRECTION,UNKNOWN,,STRAIGHT AND LEVEL,UNKNOWN,UNKNOWN,,INJURY AND / OR TOW DUE TO CRASH,,,N,"OVER $1,500",12/31/2023 01:40:00 PM,IMPROPER OVERTAKING/PASSING,UNABLE TO DETERMINE,6700,S,WESTERN AVE,832.0,,,,,,,2,NONINCAPACITATING INJURY,1.0,0.0,0.0,1.0,0.0,1.0,0.0,17,5,12,41.7718840277,-87.6835884021,POINT (-87.683588402063 41.771884027712)
21cf50473166546b7f474e7dade02a3f2af31764e0a643a50e786a5d49eaf9975d10a38789c2c97ec41802d11f141c812d8ede4106636acbed7bc9fb68176cb4,,11/17/2022 12:35:00 AM,30,NO CONTROLS,NO CONTROLS,CLEAR,"DARKNESS, LIGHTED ROAD",REAR END,NOT REPORTED,,STRAIGHT AND LEVEL,DRY,NO DEFECTS,NOT ON SCENE (DESK REPORT),NO INJURY / DRIVE AWAY,,,Y,"OVER $1,500",11/17/2022 12:48:00 AM,FOLLOWING TOO CLOSELY,UNABLE TO DETERMINE,800,E,78TH ST,624.0,,,,,,,2,NO INDICATION OF INJURY,0.0,0.0,0.0,0.0,0.0,2.0,0.0,0,5,11,41.7532182309,-87.6051921072,POINT (-87.605192107174 41.753218230927)
2c3e2c5c8222c3486c1e030c5e0ccb9cb0a72113e5eca238363ae4c826390456cfb5b3dd474f8a60ac6bb1b7bd994cf145fdb61bfbe5ab774dd18846c3204b2e,,06/02/2019 09:03:00 PM,30,TRAFFIC SIGNAL,FUNCTIONING PROPERLY,CLEAR,"DARKNESS, LIGHTED ROAD",REAR END,T-INTERSECTION,,STRAIGHT AND LEVEL,DRY,NO DEFECTS,ON SCENE,INJURY AND / OR TOW DUE TO CRASH,Y,,,"OVER $1,500",06/02/2019 09:09:00 PM,DRIVING SKILLS/KNOWLEDGE/EXPERIENCE,IMPROPER LANE USAGE,5557,N,EAST RIVER RD,1614.0,,Y,,,,,2,"REPORTED, NOT EVIDENT",1.0,0.0,0.0,0.0,1.0,1.0,0.0,21,1,6,41.9808349728,-87.8462879474,POINT (-87.846287947379 41.980834972792)