CRASH_RECORD_ID,CRASH_DATE_EST_I,CRASH_DATE,POSTED_SPEED_LIMIT,TRAFFIC_CONTROL_DEVICE,DEVICE_CONDITION,WEATHER_CONDITION,LIGHTING_CONDITION,FIRST_CRASH_TYPE,TRAFFICWAY_TYPE,LANE_CNT,ALIGNMENT,ROADWAY_SURFACE_COND,ROAD_DEFECT,REPORT_TYPE,CRASH_TYPE,INTERSECTION_RELATED_I,NOT_RIGHT_OF_WAY_I,HIT_AND_RUN_I,DAMAGE,DATE_POLICE_NOTIFIED,PRIM_CONTRIBUTORY_CAUSE,SEC_CONTRIBUTORY_CAUSE,STREET_NO,STREET_DIRECTION,STREET_NAME,BEAT_OF_OCCURRENCE,PHOTOS_TAKEN_I,STATEMENTS_TAKEN_I,DOORING_I,WORK_ZONE_I,WORK_ZONE_TYPE,WORKERS_PRESENT_I,NUM_UNITS,MOST_SEVERE_INJURY,INJURIES_TOTAL,INJURIES_FATAL,INJURIES_INCAPACITATING,INJURIES_NON_INCAPACITATING,INJURIES_REPORTED_NOT_EVIDENT,INJURIES_NO_INDICATION,INJURIES_UNKNOWN,CRASH_HOUR,CRASH_DAY_OF_WEEK,CRASH_MONTH,LATITUDE,LONGITUDE,LOCATION
a116f41c3974b039286ca1fa9a9c98093aa6a2e612c22054f006faff8d477b9e89deabee13b2160a94e348bedbd4d01424607168f32917dd03c52ec1f8bbf299,,08/12/2018 01:15:00 PM,30,TRAFFIC SIGNAL,FUNCTIONING PROPERLY,CLEAR,DAYLIGHT,TURNING,NOT DIVIDED,2,STRAIGHT AND LEVEL,DRY,UNKNOWN,NOT ON SCENE (DESK REPORT),NO INJURY / DRIVE AWAY,,,,$500 OR LESS,08/12/2018 02:30:00 PM,UNABLE TO DETERMINE,NOT APPLICABLE,1144,W,MADISON ST,1224.0,,,,,,,2,NO INDICATION OF INJURY,0.0,0.0,0.0,0.0,0.0,2.0,0.0,13,1,8,41.881745213,-87.6561111096,POINT (-87.656111109622 41.88174521304)
0a74e440cbc52b8339551d337525717153013cd797e397cfe721d967ad6d7bf6fdf4f53b4ac470665e5de12336d0461672d15d8484ab9e26932c7a9f25c2d818,,01/05/2023 06:20:00 PM,30,TRAFFIC SIGNAL,FUNCTIONING PROPERLY,CLEAR,"DARKNESS, LIGHTED ROAD",PARKED MOTOR VEHICLE,NOT DIVIDED,,STRAIGHT AND LEVEL,DRY,NO DEFECTS,NOT ON SCENE (DESK REPORT),NO INJURY / DRIVE AWAY,,,,"$501 - $1,500",01/05/2023 09:00:00 PM,IMPROPER LANE USAGE,FOLLOWING TOO CLOSELY,630,N,CLARK ST,1832.0,,,,,,,2,NO INDICATION OF INJURY,0.0,0.0,0.0,0.0,0.0,1.0,0.0,18,5,1,41.8932678435,-87.6313159289,POINT (-87.631315928926 41.893267843545)
2cf8c310610c08a39a5bbb90f9867b476c53bf9e5e4b94c303813092c341739d3aec30c021a44088b09969ca891db1f57a8c4a4e4764b5c5386895e7798ddf01,,05/16/2022 03:28:00 PM,30,STOP SIGN/FLASHER,FUNCTIONING PROPERLY,CLEAR,DAYLIGHT,TURNING,NOT DIVIDED,,STRAIGHT AND LEVEL,DRY,NO DEFECTS,,INJURY AND / OR TOW DUE TO CRASH,,,,"$501 - $1,500",05/16/2022 03:28:00 PM,IMPROPER OVERTAKING/PASSING,DRIVING SKILLS/KNOWLEDGE/EXPERIENCE,628,E,115TH ST,531.0,,,,,,,2,INCAPACITATING INJURY,1.0,0.0,1.0,0.0,0.0,1.0,0.0,15,2,5,41.6855905023,-87.6071188707,POINT (-87.607118870671 41.685590502322)
1ae8e262570b59b64f6bdbfc3c7a42e0f5d1c905cfbe4bb5e7a58f4c1f8cb11bec3cd27d67ff4f1efaff12fb0667b468b088a9991447093b26c9df1ce57c2477,N,05/29/2021 10:00:00 PM,20,NO CONTROLS,NOT FUNCTIONING,CLEAR,"DARKNESS, LIGHTED ROAD",PARKED MOTOR VEHICLE,NOT DIVIDED,,STRAIGHT AND LEVEL,DRY,NO DEFECTS,ON SCENE,NO INJURY / DRIVE AWAY,,,Y,"OVER $1,500",05/29/2021 10:02:00 PM,UNABLE TO DETERMINE,UNABLE TO DETERMINE,8766,S,WINCHESTER AVE,2221.0,,,,,,,2,NO INDICATION OF INJURY,0.0,0.0,0.0,0.0,0.0,1.0,0.0,22,7,5,41.7338548426,-87.6699563086,POINT (-87.669956308577 41.733854842594)
c171ade8608664a839c0da045db845b7c4d19830c7221a47f9ed4759ad65c3202a1493c50402aec461dc486c842445ddfb8c98d2f5d155ff9be75dc5ac215bb9,,10/10/2018 06:00:00 PM,30,TRAFFIC SIGNAL,FUNCTIONING PROPERLY,RAIN,DAYLIGHT,REAR END,NOT DIVIDED,,STRAIGHT AND LEVEL,WET,NO DEFECTS,NOT ON SCENE (DESK REPORT),NO INJURY / DRIVE AWAY,,,,"$501 - $1,500",10/10/2018 07:49:00 PM,FAILING TO YIELD RIGHT-OF-WAY,FOLLOWING TOO CLOSELY,400,N,MICHIGAN AVE,1834.0,,,,,,,2,NO INDICATION OF INJURY,0.0,0.0,0.0,0.0,0.0,2.0,0.0,18,4,10,41.8893978833,-87.6243903946,POINT (-87.624390394571 41.8893978833)
73b20fbd2c55dc93bd40801f5f21a89830a784e2c135d974212f226b4c309fa5dfe0593a564e715ee4e2f46c5d90668d182ce85a39376513d2e456e0bbc1cddf,,10/18/2015 09:35:00 AM,30,TRAFFIC SIGNAL,FUNCTIONING PROPERLY,CLEAR,DAYLIGHT,REAR END,DIVIDED - W/MEDIAN (NOT RAISED),2,STRAIGHT AND LEVEL,DRY,UNKNOWN,NOT ON SCENE (DESK REPORT),NO INJURY / DRIVE AWAY,,,,"$501 - $1,500",10/18/2015 10:25:00 AM,FOLLOWING TOO CLOSELY,NOT APPLICABLE,6734,N,RIDGE BLVD,2412.0,,,,,,,2,NO INDICATION OF INJURY,0.0,0.0,0.0,0.0,0.0,3.0,0.0,9,1,10,42.0043575989,-87.6799398655,POINT (-87.679939865507 42.004357598895)
21dd0f5e0f9c6a783ac258fa80a3a12eedbad54183f408244faf830599f2eb662a96180b0beb9d835c4997076d426319b35d079d5c002d46fb4b53128e1c9199,,05/26/2025 02:02:00 PM,30,NO CONTROLS,NO CONTROLS,CLEAR,DAYLIGHT,PARKED MOTOR VEHICLE,ONE-WAY,,STRAIGHT AND LEVEL,DRY,NO DEFECTS,ON SCENE,INJURY AND / OR TOW DUE TO CRASH,,,Y,"OVER $1,500",05/26/2025 02:12:00 PM,"OPERATING VEHICLE IN ERRATIC, RECKLESS, CARELESS, NEGLIGENT OR AGGRESSIVE MANNER","OPERATING VEHICLE IN ERRATIC, RECKLESS, CARELESS, NEGLIGENT OR AGGRESSIVE MANNER",102,S,LOCKWOOD AVE,1522.0,,,,,,,3,INCAPACITATING INJURY,1.0,0.0,1.0,0.0,0.0,1.0,0.0,14,2,5,41.8792272332,-87.7577970415,POINT (-87.757797041495 41.879227233156)
f99bf9606a6735f4805e8270b087d0feef05372de39dcd1068d14af92124bba83c27492f6b11655a9251891b8f979e205b926db04d88ba17e5bc187b786c5a4e,Y,06/01/2024 05:00:00 PM,20,TRAFFIC SIGNAL,FUNCTIONING PROPERLY,RAIN,DAYLIGHT,REAR END,FOUR WAY,,STRAIGHT AND LEVEL,WET,NO DEFECTS,NOT ON SCENE (DESK REPORT),INJURY AND / OR TOW DUE TO CRASH,Y,,,"OVER $1,500",06/01/2024 05:05:00 PM,UNABLE TO DETERMINE,UNABLE TO DETERMINE,805,W,79TH ST,621.0,,,,,,,2,NONINCAPACITATING INJURY,3.0,0.0,0.0,3.0,0.0,2.0,0.0,17,7,6,41.7505287332,-87.6442687398,POINT (-87.644268739792 41.750528733223)
126f10eaefd1c20ab7acbbe9d4532af46d78c7e275a25aac71e4feedbe2e25a1ee77a7ea4ecf3d8048485b0c02cbeeabe2d66d615dbd9e93827b3169e740634a,,09/30/2018 07:25:00 PM,30,NO CONTROLS,NO CONTROLS,RAIN,DARKNESS,REAR END,NOT DIVIDED,2,STRAIGHT AND LEVEL,WET,NO DEFECTS,NOT ON SCENE (DESK REPORT),NO INJURY / DRIVE AWAY,,,,"$501 - $1,500",09/30/2018 08:20:00 PM,UNABLE TO DETERMINE,UNABLE TO DETERMINE,2254,W,ADDISON ST,1921.0,,,,,,,4,NO INDICATION OF INJURY,0.0,0.0,0.0,0.0,0.0,4.0,0.0,19,1,9,41.9468803035,-87.6856057466,POINT (-87.685605746629 41.946880303452)
6e72c49828f7198deab04ac6838937e63259fb401e023200d4615da0ab049446c3ee8f708d4ceac6061a1cbc166e7cd193e637494954729d4acdf70f060a57f4,,10/04/2018 03:15:00 PM,35,NO CONTROLS,NO CONTROLS,CLEAR,DAYLIGHT,SIDESWIPE SAME DIRECTION,DIVIDED - W/MEDIAN (NOT RAISED),,STRAIGHT AND LEVEL,DRY,NO DEFECTS,NOT ON SCENE (DESK REPORT),NO INJURY / DRIVE AWAY,,,,"OVER $1,500",10/04/2018 03:30:00 PM,UNABLE TO DETERMINE,NOT APPLICABLE,3959,W,MARQUETTE RD,833.0,,,,,,,2,NO INDICATION OF INJURY,0.0,0.0,0.0,0.0,0.0,2.0,0.0,15,5,10,41.7712660572,-87.7224505074,POINT (-87.722450507355 41.77126605719)
6b0823071ded8f74c26564b4853ab69867ab64e2f47a0f8436b39f7ced6bf7cbc66e4b645af3c8a1b5981ffdd22c02d3ba4d59232af059ab1fcd2af6bb6c8dce,,02/18/2018 01:30:00 AM,30,STOP SIGN/FLASHER,FUNCTIONING PROPERLY,CLEAR,"DARKNESS, LIGHTED ROAD",PARKED MOTOR VEHICLE,DIVIDED - W/MEDIAN (NOT RAISED),2,STRAIGHT AND LEVEL,WET,NO DEFECTS,ON SCENE,INJURY AND / OR TOW DUE TO CRASH,,,,"OVER $1,500",02/18/2018 01:40:00 AM,EXCEEDING SAFE SPEED FOR CONDITIONS,UNABLE TO DETERMINE,3657,W,81ST ST,834.0,,,,,,,2,NO INDICATION OF INJURY,0.0,0.0,0.0,0.0,0.0,2.0,0.0,1,1,2,41.7458516342,-87.7142919948,POINT (-87.714291994776 41.745851634204)
cd614b805fbb222127382be38e1681a5d0639291cefec4cb730edb0544b5b5e8a6517ab06e1969c8d09acb2282d45f899b9724ec6012c6ed52b6f5563ffa47f3,,10/23/2024 06:12:00 PM,10,NO CONTROLS,NO CONTROLS,CLEAR,"DARKNESS, LIGHTED ROAD",ANGLE,PARKING LOT,,STRAIGHT AND LEVEL,DRY,UNKNOWN,ON SCENE,NO INJURY / DRIVE AWAY,,Y,,"OVER $1,500",10/23/2024 07:21:00 PM,IMPROPER BACKING,UNABLE TO DETERMINE,8942,S,STONY ISLAND AVE,413.0,,,,,,,2,NO INDICATION OF INJURY,0.0,0.0,0.0,0.0,0.0,2.0,0.0,18,4,10,41.7319922539,-87.5856879961,POINT (-87.585687996108 41.731992253881)
220b3fcf810ebdeea9a1efb53b8ed4276ebcb264368be3c4af213ba3780d81c45be8837afdbb8b58c4d75de4ce8348164ee860013a8a90a833067bcb7bb980ae,,10/05/2025 01:51:00 PM,30,NO CONTROLS,NO CONTROLS,CLEAR,DAYLIGHT,REAR TO SIDE,PARKING LOT,,STRAIGHT AND LEVEL,DRY,NO DEFECTS,ON SCENE,NO INJURY / DRIVE AWAY,,,,$500 OR LESS,10/05/2025 01:51:00 PM,IMPROPER BACKING,NOT APPLICABLE,1101,W,31ST ST,913.0,,,,,,,2,NO INDICATION OF INJURY,0.0,0.0,0.0,0.0,0.0,2.0,0.0,13,1,10,41.8378374026,-87.6536207854,POINT (-87.653620785395 41.837837402632)
525f9e24523013ce12bf8b69bf6e7126b0bd92654313c8196f577d9e0ec275b735971e205c740726b6913dfff99abb7f043e5fa43f58758f43cf179412e80d5b,,12/30/2020 12:45:00 PM,30,NO CONTROLS,NO CONTROLS,UNKNOWN,UNKNOWN,SIDESWIPE SAME DIRECTION,NOT DIVIDED,,STRAIGHT AND LEVEL,UNKNOWN,UNKNOWN,NOT ON SCENE (DESK REPORT),NO INJURY / DRIVE AWAY,,,,"$501 - $1,500",12/30/2020 01:05:00 PM,UNABLE TO DETERMINE,UNABLE TO DETERMINE,3247,W,47TH ST,821.0,,,,,,,2,NO INDICATION OF INJURY,0.0,0.0,0.0,0.0,0.0,2.0,0.0,12,4,12,41.8079861736,-87.7058933097,POINT (-87.705893309714 41.807986173605)
15ecf370fe6d11f7fadbe5b2709957a04741ba1feab66360d0f32e52701b9dcc5f72afdc00862bf9fabb1511cdf69f016bc76128b08cd1ff325996eb727be213,,08/30/2023 08:25:00 AM,30,TRAFFIC SIGNAL,FUNCTIONING PROPERLY,CLEAR,DAYLIGHT,REAR END,DIVIDED - W/MEDIAN (NOT RAISED),,STRAIGHT AND LEVEL,DRY,NO DEFECTS,ON SCENE,NO INJURY / DRIVE AWAY,,,Y,"OVER $1,500",08/30/2023 08:27:00 AM,FOLLOWING TOO CLOSELY,FAILING TO REDUCE SPEED TO AVOID CRASH,740,W,RANDOLPH ST,1224.0,,,,,,,2,NO INDICATION OF INJURY,0.0,0.0,0.0,0.0,0.0,4.0,0.0,8,4,8,41.884516857,-87.647390682,POINT (-87.647390681951 41.884516857046)
82f99faf418a2ebdad9d71d1b5470585f775d51b5b95786b089748ad75be7a35c90cd1d782af996b83e8b5cd3fc4f8e068acfe03d48c284ecc24559d8b5923ad,,09/26/2021 04:05:00 PM,10,OTHER,FUNCTIONING PROPERLY,CLEAR,DAYLIGHT,REAR TO FRONT,OTHER,,STRAIGHT AND LEVEL,DRY,NO DEFECTS,NOT ON SCENE (DESK REPORT),NO INJURY / DRIVE AWAY,,,Y,"$501 - $1,500",09/26/2021 04:20:00 PM,IMPROPER BACKING,DRIVING SKILLS/KNOWLEDGE/EXPERIENCE,9100,S,ANTHONY AVE,423.0,,,,,,,2,NO INDICATION OF INJURY,0.0,0.0,0.0,0.0,0.0,5.0,0.0,16,1,9,41.7298761605,-87.5589154145,POINT (-87.558915414508 41.729876160458)
fd301526685eb5e1db37bbdaf98df6dbd322227d8e394ce231ef36ecd3b4d9da8928eb1a97f9fd40d1da4dcfe08edf3c20f1d74dab54d0e2bc83a298c3d57b8a,,10/21/2024 07:32:00 AM,30,OTHER,OTHER,CLEAR,DAYLIGHT,TURNING,OTHER,,STRAIGHT AND LEVEL,DRY,UNKNOWN,ON SCENE,INJURY AND / OR TOW DUE TO CRASH,,,,"OVER $1,500",10/21/2024 07:35:00 AM,UNABLE TO DETERMINE,UNABLE TO DETERMINE,5901,S,ASHLAND AVE,713.0,,,,,,,2,NO INDICATION OF INJURY,0.0,0.0,0.0,0.0,0.0,3.0,0.0,7,2,10,41.7866577599,-87.6642458655,POINT (-87.664245865468 41.786657759891)
c37f7af7f1619cdb4a1df7c319e384ee62f79734e4ff0e6a581fa614f9a3f6d736888f0d0938ffe0c2e55d224cfe9b4adbe114e8b476eca38065fc94ead7cf29,,03/23/2017 09:20:00 AM,25,NO CONTROLS,NO CONTROLS,CLEAR,DAYLIGHT,SIDESWIPE SAME DIRECTION,DIVIDED - W/MEDIAN (NOT RAISED),4,STRAIGHT AND LEVEL,DRY,NO DEFECTS,NOT ON SCENE (DESK REPORT),NO INJURY / DRIVE AWAY,,,,"$501 - $1,500",03/23/2017 09:54:00 AM,FAILING TO YIELD RIGHT-OF-WAY,IMPROPER LANE USAGE,600,W,WASHINGTON BLVD,121.0,,,,,,,2,NO INDICATION OF INJURY,0.0,0.0,0.0,0.0,0.0,2.0,0.0,9,5,3,41.883281626,-87.6427737585,POINT (-87.642773758485 41.883281625972)
25366b554c54ba14471823d4e4bb6464eecf04c3e8432304e2c2447b399716253c0703e6ddf107ae822fb3fa48547a2b997c35c8d4bd7c6e71f1fea7ad9dc7f4,,12/17/2018 09:45:00 AM,20,NO CONTROLS,NO CONTROLS,CLEAR,DAYLIGHT,PARKED MOTOR VEHICLE,ONE-WAY,1,STRAIGHT AND LEVEL,DRY,NO DEFECTS,ON SCENE,NO INJURY / DRIVE AWAY,,,Y,$500 OR LESS,12/17/2018 09:50:00 AM,UNABLE TO DETERMINE,NOT APPLICABLE,4127,N,SPAULDING AVE,1724.0,,,,,,,2,NO INDICATION OF INJURY,0.0,0.0,0.0,0.0,0.0,1.0,0.0,9,2,12,41.9565885187,-87.7104003326,POINT (-87.710400332643 41.956588518672)
83a972eea0bd9d6c847e08da67d8bbe25bb4ddacb1efaf8bbf16799c85ad48920909ee3bfc5ecf224aa68c2ed13f80d77606077e14349fd4d03821dbb9b5bad9,,01/29/2023 03:30:00 PM,30,TRAFFIC SIGNAL,FUNCTIONING PROPERLY,CLEAR,DAYLIGHT,REAR END,NOT DIVIDED,,STRAIGHT AND LEVEL,DRY,NO DEFECTS,NOT ON SCENE (DESK REPORT),NO INJURY / DRIVE AWAY,,,Y,"OVER $1,500",01/29/2023 04:00:00 PM,IMPROPER LANE USAGE,IMPROPER TURNING/NO SIGNAL,8659,S,DAMEN AVE,614.0,,,,,,,2,NO INDICATION OF INJURY,0.0,0.0,0.0,0.0,0.0,2.0,0.0,15,1,1,41.7357478823,-87.6726408702,POINT (-87.672640870152 41.735747882348)
2d5cc8e1701f609c70633acb0a4d44f8054146205d3e92da51b4ed873dc0475b0a889b5527a42cf96397bcd6669ef2f895ac012e630c0d1ab896c44860d83068,,06/29/2025 12:00:00 PM,30,TRAFFIC SIGNAL,FUNCTIONING PROPERLY,CLEAR,DAYLIGHT,TURNING,NOT DIVIDED,,STRAIGHT AND LEVEL,UNKNOWN,UNKNOWN,ON SCENE,NO INJURY / DRIVE AWAY,,,,"OVER $1,500",07/02/2025 05:25:00 PM,UNABLE TO DETERMINE,NOT APPLICABLE,98,N,HOMAN BLVD,1123.0,,,,,,,2,NO INDICATION OF INJURY,0.0,0.0,0.0,0.0,0.0,5.0,0.0,12,1,6,41.882694003,-87.711206455,POINT (-87.711206454997 41.882694003031)
657de71ed399e675589262d6f41f1d2043cb360d957105d0fd839ab19498454660a35a78120fb873a1d64d0c66d109a46209335053b12c9937c3eb57057825fe,,07/20/2025 09:00:00 AM,15,NO CONTROLS,NO CONTROLS,CLEAR,DAYLIGHT,ANGLE,PARKING LOT,,STRAIGHT AND LEVEL,DRY,UNKNOWN,ON SCENE,NO INJURY / DRIVE AWAY,,,,"OVER $1,500",07/20/2025 09:06:00 AM,FAILING TO YIELD RIGHT-OF-WAY,UNABLE TO DETERMINE,1532,W,LAWRENCE AVE,2032.0,,,,,,,2,NO INDICATION OF INJURY,0.0,0.0,0.0,0.0,0.0,3.0,0.0,9,1,7,41.9689887913,-87.6689279724,POINT (-87.668927972367 41.968988791322)
5e9582f822a7dd26ea45e8f201c11738660cc31d37c5b5c0aaf6bbbc022c21f26827df946977f2d0007c4ff55a66394cf32302e6ca66934edb7f71ad9bedc230,,03/31/2023 08:30:00 PM,15,NO CONTROLS,NO CONTROLS,RAIN,"DARKNESS, LIGHTED ROAD",PARKED MOTOR VEHICLE,PARKING LOT,,STRAIGHT AND LEVEL,WET,NO DEFECTS,ON SCENE,INJURY AND / OR TOW DUE TO CRASH,,Y,,"OVER $1,500",03/31/2023 08:35:00 PM,IMPROPER BACKING,IMPROPER BACKING,5357,N,LINCOLN AVE,2011.0,,,,,,,2,NO INDICATION OF INJURY,0.0,0.0,0.0,0.0,0.0,1.0,0.0,20,6,3,41.9794111442,-87.6925400831,POINT (-87.692540083068 41.979411144203)
39199adf7607172132404d7b2c97996c1092e90d2e6a2f0bcab164cc8cf57c3111c59100a52b9297e5d772ab41669209c0514b252a6abcf815c444c32bbd84a0,,01/31/2020 09:50:00 PM,30,TRAFFIC SIGNAL,FUNCTIONING PROPERLY,CLEAR,"DARKNESS, LIGHTED ROAD",REAR END,FOUR WAY,,STRAIGHT AND LEVEL,DRY,NO DEFECTS,NOT ON SCENE (DESK REPORT),NO INJURY / DRIVE AWAY,,,,$500 OR LESS,01/31/2020 10:10:00 PM,UNABLE TO DETERMINE,UNABLE TO DETERMINE,1900,S,ASHLAND AVE,1234.0,,,,,,,2,NO INDICATION OF INJURY,0.0,0.0,0.0,0.0,0.0,3.0,0.0,21,6,1,41.8559248428,-87.6662398305,POINT (-87.666239830496 41.855924842836)
f29db36029bfa35f59ca93730e738141b6a7ba77dcc44e9e3e05e0e7f692eb36ca7547e655d75704b49c7cdd298969e293d889d2509f68fb9c2a242b8fac61f4,,05/23/2016 03:00:00 PM,30,STOP SIGN/FLASHER,FUNCTIONING PROPERLY,CLEAR,DAYLIGHT,TURNING,DIVIDED - W/MEDIAN (NOT RAISED),2,STRAIGHT AND LEVEL,DRY,UNKNOWN,NOT ON SCENE (DESK REPORT),NO INJURY / DRIVE AWAY,Y,,,"OVER $1,500",05/23/2016 04:22:00 PM,DISREGARDING STOP SIGN,FAILING TO REDUCE SPEED TO AVOID CRASH,7880,S,KEATING AVE,834.0,,,,,,,2,NO INDICATION OF INJURY,0.0,0.0,0.0,0.0,0.0,2.0,0.0,15,2,5,41.749270334,-87.7403017806,POINT (-87.740301780569 41.749270334048)
77c44bca834e851a63239794f2b9e568f82cc75924e1e82b625e53f8790a803be608201d0d5207a59dc266879448922216bace71aa00e2f7389defaffaa4eeb7,,07/08/2023 04:00:00 PM,25,NO CONTROLS,NO CONTROLS,CLEAR,DAYLIGHT,PARKED MOTOR VEHICLE,NOT DIVIDED,,STRAIGHT AND LEVEL,DRY,NO DEFECTS,ON SCENE,NO INJURY / DRIVE AWAY,,,,"$501 - $1,500",07/10/2023 06:59:00 PM,DRIVING SKILLS/KNOWLEDGE/EXPERIENCE,NOT APPLICABLE,9740,W,FOSTER AVE,1654.0,,,,,,,2,NO INDICATION OF INJURY,0.0,0.0,0.0,0.0,0.0,1.0,0.0,16,7,7,41.9732778634,-87.8680733159,POINT (-87.868073315903 41.973277863439)
eeb356d9a9c8ccf2214a2ab7c208a48c40d2e9396a4353399a73ae0ff4c460363dfdaaaa2510ed0d65e576cc1657ea2c51095eee990053b2c693e01f209742f0,,06/26/2025 04:00:00 PM,30,NO CONTROLS,NO CONTROLS,CLEAR,DAYLIGHT,TURNING,NOT DIVIDED,,STRAIGHT AND LEVEL,DRY,NO DEFECTS,NOT ON SCENE (DESK REPORT),NO INJURY / DRIVE AWAY,,,Y,"$501 - $1,500",06/27/2025 03:20:00 PM,FAILING TO YIELD RIGHT-OF-WAY,FAILING TO YIELD RIGHT-OF-WAY,653,W,NORTH AVE,1822.0,,,,,,,2,NO INDICATION OF INJURY,0.0,0.0,0.0,0.0,0.0,2.0,0.0,16,5,6,41.9108530034,-87.645354761,POINT (-87.645354760989 41.910853003417)
16c0827c66e108a03517158f569dd330050d5f40539c10026059712a49a59b5c865f53aad4e45ef7a1aa5cef3c2292297df4449c83a2599546be3965d8c34d9f,Y,09/04/2018 08:00:00 AM,30,NO CONTROLS,NO CONTROLS,UNKNOWN,UNKNOWN,PARKED MOTOR VEHICLE,NOT DIVIDED,1,STRAIGHT AND LEVEL,UNKNOWN,NO DEFECTS,NOT ON SCENE (DESK REPORT),NO INJURY / DRIVE AWAY,,,Y,"OVER $1,500",09/04/2018 10:20:00 AM,UNABLE TO DETERMINE,UNABLE TO DETERMINE,2530,N,LONG AVE,2515.0,,,,,,,2,NO INDICATION OF INJURY,0.0,0.0,0.0,0.0,0.0,1.0,0.0,8,3,9,41.9268523591,-87.7613173934,POINT (-87.761317393409 41.926852359129)
ae2e2afb9ef96b073434917d32fb5c8c387ffa5df21e962a5c96d024fb777076a13e2dcb95313928845cc40897b7fd8603aa4ab735975277a87eb5f7c6164803,,12/10/2021 02:41:00 AM,30,NO CONTROLS,NO CONTROLS,CLEAR,"DARKNESS, LIGHTED ROAD",SIDESWIPE SAME DIRECTION,DIVIDED - W/MEDIAN (NOT RAISED),,STRAIGHT AND LEVEL,DRY,NO DEFECTS,NOT ON SCENE (DESK REPORT),NO INJURY / DRIVE AWAY,,,Y,"OVER $1,500",12/10/2021 03:35:00 AM,UNABLE TO DETERMINE,UNABLE TO DETERMINE,1924,N,PAULINA ST,1433.0,,,,,,,2,NO INDICATION OF INJURY,0.0,0.0,0.0,0.0,0.0,3.0,0.0,2,6,12,41.9168260303,-87.6704508845,POINT (-87.670450884523 41.916826030272)
78aad019ae741a30dbc0b9b6c994d0bef5584e704c89b2c0fc6fd10fec121d4a735bb13904e9c9cf32b74d9b16706db2046191445dee272774d332c010630b1c,Y,05/26/2022 11:02:00 PM,15,NO CONTROLS,NO CONTROLS,UNKNOWN,UNKNOWN,PARKED MOTOR VEHICLE,ONE-WAY,,STRAIGHT AND LEVEL,UNKNOWN,UNKNOWN,NOT ON SCENE (DESK REPORT),INJURY AND / OR TOW DUE TO CRASH,,,Y,"OVER $1,500",05/27/2022 07:35:00 PM,UNABLE TO DETERMINE,NOT APPLICABLE,3426,W,WALNUT ST,1123.0,,,,,,,2,NO INDICATION OF INJURY,0.0,0.0,0.0,0.0,0.0,1.0,0.0,23,5,5,41.8855633741,-87.7122443653,POINT (-87.712244365342 41.885563374062)
77a885735f0fd87d61c0ab17e823475ca8b2cf4691782b8d38ef4cbabd6a3b329dc95e6497a0e34a6eeda4d2f00dcc2a389eb59aeef04461f276543b542c2078,,12/04/2015 02:05:00 PM,30,NO CONTROLS,NO CONTROLS,CLEAR,DAYLIGHT,PARKED MOTOR VEHICLE,ONE-WAY,1,STRAIGHT AND LEVEL,DRY,NO DEFECTS,NOT ON SCENE (DESK REPORT),NO INJURY / DRIVE AWAY,,,Y,"$501 - $1,500",12/04/2015 05:50:00 PM,UNABLE TO DETERMINE,NOT APPLICABLE,21,W,MAPLE ST,1824.0,,,,,,,2,NO INDICATION OF INJURY,0.0,0.0,0.0,0.0,0.0,1.0,0.0,14,6,12,41.9017630585,-87.6292576887,POINT (-87.629257688729 41.90176305845)
7432430a531c53c99721fb6e41d75ba51ab239b9e8d0e4ea650ae6bfec0f32b223a9e992e28326624add80a1bdebc1317668f138b2994623ed28eda688554587,,03/16/2024 05:21:00 AM,30,NO CONTROLS,NO CONTROLS,CLEAR,"DARKNESS, LIGHTED ROAD",FIXED OBJECT,DIVIDED - W/MEDIAN BARRIER,,"CURVE, LEVEL",UNKNOWN,UNKNOWN,ON SCENE,INJURY AND / OR TOW DUE TO CRASH,N,,,"OVER $1,500",03/16/2024 07:46:00 AM,DRIVING SKILLS/KNOWLEDGE/EXPERIENCE,NOT APPLICABLE,342,W,LOWER WACKER DR,122.0,,,,,,,1,NO INDICATION OF INJURY,0.0,0.0,0.0,0.0,0.0,1.0,0.0,5,7,3,41.8860534665,-87.636965443,POINT (-87.636965443047 41.886053466522)
356d98ae7627d7821c78862ecce2e1d1c7c26fb6e07b2faea475a062db730f9b74dd78209542be24278597adbde8479379eba899f7eccc25459379e3061f1e5e,Y,11/18/2024 07:00:00 AM,30,NO CONTROLS,NO CONTROLS,UNKNOWN,DAYLIGHT,PARKED MOTOR VEHICLE,ONE-WAY,,STRAIGHT AND LEVEL,UNKNOWN,NO DEFECTS,ON SCENE,INJURY AND / OR TOW DUE TO CRASH,,,Y,"OVER $1,500",11/18/2024 03:52:00 PM,UNABLE TO DETERMINE,NOT APPLICABLE,4720,W,64TH ST,813.0,,,,,,,3,NO INDICATION OF INJURY,0.0,0.0,0.0,0.0,0.0,1.0,0.0,7,2,11,41.7767354601,-87.7407733481,POINT (-87.740773348059 41.776735460104)