CRASH_RECORD_ID,CRASH_DATE_EST_I,CRASH_DATE,POSTED_SPEED_LIMIT,TRAFFIC_CONTROL_DEVICE,DEVICE_CONDITION,WEATHER_CONDITION,LIGHTING_CONDITION,FIRST_CRASH_TYPE,TRAFFICWAY_TYPE,LANE_CNT,ALIGNMENT,ROADWAY_SURFACE_COND,ROAD_DEFECT,REPORT_TYPE,CRASH_TYPE,INTERSECTION_RELATED_I,NOT_RIGHT_OF_WAY_I,HIT_AND_RUN_I,DAMAGE,DATE_POLICE_NOTIFIED,PRIM_CONTRIBUTORY_CAUSE,SEC_CONTRIBUTORY_CAUSE,STREET_NO,STREET_DIRECTION,STREET_NAME,BEAT_OF_OCCURRENCE,PHOTOS_TAKEN_I,STATEMENTS_TAKEN_I,DOORING_I,WORK_ZONE_I,WORK_ZONE_TYPE,WORKERS_PRESENT_I,NUM_UNITS,MOST_SEVERE_INJURY,INJURIES_TOTAL,INJURIES_FATAL,INJURIES_INCAPACITATING,INJURIES_NON_INCAPACITATING,INJURIES_REPORTED_NOT_EVIDENT,INJURIES_NO_INDICATION,INJURIES_UNKNOWN,CRASH_HOUR,CRASH_DAY_OF_WEEK,CRASH_MONTH,LATITUDE,LONGITUDE,LOCATION
47bdb1b71a3caf3fcb56d143eb049e3c60f42044720ebcb0ca3a7ab4545424350ffadd62600938596ffe3df2ec0e60c5a3f3aac4b6633a2cc9d8d475bc63ca7c,,11/18/2024 05:32:00 PM,30,TRAFFIC SIGNAL,NO CONTROLS,RAIN,"DARKNESS, LIGHTED ROAD",SIDESWIPE SAME DIRECTION,NOT DIVIDED,,STRAIGHT AND LEVEL,WET,NO DEFECTS,ON SCENE,NO INJURY / DRIVE AWAY,,,,"$501 - $1,500",11/18/2024 05:32:00 PM,UNABLE TO DETERMINE,NOT APPLICABLE,1717,W,PERSHING RD,924.0,,,,,,,2,NO INDICATION OF INJURY,0.0,0.0,0.0,0.0,0.0,2.0,0.0,17,2,11,41.8230819211,-87.6685079798,POINT (-87.668507979793 41.823081921101)
feecc0a963b76f1737070496956a04cca857d376841291d0a3c8c8b3d0c5b3d1197940c4f3c8a29d123abe6c839689f0e7f1aa2ebcf0415f291c1ea493c8007b,,05/11/2017 07:00:00 PM,30,NO CONTROLS,NO CONTROLS,CLEAR,DAYLIGHT,REAR END,NOT DIVIDED,2,STRAIGHT AND LEVEL,DRY,NO DEFECTS,NOT ON SCENE (DESK REPORT),NO INJURY / DRIVE AWAY,,,,"$501 - $1,500",05/12/2017 10:20:00 AM,UNABLE TO DETERMINE,UNABLE TO DETERMINE,3805,W,LAKE ST,1122.0,,,,,,,2,NO INDICATION OF INJURY,0.0,0.0,0.0,0.0,0.0,2.0,0.0,19,5,5,41.8851090167,-87.7211676221,POINT (-87.721167622067 41.885109016744)
fcb63d08ef5d37b1ca9793dc299ecdf1809002d264ce63e86429dddf1fd9cd08917fd893f5f211cd64a650ac7f4247d65a05dc8cd08cb413ad5a6d78b7f6e88b,,10/04/2018 03:00:00 PM,30,TRAFFIC SIGNAL,FUNCTIONING PROPERLY,CLEAR,DAYLIGHT,TURNING,DIVIDED - W/MEDIAN (NOT RAISED),4,STRAIGHT AND LEVEL,DRY,NO DEFECTS,NOT ON SCENE (DESK REPORT),NO INJURY / DRIVE AWAY,Y,,,"$501 - $1,500",10/04/2018 03:45:00 PM,FAILING TO YIELD RIGHT-OF-WAY,NOT APPLICABLE,1932,N,ASHLAND AVE,1433.0,,,,,,,2,NO INDICATION OF INJURY,0.0,0.0,0.0,0.0,0.0,2.0,0.0,15,5,10,41.9170666619,-87.6679091126,POINT (-87.667909112616 41.917066661935)
71937489a78b7962514089dee0a9db8ae303772577aed4afbe81e10ca328e3e40125881c3dac5c2612cd468ec3a2874626b67970f744b9052c96dc8e41ec66eb,,03/10/2018 12:15:00 PM,30,TRAFFIC SIGNAL,FUNCTIONING PROPERLY,CLEAR,DAYLIGHT,SIDESWIPE SAME DIRECTION,NOT DIVIDED,4,STRAIGHT AND LEVEL,DRY,NO DEFECTS,NOT ON SCENE (DESK REPORT),NO INJURY / DRIVE AWAY,,,,"$501 - $1,500",03/10/2018 12:26:00 PM,IMPROPER OVERTAKING/PASSING,UNABLE TO DETERMINE,6024,N,CALIFORNIA AVE,2413.0,,,,,,,2,NO INDICATION OF INJURY,0.0,0.0,0.0,0.0,0.0,2.0,0.0,12,7,3,41.9911776054,-87.6995702471,POINT (-87.699570247091 41.991177605429)
1a19901a71442ee4e5d015f468123b8c967fb8cb5e1c89a6260b3502d36440ecc652aadb230a195b07479b9172d6ab54f953af6239c4357e48f394610e0cf5b6,,12/11/2022 08:30:00 PM,30,NO CONTROLS,NO CONTROLS,CLEAR,DAYLIGHT,REAR END,NOT DIVIDED,,STRAIGHT AND LEVEL,DRY,NO DEFECTS,NOT ON SCENE (DESK REPORT),NO INJURY / DRIVE AWAY,,,,"OVER $1,500",12/16/2022 08:05:00 PM,NOT APPLICABLE,NOT APPLICABLE,798,N,CICERO AVE,1531.0,,,,,,,2,NO INDICATION OF INJURY,0.0,0.0,0.0,0.0,0.0,3.0,0.0,20,1,12,41.8949541461,-87.745952653,POINT (-87.74595265298 41.894954146066)
1e169fcc098b64eb6cddf86ca07cd291c55394cea66ef03d8818be384c307f8e651b65c3eeac28ac4b5d6e483ce5cbb806624d4caff8aa4873dbfdfa09565fe8,,11/27/2021 05:45:00 PM,30,TRAFFIC SIGNAL,FUNCTIONING PROPERLY,CLEAR,"DARKNESS, LIGHTED ROAD",TURNING,NOT DIVIDED,,STRAIGHT AND LEVEL,DRY,NO DEFECTS,ON SCENE,INJURY AND / OR TOW DUE TO CRASH,Y,,,"OVER $1,500",11/27/2021 06:03:00 PM,UNABLE TO DETERMINE,UNABLE TO DETERMINE,3056,W,PETERSON AVE,2413.0,,,,,,,2,"REPORTED, NOT EVIDENT",1.0,0.0,0.0,0.0,1.0,2.0,0.0,17,7,11,41.9905095921,-87.7065382131,POINT (-87.706538213099 41.990509592089)
fd32db21e442cd70624b55cc47f2fbf972c9ff637cf7cb9a45617243ddb8154710972e3b1d6aebe89042d5b91012c2af082fe9aba5fa1283db3c8a3558a7b1d7,,06/27/2025 02:18:00 PM,30,NO CONTROLS,NO CONTROLS,CLEAR,DAYLIGHT,PARKED MOTOR VEHICLE,NOT DIVIDED,,STRAIGHT AND LEVEL,DRY,NO DEFECTS,NOT ON SCENE (DESK REPORT),NO INJURY / DRIVE AWAY,,,,"OVER $1,500",09/08/2025 05:58:00 PM,IMPROPER BACKING,FOLLOWING TOO CLOSELY,1822,W,95TH ST,2221.0,,,,,,,2,NO INDICATION OF INJURY,0.0,0.0,0.0,0.0,0.0,1.0,0.0,14,6,6,41.7212420925,-87.6683844575,POINT (-87.668384457456 41.721242092474)
ef343cac2fd3641246c2479566d3629d99b7e2a0bc814962c4a76a3dba8c77fbdf679131da3dfb5c04d27011afa08312ed93e85db5dee10fc853c8b86013558d,,03/02/2025 11:42:00 AM,30,UNKNOWN,UNKNOWN,CLEAR,DAYLIGHT,REAR END,NOT DIVIDED,,STRAIGHT AND LEVEL,UNKNOWN,UNKNOWN,NOT ON SCENE (DESK REPORT),NO INJURY / DRIVE AWAY,,,,"$501 - $1,500",03/02/2025 12:00:00 PM,UNABLE TO DETERMINE,NOT APPLICABLE,6350,S,CICERO AVE,813.0,,,,,,,2,NO INDICATION OF INJURY,0.0,0.0,0.0,0.0,0.0,3.0,0.0,11,1,3,41.7769205421,-87.7423840062,POINT (-87.742384006174 41.77692054208)
5eeb768e56b5b3622a07532e723d8816b82fe251b04f83b0430213a1f0ff9fb220d71b0a1ab5755f7201e34d9363b3247f54e37d3a534b3c394a55e6e10066a8,,01/02/2019 07:10:00 AM,30,TRAFFIC SIGNAL,FUNCTIONING PROPERLY,CLEAR,DAYLIGHT,TURNING,ONE-WAY,3,CURVE ON HILLCREST,DRY,NO DEFECTS,,NO INJURY / DRIVE AWAY,Y,,,"OVER $1,500",01/02/2019 07:13:00 AM,UNABLE TO DETERMINE,UNABLE TO DETERMINE,3100,S,INDIANA AVE,211.0,,,,,,,2,NO INDICATION OF INJURY,0.0,0.0,0.0,0.0,0.0,2.0,0.0,7,4,1,41.8382693814,-87.6220742317,POINT (-87.622074231675 41.838269381428)
1fc44db55586446057d4f3ed7fc692eafd54daf7995ff95bdfae85b1f189d8d633fad59d568ce98f041901c3f508d54fc902e74908266bdc8d8afe6e2b216e08,,10/29/2021 10:20:00 AM,30,STOP SIGN/FLASHER,FUNCTIONING PROPERLY,RAIN,DAYLIGHT,REAR END,NOT DIVIDED,,STRAIGHT AND LEVEL,WET,NO DEFECTS,NOT ON SCENE (DESK REPORT),NO INJURY / DRIVE AWAY,,,,"$501 - $1,500",10/29/2021 10:30:00 AM,FOLLOWING TOO CLOSELY,CELL PHONE USE OTHER THAN TEXTING,932,W,79TH ST,621.0,,,,,,,2,NO INDICATION OF INJURY,0.0,0.0,0.0,0.0,0.0,2.0,0.0,10,6,10,41.7506956446,-87.6477459671,POINT (-87.647745967121 41.750695644594)
3bddd6877dfdf78a4c49813e77d714c8346d945236d9a412c5f027dee53f6d4080d00f7bb52f3355b0284dd2d2ec13ec56c165f67954997dda4cc9ba061a99e4,,10/21/2020 06:45:00 PM,30,NO CONTROLS,NO CONTROLS,RAIN,"DARKNESS, LIGHTED ROAD",ANGLE,NOT DIVIDED,,STRAIGHT AND LEVEL,WET,NO DEFECTS,NOT ON SCENE (DESK REPORT),NO INJURY / DRIVE AWAY,,,,$500 OR LESS,10/21/2020 07:50:00 PM,UNABLE TO DETERMINE,NOT APPLICABLE,2320,W,47TH ST,924.0,,,,,,,2,NO INDICATION OF INJURY,0.0,0.0,0.0,0.0,0.0,2.0,0.0,18,4,10,41.808532582,-87.6828921382,POINT (-87.682892138166 41.808532582036)
3f685c270000921d99b6e029b8f6c93fdf2dd3b9b95a4735063df63df988e7b3072aa1cc56ba3555f9dc8bc31444189970f7ebd07eb8865d79b913f1cf016e6d,,02/05/2025 06:20:00 AM,30,TRAFFIC SIGNAL,FUNCTIONING PROPERLY,CLEAR,DARKNESS,REAR END,NOT DIVIDED,,STRAIGHT AND LEVEL,DRY,NO DEFECTS,NOT ON SCENE (DESK REPORT),NO INJURY / DRIVE AWAY,,,Y,"$501 - $1,500",02/05/2025 06:25:00 AM,FOLLOWING TOO CLOSELY,FOLLOWING TOO CLOSELY,3701,W,63RD ST,823.0,,,,,,,2,NO INDICATION OF INJURY,0.0,0.0,0.0,0.0,0.0,2.0,0.0,6,4,2,41.7786582634,-87.7155201912,POINT (-87.71552019118 41.778658263411)
d2ac1aef7e93d7a33bf44e3c949e90898c6c1bd99e2a21a12ddbb89ac3ab2a7b7a9c484235795b96577801c5ad57c55dd1a0f6c57da18a182c28f1e6239690c0,,03/23/2023 03:15:00 PM,30,TRAFFIC SIGNAL,FUNCTIONING PROPERLY,CLOUDY/OVERCAST,DAYLIGHT,SIDESWIPE SAME DIRECTION,DIVIDED - W/MEDIAN (NOT RAISED),,STRAIGHT AND LEVEL,DRY,NO DEFECTS,ON SCENE,NO INJURY / DRIVE AWAY,,,Y,$500 OR LESS,03/23/2023 03:35:00 PM,FOLLOWING TOO CLOSELY,IMPROPER OVERTAKING/PASSING,950,N,MICHIGAN AVE,1833.0,,,,,,,2,NO INDICATION OF INJURY,0.0,0.0,0.0,0.0,0.0,2.0,0.0,15,5,3,41.9003527721,-87.6243329189,POINT (-87.624332918928 41.900352772063)
a062fba6c04239a1c78ff4878a87a84f397843ca03f06fa996544d4a75b383d4684c07acb0d57186492285bed45200fa414f69c27f7ace6c3d110b172a20d400,,07/22/2017 03:00:00 AM,30,TRAFFIC SIGNAL,FUNCTIONING PROPERLY,RAIN,"DARKNESS, LIGHTED ROAD",REAR END,NOT DIVIDED,4,STRAIGHT AND LEVEL,WET,NO DEFECTS,ON SCENE,NO INJURY / DRIVE AWAY,,,Y,"OVER $1,500",07/22/2017 03:05:00 AM,IMPROPER TURNING/NO SIGNAL,NOT APPLICABLE,67,W,FULLERTON DR,1814.0,,,,,,,2,NO INDICATION OF INJURY,0.0,0.0,0.0,0.0,0.0,3.0,0.0,3,7,7,41.926005042,-87.6313043359,POINT (-87.631304335946 41.926005041975)
fabb6bc379765b16ec6a025213b1dc76b96174381089c460a51784faa041dee21ff507162dcad9351dc8b56273ec8a1c6a0ec569a80a89cf4810e378a846a940,,09/24/2020 09:15:00 AM,30,NO CONTROLS,NO CONTROLS,UNKNOWN,DAYLIGHT,PARKED MOTOR VEHICLE,ONE-WAY,,STRAIGHT AND LEVEL,UNKNOWN,UNKNOWN,NOT ON SCENE (DESK REPORT),NO INJURY / DRIVE AWAY,,,Y,"OVER $1,500",09/24/2020 12:44:00 PM,IMPROPER OVERTAKING/PASSING,IMPROPER OVERTAKING/PASSING,7500,S,VERNON AVE,624.0,,,,,,,2,NO INDICATION OF INJURY,0.0,0.0,0.0,0.0,0.0,1.0,0.0,9,5,9,41.7583372044,-87.6140251648,POINT (-87.614025164832 41.758337204433)
fac9927795b87b95eff76c559e7579b5a39c8017d3a4ed66cbfe704755af01829fe7a8749662a70d66df123bbc2f3a41ac8c11258d6825f5bcb3db5a5c91d6a5,,12/21/2019 12:40:00 PM,30,TRAFFIC SIGNAL,UNKNOWN,CLEAR,DAYLIGHT,REAR END,T-INTERSECTION,,STRAIGHT AND LEVEL,DRY,NO DEFECTS,ON SCENE,INJURY AND / OR TOW DUE TO CRASH,,,,$500 OR LESS,12/21/2019 12:45:00 PM,FOLLOWING TOO CLOSELY,DISTRACTION - FROM OUTSIDE VEHICLE,4500,W,CHICAGO AVE,1111.0,,Y,,,,,2,"REPORTED, NOT EVIDENT",1.0,0.0,0.0,0.0,1.0,2.0,0.0,12,7,12,41.8952483075,-87.7385164561,POINT (-87.738516456106 41.895248307451)
895b3c87c673d22b1185938246f4d8f673fc334874d9ea73eb628c377be0cb053edd70888afb341feebc91a06599ff1260fc299485562c7943f031a620ca055f,,09/08/2025 08:15:00 AM,20,NO CONTROLS,NO CONTROLS,CLEAR,DAYLIGHT,REAR END,DIVIDED - W/MEDIAN BARRIER,,STRAIGHT ON HILLCREST,DRY,NO DEFECTS,NOT ON SCENE (DESK REPORT),NO INJURY / DRIVE AWAY,,,,"$501 - $1,500",09/08/2025 11:40:00 AM,FAILING TO REDUCE SPEED TO AVOID CRASH,NOT APPLICABLE,270,W,18TH ST,914.0,,,,,,,2,NO INDICATION OF INJURY,0.0,0.0,0.0,0.0,0.0,2.0,0.0,8,2,9,41.8578331388,-87.6347721623,POINT (-87.634772162343 41.857833138758)
526b5593ab4e75205b1fdbe2f3a8e73c6bc7d36a0b07b53016836087df0df4afebac5f933d32f39cfd04d91a389c6475821f508ff9afc537bd754f2cc82c7548,,06/03/2024 01:33:00 AM,30,NO CONTROLS,NO CONTROLS,CLEAR,"DARKNESS, LIGHTED ROAD",PARKED MOTOR VEHICLE,ONE-WAY,,STRAIGHT AND LEVEL,DRY,NO DEFECTS,ON SCENE,NO INJURY / DRIVE AWAY,,,Y,"OVER $1,500",06/03/2024 01:33:00 AM,DRIVING ON WRONG SIDE/WRONG WAY,"OPERATING VEHICLE IN ERRATIC, RECKLESS, CARELESS, NEGLIGENT OR AGGRESSIVE MANNER",6838,S,MARSHFIELD AVE,725.0,,Y,,,,,2,NO INDICATION OF INJURY,0.0,0.0,0.0,0.0,0.0,1.0,0.0,1,2,6,41.769188665,-87.6652964423,POINT (-87.66529644233 41.769188665021)
87209433ace3f86b716bed0d6a6547572796d1f3ed5f35a3f0aff0e5c5bb484cfb4cd7430fad34d84b9769cfe6839ca3caadb1d67aa2a48b4a102d20b966d1ee,,03/03/2021 07:30:00 PM,30,NO CONTROLS,NO CONTROLS,CLEAR,"DARKNESS, LIGHTED ROAD",FIXED OBJECT,NOT DIVIDED,,STRAIGHT AND LEVEL,DRY,NO DEFECTS,NOT ON SCENE (DESK REPORT),NO INJURY / DRIVE AWAY,,,,"$501 - $1,500",03/04/2021 10:00:00 AM,ROAD ENGINEERING/SURFACE/MARKING DEFECTS,NOT APPLICABLE,7940,S,ASHLAND AVE,611.0,,,,,,,1,NO INDICATION OF INJURY,0.0,0.0,0.0,0.0,0.0,1.0,0.0,19,4,3,41.7491284193,-87.6635583283,POINT (-87.663558328343 41.749128419276)
b366680f31f23d552fa50e4b67a2965916c9f84cdcb86bd2e492bee1ce1ea70b6685f9e79088154cde6eaca3c7b389713a185392ce4114534973da14c983659e,,03/09/2020 04:54:00 PM,30,NO CONTROLS,NO CONTROLS,RAIN,DAYLIGHT,TURNING,NOT DIVIDED,,STRAIGHT AND LEVEL,WET,NO DEFECTS,NOT ON SCENE (DESK REPORT),NO INJURY / DRIVE AWAY,Y,,,"OVER $1,500",03/10/2020 09:37:00 AM,UNABLE TO DETERMINE,UNABLE TO DETERMINE,1617,N,CALIFORNIA AVE,1421.0,,,,,,,2,NO INDICATION OF INJURY,0.0,0.0,0.0,0.0,0.0,3.0,0.0,16,2,3,41.9107634818,-87.6968662516,POINT (-87.696866251577 41.910763481827)
e0295ce7521a1c3c1cbb791f41e08d258f8ce730a3fb729b9632e8240315fe52255a9ba868636faa2804ec043b64dc4b48dbf1c49a3628b53c79e7c7aa14d2e4,,10/07/2024 08:45:00 AM,30,TRAFFIC SIGNAL,FUNCTIONING PROPERLY,CLEAR,DAYLIGHT,REAR END,NOT DIVIDED,,STRAIGHT AND LEVEL,UNKNOWN,UNKNOWN,NOT ON SCENE (DESK REPORT),NO INJURY / DRIVE AWAY,,,,"$501 - $1,500",10/07/2024 09:03:00 AM,FOLLOWING TOO CLOSELY,DRIVING SKILLS/KNOWLEDGE/EXPERIENCE,2415,W,PETERSON AVE,2011.0,,,,,,,2,NO INDICATION OF INJURY,0.0,0.0,0.0,0.0,0.0,2.0,0.0,8,2,10,41.9903835848,-87.6903184871,POINT (-87.690318487128 41.990383584772)
405c356fa05eff6f143b50865d7299a647105b09ce24db3e20ca883083adae7194cd48998cd9975fd5733b2bc6bd258a6abc1e255a3c0d176ef5a70c84484219,,09/27/2018 05:40:00 PM,30,TRAFFIC SIGNAL,FUNCTIONING PROPERLY,CLEAR,DAYLIGHT,TURNING,DIVIDED - W/MEDIAN (NOT RAISED),,STRAIGHT AND LEVEL,DRY,NO DEFECTS,NOT ON SCENE (DESK REPORT),NO INJURY / DRIVE AWAY,Y,,,"OVER $1,500",09/28/2018 12:00:00 PM,FAILING TO YIELD RIGHT-OF-WAY,NOT APPLICABLE,5191,S,WESTERN BLVD,932.0,,,,,,,2,NO INDICATION OF INJURY,0.0,0.0,0.0,0.0,0.0,2.0,0.0,17,5,9,41.7988994913,-87.6834578416,POINT (-87.68345784158 41.798899491318)
71be20d28ed6574c521dd4a617ca5a572024582f67bd958899f02dc8d4848cc18a3f7bc244a5d48267a522a7d929ecaa3b130b9e3490ac1b642236890da8649f,,12/11/2020 04:50:00 PM,40,NO CONTROLS,NO CONTROLS,RAIN,DAYLIGHT,SIDESWIPE SAME DIRECTION,OTHER,,STRAIGHT AND LEVEL,WET,UNKNOWN,NOT ON SCENE (DESK REPORT),NO INJURY / DRIVE AWAY,,,,"$501 - $1,500",12/11/2020 06:20:00 PM,UNABLE TO DETERMINE,UNABLE TO DETERMINE,700,S,LAKE SHORE DR E,114.0,,,,,,,2,NO INDICATION OF INJURY,0.0,0.0,0.0,0.0,0.0,2.0,0.0,16,6,12,41.8731936088,-87.6172282945,POINT (-87.617228294467 41.873193608809)
3a58a9adbdd3c1d318b65828c0f5e094265ac0a87553ae1d80c42c3947d8f4955e84bb89e812d499764050223ab67e2c14eb927be59ed48e178e6f8a1f53d926,,07/15/2025 02:10:00 PM,30,TRAFFIC SIGNAL,FUNCTIONING PROPERLY,CLEAR,DAYLIGHT,PARKED MOTOR VEHICLE,NOT DIVIDED,,STRAIGHT AND LEVEL,DRY,NO DEFECTS,ON SCENE,INJURY AND / OR TOW DUE TO CRASH,,,,"OVER $1,500",07/15/2025 02:12:00 PM,UNABLE TO DETERMINE,NOT APPLICABLE,230,W,OAK ST,1823.0,,,,,,,2,NO INDICATION OF INJURY,0.0,0.0,0.0,0.0,0.0,2.0,0.0,14,3,7,41.9006353423,-87.6356969216,POINT (-87.63569692164 41.900635342336)
40b83558a76008a9ca3f0eafd5b82d1c55677eff13d61325a2bc05300e1389f8608f1d82d1c7302f544846619bd785a1a1ea04a9a62e4b2fb1b89426f0eeae80,,10/08/2021 04:15:00 PM,30,NO CONTROLS,NO CONTROLS,CLEAR,DAYLIGHT,TURNING,NOT DIVIDED,,STRAIGHT AND LEVEL,UNKNOWN,UNKNOWN,NOT ON SCENE (DESK REPORT),NO INJURY / DRIVE AWAY,,,,"OVER $1,500",10/11/2021 01:55:00 PM,IMPROPER LANE USAGE,UNABLE TO DETERMINE,6120,N,BROADWAY,2433.0,,,,,,,2,NO INDICATION OF INJURY,0.0,0.0,0.0,0.0,0.0,2.0,0.0,16,6,10,41.9929441343,-87.660504875,POINT (-87.660504875026 41.992944134279)
f06b7f441b475dbbc0f29a6e0848f9ac3ddebf37df5085d2ca227a2c556628432455a4eb9b76cb40cd77b9cfa8c994d96da5770f3dc7fab817e120cab9eb2176,,01/03/2023 08:49:00 PM,30,TRAFFIC SIGNAL,FUNCTIONING PROPERLY,FOG/SMOKE/HAZE,"DARKNESS, LIGHTED ROAD",ANGLE,DIVIDED - W/MEDIAN BARRIER,,STRAIGHT AND LEVEL,WET,NO DEFECTS,ON SCENE,INJURY AND / OR TOW DUE TO CRASH,Y,,,"OVER $1,500",01/03/2023 08:52:00 PM,DISREGARDING OTHER TRAFFIC SIGNS,FAILING TO YIELD RIGHT-OF-WAY,232,W,GARFIELD BLVD,935.0,,,,,,,2,NO INDICATION OF INJURY,0.0,0.0,0.0,0.0,0.0,2.0,0.0,20,3,1,41.7946423304,-87.6318434161,POINT (-87.631843416063 41.794642330446)
50954876389c75aa7a08545f9935304176aefcfc51ec6a0a9af9a640d68634c3c369797f057c05e706425261358d1d8a3e2e9f73ade83719e9da14cde5d96663,,04/01/2019 10:20:00 PM,25,STOP SIGN/FLASHER,FUNCTIONING PROPERLY,CLEAR,"DARKNESS, LIGHTED ROAD",ANGLE,NOT DIVIDED,2,STRAIGHT AND LEVEL,DRY,NO DEFECTS,ON SCENE,NO INJURY / DRIVE AWAY,Y,,,"OVER $1,500",04/01/2019 10:30:00 PM,DISREGARDING STOP SIGN,FAILING TO YIELD RIGHT-OF-WAY,3000,W,FILLMORE ST,1134.0,,,,,,,2,NO INDICATION OF INJURY,0.0,0.0,0.0,0.0,0.0,2.0,0.0,22,2,4,41.868388768,-87.7009055396,POINT (-87.700905539586 41.868388768006)
716800ffe0caff239c9c4844f6311b4899c0920b95a84853aec8229c9fd2611be44a295240c1fc916c3e76bf8ff3c9d733e6fcced185d19587dfbe9412e4735a,,07/02/2019 09:35:00 PM,30,TRAFFIC SIGNAL,FUNCTIONING PROPERLY,RAIN,"DARKNESS, LIGHTED ROAD",PEDESTRIAN,NOT DIVIDED,,STRAIGHT AND LEVEL,WET,NO DEFECTS,ON SCENE,INJURY AND / OR TOW DUE TO CRASH,Y,,,$500 OR LESS,07/02/2019 09:39:00 PM,WEATHER,DRIVING SKILLS/KNOWLEDGE/EXPERIENCE,2513,S,BLUE ISLAND AVE,1034.0,,,,,,,2,NONINCAPACITATING INJURY,1.0,0.0,0.0,1.0,0.0,1.0,0.0,21,3,7,41.8466592054,-87.6803309436,POINT (-87.680330943621 41.846659205417)
582119d02bbdfc9df5399c8d3a6f6c4f122e926e5740ab0c97f478e90c060d7d851baf28325f5960a8bb93a39b21167ae79f28562631be282b16762c8265169b,,03/03/2017 07:57:00 AM,30,NO CONTROLS,NO CONTROLS,CLEAR,DAYLIGHT,REAR END,DIVIDED - W/MEDIAN (NOT RAISED),4,STRAIGHT AND LEVEL,DRY,NO DEFECTS,NOT ON SCENE (DESK REPORT),NO INJURY / DRIVE AWAY,,,,"$501 - $1,500",03/03/2017 09:00:00 AM,FOLLOWING TOO CLOSELY,"VISION OBSCURED (SIGNS, TREE LIMBS, BUILDINGS, ETC.)",5821,W,NORTH AVE,2531.0,,,,,,,2,NO INDICATION OF INJURY,0.0,0.0,0.0,0.0,0.0,2.0,0.0,7,6,3,41.9091936594,-87.771665878,POINT (-87.771665878033 41.909193659365)
1221d50a10297abe61382cbdd312468a213d0c15806a99fb445a83f95ae6d431aaed79476531293ab897c411c00b147988ee1f1f8202dc4abc19727a468b7494,,06/24/2023 01:51:00 PM,30,TRAFFIC SIGNAL,FUNCTIONING PROPERLY,CLEAR,DAYLIGHT,REAR END,FOUR WAY,,STRAIGHT AND LEVEL,DRY,UNKNOWN,NOT ON SCENE (DESK REPORT),NO INJURY / DRIVE AWAY,,,,"OVER $1,500",06/24/2023 02:40:00 PM,FAILING TO REDUCE SPEED TO AVOID CRASH,FAILING TO REDUCE SPEED TO AVOID CRASH,3201,W,107TH ST,2211.0,,,,,,,2,NO INDICATION OF INJURY,0.0,0.0,0.0,0.0,0.0,3.0,0.0,13,7,6,41.6987605697,-87.7011394767,POINT (-87.701139476728 41.69876056971)
02365b3f574a5f0a996ed7d48ce56fd39f527c0aec6a8258c564b489ad85ea25deecb6c2963363c1623912aba8d5fc1df7bf4710ba5fbe8bf807cc69eec69445,,12/14/2022 09:12:00 AM,30,NO CONTROLS,NO CONTROLS,RAIN,DAYLIGHT,SIDESWIPE SAME DIRECTION,ONE-WAY,,STRAIGHT AND LEVEL,WET,NO DEFECTS,ON SCENE,NO INJURY / DRIVE AWAY,,,,"OVER $1,500",12/14/2022 09:12:00 AM,FAILING TO YIELD RIGHT-OF-WAY,FAILING TO YIELD RIGHT-OF-WAY,1514,N,ROCKWELL ST,1423.0,,,,,,,2,NO INDICATION OF INJURY,0.0,0.0,0.0,0.0,0.0,3.0,0.0,9,4,12,41.9089275822,-87.6922334148,POINT (-87.692233414763 41.908927582175)
411dd7c2b8aff510c4da4773150f705f2797df06d00859ba835523290df6f5d03a496043442ed1da11844bda25986ddd6dd2c017b6be56d4e5c3dead56e80d80,,01/18/2025 10:50:00 AM,25,NO CONTROLS,NO CONTROLS,CLEAR,DAYLIGHT,REAR TO SIDE,ONE-WAY,,STRAIGHT AND LEVEL,DRY,UNKNOWN,NOT ON SCENE (DESK REPORT),NO INJURY / DRIVE AWAY,,,,"$501 - $1,500",01/18/2025 10:54:00 AM,IMPROPER BACKING,UNABLE TO DETERMINE,4538,N,KARLOV AVE,1722.0,,,,,,,2,NO INDICATION OF INJURY,0.0,0.0,0.0,0.0,0.0,2.0,0.0,10,7,1,41.963672467,-87.7304776012,POINT (-87.730477601247 41.963672467037)
c56b854999563184b240e640ed53c882cdc061cf3cf100e91269130d554d6245fb89756fd1392c128d6a11f73574f2114a53ab6b383fcf8dbc57e4b6f2a28e6f,,04/03/2018 04:15:00 AM,30,NO CONTROLS,NO CONTROLS,RAIN,DAWN,SIDESWIPE SAME DIRECTION,ONE-WAY,2,STRAIGHT AND LEVEL,WET,NO DEFECTS,NOT ON SCENE (DESK REPORT),NO INJURY / DRIVE AWAY,,,,"$501 - $1,500",04/03/2018 04:57:00 AM,IMPROPER OVERTAKING/PASSING,NOT APPLICABLE,212,W,VAN BUREN ST,122.0,,,,,,,2,NO INDICATION OF INJURY,0.0,0.0,0.0,0.0,0.0,2.0,0.0,4,3,4,41.8769497698,-87.6341036946,POINT (-87.634103694588 41.876949769763)