CRASH_RECORD_ID,CRASH_DATE_EST_I,CRASH_DATE,POSTED_SPEED_LIMIT,TRAFFIC_CONTROL_DEVICE,DEVICE_CONDITION,WEATHER_CONDITION,LIGHTING_CONDITION,FIRST_CRASH_TYPE,TRAFFICWAY_TYPE,LANE_CNT,ALIGNMENT,ROADWAY_SURFACE_COND,ROAD_DEFECT,REPORT_TYPE,CRASH_TYPE,INTERSECTION_RELATED_I,NOT_RIGHT_OF_WAY_I,HIT_AND_RUN_I,DAMAGE,DATE_POLICE_NOTIFIED,PRIM_CONTRIBUTORY_CAUSE,SEC_CONTRIBUTORY_CAUSE,STREET_NO,STREET_DIRECTION,STREET_NAME,BEAT_OF_OCCURRENCE,PHOTOS_TAKEN_I,STATEMENTS_TAKEN_I,DOORING_I,WORK_ZONE_I,WORK_ZONE_TYPE,WORKERS_PRESENT_I,NUM_UNITS,MOST_SEVERE_INJURY,INJURIES_TOTAL,INJURIES_FATAL,INJURIES_INCAPACITATING,INJURIES_NON_INCAPACITATING,INJURIES_REPORTED_NOT_EVIDENT,INJURIES_NO_INDICATION,INJURIES_UNKNOWN,CRASH_HOUR,CRASH_DAY_OF_WEEK,CRASH_MONTH,LATITUDE,LONGITUDE,LOCATION
5ac652824df4726318b5ca1d2896e81a695dca7ce9d46dbf2c7a7cfbfed40e37ac16d4b0c6ad0c7d9a70c4cd2b923291db77d71163ce157bf671bc8384716a25,,03/22/2021 10:36:00 PM,35,NO CONTROLS,NO CONTROLS,CLEAR,"DARKNESS, LIGHTED ROAD",FIXED OBJECT,NOT DIVIDED,,STRAIGHT AND LEVEL,DRY,NO DEFECTS,ON SCENE,INJURY AND / OR TOW DUE TO CRASH,,,,"OVER $1,500",03/22/2021 10:36:00 PM,PHYSICAL CONDITION OF DRIVER,PHYSICAL CONDITION OF DRIVER,6320,S,RACINE AVE,724.0,Y,,,,,,1,NO INDICATION OF INJURY,0.0,0.0,0.0,0.0,0.0,3.0,0.0,22,2,3,41.7789517632,-87.6546324966,POINT (-87.654632496626 41.778951763243)
92a0244923fb3ee0531f806ce8d82a78c0bc316e30aa7c1eb1065c4e3a805122ab26a905b705c2576f92a49875dd86ad676177123aa1d82fc4b0a5c31fa6be07,,07/30/2016 11:45:00 PM,30,NO CONTROLS,NO CONTROLS,CLEAR,DARKNESS,REAR END,NOT DIVIDED,2,STRAIGHT AND LEVEL,DRY,NO DEFECTS,NOT ON SCENE (DESK REPORT),NO INJURY / DRIVE AWAY,,,,"OVER $1,500",07/31/2016 12:16:00 AM,IMPROPER BACKING,IMPROPER BACKING,40,S,WABASH AVE,112.0,,,,,,,2,NO INDICATION OF INJURY,0.0,0.0,0.0,0.0,0.0,2.0,0.0,23,7,7,41.8810927917,-87.6263266076,POINT (-87.626326607647 41.881092791749)
4e982f588db0d96f0757a5d181faa62e9d09b634d74c30a8365015a6f196e88ea3e708140216d810e41754cc50121ac2ff84c61183781cb07a1558f8112b48a2,,10/01/2017 10:05:00 AM,35,STOP SIGN/FLASHER,FUNCTIONING PROPERLY,CLEAR,DAYLIGHT,ANGLE,NOT DIVIDED,2,STRAIGHT AND LEVEL,DRY,NO DEFECTS,ON SCENE,NO INJURY / DRIVE AWAY,Y,,,"$501 - $1,500",10/01/2017 10:08:00 AM,FAILING TO YIELD RIGHT-OF-WAY,FAILING TO REDUCE SPEED TO AVOID CRASH,3600,N,LINDER AVE,1633.0,,,,,,,2,NO INDICATION OF INJURY,0.0,0.0,0.0,0.0,0.0,2.0,0.0,10,1,10,41.9459966416,-87.7644479858,POINT (-87.764447985762 41.945996641632)
7cac4ad6a1c62ae68b01f5378a035364d40acb00daee7f2030e2a759db0f1cbb38e824749b9c9a64b97f80fd18bfff0789450e912862ca8391c82351bd1c48eb,,03/12/2022 02:43:00 PM,30,TRAFFIC SIGNAL,FUNCTIONING PROPERLY,CLEAR,DAYLIGHT,SIDESWIPE SAME DIRECTION,DIVIDED - W/MEDIAN (NOT RAISED),,STRAIGHT AND LEVEL,DRY,NO DEFECTS,NOT ON SCENE (DESK REPORT),NO INJURY / DRIVE AWAY,,,,"OVER $1,500",03/13/2022 01:40:00 PM,UNABLE TO DETERMINE,UNABLE TO DETERMINE,2369,N,OAK PARK AVE,2512.0,,,,,,,2,NO INDICATION OF INJURY,0.0,0.0,0.0,0.0,0.0,2.0,0.0,14,7,3,41.9232826026,-87.7950801993,POINT (-87.795080199329 41.923282602567)
8113679d8ad539ca411ef0f34061cf47a401b4f020d7a41e04f7e756b5d1f12198f0d01b00cb2557672615cf887f47946ab91e9072584fdd602989caa53584cf,Y,11/19/2018 12:40:00 PM,30,NO CONTROLS,NO CONTROLS,CLEAR,DAYLIGHT,SIDESWIPE SAME DIRECTION,NOT DIVIDED,2,STRAIGHT AND LEVEL,DRY,NO DEFECTS,NOT ON SCENE (DESK REPORT),NO INJURY / DRIVE AWAY,Y,,,$500 OR LESS,11/19/2018 05:10:00 PM,FOLLOWING TOO CLOSELY,NOT APPLICABLE,401,E,OHIO ST,1834.0,,,,,,,2,NO INDICATION OF INJURY,0.0,0.0,0.0,0.0,0.0,2.0,0.0,12,2,11,41.8925349186,-87.6175534687,POINT (-87.617553468734 41.892534918643)
b0817ecd19ad60ec3d4b5df6843da0d2a5c2b4d38f4c827695e3ee7fdc5e0e1bf9ea8c78d258c3555eba11b52b76c6d34e0e134375ced03da5e5149332f8b048,Y,08/28/2018 08:50:00 AM,0,NO CONTROLS,NO CONTROLS,RAIN,DAYLIGHT,PARKED MOTOR VEHICLE,PARKING LOT,0,STRAIGHT AND LEVEL,WET,NO DEFECTS,ON SCENE,NO INJURY / DRIVE AWAY,,,,"$501 - $1,500",08/28/2018 08:56:00 AM,"VISION OBSCURED (SIGNS, TREE LIMBS, BUILDINGS, ETC.)",IMPROPER BACKING,6020,N,CICERO AVE,1621.0,,,,,,,2,NO INDICATION OF INJURY,0.0,0.0,0.0,0.0,0.0,1.0,0.0,8,3,8,41.9904947718,-87.7484774142,POINT (-87.748477414229 41.99049477183)
22e644c6b691afc310e9a1a62bca7b6deef9426d4f7fff80e7fc06d9ad94cacac48e012f7e570b6698f22e97315b57389eb6334e4b54c9a14ed4b6465c968329,,06/20/2018 08:40:00 AM,20,NO CONTROLS,NO CONTROLS,CLOUDY/OVERCAST,DAYLIGHT,PARKED MOTOR VEHICLE,ONE-WAY,1,STRAIGHT AND LEVEL,DRY,NO DEFECTS,ON SCENE,INJURY AND / OR TOW DUE TO CRASH,,,Y,"OVER $1,500",06/20/2018 09:40:00 AM,UNABLE TO DETERMINE,UNABLE TO DETERMINE,7656,N,BOSWORTH AVE,2422.0,,,,,,,2,NO INDICATION OF INJURY,0.0,0.0,0.0,0.0,0.0,1.0,0.0,8,4,6,42.0209994558,-87.6696266088,POINT (-87.669626608807 42.020999455791)
bc119e9234123bd3f6e7149f73cb44278bdf3c2f2a5f8a02aa9c0ca43179d7e3504a0837d070ff3f2fcfc897c981202f4026eb55b1b08d0964855763a2f03670,,07/26/2022 12:30:00 PM,15,STOP SIGN/FLASHER,NO CONTROLS,CLEAR,DAYLIGHT,ANGLE,FOUR WAY,,STRAIGHT AND LEVEL,DRY,UNKNOWN,ON SCENE,INJURY AND / OR TOW DUE TO CRASH,,,,"OVER $1,500",07/26/2022 12:30:00 PM,FAILING TO YIELD RIGHT-OF-WAY,NOT APPLICABLE,6300,N,PAULINA ST,2433.0,,,,,,,2,NO INDICATION OF INJURY,0.0,0.0,0.0,0.0,0.0,4.0,0.0,12,3,7,41.9956782747,-87.6720684583,POINT (-87.672068458282 41.995678274667)
31068bd428efe831b5fa87a77495da52e4f299e58fa3140e2427a9c07b8af2c992f3cd401a9968cae8992da52a98ed73950acf2532d91b94107601ecfea3e580,Y,02/11/2024 12:00:00 PM,35,UNKNOWN,UNKNOWN,UNKNOWN,UNKNOWN,PARKED MOTOR VEHICLE,OTHER,,STRAIGHT AND LEVEL,DRY,UNKNOWN,ON SCENE,NO INJURY / DRIVE AWAY,,,Y,"OVER $1,500",02/12/2024 11:12:00 AM,UNABLE TO DETERMINE,NOT APPLICABLE,1243,W,JACKSON BLVD,1231.0,,,,,,,2,NO INDICATION OF INJURY,0.0,0.0,0.0,0.0,0.0,1.0,0.0,12,1,2,41.8776522523,-87.6587227382,POINT (-87.658722738238 41.877652252271)
bfd1ee4ba17b1d9f2c5e05da5beb019f51e89635f132eaf15b05efabde905bc03c80e4e4e76a30db01ecce02f6786e4cbc803192618dbd20db66c6e846066b0a,,09/01/2019 08:51:00 AM,30,TRAFFIC SIGNAL,FUNCTIONING PROPERLY,CLEAR,DAYLIGHT,ANGLE,FOUR WAY,,STRAIGHT AND LEVEL,DRY,NO DEFECTS,ON SCENE,INJURY AND / OR TOW DUE TO CRASH,,,Y,"OVER $1,500",09/01/2019 08:53:00 AM,DISREGARDING TRAFFIC SIGNALS,NOT APPLICABLE,7300,S,YATES BLVD,334.0,,,,,,,2,NO INDICATION OF INJURY,0.0,0.0,0.0,0.0,0.0,3.0,0.0,8,1,9,41.7625267347,-87.566594977,POINT (-87.566594977019 41.762526734679)
c40ce3ac8c7163a68d13cad1ffe113e06a3a679541e9bf06c68a1a7c1f912de91048d82814b0cbd61a5a68ab6d8f41218cb275df0bafefddb81126037779b6c0,,08/26/2017 08:30:00 PM,30,NO CONTROLS,NO CONTROLS,CLEAR,DARKNESS,TURNING,NOT DIVIDED,2,STRAIGHT AND LEVEL,DRY,NO DEFECTS,NOT ON SCENE (DESK REPORT),NO INJURY / DRIVE AWAY,,,Y,"$501 - $1,500",08/26/2017 10:49:00 PM,IMPROPER TURNING/NO SIGNAL,UNABLE TO DETERMINE,6000,N,AUSTIN AVE,1611.0,,,,,,,2,NO INDICATION OF INJURY,0.0,0.0,0.0,0.0,0.0,2.0,0.0,20,7,8,41.9902778706,-87.7780378469,POINT (-87.77803784692 41.990277870593)
fade615d23d88a53dd13ec5d6a3c331f1d827539f0052b6cc3e9b889f0f5e691bfe19fa2530b2ca897bd9fd530c9f68d7e40f3f232e01044597ccbac3b75aed7,,07/18/2021 10:58:00 PM,30,NO CONTROLS,NO CONTROLS,CLEAR,"DARKNESS, LIGHTED ROAD",PARKED MOTOR VEHICLE,OTHER,,STRAIGHT AND LEVEL,DRY,NO DEFECTS,ON SCENE,NO INJURY / DRIVE AWAY,,N,,"$501 - $1,500",07/18/2021 11:01:00 PM,FAILING TO REDUCE SPEED TO AVOID CRASH,UNABLE TO DETERMINE,631,N,LA SALLE DR,1832.0,,,,,,,2,NO INDICATION OF INJURY,0.0,0.0,0.0,0.0,0.0,2.0,0.0,22,1,7,41.8932511985,-87.6324930122,POINT (-87.632493012229 41.893251198465)
a9fcbb71efbf59df69cf6c4c90865854dc37e9ae77125e9f8efd9582d38eeb8adafca38e3af951fac8447ad8e02c398c6a6753efe42f3dfbde400bbf286981ba,,01/15/2018 07:33:00 AM,30,TRAFFIC SIGNAL,FUNCTIONING PROPERLY,SNOW,DAYLIGHT,REAR END,NOT DIVIDED,4,STRAIGHT AND LEVEL,SNOW OR SLUSH,NO DEFECTS,ON SCENE,NO INJURY / DRIVE AWAY,Y,,Y,"OVER $1,500",01/15/2018 07:36:00 AM,UNABLE TO DETERMINE,NOT APPLICABLE,6659,S,WENTWORTH AVE,722.0,,,,,,,2,NO INDICATION OF INJURY,0.0,0.0,0.0,0.0,0.0,2.0,0.0,7,2,1,41.7728093181,-87.6298197873,POINT (-87.629819787263 41.772809318114)
0d750e737db8f9be1d7d9d83b19323bc3b62b7f70b4c19601da05e7ba5fc8cb69bf59d385d0ac54868628c963098e20289093ee42ab251dfcb53ba4485c92c08,,11/01/2025 07:45:00 PM,30,TRAFFIC SIGNAL,FUNCTIONING PROPERLY,CLEAR,"DARKNESS, LIGHTED ROAD",TURNING,DIVIDED - W/MEDIAN (NOT RAISED),,STRAIGHT AND LEVEL,DRY,NO DEFECTS,NOT ON SCENE (DESK REPORT),NO INJURY / DRIVE AWAY,Y,,,"OVER $1,500",11/03/2025 10:00:00 AM,FAILING TO YIELD RIGHT-OF-WAY,UNABLE TO DETERMINE,47,E,IDA B WELLS DR,123.0,,,,,,,2,NO INDICATION OF INJURY,0.0,0.0,0.0,0.0,0.0,2.0,0.0,19,7,11,41.8755820509,-87.6257975433,POINT (-87.625797543323 41.875582050895)
3c1e2cd882bcb6a028398ff5d81c860f3b9330d7eab731224914cef69f63dc4425aecc6b2107272053d03769a789f2761b455df3c93e3b21a609a0404dfa1db1,,02/22/2017 12:45:00 PM,30,NO CONTROLS,NO CONTROLS,CLEAR,DAYLIGHT,PARKED MOTOR VEHICLE,NOT DIVIDED,4,STRAIGHT AND LEVEL,DRY,NO DEFECTS,NOT ON SCENE (DESK REPORT),NO INJURY / DRIVE AWAY,,,Y,"OVER $1,500",03/01/2017 01:40:00 PM,UNABLE TO DETERMINE,NOT APPLICABLE,7251,S,ASHLAND AVE,734.0,,,,,,,2,NO INDICATION OF INJURY,0.0,0.0,0.0,0.0,0.0,1.0,0.0,12,4,2,41.7615705023,-87.6635519926,POINT (-87.663551992636 41.761570502316)
17013ac99a6fe9afd1ca20d29fb4c744de9b22f1486d1e2947290e717fa17fbccb9d558a0e015e9c53840d6a97103381b22a2bd72c0a4d7da809ee3d73e3f1a5,Y,12/22/2021 12:00:00 PM,30,NO CONTROLS,NO CONTROLS,CLEAR,UNKNOWN,PARKED MOTOR VEHICLE,ONE-WAY,,STRAIGHT AND LEVEL,DRY,NO DEFECTS,ON SCENE,NO INJURY / DRIVE AWAY,,,Y,"OVER $1,500",12/22/2021 01:23:00 PM,UNABLE TO DETERMINE,UNABLE TO DETERMINE,5602,S,CALUMET AVE,231.0,,,,,,,2,NO INDICATION OF INJURY,0.0,0.0,0.0,0.0,0.0,1.0,0.0,12,4,12,41.7928252146,-87.6176920008,POINT (-87.617692000846 41.792825214567)
696c9a6e208f0cbb956279899711ca5ed6d1b7744e81a8032e2c3f119b8d3d3d0e167754c1df3dd16b69b8bb63e9a3e3e623c9600873f1f852cf23fe9fef87c9,,01/20/2023 02:15:00 PM,30,TRAFFIC SIGNAL,FUNCTIONING PROPERLY,CLEAR,DAYLIGHT,TURNING,NOT DIVIDED,,STRAIGHT AND LEVEL,DRY,NO DEFECTS,ON SCENE,INJURY AND / OR TOW DUE TO CRASH,,,Y,"$501 - $1,500",01/20/2023 02:16:00 PM,UNABLE TO DETERMINE,NOT APPLICABLE,9300,S,JEFFERY AVE,413.0,,,,,,,2,NONINCAPACITATING INJURY,1.0,0.0,0.0,1.0,0.0,1.0,0.0,14,6,1,41.7260228502,-87.5755902772,POINT (-87.575590277239 41.726022850207)
c700a10b35a097e0c6576cdd93c83ea283c21de6d39c7e7f7866e896519f0ab1fdb7cb4e23a8135c02bc2848ee71c0720b8e4c5eecd07c6ff2ef1d554f8a63aa,,12/15/2022 06:37:00 PM,30,NO CONTROLS,NO CONTROLS,CLEAR,"DARKNESS, LIGHTED ROAD",PARKED MOTOR VEHICLE,PARKING LOT,,STRAIGHT AND LEVEL,DRY,NO DEFECTS,NOT ON SCENE (DESK REPORT),NO INJURY / DRIVE AWAY,,,Y,"$501 - $1,500",12/20/2022 10:00:00 AM,UNABLE TO DETERMINE,UNABLE TO DETERMINE,821,E,103RD ST,512.0,,,,,,,2,NO INDICATION OF INJURY,0.0,0.0,0.0,0.0,0.0,3.0,0.0,18,5,12,41.7073909625,-87.6030784209,POINT (-87.60307842087 41.707390962487)
d2fd8ba15013f6614dd7f03bdf82eb0b327f2f44984957a8667982e432b0abc047e0c293f2df3f13734b0c6736494cb164a4df330ff2349b4b2d731d6a3f5fe5,,12/11/2017 07:05:00 AM,30,TRAFFIC SIGNAL,FUNCTIONING PROPERLY,CLEAR,DAYLIGHT,TURNING,ONE-WAY,3,STRAIGHT AND LEVEL,DRY,NO DEFECTS,NOT ON SCENE (DESK REPORT),NO INJURY / DRIVE AWAY,Y,,,"OVER $1,500",12/11/2017 07:40:00 AM,IMPROPER TURNING/NO SIGNAL,FAILING TO YIELD RIGHT-OF-WAY,3519,S,KEDZIE AVE,911.0,,,,,,,2,NO INDICATION OF INJURY,0.0,0.0,0.0,0.0,0.0,2.0,0.0,7,2,12,41.8291328265,-87.7044316745,POINT (-87.704431674542 41.829132826491)
26a5f156ce619517a689983bbdd893a05d4c9ffb453ccf29082f5c21510568fa70b5da44916afb2a90cabd72c343e8f4a1b1f8281a6fb26efe9e546d71197d62,,04/25/2024 09:10:00 AM,30,NO CONTROLS,NO CONTROLS,CLEAR,DAYLIGHT,REAR END,NOT DIVIDED,,STRAIGHT AND LEVEL,DRY,NO DEFECTS,NOT ON SCENE (DESK REPORT),NO INJURY / DRIVE AWAY,,,,"OVER $1,500",04/25/2024 09:30:00 AM,UNABLE TO DETERMINE,NOT APPLICABLE,6304,N,BROADWAY,2433.0,,,,,,,3,NO INDICATION OF INJURY,0.0,0.0,0.0,0.0,0.0,3.0,0.0,9,5,4,41.9965746553,-87.6606142175,POINT (-87.660614217463 41.99657465528)
9e2bb4218340411ed90abac9d580023bdd5b23e9761473f60373977d61c43680ca8a0767f6162f12aaa725b2d6ec50be561bda4def992eb2222204b57f5a80d1,,06/01/2024 01:54:00 PM,30,TRAFFIC SIGNAL,UNKNOWN,RAIN,DAYLIGHT,TURNING,DIVIDED - W/MEDIAN (NOT RAISED),,STRAIGHT AND LEVEL,WET,NO DEFECTS,NOT ON SCENE (DESK REPORT),NO INJURY / DRIVE AWAY,Y,,,"OVER $1,500",06/01/2024 02:36:00 PM,UNABLE TO DETERMINE,NOT APPLICABLE,5247,N,WESTERN AVE,2012.0,,,,,,,2,NO INDICATION OF INJURY,0.0,0.0,0.0,0.0,0.0,2.0,0.0,13,7,6,41.977286271,-87.6890576086,POINT (-87.689057608644 41.977286270972)
427d03b1ccdb974a852a71ad0b4c3919daf9c1baa417305e4d9631330ebee4cdbc275248475862485a75ff2e2e51e998511bf6c055692c97d61144b00c5d51df,,10/15/2016 05:00:00 AM,30,NO CONTROLS,NO CONTROLS,CLEAR,"DARKNESS, LIGHTED ROAD",PARKED MOTOR VEHICLE,ONE-WAY,1,STRAIGHT AND LEVEL,DRY,NO DEFECTS,NOT ON SCENE (DESK REPORT),NO INJURY / DRIVE AWAY,,,Y,"$501 - $1,500",10/15/2016 11:20:00 AM,UNABLE TO DETERMINE,NOT APPLICABLE,3340,N,PANAMA AVE,1631.0,,,,,,,2,NO INDICATION OF INJURY,0.0,0.0,0.0,0.0,0.0,1.0,0.0,5,7,10,41.9405684269,-87.8290331083,POINT (-87.829033108274 41.940568426901)
ceda1417fa518cd316790cc9fbc47ef0e4fd14665049550152b2b838fcd5de40de87e0c5c2afbce5938e84aa49364df875e500a0364bd0766e6b22207fc6c43a,,07/27/2022 11:30:00 AM,5,NO CONTROLS,NO CONTROLS,OTHER,UNKNOWN,FIXED OBJECT,OTHER,,"CURVE, LEVEL",DRY,OTHER,NOT ON SCENE (DESK REPORT),NO INJURY / DRIVE AWAY,,,,"$501 - $1,500",07/27/2022 11:30:00 AM,"VISION OBSCURED (SIGNS, TREE LIMBS, BUILDINGS, ETC.)",DRIVING SKILLS/KNOWLEDGE/EXPERIENCE,3340,W,FILLMORE ST,1134.0,,Y,,,,,1,NO INDICATION OF INJURY,0.0,0.0,0.0,0.0,0.0,1.0,0.0,11,4,7,41.8682853974,-87.7097998579,POINT (-87.709799857895 41.86828539742)
aaaf8407919ff90d7c9070ec16ff5e69212a6489e68c1c524e12a4f0274b4a1654fffc73af1274172ae558e3747ac3328f351db7f54e34a00e05c0721be46d34,,10/27/2015 10:55:00 AM,30,NO CONTROLS,NO CONTROLS,UNKNOWN,DAYLIGHT,PARKED MOTOR VEHICLE,PARKING LOT,0,STRAIGHT AND LEVEL,UNKNOWN,NO DEFECTS,NOT ON SCENE (DESK REPORT),NO INJURY / DRIVE AWAY,,N,Y,"$501 - $1,500",10/27/2015 11:25:00 AM,UNABLE TO DETERMINE,UNABLE TO DETERMINE,4300,N,NARRAGANSETT AVE,1632.0,,,,,,,2,NO INDICATION OF INJURY,0.0,0.0,0.0,0.0,0.0,1.0,0.0,10,3,10,41.9585483456,-87.7869189888,POINT (-87.786918988769 41.958548345645)
63001fca1141fd2b8186dfffd12a105267e57bfd097540431b1a5a99a9eb564b5f5e31ce988b3546bb5206bcce34850eab9a73dcd03bd583f57c9c6ca2a8fa46,,05/04/2021 04:50:00 PM,30,TRAFFIC SIGNAL,UNKNOWN,CLEAR,DAYLIGHT,TURNING,FOUR WAY,,STRAIGHT AND LEVEL,DRY,NO DEFECTS,ON SCENE,INJURY AND / OR TOW DUE TO CRASH,Y,,,"OVER $1,500",05/04/2021 04:51:00 PM,UNABLE TO DETERMINE,NOT APPLICABLE,7900,S,YATES BLVD,414.0,,,,,,,2,NO INDICATION OF INJURY,0.0,0.0,0.0,0.0,0.0,5.0,0.0,16,3,5,41.7516362692,-87.5663781214,POINT (-87.56637812136 41.751636269168)
374ae3e6ba8c67a93e4735f01b85be5719de39b489932435428f9088e6562d3402ac3abace3bed03fd3f4b21060f38d0a8dc8e1da9ecf996f24c44c4e31b180c,,05/24/2021 01:24:00 PM,30,NO CONTROLS,NO CONTROLS,CLEAR,DAYLIGHT,REAR END,DIVIDED - W/MEDIAN (NOT RAISED),,STRAIGHT AND LEVEL,DRY,NO DEFECTS,NOT ON SCENE (DESK REPORT),INJURY AND / OR TOW DUE TO CRASH,Y,,,"OVER $1,500",05/24/2021 07:47:00 PM,FAILING TO REDUCE SPEED TO AVOID CRASH,FOLLOWING TOO CLOSELY,398,S,PULASKI RD,1132.0,,,,,,,2,"REPORTED, NOT EVIDENT",1.0,0.0,0.0,0.0,1.0,2.0,0.0,13,2,5,41.8753120209,-87.7256328165,POINT (-87.725632816478 41.875312020858)
3f33f226fb6cad5631dc1329e598327df4f1881f4e1ee3f00da8b91d10b64e942c58872b664674d22729b867b767f2121f4ea320710289156e25f1be1bf4088b,,03/11/2021 07:30:00 AM,20,NO CONTROLS,NO CONTROLS,CLEAR,DAYLIGHT,OTHER OBJECT,ALLEY,,STRAIGHT AND LEVEL,DRY,NO DEFECTS,ON SCENE,NO INJURY / DRIVE AWAY,,,,$500 OR LESS,03/11/2021 07:34:00 AM,NOT APPLICABLE,NOT APPLICABLE,4936,W,PATTERSON AVE,1634.0,,,,,,,1,NO INDICATION OF INJURY,0.0,0.0,0.0,0.0,0.0,2.0,0.0,7,5,3,41.947099198,-87.751127087,POINT (-87.751127086954 41.947099197969)
57fb06d9f777f3b222ced765ee8ec53d75c1b46100cdfee5779c6a976c182313996d8085dc38d6777f94d41878332779c4e0acacdf3f873f5fef3918d0668bd2,,06/15/2019 08:50:00 PM,30,TRAFFIC SIGNAL,FUNCTIONING PROPERLY,RAIN,"DARKNESS, LIGHTED ROAD",PARKED MOTOR VEHICLE,NOT DIVIDED,,STRAIGHT AND LEVEL,WET,WORN SURFACE,NOT ON SCENE (DESK REPORT),NO INJURY / DRIVE AWAY,,,Y,$500 OR LESS,06/15/2019 09:50:00 PM,NOT APPLICABLE,NOT APPLICABLE,2400,W,CERMAK RD,1023.0,,,,,,,2,NO INDICATION OF INJURY,0.0,0.0,0.0,0.0,0.0,1.0,0.0,20,7,6,41.8521413068,-87.6857526416,POINT (-87.685752641557 41.852141306805)
7a416bb689b39c7b8ac307abab9ad8a0475ef0d73d0d36c9a234987066bb20b6e6ad9b6f9dbaa6204fad6da65a22a328861bb52c360833f5e3e057f9be02b9cd,,09/08/2021 11:50:00 AM,15,NO CONTROLS,NO CONTROLS,CLEAR,DAYLIGHT,TURNING,PARKING LOT,,STRAIGHT AND LEVEL,DRY,NO DEFECTS,ON SCENE,NO INJURY / DRIVE AWAY,,Y,,$500 OR LESS,09/08/2021 12:11:00 PM,FAILING TO YIELD RIGHT-OF-WAY,NOT APPLICABLE,3557,N,ELSTON AVE,1733.0,,,,,,,2,NO INDICATION OF INJURY,0.0,0.0,0.0,0.0,0.0,2.0,0.0,11,4,9,41.9459714983,-87.707663684,POINT (-87.707663684045 41.945971498349)
e14eaef4b4fe46d7a50cd88eed55df93461d8668a82f34aaf195c8b78fbb8c70dd79be316d7df2b5a1a8e63e9eeca6c1ed39b788e0f7466ffb1bb667a2a06374,Y,12/13/2023 07:40:00 AM,30,TRAFFIC SIGNAL,FUNCTIONING PROPERLY,CLEAR,DAYLIGHT,REAR END,FOUR WAY,,STRAIGHT AND LEVEL,DRY,NO DEFECTS,NOT ON SCENE (DESK REPORT),INJURY AND / OR TOW DUE TO CRASH,Y,,,$500 OR LESS,12/13/2023 02:00:00 PM,FAILING TO REDUCE SPEED TO AVOID CRASH,NOT APPLICABLE,702,S,COLUMBUS DR,114.0,,,,,,,2,"REPORTED, NOT EVIDENT",2.0,0.0,0.0,0.0,2.0,1.0,0.0,7,4,12,41.8731187932,-87.6207384921,POINT (-87.62073849206 41.873118793155)
5c69533994fa142ed21bbf36173d0e0a4b88896c33a3277d5952873589711d207d01d23cafac7b381b873723503d72bc4a039941c1aa355fe424b07e85620227,,01/26/2023 05:00:00 PM,30,NO CONTROLS,NO CONTROLS,SNOW,"DARKNESS, LIGHTED ROAD",TURNING,T-INTERSECTION,,STRAIGHT AND LEVEL,SNOW OR SLUSH,NO DEFECTS,ON SCENE,NO INJURY / DRIVE AWAY,,,,"OVER $1,500",01/26/2023 05:10:00 PM,"VISION OBSCURED (SIGNS, TREE LIMBS, BUILDINGS, ETC.)",WEATHER,1331,W,IRVING PARK RD,1923.0,,,,,,,2,NO INDICATION OF INJURY,0.0,0.0,0.0,0.0,0.0,2.0,0.0,17,5,1,41.9542541916,-87.663525136,POINT (-87.663525135971 41.954254191627)
47be3e5c8e5ab911a667b1c3ef61f8cce37c16fd15c506eb1a1374aa077eb1faf0f32f3cb4700f2d6aaef1f810ea36d0492f57b7cfa437132e42ce89495b5b71,,01/21/2021 11:49:00 PM,30,NO CONTROLS,NO CONTROLS,CLEAR,"DARKNESS, LIGHTED ROAD",SIDESWIPE SAME DIRECTION,DIVIDED - W/MEDIAN (NOT RAISED),,STRAIGHT AND LEVEL,WET,NO DEFECTS,ON SCENE,NO INJURY / DRIVE AWAY,,,,"OVER $1,500",01/21/2021 11:49:00 PM,IMPROPER OVERTAKING/PASSING,NOT APPLICABLE,506,W,MARQUETTE RD,722.0,,,,,,,2,NO INDICATION OF INJURY,0.0,0.0,0.0,0.0,0.0,4.0,0.0,23,5,1,41.7727039144,-87.6371558086,POINT (-87.637155808595 41.772703914419)
46c319d6a35dd6668bfd440a93f4a49e02a951008a641ffa5b038009a51dda76a87fd1d6732f7e0813185c01a584a54a728893210104757c6fd7f23bfd5b2f57,,12/05/2018 05:00:00 PM,30,NO CONTROLS,NO CONTROLS,CLEAR,DAYLIGHT,PARKED MOTOR VEHICLE,PARKING LOT,,STRAIGHT AND LEVEL,DRY,NO DEFECTS,NOT ON SCENE (DESK REPORT),NO INJURY / DRIVE AWAY,,,,"$501 - $1,500",12/06/2018 08:40:00 AM,UNABLE TO DETERMINE,UNABLE TO DETERMINE,340,W,DIVERSEY PKWY,1934.0,,,,,,,2,NO INDICATION OF INJURY,0.0,0.0,0.0,0.0,0.0,1.0,0.0,17,4,12,41.9330361676,-87.6384664294,POINT (-87.638466429438 41.933036167606)
3d829b4ec4db661598f5360847f7d678dd00c4bc3470098fc77a24d6fde241402e1f34990ccaecdbbeca8756a410d4c89830410f6f7879eaf353b3d8ec6779b1,,08/04/2020 01:04:00 PM,30,STOP SIGN/FLASHER,FUNCTIONING PROPERLY,CLEAR,DAYLIGHT,TURNING,T-INTERSECTION,,STRAIGHT AND LEVEL,DRY,NO DEFECTS,ON SCENE,INJURY AND / OR TOW DUE TO CRASH,Y,,,"OVER $1,500",08/04/2020 01:04:00 PM,IMPROPER OVERTAKING/PASSING,IMPROPER LANE USAGE,1439,W,103RD ST,2212.0,,,,,,,2,NO INDICATION OF INJURY,0.0,0.0,0.0,0.0,0.0,2.0,0.0,13,3,8,41.706631714,-87.6589614221,POINT (-87.658961422114 41.706631713957)