CRASH_RECORD_ID,CRASH_DATE_EST_I,CRASH_DATE,POSTED_SPEED_LIMIT,TRAFFIC_CONTROL_DEVICE,DEVICE_CONDITION,WEATHER_CONDITION,LIGHTING_CONDITION,FIRST_CRASH_TYPE,TRAFFICWAY_TYPE,LANE_CNT,ALIGNMENT,ROADWAY_SURFACE_COND,ROAD_DEFECT,REPORT_TYPE,CRASH_TYPE,INTERSECTION_RELATED_I,NOT_RIGHT_OF_WAY_I,HIT_AND_RUN_I,DAMAGE,DATE_POLICE_NOTIFIED,PRIM_CONTRIBUTORY_CAUSE,SEC_CONTRIBUTORY_CAUSE,STREET_NO,STREET_DIRECTION,STREET_NAME,BEAT_OF_OCCURRENCE,PHOTOS_TAKEN_I,STATEMENTS_TAKEN_I,DOORING_I,WORK_ZONE_I,WORK_ZONE_TYPE,WORKERS_PRESENT_I,NUM_UNITS,MOST_SEVERE_INJURY,INJURIES_TOTAL,INJURIES_FATAL,INJURIES_INCAPACITATING,INJURIES_NON_INCAPACITATING,INJURIES_REPORTED_NOT_EVIDENT,INJURIES_NO_INDICATION,INJURIES_UNKNOWN,CRASH_HOUR,CRASH_DAY_OF_WEEK,CRASH_MONTH,LATITUDE,LONGITUDE,LOCATION
3d4fb6e49281db65ad83a3acf27565bfc9591ffc1ebee04f15d5aef645bf5b874da3b8faea83d74b1d084fa4f60b05575d03a518dc72b9ed3ebbf66583f007fa,,08/23/2022 11:40:00 PM,10,NO CONTROLS,NO CONTROLS,CLEAR,"DARKNESS, LIGHTED ROAD",FIXED OBJECT,PARKING LOT,,STRAIGHT AND LEVEL,DRY,OTHER,ON SCENE,NO INJURY / DRIVE AWAY,,Y,,"$501 - $1,500",08/23/2022 11:40:00 PM,"VISION OBSCURED (SIGNS, TREE LIMBS, BUILDINGS, ETC.)",NOT APPLICABLE,10759,S,EWING AVE,432.0,,,,,,,1,NO INDICATION OF INJURY,0.0,0.0,0.0,0.0,0.0,2.0,0.0,23,3,8,41.6991936006,-87.5351347558,POINT (-87.535134755768 41.699193600626)
5566bfd7ee3e5c7121e0b9c41207a1e60b6688815b0c511326b74ef9a5ba6d8009d902b8b047429cb3a9d6b96cd1b4973c8229225ea04ed51c8800ec8ecd3d4d,,11/16/2025 05:20:00 PM,30,STOP SIGN/FLASHER,FUNCTIONING PROPERLY,CLEAR,DUSK,REAR TO SIDE,OTHER,,STRAIGHT AND LEVEL,DRY,UNKNOWN,ON SCENE,INJURY AND / OR TOW DUE TO CRASH,Y,Y,,"OVER $1,500",11/16/2025 05:21:00 PM,DISREGARDING STOP SIGN,FAILING TO YIELD RIGHT-OF-WAY,198,E,42ND ST,213.0,,,,,,,2,NO INDICATION OF INJURY,0.0,0.0,0.0,0.0,0.0,2.0,0.0,17,1,11,41.8184746236,-87.6215414443,POINT (-87.621541444297 41.818474623574)
258a194be1b19393f8d221fdc23a2599543c01eabbb29477460bb71c3ec5dc7b82e3751b50d5862be924f394c95a4a6be894c1472e7d570cfd2110a26e09058d,,02/12/2020 02:45:00 PM,20,UNKNOWN,UNKNOWN,CLOUDY/OVERCAST,DAYLIGHT,PARKED MOTOR VEHICLE,ONE-WAY,,STRAIGHT AND LEVEL,UNKNOWN,UNKNOWN,ON SCENE,NO INJURY / DRIVE AWAY,,,Y,"OVER $1,500",02/12/2020 02:50:00 PM,UNABLE TO DETERMINE,NOT APPLICABLE,4728,N,WOLCOTT AVE,1912.0,,,,,,,2,NO INDICATION OF INJURY,0.0,0.0,0.0,0.0,0.0,1.0,0.0,14,4,2,41.9678475802,-87.676325045,POINT (-87.676325045025 41.967847580161)
85e0ca2bd811a5dce424a648319bb34afaf604eb35fd2f4b0edf692c0f92642978d90a6f0b1042efd9c6945b768196385b7f1bf285bdab4a50b395aa83d0ae2f,,12/20/2022 03:32:00 PM,30,NO CONTROLS,NO CONTROLS,CLEAR,DAYLIGHT,TURNING,DIVIDED - W/MEDIAN BARRIER,,STRAIGHT AND LEVEL,DRY,UNKNOWN,ON SCENE,INJURY AND / OR TOW DUE TO CRASH,Y,,,"OVER $1,500",12/20/2022 03:33:00 PM,IMPROPER TURNING/NO SIGNAL,UNABLE TO DETERMINE,9700,S,HALSTED ST,2223.0,,,,,,,2,NO INDICATION OF INJURY,0.0,0.0,0.0,0.0,0.0,3.0,0.0,15,3,12,41.7175374349,-87.64325162,POINT (-87.643251620045 41.717537434869)
e27f5aaa6d103be966ee834f38d6a74e65b5ae75b13d89fd5ee943e9f16b880c362f7f6eb0cb746ca4e72d532ea7b4d97ef8c0ccadf80a3321e2f9bc41038c48,,09/05/2023 01:00:00 PM,30,NO CONTROLS,NO CONTROLS,CLEAR,DAYLIGHT,PARKED MOTOR VEHICLE,ONE-WAY,,STRAIGHT AND LEVEL,DRY,NO DEFECTS,NOT ON SCENE (DESK REPORT),NO INJURY / DRIVE AWAY,,,Y,"OVER $1,500",09/07/2023 05:55:00 PM,UNABLE TO DETERMINE,NOT APPLICABLE,531,E,80TH ST,631.0,,,,,,,2,NO INDICATION OF INJURY,0.0,0.0,0.0,0.0,0.0,1.0,0.0,13,3,9,41.7492431065,-87.6112995362,POINT (-87.611299536197 41.749243106459)
1729f71cba82f8ac168ec7f97cda296eb1e71e7a753f270c2686b81449910f6b447c4df7fd2067bcabe5d65ba56c6a20c477759fd7249346e3b595d6724ec0b0,,06/22/2023 01:30:00 PM,30,NO CONTROLS,NO CONTROLS,CLEAR,DAYLIGHT,PARKED MOTOR VEHICLE,ONE-WAY,,STRAIGHT AND LEVEL,DRY,NO DEFECTS,ON SCENE,NO INJURY / DRIVE AWAY,,,Y,"OVER $1,500",06/22/2023 03:12:00 PM,UNABLE TO DETERMINE,UNABLE TO DETERMINE,2603,W,CRYSTAL ST,1423.0,,,,,,,2,NO INDICATION OF INJURY,0.0,0.0,0.0,0.0,0.0,1.0,0.0,13,5,6,41.9038003986,-87.6921742134,POINT (-87.692174213436 41.903800398586)
eee3e01605f111e66fc7c1256c70870cca287cc17641c876927489efbdeb5dd33359102095a1383c3f6be5bb9d7623b7829562a2d7254f1a78c960ed8186ae43,,03/04/2018 11:30:00 AM,30,STOP SIGN/FLASHER,FUNCTIONING PROPERLY,CLEAR,DAYLIGHT,ANGLE,ONE-WAY,4,STRAIGHT AND LEVEL,DRY,NO DEFECTS,NOT ON SCENE (DESK REPORT),NO INJURY / DRIVE AWAY,,,,"OVER $1,500",03/04/2018 01:55:00 PM,FAILING TO YIELD RIGHT-OF-WAY,NOT APPLICABLE,832,W,JACKSON BLVD,1232.0,,,,,,,2,NO INDICATION OF INJURY,0.0,0.0,0.0,0.0,0.0,3.0,0.0,11,1,3,41.8780385165,-87.6485189583,POINT (-87.648518958316 41.878038516522)
053ddd4340013febafed708f1286a6e41ad92bfc216f725ec63cbd9840a8141c0885893222a55223aeb6176a0a875400557ecc684ca1b45c1cd5b72a7890f575,,04/26/2016 02:14:00 AM,20,STOP SIGN/FLASHER,FUNCTIONING PROPERLY,CLEAR,DARKNESS,PARKED MOTOR VEHICLE,NOT DIVIDED,2,STRAIGHT AND LEVEL,DRY,NO DEFECTS,ON SCENE,INJURY AND / OR TOW DUE TO CRASH,,,Y,"OVER $1,500",04/26/2016 02:15:00 AM,UNABLE TO DETERMINE,UNABLE TO DETERMINE,7003,W,WELLINGTON AVE,2511.0,,Y,,,,,2,NO INDICATION OF INJURY,0.0,0.0,0.0,0.0,0.0,1.0,0.0,2,3,4,41.934336553,-87.801227522,POINT (-87.801227522001 41.93433655305)
9360103de8757cea8afa0b727ff3b8162d5f0b95c691fc962ea28663cad5add473a83a18d9406ee14ab74d22c4c177c4c7f9eac0895b74fb7ca1f238ddd1c3dd,,08/04/2019 09:52:00 AM,30,NO CONTROLS,NO CONTROLS,CLEAR,DAYLIGHT,REAR END,DIVIDED - W/MEDIAN (NOT RAISED),,STRAIGHT AND LEVEL,DRY,NO DEFECTS,NOT ON SCENE (DESK REPORT),NO INJURY / DRIVE AWAY,N,,Y,"OVER $1,500",08/04/2019 10:30:00 AM,FAILING TO REDUCE SPEED TO AVOID CRASH,NOT APPLICABLE,2024,W,GARFIELD BLVD,932.0,,,,,,,2,NO INDICATION OF INJURY,0.0,0.0,0.0,0.0,0.0,3.0,0.0,9,1,8,41.7940153363,-87.6754614931,POINT (-87.675461493053 41.794015336305)
43b1a37a4653abff1bca9dc89b547c47ac0cc0f4bc246b51419abb01991000f1a146fbd52985cfeae04d7354f680d88de962df629daf388f45fe20b20d613ef6,,01/24/2019 07:15:00 AM,40,NO CONTROLS,NO CONTROLS,CLEAR,DAYLIGHT,REAR END,DIVIDED - W/MEDIAN BARRIER,,STRAIGHT AND LEVEL,DRY,NO DEFECTS,NOT ON SCENE (DESK REPORT),NO INJURY / DRIVE AWAY,,,,"$501 - $1,500",01/24/2019 07:45:00 AM,FOLLOWING TOO CLOSELY,FOLLOWING TOO CLOSELY,2200,N,LAKE SHORE DR SB,1814.0,,,,,,,2,NO INDICATION OF INJURY,0.0,0.0,0.0,0.0,0.0,2.0,0.0,7,5,1,41.9221207966,-87.6302432603,POINT (-87.630243260328 41.922120796559)
9123a4839192a7b719cfdcf32b40802f515651ed28064a23d8b9d69d942b7e15279295f178c31efcfbc566817d8413d2f6db67e3f6b7a3032b865cf49e1c82eb,,11/05/2021 08:16:00 PM,30,NO CONTROLS,NO CONTROLS,CLEAR,"DARKNESS, LIGHTED ROAD",PARKED MOTOR VEHICLE,NOT DIVIDED,,STRAIGHT AND LEVEL,DRY,NO DEFECTS,ON SCENE,NO INJURY / DRIVE AWAY,,,Y,"OVER $1,500",11/05/2021 10:00:00 PM,FAILING TO YIELD RIGHT-OF-WAY,UNABLE TO DETERMINE,4800,S,LAWNDALE AVE,821.0,,,,,,,2,NO INDICATION OF INJURY,0.0,0.0,0.0,0.0,0.0,1.0,0.0,20,6,11,41.806648097,-87.716326122,POINT (-87.716326121991 41.806648097041)
d415342e86144553f423b3312d7a8d851bec8bfc613cf909c2685180cc3d290364ec989a7bbd713ee41c0e366d937d7c587d9f87f0e637ff64ffe9ddc57f1127,,09/26/2023 12:00:00 PM,30,NO CONTROLS,NO CONTROLS,CLEAR,DAYLIGHT,TURNING,NOT DIVIDED,,STRAIGHT AND LEVEL,WET,NO DEFECTS,ON SCENE,INJURY AND / OR TOW DUE TO CRASH,,,,"OVER $1,500",09/26/2023 12:03:00 PM,FAILING TO YIELD RIGHT-OF-WAY,UNABLE TO DETERMINE,1132,S,CLINTON ST,124.0,,,,,,,2,NONINCAPACITATING INJURY,1.0,0.0,0.0,1.0,0.0,2.0,0.0,12,3,9,41.8679728051,-87.6408922569,POINT (-87.640892256885 41.867972805109)
05b9e1682cefdf597dc807e156a471927d69527ae2a5eddbfad3d8b1378ed28fc6507db0d8f9a93e036d3ffef83204374136cd7f8cfffe487761dd12d5f09cb0,,09/07/2021 11:15:00 AM,30,TRAFFIC SIGNAL,FUNCTIONING PROPERLY,CLEAR,DAYLIGHT,REAR END,DIVIDED - W/MEDIAN (NOT RAISED),,STRAIGHT AND LEVEL,DRY,NO DEFECTS,ON SCENE,INJURY AND / OR TOW DUE TO CRASH,,,,$500 OR LESS,09/07/2021 11:15:00 AM,FAILING TO REDUCE SPEED TO AVOID CRASH,PHYSICAL CONDITION OF DRIVER,1700,W,PETERSON AVE,2433.0,,,,,,,2,NONINCAPACITATING INJURY,1.0,0.0,0.0,1.0,0.0,2.0,0.0,11,3,9,41.9908743372,-87.671785647,POINT (-87.671785647024 41.990874337159)
22671e95cf48a48cacc3add5a2aa408ed90b8b4a8b189f602a128252052be1637047dc9598ad98e75b39a78e2cea0ab30e3cbc61a822f37c86ffd15c57669c79,,03/02/2019 07:44:00 PM,5,NO CONTROLS,NO CONTROLS,CLEAR,"DARKNESS, LIGHTED ROAD",PEDESTRIAN,OTHER,,STRAIGHT AND LEVEL,DRY,NO DEFECTS,,INJURY AND / OR TOW DUE TO CRASH,,Y,Y,$500 OR LESS,03/02/2019 07:50:00 PM,UNABLE TO DETERMINE,"OPERATING VEHICLE IN ERRATIC, RECKLESS, CARELESS, NEGLIGENT OR AGGRESSIVE MANNER",10,N,KILBOURN AVE,1113.0,,,,,,,2,NONINCAPACITATING INJURY,1.0,0.0,0.0,1.0,0.0,2.0,0.0,19,7,3,41.8809089548,-87.7380851734,POINT (-87.738085173434 41.880908954759)
74885348851081db4ccccf5834256bd27708dd4eda8c0c646d2a56d142eb964cef1a78d408f975bc3fdcebcf399ac0f067a9f9f94676b75c60b3721c4b3081a0,,04/14/2024 12:39:00 AM,15,NO CONTROLS,NO CONTROLS,CLEAR,"DARKNESS, LIGHTED ROAD",FIXED OBJECT,ALLEY,,STRAIGHT AND LEVEL,DRY,NO DEFECTS,ON SCENE,NO INJURY / DRIVE AWAY,,,,$500 OR LESS,04/14/2024 12:39:00 AM,UNABLE TO DETERMINE,NOT APPLICABLE,5150,W,FULLERTON AVE,2521.0,,,,,,,1,,,,,,,,,0,1,4,41.9242239384,-87.7557197452,POINT (-87.755719745178 41.924223938444)
378c0a7c9596ff0eecd934038763735ef315a1686553f143dba392366ebb3d0a9320c248187693c38c3b523be2b1c377b6d1d8a88879b1b04ddf8bbec88050c6,,01/18/2017 07:14:00 PM,10,UNKNOWN,UNKNOWN,UNKNOWN,UNKNOWN,PARKED MOTOR VEHICLE,PARKING LOT,1,STRAIGHT AND LEVEL,UNKNOWN,UNKNOWN,NOT ON SCENE (DESK REPORT),NO INJURY / DRIVE AWAY,,Y,,"$501 - $1,500",01/19/2017 11:30:00 PM,FAILING TO REDUCE SPEED TO AVOID CRASH,NOT APPLICABLE,247,E,CHESTNUT ST,1833.0,,,,,,,2,NO INDICATION OF INJURY,0.0,0.0,0.0,0.0,0.0,1.0,0.0,19,4,1,41.898336688,-87.6200195631,POINT (-87.620019563081 41.898336687985)
69f145ab8b5ae0bc5378f28c145f3c7dd737e38a5c4843e13b1784a5b02b684a3e4879e000368047094ea7bef19290fff0faf1856c6210589d47a6664cae4128,,12/18/2020 01:00:00 PM,30,NO CONTROLS,NO CONTROLS,CLEAR,DAYLIGHT,PARKED MOTOR VEHICLE,NOT DIVIDED,,STRAIGHT AND LEVEL,DRY,NO DEFECTS,ON SCENE,NO INJURY / DRIVE AWAY,,,,"OVER $1,500",12/18/2020 01:12:00 PM,ANIMAL,UNABLE TO DETERMINE,2845,W,45TH ST,922.0,,,,,,,4,NO INDICATION OF INJURY,0.0,0.0,0.0,0.0,0.0,1.0,0.0,13,6,12,41.8117715435,-87.6961064142,POINT (-87.696106414216 41.811771543527)
0aea6267cb65d6b29e9f251c1d812a448ac0506031d435f910445c555f1eda4dfffc9df5b12621b067e3010c8c85b743a1cf4fd2f1225504b7e30aa5dca2b434,,09/10/2020 05:20:00 PM,30,NO CONTROLS,NO CONTROLS,RAIN,DAYLIGHT,REAR END,DIVIDED - W/MEDIAN (NOT RAISED),,STRAIGHT AND LEVEL,WET,NO DEFECTS,NOT ON SCENE (DESK REPORT),NO INJURY / DRIVE AWAY,,,Y,"$501 - $1,500",09/10/2020 06:10:00 PM,FAILING TO REDUCE SPEED TO AVOID CRASH,NOT APPLICABLE,4850,W,GRAND AVE,2533.0,,,,,,,2,NO INDICATION OF INJURY,0.0,0.0,0.0,0.0,0.0,2.0,0.0,17,5,9,41.9145261093,-87.7480243322,POINT (-87.748024332171 41.914526109261)
0d90fcb44573ea1503494f210d04a88f1655b3a225c59918edf0b264d0c44c0c197c4c97b41d9ed2d3fbeb479ec319f70e5a041bde094c2eee7c648fceb28c11,,01/20/2017 07:10:00 PM,35,NO CONTROLS,NO CONTROLS,CLEAR,DARKNESS,ANGLE,NOT DIVIDED,1,STRAIGHT AND LEVEL,DRY,NO DEFECTS,NOT ON SCENE (DESK REPORT),NO INJURY / DRIVE AWAY,,,,"OVER $1,500",01/20/2017 07:14:00 PM,UNABLE TO DETERMINE,UNABLE TO DETERMINE,4400,N,KENNETH AVE,1722.0,,,,,,,2,NO INDICATION OF INJURY,0.0,0.0,0.0,0.0,0.0,2.0,0.0,19,6,1,41.9609004835,-87.7399713821,POINT (-87.739971382097 41.960900483539)
194d74053457a7b73d8015194cbd6017eea99278c2abf73ee7d183241b831a5ae577bd1e05932ee985cd7825aef4bc4ea4b5e9e1d1ae828b37cb5263a6e19840,,10/29/2023 12:11:00 PM,30,NO CONTROLS,NO CONTROLS,CLEAR,DAYLIGHT,FIXED OBJECT,PARKING LOT,,STRAIGHT AND LEVEL,DRY,NO DEFECTS,NOT ON SCENE (DESK REPORT),NO INJURY / DRIVE AWAY,,,,"OVER $1,500",10/29/2023 01:20:00 PM,UNABLE TO DETERMINE,NOT APPLICABLE,4153,W,63RD ST,813.0,,,,,,,1,NO INDICATION OF INJURY,0.0,0.0,0.0,0.0,0.0,2.0,0.0,12,1,10,41.7784929073,-87.727327519,POINT (-87.727327518989 41.77849290728)
1c4db553c64eef5ce8ade60fb139723913d4323960e06476afec0fc22012b356d66674188c8880a5ee37d2c092b540d58937df39781d9813796c90669f8a82c5,,08/04/2023 02:15:00 PM,30,NO CONTROLS,NO CONTROLS,CLEAR,DAYLIGHT,ANGLE,DIVIDED - W/MEDIAN (NOT RAISED),,STRAIGHT AND LEVEL,DRY,UNKNOWN,NOT ON SCENE (DESK REPORT),NO INJURY / DRIVE AWAY,,,,"$501 - $1,500",08/04/2023 02:50:00 PM,UNABLE TO DETERMINE,UNABLE TO DETERMINE,1750,W,FOSTER AVE,2012.0,,,,,,,2,NO INDICATION OF INJURY,0.0,0.0,0.0,0.0,0.0,2.0,0.0,14,6,8,41.9762169249,-87.6741382038,POINT (-87.674138203819 41.976216924935)
8460eda1dc2b3832f47e7d912f4b14a40f061a8802ba22d935f7a754a938f26c93c86171f57308090140af60a0757e0e05f928041f9c8e614233779e5bf81d4c,,05/05/2018 09:15:00 AM,30,STOP SIGN/FLASHER,OTHER,CLEAR,DAYLIGHT,ANGLE,OTHER,0,STRAIGHT AND LEVEL,DRY,NO DEFECTS,ON SCENE,NO INJURY / DRIVE AWAY,,,,"$501 - $1,500",05/05/2018 09:15:00 AM,UNABLE TO DETERMINE,UNABLE TO DETERMINE,199,N,ELIZABETH ST,1224.0,,,,,,,2,NO INDICATION OF INJURY,0.0,0.0,0.0,0.0,0.0,4.0,0.0,9,7,5,41.8854172369,-87.6587097306,POINT (-87.658709730596 41.885417236899)
b5c5a714b2714b32d15db41606ea8f938aaa502778c096950d9cdceac7185df24108611c025d3d2f490589414b9d867f42bf7606b0daddcd54afe16bc3ad6b57,,08/21/2025 04:45:00 PM,30,NO CONTROLS,NO CONTROLS,CLEAR,DAYLIGHT,REAR END,NOT DIVIDED,,STRAIGHT AND LEVEL,DRY,NO DEFECTS,NOT ON SCENE (DESK REPORT),NO INJURY / DRIVE AWAY,,,,"OVER $1,500",08/21/2025 06:00:00 PM,UNABLE TO DETERMINE,NOT APPLICABLE,457,N,RACINE AVE,1214.0,,,,,,,2,NO INDICATION OF INJURY,0.0,0.0,0.0,0.0,0.0,2.0,0.0,16,5,8,41.8905040807,-87.6572248458,POINT (-87.657224845761 41.890504080659)
7954e14e2cf8e0b0fc82dd5d34b62c2699a95d70b51dda82bfc7e09b11d8a529ed090c81a075e010723f5c632c794638c53edcb57efebcaa08b11ce13cffd749,N,10/13/2022 09:00:00 PM,30,NO CONTROLS,NO CONTROLS,CLEAR,"DARKNESS, LIGHTED ROAD",PARKED MOTOR VEHICLE,PARKING LOT,,STRAIGHT AND LEVEL,DRY,UNKNOWN,NOT ON SCENE (DESK REPORT),NO INJURY / DRIVE AWAY,,Y,,$500 OR LESS,10/13/2022 10:15:00 PM,IMPROPER BACKING,UNABLE TO DETERMINE,3122,W,TOUHY AVE,2411.0,Y,,,,,,2,NO INDICATION OF INJURY,0.0,0.0,0.0,0.0,0.0,1.0,0.0,21,5,10,42.0119985779,-87.7077027457,POINT (-87.707702745697 42.011998577874)
fb0eb8af39aa466e5393a8e97a97d7d8542bcd50d2aa5868cd716096d8e79dc3881865970fc664ef404259a2d3b69f11160c0bb81f6100ee5c1303f1ce8ced02,,11/16/2023 04:04:00 AM,30,STOP SIGN/FLASHER,NO CONTROLS,CLEAR,"DARKNESS, LIGHTED ROAD",REAR TO SIDE,NOT DIVIDED,,STRAIGHT AND LEVEL,DRY,NO DEFECTS,ON SCENE,INJURY AND / OR TOW DUE TO CRASH,Y,,N,"OVER $1,500",11/16/2023 04:04:00 AM,DISREGARDING STOP SIGN,DISREGARDING STOP SIGN,8300,S,ELIZABETH ST,613.0,,,,,,,2,NONINCAPACITATING INJURY,3.0,0.0,0.0,3.0,0.0,1.0,0.0,4,5,11,41.7431023687,-87.6548994008,POINT (-87.654899400771 41.743102368665)
95f66348ed46bdecebce29fcd9052375fbcb3aae68d8bda8b26a2961af6c4fe7f1b739ff14965bcb8d5fa0c62ad426fb7846f23680d18bb172dcee1856ce87ac,,01/13/2017 05:30:00 AM,10,NO CONTROLS,NO CONTROLS,CLOUDY/OVERCAST,"DARKNESS, LIGHTED ROAD",HEAD ON,PARKING LOT,1,STRAIGHT AND LEVEL,UNKNOWN,NO DEFECTS,NOT ON SCENE (DESK REPORT),NO INJURY / DRIVE AWAY,,Y,,"OVER $1,500",01/13/2017 06:17:00 AM,FAILING TO YIELD RIGHT-OF-WAY,UNABLE TO DETERMINE,4545,S,RACINE AVE,925.0,,Y,,,,,2,NO INDICATION OF INJURY,0.0,0.0,0.0,0.0,0.0,2.0,0.0,5,6,1,41.8110882897,-87.6550616414,POINT (-87.655061641421 41.811088289748)
dcdfd209de05232be92feae3dd19439a4beb3831035d906dca62fb0e6a704b956520fa5b9e19d3dc34b0421d97ab69703e8e7abd2150df8f3876bcdab6c69805,,01/13/2023 02:53:00 AM,30,TRAFFIC SIGNAL,FUNCTIONING PROPERLY,CLEAR,"DARKNESS, LIGHTED ROAD",ANGLE,FOUR WAY,,STRAIGHT AND LEVEL,DRY,NO DEFECTS,,INJURY AND / OR TOW DUE TO CRASH,Y,,Y,"OVER $1,500",01/13/2023 02:55:00 AM,UNABLE TO DETERMINE,UNABLE TO DETERMINE,1800,N,CICERO AVE,2533.0,,,,,,,2,NONINCAPACITATING INJURY,2.0,0.0,0.0,2.0,0.0,1.0,0.0,2,6,1,41.9133161193,-87.7461170954,POINT (-87.746117095363 41.913316119271)
ea279de02c1f1cf1d21d976021c4abafdb9b1cd703a7997d0bd17af151d5df1361f443e4da22e2ca19b41bb1f058c757480872e2b85215fe557d88c43a1d3cf7,,07/24/2022 07:15:00 PM,20,NO CONTROLS,NO CONTROLS,CLEAR,DAYLIGHT,PARKED MOTOR VEHICLE,PARKING LOT,,STRAIGHT AND LEVEL,DRY,NO DEFECTS,NOT ON SCENE (DESK REPORT),NO INJURY / DRIVE AWAY,,,Y,"OVER $1,500",07/24/2022 07:35:00 PM,UNABLE TO DETERMINE,UNABLE TO DETERMINE,10900,S,DOTY AVE E,513.0,,,,,,,2,NO INDICATION OF INJURY,0.0,0.0,0.0,0.0,0.0,1.0,0.0,19,1,7,41.6962325277,-87.5958061971,POINT (-87.59580619714 41.696232527674)
ed7d6350cf2731b969c3a864581dc9dd80b821a1c8abdedcc1e5c4c1f07e21e2a6d50fd56c90146a245ab6519c62ed6ac8f5c6550136788917b9c73fdf022b35,Y,10/23/2015 09:30:00 AM,30,NO CONTROLS,NO CONTROLS,CLEAR,DAYLIGHT,PARKED MOTOR VEHICLE,NOT DIVIDED,2,STRAIGHT AND LEVEL,DRY,NO DEFECTS,NOT ON SCENE (DESK REPORT),NO INJURY / DRIVE AWAY,,,Y,"OVER $1,500",10/23/2015 01:50:00 PM,NOT APPLICABLE,NOT APPLICABLE,2710,S,LAWNDALE AVE,1031.0,,,,,,,2,NO INDICATION OF INJURY,0.0,0.0,0.0,0.0,0.0,1.0,0.0,9,6,10,41.842137445,-87.7173180447,POINT (-87.717318044731 41.842137444999)
0a758bff00948c918b136ff17c907d2b8e86b8eba3244f5e72d4b8acc6f1ef63e7c8a2ceb93c12395637a2786a9fe79e1a3b8dd929ab58aee2450460cce08f9e,,10/23/2019 08:30:00 AM,30,TRAFFIC SIGNAL,FUNCTIONING PROPERLY,CLEAR,DAYLIGHT,REAR END,NOT DIVIDED,,STRAIGHT AND LEVEL,DRY,NO DEFECTS,NOT ON SCENE (DESK REPORT),NO INJURY / DRIVE AWAY,Y,,,"OVER $1,500",10/24/2019 03:05:00 PM,UNABLE TO DETERMINE,NOT APPLICABLE,3111,N,ASHLAND AVE,1932.0,,,,,,,2,NO INDICATION OF INJURY,0.0,0.0,0.0,0.0,0.0,2.0,0.0,8,4,10,41.9382533056,-87.6684632018,POINT (-87.668463201823 41.938253305554)
88ca193f2d4613cb8eaf51081f982922c03156dec6f3bc7e9e23f1d20b20207650667755353ed392bc34d6d065ed22f3d39875de1ba5fec9471281bb39f5f343,Y,11/03/2016 03:00:00 PM,15,NO CONTROLS,NO CONTROLS,CLEAR,DAYLIGHT,PARKED MOTOR VEHICLE,PARKING LOT,,STRAIGHT AND LEVEL,DRY,NO DEFECTS,ON SCENE,NO INJURY / DRIVE AWAY,,Y,Y,$500 OR LESS,11/03/2016 04:41:00 PM,NOT APPLICABLE,NOT APPLICABLE,1800,W,LAWRENCE AVE,2032.0,,,,,,,2,NO INDICATION OF INJURY,0.0,0.0,0.0,0.0,0.0,1.0,0.0,15,5,11,41.9689262366,-87.6745864921,POINT (-87.674586492122 41.96892623665)
f89f749749918c9f08ffd7726875a8ed95f51ee42dd1e07e56e7b8ee76078a7b69cd841f1f9b68cb23e12d840bb4449ed0851c86384ff09f06f0bcb9e3b0f336,,03/16/2018 05:10:00 AM,30,NO CONTROLS,NO CONTROLS,CLEAR,DARKNESS,PARKED MOTOR VEHICLE,NOT DIVIDED,,STRAIGHT AND LEVEL,DRY,NO DEFECTS,NOT ON SCENE (DESK REPORT),NO INJURY / DRIVE AWAY,,,Y,"OVER $1,500",03/16/2018 05:00:00 PM,UNABLE TO DETERMINE,UNABLE TO DETERMINE,5700,W,WASHINGTON BLVD,1512.0,,,,,,,2,NO INDICATION OF INJURY,0.0,0.0,0.0,0.0,0.0,1.0,0.0,5,6,3,41.8823010375,-87.7682750605,POINT (-87.768275060491 41.88230103745)
fdfe05efc7480abbde70fc0fd6edef276b260a8f7e325bb0fa579fd01784d0b34314797678f190664542518a4de337d6998557df5f2fe2953cdac6649e156cdf,,02/22/2018 09:10:00 PM,30,TRAFFIC SIGNAL,FUNCTIONING PROPERLY,CLEAR,"DARKNESS, LIGHTED ROAD",REAR END,DIVIDED - W/MEDIAN (NOT RAISED),4,STRAIGHT AND LEVEL,DRY,NO DEFECTS,NOT ON SCENE (DESK REPORT),NO INJURY / DRIVE AWAY,,,,$500 OR LESS,02/22/2018 09:20:00 PM,UNABLE TO DETERMINE,UNABLE TO DETERMINE,6387,N,NORTHWEST HWY,1611.0,,,,,,,2,NO INDICATION OF INJURY,0.0,0.0,0.0,0.0,0.0,2.0,0.0,21,5,2,41.997020878,-87.8066360252,POINT (-87.806636025195 41.997020877964)
ee47887d6a40a60b6fb8a50281d8b089d774e44102f3aed5b6b295a97e50c3f4dcd25fcd5828cfcd98229577a82d7062b29869d553abba419679e5dc4642d602,,01/13/2025 05:06:00 PM,30,NO CONTROLS,NO CONTROLS,UNKNOWN,UNKNOWN,TURNING,NOT DIVIDED,,STRAIGHT AND LEVEL,UNKNOWN,UNKNOWN,ON SCENE,NO INJURY / DRIVE AWAY,,,,"$501 - $1,500",01/13/2025 05:20:00 PM,FAILING TO YIELD RIGHT-OF-WAY,NOT APPLICABLE,3700,W,47TH ST,821.0,,,,,,,2,NO INDICATION OF INJURY,0.0,0.0,0.0,0.0,0.0,2.0,0.0,17,2,1,41.8080730541,-87.7162964122,POINT (-87.716296412225 41.808073054096)