CRASH_RECORD_ID,CRASH_DATE_EST_I,CRASH_DATE,POSTED_SPEED_LIMIT,TRAFFIC_CONTROL_DEVICE,DEVICE_CONDITION,WEATHER_CONDITION,LIGHTING_CONDITION,FIRST_CRASH_TYPE,TRAFFICWAY_TYPE,LANE_CNT,ALIGNMENT,ROADWAY_SURFACE_COND,ROAD_DEFECT,REPORT_TYPE,CRASH_TYPE,INTERSECTION_RELATED_I,NOT_RIGHT_OF_WAY_I,HIT_AND_RUN_I,DAMAGE,DATE_POLICE_NOTIFIED,PRIM_CONTRIBUTORY_CAUSE,SEC_CONTRIBUTORY_CAUSE,STREET_NO,STREET_DIRECTION,STREET_NAME,BEAT_OF_OCCURRENCE,PHOTOS_TAKEN_I,STATEMENTS_TAKEN_I,DOORING_I,WORK_ZONE_I,WORK_ZONE_TYPE,WORKERS_PRESENT_I,NUM_UNITS,MOST_SEVERE_INJURY,INJURIES_TOTAL,INJURIES_FATAL,INJURIES_INCAPACITATING,INJURIES_NON_INCAPACITATING,INJURIES_REPORTED_NOT_EVIDENT,INJURIES_NO_INDICATION,INJURIES_UNKNOWN,CRASH_HOUR,CRASH_DAY_OF_WEEK,CRASH_MONTH,LATITUDE,LONGITUDE,LOCATION
53e8d642d5ad5c90cc7747d808048ad48fdebeca957a76727f1adfe31b1db098ec66409e76547660d921318680611758dbbaa54b32ec77b932e8f0544ded5a27,Y,12/26/2020 06:00:00 PM,30,NO CONTROLS,NO CONTROLS,CLEAR,DUSK,PARKED MOTOR VEHICLE,ONE-WAY,,STRAIGHT AND LEVEL,DRY,NO DEFECTS,NOT ON SCENE (DESK REPORT),NO INJURY / DRIVE AWAY,,,Y,"OVER $1,500",12/28/2020 12:00:00 PM,UNABLE TO DETERMINE,UNABLE TO DETERMINE,1500,N,WICKER PARK AVE,1424.0,,,,,,,2,NO INDICATION OF INJURY,0.0,0.0,0.0,0.0,0.0,1.0,0.0,18,7,12,41.9081283702,-87.6763420233,POINT (-87.67634202328 41.908128370188)
95c40a5c94023d0d45119c31e4ba81feedd896c1e7c03d21b1de7af2641ad2c5ada77da7c7555571d4508384a0971ec33478c5b667714ebe930ec8247a638e7c,,08/19/2018 01:45:00 PM,30,NO CONTROLS,NO CONTROLS,CLEAR,DAYLIGHT,PARKED MOTOR VEHICLE,DIVIDED - W/MEDIAN (NOT RAISED),2,STRAIGHT AND LEVEL,DRY,NO DEFECTS,ON SCENE,NO INJURY / DRIVE AWAY,,,Y,"OVER $1,500",08/19/2018 01:55:00 PM,UNABLE TO DETERMINE,NOT APPLICABLE,270,N,CALIFORNIA AVE,1222.0,,,,,,,2,NO INDICATION OF INJURY,0.0,0.0,0.0,0.0,0.0,1.0,0.0,13,1,8,41.8863529613,-87.6965758469,POINT (-87.696575846894 41.886352961342)
0afad2c7ac0a29852013b75985003370ba462fc1bf72f0da922499c4f071d47deb4036333494484ca115e9b47f9393bd170000ab2faa4c3f9b164f27388a3055,,12/09/2023 01:00:00 PM,30,NO CONTROLS,NO CONTROLS,CLEAR,DAYLIGHT,SIDESWIPE SAME DIRECTION,ONE-WAY,,STRAIGHT AND LEVEL,DRY,NO DEFECTS,ON SCENE,INJURY AND / OR TOW DUE TO CRASH,,,,"OVER $1,500",12/09/2023 01:15:00 PM,FAILING TO YIELD RIGHT-OF-WAY,UNABLE TO DETERMINE,162,N,DEARBORN ST,111.0,,,,,,,2,NO INDICATION OF INJURY,0.0,0.0,0.0,0.0,0.0,2.0,0.0,13,7,12,41.8848899784,-87.6296183721,POINT (-87.629618372133 41.884889978391)
93ad5c838c0280928e26feb84e39394a04a0d545605ccef47dac619c996b8416dfdb14b2d1639c099de3e36ab57b782e9079aa0535f1be468cd3db035ed6ae4a,,11/24/2018 07:10:00 PM,30,TRAFFIC SIGNAL,FUNCTIONING PROPERLY,CLOUDY/OVERCAST,"DARKNESS, LIGHTED ROAD",SIDESWIPE SAME DIRECTION,NOT DIVIDED,2,STRAIGHT AND LEVEL,DRY,NO DEFECTS,ON SCENE,NO INJURY / DRIVE AWAY,,,,"OVER $1,500",11/24/2018 07:14:00 PM,UNDER THE INFLUENCE OF ALCOHOL/DRUGS (USE WHEN ARREST IS EFFECTED),NOT APPLICABLE,2358,W,103RD ST,2213.0,,N,,,,,2,NO INDICATION OF INJURY,0.0,0.0,0.0,0.0,0.0,2.0,0.0,19,7,11,41.7064861244,-87.6815602917,POINT (-87.681560291657 41.706486124379)
87e69c8e772f6399fc9072ae9e00da81ac35fd4e27f1931b2d1bc5abc4a74c9775707b7d9f9c462e27f8d72cb1c25bbb6c8509e435f9d3bf65cc593450ca16d8,,03/21/2023 09:20:00 AM,30,TRAFFIC SIGNAL,FUNCTIONING PROPERLY,CLEAR,DAYLIGHT,REAR END,NOT DIVIDED,,STRAIGHT AND LEVEL,DRY,NO DEFECTS,NOT ON SCENE (DESK REPORT),NO INJURY / DRIVE AWAY,Y,,Y,"OVER $1,500",03/21/2023 09:23:00 AM,FOLLOWING TOO CLOSELY,NOT APPLICABLE,1801,S,CANAL ST,1235.0,,,,,,,2,NO INDICATION OF INJURY,0.0,0.0,0.0,0.0,0.0,2.0,0.0,9,3,3,41.8575700476,-87.6387853651,POINT (-87.638785365139 41.857570047555)
946484858e6c4d3c41ea4013d69a463e1828699ca7507926f9a3cd0e98b5af51d5873f52be346edf8814222a8aee75086aa2acdfa73dc14755e1328dda132610,,12/20/2017 01:24:00 PM,20,NO CONTROLS,NO CONTROLS,CLEAR,DAYLIGHT,SIDESWIPE OPPOSITE DIRECTION,NOT DIVIDED,,STRAIGHT AND LEVEL,DRY,NO DEFECTS,NOT ON SCENE (DESK REPORT),NO INJURY / DRIVE AWAY,,,,"OVER $1,500",12/22/2017 12:20:00 AM,IMPROPER BACKING,NOT APPLICABLE,8029,S,TALMAN AVE,835.0,,,,,,,2,NO INDICATION OF INJURY,0.0,0.0,0.0,0.0,0.0,2.0,0.0,13,4,12,41.7473254719,-87.6887428481,POINT (-87.688742848057 41.747325471851)
dccc35bc6e006367178d0168e4c57f7bd9db6f3c88a09eef3861121163ddbf2c3a89908fd4b57b3f5e61961efb40ec08c18b4f0433911b12857911f28410f641,,07/13/2017 02:45:00 PM,30,NO CONTROLS,NO CONTROLS,CLEAR,DAYLIGHT,SIDESWIPE SAME DIRECTION,NOT DIVIDED,2,STRAIGHT AND LEVEL,DRY,NO DEFECTS,NOT ON SCENE (DESK REPORT),NO INJURY / DRIVE AWAY,,,,"OVER $1,500",07/13/2017 05:40:00 PM,IMPROPER OVERTAKING/PASSING,NOT APPLICABLE,561,W,GRAND AVE,1214.0,,,,,,,2,NO INDICATION OF INJURY,0.0,0.0,0.0,0.0,0.0,2.0,0.0,14,5,7,41.8911479747,-87.6429276847,POINT (-87.642927684704 41.89114797471)
cd498b25b42e62e1121871b2ca51012cc9699e7a28722a66a9dece0916aee833e47368955b42890ef9c9306862ef00b7fe1d06fad21577002a75c69161341921,,06/12/2025 03:30:00 PM,30,NO CONTROLS,NO CONTROLS,CLEAR,DAYLIGHT,REAR END,NOT DIVIDED,,STRAIGHT AND LEVEL,DRY,UNKNOWN,NOT ON SCENE (DESK REPORT),NO INJURY / DRIVE AWAY,,,,"OVER $1,500",06/12/2025 05:02:00 PM,UNABLE TO DETERMINE,UNABLE TO DETERMINE,3300,W,111TH ST,2211.0,,,,,,,2,NO INDICATION OF INJURY,0.0,0.0,0.0,0.0,0.0,3.0,0.0,15,5,6,41.6916388014,-87.7033863668,POINT (-87.703386366783 41.691638801388)
979bed2e805a955173c31fede16082ef029052ae7dc9c8d75393964d5e36476a2521a918e3928c708ee42ccea1d0296f82360f5a0a92024e5c59af7d6b4df23c,,09/10/2023 12:17:00 PM,30,OTHER,OTHER,CLEAR,DAYLIGHT,REAR END,NOT DIVIDED,,STRAIGHT AND LEVEL,DRY,UNKNOWN,ON SCENE,INJURY AND / OR TOW DUE TO CRASH,,,,"OVER $1,500",09/10/2023 12:18:00 PM,FOLLOWING TOO CLOSELY,UNABLE TO DETERMINE,6301,N,CALDWELL AVE,1621.0,,,,,,,3,"REPORTED, NOT EVIDENT",1.0,0.0,0.0,0.0,1.0,6.0,0.0,12,1,9,41.9959042859,-87.763432241,POINT (-87.763432241016 41.995904285864)
c292ebd37b384c3df88e4e858374c9ac3c3679615d44b19b30cc66b24bbe8318b8bf2219f924c0387da049ce2edf5b10f98808b33498300599a5bbb2dfb39694,,12/23/2021 03:00:00 PM,30,NO CONTROLS,NO CONTROLS,CLEAR,DAYLIGHT,SIDESWIPE SAME DIRECTION,DIVIDED - W/MEDIAN BARRIER,,STRAIGHT AND LEVEL,DRY,NO DEFECTS,ON SCENE,NO INJURY / DRIVE AWAY,,,,"OVER $1,500",12/23/2021 03:30:00 PM,FAILING TO YIELD RIGHT-OF-WAY,FAILING TO YIELD RIGHT-OF-WAY,111,S,MICHIGAN AVE,114.0,,,,,,,2,NO INDICATION OF INJURY,0.0,0.0,0.0,0.0,0.0,2.0,0.0,15,5,12,41.8805278219,-87.6242094659,POINT (-87.624209465859 41.880527821931)
0d1d9dd808b2b566db533a612a43b944ccae2de034b94d1f31996af09c268f800a602f3ba01a1ab0dbc2af6d86d60f972d67d39bd0826a2d6e9d23192cc13f60,,08/01/2024 07:31:00 AM,30,STOP SIGN/FLASHER,FUNCTIONING PROPERLY,CLEAR,DAYLIGHT,ANGLE,DIVIDED - W/MEDIAN (NOT RAISED),,STRAIGHT AND LEVEL,WET,NO DEFECTS,ON SCENE,NO INJURY / DRIVE AWAY,Y,,,"OVER $1,500",08/01/2024 07:47:00 AM,FAILING TO YIELD RIGHT-OF-WAY,NOT APPLICABLE,3100,S,KOMENSKY AVE,1031.0,,,,,,,2,NO INDICATION OF INJURY,0.0,0.0,0.0,0.0,0.0,4.0,0.0,7,5,8,41.836772906,-87.725712341,POINT (-87.72571234101 41.836772905951)
8707524e9ff7f42324b8be4cb71d558c0faa540e532b0e28ca60ada9639ee41c1fdc55374346f6eeee07bad9653a18fec71118539e5639204b41d92932c0d23c,,07/07/2022 04:30:00 PM,30,NO CONTROLS,NO CONTROLS,CLEAR,DAYLIGHT,PARKED MOTOR VEHICLE,NOT DIVIDED,,STRAIGHT AND LEVEL,DRY,NO DEFECTS,NOT ON SCENE (DESK REPORT),NO INJURY / DRIVE AWAY,,,Y,"OVER $1,500",07/07/2022 05:50:00 PM,UNABLE TO DETERMINE,UNABLE TO DETERMINE,4750,W,MADISON ST,1113.0,,,,,,,2,NO INDICATION OF INJURY,0.0,0.0,0.0,0.0,0.0,4.0,0.0,16,5,7,41.8806127032,-87.7448534042,POINT (-87.744853404164 41.880612703208)
7e13d67566d073f5b5faa808a291ac5fcdac2b80acb3b2b228acfc68c7f253a0807a60b36f01ed5bb0b1a33ca9bbf81393c0939d2ea36636c353c16094214009,,11/20/2025 08:30:00 AM,30,NO CONTROLS,NO CONTROLS,RAIN,DAYLIGHT,SIDESWIPE SAME DIRECTION,NOT DIVIDED,,STRAIGHT AND LEVEL,WET,NO DEFECTS,ON SCENE,NO INJURY / DRIVE AWAY,,,,"OVER $1,500",11/20/2025 08:49:00 AM,UNABLE TO DETERMINE,UNABLE TO DETERMINE,3148,W,TOUHY AVE,2411.0,,,,,,,2,NO INDICATION OF INJURY,0.0,0.0,0.0,0.0,0.0,2.0,0.0,8,5,11,42.0119784286,-87.7086023551,POINT (-87.708602355103 42.011978428596)
a00c3e037846fb6334714c498f60ab1a99769aef86660485eae10364a9cda74431468770f85c432fb7c0667539159627b8add1eb730bde87bb0581cfdc85e5f3,,04/19/2019 10:30:00 AM,30,TRAFFIC SIGNAL,FUNCTIONING PROPERLY,CLEAR,DAYLIGHT,REAR END,RAMP,,STRAIGHT AND LEVEL,DRY,NO DEFECTS,,NO INJURY / DRIVE AWAY,,,,"OVER $1,500",04/19/2019 10:35:00 AM,DISTRACTION - FROM OUTSIDE VEHICLE,UNABLE TO DETERMINE,5700,N,CUMBERLAND AVE,1614.0,,,,,,,2,NO INDICATION OF INJURY,0.0,0.0,0.0,0.0,0.0,3.0,0.0,10,6,4,41.9825995547,-87.8367284068,POINT (-87.836728406808 41.982599554701)
20d1a2fe27f87a2bbea2ae5b254920a2ab6f541c5307da49c2c97d7a241c6235ac221409539c63af6340df28c70cb33fad7eae6a7a9ed6f53b01a9c718e23cd6,,04/28/2017 08:30:00 AM,30,TRAFFIC SIGNAL,FUNCTIONING PROPERLY,CLOUDY/OVERCAST,DAYLIGHT,REAR END,NOT DIVIDED,4,STRAIGHT AND LEVEL,DRY,UNKNOWN,NOT ON SCENE (DESK REPORT),NO INJURY / DRIVE AWAY,,,,"OVER $1,500",04/28/2017 10:45:00 AM,FAILING TO REDUCE SPEED TO AVOID CRASH,NOT APPLICABLE,7900,S,DAMEN AVE,611.0,,,,,,,2,NO INDICATION OF INJURY,0.0,0.0,0.0,0.0,0.0,2.0,0.0,8,6,4,41.7501823555,-87.6732788568,POINT (-87.673278856776 41.750182355465)
6c18bc44a80cc6935ac4984b09d1813c9b3bc511c044b9044228daaba64a1b3ac1b87e4bee55ff412aa0e60c6b9e2c0283f00cb5e528337f74b569cac1d503c5,,09/24/2017 10:45:00 PM,15,NO CONTROLS,UNKNOWN,CLEAR,UNKNOWN,PARKED MOTOR VEHICLE,PARKING LOT,,STRAIGHT AND LEVEL,DRY,NO DEFECTS,NOT ON SCENE (DESK REPORT),NO INJURY / DRIVE AWAY,,,Y,"$501 - $1,500",10/16/2017 08:35:00 AM,UNABLE TO DETERMINE,NOT APPLICABLE,4800,S,CHICAGO BEACH DR,222.0,,,,,,,2,NO INDICATION OF INJURY,0.0,0.0,0.0,0.0,0.0,1.0,0.0,22,1,9,41.8072543927,-87.5866743554,POINT (-87.58667435538 41.807254392729)
768aea43ce8c4747e30785994330f2a2c39a6def88b07710410fa2a20841f9bfa3e95fe3faccf93d732a7d6f3ac75fd62f17531d895b442a8f33ef9f6f13347c,,06/12/2023 12:06:00 PM,30,NO CONTROLS,NO CONTROLS,CLEAR,DAYLIGHT,ANGLE,NOT DIVIDED,,STRAIGHT AND LEVEL,DRY,NO DEFECTS,ON SCENE,INJURY AND / OR TOW DUE TO CRASH,,,Y,"OVER $1,500",06/12/2023 12:06:00 PM,UNABLE TO DETERMINE,NOT APPLICABLE,1355,S,HOMAN AVE,1021.0,,,,,,,4,NO INDICATION OF INJURY,0.0,0.0,0.0,0.0,0.0,4.0,0.0,12,2,6,41.8628871802,-87.7102941214,POINT (-87.710294121434 41.862887180226)
74e170faa95b8d9bac9f002888f680c29fb20bf354c75d6fdaea83839d3c2c9f9932fde55b0bd331dc071662c558209a50b12a5ba88eedf2173b2d01e3c2f510,,11/20/2024 10:00:00 AM,30,NO CONTROLS,NO CONTROLS,CLEAR,DAYLIGHT,TURNING,DIVIDED - W/MEDIAN (NOT RAISED),,STRAIGHT AND LEVEL,DRY,NO DEFECTS,ON SCENE,NO INJURY / DRIVE AWAY,,,,"OVER $1,500",11/20/2024 10:00:00 AM,FAILING TO YIELD RIGHT-OF-WAY,FAILING TO YIELD RIGHT-OF-WAY,3414,S,ARCHER AVE,912.0,,,,,,,2,NO INDICATION OF INJURY,0.0,0.0,0.0,0.0,0.0,2.0,0.0,10,4,11,41.8318307302,-87.675527192,POINT (-87.675527191958 41.831830730215)
148ff612096a0de9fbbe4ee9375b5846417b4ab8e2e80fda79ff9b430387ab2635cf2c9b387ebfc78e22ddc8e03f2cfff14920a223da6604ea9ce2453e4b76ff,,03/15/2025 04:09:00 PM,30,NO CONTROLS,NO CONTROLS,CLEAR,DAYLIGHT,PARKED MOTOR VEHICLE,NOT DIVIDED,,STRAIGHT AND LEVEL,DRY,UNKNOWN,NOT ON SCENE (DESK REPORT),NO INJURY / DRIVE AWAY,,,,"OVER $1,500",03/15/2025 05:18:00 PM,UNABLE TO DETERMINE,UNABLE TO DETERMINE,7100,S,SOUTH SHORE DR,334.0,,,,,,,2,NO INDICATION OF INJURY,0.0,0.0,0.0,0.0,0.0,2.0,0.0,16,7,3,41.7661952023,-87.562908182,POINT (-87.562908182042 41.76619520231)
1fc5f1c2b9364f6500db6461a3734b7c7da9ad64640894e7dcf28a7b00aca9a1b0295a88e92b5c68a81519b89654f10f0cd03dbd6cba0ead2df43f9cbfee1eaf,,06/17/2022 08:13:00 PM,30,NO CONTROLS,NO CONTROLS,CLEAR,DUSK,PARKED MOTOR VEHICLE,DIVIDED - W/MEDIAN (NOT RAISED),,STRAIGHT AND LEVEL,DRY,NO DEFECTS,ON SCENE,NO INJURY / DRIVE AWAY,,,,"OVER $1,500",06/17/2022 08:18:00 PM,UNABLE TO DETERMINE,NOT APPLICABLE,2858,W,DEVON AVE,2412.0,,,,,,,2,NO INDICATION OF INJURY,0.0,0.0,0.0,0.0,0.0,1.0,0.0,20,6,6,41.9976283009,-87.7020184006,POINT (-87.702018400608 41.997628300868)
9dd3b1984d4121fd710bbde6339723820d836d650c937b7a62588fb47729c334cf5c1c0687429eaf3601b50311150d336618aa42067466923df109172deb9798,,12/12/2020 12:40:00 PM,30,STOP SIGN/FLASHER,FUNCTIONING PROPERLY,RAIN,DAYLIGHT,ANGLE,DIVIDED - W/MEDIAN (NOT RAISED),,STRAIGHT AND LEVEL,WET,NO DEFECTS,ON SCENE,INJURY AND / OR TOW DUE TO CRASH,Y,,,"OVER $1,500",12/12/2020 12:45:00 PM,DRIVING ON WRONG SIDE/WRONG WAY,NOT APPLICABLE,1900,N,NARRAGANSETT AVE,2513.0,,,,,,,2,NO INDICATION OF INJURY,0.0,0.0,0.0,0.0,0.0,7.0,0.0,12,7,12,41.9146806269,-87.7853267373,POINT (-87.785326737314 41.914680626859)
dcd32ec79e24d5dbd1926a2707d724c0323206076809ae0913fa79de78db155aa42ae081eb7e8e1093655e511058b11c06bac3c564a952f10a66ac6fb080d592,,02/07/2020 05:02:00 PM,30,NO CONTROLS,NO CONTROLS,CLEAR,DAYLIGHT,SIDESWIPE SAME DIRECTION,ONE-WAY,,STRAIGHT AND LEVEL,DRY,NO DEFECTS,ON SCENE,NO INJURY / DRIVE AWAY,,,,"OVER $1,500",02/07/2020 05:02:00 PM,FAILING TO REDUCE SPEED TO AVOID CRASH,NOT APPLICABLE,3355,W,WASHINGTON BLVD,1123.0,,,,,,,3,NO INDICATION OF INJURY,0.0,0.0,0.0,0.0,0.0,5.0,0.0,17,6,2,41.8826350403,-87.7108029858,POINT (-87.71080298584 41.88263504028)
049a7418e9a2e146d6824216eaef99dff7d880007e3fe871b8b039f46c0f9b8e7b62f1198111176700a8541856ed59730d78d0d917ccaee62b6b8c5eecdd2220,,05/06/2022 06:45:00 PM,30,NO CONTROLS,NO CONTROLS,UNKNOWN,UNKNOWN,PARKED MOTOR VEHICLE,NOT DIVIDED,,STRAIGHT AND LEVEL,UNKNOWN,NO DEFECTS,ON SCENE,INJURY AND / OR TOW DUE TO CRASH,,,Y,"OVER $1,500",05/07/2022 11:23:00 AM,UNABLE TO DETERMINE,UNABLE TO DETERMINE,2222,N,LISTER AVE,1432.0,,,,,,,2,NO INDICATION OF INJURY,0.0,0.0,0.0,0.0,0.0,1.0,0.0,18,6,5,41.9219494946,-87.6749701108,POINT (-87.674970110839 41.921949494604)
f0967459bf174a38f4586620fb41800d73efe7159c2bab54a0863ca80144f0a92818eae9f100adcb87995ba89a18fc030d1c74d120e55dc6d4448a870db11263,,06/24/2020 04:00:00 PM,35,NO CONTROLS,NO CONTROLS,CLEAR,DAYLIGHT,PARKED MOTOR VEHICLE,DIVIDED - W/MEDIAN (NOT RAISED),,STRAIGHT AND LEVEL,DRY,NO DEFECTS,NOT ON SCENE (DESK REPORT),NO INJURY / DRIVE AWAY,,,Y,"OVER $1,500",06/24/2020 04:10:00 PM,IMPROPER OVERTAKING/PASSING,UNABLE TO DETERMINE,8345,S,ASHLAND AVE,614.0,,,,,,,2,NO INDICATION OF INJURY,0.0,0.0,0.0,0.0,0.0,1.0,0.0,16,4,6,41.7417416514,-87.6630733293,POINT (-87.663073329251 41.741741651402)
1c233e422da2ba4cf51334c0349dcef31b972355940c98bc8a18231ef58392dff41ffc701b68a359ee46f45abbe58aac2dba48f43b254c8f92e011f9b5ee13a7,,05/24/2018 12:30:00 PM,30,NO CONTROLS,NO CONTROLS,CLEAR,DAYLIGHT,REAR END,NOT DIVIDED,2,STRAIGHT AND LEVEL,UNKNOWN,UNKNOWN,NOT ON SCENE (DESK REPORT),NO INJURY / DRIVE AWAY,,,,$500 OR LESS,05/24/2018 12:51:00 PM,FOLLOWING TOO CLOSELY,DRIVING SKILLS/KNOWLEDGE/EXPERIENCE,1440,W,FULLERTON AVE,1932.0,,,,,,,2,NO INDICATION OF INJURY,0.0,0.0,0.0,0.0,0.0,2.0,0.0,12,5,5,41.9253057816,-87.664905596,POINT (-87.664905595952 41.925305781606)
7ce40544db9cc4884ff5af40978e5d31f494b71f0e90f4553d75ab1de5ae505d7ce6bd72db1c7820943c4cc99dbe3195e56d568b4a297ef1ee1b53bbd070c725,,08/08/2019 10:30:00 PM,30,OTHER,OTHER,CLEAR,"DARKNESS, LIGHTED ROAD",SIDESWIPE SAME DIRECTION,DIVIDED - W/MEDIAN BARRIER,,STRAIGHT AND LEVEL,DRY,NO DEFECTS,NOT ON SCENE (DESK REPORT),NO INJURY / DRIVE AWAY,,,,"OVER $1,500",08/08/2019 10:54:00 PM,FAILING TO YIELD RIGHT-OF-WAY,IMPROPER OVERTAKING/PASSING,5848,S,CICERO AVE,813.0,,,,Y,CONSTRUCTION,Y,2,NO INDICATION OF INJURY,0.0,0.0,0.0,0.0,0.0,3.0,0.0,22,5,8,41.7861283285,-87.7415039259,POINT (-87.741503925939 41.786128328538)
2be9b6d092802c169f64c9cab22967622c403e0b2867360efec55c3293f0227f59dde203ceb1496a55022581b8a0eb3f2c976d957bbe930d29316ceb2bead678,,11/19/2017 12:30:00 AM,30,NO CONTROLS,NO CONTROLS,CLEAR,"DARKNESS, LIGHTED ROAD",REAR END,DIVIDED - W/MEDIAN (NOT RAISED),4,STRAIGHT AND LEVEL,DRY,NO DEFECTS,NOT ON SCENE (DESK REPORT),NO INJURY / DRIVE AWAY,,,Y,"OVER $1,500",11/20/2017 12:40:00 PM,IMPROPER OVERTAKING/PASSING,IMPROPER OVERTAKING/PASSING,2534,N,CICERO AVE,2521.0,,,,,,,2,NO INDICATION OF INJURY,0.0,0.0,0.0,0.0,0.0,2.0,0.0,0,1,11,41.927107992,-87.7465577346,POINT (-87.746557734636 41.927107992024)
363055d8683e45c5d6a3e661ed6b246f6b3544936adffa830a5b1f3de7843202b7a008dd87ed53bd5e9a7db6a76d16997438648944b7b5362d1caa3fa7fa2c90,,05/17/2019 04:30:00 PM,33,UNKNOWN,UNKNOWN,UNKNOWN,UNKNOWN,REAR TO FRONT,DIVIDED - W/MEDIAN (NOT RAISED),,STRAIGHT AND LEVEL,UNKNOWN,UNKNOWN,NOT ON SCENE (DESK REPORT),NO INJURY / DRIVE AWAY,,,,"$501 - $1,500",05/22/2019 07:45:00 PM,IMPROPER BACKING,NOT APPLICABLE,4091,S,FRANCISCO AVE,921.0,,,,,,,2,NO INDICATION OF INJURY,0.0,0.0,0.0,0.0,0.0,2.0,0.0,16,6,5,41.8186613293,-87.6968361031,POINT (-87.696836103066 41.818661329345)
38f71732a5dcab4d61d3377ee571fbc8098493f64966a753039dc204a008f01a0ccd8df043ed3120086ccccfd6f38692abb3829d7e552db715e67894ec398ae1,,03/10/2018 08:27:00 AM,30,NO CONTROLS,NO CONTROLS,CLEAR,DAYLIGHT,REAR END,NOT DIVIDED,,STRAIGHT AND LEVEL,DRY,NO DEFECTS,NOT ON SCENE (DESK REPORT),NO INJURY / DRIVE AWAY,,,,"$501 - $1,500",03/10/2018 09:00:00 AM,FOLLOWING TOO CLOSELY,FAILING TO REDUCE SPEED TO AVOID CRASH,200,W,87TH ST,622.0,,,,,,,2,NO INDICATION OF INJURY,0.0,0.0,0.0,0.0,0.0,2.0,0.0,8,7,3,41.7362616994,-87.6290647164,POINT (-87.629064716425 41.736261699376)
a157fe7de79019a832b1a6f2cb979a5b0e1df8457912412b3b8df7d87f7190f65c60191e06d86dfbd57f733865a27fc7b9fbd3926eef04d1317b25c6efd9653f,,08/05/2025 02:14:00 AM,30,NO CONTROLS,NO CONTROLS,CLEAR,DAYLIGHT,PARKED MOTOR VEHICLE,NOT DIVIDED,,STRAIGHT AND LEVEL,DRY,NO DEFECTS,ON SCENE,INJURY AND / OR TOW DUE TO CRASH,,,,"OVER $1,500",08/05/2025 02:30:00 AM,DRIVING SKILLS/KNOWLEDGE/EXPERIENCE,DRIVING SKILLS/KNOWLEDGE/EXPERIENCE,1039,N,MILWAUKEE AVE,1213.0,,,,,,,5,NO INDICATION OF INJURY,0.0,0.0,0.0,0.0,0.0,1.0,0.0,2,3,8,41.900634799,-87.6620052122,POINT (-87.66200521219 41.900634799016)
42e9fdc2a31c85ed43f4e09a4796e92e3b61d5ec05333b5f9f73a9522c502c0b6f32e530537c9296dde6f7c4f3eb2d27f14a3b76b262119e2f10ecfd5680a131,,06/25/2025 05:15:00 PM,30,NO CONTROLS,NO CONTROLS,CLEAR,DAYLIGHT,PEDESTRIAN,DIVIDED - W/MEDIAN (NOT RAISED),,STRAIGHT AND LEVEL,DRY,NO DEFECTS,NOT ON SCENE (DESK REPORT),INJURY AND / OR TOW DUE TO CRASH,,,Y,"$501 - $1,500",06/25/2025 08:38:00 PM,UNABLE TO DETERMINE,NOT APPLICABLE,6050,W,65TH ST,812.0,,,,,,,2,NONINCAPACITATING INJURY,1.0,0.0,0.0,1.0,0.0,1.0,0.0,17,4,6,41.774280688,-87.7733758624,POINT (-87.773375862412 41.774280688038)
137750570e8d0607a95281ee2e654bb60e4b56383d6b18279c6a4e4b0469555ffaf07dc17653367bac3fdbcc7f8e18f7006cec0c4bf67f23869ba70191e2af4d,,04/25/2025 04:40:00 PM,30,NO CONTROLS,NO CONTROLS,RAIN,DAYLIGHT,TURNING,FOUR WAY,,STRAIGHT AND LEVEL,WET,NO DEFECTS,ON SCENE,INJURY AND / OR TOW DUE TO CRASH,,,,"OVER $1,500",04/25/2025 04:53:00 PM,IMPROPER LANE USAGE,IMPROPER LANE USAGE,1857,W,63RD ST,726.0,,,,,,,2,NO INDICATION OF INJURY,0.0,0.0,0.0,0.0,0.0,2.0,0.0,16,6,4,41.7792428893,-87.671347166,POINT (-87.671347165954 41.779242889337)
1eb11fd395c818ad0e4a856fcbc66b60e985373deee4877d22096896b5138e2db5d0cec7efbb47da01cd52daa9f35ce84c77d9040d11e8bbe9434c51b0dc3c73,N,11/15/2022 10:00:00 PM,30,NO CONTROLS,NO CONTROLS,CLEAR,"DARKNESS, LIGHTED ROAD",PARKED MOTOR VEHICLE,ONE-WAY,,STRAIGHT AND LEVEL,DRY,NO DEFECTS,ON SCENE,INJURY AND / OR TOW DUE TO CRASH,,,Y,"OVER $1,500",11/15/2022 10:03:00 PM,UNABLE TO DETERMINE,UNABLE TO DETERMINE,6825,S,RIDGELAND AVE,332.0,,,,,,,4,NO INDICATION OF INJURY,0.0,0.0,0.0,0.0,0.0,1.0,0.0,22,3,11,41.7707710909,-87.5824298648,POINT (-87.582429864793 41.770771090892)