CRASH_RECORD_ID,CRASH_DATE_EST_I,CRASH_DATE,POSTED_SPEED_LIMIT,TRAFFIC_CONTROL_DEVICE,DEVICE_CONDITION,WEATHER_CONDITION,LIGHTING_CONDITION,FIRST_CRASH_TYPE,TRAFFICWAY_TYPE,LANE_CNT,ALIGNMENT,ROADWAY_SURFACE_COND,ROAD_DEFECT,REPORT_TYPE,CRASH_TYPE,INTERSECTION_RELATED_I,NOT_RIGHT_OF_WAY_I,HIT_AND_RUN_I,DAMAGE,DATE_POLICE_NOTIFIED,PRIM_CONTRIBUTORY_CAUSE,SEC_CONTRIBUTORY_CAUSE,STREET_NO,STREET_DIRECTION,STREET_NAME,BEAT_OF_OCCURRENCE,PHOTOS_TAKEN_I,STATEMENTS_TAKEN_I,DOORING_I,WORK_ZONE_I,WORK_ZONE_TYPE,WORKERS_PRESENT_I,NUM_UNITS,MOST_SEVERE_INJURY,INJURIES_TOTAL,INJURIES_FATAL,INJURIES_INCAPACITATING,INJURIES_NON_INCAPACITATING,INJURIES_REPORTED_NOT_EVIDENT,INJURIES_NO_INDICATION,INJURIES_UNKNOWN,CRASH_HOUR,CRASH_DAY_OF_WEEK,CRASH_MONTH,LATITUDE,LONGITUDE,LOCATION
0e84859d01dc41ec2f05ed47309c184f2ae1eb01f5beb5562857b44fafebbe1155bd6a4b35615a681bbc3397ae14ae4f1cfdd5ec5a91616d284bbf57e400de6b,,07/06/2023 04:30:00 PM,30,UNKNOWN,NO CONTROLS,CLEAR,DAYLIGHT,REAR END,NOT DIVIDED,,STRAIGHT AND LEVEL,DRY,NO DEFECTS,,NO INJURY / DRIVE AWAY,Y,,Y,"$501 - $1,500",07/06/2023 05:00:00 PM,UNABLE TO DETERMINE,UNABLE TO DETERMINE,3198,W,VAN BUREN ST,1124.0,,,,,,,2,NO INDICATION OF INJURY,0.0,0.0,0.0,0.0,0.0,2.0,0.0,16,5,7,41.8759864902,-87.70585041,POINT (-87.705850409978 41.875986490226)
918d3d19cf9ab012386f216ca4f703a9fbe972be48abe1ba8c16058c1914d2f124eefad10847e057ad526835527c85ca3568bdcebbdc6e388b8f8921b475f47c,,01/08/2022 10:55:00 AM,30,NO CONTROLS,NO CONTROLS,CLEAR,DAYLIGHT,PARKED MOTOR VEHICLE,NOT DIVIDED,,STRAIGHT AND LEVEL,UNKNOWN,UNKNOWN,NOT ON SCENE (DESK REPORT),NO INJURY / DRIVE AWAY,,,Y,"$501 - $1,500",01/08/2022 12:10:00 PM,UNABLE TO DETERMINE,NOT APPLICABLE,4405,N,ELSTON AVE,1722.0,,,,,,,2,NO INDICATION OF INJURY,0.0,0.0,0.0,0.0,0.0,1.0,0.0,10,7,1,41.9611582953,-87.7298118385,POINT (-87.729811838544 41.961158295314)
0559bde3bca4a645cb3a127730428a4d1dc8dcc63dfd5bdc025a26b5f50de2c49add87d1b8e45b87fbb73860d665d3d6337acb6611a2d5afa7092514134b33c9,Y,02/01/2025 12:47:00 AM,30,NO CONTROLS,NO CONTROLS,CLEAR,DAWN,PARKED MOTOR VEHICLE,DIVIDED - W/MEDIAN BARRIER,,STRAIGHT AND LEVEL,DRY,NO DEFECTS,ON SCENE,NO INJURY / DRIVE AWAY,,,Y,"OVER $1,500",02/01/2025 06:23:00 AM,FAILING TO REDUCE SPEED TO AVOID CRASH,NOT APPLICABLE,13075,S,ELLIS AVE,533.0,,,,,,,2,NO INDICATION OF INJURY,0.0,0.0,0.0,0.0,0.0,1.0,0.0,0,7,2,41.6575289149,-87.5975564405,POINT (-87.597556440482 41.65752891486)
b97410db83bd1d8a07639ca8c41620bdd2450c2a99bf35c74614edf17ce434f0f05f40768075c5d2127f968e60edcf43a54217384cc9dc990eb9f05c062e710e,,10/18/2015 11:00:00 PM,30,TRAFFIC SIGNAL,FUNCTIONING PROPERLY,CLEAR,"DARKNESS, LIGHTED ROAD",REAR END,DIVIDED - W/MEDIAN BARRIER,6,STRAIGHT AND LEVEL,DRY,NO DEFECTS,NOT ON SCENE (DESK REPORT),NO INJURY / DRIVE AWAY,Y,,,"OVER $1,500",10/20/2015 11:30:00 AM,UNABLE TO DETERMINE,NOT APPLICABLE,9858,S,HALSTED ST,2232.0,,,,,,,2,NO INDICATION OF INJURY,0.0,0.0,0.0,0.0,0.0,2.0,0.0,23,1,10,41.714503915,-87.6431612902,POINT (-87.643161290197 41.714503914994)
e7ab8e994443b478673787568d7e9cadf788136675fb7203c87b12a6a0c0f98bf724c0dd1e8d7c542710337829d092b6febe3266aaece5fba928100eee74e7be,Y,09/16/2020 04:12:00 PM,20,TRAFFIC SIGNAL,FUNCTIONING PROPERLY,CLEAR,DAYLIGHT,SIDESWIPE SAME DIRECTION,FOUR WAY,,STRAIGHT AND LEVEL,DRY,NO DEFECTS,ON SCENE,NO INJURY / DRIVE AWAY,Y,,,"$501 - $1,500",09/16/2020 04:18:00 PM,IMPROPER OVERTAKING/PASSING,IMPROPER OVERTAKING/PASSING,7900,S,COTTAGE GROVE AVE,624.0,,,,,,,2,NO INDICATION OF INJURY,0.0,0.0,0.0,0.0,0.0,10.0,0.0,16,4,9,41.7511943382,-87.6053673263,POINT (-87.60536732633 41.751194338222)
427dad09a669cd9898e208af05d6c382f2b9ca08d40b10d8d1412a29f426d38c8ad8b231ca1edaea3c733f3caad7e9939bed0e2e800d92dde3ca3248ee875981,,05/09/2019 09:30:00 AM,30,TRAFFIC SIGNAL,FUNCTIONING PROPERLY,CLEAR,DAYLIGHT,REAR END,DIVIDED - W/MEDIAN (NOT RAISED),,STRAIGHT AND LEVEL,DRY,NO DEFECTS,NOT ON SCENE (DESK REPORT),NO INJURY / DRIVE AWAY,Y,,Y,$500 OR LESS,05/09/2019 11:21:00 AM,FAILING TO REDUCE SPEED TO AVOID CRASH,NOT APPLICABLE,2505,S,ARCHER AVE,913.0,,,,,,,2,NO INDICATION OF INJURY,0.0,0.0,0.0,0.0,0.0,3.0,0.0,9,5,5,41.8470365203,-87.6465433287,POINT (-87.646543328679 41.847036520317)
b38a963d50d89eedb73e8df670862c26450e9b49c3637b2109e164a6d412cc8769da2b30ebcd2a344901167533864f2fa755f47ec21e49a27af5ed7c93fadbd8,,06/14/2024 02:30:00 PM,35,NO CONTROLS,NO CONTROLS,CLEAR,DAYLIGHT,REAR END,DIVIDED - W/MEDIAN (NOT RAISED),,STRAIGHT AND LEVEL,DRY,NO DEFECTS,NOT ON SCENE (DESK REPORT),NO INJURY / DRIVE AWAY,Y,,,"OVER $1,500",06/14/2024 04:40:00 PM,IMPROPER OVERTAKING/PASSING,UNABLE TO DETERMINE,8300,S,SOUTH SHORE DR,424.0,,,,,,,2,NO INDICATION OF INJURY,0.0,0.0,0.0,0.0,0.0,2.0,0.0,14,6,6,41.7446448085,-87.5480521202,POINT (-87.548052120201 41.744644808545)
cb405006a5b9c4a3a0f038c8bf5b021f98334c0fdccaaa4a6b01d92087fc2800ca00573facc28594b6149e0784e27bf665da420d9b699fdb3879219445b86ba7,,11/21/2022 02:00:00 PM,30,STOP SIGN/FLASHER,FUNCTIONING PROPERLY,CLEAR,DAYLIGHT,FIXED OBJECT,NOT DIVIDED,,STRAIGHT AND LEVEL,DRY,UNKNOWN,ON SCENE,INJURY AND / OR TOW DUE TO CRASH,,,,"OVER $1,500",11/21/2022 04:04:00 PM,PHYSICAL CONDITION OF DRIVER,NOT APPLICABLE,1049,W,88TH ST,2222.0,,,,,,,1,NONINCAPACITATING INJURY,1.0,0.0,0.0,1.0,0.0,0.0,0.0,14,2,11,41.73403885,-87.6505072362,POINT (-87.650507236182 41.734038850017)
a4928f8cb12594498ee5a1ead2d53f6bc351bf4c88e251e9b3a5d0380d073a9e2b982759c82c2cf51ee0ae1e3e40a7dab149302970f41f05ad5105c383b39f64,,09/29/2017 05:30:00 PM,30,NO CONTROLS,NO CONTROLS,CLEAR,DAYLIGHT,REAR END,NOT DIVIDED,2,STRAIGHT AND LEVEL,UNKNOWN,UNKNOWN,NOT ON SCENE (DESK REPORT),NO INJURY / DRIVE AWAY,,,,"OVER $1,500",10/01/2017 01:30:00 PM,UNABLE TO DETERMINE,UNABLE TO DETERMINE,1220,W,WILSON AVE,1913.0,,,,,,,2,NO INDICATION OF INJURY,0.0,0.0,0.0,0.0,0.0,2.0,0.0,17,6,9,41.9654629408,-87.660484038,POINT (-87.660484037989 41.965462940775)
e28c4508181a139c6ea85b4e4dfcf6fb3313eeaeba2313ba651cf184e52d109c72ab1e313b39ced6c5cd3a9f06a2c7381a1aaa36ae5f677fd4c897059340433c,,06/21/2024 10:27:00 PM,30,NO CONTROLS,NO CONTROLS,CLEAR,"DARKNESS, LIGHTED ROAD",TURNING,NOT DIVIDED,,STRAIGHT AND LEVEL,DRY,NO DEFECTS,ON SCENE,INJURY AND / OR TOW DUE TO CRASH,,,,"OVER $1,500",06/21/2024 10:27:00 PM,IMPROPER TURNING/NO SIGNAL,FAILING TO YIELD RIGHT-OF-WAY,180,W,18TH ST,914.0,,,,,,,2,NONINCAPACITATING INJURY,2.0,0.0,0.0,2.0,0.0,1.0,0.0,22,6,6,41.857862564,-87.6318523306,POINT (-87.631852330647 41.857862564049)
05229444ad1625d62449922ecd0fd7ef54199c80e9ea552313a299224f352adfed5fba54bd423080167a895e7a015e6e7be426fe074cbf31ffe743579b6a3a1a,,09/21/2019 10:15:00 AM,30,NO CONTROLS,NO CONTROLS,CLEAR,DAYLIGHT,PARKED MOTOR VEHICLE,ONE-WAY,,STRAIGHT AND LEVEL,DRY,NO DEFECTS,NOT ON SCENE (DESK REPORT),NO INJURY / DRIVE AWAY,,,,"OVER $1,500",09/21/2019 12:30:00 PM,UNABLE TO DETERMINE,UNABLE TO DETERMINE,723,E,89TH ST,633.0,,,,,,,2,NO INDICATION OF INJURY,0.0,0.0,0.0,0.0,0.0,2.0,0.0,10,7,9,41.7328699249,-87.6061772165,POINT (-87.60617721648 41.732869924877)
46197e6d89f4a0f0ef5558192b7e04cdc5e0584c57e66c5d0aa3f7637ebbfca310fe6c500efaffbe255342f7b3f675a094a8281e68a2de5451983011ac86e9e2,,11/30/2017 06:01:00 PM,30,TRAFFIC SIGNAL,FUNCTIONING PROPERLY,CLEAR,"DARKNESS, LIGHTED ROAD",PEDALCYCLIST,NOT DIVIDED,,STRAIGHT AND LEVEL,DRY,NO DEFECTS,NOT ON SCENE (DESK REPORT),INJURY AND / OR TOW DUE TO CRASH,Y,,,$500 OR LESS,11/30/2017 07:40:00 PM,FAILING TO YIELD RIGHT-OF-WAY,UNABLE TO DETERMINE,5558,N,CLARK ST,2012.0,,,,,,,2,"REPORTED, NOT EVIDENT",1.0,0.0,0.0,0.0,1.0,2.0,0.0,18,5,11,41.983425267,-87.6688926073,POINT (-87.668892607339 41.983425266971)
f1896c4d65da863679b4c389b07f20cd5a458d24aaf63800bf58f4e23888fceaf83d9b13aa448e16b86b52e616435365859e0d1d887a63d9abf54500064f0594,,04/04/2021 01:46:00 AM,30,TRAFFIC SIGNAL,FUNCTIONING PROPERLY,CLEAR,"DARKNESS, LIGHTED ROAD",ANGLE,FOUR WAY,,STRAIGHT AND LEVEL,DRY,NO DEFECTS,ON SCENE,INJURY AND / OR TOW DUE TO CRASH,Y,,,"OVER $1,500",04/04/2021 01:46:00 AM,FAILING TO REDUCE SPEED TO AVOID CRASH,DISREGARDING TRAFFIC SIGNALS,8700,S,STONY ISLAND AVE,412.0,,,,,,,3,NO INDICATION OF INJURY,0.0,0.0,0.0,0.0,0.0,4.0,0.0,1,1,4,41.7368226302,-87.5857834203,POINT (-87.585783420329 41.736822630157)
acd54f67171f8680d9ca6cc2e465a32fba6d991b7568d73cb22f6f6543f6715206a3f6073085d8c599bd267fff8bbdb5f7d6914d521400436ea1c14403a96338,,04/21/2023 08:30:00 PM,30,TRAFFIC SIGNAL,NOT FUNCTIONING,CLEAR,DAWN,REAR END,NOT DIVIDED,,STRAIGHT AND LEVEL,DRY,NO DEFECTS,NOT ON SCENE (DESK REPORT),NO INJURY / DRIVE AWAY,,,,"OVER $1,500",07/11/2023 11:30:00 AM,FOLLOWING TOO CLOSELY,NOT APPLICABLE,2440,N,HALSTED ST,1935.0,,,,,,,2,NO INDICATION OF INJURY,0.0,0.0,0.0,0.0,0.0,2.0,0.0,20,6,4,41.9266414849,-87.648949762,POINT (-87.648949761971 41.926641484866)
03d07c1b873db61f82ca9e4f6f60507112fd3462a8905b4b87db68d3a130a3215dc04d693ed993ec85f3e6a7c868a3f6ed5647676b17ffe583f1975eae90b95b,,03/27/2017 09:47:00 AM,30,NO CONTROLS,NO CONTROLS,CLEAR,DAYLIGHT,PARKED MOTOR VEHICLE,ONE-WAY,2,STRAIGHT AND LEVEL,DRY,NO DEFECTS,NOT ON SCENE (DESK REPORT),NO INJURY / DRIVE AWAY,,,,"$501 - $1,500",03/27/2017 11:00:00 AM,IMPROPER OVERTAKING/PASSING,NOT APPLICABLE,61,E,MADISON ST,112.0,,,,,,,2,NO INDICATION OF INJURY,0.0,0.0,0.0,0.0,0.0,1.0,0.0,9,2,3,41.8819821862,-87.6256414697,POINT (-87.625641469716 41.881982186245)
ff4f15c657d1157fb6ae7d68708959ba56c5c6fb745c0150d9eaea684deb56feff35af4200e8c15d9e537c5fd4b427a108dffa33873732b844a885c2a7e28bee,,07/30/2018 01:58:00 AM,30,TRAFFIC SIGNAL,FUNCTIONING PROPERLY,CLEAR,"DARKNESS, LIGHTED ROAD",PEDESTRIAN,NOT DIVIDED,,STRAIGHT AND LEVEL,DRY,NO DEFECTS,ON SCENE,INJURY AND / OR TOW DUE TO CRASH,Y,,,$500 OR LESS,07/30/2018 02:01:00 AM,UNABLE TO DETERMINE,NOT APPLICABLE,2569,N,MILWAUKEE AVE,1414.0,,,,,,,2,"REPORTED, NOT EVIDENT",1.0,0.0,0.0,0.0,1.0,1.0,0.0,1,2,7,41.928078074,-87.7055520554,POINT (-87.705552055427 41.928078074023)
01846e10c9f1ee67615944bdf5f419aea2a949dcbaa2fd90b5f16d1c3eed737c58f33c54737f76073f7755f8ce721c8bd4aeb7d061d6dcfcb09fbf0504ee0ec0,,07/18/2020 12:15:00 PM,30,NO CONTROLS,NO CONTROLS,CLEAR,DAYLIGHT,SIDESWIPE SAME DIRECTION,ONE-WAY,,STRAIGHT AND LEVEL,DRY,NO DEFECTS,ON SCENE,NO INJURY / DRIVE AWAY,,,,$500 OR LESS,07/18/2020 12:20:00 PM,FOLLOWING TOO CLOSELY,IMPROPER OVERTAKING/PASSING,8100,S,DREXEL AVE,631.0,,,,,,,2,NO INDICATION OF INJURY,0.0,0.0,0.0,0.0,0.0,3.0,0.0,12,7,7,41.7475591179,-87.6027963349,POINT (-87.602796334936 41.747559117853)
c903fb3dbb24e20581dd50de39dfcb21b36921c9c1ac069683ef756b739d7f1c0cf3ec409ff3a54ef2b711bd46f14ae431577b6cd193000bd6851d5735e56a6a,,12/22/2020 01:15:00 PM,30,NO CONTROLS,NO CONTROLS,CLEAR,DAYLIGHT,REAR END,DIVIDED - W/MEDIAN (NOT RAISED),,STRAIGHT AND LEVEL,DRY,NO DEFECTS,NOT ON SCENE (DESK REPORT),NO INJURY / DRIVE AWAY,,,,"$501 - $1,500",12/22/2020 01:45:00 PM,FAILING TO YIELD RIGHT-OF-WAY,NOT APPLICABLE,6100,N,CALDWELL AVE,1621.0,,,,,,,2,NO INDICATION OF INJURY,0.0,0.0,0.0,0.0,0.0,2.0,0.0,13,3,12,41.991867173,-87.755345739,POINT (-87.755345738978 41.991867173008)
5d83545d6dff5ac0ae3f27e949f51f3f0f142038f7836a297476e06230461032f131040b8d221e3483db9f6a4c1580140cec087ff0a572e10e1afc85a6ba58c6,,02/25/2019 05:00:00 PM,15,NO CONTROLS,NO CONTROLS,CLEAR,DUSK,PARKED MOTOR VEHICLE,PARKING LOT,,STRAIGHT AND LEVEL,DRY,NO DEFECTS,ON SCENE,NO INJURY / DRIVE AWAY,,,,$500 OR LESS,02/25/2019 05:04:00 PM,FAILING TO REDUCE SPEED TO AVOID CRASH,IMPROPER BACKING,6200,N,HIAWATHA AVE,1621.0,,,,,,,2,NO INDICATION OF INJURY,0.0,0.0,0.0,0.0,0.0,1.0,0.0,17,2,2,41.9935609181,-87.7496717413,POINT (-87.749671741329 41.99356091812)
9cff73f0780a962767282b6d8581983313d3ce58282ac0e0eeb028913cffb2ad5b10199c7b6aedcc334598e0bd800b77a74ad1bd7c9bbf6e2d68feda0ae28098,,08/16/2020 03:40:00 PM,30,NO CONTROLS,NO CONTROLS,CLEAR,DAYLIGHT,PARKED MOTOR VEHICLE,PARKING LOT,,STRAIGHT AND LEVEL,DRY,NO DEFECTS,NOT ON SCENE (DESK REPORT),NO INJURY / DRIVE AWAY,,,,"OVER $1,500",08/16/2020 04:00:00 PM,UNABLE TO DETERMINE,UNABLE TO DETERMINE,6300,S,FRANCISCO AVE,823.0,,,,,,,2,NO INDICATION OF INJURY,0.0,0.0,0.0,0.0,0.0,1.0,0.0,15,1,8,41.778986358,-87.6959725778,POINT (-87.695972577794 41.778986357953)
b8d0efe780f799f7afc1e395a349aa483cec12714739b39536ba6636ad899e152d49afb6ad9acc249fe7fc66420fad74c77a57f749832d43d19da87f6ba8d8cc,,08/15/2020 12:44:00 PM,30,NO CONTROLS,NO CONTROLS,CLEAR,DAYLIGHT,SIDESWIPE SAME DIRECTION,NOT DIVIDED,,STRAIGHT AND LEVEL,DRY,NO DEFECTS,NOT ON SCENE (DESK REPORT),NO INJURY / DRIVE AWAY,,,,"OVER $1,500",08/15/2020 02:56:00 PM,IMPROPER OVERTAKING/PASSING,IMPROPER OVERTAKING/PASSING,532,E,83RD ST,631.0,,,,,,,3,NO INDICATION OF INJURY,0.0,0.0,0.0,0.0,0.0,6.0,0.0,12,7,8,41.7439821541,-87.6110322239,POINT (-87.611032223893 41.743982154071)
b4942a50cc21547ba6e312ba27c6ae61e35984f1d14eb01820b390c05f5dcaf20b70167a9eeaaf683b6b6bab01fd247484daeba741dcde52b3183b810aadd764,,04/30/2016 12:30:00 PM,30,NO CONTROLS,NO CONTROLS,RAIN,DAYLIGHT,SIDESWIPE SAME DIRECTION,DIVIDED - W/MEDIAN (NOT RAISED),2,STRAIGHT AND LEVEL,WET,NO DEFECTS,NOT ON SCENE (DESK REPORT),NO INJURY / DRIVE AWAY,,,,"$501 - $1,500",04/30/2016 01:00:00 PM,IMPROPER OVERTAKING/PASSING,IMPROPER TURNING/NO SIGNAL,600,E,GRAND AVE,1834.0,,,,,,,2,NO INDICATION OF INJURY,0.0,0.0,0.0,0.0,0.0,2.0,0.0,12,7,4,41.8920941369,-87.6115698839,POINT (-87.611569883947 41.892094136862)
fffd8e27cfd73e7a66d9a2fa468b243b90037063c28ca898e55c67551cb73e9bdaa30667636af1595e4dae902c8119bcfd41ed371716f776184f2105e12789d7,Y,11/11/2025 03:55:00 PM,30,NO CONTROLS,NO CONTROLS,CLEAR,DAYLIGHT,ANGLE,FOUR WAY,,STRAIGHT AND LEVEL,DRY,NO DEFECTS,NOT ON SCENE (DESK REPORT),NO INJURY / DRIVE AWAY,Y,,Y,"OVER $1,500",11/11/2025 05:39:00 PM,FAILING TO YIELD RIGHT-OF-WAY,NOT APPLICABLE,201,W,120TH ST,523.0,,,,,,,2,NO INDICATION OF INJURY,0.0,0.0,0.0,0.0,0.0,2.0,0.0,15,3,11,41.6760397249,-87.6274683171,POINT (-87.627468317126 41.676039724852)
1ef6cf3d63e386e5e0dfbeb820c99a1156746071b72128580d4eecc64dd68e3e9ca1b61e4eb29b7cb69c227794544f672593ccdc43647cfe739067cd6ea69703,,02/28/2024 04:39:00 PM,30,NO CONTROLS,NO CONTROLS,CLEAR,DAYLIGHT,REAR END,DIVIDED - W/MEDIAN (NOT RAISED),,STRAIGHT AND LEVEL,DRY,NO DEFECTS,ON SCENE,INJURY AND / OR TOW DUE TO CRASH,,,,"OVER $1,500",02/28/2024 04:41:00 PM,DISTRACTION - FROM INSIDE VEHICLE,NOT APPLICABLE,3245,W,ADDISON ST,1733.0,,,,,,,2,NO INDICATION OF INJURY,0.0,0.0,0.0,0.0,0.0,2.0,0.0,16,4,2,41.9464969358,-87.70969587,POINT (-87.709695870028 41.946496935817)
dcd21886e756d56a3456bf287ee2cb6ca7f0f6867bc20a0d53cea0de38625291c68e3e37d6e7be16a827d08bdc9e03601fbd32114c9e9e1a0df0565ca5782089,N,06/18/2019 11:26:00 PM,20,NO CONTROLS,NO CONTROLS,CLEAR,"DARKNESS, LIGHTED ROAD",TURNING,ALLEY,,STRAIGHT AND LEVEL,DRY,NO DEFECTS,NOT ON SCENE (DESK REPORT),NO INJURY / DRIVE AWAY,N,,,"OVER $1,500",06/18/2019 11:28:00 PM,FAILING TO YIELD RIGHT-OF-WAY,NOT APPLICABLE,2826,W,POPE JOHN PAUL II DR,921.0,,N,,,,,2,NO INDICATION OF INJURY,0.0,0.0,0.0,0.0,0.0,2.0,0.0,23,3,6,41.8156355333,-87.6955950208,POINT (-87.695595020826 41.815635533311)
4f21549c8d03b5794f306f26cdef9ab3163b92a6d946fd6ce96219d450e6fbaf32a6d5b0c1f6a7eb34311436ceb8139d00a62faf1592b9180c66cea7861f30fc,,05/14/2018 09:20:00 AM,30,STOP SIGN/FLASHER,FUNCTIONING PROPERLY,RAIN,DAYLIGHT,TURNING,DIVIDED - W/MEDIAN (NOT RAISED),2,STRAIGHT AND LEVEL,WET,NO DEFECTS,,INJURY AND / OR TOW DUE TO CRASH,Y,,,"OVER $1,500",05/14/2018 09:38:00 AM,FAILING TO YIELD RIGHT-OF-WAY,IMPROPER LANE USAGE,4132,W,GRAND AVE,2534.0,,,,,,,2,INCAPACITATING INJURY,2.0,0.0,1.0,1.0,0.0,0.0,0.0,9,2,5,41.9076847876,-87.7299261443,POINT (-87.729926144309 41.907684787642)
4e95aec967db8627c1f778b94b603fd4779066b0f8355bbf3431843beaba451edc79c14fe8988c99ad92ce450171c94f916827370057c9488d4d43cc7119cf3d,,10/18/2022 12:40:00 PM,30,NO CONTROLS,NO CONTROLS,CLEAR,DAYLIGHT,TURNING,NOT DIVIDED,,STRAIGHT AND LEVEL,DRY,NO DEFECTS,NOT ON SCENE (DESK REPORT),NO INJURY / DRIVE AWAY,Y,,,"OVER $1,500",10/18/2022 01:20:00 PM,IMPROPER TURNING/NO SIGNAL,UNABLE TO DETERMINE,2832,W,DIVISION ST,1423.0,,,,,,,2,NO INDICATION OF INJURY,0.0,0.0,0.0,0.0,0.0,2.0,0.0,12,3,10,41.9030252441,-87.6980710751,POINT (-87.698071075131 41.903025244129)
46440027f7b0edc1d3e3000e3acdef11343481a221419ed65f5aea27c049efffd3464bfbb413ca7c9a7f95fc4a95c478d99677314b94f5d578bb30f481a65d95,,10/08/2023 07:30:00 PM,20,NO CONTROLS,NO CONTROLS,CLEAR,"DARKNESS, LIGHTED ROAD",PARKED MOTOR VEHICLE,DIVIDED - W/MEDIAN (NOT RAISED),,STRAIGHT AND LEVEL,DRY,NO DEFECTS,ON SCENE,INJURY AND / OR TOW DUE TO CRASH,,,Y,"OVER $1,500",10/08/2023 08:05:00 PM,DRIVING ON WRONG SIDE/WRONG WAY,UNABLE TO DETERMINE,2935,N,BROADWAY,1934.0,,,,,,,2,NO INDICATION OF INJURY,0.0,0.0,0.0,0.0,0.0,1.0,0.0,19,1,10,41.9359693204,-87.6441140608,POINT (-87.644114060845 41.935969320448)
b325a9467161dc576bde0ba530fae3d1f89bd8e8a2e30106832dc76977879162268283c7f5f31e98df0a251c4aabd9330df576ac5b434ab6ae2018a8f333156b,,09/14/2016 07:50:00 AM,20,UNKNOWN,UNKNOWN,UNKNOWN,UNKNOWN,SIDESWIPE SAME DIRECTION,NOT DIVIDED,2,STRAIGHT AND LEVEL,UNKNOWN,UNKNOWN,NOT ON SCENE (DESK REPORT),NO INJURY / DRIVE AWAY,,,,"OVER $1,500",09/22/2016 06:31:00 PM,FAILING TO YIELD RIGHT-OF-WAY,NOT APPLICABLE,2059,N,MOBILE AVE,2512.0,,,,,,,2,NO INDICATION OF INJURY,0.0,0.0,0.0,0.0,0.0,3.0,0.0,7,4,9,41.9181844662,-87.782685648,POINT (-87.782685647952 41.918184466152)
77d2aaed6165c86aaa5fa9d51d66219062e7e620ed4e521c108c203aa028d7d0a60a0c643424ab383f225a346d31198b0e95fd441928326ff8888a953e770d73,,03/30/2020 02:00:00 PM,30,NO CONTROLS,NO CONTROLS,CLEAR,DAYLIGHT,REAR END,NOT DIVIDED,,STRAIGHT AND LEVEL,UNKNOWN,NO DEFECTS,NOT ON SCENE (DESK REPORT),NO INJURY / DRIVE AWAY,N,,,"$501 - $1,500",03/30/2020 03:00:00 PM,FOLLOWING TOO CLOSELY,UNABLE TO DETERMINE,635,E,47TH ST,223.0,,,,,,,2,NO INDICATION OF INJURY,0.0,0.0,0.0,0.0,0.0,2.0,0.0,14,2,3,41.8093721912,-87.6101458994,POINT (-87.610145899392 41.809372191241)
2cb04f06ad5b2084e2ba6b03f9ccf33a5fc12b2e22de0ad5d38aa373467e8e86d11c3a4f5aca77495ec9856a045ead43192135718f2de481b9275b41fc6aab11,Y,05/07/2023 08:00:00 PM,30,NO CONTROLS,NO CONTROLS,CLEAR,"DARKNESS, LIGHTED ROAD",PARKED MOTOR VEHICLE,OTHER,,STRAIGHT AND LEVEL,DRY,UNKNOWN,ON SCENE,NO INJURY / DRIVE AWAY,,,Y,"$501 - $1,500",05/07/2023 08:24:00 PM,UNABLE TO DETERMINE,UNABLE TO DETERMINE,3510,S,ASHLAND AVE,912.0,,,,,,,2,NO INDICATION OF INJURY,0.0,0.0,0.0,0.0,0.0,1.0,0.0,20,1,5,41.8301250664,-87.6657058222,POINT (-87.665705822192 41.830125066405)
4da799ad1eedbf0dbc5df9fa54e39c6d779d2d5fffef52ec21e13f2546c0df5a0b812b824070dc2072f895c71844dd514b76b26a4331a0815017e494dfe9aa1e,,04/29/2023 10:30:00 PM,30,STOP SIGN/FLASHER,FUNCTIONING PROPERLY,CLEAR,"DARKNESS, LIGHTED ROAD",ANGLE,NOT DIVIDED,,STRAIGHT AND LEVEL,DRY,NO DEFECTS,NOT ON SCENE (DESK REPORT),NO INJURY / DRIVE AWAY,Y,,Y,"OVER $1,500",04/30/2023 05:45:00 PM,UNABLE TO DETERMINE,UNABLE TO DETERMINE,7200,S,OAKLEY AVE,832.0,,,,,,,2,NO INDICATION OF INJURY,0.0,0.0,0.0,0.0,0.0,2.0,0.0,22,7,4,41.7628160264,-87.6807873871,POINT (-87.680787387097 41.762816026398)
85adc727fd512f3a4e2bf8ba87773f1b220e8faaef219c13b0deb3dd53a92c6c02957faeb4284e39f3d01bf88bd8752bc9579c8f5e7abc5cd4598d0a284082c0,Y,06/20/2025 09:00:00 AM,30,NO CONTROLS,NO CONTROLS,CLEAR,DAYLIGHT,PARKED MOTOR VEHICLE,ONE-WAY,,STRAIGHT AND LEVEL,DRY,NO DEFECTS,NOT ON SCENE (DESK REPORT),NO INJURY / DRIVE AWAY,,,Y,"OVER $1,500",06/20/2025 04:55:00 PM,UNABLE TO DETERMINE,NOT APPLICABLE,2707,W,GLENLAKE AVE,2413.0,,,,,,,2,NO INDICATION OF INJURY,0.0,0.0,0.0,0.0,0.0,1.0,0.0,9,6,6,41.9920962538,-87.6973349669,POINT (-87.69733496692 41.992096253803)
0d2ee59ce28bef717715d9552af63bb8ca5de0ab1a073a6d79298dcc94a05c4282f725d11ac3af5006ba881ed2c3d8037b4e8153b211df4ef70e644aebadb20a,,12/31/2021 01:03:00 AM,30,NO CONTROLS,NO CONTROLS,CLEAR,"DARKNESS, LIGHTED ROAD",PARKED MOTOR VEHICLE,NOT DIVIDED,,STRAIGHT AND LEVEL,DRY,NO DEFECTS,ON SCENE,NO INJURY / DRIVE AWAY,,,Y,"OVER $1,500",12/31/2021 01:03:00 AM,UNABLE TO DETERMINE,NOT APPLICABLE,4011,N,ELSTON AVE,1723.0,,,,,,,2,NO INDICATION OF INJURY,0.0,0.0,0.0,0.0,0.0,1.0,0.0,1,6,12,41.9540346805,-87.7194286344,POINT (-87.719428634393 41.954034680483)