CRASH_RECORD_ID,CRASH_DATE_EST_I,CRASH_DATE,POSTED_SPEED_LIMIT,TRAFFIC_CONTROL_DEVICE,DEVICE_CONDITION,WEATHER_CONDITION,LIGHTING_CONDITION,FIRST_CRASH_TYPE,TRAFFICWAY_TYPE,LANE_CNT,ALIGNMENT,ROADWAY_SURFACE_COND,ROAD_DEFECT,REPORT_TYPE,CRASH_TYPE,INTERSECTION_RELATED_I,NOT_RIGHT_OF_WAY_I,HIT_AND_RUN_I,DAMAGE,DATE_POLICE_NOTIFIED,PRIM_CONTRIBUTORY_CAUSE,SEC_CONTRIBUTORY_CAUSE,STREET_NO,STREET_DIRECTION,STREET_NAME,BEAT_OF_OCCURRENCE,PHOTOS_TAKEN_I,STATEMENTS_TAKEN_I,DOORING_I,WORK_ZONE_I,WORK_ZONE_TYPE,WORKERS_PRESENT_I,NUM_UNITS,MOST_SEVERE_INJURY,INJURIES_TOTAL,INJURIES_FATAL,INJURIES_INCAPACITATING,INJURIES_NON_INCAPACITATING,INJURIES_REPORTED_NOT_EVIDENT,INJURIES_NO_INDICATION,INJURIES_UNKNOWN,CRASH_HOUR,CRASH_DAY_OF_WEEK,CRASH_MONTH,LATITUDE,LONGITUDE,LOCATION
081b1b8c021cf106ebf52d2766f519dd3100235969f8445cb177f8bb54ed94a60821d4d1047526df6f98d836252d10a2f3bb5024a0c000b3bd8198b8fe835cce,,03/21/2024 07:45:00 AM,30,TRAFFIC SIGNAL,FUNCTIONING PROPERLY,CLEAR,DAYLIGHT,REAR END,NOT DIVIDED,,STRAIGHT AND LEVEL,DRY,NO DEFECTS,NOT ON SCENE (DESK REPORT),NO INJURY / DRIVE AWAY,Y,,,"OVER $1,500",03/27/2024 08:37:00 AM,FOLLOWING TOO CLOSELY,NOT APPLICABLE,9468,S,STONY ISLAND AVE,413.0,,,,,,,2,NO INDICATION OF INJURY,0.0,0.0,0.0,0.0,0.0,2.0,0.0,7,5,3,41.7223743623,-87.5852762741,POINT (-87.585276274136 41.722374362261)
7f8b7df051c32b9a58b3a8aba8312e433a8c3926ad3c7df1d2a8e4cd09944cdf2f4689789f31fc725c0746982a9bce4c84671141be257a8af898c131a06edd3c,,10/02/2017 05:05:00 AM,30,TRAFFIC SIGNAL,FUNCTIONING PROPERLY,CLEAR,DAYLIGHT,TURNING,ONE-WAY,4,STRAIGHT AND LEVEL,DRY,NO DEFECTS,NOT ON SCENE (DESK REPORT),NO INJURY / DRIVE AWAY,Y,,,"OVER $1,500",10/02/2017 02:44:00 PM,UNABLE TO DETERMINE,UNABLE TO DETERMINE,98,N,DESPLAINES ST,121.0,,,,,,,2,NO INDICATION OF INJURY,0.0,0.0,0.0,0.0,0.0,2.0,0.0,5,2,10,41.8831294806,-87.6443121295,POINT (-87.644312129538 41.88312948059)
a6c760484501461fb1a08d70d066dc99d8c9a1f5a2614d5aad231f797ceac0567ff3418ea1947a6c1871faad8e9bb3b9f0e5aa70539c059f6bf28a991688695b,,01/05/2018 08:07:00 AM,30,TRAFFIC SIGNAL,FUNCTIONING PROPERLY,CLEAR,DAYLIGHT,REAR END,NOT DIVIDED,,STRAIGHT AND LEVEL,WET,NO DEFECTS,ON SCENE,INJURY AND / OR TOW DUE TO CRASH,N,,,"OVER $1,500",01/05/2018 08:07:00 AM,FOLLOWING TOO CLOSELY,FAILING TO REDUCE SPEED TO AVOID CRASH,3903,S,ROCKWELL ST,921.0,,,,,,,2,"REPORTED, NOT EVIDENT",1.0,0.0,0.0,0.0,1.0,2.0,0.0,8,6,1,41.8227693041,-87.6895808587,POINT (-87.689580858748 41.822769304072)
9175fc35d9a088d725bc98784f2de9d665b7c8ae3b80c3a1ac02591d84ec261f25ab057990c624ac7072fee2eeb099f1f5ceed85b64ce392b65a1cb236b8b221,,05/16/2024 09:45:00 AM,30,TRAFFIC SIGNAL,FUNCTIONING PROPERLY,CLEAR,DAYLIGHT,REAR END,NOT DIVIDED,,STRAIGHT AND LEVEL,DRY,NO DEFECTS,NOT ON SCENE (DESK REPORT),NO INJURY / DRIVE AWAY,,,Y,"OVER $1,500",05/16/2024 11:40:00 AM,UNABLE TO DETERMINE,UNABLE TO DETERMINE,2600,S,SACRAMENTO AVE,1033.0,,,,,,,2,NO INDICATION OF INJURY,0.0,0.0,0.0,0.0,0.0,2.0,0.0,9,5,5,41.8445933149,-87.7002946948,POINT (-87.700294694823 41.844593314867)
ff7b356992751356dfb8f8e3dd4aa29aa017ec61edba0b06cbc7db96ec3d876f12d0306f1a2fb129b616a4b4bb5db8fe6c315e7474c21ea9333dc776eb798784,,10/29/2017 09:32:00 PM,30,TRAFFIC SIGNAL,FUNCTIONING PROPERLY,CLEAR,"DARKNESS, LIGHTED ROAD",REAR END,DIVIDED - W/MEDIAN (NOT RAISED),2,STRAIGHT AND LEVEL,DRY,NO DEFECTS,ON SCENE,INJURY AND / OR TOW DUE TO CRASH,,,,"OVER $1,500",10/29/2017 09:35:00 PM,UNDER THE INFLUENCE OF ALCOHOL/DRUGS (USE WHEN ARREST IS EFFECTED),FAILING TO YIELD RIGHT-OF-WAY,3398,W,LAKE ST,1123.0,,,,,,,3,INCAPACITATING INJURY,6.0,0.0,1.0,5.0,0.0,2.0,0.0,21,1,10,41.8847387441,-87.7109908042,POINT (-87.710990804168 41.884738744121)
5ebb183855e00294f54808bdb8653488b35ffe731e8ea7c6689c5aa4c20afc70728ba5f6dc13ccb09a1091316268d2a30829fbc6dabd0468f65dc94b0b5effbf,,10/03/2025 07:20:00 AM,20,STOP SIGN/FLASHER,FUNCTIONING PROPERLY,CLEAR,DAYLIGHT,PEDESTRIAN,NOT DIVIDED,,STRAIGHT AND LEVEL,DRY,NO DEFECTS,,INJURY AND / OR TOW DUE TO CRASH,,,,"OVER $1,500",10/03/2025 07:30:00 AM,DISREGARDING STOP SIGN,DISREGARDING STOP SIGN,7601,S,CRANDON AVE,414.0,,,,,,,2,INCAPACITATING INJURY,1.0,0.0,1.0,0.0,0.0,1.0,0.0,7,6,10,41.7570569211,-87.5686300046,POINT (-87.568630004557 41.75705692113)
148f371ab9c97501418b0d78523423acd049ba42e6843134a982af0988b7b916f08d998f6a3085a4e2286769609df5b587ef5c0d9ac6403ed22c8799916c78c7,,09/17/2022 06:00:00 AM,35,TRAFFIC SIGNAL,FUNCTIONING PROPERLY,CLEAR,DAWN,REAR END,NOT DIVIDED,,STRAIGHT AND LEVEL,DRY,NO DEFECTS,ON SCENE,INJURY AND / OR TOW DUE TO CRASH,Y,,,"OVER $1,500",09/17/2022 06:40:00 AM,FOLLOWING TOO CLOSELY,DRIVING SKILLS/KNOWLEDGE/EXPERIENCE,8300,S,PULASKI RD,834.0,,,,,,,2,NONINCAPACITATING INJURY,3.0,0.0,0.0,1.0,2.0,1.0,0.0,6,7,9,41.7421305541,-87.7218241003,POINT (-87.72182410033 41.742130554062)
7ce5a0c45bd5e7177aa5f03d360f794daecb0946d564ebb1c88c652087c44567b1650d1509d4ef3e8bc50d8883930318b8d1b0084df45b592df72f7859d78466,,10/24/2024 06:50:00 AM,40,NO CONTROLS,NO CONTROLS,CLEAR,DAYLIGHT,REAR END,OTHER,,STRAIGHT AND LEVEL,DRY,NO DEFECTS,NOT ON SCENE (DESK REPORT),NO INJURY / DRIVE AWAY,,,,"OVER $1,500",10/24/2024 12:20:00 PM,FOLLOWING TOO CLOSELY,FOLLOWING TOO CLOSELY,1200,S,LAKE SHORE DR NB,132.0,,,,,,,2,NO INDICATION OF INJURY,0.0,0.0,0.0,0.0,0.0,2.0,0.0,6,5,10,41.8674842272,-87.6191503834,POINT (-87.619150383382 41.867484227164)
eb8edb068e33de3ac40e6be41f5d63b4eff0cbe84adb35682516bae24d41490173f45c9c797d9d128a280edb0b3cdd2dfba0e5899fb1454b097d2a38b6db1305,,10/08/2021 08:20:00 AM,30,TRAFFIC SIGNAL,FUNCTIONING PROPERLY,CLEAR,DAYLIGHT,ANGLE,NOT DIVIDED,,STRAIGHT AND LEVEL,DRY,NO DEFECTS,NOT ON SCENE (DESK REPORT),NO INJURY / DRIVE AWAY,,,Y,"$501 - $1,500",10/09/2021 08:08:00 AM,FAILING TO YIELD RIGHT-OF-WAY,NOT APPLICABLE,3200,N,KIMBALL AVE,1732.0,,,,,,,2,NO INDICATION OF INJURY,0.0,0.0,0.0,0.0,0.0,2.0,0.0,8,6,10,41.9393196632,-87.7126412851,POINT (-87.712641285082 41.939319663188)
f3e38b0b2cc6704a934d19d5a5b7687129a1e449f8c84c0498526f45671d8d623c532c1fac47b60d635ae0f70e394235e3775d1286ed6ca3836edc3d09452c93,,05/23/2019 04:57:00 PM,30,NO CONTROLS,NO CONTROLS,CLEAR,DAYLIGHT,REAR END,NOT DIVIDED,,STRAIGHT AND LEVEL,DRY,NO DEFECTS,ON SCENE,INJURY AND / OR TOW DUE TO CRASH,,,,"$501 - $1,500",05/23/2019 05:31:00 PM,DISTRACTION - FROM INSIDE VEHICLE,NOT APPLICABLE,456,W,CERMAK RD,914.0,,,,,,,2,NO INDICATION OF INJURY,0.0,0.0,0.0,0.0,0.0,3.0,0.0,16,5,5,41.852894346,-87.6390551853,POINT (-87.639055185342 41.852894346019)
2084c804c11061a5ce964364ebd283c373e951f67958cbca530df09947128ae8b693689d266d9e9bf4a1931eaf818f7ddeb3e04e17b57649739b73e29706694b,,12/16/2015 04:20:00 PM,30,STOP SIGN/FLASHER,FUNCTIONING PROPERLY,CLEAR,DAYLIGHT,REAR END,DIVIDED - W/MEDIAN BARRIER,2,STRAIGHT AND LEVEL,DRY,NO DEFECTS,NOT ON SCENE (DESK REPORT),INJURY AND / OR TOW DUE TO CRASH,Y,,,$500 OR LESS,12/16/2015 05:25:00 PM,"VISION OBSCURED (SIGNS, TREE LIMBS, BUILDINGS, ETC.)",FOLLOWING TOO CLOSELY,3000,S,ARCHER AVE,913.0,,,,,,,2,"REPORTED, NOT EVIDENT",1.0,0.0,0.0,0.0,1.0,1.0,0.0,16,4,12,41.8401445582,-87.661339461,POINT (-87.661339460978 41.840144558215)
9c2765ab5aafbc9eee88b932fa6c36ab30104964bdcba277390a5eac88a95869377ff7052c9ef9c09c9ba17e407e49ce884576ea356799a44d572b665b179c33,,05/13/2021 08:50:00 PM,30,TRAFFIC SIGNAL,FUNCTIONING PROPERLY,CLEAR,"DARKNESS, LIGHTED ROAD",TURNING,FOUR WAY,,STRAIGHT AND LEVEL,DRY,NO DEFECTS,ON SCENE,INJURY AND / OR TOW DUE TO CRASH,Y,,,"OVER $1,500",05/13/2021 08:53:00 PM,FAILING TO YIELD RIGHT-OF-WAY,UNABLE TO DETERMINE,3999,W,MADISON ST,1122.0,,,,,,,2,"REPORTED, NOT EVIDENT",3.0,0.0,0.0,0.0,3.0,3.0,0.0,20,5,5,41.8806196505,-87.7255455347,POINT (-87.725545534701 41.88061965046)
b3803fbd9bf2987e2ae79b6ed62935a9767bb03f9ef1db30d78a6d6400783e2bd8060424b1f749733b99068a8f3bb3dee040ffeb3b70ef3c578f02c70792aea5,,01/31/2023 09:30:00 AM,30,NO CONTROLS,NO CONTROLS,CLEAR,DAYLIGHT,PARKED MOTOR VEHICLE,NOT DIVIDED,,STRAIGHT AND LEVEL,SNOW OR SLUSH,NO DEFECTS,NOT ON SCENE (DESK REPORT),NO INJURY / DRIVE AWAY,,,Y,"OVER $1,500",01/31/2023 02:40:00 PM,UNABLE TO DETERMINE,NOT APPLICABLE,344,W,94TH PL,634.0,,,,,,,2,NO INDICATION OF INJURY,0.0,0.0,0.0,0.0,0.0,1.0,0.0,9,3,1,41.7237950868,-87.6317647403,POINT (-87.631764740315 41.723795086755)
602c811abb634c4bcaec03483f20c362ca0ebaca8c296292fbe9d87f7037d7fce1303bdaf094cf5424672a74adb4bd40f1b2be893d771c0d4614f134eedbc7b7,,06/17/2023 03:27:00 PM,30,STOP SIGN/FLASHER,FUNCTIONING PROPERLY,CLEAR,DAYLIGHT,FIXED OBJECT,DIVIDED - W/MEDIAN (NOT RAISED),,STRAIGHT AND LEVEL,DRY,NO DEFECTS,ON SCENE,INJURY AND / OR TOW DUE TO CRASH,Y,,,"OVER $1,500",06/17/2023 03:27:00 PM,UNABLE TO DETERMINE,NOT APPLICABLE,8501,S,HALSTED ST,622.0,,,,,,,1,FATAL,1.0,1.0,0.0,0.0,0.0,0.0,0.0,15,7,6,41.7396650407,-87.6435778749,POINT (-87.643577874916 41.739665040705)
a7020d3559c69c038b1aa0468c49c8de42f51c61c4d72262044ff92000c7363927bf63c9305a3c571e6ea8f1f8d4f6cfae30cba91b29b465d2edb27a6f249a9c,,08/16/2025 11:30:00 AM,35,NO CONTROLS,NO CONTROLS,CLEAR,DAYLIGHT,PARKED MOTOR VEHICLE,NOT DIVIDED,,STRAIGHT AND LEVEL,DRY,NO DEFECTS,ON SCENE,INJURY AND / OR TOW DUE TO CRASH,,,,"OVER $1,500",08/16/2025 11:38:00 AM,FAILING TO REDUCE SPEED TO AVOID CRASH,FAILING TO REDUCE SPEED TO AVOID CRASH,246,N,CALIFORNIA AVE,1222.0,,,,,,,3,NONINCAPACITATING INJURY,1.0,0.0,0.0,1.0,0.0,0.0,0.0,11,7,8,41.8855602232,-87.6965545963,POINT (-87.696554596312 41.885560223194)
777e2e98b6547c6f144558e50a57d1bfa9c30c9795593962c635edb6a409b1659e53213107d70dbc61d627bb3c51a3f3f7d7e063d012330e4a416974d4d66c97,,08/04/2018 11:10:00 AM,30,NO CONTROLS,NO CONTROLS,CLEAR,DAYLIGHT,ANGLE,NOT DIVIDED,1,STRAIGHT AND LEVEL,DRY,NO DEFECTS,NOT ON SCENE (DESK REPORT),NO INJURY / DRIVE AWAY,,,,"$501 - $1,500",08/09/2018 08:00:00 PM,FAILING TO YIELD RIGHT-OF-WAY,NOT APPLICABLE,4416,W,GEORGE ST,2523.0,,,,,,,2,NO INDICATION OF INJURY,0.0,0.0,0.0,0.0,0.0,2.0,0.0,11,7,8,41.9335891216,-87.7375530698,POINT (-87.737553069801 41.933589121647)
37b87dd54b9e0332e9e4353873a022dc3b0d1afe21c40a8a6cb2c7d312c50530458290ff44a7ae25c969a4aeaca507c879a37fc8f464b4290bf517c30a9fc252,,02/02/2022 01:45:00 PM,30,TRAFFIC SIGNAL,FUNCTIONING PROPERLY,SNOW,DAYLIGHT,TURNING,FOUR WAY,,STRAIGHT AND LEVEL,SNOW OR SLUSH,NO DEFECTS,,INJURY AND / OR TOW DUE TO CRASH,Y,,,"OVER $1,500",02/02/2022 05:06:00 PM,IMPROPER TURNING/NO SIGNAL,NOT APPLICABLE,7900,S,JEFFERY BLVD,414.0,,,,,,,2,NONINCAPACITATING INJURY,1.0,0.0,0.0,1.0,0.0,1.0,0.0,13,4,2,41.7515129841,-87.5761257653,POINT (-87.576125765304 41.751512984098)
15cf72f1d4496f7a3e34aa13add7351ec6d859f74ba744c05cf3ca912e974ed5aee00976033159d11594056a3c1187a3367e689e4bfdc910b2b4824a5ef97241,,07/19/2022 01:30:00 PM,30,NO CONTROLS,NO CONTROLS,CLEAR,DAYLIGHT,ANGLE,NOT DIVIDED,,STRAIGHT AND LEVEL,DRY,NO DEFECTS,NOT ON SCENE (DESK REPORT),NO INJURY / DRIVE AWAY,,,,"OVER $1,500",07/19/2022 06:00:00 PM,UNABLE TO DETERMINE,NOT APPLICABLE,4220,N,SHERIDAN RD,1915.0,,,,,,,2,NO INDICATION OF INJURY,0.0,0.0,0.0,0.0,0.0,2.0,0.0,13,3,7,41.9590505456,-87.6548208381,POINT (-87.654820838106 41.959050545599)
0231ba5da7289504c3717a10553fb93847eceb60276ad7d0a9964202b3eb75d639dfa1b1d1bf3febd0d1ba051737afd41f9b0c469ef27a32a2d437888d453d9e,,06/14/2024 05:20:00 PM,30,NO CONTROLS,NO CONTROLS,CLEAR,DAYLIGHT,REAR END,NOT DIVIDED,,STRAIGHT AND LEVEL,DRY,NO DEFECTS,NOT ON SCENE (DESK REPORT),NO INJURY / DRIVE AWAY,,,,"OVER $1,500",06/14/2024 05:50:00 PM,FOLLOWING TOO CLOSELY,NOT APPLICABLE,422,W,BELMONT AVE,1925.0,,,,,,,2,NO INDICATION OF INJURY,0.0,0.0,0.0,0.0,0.0,2.0,0.0,17,6,6,41.9402114722,-87.6405314897,POINT (-87.640531489674 41.940211472163)
1856a6b9d9e0cd435aeca9edb48cb6c8ce0ab6da45983f6d8dc336edcb9b20542fc77b2ccc1c20684989aa0103c83e8b87d332ee7b4e3131bac01816784d2439,,06/16/2023 04:10:00 PM,30,NO CONTROLS,NO CONTROLS,CLEAR,DAYLIGHT,PEDESTRIAN,NOT DIVIDED,,STRAIGHT AND LEVEL,DRY,NO DEFECTS,ON SCENE,INJURY AND / OR TOW DUE TO CRASH,,,Y,$500 OR LESS,06/16/2023 04:13:00 PM,DRIVING ON WRONG SIDE/WRONG WAY,NOT APPLICABLE,2657,E,93RD ST,423.0,,,,,,,2,INCAPACITATING INJURY,1.0,0.0,1.0,0.0,0.0,1.0,0.0,16,6,6,41.7262192809,-87.5585550414,POINT (-87.558555041362 41.726219280887)
ebd701ffc2f831f9e0815efed9b32acdd9b12cdafed59d502e45b920793f54fc9daa607e37a2c3eb076dd0e40af9165fe1d5a70e7b843b20d1ee12134bd35216,,04/19/2023 10:30:00 AM,30,TRAFFIC SIGNAL,FUNCTIONING PROPERLY,CLEAR,DAYLIGHT,REAR TO FRONT,FOUR WAY,,STRAIGHT AND LEVEL,DRY,NO DEFECTS,ON SCENE,INJURY AND / OR TOW DUE TO CRASH,Y,,,"OVER $1,500",04/19/2023 11:15:00 AM,FOLLOWING TOO CLOSELY,UNABLE TO DETERMINE,5458,S,WESTERN AVE,824.0,,,,,,,3,NONINCAPACITATING INJURY,1.0,0.0,0.0,1.0,0.0,2.0,0.0,10,4,4,41.7939429278,-87.6841899691,POINT (-87.684189969085 41.793942927846)
5f198f61c71a70b301743467b70fdaf79ebb8413506720701171c390ac97a8bc3905140529a7d82eedef7b4beabd6081036bd59f415abc83133a363545c7ebe0,,10/10/2023 06:59:00 AM,30,UNKNOWN,UNKNOWN,CLEAR,DAYLIGHT,SIDESWIPE SAME DIRECTION,DIVIDED - W/MEDIAN BARRIER,,STRAIGHT AND LEVEL,DRY,NO DEFECTS,NOT ON SCENE (DESK REPORT),NO INJURY / DRIVE AWAY,,,Y,"$501 - $1,500",10/10/2023 01:30:00 PM,UNABLE TO DETERMINE,UNABLE TO DETERMINE,45,E,LOWER WACKER DR,111.0,,,,,,,2,NO INDICATION OF INJURY,0.0,0.0,0.0,0.0,0.0,2.0,0.0,6,3,10,41.8870038239,-87.6261932909,POINT (-87.626193290939 41.887003823878)
dfc3fa801c40f8ceb54272d6bbc2f7618685f317908bc23d2783c4cd161f74219d1aaa6136afb62328267539263536f55ced3cd1c9d3261104a93c5abd72583f,,02/20/2018 08:20:00 AM,30,STOP SIGN/FLASHER,FUNCTIONING PROPERLY,RAIN,DAYLIGHT,ANGLE,NOT DIVIDED,4,STRAIGHT AND LEVEL,WET,NO DEFECTS,ON SCENE,INJURY AND / OR TOW DUE TO CRASH,Y,Y,,"OVER $1,500",02/20/2018 08:21:00 AM,FAILING TO YIELD RIGHT-OF-WAY,NOT APPLICABLE,3954,S,ARCHER AVE,921.0,,,,,,,2,INCAPACITATING INJURY,2.0,0.0,1.0,1.0,0.0,1.0,0.0,8,3,2,41.8218284912,-87.6918571553,POINT (-87.691857155277 41.821828491207)
6eadad5cbe2183d18a058cfd7aa78c1c85651bf5500344156c97d8698d565d88dc51b679fc19aeec693682b149da0919426399b0a68d8149034bf2639cb77431,,06/15/2020 06:53:00 PM,30,NO CONTROLS,NO CONTROLS,CLEAR,DAYLIGHT,SIDESWIPE SAME DIRECTION,ONE-WAY,,STRAIGHT AND LEVEL,DRY,NO DEFECTS,ON SCENE,INJURY AND / OR TOW DUE TO CRASH,,,,"$501 - $1,500",06/15/2020 06:53:00 PM,FAILING TO REDUCE SPEED TO AVOID CRASH,FOLLOWING TOO CLOSELY,813,N,RIDGEWAY AVE,1112.0,,Y,,,,,4,NO INDICATION OF INJURY,0.0,0.0,0.0,0.0,0.0,7.0,0.0,18,2,6,41.8958594922,-87.7198402668,POINT (-87.719840266785 41.895859492245)
e567afbb2adae2d4d99812d2345464810afb8a4ba6194a602e2de3677d6c2352eefc133801ce80313bf2f1528bb869d6e087721429818d75b3a0f403973b3afe,,08/08/2022 09:52:00 PM,15,NO CONTROLS,NO CONTROLS,CLEAR,DAWN,REAR END,PARKING LOT,,STRAIGHT AND LEVEL,DRY,NO DEFECTS,NOT ON SCENE (DESK REPORT),NO INJURY / DRIVE AWAY,,,,"OVER $1,500",08/10/2022 01:30:00 PM,UNABLE TO DETERMINE,NOT APPLICABLE,1942,W,FULLERTON AVE,1432.0,,,,,,,2,NO INDICATION OF INJURY,0.0,0.0,0.0,0.0,0.0,2.0,0.0,21,2,8,41.9251419596,-87.6774247157,POINT (-87.677424715705 41.925141959594)
0efe9d74773d6ece7309e55f5763ce461e2a31e22be9d9f469795502aa8ea961fd0c927836b801d5bd46896fb0311cfef80dc56f07c12cf423f9ea4d35377c65,,07/26/2019 11:45:00 PM,30,TRAFFIC SIGNAL,FUNCTIONING PROPERLY,UNKNOWN,"DARKNESS, LIGHTED ROAD",PEDESTRIAN,DIVIDED - W/MEDIAN (NOT RAISED),,STRAIGHT AND LEVEL,DRY,NO DEFECTS,ON SCENE,INJURY AND / OR TOW DUE TO CRASH,Y,,,"OVER $1,500",07/26/2019 11:47:00 PM,UNABLE TO DETERMINE,NOT APPLICABLE,4340,N,KEYSTONE AVE,1722.0,,,,,,,2,INCAPACITATING INJURY,1.0,0.0,1.0,0.0,0.0,1.0,0.0,23,6,7,41.9602714802,-87.7295521221,POINT (-87.729552122092 41.960271480233)
941a39acc524799d4ee8371879f8a689c8a172ac6d5189559d8397c97244b537f25475998a44e5ce0a233d1f56ba1a923ba0f964edc57ee1a4f4de801486ce05,,01/12/2019 02:50:00 PM,30,STOP SIGN/FLASHER,NO CONTROLS,SNOW,DAYLIGHT,REAR END,DIVIDED - W/MEDIAN (NOT RAISED),,STRAIGHT AND LEVEL,DRY,NO DEFECTS,NOT ON SCENE (DESK REPORT),NO INJURY / DRIVE AWAY,,,,"$501 - $1,500",01/12/2019 03:00:00 PM,UNABLE TO DETERMINE,UNABLE TO DETERMINE,7230,W,SCHOOL ST,1631.0,,,,,,,2,NO INDICATION OF INJURY,0.0,0.0,0.0,0.0,0.0,2.0,0.0,14,7,1,41.9398997336,-87.8079626994,POINT (-87.807962699367 41.939899733579)
77d78be6301d8d857076661cef4fdfa164d28ac711b7ecaea7641a6a3d2cef70898e302c07fcea46359dd20351d7a5dc97287d9110d348acb03aae6892818c85,,05/14/2025 01:30:00 PM,30,TRAFFIC SIGNAL,FUNCTIONING PROPERLY,CLEAR,DAYLIGHT,REAR END,NOT DIVIDED,,STRAIGHT AND LEVEL,DRY,NO DEFECTS,NOT ON SCENE (DESK REPORT),NO INJURY / DRIVE AWAY,Y,,,"OVER $1,500",05/14/2025 03:40:00 PM,FOLLOWING TOO CLOSELY,NOT APPLICABLE,4368,S,ARCHER AVE,821.0,,,,,,,2,NO INDICATION OF INJURY,0.0,0.0,0.0,0.0,0.0,2.0,0.0,13,4,5,41.8140912834,-87.7044770094,POINT (-87.704477009407 41.814091283416)
984910719dcea3b3474910a633e5fcf023136e9a64044edba759f531580699133fa47e5854d7f8979bdcb294cece3e4c37d9e1ccda2ff48a22a6e8f64c7be78b,,09/12/2024 08:00:00 PM,10,NO CONTROLS,NO CONTROLS,UNKNOWN,UNKNOWN,PARKED MOTOR VEHICLE,PARKING LOT,,STRAIGHT AND LEVEL,UNKNOWN,UNKNOWN,NOT ON SCENE (DESK REPORT),NO INJURY / DRIVE AWAY,,Y,Y,"OVER $1,500",09/15/2024 07:00:00 PM,UNABLE TO DETERMINE,NOT APPLICABLE,3510,S,PULASKI RD,1031.0,,,,,,,2,NO INDICATION OF INJURY,0.0,0.0,0.0,0.0,0.0,1.0,0.0,20,5,9,41.8299574781,-87.7243462801,POINT (-87.724346280149 41.829957478149)
1fd9e0a2fe159c3c874a7788521f0f6dc9fc212a1c97d097004087a2ecda8f0a80fd447f5fd403ba89e88a11ed86531b3b22caa87fb59a5d09596451301595e5,,02/17/2017 01:00:00 PM,30,TRAFFIC SIGNAL,FUNCTIONING PROPERLY,CLEAR,DAYLIGHT,SIDESWIPE SAME DIRECTION,DIVIDED - W/MEDIAN (NOT RAISED),4,STRAIGHT AND LEVEL,DRY,NO DEFECTS,NOT ON SCENE (DESK REPORT),NO INJURY / DRIVE AWAY,,,,"OVER $1,500",02/18/2017 08:50:00 AM,FAILING TO YIELD RIGHT-OF-WAY,FAILING TO YIELD RIGHT-OF-WAY,100,S,WACKER DR,122.0,,,,,,,2,NO INDICATION OF INJURY,0.0,0.0,0.0,0.0,0.0,2.0,0.0,13,6,2,41.8805570251,-87.6371317761,POINT (-87.637131776108 41.880557025143)
d49943857df4c9fc2806b6d2c2fd8e2c42217f3d159df890d2dc2f0570e9ee78c8cdc9d62c519a466d800d9906a31c3898b70da78ff9ad9ff6c4acca249d1129,,06/25/2016 01:39:00 AM,25,NO CONTROLS,NO CONTROLS,CLEAR,"DARKNESS, LIGHTED ROAD",REAR END,NOT DIVIDED,4,STRAIGHT AND LEVEL,DRY,NO DEFECTS,NOT ON SCENE (DESK REPORT),NO INJURY / DRIVE AWAY,,,,"$501 - $1,500",06/25/2016 02:10:00 AM,UNABLE TO DETERMINE,UNABLE TO DETERMINE,501,N,STATE ST,1834.0,,,,,,,2,NO INDICATION OF INJURY,0.0,0.0,0.0,0.0,0.0,2.0,0.0,1,7,6,41.8909088517,-87.6278923981,POINT (-87.627892398119 41.890908851708)
89d56e3e66fd990ff9fd00245607868cebf171c0bf442c1a587a72071bd91f641a2e072d5ff40215627f419dac02ead2c1e8cccf4aa0461d6ad4fc98f238771d,,03/11/2021 09:55:00 PM,30,STOP SIGN/FLASHER,UNKNOWN,CLEAR,"DARKNESS, LIGHTED ROAD",TURNING,NOT DIVIDED,,STRAIGHT AND LEVEL,UNKNOWN,UNKNOWN,NOT ON SCENE (DESK REPORT),NO INJURY / DRIVE AWAY,Y,,,"OVER $1,500",03/11/2021 10:40:00 PM,UNABLE TO DETERMINE,NOT APPLICABLE,3547,N,PINE GROVE AVE,1925.0,,,,,,,2,NO INDICATION OF INJURY,0.0,0.0,0.0,0.0,0.0,2.0,0.0,21,5,3,41.947410419,-87.6450734293,POINT (-87.645073429327 41.947410418986)
cf754219241f61de21a305f494ea31b7e7a1afeac5b5e7b12970b1932df2fac4a34327c5c76eae8ea22e56eb15a93a904d296b61547a7ea8452a9d1457dc9285,,08/05/2025 01:00:00 PM,10,STOP SIGN/FLASHER,FUNCTIONING PROPERLY,CLEAR,DAYLIGHT,ANGLE,PARKING LOT,,STRAIGHT AND LEVEL,DRY,NO DEFECTS,NOT ON SCENE (DESK REPORT),NO INJURY / DRIVE AWAY,,Y,,"OVER $1,500",08/05/2025 02:35:00 PM,UNABLE TO DETERMINE,UNABLE TO DETERMINE,6420,W,FULLERTON AVE,2512.0,,,,,,,2,NO INDICATION OF INJURY,0.0,0.0,0.0,0.0,0.0,2.0,0.0,13,3,8,41.9237817967,-87.7862536744,POINT (-87.786253674433 41.92378179667)