CRASH_RECORD_ID,CRASH_DATE_EST_I,CRASH_DATE,POSTED_SPEED_LIMIT,TRAFFIC_CONTROL_DEVICE,DEVICE_CONDITION,WEATHER_CONDITION,LIGHTING_CONDITION,FIRST_CRASH_TYPE,TRAFFICWAY_TYPE,LANE_CNT,ALIGNMENT,ROADWAY_SURFACE_COND,ROAD_DEFECT,REPORT_TYPE,CRASH_TYPE,INTERSECTION_RELATED_I,NOT_RIGHT_OF_WAY_I,HIT_AND_RUN_I,DAMAGE,DATE_POLICE_NOTIFIED,PRIM_CONTRIBUTORY_CAUSE,SEC_CONTRIBUTORY_CAUSE,STREET_NO,STREET_DIRECTION,STREET_NAME,BEAT_OF_OCCURRENCE,PHOTOS_TAKEN_I,STATEMENTS_TAKEN_I,DOORING_I,WORK_ZONE_I,WORK_ZONE_TYPE,WORKERS_PRESENT_I,NUM_UNITS,MOST_SEVERE_INJURY,INJURIES_TOTAL,INJURIES_FATAL,INJURIES_INCAPACITATING,INJURIES_NON_INCAPACITATING,INJURIES_REPORTED_NOT_EVIDENT,INJURIES_NO_INDICATION,INJURIES_UNKNOWN,CRASH_HOUR,CRASH_DAY_OF_WEEK,CRASH_MONTH,LATITUDE,LONGITUDE,LOCATION
0a8537e4a81f9c46f4d9a5e397f9b7b278564d9f7abe1bcd4012f3a985061f28931673d62153a7fbefdb4a80a70bb519649a79f8665610196e537808640c829e,,07/18/2025 12:30:00 PM,30,TRAFFIC SIGNAL,FUNCTIONING PROPERLY,CLEAR,DAYLIGHT,SIDESWIPE SAME DIRECTION,DIVIDED - W/MEDIAN (NOT RAISED),,STRAIGHT AND LEVEL,DRY,NO DEFECTS,NOT ON SCENE (DESK REPORT),NO INJURY / DRIVE AWAY,,,,"OVER $1,500",07/18/2025 05:00:00 PM,UNABLE TO DETERMINE,NOT APPLICABLE,1547,W,47TH ST,933.0,,,,,,,2,NO INDICATION OF INJURY,0.0,0.0,0.0,0.0,0.0,2.0,0.0,12,6,7,41.8085023905,-87.6643616925,POINT (-87.66436169255 41.8085023905)
a1b9c01d6f07d9a2fad9699960307bd5975712535f63ba865c02f8a39a443c80202197e6f89895bb49875bcde3a9a6271cefef6e02e47f3e0b47b05a95d86a15,,11/01/2023 08:00:00 AM,30,NO CONTROLS,NO CONTROLS,CLEAR,DAWN,REAR END,NOT DIVIDED,,STRAIGHT AND LEVEL,DRY,NO DEFECTS,NOT ON SCENE (DESK REPORT),NO INJURY / DRIVE AWAY,,,,"OVER $1,500",11/01/2023 08:45:00 AM,FOLLOWING TOO CLOSELY,FAILING TO REDUCE SPEED TO AVOID CRASH,1232,W,NORTH AVE,1433.0,,,,,,,2,NO INDICATION OF INJURY,0.0,0.0,0.0,0.0,0.0,2.0,0.0,8,4,11,41.910875544,-87.6582782399,POINT (-87.658278239858 41.910875543991)
8fbb9d40b001cda284063053fed50bc837e077db9be8ddaa79909df8fb94a38974c7d57bd017f3e08c3946eee4f515de0a99a98780242c5823c77845ed31e9b6,,07/28/2023 02:30:00 PM,15,NO CONTROLS,NO CONTROLS,CLEAR,DAYLIGHT,PARKED MOTOR VEHICLE,PARKING LOT,,STRAIGHT AND LEVEL,DRY,NO DEFECTS,NOT ON SCENE (DESK REPORT),NO INJURY / DRIVE AWAY,,,Y,"OVER $1,500",07/28/2023 08:45:00 PM,UNABLE TO DETERMINE,UNABLE TO DETERMINE,5201,W,MADISON ST,1522.0,,,,,,,2,NO INDICATION OF INJURY,0.0,0.0,0.0,0.0,0.0,2.0,0.0,14,6,7,41.8802612545,-87.7551249799,POINT (-87.755124979873 41.880261254492)
f5263d6c37bd51630ca807639eeb392fa4885a2dfff32e2bf329acabb045bd26bf22a456e4b0b2b504a74b17ff2ff6a1d000bfb7a07111af336442b01219d74f,,06/30/2024 11:40:00 AM,25,NO CONTROLS,NO CONTROLS,CLEAR,DAYLIGHT,PARKED MOTOR VEHICLE,NOT DIVIDED,,STRAIGHT AND LEVEL,DRY,NO DEFECTS,NOT ON SCENE (DESK REPORT),NO INJURY / DRIVE AWAY,,,Y,"OVER $1,500",07/04/2024 09:16:00 AM,DRIVING ON WRONG SIDE/WRONG WAY,UNABLE TO DETERMINE,6620,S,UNION AVE,723.0,,,,,,,2,NO INDICATION OF INJURY,0.0,0.0,0.0,0.0,0.0,1.0,0.0,11,1,6,41.7736491767,-87.6427926504,POINT (-87.642792650407 41.773649176688)
3e6acb415e944615778a05bc0ee66d204aaeda07c9f3f1d05137f495341bebf9c457eeb12140e9585c9faf849db4ceb17e46633bfb4805996df99682b9b33054,,07/09/2023 01:30:00 AM,30,TRAFFIC SIGNAL,UNKNOWN,RAIN,"DARKNESS, LIGHTED ROAD",TURNING,FOUR WAY,,STRAIGHT AND LEVEL,WET,UNKNOWN,NOT ON SCENE (DESK REPORT),NO INJURY / DRIVE AWAY,Y,,Y,"OVER $1,500",07/11/2023 09:00:00 PM,UNABLE TO DETERMINE,UNABLE TO DETERMINE,3949,W,71ST ST,833.0,,,,,,,2,NO INDICATION OF INJURY,0.0,0.0,0.0,0.0,0.0,5.0,0.0,1,1,7,41.7639936646,-87.7220803637,POINT (-87.722080363682 41.763993664614)
6d8a91d433b1a09a7015027266fbe02390ac43b8f4cf8e7e3d3d825c3135285ebaa8a951f2006cdef6aa521b5fed43e7d4843805ee0dffc93a9ec061e814df37,,12/29/2018 05:30:00 PM,30,NO CONTROLS,NO CONTROLS,SNOW,"DARKNESS, LIGHTED ROAD",REAR END,NOT DIVIDED,,STRAIGHT AND LEVEL,SNOW OR SLUSH,NO DEFECTS,NOT ON SCENE (DESK REPORT),NO INJURY / DRIVE AWAY,,,,"$501 - $1,500",12/29/2018 06:09:00 PM,UNABLE TO DETERMINE,UNABLE TO DETERMINE,628,N,DEARBORN ST,1832.0,,,,,,,2,NO INDICATION OF INJURY,0.0,0.0,0.0,0.0,0.0,2.0,0.0,17,7,12,41.8932075351,-87.6298422078,POINT (-87.62984220776 41.893207535146)
6bb993482f814fbcfff7b33d17a6d8be712c90f66dda6399a9b30c4fb34da6a1dcf9723bddf50d12f5a8d0c830dc31ecca37b84bb70ae9d785f8e0a390d4979b,,09/02/2022 04:46:00 PM,30,TRAFFIC SIGNAL,FUNCTIONING PROPERLY,CLEAR,DAYLIGHT,TURNING,FOUR WAY,,STRAIGHT AND LEVEL,DRY,NO DEFECTS,ON SCENE,NO INJURY / DRIVE AWAY,Y,,,"$501 - $1,500",09/02/2022 06:30:00 PM,UNABLE TO DETERMINE,NOT APPLICABLE,4400,N,ASHLAND AVE,1912.0,,,,,,,2,NO INDICATION OF INJURY,0.0,0.0,0.0,0.0,0.0,2.0,0.0,16,6,9,41.9616790904,-87.6694091294,POINT (-87.669409129418 41.961679090404)
236bd333c693e6f3e48d907c962165816473f5a32fc71ee093c95ad5915b3d392a93c5ff324b82dbdca67035b9736f46e09c234dd55269ce2248f5291f722e62,,05/24/2018 09:30:00 AM,30,TRAFFIC SIGNAL,FUNCTIONING PROPERLY,CLEAR,DAYLIGHT,SIDESWIPE SAME DIRECTION,NOT DIVIDED,4,STRAIGHT AND LEVEL,DRY,NO DEFECTS,NOT ON SCENE (DESK REPORT),NO INJURY / DRIVE AWAY,Y,,Y,"$501 - $1,500",05/24/2018 10:55:00 AM,UNABLE TO DETERMINE,UNABLE TO DETERMINE,1200,W,HOLLYWOOD AVE,2013.0,,,,,,,2,NO INDICATION OF INJURY,0.0,0.0,0.0,0.0,0.0,2.0,0.0,9,5,5,41.9855760454,-87.6601764914,POINT (-87.660176491432 41.985576045424)
06c6ea2a4c32deb71f5ab3a23650ff23a35422987947c7c8b14e64c0eda11572442543ed623141eded832048ae930aa3c1ad5ef5310e65cc96abcc4c56e686ef,,07/27/2020 11:40:00 PM,30,TRAFFIC SIGNAL,UNKNOWN,CLEAR,DARKNESS,TURNING,FOUR WAY,,STRAIGHT AND LEVEL,UNKNOWN,UNKNOWN,NOT ON SCENE (DESK REPORT),NO INJURY / DRIVE AWAY,Y,,Y,"OVER $1,500",07/28/2020 12:20:00 AM,IMPROPER LANE USAGE,IMPROPER TURNING/NO SIGNAL,6300,S,ASHLAND AVE,725.0,,,,,,,2,NO INDICATION OF INJURY,0.0,0.0,0.0,0.0,0.0,4.0,0.0,23,2,7,41.7793722205,-87.6643653474,POINT (-87.664365347416 41.779372220485)
348d158f7537c97d8fce46b085255e19153ea9cc3554f825cd7fb7405c05de5ca16a708f140fb38c9c50c24f126fe70784566997407133a7ae6c356b5d5fb665,,07/20/2020 09:00:00 AM,30,TRAFFIC SIGNAL,FUNCTIONING PROPERLY,CLEAR,DAYLIGHT,REAR END,NOT DIVIDED,,STRAIGHT AND LEVEL,DRY,UNKNOWN,NOT ON SCENE (DESK REPORT),NO INJURY / DRIVE AWAY,,,,"$501 - $1,500",07/20/2020 11:00:00 AM,UNABLE TO DETERMINE,NOT APPLICABLE,1930,W,ADDISON ST,1922.0,,,,,,,2,NO INDICATION OF INJURY,0.0,0.0,0.0,0.0,0.0,2.0,0.0,9,2,7,41.9469891461,-87.6773809513,POINT (-87.677380951309 41.946989146134)
45bcd67d42dbf5f627d30f3e151fd52ebc5c78e02f3f92faf2edd2c65e7c1d08349bda9b58e6ce96c1fb20a0393dffa5f001fab138f94eabe8634e62d1493756,,10/07/2025 03:30:00 PM,30,NO CONTROLS,NO CONTROLS,CLEAR,DAYLIGHT,PARKED MOTOR VEHICLE,ONE-WAY,,STRAIGHT AND LEVEL,DRY,NO DEFECTS,NOT ON SCENE (DESK REPORT),NO INJURY / DRIVE AWAY,,,,"OVER $1,500",10/07/2025 04:00:00 PM,UNABLE TO DETERMINE,NOT APPLICABLE,9251,S,THROOP ST,2222.0,,,,,,,2,NO INDICATION OF INJURY,0.0,0.0,0.0,0.0,0.0,1.0,0.0,15,3,10,41.7252782384,-87.6553308128,POINT (-87.655330812797 41.725278238429)
72f16f20050d7ec760eced771c913112ea37934a6729ce0a0d5c49f936d8977ef7578b41b1abe401d8b6a9d1e968db35f06e5d5cc9cedbb84d4759b352ac68e7,,07/14/2016 07:04:00 AM,0,TRAFFIC SIGNAL,FUNCTIONING PROPERLY,CLEAR,DAYLIGHT,SIDESWIPE SAME DIRECTION,NOT DIVIDED,2,STRAIGHT AND LEVEL,DRY,NO DEFECTS,NOT ON SCENE (DESK REPORT),NO INJURY / DRIVE AWAY,,,,"$501 - $1,500",07/14/2016 07:40:00 AM,FAILING TO YIELD RIGHT-OF-WAY,NOT APPLICABLE,1055,W,BRYN MAWR AVE,2023.0,,,,,,,2,NO INDICATION OF INJURY,0.0,0.0,0.0,0.0,0.0,3.0,0.0,7,5,7,41.9835594258,-87.6573820241,POINT (-87.657382024073 41.983559425774)
acd9c79f46940af6ce6fefbc873737891e8a00f6d2578f22f5c20f8bfcae56117011ea9c49363385f689ad5edd407b35b12c54ea7773a6e7d2a721204947ec02,,03/12/2021 01:49:00 PM,30,NO CONTROLS,NO CONTROLS,CLEAR,DAYLIGHT,SIDESWIPE SAME DIRECTION,DIVIDED - W/MEDIAN (NOT RAISED),,STRAIGHT AND LEVEL,DRY,NO DEFECTS,NOT ON SCENE (DESK REPORT),NO INJURY / DRIVE AWAY,,,,"$501 - $1,500",03/13/2021 07:14:00 AM,UNABLE TO DETERMINE,UNABLE TO DETERMINE,5248,S,LAKE PARK AVE,234.0,,,,,,,2,NO INDICATION OF INJURY,0.0,0.0,0.0,0.0,0.0,2.0,0.0,13,6,3,41.79963063,-87.5874543398,POINT (-87.587454339824 41.799630629961)
e6819ba6fbbb7f9b64050ea7a32de9c056e2a14ed9ab1e284028ab95ab83d951aec8011b2c6ac0f90f37cb64b7535c67b8148e704e118507a9644b4230160fea,,04/17/2023 05:30:00 PM,35,NO CONTROLS,NO CONTROLS,CLEAR,DAYLIGHT,SIDESWIPE SAME DIRECTION,NOT DIVIDED,,STRAIGHT AND LEVEL,DRY,NO DEFECTS,NOT ON SCENE (DESK REPORT),NO INJURY / DRIVE AWAY,,,,$500 OR LESS,04/17/2023 07:00:00 PM,IMPROPER LANE USAGE,UNABLE TO DETERMINE,1450,N,ASHLAND AVE,1433.0,,,,,,,2,NO INDICATION OF INJURY,0.0,0.0,0.0,0.0,0.0,2.0,0.0,17,2,4,41.908377716,-87.6677731892,POINT (-87.667773189178 41.908377715963)
02d72744cf0cd240e7a4d1fda95f88924c993b2adff152d1972fee98cba98a2d68f4089bfbfbb1f0509a9509b589755538cd8ac62b472b41b18e17f65af7a43f,,07/29/2017 02:41:00 PM,30,NO CONTROLS,NO CONTROLS,CLEAR,DAYLIGHT,PARKED MOTOR VEHICLE,NOT DIVIDED,2,STRAIGHT AND LEVEL,DRY,NO DEFECTS,NOT ON SCENE (DESK REPORT),NO INJURY / DRIVE AWAY,,,,"$501 - $1,500",08/03/2017 07:45:00 PM,UNABLE TO DETERMINE,UNABLE TO DETERMINE,2236,W,CHICAGO AVE,1212.0,Y,,,,,,2,NO INDICATION OF INJURY,0.0,0.0,0.0,0.0,0.0,3.0,0.0,14,7,7,41.8959111614,-87.6834420095,POINT (-87.683442009477 41.895911161371)
4fee43939421fe30c4929c83e37493c387e8a565470cc3a682b672570a0c7a8d4d85f40988829e992586496554bc9c1d6e636e2d64745d1d851562781c39aa18,,03/27/2024 11:52:00 PM,20,NO CONTROLS,NO CONTROLS,CLEAR,"DARKNESS, LIGHTED ROAD",PARKED MOTOR VEHICLE,NOT DIVIDED,,STRAIGHT AND LEVEL,DRY,UNKNOWN,ON SCENE,NO INJURY / DRIVE AWAY,,,Y,"OVER $1,500",03/28/2024 12:42:00 AM,NOT APPLICABLE,NOT APPLICABLE,1920,W,LOYOLA AVE,2412.0,,,,,,,2,NO INDICATION OF INJURY,0.0,0.0,0.0,0.0,0.0,1.0,0.0,23,4,3,42.0004523382,-87.6787935119,POINT (-87.678793511943 42.000452338237)
7dfec03236e853bf9a94fd3ae69290548b2f2da7b9b3f5dc3ee3f4b37697a2c95ed2bdb7fcab9e014574d7ce138ea4545d87416c709affd03f9b3b361ab0f039,,05/21/2021 09:09:00 PM,30,UNKNOWN,FUNCTIONING PROPERLY,CLEAR,"DARKNESS, LIGHTED ROAD",PARKED MOTOR VEHICLE,UNKNOWN INTERSECTION TYPE,,STRAIGHT AND LEVEL,DRY,NO DEFECTS,ON SCENE,NO INJURY / DRIVE AWAY,,,,"OVER $1,500",05/21/2021 09:09:00 PM,UNABLE TO DETERMINE,NOT APPLICABLE,141,N,JEFFERSON ST,121.0,,Y,,,,,2,NO INDICATION OF INJURY,0.0,0.0,0.0,0.0,0.0,1.0,0.0,21,6,5,41.8843721361,-87.6425852468,POINT (-87.6425852468 41.884372136115)
8ebec39c89596569789d8d0ebc2fff37f45220a6a5c9a4a82fa0f71503794150b1414902d3431ccdbfc53165dd0f7beee868c5460923043655483818dcb4bf80,,12/15/2018 02:00:00 AM,35,STOP SIGN/FLASHER,FUNCTIONING PROPERLY,FOG/SMOKE/HAZE,"DARKNESS, LIGHTED ROAD",ANGLE,NOT DIVIDED,4,STRAIGHT AND LEVEL,DRY,NO DEFECTS,ON SCENE,INJURY AND / OR TOW DUE TO CRASH,Y,,,"OVER $1,500",12/15/2018 02:07:00 AM,FAILING TO YIELD RIGHT-OF-WAY,NOT APPLICABLE,2700,W,CHICAGO AVE,1211.0,,,,,,,2,INCAPACITATING INJURY,2.0,0.0,1.0,0.0,1.0,0.0,0.0,2,7,12,41.8957776205,-87.6943004376,POINT (-87.694300437575 41.895777620535)
72d0f75b7dfdac008a900b91d541fc6547fdce5232c48a21c7d3acee09027089a9fdaa93bee4658379e427a6261e3a52975bc22e583ce1d61421984e35ed2322,,01/07/2019 05:20:00 PM,30,TRAFFIC SIGNAL,FUNCTIONING PROPERLY,RAIN,"DARKNESS, LIGHTED ROAD",SIDESWIPE SAME DIRECTION,DIVIDED - W/MEDIAN BARRIER,4,STRAIGHT AND LEVEL,WET,NO DEFECTS,ON SCENE,NO INJURY / DRIVE AWAY,,,Y,"OVER $1,500",01/07/2019 05:30:00 PM,IMPROPER LANE USAGE,"OPERATING VEHICLE IN ERRATIC, RECKLESS, CARELESS, NEGLIGENT OR AGGRESSIVE MANNER",161,W,CONGRESS PKWY,123.0,,,,,,,3,NO INDICATION OF INJURY,0.0,0.0,0.0,0.0,0.0,3.0,0.0,17,2,1,41.8754796828,-87.6327571647,POINT (-87.632757164665 41.875479682778)
c62b213e6642e19c1db057d4cd7c03269d2139761f3e45fdca7dd92734b7ad516ecca11b912c1124f641207ea17a0ec6866256e365171d6dcacd138937054ef3,,06/19/2018 09:10:00 PM,30,TRAFFIC SIGNAL,FUNCTIONING PROPERLY,CLEAR,DARKNESS,TURNING,NOT DIVIDED,,STRAIGHT AND LEVEL,DRY,NO DEFECTS,ON SCENE,NO INJURY / DRIVE AWAY,Y,,,"$501 - $1,500",06/19/2018 09:12:00 PM,FAILING TO YIELD RIGHT-OF-WAY,"VISION OBSCURED (SIGNS, TREE LIMBS, BUILDINGS, ETC.)",6701,S,JEFFERY BLVD,331.0,,,,,,,2,NO INDICATION OF INJURY,0.0,0.0,0.0,0.0,0.0,4.0,0.0,21,3,6,41.7733602196,-87.5763454887,POINT (-87.576345488656 41.77336021958)
a01990cbcfc3571def8aa387d59328ab3cdef50911f9b86653c0f173eb49e2ecb02db61c29d9bff23b229febdaac9d5c490b52bef3b33303a21666f695d99088,,11/16/2019 05:25:00 PM,30,NO CONTROLS,NO CONTROLS,CLEAR,"DARKNESS, LIGHTED ROAD",PEDESTRIAN,NOT DIVIDED,,STRAIGHT AND LEVEL,DRY,NO DEFECTS,NOT ON SCENE (DESK REPORT),INJURY AND / OR TOW DUE TO CRASH,N,,,$500 OR LESS,11/16/2019 06:00:00 PM,UNABLE TO DETERMINE,NOT APPLICABLE,24,W,DIVISION ST,1824.0,,,,,,,2,"REPORTED, NOT EVIDENT",1.0,0.0,0.0,0.0,1.0,1.0,0.0,17,7,11,41.9040363996,-87.6296705207,POINT (-87.629670520659 41.904036399633)
ffdf804a9568d4b078338565e41c2cff9af31bf2466c52f2efef4e3e97368381e5ca36f5391f37edeebcca1182fe36eae660beb50bdd17b0af7169d719b260ef,,10/15/2022 07:02:00 PM,30,NO CONTROLS,NO CONTROLS,CLEAR,"DARKNESS, LIGHTED ROAD",REAR END,NOT DIVIDED,,STRAIGHT AND LEVEL,DRY,NO DEFECTS,ON SCENE,INJURY AND / OR TOW DUE TO CRASH,,,Y,"$501 - $1,500",10/15/2022 07:03:00 PM,FOLLOWING TOO CLOSELY,NOT APPLICABLE,3400,N,PULASKI RD,1731.0,,,,,,,3,NONINCAPACITATING INJURY,1.0,0.0,0.0,1.0,0.0,2.0,0.0,19,7,10,41.9432070248,-87.7274539608,POINT (-87.727453960795 41.943207024762)
3eb67de0fd04c874ff11df5d2d29c8b88f1d4a9da688b4d16ab5e314a8cc00a2a03555fda8dcb66e5bb6195eedc4a7017aa9bb4bd6c028f4f9776fe46e3ba6ba,,04/02/2025 08:53:00 AM,30,TRAFFIC SIGNAL,FUNCTIONING PROPERLY,RAIN,DAYLIGHT,SIDESWIPE SAME DIRECTION,Y-INTERSECTION,,STRAIGHT AND LEVEL,WET,NO DEFECTS,NOT ON SCENE (DESK REPORT),NO INJURY / DRIVE AWAY,Y,,,"$501 - $1,500",04/02/2025 09:15:00 AM,IMPROPER OVERTAKING/PASSING,UNABLE TO DETERMINE,3200,N,ELSTON AVE,1733.0,,,,,,,2,NO INDICATION OF INJURY,0.0,0.0,0.0,0.0,0.0,2.0,0.0,8,4,4,41.9393514966,-87.6984835141,POINT (-87.698483514124 41.939351496611)
5188f70d7e0478dfeedfec2c379bdfdec4a264a20ea76ed9495614497096f4fb40358b2848cf41964fc3d1d32672423dc7aee55d7f8181d5befc842000ad21fb,,08/17/2020 03:52:00 PM,30,NO CONTROLS,NO CONTROLS,CLEAR,DAYLIGHT,REAR END,NOT DIVIDED,,STRAIGHT AND LEVEL,DRY,NO DEFECTS,ON SCENE,NO INJURY / DRIVE AWAY,,,,"$501 - $1,500",08/17/2020 03:52:00 PM,FAILING TO REDUCE SPEED TO AVOID CRASH,NOT APPLICABLE,3330,W,MADISON ST,1123.0,,,,,,,2,NO INDICATION OF INJURY,0.0,0.0,0.0,0.0,0.0,4.0,0.0,15,2,8,41.8810382709,-87.7097968237,POINT (-87.70979682373 41.881038270907)
6f7572932c5a6ee16404f5aaa029b1aa8318a26d24958b370b845107db3bf1ed7cff792d293cd78d083f86a3d7d8edad18578ccf0594122a253b81cfb2155431,,11/28/2018 05:30:00 AM,30,TRAFFIC SIGNAL,FUNCTIONING PROPERLY,CLEAR,"DARKNESS, LIGHTED ROAD",ANGLE,ONE-WAY,,STRAIGHT AND LEVEL,WET,NO DEFECTS,ON SCENE,NO INJURY / DRIVE AWAY,Y,,,"OVER $1,500",11/28/2018 05:44:00 AM,DISREGARDING TRAFFIC SIGNALS,NOT APPLICABLE,103,E,CONGRESS DR,114.0,,,,,,,2,NO INDICATION OF INJURY,0.0,0.0,0.0,0.0,0.0,4.0,0.0,5,4,11,41.87561652,-87.6241386796,POINT (-87.624138679634 41.875616519957)
eb00af67c360de51089f66089dab2c1f98671c3148779ff906e3613866997da69bc6938ff82b00e7bc2b4491ac206e0f526fa8dae69fe8f5a8869ed32440cfc6,,12/05/2022 08:45:00 AM,25,NO CONTROLS,NO CONTROLS,CLEAR,DAYLIGHT,TURNING,NOT DIVIDED,,STRAIGHT AND LEVEL,DRY,NO DEFECTS,NOT ON SCENE (DESK REPORT),INJURY AND / OR TOW DUE TO CRASH,,,,"OVER $1,500",12/05/2022 11:00:00 AM,FAILING TO YIELD RIGHT-OF-WAY,FAILING TO YIELD RIGHT-OF-WAY,1208,N,LECLAIRE AVE,2533.0,,,,,,,2,NONINCAPACITATING INJURY,1.0,0.0,0.0,1.0,0.0,1.0,0.0,8,2,12,41.9025903774,-87.7534789543,POINT (-87.753478954259 41.9025903774)
369ab3e3a29dc6edf0c105271a2aac6c353dad82fdc0f78c2f88da8da38de5e391ffd432d1de52fab369636fc0c1e17bb78d8d5d21a8999fa46ac540caf1beec,,07/01/2022 07:55:00 PM,30,TRAFFIC SIGNAL,FUNCTIONING PROPERLY,CLEAR,DARKNESS,TURNING,FOUR WAY,,STRAIGHT AND LEVEL,DRY,NO DEFECTS,ON SCENE,INJURY AND / OR TOW DUE TO CRASH,,,,"OVER $1,500",07/01/2022 08:40:00 PM,UNABLE TO DETERMINE,NOT APPLICABLE,5558,W,BELMONT AVE,1633.0,,,,,,,2,NO INDICATION OF INJURY,0.0,0.0,0.0,0.0,0.0,2.0,0.0,19,6,7,41.9386851164,-87.7664402651,POINT (-87.766440265057 41.938685116424)
2c72cbec8fa3476859d806ccf03f0d6910a1e5fd1321fec1e74c25295721db0b0afa1c79c8fda9b85cce0e5e9170f2c517154d628152845daf2553089f315238,,04/23/2024 04:30:00 PM,30,NO CONTROLS,NO CONTROLS,CLEAR,DAYLIGHT,TURNING,NOT DIVIDED,,STRAIGHT AND LEVEL,DRY,NO DEFECTS,ON SCENE,NO INJURY / DRIVE AWAY,,,,"OVER $1,500",04/23/2024 04:33:00 PM,FAILING TO YIELD RIGHT-OF-WAY,IMPROPER TURNING/NO SIGNAL,2300,N,CICERO AVE,2522.0,,,,,,,2,NO INDICATION OF INJURY,0.0,0.0,0.0,0.0,0.0,3.0,0.0,16,3,4,41.9224593711,-87.7464026916,POINT (-87.746402691551 41.922459371079)
2aeefcefd3fa573149a0b17f7bb5ed350f58fb16bddd388fdb95622963011ebcd9efc993ac3031be7f4ff5a5afc03c1afde0f0776aaf5b7ff884176fde270647,,05/08/2018 09:50:00 PM,30,NO CONTROLS,NO CONTROLS,CLEAR,"DARKNESS, LIGHTED ROAD",PARKED MOTOR VEHICLE,ONE-WAY,1,STRAIGHT AND LEVEL,DRY,NO DEFECTS,ON SCENE,INJURY AND / OR TOW DUE TO CRASH,,,,"OVER $1,500",05/08/2018 09:52:00 PM,FAILING TO REDUCE SPEED TO AVOID CRASH,UNABLE TO DETERMINE,6021,S,LOOMIS BLVD,713.0,,,,,,,4,"REPORTED, NOT EVIDENT",2.0,0.0,0.0,0.0,2.0,1.0,0.0,21,3,5,41.7843442174,-87.6593325022,POINT (-87.659332502189 41.784344217382)
d698e3e7babfc26f0ce4d054082376b80cb969595919da543cc018454e1b135e3470ac0eadc5c00224970904f0e0b9fc7a77e06870677dd36d4a26b0be35f349,,10/18/2017 08:45:00 AM,15,TRAFFIC SIGNAL,FUNCTIONING PROPERLY,CLEAR,DAYLIGHT,TURNING,NOT DIVIDED,,STRAIGHT AND LEVEL,DRY,NO DEFECTS,ON SCENE,NO INJURY / DRIVE AWAY,,,Y,"OVER $1,500",10/18/2017 09:30:00 AM,IMPROPER OVERTAKING/PASSING,NOT APPLICABLE,658,N,FAIRBANKS CT,1834.0,,,,,,,2,NO INDICATION OF INJURY,0.0,0.0,0.0,0.0,0.0,2.0,0.0,8,4,10,41.894239284,-87.6204411177,POINT (-87.620441117728 41.89423928396)
5cab07799d8c83cb888eccefc4bc4ffdf0a25df309e6d162ec9d9c6a4ab14c8bfe1b3b75660a4958b0a083004c3e7fc9cd39b1912ffa262053ef96174f04822e,,11/19/2020 07:13:00 PM,35,TRAFFIC SIGNAL,FUNCTIONING PROPERLY,CLEAR,"DARKNESS, LIGHTED ROAD",TURNING,DIVIDED - W/MEDIAN (NOT RAISED),,STRAIGHT AND LEVEL,DRY,NO DEFECTS,ON SCENE,INJURY AND / OR TOW DUE TO CRASH,Y,,,"OVER $1,500",11/19/2020 07:15:00 PM,IMPROPER TURNING/NO SIGNAL,IMPROPER TURNING/NO SIGNAL,99,S,COLUMBUS DR,114.0,,,,,,,2,NO INDICATION OF INJURY,0.0,0.0,0.0,0.0,0.0,4.0,0.0,19,5,11,41.8809412665,-87.6206484349,POINT (-87.620648434911 41.880941266478)
5225c956421d33b2da3b6b790bb21b21e5883e513a57e31749bd65a0cd12336d198d53433afd7198440382013c7d464ed53401671a6f1a3bc1e8da06aa8ea2d6,,02/24/2025 02:45:00 PM,30,TRAFFIC SIGNAL,FUNCTIONING PROPERLY,CLEAR,DAYLIGHT,PEDESTRIAN,NOT DIVIDED,,STRAIGHT AND LEVEL,DRY,NO DEFECTS,NOT ON SCENE (DESK REPORT),NO INJURY / DRIVE AWAY,Y,,,$500 OR LESS,02/25/2025 04:00:00 PM,UNABLE TO DETERMINE,NOT APPLICABLE,3800,W,IRVING PARK RD,1723.0,,,,,,,2,NO INDICATION OF INJURY,0.0,0.0,0.0,0.0,0.0,2.0,0.0,14,2,2,41.9538343971,-87.7227754787,POINT (-87.722775478732 41.953834397066)
d15b195944bb7f87ad0b154049c0a92482d7669237c5c9cace21d1706c2770c455ed23f0290cd3f0835670ef68e6b7839bf7cb0af95842447acd1e72f1acb6be,,04/08/2019 02:40:00 PM,30,NO CONTROLS,NO CONTROLS,CLEAR,DAYLIGHT,PARKED MOTOR VEHICLE,NOT DIVIDED,,STRAIGHT AND LEVEL,DRY,NO DEFECTS,ON SCENE,NO INJURY / DRIVE AWAY,,,Y,$500 OR LESS,04/08/2019 02:42:00 PM,UNABLE TO DETERMINE,NOT APPLICABLE,700,W,WILLOW ST,1813.0,,,Y,,,,2,NO INDICATION OF INJURY,0.0,0.0,0.0,0.0,0.0,1.0,0.0,14,2,4,41.9139743471,-87.6460150087,POINT (-87.646015008701 41.913974347052)
a16b5a31271491c19047b3a27cbf1782941171194497b6a97a521cc58943a53e6417e053e1a583e71a73c09cf1519a67af01d22e8a2cd3c97fb8559297451d7c,,12/07/2018 04:00:00 PM,30,TRAFFIC SIGNAL,FUNCTIONING PROPERLY,CLEAR,DUSK,SIDESWIPE SAME DIRECTION,DIVIDED - W/MEDIAN BARRIER,2,"CURVE, LEVEL",UNKNOWN,NO DEFECTS,ON SCENE,NO INJURY / DRIVE AWAY,,,Y,$500 OR LESS,12/07/2018 04:30:00 PM,UNABLE TO DETERMINE,UNABLE TO DETERMINE,8700,S,LAKE SHORE DR,424.0,Y,,,,,,2,NO INDICATION OF INJURY,0.0,0.0,0.0,0.0,0.0,2.0,0.0,16,6,12,41.7373263053,-87.5404481599,POINT (-87.540448159856 41.737326305348)