CRASH_RECORD_ID,CRASH_DATE_EST_I,CRASH_DATE,POSTED_SPEED_LIMIT,TRAFFIC_CONTROL_DEVICE,DEVICE_CONDITION,WEATHER_CONDITION,LIGHTING_CONDITION,FIRST_CRASH_TYPE,TRAFFICWAY_TYPE,LANE_CNT,ALIGNMENT,ROADWAY_SURFACE_COND,ROAD_DEFECT,REPORT_TYPE,CRASH_TYPE,INTERSECTION_RELATED_I,NOT_RIGHT_OF_WAY_I,HIT_AND_RUN_I,DAMAGE,DATE_POLICE_NOTIFIED,PRIM_CONTRIBUTORY_CAUSE,SEC_CONTRIBUTORY_CAUSE,STREET_NO,STREET_DIRECTION,STREET_NAME,BEAT_OF_OCCURRENCE,PHOTOS_TAKEN_I,STATEMENTS_TAKEN_I,DOORING_I,WORK_ZONE_I,WORK_ZONE_TYPE,WORKERS_PRESENT_I,NUM_UNITS,MOST_SEVERE_INJURY,INJURIES_TOTAL,INJURIES_FATAL,INJURIES_INCAPACITATING,INJURIES_NON_INCAPACITATING,INJURIES_REPORTED_NOT_EVIDENT,INJURIES_NO_INDICATION,INJURIES_UNKNOWN,CRASH_HOUR,CRASH_DAY_OF_WEEK,CRASH_MONTH,LATITUDE,LONGITUDE,LOCATION
9a18e433a2faf778805d40219e1cdb672253d95f19049467b070e0f4181d8707001eb1b02131962b9594bfb66b52c5f5c11557ca2fa7563108ec1fb9353ff22d,,11/25/2021 05:40:00 PM,30,TRAFFIC SIGNAL,FUNCTIONING PROPERLY,CLEAR,"DARKNESS, LIGHTED ROAD",TURNING,FOUR WAY,,STRAIGHT AND LEVEL,DRY,NO DEFECTS,ON SCENE,INJURY AND / OR TOW DUE TO CRASH,Y,,,"OVER $1,500",11/25/2021 05:45:00 PM,FAILING TO YIELD RIGHT-OF-WAY,NOT APPLICABLE,532,W,95TH ST,2223.0,,,,,,,2,"REPORTED, NOT EVIDENT",1.0,0.0,0.0,0.0,1.0,4.0,0.0,17,5,11,41.7216507182,-87.6372172134,POINT (-87.637217213351 41.721650718156)
51d788888db5eb79657da0e78f73b49de7da3931eacdd98c9830af79e41c8a5d18fb8a1017b4d71c98919804f2fa54fab62fa96e1debd47796adbc142cdf153c,,02/27/2024 04:10:00 AM,30,TRAFFIC SIGNAL,FUNCTIONING PROPERLY,CLEAR,DAWN,SIDESWIPE SAME DIRECTION,ONE-WAY,,STRAIGHT AND LEVEL,DRY,NO DEFECTS,ON SCENE,NO INJURY / DRIVE AWAY,,,,"OVER $1,500",02/27/2024 04:18:00 AM,IMPROPER LANE USAGE,DRIVING SKILLS/KNOWLEDGE/EXPERIENCE,135,W,OHIO ST,1831.0,,,,,,,2,NO INDICATION OF INJURY,0.0,0.0,0.0,0.0,0.0,3.0,0.0,4,3,2,41.8922999643,-87.6325307791,POINT (-87.632530779107 41.892299964256)
5392b22a6abcac782f151217f45679604a7b919032799cdd50e650479181cb58384aeb41752c86d1e947a17cc02f43907fc41bcaf45a8242da5ea7fb7e4ad3ed,,11/15/2018 07:09:00 AM,30,OTHER,OTHER,SNOW,DAYLIGHT,HEAD ON,NOT DIVIDED,1,STRAIGHT AND LEVEL,SNOW OR SLUSH,NO DEFECTS,NOT ON SCENE (DESK REPORT),NO INJURY / DRIVE AWAY,,,,"$501 - $1,500",11/15/2018 08:10:00 AM,UNABLE TO DETERMINE,NOT APPLICABLE,7805,S,TROY ST,835.0,,,,,,,2,NO INDICATION OF INJURY,0.0,0.0,0.0,0.0,0.0,2.0,0.0,7,5,11,41.7513651079,-87.7010750915,POINT (-87.701075091465 41.751365107896)
a9d4463ec5aef703db700838e06dfeac5d227809f658a8515f5323240673736c6736a32e77a58e506298a729c596f623174f380fe92d5d13eeeff5893995081b,,08/11/2021 04:48:00 PM,30,TRAFFIC SIGNAL,FUNCTIONING PROPERLY,CLEAR,DAYLIGHT,REAR END,NOT DIVIDED,,STRAIGHT AND LEVEL,DRY,NO DEFECTS,ON SCENE,NO INJURY / DRIVE AWAY,,,,$500 OR LESS,08/11/2021 04:51:00 PM,DISTRACTION - FROM INSIDE VEHICLE,NOT APPLICABLE,1,E,76TH ST,623.0,,,,,,,2,NO INDICATION OF INJURY,0.0,0.0,0.0,0.0,0.0,3.0,0.0,16,4,8,41.7563294688,-87.6246387859,POINT (-87.624638785875 41.756329468765)
f496d719bc740c76b200858ba2f9dbac010800036aa263299924272a06d4a9d3000641c24102c9ce0fd8629910cf2a2b16c17261c33ef1802d612d15eae76470,,06/16/2016 08:50:00 AM,30,NO CONTROLS,NO CONTROLS,CLEAR,DAYLIGHT,REAR END,DIVIDED - W/MEDIAN (NOT RAISED),4,STRAIGHT AND LEVEL,DRY,NO DEFECTS,ON SCENE,NO INJURY / DRIVE AWAY,,,,"OVER $1,500",06/16/2016 09:30:00 AM,UNABLE TO DETERMINE,UNABLE TO DETERMINE,7100,S,SOUTH SHORE DR,334.0,,,,,,,2,NO INDICATION OF INJURY,0.0,0.0,0.0,0.0,0.0,2.0,0.0,8,5,6,41.7661952023,-87.562908182,POINT (-87.562908182042 41.76619520231)
5a8d0f709fc75bf37f246f31d9e1d1ac96700e107ba6afb8621a6d893645092d855e2012208cf3e5eaae15120dd07561c43f1579da12dea14bbcf830ab5bcbe7,,04/09/2024 08:30:00 AM,30,NO CONTROLS,NO CONTROLS,CLEAR,DAYLIGHT,PARKED MOTOR VEHICLE,ONE-WAY,,STRAIGHT AND LEVEL,DRY,NO DEFECTS,ON SCENE,NO INJURY / DRIVE AWAY,,,Y,$500 OR LESS,04/09/2024 09:55:00 AM,UNABLE TO DETERMINE,UNABLE TO DETERMINE,6401,S,KOMENSKY AVE,813.0,,,,,,,2,NO INDICATION OF INJURY,0.0,0.0,0.0,0.0,0.0,1.0,0.0,8,3,4,41.7767312778,-87.7237860983,POINT (-87.723786098344 41.776731277837)
0e691115015837a1157be7247e3994785044b27b52d6d63b28c50fc1a92551d4578e5dcd0019788cf81d7befc29a890c6ff9e4d4350530ad1d6e255d5a7d8ecd,,08/22/2016 08:23:00 PM,30,NO CONTROLS,NO CONTROLS,CLEAR,"DARKNESS, LIGHTED ROAD",SIDESWIPE SAME DIRECTION,DIVIDED - W/MEDIAN (NOT RAISED),2,STRAIGHT AND LEVEL,DRY,NO DEFECTS,NOT ON SCENE (DESK REPORT),NO INJURY / DRIVE AWAY,,N,,"OVER $1,500",08/22/2016 10:30:00 PM,UNABLE TO DETERMINE,NOT APPLICABLE,152,W,ROOSEVELT RD,123.0,,N,,,,,2,NO INDICATION OF INJURY,0.0,0.0,0.0,0.0,0.0,2.0,0.0,20,2,8,41.8674518164,-87.632408832,POINT (-87.632408831965 41.867451816378)
73cb0407787bf34c421927715fb750b13e84f709d8b00ea7f224a076752f7308d3e910abae8faa3cb36af820d03f882fb86c1418eb9c953863d19181eeec3494,,09/02/2021 07:53:00 AM,25,TRAFFIC SIGNAL,FUNCTIONING PROPERLY,CLEAR,DAYLIGHT,TURNING,NOT DIVIDED,,STRAIGHT AND LEVEL,DRY,UNKNOWN,ON SCENE,INJURY AND / OR TOW DUE TO CRASH,,,,"$501 - $1,500",09/02/2021 08:32:00 AM,FAILING TO YIELD RIGHT-OF-WAY,NOT APPLICABLE,10301,S,MICHIGAN AVE,512.0,,,,,,,2,"REPORTED, NOT EVIDENT",1.0,0.0,0.0,0.0,1.0,5.0,0.0,7,5,9,41.7071568616,-87.6200704781,POINT (-87.620070478051 41.707156861607)
d896f12dbfc1f2e87e22e86576a0b402df76079a202e2baf14cdba9a889396f7d2efef451038ef97d9f58b0e1bf5c6b10977817b96b1cd518f29f34b1203b80b,,10/28/2015 03:15:00 PM,30,NO CONTROLS,NO CONTROLS,CLEAR,DAYLIGHT,PARKED MOTOR VEHICLE,NOT DIVIDED,1,STRAIGHT AND LEVEL,DRY,NO DEFECTS,NOT ON SCENE (DESK REPORT),NO INJURY / DRIVE AWAY,,,,"$501 - $1,500",10/28/2015 03:40:00 PM,UNABLE TO DETERMINE,UNABLE TO DETERMINE,2200,N,CLARK ST,1812.0,,,,,,,2,NO INDICATION OF INJURY,0.0,0.0,0.0,0.0,0.0,2.0,0.0,15,4,10,41.921998432,-87.6384579419,POINT (-87.638457941942 41.921998431987)
4e8010b6e91da5402c90715c77df259fe4c0d597a99572cfd847189c4942c02d6861bcade54880defe4278e87d9bd2c7321143027e8c30ae79b484051bab870f,,07/15/2018 09:04:00 PM,30,TRAFFIC SIGNAL,FUNCTIONING PROPERLY,CLEAR,"DARKNESS, LIGHTED ROAD",PARKED MOTOR VEHICLE,NOT DIVIDED,4,STRAIGHT AND LEVEL,DRY,NO DEFECTS,,INJURY AND / OR TOW DUE TO CRASH,,,Y,"OVER $1,500",07/15/2018 09:04:00 PM,UNABLE TO DETERMINE,UNABLE TO DETERMINE,6939,N,SHERIDAN RD,2431.0,,,,,,,3,NO INDICATION OF INJURY,0.0,0.0,0.0,0.0,0.0,1.0,0.0,21,1,7,42.0079442531,-87.6615294439,POINT (-87.661529443876 42.007944253129)
4346d3a689ea7dad86ddc67c75cc95793fceb5f0e520d99462f2c7f8eaabb2f40bc353f276cd59c083e6f46ac9f2bc0a81ea04bf2e6a478916d495c233e5ff55,,03/18/2021 04:47:00 PM,30,TRAFFIC SIGNAL,FUNCTIONING PROPERLY,UNKNOWN,DAYLIGHT,SIDESWIPE OPPOSITE DIRECTION,NOT DIVIDED,,STRAIGHT AND LEVEL,UNKNOWN,UNKNOWN,NOT ON SCENE (DESK REPORT),NO INJURY / DRIVE AWAY,,,,"$501 - $1,500",03/18/2021 05:15:00 PM,IMPROPER LANE USAGE,NOT APPLICABLE,3600,N,CALIFORNIA AVE,1733.0,,,,,,,2,NO INDICATION OF INJURY,0.0,0.0,0.0,0.0,0.0,2.0,0.0,16,5,3,41.9467714106,-87.6981808902,POINT (-87.698180890248 41.946771410628)
bda7b9f3318d6a7c9d949a279a176bcf13d05b27ab921d573cb0714b6740a391a74983d47ac62bf64a7448a431899b352ca8664535214d9fd16f42f321d71322,,05/21/2022 03:30:00 PM,30,NO CONTROLS,NO CONTROLS,UNKNOWN,DAYLIGHT,REAR END,DIVIDED - W/MEDIAN (NOT RAISED),,STRAIGHT AND LEVEL,UNKNOWN,UNKNOWN,NOT ON SCENE (DESK REPORT),NO INJURY / DRIVE AWAY,,,,"OVER $1,500",05/21/2022 04:00:00 PM,UNABLE TO DETERMINE,NOT APPLICABLE,5632,W,FULLERTON AVE,2515.0,,,,,,,2,NO INDICATION OF INJURY,0.0,0.0,0.0,0.0,0.0,2.0,0.0,15,7,5,41.9240695282,-87.7673487133,POINT (-87.767348713303 41.924069528193)
bf7c3523f82db59cbc20865af17484f513c02402f94baaf8018ddd1311113be264c573d30412fee379bfc7aea8a5d4c4a69d4eb346809511f2a61952c4ce02e2,,03/28/2019 07:45:00 AM,30,TRAFFIC SIGNAL,FUNCTIONING PROPERLY,CLEAR,DAYLIGHT,PARKED MOTOR VEHICLE,ONE-WAY,3,STRAIGHT AND LEVEL,DRY,NO DEFECTS,ON SCENE,NO INJURY / DRIVE AWAY,,,,"$501 - $1,500",03/28/2019 07:45:00 AM,UNABLE TO DETERMINE,IMPROPER OVERTAKING/PASSING,259,E,ERIE ST,1834.0,,,,,,,2,NO INDICATION OF INJURY,0.0,0.0,0.0,0.0,0.0,1.0,0.0,7,5,3,41.8940853807,-87.62040431,POINT (-87.620404310022 41.894085380663)
ddb9ca70cf0617fe8c1fffb8132454ebf21843d1e4e39d4d195bfb9dd76000d9b10abe6be266e6218d1815bdc61ade8b33cb0e9863c837a949ba951f10a274dd,,01/06/2025 03:22:00 PM,30,STOP SIGN/FLASHER,NO CONTROLS,FREEZING RAIN/DRIZZLE,DAWN,ANGLE,T-INTERSECTION,,STRAIGHT AND LEVEL,SNOW OR SLUSH,NO DEFECTS,ON SCENE,INJURY AND / OR TOW DUE TO CRASH,Y,,,"OVER $1,500",01/06/2025 03:36:00 PM,FAILING TO YIELD RIGHT-OF-WAY,DRIVING SKILLS/KNOWLEDGE/EXPERIENCE,2400,W,53RD ST,923.0,,,,,,,2,NONINCAPACITATING INJURY,3.0,0.0,0.0,3.0,0.0,0.0,0.0,15,2,1,41.7976195048,-87.6841653964,POINT (-87.684165396419 41.797619504824)
ed1fd691bd3c665618f1f321d69c8cc5d93e91eb5140be66236aba1a89cc74e6b46c7640f97ecf0a009af87846f0fe3ee2d6529e94b34fbd65e80bcd1c0df80c,,09/13/2018 08:33:00 AM,35,TRAFFIC SIGNAL,FUNCTIONING PROPERLY,CLEAR,DAYLIGHT,REAR END,NOT DIVIDED,4,STRAIGHT AND LEVEL,DRY,NO DEFECTS,ON SCENE,INJURY AND / OR TOW DUE TO CRASH,Y,,,"OVER $1,500",09/13/2018 08:36:00 AM,FOLLOWING TOO CLOSELY,DRIVING SKILLS/KNOWLEDGE/EXPERIENCE,7415,W,TOUHY AVE,1611.0,,,,,,,4,NONINCAPACITATING INJURY,1.0,0.0,0.0,1.0,0.0,4.0,0.0,8,5,9,42.0114580388,-87.8121932306,POINT (-87.812193230601 42.011458038794)
11558c9a813ec13af55b40eab4dfa16e0746b4e01cba2574c013de1ca2eadc7aad10950c695c42a42aa2d9a8f6b64f5acb733ec6801b42def152f941aca7c123,Y,09/12/2020 11:44:00 AM,30,NO CONTROLS,NO CONTROLS,RAIN,DAYLIGHT,PARKED MOTOR VEHICLE,NOT DIVIDED,,STRAIGHT AND LEVEL,WET,NO DEFECTS,ON SCENE,NO INJURY / DRIVE AWAY,,,Y,"OVER $1,500",09/12/2020 11:49:00 AM,FAILING TO REDUCE SPEED TO AVOID CRASH,UNABLE TO DETERMINE,4057,N,NARRAGANSETT AVE,1624.0,,,,,,,2,NO INDICATION OF INJURY,0.0,0.0,0.0,0.0,0.0,1.0,0.0,11,7,9,41.9545247882,-87.7864643751,POINT (-87.78646437512 41.954524788238)
cf353eb91b9de13365e48df0c6476ec3e794bc1449534d5a8db5fa4a52c8b0c4493bf164d95bbe234f75365b55ce8e51a2e36a4dd8cab4b452281a5816c190aa,Y,01/23/2025 12:27:00 PM,30,TRAFFIC SIGNAL,FUNCTIONING PROPERLY,CLEAR,DAYLIGHT,PEDESTRIAN,NOT DIVIDED,,STRAIGHT AND LEVEL,WET,NO DEFECTS,ON SCENE,INJURY AND / OR TOW DUE TO CRASH,Y,,,"$501 - $1,500",01/23/2025 12:28:00 PM,UNABLE TO DETERMINE,UNABLE TO DETERMINE,3100,S,CENTRAL PARK AVE,1032.0,,,,,,,2,NONINCAPACITATING INJURY,2.0,0.0,0.0,2.0,0.0,0.0,0.0,12,5,1,41.8369653642,-87.7147391421,POINT (-87.714739142055 41.836965364198)
6f2d515ec816eaab71bbc363605ee38d082e54b5d377aaed2b5a078a04b9c4971943e69a16c7b3b90c16d775e2aa7d0e6c0f7b596a9542b14880266e4d4afe69,,11/21/2018 10:39:00 PM,35,NO CONTROLS,NO CONTROLS,CLEAR,"DARKNESS, LIGHTED ROAD",REAR END,NOT DIVIDED,2,STRAIGHT AND LEVEL,DRY,NO DEFECTS,ON SCENE,NO INJURY / DRIVE AWAY,,,Y,"OVER $1,500",11/21/2018 10:39:00 PM,FOLLOWING TOO CLOSELY,FOLLOWING TOO CLOSELY,2418,W,DIVISION ST,1423.0,,,,,,,2,NO INDICATION OF INJURY,0.0,0.0,0.0,0.0,0.0,2.0,0.0,22,4,11,41.9031180443,-87.6877798637,POINT (-87.687779863714 41.903118044271)
e9a0a32748852957f829cf0c970edd63a93473f7fbd1e40de38088f654ad75505f4c51a8b6ff045f848beaa91ac25a4ecaa6cded4ccfce91ddb5c60b57c8d351,Y,02/01/2025 09:59:00 AM,30,NO CONTROLS,NO CONTROLS,CLEAR,DAYLIGHT,REAR END,NOT DIVIDED,,STRAIGHT AND LEVEL,DRY,NO DEFECTS,ON SCENE,INJURY AND / OR TOW DUE TO CRASH,,,,"OVER $1,500",02/01/2025 10:01:00 AM,FOLLOWING TOO CLOSELY,UNABLE TO DETERMINE,5507,N,CUMBERLAND AVE,1614.0,,,,,,,2,NONINCAPACITATING INJURY,1.0,0.0,0.0,1.0,0.0,1.0,0.0,9,7,2,41.9795321641,-87.8364346126,POINT (-87.836434612604 41.979532164102)
cef073f2c685268e799964effc81f3ff20cff2fc54ff1801948ecaaaf69062da4c5e05c2c92c2a3a0aeafda0b20f067e29b4e77ff49f20b7eb985de942b7cde5,,11/28/2022 10:00:00 PM,30,TRAFFIC SIGNAL,FUNCTIONING PROPERLY,CLEAR,"DARKNESS, LIGHTED ROAD",TURNING,FOUR WAY,,STRAIGHT AND LEVEL,UNKNOWN,UNKNOWN,,INJURY AND / OR TOW DUE TO CRASH,Y,,Y,"OVER $1,500",11/28/2022 10:00:00 PM,TURNING RIGHT ON RED,UNABLE TO DETERMINE,10300,S,WENTWORTH AVE,512.0,,,,,,,4,NONINCAPACITATING INJURY,2.0,0.0,0.0,2.0,0.0,4.0,0.0,22,2,11,41.707023014,-87.6284157193,POINT (-87.6284157193 41.707023014)
2a293517d8e1831852c31d7cf0cd45827a1df9faaac4f7800c458c289056488f6a8a1d44ecd83c9a6c2cefe6d885354b1afe93fa6615663498636db0ace09080,,07/25/2023 05:10:00 PM,30,TRAFFIC SIGNAL,FUNCTIONING PROPERLY,CLEAR,DAYLIGHT,ANGLE,DIVIDED - W/MEDIAN (NOT RAISED),,STRAIGHT AND LEVEL,DRY,NO DEFECTS,NOT ON SCENE (DESK REPORT),NO INJURY / DRIVE AWAY,Y,,Y,"$501 - $1,500",07/25/2023 05:41:00 PM,DISREGARDING TRAFFIC SIGNALS,FAILING TO YIELD RIGHT-OF-WAY,7900,S,WESTERN AVE,835.0,,,,,,,2,NO INDICATION OF INJURY,0.0,0.0,0.0,0.0,0.0,2.0,0.0,17,3,7,41.7500549336,-87.6829922029,POINT (-87.682992202902 41.75005493365)
bcb51be6f50e149d8c3dea7435e56c59f6273837b10736909ad1ba67756ad06dc21c5e05800a2c2edf71d47cb43b0d3626d1aa66ed34df1e5964f8112947e512,,11/07/2017 06:15:00 PM,35,TRAFFIC SIGNAL,FUNCTIONING PROPERLY,CLEAR,"DARKNESS, LIGHTED ROAD",REAR END,DIVIDED - W/MEDIAN (NOT RAISED),5,STRAIGHT AND LEVEL,DRY,NO DEFECTS,ON SCENE,NO INJURY / DRIVE AWAY,Y,,,"OVER $1,500",11/07/2017 06:30:00 PM,FOLLOWING TOO CLOSELY,FAILING TO REDUCE SPEED TO AVOID CRASH,5672,S,ARCHER AVE,814.0,,,,,,,2,NO INDICATION OF INJURY,0.0,0.0,0.0,0.0,0.0,2.0,0.0,18,3,11,41.7972737093,-87.7529854197,POINT (-87.752985419742 41.797273709306)
9d22ab059c20a35d38bfb1891c3709d35ae36ab35e069873e672e82d10faa210be8fb196d1c9f9caf4816e4232ff8bd32b6bca5f9dbd84856be6b82c12db0d7c,,06/21/2017 12:30:00 PM,20,NO CONTROLS,NO CONTROLS,CLEAR,DAYLIGHT,PARKED MOTOR VEHICLE,PARKING LOT,,STRAIGHT AND LEVEL,DRY,NO DEFECTS,NOT ON SCENE (DESK REPORT),NO INJURY / DRIVE AWAY,,,Y,"$501 - $1,500",06/21/2017 12:54:00 PM,IMPROPER BACKING,IMPROPER BACKING,1038,E,132ND ST,533.0,,,,,,,2,NO INDICATION OF INJURY,0.0,0.0,0.0,0.0,0.0,1.0,0.0,12,4,6,41.6559437191,-87.5959019318,POINT (-87.595901931751 41.655943719113)
6d95ae05eadf5f5695d1eb10a6f24eafb3f380743b3d41f1f995d00784b4e3315b5fa9507b36769c265d3ada80813e3814ccb29ad649970dfe1873a9b33418d7,,06/11/2021 06:19:00 AM,30,NO CONTROLS,NO CONTROLS,CLEAR,DAYLIGHT,PARKED MOTOR VEHICLE,NOT DIVIDED,,STRAIGHT AND LEVEL,DRY,NO DEFECTS,NOT ON SCENE (DESK REPORT),NO INJURY / DRIVE AWAY,,,,"OVER $1,500",06/11/2021 04:00:00 PM,UNABLE TO DETERMINE,UNABLE TO DETERMINE,225,N,WABASH AVE,111.0,,,,,,,2,NO INDICATION OF INJURY,0.0,0.0,0.0,0.0,0.0,1.0,0.0,6,6,6,41.8864243326,-87.6261682817,POINT (-87.626168281709 41.886424332564)
f3c0817ab6390bcc915bc729868b00addd7e782278b96a9d62e8f2b6757d4d35c1966ad67af1ee49a6512ecf03b3c9ad110f5b8da75a07109a9bbda9bd922419,,12/07/2015 04:00:00 PM,20,NO CONTROLS,NO CONTROLS,CLEAR,DUSK,SIDESWIPE SAME DIRECTION,PARKING LOT,0,STRAIGHT AND LEVEL,DRY,NO DEFECTS,NOT ON SCENE (DESK REPORT),NO INJURY / DRIVE AWAY,,Y,,$500 OR LESS,12/09/2015 08:20:00 AM,FAILING TO YIELD RIGHT-OF-WAY,IMPROPER BACKING,2500,N,CENTRAL AVE,2515.0,,,,,,,2,NO INDICATION OF INJURY,0.0,0.0,0.0,0.0,0.0,2.0,0.0,16,2,12,41.9258928802,-87.7662048258,POINT (-87.766204825838 41.925892880213)
fbb133bcb4d5c8f67703f17b0ef838454532ff37848b5da16e8ce553685d494f91ac73c368c6fbf7d94bbac94b55ab13986cfc34e9843cf61b7a7a7fd8e2dd56,,06/19/2017 07:45:00 AM,10,NO CONTROLS,NO CONTROLS,CLEAR,DAYLIGHT,SIDESWIPE SAME DIRECTION,ONE-WAY,,STRAIGHT AND LEVEL,DRY,NO DEFECTS,NOT ON SCENE (DESK REPORT),NO INJURY / DRIVE AWAY,,,,$500 OR LESS,06/19/2017 08:18:00 AM,UNABLE TO DETERMINE,UNABLE TO DETERMINE,5700,S,CICERO AVE,813.0,,,,,,,2,NO INDICATION OF INJURY,0.0,0.0,0.0,0.0,0.0,2.0,0.0,7,2,6,41.7893293233,-87.7416456442,POINT (-87.741645644196 41.789329323265)
3e0f1f7e52245173fbf1f942adb5dda326dd5b05cc2883f00ad573cf3a06791afcb6b0cb07d86d5c50171eeca3e362e117e16fb54a06a222d73b0b5d00c79fbd,,04/07/2023 01:08:00 AM,30,TRAFFIC SIGNAL,FUNCTIONING PROPERLY,CLEAR,"DARKNESS, LIGHTED ROAD",REAR END,DIVIDED - W/MEDIAN (NOT RAISED),,STRAIGHT AND LEVEL,DRY,NO DEFECTS,ON SCENE,NO INJURY / DRIVE AWAY,,,,"$501 - $1,500",04/07/2023 01:12:00 AM,NOT APPLICABLE,NOT APPLICABLE,4344,S,KEDZIE AVE,821.0,,,,,,,2,NO INDICATION OF INJURY,0.0,0.0,0.0,0.0,0.0,4.0,0.0,1,6,4,41.8141756279,-87.704360114,POINT (-87.704360113963 41.814175627891)
61c4d8e7a2de45eac909a43fa12076da5710635e1e4c1f447711d6e4d8567775ae2ce34c03322b6df253eb084bb852a47aaac31b92b4ef915a9fafc5d491c77a,,11/19/2025 08:40:00 AM,20,STOP SIGN/FLASHER,OTHER,CLEAR,DAYLIGHT,REAR END,NOT DIVIDED,,STRAIGHT AND LEVEL,DRY,NO DEFECTS,NOT ON SCENE (DESK REPORT),INJURY AND / OR TOW DUE TO CRASH,,,,"OVER $1,500",11/19/2025 09:00:00 AM,UNABLE TO DETERMINE,UNABLE TO DETERMINE,1300,W,107TH ST,2232.0,,,,,,,2,"REPORTED, NOT EVIDENT",2.0,0.0,0.0,0.0,2.0,1.0,0.0,8,4,11,41.6996133872,-87.654774037,POINT (-87.654774037037 41.699613387209)
66374a49e7fb3bdb520013e67c7f7590efa7597162380fffe518c745ffcc78cf0456f06c529939883577ecd5f3ace533e8d9687629f47af578325bb355db83cf,,12/25/2024 04:15:00 PM,15,NO CONTROLS,NO CONTROLS,UNKNOWN,UNKNOWN,REAR TO REAR,PARKING LOT,,STRAIGHT AND LEVEL,UNKNOWN,UNKNOWN,NOT ON SCENE (DESK REPORT),NO INJURY / DRIVE AWAY,,Y,,$500 OR LESS,12/25/2024 04:50:00 PM,UNABLE TO DETERMINE,UNABLE TO DETERMINE,2434,W,DEVON AVE,2412.0,,,,,,,2,NO INDICATION OF INJURY,0.0,0.0,0.0,0.0,0.0,2.0,0.0,16,4,12,41.997817926,-87.6912518856,POINT (-87.69125188557 41.997817925957)
755fbc9d51b3edd359a437b540afe08f66fc4d1e0b2c5dd0266f3a6736fa1c7b81bd89a4f0f6acac820fae091d9023eb526b62bdda9ca816d744cbd5dd6bdffb,,08/27/2016 03:50:00 PM,30,NO CONTROLS,NO CONTROLS,CLEAR,DAYLIGHT,ANGLE,DIVIDED - W/MEDIAN (NOT RAISED),4,STRAIGHT AND LEVEL,DRY,UNKNOWN,NOT ON SCENE (DESK REPORT),NO INJURY / DRIVE AWAY,Y,,,"OVER $1,500",08/27/2016 04:00:00 PM,FAILING TO REDUCE SPEED TO AVOID CRASH,NOT APPLICABLE,5432,W,NORTH AVE,2532.0,,,,,,,2,NO INDICATION OF INJURY,0.0,0.0,0.0,0.0,0.0,2.0,0.0,15,7,8,41.9095324661,-87.761884601,POINT (-87.761884600962 41.909532466134)
9e2caff8ea875fe2110e11bd9bfefe1f68935a14679773623b43b9da73c3191ec2cb0aeea5a8b9133217b972cbb660442f56a9099920e0e2cc8336c88cda5f4e,,01/24/2020 03:00:00 PM,30,NO CONTROLS,NO CONTROLS,RAIN,DAYLIGHT,SIDESWIPE SAME DIRECTION,NOT DIVIDED,,STRAIGHT AND LEVEL,WET,NO DEFECTS,NOT ON SCENE (DESK REPORT),NO INJURY / DRIVE AWAY,,,,"$501 - $1,500",01/24/2020 03:20:00 PM,IMPROPER LANE USAGE,UNABLE TO DETERMINE,6400,W,BRYN MAWR AVE,1612.0,,,,,,,2,NO INDICATION OF INJURY,0.0,0.0,0.0,0.0,0.0,2.0,0.0,15,6,1,41.9830121346,-87.7877635139,POINT (-87.787763513853 41.983012134609)
ef4ed1a738620ef5fcd2dd6d0ad0afdd412de34b0ea861c61d603ed871585838006d43735d30fa0798e409cc25eaa2287deb2a06210b002f79abae1d4966af23,,04/18/2021 09:28:00 PM,30,NO CONTROLS,NO CONTROLS,CLEAR,"DARKNESS, LIGHTED ROAD",SIDESWIPE SAME DIRECTION,NOT DIVIDED,,STRAIGHT AND LEVEL,DRY,NO DEFECTS,ON SCENE,NO INJURY / DRIVE AWAY,,,,"$501 - $1,500",04/18/2021 09:28:00 PM,UNABLE TO DETERMINE,UNABLE TO DETERMINE,8701,W,LAWRENCE AVE,1614.0,,,,,,,2,NO INDICATION OF INJURY,0.0,0.0,0.0,0.0,0.0,2.0,0.0,21,1,4,41.9663555819,-87.843822372,POINT (-87.843822372039 41.966355581858)
bb10c126530d18d43e6ede72ef3ef5805d534a64a811072248dbefd962b2c05687f07c1a9863ba164624242c3d92546263b69b92f01b685c7337d97c73af7628,,07/11/2017 03:40:00 PM,30,TRAFFIC SIGNAL,FUNCTIONING PROPERLY,CLEAR,DAYLIGHT,SIDESWIPE SAME DIRECTION,NOT DIVIDED,2,STRAIGHT AND LEVEL,DRY,NO DEFECTS,NOT ON SCENE (DESK REPORT),NO INJURY / DRIVE AWAY,,,,"OVER $1,500",07/11/2017 04:11:00 PM,FOLLOWING TOO CLOSELY,NOT APPLICABLE,6429,N,NORTHWEST HWY,1611.0,,,,,,,2,NO INDICATION OF INJURY,0.0,0.0,0.0,0.0,0.0,3.0,0.0,15,3,7,41.9976616721,-87.8077035571,POINT (-87.807703557117 41.99766167206)