CRASH_RECORD_ID,CRASH_DATE_EST_I,CRASH_DATE,POSTED_SPEED_LIMIT,TRAFFIC_CONTROL_DEVICE,DEVICE_CONDITION,WEATHER_CONDITION,LIGHTING_CONDITION,FIRST_CRASH_TYPE,TRAFFICWAY_TYPE,LANE_CNT,ALIGNMENT,ROADWAY_SURFACE_COND,ROAD_DEFECT,REPORT_TYPE,CRASH_TYPE,INTERSECTION_RELATED_I,NOT_RIGHT_OF_WAY_I,HIT_AND_RUN_I,DAMAGE,DATE_POLICE_NOTIFIED,PRIM_CONTRIBUTORY_CAUSE,SEC_CONTRIBUTORY_CAUSE,STREET_NO,STREET_DIRECTION,STREET_NAME,BEAT_OF_OCCURRENCE,PHOTOS_TAKEN_I,STATEMENTS_TAKEN_I,DOORING_I,WORK_ZONE_I,WORK_ZONE_TYPE,WORKERS_PRESENT_I,NUM_UNITS,MOST_SEVERE_INJURY,INJURIES_TOTAL,INJURIES_FATAL,INJURIES_INCAPACITATING,INJURIES_NON_INCAPACITATING,INJURIES_REPORTED_NOT_EVIDENT,INJURIES_NO_INDICATION,INJURIES_UNKNOWN,CRASH_HOUR,CRASH_DAY_OF_WEEK,CRASH_MONTH,LATITUDE,LONGITUDE,LOCATION
c7df0836dadc294edac911201838dfa86096b02642b1524c944c233c2fc71b684bd3d4eac80ff1d5aaebfd9592da9d9452bd84d594b6dcce35e764f160c7a754,,07/18/2019 09:55:00 PM,30,TRAFFIC SIGNAL,FUNCTIONING PROPERLY,CLEAR,DAYLIGHT,SIDESWIPE SAME DIRECTION,DIVIDED - W/MEDIAN (NOT RAISED),,STRAIGHT AND LEVEL,DRY,NO DEFECTS,NOT ON SCENE (DESK REPORT),NO INJURY / DRIVE AWAY,,,,"OVER $1,500",07/19/2019 02:30:00 PM,IMPROPER OVERTAKING/PASSING,NOT APPLICABLE,400,S,MICHIGAN AVE,113.0,,,,,,,2,NO INDICATION OF INJURY,0.0,0.0,0.0,0.0,0.0,4.0,0.0,21,5,7,41.8769380115,-87.6244366179,POINT (-87.624436617945 41.876938011523)
81ac302bef9b92b15b4172f82bf61a6e255555b8f2bfe5f5ae5cb6e70b15d867a1b3f77f2281efaddf9848e6bbca34b2db994c0767fbba9c69e008db10847024,Y,01/30/2024 12:00:00 PM,30,NO CONTROLS,NO CONTROLS,UNKNOWN,UNKNOWN,OTHER NONCOLLISION,NOT DIVIDED,,STRAIGHT AND LEVEL,UNKNOWN,"RUT, HOLES",NOT ON SCENE (DESK REPORT),NO INJURY / DRIVE AWAY,,,,"$501 - $1,500",06/06/2024 02:40:00 PM,NOT APPLICABLE,NOT APPLICABLE,1020,W,NORTH AVE,1811.0,,,,,,,1,NO INDICATION OF INJURY,0.0,0.0,0.0,0.0,0.0,1.0,0.0,12,3,1,41.910934553,-87.6540338832,POINT (-87.654033883196 41.910934553046)
7264ac5a8ede698588f0f7eaf48eb21a4476600915fbaaff9b72f5348829e186ee46a1078a733c8cf6d0d4ea897e921f7c64802e913bd2f1061d6be612fd6aa8,,04/13/2023 06:05:00 PM,30,TRAFFIC SIGNAL,FUNCTIONING PROPERLY,CLEAR,DAYLIGHT,SIDESWIPE SAME DIRECTION,FOUR WAY,,STRAIGHT AND LEVEL,DRY,NO DEFECTS,NOT ON SCENE (DESK REPORT),NO INJURY / DRIVE AWAY,,,,"OVER $1,500",04/13/2023 09:45:00 PM,UNABLE TO DETERMINE,UNABLE TO DETERMINE,8700,S,DR MARTIN LUTHER KING JR DR,632.0,,,,,,,2,NO INDICATION OF INJURY,0.0,0.0,0.0,0.0,0.0,2.0,0.0,18,5,4,41.7364550458,-87.6146729127,POINT (-87.614672912717 41.736455045812)
03b965ef3a5cf9297ddd4524c8671e729320bd98166ebcd10b5b0a8f4f04d4d7dc916a7485c4501fbe4b41816ea3d33d05c6cdbc8534fcf297d09ff3bf549410,,11/19/2022 09:45:00 PM,25,TRAFFIC SIGNAL,FUNCTIONING PROPERLY,CLEAR,"DARKNESS, LIGHTED ROAD",TURNING,NOT DIVIDED,,STRAIGHT AND LEVEL,DRY,NO DEFECTS,ON SCENE,NO INJURY / DRIVE AWAY,,,,$500 OR LESS,11/19/2022 09:48:00 PM,IMPROPER OVERTAKING/PASSING,NOT APPLICABLE,6400,N,CLARK ST,2432.0,,,,,,,2,NO INDICATION OF INJURY,0.0,0.0,0.0,0.0,0.0,2.0,0.0,21,7,11,41.9980876159,-87.6707468271,POINT (-87.670746827123 41.998087615915)
9f64aa4c8715787f1c162e92e502f285c240efbeb4e3ae6a517b0af199a0885805c1254bca5a7ac788bdbd4c141fdd6d1b0096631a44217975b42cfe9378acd7,,07/25/2021 01:15:00 PM,30,NO CONTROLS,NO CONTROLS,CLEAR,DAYLIGHT,TURNING,NOT DIVIDED,,STRAIGHT AND LEVEL,DRY,UNKNOWN,NOT ON SCENE (DESK REPORT),INJURY AND / OR TOW DUE TO CRASH,,,,"OVER $1,500",07/27/2021 06:45:00 PM,UNABLE TO DETERMINE,UNABLE TO DETERMINE,1531,W,TAYLOR ST,1231.0,,,,,,,2,NONINCAPACITATING INJURY,1.0,0.0,0.0,1.0,0.0,2.0,0.0,13,1,7,41.8691702426,-87.6653844664,POINT (-87.665384466355 41.86917024255)
5b661a754942086378c2bdf21ccbaf592c45d5501fe0946216e4b2d5902c81195e92dd02d69170c63cf93eef806966be047e59698a48ccef18da8c63db642cea,,03/03/2017 11:00:00 AM,35,NO CONTROLS,NO CONTROLS,CLEAR,DAYLIGHT,SIDESWIPE SAME DIRECTION,ONE-WAY,3,STRAIGHT AND LEVEL,DRY,NO DEFECTS,NOT ON SCENE (DESK REPORT),NO INJURY / DRIVE AWAY,,,,"OVER $1,500",03/03/2017 11:00:00 AM,EXCEEDING SAFE SPEED FOR CONDITIONS,FAILING TO REDUCE SPEED TO AVOID CRASH,160,E,PEARSON ST,1833.0,,,,,,,2,NO INDICATION OF INJURY,0.0,0.0,0.0,0.0,0.0,2.0,0.0,11,6,3,41.897702581,-87.6234619563,POINT (-87.623461956299 41.897702580979)
2d0318965d60d64c429cd0c013e2820e106eb64564ba1752d531855d8b135fc8a9d3793135030d64f28755eaf451da72b0bc6099760cf3f0cb5e27f2fb594822,,02/24/2025 08:00:00 PM,25,TRAFFIC SIGNAL,FUNCTIONING PROPERLY,CLEAR,"DARKNESS, LIGHTED ROAD",REAR END,FOUR WAY,,STRAIGHT AND LEVEL,DRY,UNKNOWN,NOT ON SCENE (DESK REPORT),INJURY AND / OR TOW DUE TO CRASH,Y,,,"$501 - $1,500",02/24/2025 08:45:00 PM,UNABLE TO DETERMINE,UNABLE TO DETERMINE,811,W,99TH ST,2232.0,,,,,,,2,NO INDICATION OF INJURY,0.0,0.0,0.0,0.0,0.0,2.0,0.0,20,2,2,41.7140987683,-87.6434886967,POINT (-87.643488696653 41.7140987683)
d6d639efabd8cbc5a74e878a31f9fd466690517244df1a1aca3fc9860f6e0563a500a95974ea5622ac5d0244fa3692cf8efee7cfb68b17cd97bf6057abb257d1,Y,05/13/2018 11:00:00 PM,20,NO CONTROLS,NO CONTROLS,CLEAR,"DARKNESS, LIGHTED ROAD",PARKED MOTOR VEHICLE,ONE-WAY,1,STRAIGHT AND LEVEL,DRY,NO DEFECTS,ON SCENE,INJURY AND / OR TOW DUE TO CRASH,,,,"OVER $1,500",05/13/2018 11:03:00 PM,EXCEEDING AUTHORIZED SPEED LIMIT,EXCEEDING AUTHORIZED SPEED LIMIT,3601,N,MAJOR AVE,1633.0,,,,,,,2,NO INDICATION OF INJURY,0.0,0.0,0.0,0.0,0.0,1.0,0.0,23,1,5,41.9458996119,-87.7690466225,POINT (-87.76904662253 41.945899611883)
c7bf82eba9447bb91a5c9eea6b364a003d5386fe3271e0387291905ab552e663ec0f7d7d6be02d9f1c25b813e49648bfcb3b3be0c25a88e0c8d4c621ed429e90,,09/22/2022 05:19:00 PM,10,NO CONTROLS,NO CONTROLS,CLEAR,DAYLIGHT,OTHER OBJECT,OTHER,,STRAIGHT AND LEVEL,DRY,NO DEFECTS,ON SCENE,NO INJURY / DRIVE AWAY,,,,$500 OR LESS,09/22/2022 05:20:00 PM,NOT APPLICABLE,NOT APPLICABLE,325,W,WOLF POINT PLZ,1831.0,,,,,,,1,,,,,,,,,17,5,9,41.8878072187,-87.63725137,POINT (-87.637251370014 41.887807218743)
77679afa539e1f06e8445de1025b8b2d9cd436dcfc4d6aecd85048f6116510e50ca0aace0558d9adaaf1fe9cf2858719cd5e68a3e906a18825cf219da6173c0b,,11/29/2024 01:10:00 AM,30,TRAFFIC SIGNAL,FUNCTIONING PROPERLY,CLEAR,"DARKNESS, LIGHTED ROAD",TURNING,NOT DIVIDED,,STRAIGHT AND LEVEL,DRY,NO DEFECTS,ON SCENE,INJURY AND / OR TOW DUE TO CRASH,Y,,,"OVER $1,500",11/29/2024 01:10:00 AM,IMPROPER TURNING/NO SIGNAL,NOT APPLICABLE,6019,S,ARCHER AVE,811.0,,,,,,,2,NONINCAPACITATING INJURY,7.0,0.0,0.0,5.0,2.0,0.0,0.0,1,6,11,41.7948666692,-87.7671719529,POINT (-87.767171952904 41.794866669235)
94979c985123ca6c93a5ba4309860642f4f0b92d9e8923487762323a38c867a6bcb8b013aa636b19bd0f7fc95c613d911a7baf8a9c28ef47f0ed66cd9d874034,,11/25/2022 07:56:00 AM,30,YIELD,FUNCTIONING PROPERLY,CLEAR,DAYLIGHT,FIXED OBJECT,NOT DIVIDED,,STRAIGHT AND LEVEL,DRY,NO DEFECTS,ON SCENE,INJURY AND / OR TOW DUE TO CRASH,Y,,Y,"OVER $1,500",11/25/2022 08:10:00 AM,FAILING TO REDUCE SPEED TO AVOID CRASH,UNABLE TO DETERMINE,6159,W,ADDISON ST,1633.0,,,,,,,1,NO INDICATION OF INJURY,0.0,0.0,0.0,0.0,0.0,1.0,0.0,7,6,11,41.945612913,-87.781249472,POINT (-87.781249472044 41.945612912979)
87f2c3148fef473382b324e6f96e654cc4695527de03ff51e8314ab60a9c786558315296cf5f19b39c3bb9689227329d5e43bdfb2e2452990b11a6d7399903c2,,07/13/2021 04:56:00 PM,30,NO CONTROLS,NO CONTROLS,CLEAR,DAYLIGHT,TURNING,DIVIDED - W/MEDIAN (NOT RAISED),,STRAIGHT AND LEVEL,DRY,NO DEFECTS,ON SCENE,NO INJURY / DRIVE AWAY,,,,"OVER $1,500",07/13/2021 05:09:00 PM,FAILING TO YIELD RIGHT-OF-WAY,NOT APPLICABLE,7536,S,ASHLAND AVE,611.0,,,,,,,2,NO INDICATION OF INJURY,0.0,0.0,0.0,0.0,0.0,5.0,0.0,16,3,7,41.7564863203,-87.6637357703,POINT (-87.663735770274 41.756486320348)
5cb10bc8db6c32d57898f080b717657cfe06e936c71983cb4ce990286c08728f45c937be6878b34feb432ac5656e1f1dc2f8ce7adc5fe7fb20ec52261dd36b59,,10/24/2025 01:40:00 PM,30,TRAFFIC SIGNAL,FUNCTIONING PROPERLY,CLEAR,DAYLIGHT,TURNING,T-INTERSECTION,,STRAIGHT AND LEVEL,DRY,NO DEFECTS,ON SCENE,INJURY AND / OR TOW DUE TO CRASH,Y,,,"OVER $1,500",10/24/2025 01:54:00 PM,UNABLE TO DETERMINE,UNABLE TO DETERMINE,1701,W,HARRISON ST,1231.0,,,,,,,2,NO INDICATION OF INJURY,0.0,0.0,0.0,0.0,0.0,2.0,0.0,13,6,10,41.8740498939,-87.669136433,POINT (-87.669136433044 41.874049893913)
15233d902b48070f38274299825fa0a07bb7181e206211c1758931ae9ac40c86b9582796c61109407c9a06ff3c1f6ba943fca7c3aedfdce92892445f0a73aeed,,11/21/2021 05:30:00 PM,30,NO CONTROLS,NO CONTROLS,CLEAR,"DARKNESS, LIGHTED ROAD",PARKED MOTOR VEHICLE,DIVIDED - W/MEDIAN (NOT RAISED),,STRAIGHT AND LEVEL,DRY,UNKNOWN,NOT ON SCENE (DESK REPORT),NO INJURY / DRIVE AWAY,,,Y,"$501 - $1,500",11/21/2021 05:50:00 PM,UNABLE TO DETERMINE,UNABLE TO DETERMINE,5628,N,CALIFORNIA AVE,2011.0,,,,,,,3,NO INDICATION OF INJURY,0.0,0.0,0.0,0.0,0.0,1.0,0.0,17,1,11,41.9839991147,-87.6993347686,POINT (-87.699334768619 41.983999114745)
13797d10248815e06cbb7a01277969d8b20b65eef869da54d145700eaa90d5ab4b5b6134674fcee557ebf1a322badb2856dc7978643dbc23adfd5c34962e34e7,,08/09/2018 07:25:00 AM,30,TRAFFIC SIGNAL,FUNCTIONING PROPERLY,CLEAR,DAYLIGHT,TURNING,ONE-WAY,3,STRAIGHT AND LEVEL,DRY,NO DEFECTS,NOT ON SCENE (DESK REPORT),NO INJURY / DRIVE AWAY,Y,,,"OVER $1,500",08/09/2018 07:40:00 AM,IMPROPER LANE USAGE,UNABLE TO DETERMINE,3500,S,LA SALLE ST,213.0,,,,,,,2,NO INDICATION OF INJURY,0.0,0.0,0.0,0.0,0.0,3.0,0.0,7,5,8,41.8309350952,-87.6299753048,POINT (-87.629975304804 41.830935095228)
ab90238227bab7c28ffb038c91ed659c2b62f727b1b80e269f94743d7195125a9882f7a9626aee2020a5650fca84c34793d7651db78f636592e6c6560b0c9bd1,,09/13/2023 02:00:00 PM,30,NO CONTROLS,NO CONTROLS,CLEAR,DAYLIGHT,SIDESWIPE SAME DIRECTION,ONE-WAY,,STRAIGHT AND LEVEL,DRY,NO DEFECTS,NOT ON SCENE (DESK REPORT),NO INJURY / DRIVE AWAY,,,,"OVER $1,500",09/13/2023 02:25:00 PM,FOLLOWING TOO CLOSELY,NOT APPLICABLE,7900,S,LAFAYETTE AVE,623.0,,,,,,,2,NO INDICATION OF INJURY,0.0,0.0,0.0,0.0,0.0,2.0,0.0,14,4,9,41.7508910466,-87.6259685054,POINT (-87.625968505423 41.750891046593)
e3f16f558f53ab6b7ccef5306797dbd5c31a6c0ed53f0d9824cbf45eb7b9da3dcae2c6c3ca25cf89a75667684d7156436766de0f89017ecaaf7753796e890acd,,12/21/2023 05:05:00 PM,30,TRAFFIC SIGNAL,FUNCTIONING PROPERLY,CLEAR,"DARKNESS, LIGHTED ROAD",REAR END,NOT DIVIDED,,STRAIGHT AND LEVEL,UNKNOWN,UNKNOWN,NOT ON SCENE (DESK REPORT),NO INJURY / DRIVE AWAY,,,,"$501 - $1,500",12/21/2023 05:30:00 PM,FOLLOWING TOO CLOSELY,NOT APPLICABLE,1514,W,87TH ST,614.0,,,,,,,2,NO INDICATION OF INJURY,0.0,0.0,0.0,0.0,0.0,2.0,0.0,17,5,12,41.7359262212,-87.6612866242,POINT (-87.66128662417 41.735926221181)
895976798d883d036017a068fd008cdf786f6d3d711e40a9f8e1b123cea3125b6f43ac0eb85469290fd6b371603c208b26e605f3b5c0677469780e74aaf5ffa6,,11/06/2018 07:44:00 AM,30,STOP SIGN/FLASHER,FUNCTIONING PROPERLY,RAIN,DAYLIGHT,ANGLE,NOT DIVIDED,,STRAIGHT AND LEVEL,WET,NO DEFECTS,ON SCENE,NO INJURY / DRIVE AWAY,,,Y,"OVER $1,500",11/06/2018 07:46:00 AM,FAILING TO YIELD RIGHT-OF-WAY,UNABLE TO DETERMINE,10000,S,LA SALLE ST,511.0,,,,,,,2,NO INDICATION OF INJURY,0.0,0.0,0.0,0.0,0.0,2.0,0.0,7,3,11,41.7124886335,-87.627388355,POINT (-87.627388354984 41.712488633528)
9ca0865f32b5fbeca01ec3018537f61423ba5331eca095c5f0d10b1e981bba2ad510f2f3249b480e5e87d319feab6e5d89ef50a65f757602d8216ed3a6997d85,,06/04/2022 07:54:00 PM,30,NO CONTROLS,NO CONTROLS,CLEAR,DAYLIGHT,HEAD ON,NOT DIVIDED,,STRAIGHT AND LEVEL,DRY,NO DEFECTS,NOT ON SCENE (DESK REPORT),NO INJURY / DRIVE AWAY,,,Y,"OVER $1,500",06/10/2022 04:40:00 PM,DRIVING ON WRONG SIDE/WRONG WAY,NOT APPLICABLE,3619,W,WILSON AVE,1723.0,,,,,,,2,NO INDICATION OF INJURY,0.0,0.0,0.0,0.0,0.0,2.0,0.0,19,7,6,41.9645925534,-87.7189635077,POINT (-87.718963507738 41.964592553432)
383eaa37592cb4b138b2064d60bd1ad9c8c2513ad78201011fb252a9abc2e351fd41e6badba7ddcf45bd404b555c86236bbc6ce465c4ebc96e780bb738011c7f,,02/20/2024 06:49:00 AM,30,TRAFFIC SIGNAL,FUNCTIONING PROPERLY,CLEAR,DAYLIGHT,REAR END,FOUR WAY,,STRAIGHT AND LEVEL,DRY,NO DEFECTS,ON SCENE,NO INJURY / DRIVE AWAY,,,Y,"$501 - $1,500",02/20/2024 07:07:00 AM,UNABLE TO DETERMINE,NOT APPLICABLE,3000,E,91ST ST,424.0,,,,,,,2,NO INDICATION OF INJURY,0.0,0.0,0.0,0.0,0.0,5.0,0.0,6,3,2,41.7301866637,-87.5511906984,POINT (-87.551190698422 41.730186663725)
1d4e79f2dc1e677f403544ef899594cd58d16421873527412931c519d122ac681da8cce93cec0a567367aa05042f7ef6d8df7428901188c4b04fdbd4a35b3b4f,,01/03/2018 12:52:00 PM,30,NO CONTROLS,NO CONTROLS,CLEAR,DAYLIGHT,PARKED MOTOR VEHICLE,DIVIDED - W/MEDIAN (NOT RAISED),2,STRAIGHT AND LEVEL,DRY,NO DEFECTS,ON SCENE,NO INJURY / DRIVE AWAY,,,,"OVER $1,500",01/03/2018 12:54:00 PM,UNABLE TO DETERMINE,UNABLE TO DETERMINE,5107,W,JACKSON BLVD,1533.0,,,,,,,2,NO INDICATION OF INJURY,0.0,0.0,0.0,0.0,0.0,1.0,0.0,12,4,1,41.8765642174,-87.7537448057,POINT (-87.753744805706 41.876564217434)
710e55778002e19d478ad2560622adac7038099d86c636573c4586b5a4ca01e6ff4798a5c5b78574b936516ef9e15f2cd04a9e511171965f0b2ecc73f4a8515f,,04/03/2024 11:50:00 AM,15,NO CONTROLS,NO CONTROLS,RAIN,DAYLIGHT,REAR END,PARKING LOT,,STRAIGHT AND LEVEL,WET,NO DEFECTS,NOT ON SCENE (DESK REPORT),INJURY AND / OR TOW DUE TO CRASH,,Y,,"$501 - $1,500",04/03/2024 01:05:00 PM,FOLLOWING TOO CLOSELY,UNABLE TO DETERMINE,9321,S,WESTERN AVE,2221.0,,,,,,,2,"REPORTED, NOT EVIDENT",1.0,0.0,0.0,0.0,1.0,1.0,0.0,11,4,4,41.7238801262,-87.6820107001,POINT (-87.682010700063 41.723880126207)
e88d557e8aa2f1ee70868679bb4aa6db19342835c37dcee461918ae653f725b87b485a4dc83672d4befdd40918bcab37a9c5ebb393d994802f73e8eca7cfabca,,02/29/2020 10:42:00 AM,30,NO CONTROLS,NO CONTROLS,CLEAR,DAYLIGHT,REAR END,NOT DIVIDED,,STRAIGHT AND LEVEL,UNKNOWN,UNKNOWN,NOT ON SCENE (DESK REPORT),NO INJURY / DRIVE AWAY,,,,"OVER $1,500",02/29/2020 11:15:00 AM,UNABLE TO DETERMINE,UNABLE TO DETERMINE,3820,W,FOSTER AVE,1712.0,,,,,,,2,NO INDICATION OF INJURY,0.0,0.0,0.0,0.0,0.0,4.0,0.0,10,7,2,41.9756840492,-87.7242643103,POINT (-87.724264310322 41.975684049203)
ddec0e95c120b8a8670f62d4c7b987d95ed95bda4be1ee5396152c47ab2d151918fe89a45357dacbc2dcfe71ad4bc6f9c57dcd585171286ddbcebb35f7ec74d0,,05/27/2017 02:30:00 PM,30,TRAFFIC SIGNAL,FUNCTIONING PROPERLY,CLEAR,DAYLIGHT,REAR END,NOT DIVIDED,1,STRAIGHT AND LEVEL,DRY,NO DEFECTS,NOT ON SCENE (DESK REPORT),NO INJURY / DRIVE AWAY,,,,"OVER $1,500",05/28/2017 11:45:00 AM,DISTRACTION - FROM INSIDE VEHICLE,NOT APPLICABLE,2435,W,71ST ST,832.0,,,,,,,2,NO INDICATION OF INJURY,0.0,0.0,0.0,0.0,0.0,2.0,0.0,14,7,5,41.7645670307,-87.6846085739,POINT (-87.684608573912 41.764567030723)
65caadb68c65c1821dc52e4f058c139e089b6f151d77ec83e6d76b5cf8b9a7abb7c6b47b2d3cc6b140ba7fc8d9ee2913a138b30b06fd46b5c0b0741bb11c1ce7,,08/03/2025 02:45:00 PM,25,TRAFFIC SIGNAL,FUNCTIONING PROPERLY,CLEAR,DAYLIGHT,TURNING,FOUR WAY,,STRAIGHT AND LEVEL,DRY,NO DEFECTS,,NO INJURY / DRIVE AWAY,Y,,,"OVER $1,500",08/03/2025 06:10:00 PM,UNABLE TO DETERMINE,UNABLE TO DETERMINE,4162,S,CICERO AVE,814.0,,,,,,,2,NO INDICATION OF INJURY,0.0,0.0,0.0,0.0,0.0,2.0,0.0,14,1,8,41.8167612218,-87.7435383286,POINT (-87.743538328568 41.81676122178)
3d3bf19e9269bf864ca4df19a0d2587771fa8f662f969bc2b656afd8f7dc5a9b6a36a4e8de000d0c7054de85645b199e02bfd7b86c1bddd49f7b3b6bd8f6d25a,,11/20/2024 08:27:00 PM,30,TRAFFIC SIGNAL,FUNCTIONING PROPERLY,UNKNOWN,"DARKNESS, LIGHTED ROAD",REAR END,NOT DIVIDED,,STRAIGHT AND LEVEL,WET,UNKNOWN,NOT ON SCENE (DESK REPORT),NO INJURY / DRIVE AWAY,,,,"OVER $1,500",11/20/2024 09:15:00 PM,FOLLOWING TOO CLOSELY,NOT APPLICABLE,6374,N,LINCOLN AVE,1711.0,,,,,,,2,NO INDICATION OF INJURY,0.0,0.0,0.0,0.0,0.0,2.0,0.0,20,4,11,41.9971592503,-87.7186239001,POINT (-87.718623900102 41.997159250276)
8d394fbc3d2b1556c7be2847128de951c8b6fc0f4b48fc587a0fabfc6b36ef52edb5ee341cd3603a1a473424d4243be73a59fc28ed242094bc7b19d7d7b5d952,,09/26/2022 07:30:00 PM,30,NO CONTROLS,NO CONTROLS,CLEAR,"DARKNESS, LIGHTED ROAD",PARKED MOTOR VEHICLE,ONE-WAY,,STRAIGHT AND LEVEL,DRY,NO DEFECTS,NOT ON SCENE (DESK REPORT),NO INJURY / DRIVE AWAY,,,,"OVER $1,500",09/26/2022 08:00:00 PM,IMPROPER BACKING,UNABLE TO DETERMINE,2301,W,DEVON AVE,2413.0,,,,,,,2,NO INDICATION OF INJURY,0.0,0.0,0.0,0.0,0.0,1.0,0.0,19,2,9,41.9976615828,-87.6875036434,POINT (-87.687503643363 41.997661582787)
f64f348ab13c6f5b36cacc6d8cb8b128406bade175015b164eea3be2b5c741a4b6b08d5a9da234b34ee50a1b549c63dcece7660bc3c56bd54a703d104ccb0b98,,10/28/2017 08:55:00 PM,30,NO CONTROLS,NO CONTROLS,CLEAR,DARKNESS,REAR END,DIVIDED - W/MEDIAN (NOT RAISED),4,STRAIGHT AND LEVEL,DRY,NO DEFECTS,NOT ON SCENE (DESK REPORT),NO INJURY / DRIVE AWAY,,,,"$501 - $1,500",10/28/2017 09:48:00 PM,FOLLOWING TOO CLOSELY,UNABLE TO DETERMINE,2642,N,MILWAUKEE AVE,1412.0,,,,,,,2,NO INDICATION OF INJURY,0.0,0.0,0.0,0.0,0.0,3.0,0.0,20,7,10,41.9297441881,-87.7087448181,POINT (-87.708744818117 41.929744188132)
0bc9d6ae5e1b54824a33dc8e9ffc259232ef3653882f692eee0b1de00f7609c0ff5968078910f7c302945f3595c713e984e0629592c4131602df2ca47d7ebb11,,11/28/2020 06:40:00 PM,30,NO CONTROLS,NO CONTROLS,CLEAR,"DARKNESS, LIGHTED ROAD",SIDESWIPE SAME DIRECTION,NOT DIVIDED,,STRAIGHT AND LEVEL,DRY,NO DEFECTS,NOT ON SCENE (DESK REPORT),NO INJURY / DRIVE AWAY,,,,$500 OR LESS,11/28/2020 07:00:00 PM,NOT APPLICABLE,NOT APPLICABLE,100,W,MARQUETTE RD,722.0,,,,,,,2,NO INDICATION OF INJURY,0.0,0.0,0.0,0.0,0.0,3.0,0.0,18,7,11,41.7728178324,-87.6275913999,POINT (-87.627591399853 41.772817832432)
3c4a3280b000a5fce442b493ed37e807d35e4cbd2424383be7579116420dc4cd8338ef5ee12b58245ec5840ac412a3a35c4ef337da91c394538fa9a6eef64ceb,Y,08/11/2019 10:38:00 AM,25,TRAFFIC SIGNAL,FUNCTIONING PROPERLY,CLEAR,DAYLIGHT,SIDESWIPE SAME DIRECTION,NOT DIVIDED,,STRAIGHT AND LEVEL,DRY,NO DEFECTS,ON SCENE,NO INJURY / DRIVE AWAY,,,Y,"$501 - $1,500",08/11/2019 10:40:00 AM,IMPROPER OVERTAKING/PASSING,UNABLE TO DETERMINE,2401,S,CALIFORNIA AVE,1034.0,,,,,,,2,NO INDICATION OF INJURY,0.0,0.0,0.0,0.0,0.0,3.0,0.0,10,1,8,41.8482472925,-87.6951973119,POINT (-87.69519731187 41.848247292532)
e50f9d622eaf7f0f45fa8b1ed065937a42ab06e30a0b9bf667a747aa5ceb71b59254a4f1765b7f32a30be186e4df018ac7389d744af5201720d9930b7519841b,Y,06/21/2019 08:00:00 AM,30,NO CONTROLS,NO CONTROLS,UNKNOWN,UNKNOWN,PARKED MOTOR VEHICLE,NOT DIVIDED,,STRAIGHT AND LEVEL,UNKNOWN,NO DEFECTS,NOT ON SCENE (DESK REPORT),NO INJURY / DRIVE AWAY,,,Y,"OVER $1,500",06/21/2019 12:50:00 PM,NOT APPLICABLE,UNABLE TO DETERMINE,5318,S,KEDZIE AVE,822.0,,,,,,,2,NO INDICATION OF INJURY,0.0,0.0,0.0,0.0,0.0,1.0,0.0,8,6,6,41.7965901985,-87.7037906648,POINT (-87.703790664772 41.796590198463)
e7118dbdd3f56790e576ba0ad68a7e33fe6eb4404c7b8ca0677805db454e7fb5d22074a63c7b8588c151853e9daaf3736d03d2edc39dc7b29f35ec3d2b3989f1,,10/18/2021 03:30:00 PM,30,NO CONTROLS,NO CONTROLS,CLEAR,DAYLIGHT,SIDESWIPE SAME DIRECTION,NOT DIVIDED,,STRAIGHT AND LEVEL,DRY,NO DEFECTS,ON SCENE,NO INJURY / DRIVE AWAY,,,Y,$500 OR LESS,10/18/2021 03:31:00 PM,UNABLE TO DETERMINE,NOT APPLICABLE,2411,W,HOWARD ST,2411.0,,,,,,,2,NO INDICATION OF INJURY,0.0,0.0,0.0,0.0,0.0,2.0,0.0,15,2,10,42.01941006,-87.690648255,POINT (-87.690648255037 42.01941006003)
49c4a3e147876869eebb0352d0aa38e388202ec9be8553318ede1e00629e6676154172a738b8a2c1eeb7b49b07b70e63b8c51a94084eedf81e3f992a60819c14,,05/10/2022 03:16:00 PM,30,TRAFFIC SIGNAL,FUNCTIONING PROPERLY,CLEAR,DAYLIGHT,PEDALCYCLIST,FOUR WAY,,STRAIGHT AND LEVEL,DRY,NO DEFECTS,ON SCENE,INJURY AND / OR TOW DUE TO CRASH,Y,,,"OVER $1,500",05/10/2022 03:16:00 PM,IMPROPER TURNING/NO SIGNAL,FAILING TO YIELD RIGHT-OF-WAY,4599,N,LINCOLN AVE,1911.0,,,,,,,2,NONINCAPACITATING INJURY,1.0,0.0,0.0,1.0,0.0,1.0,0.0,15,3,5,41.9648709914,-87.6859329953,POINT (-87.685932995295 41.964870991382)
0d4ce6d29af0b345d21e34c3b0646b99c0e7c7fc6e3287ab814cdd4c97c1ab4ee1b430df13f5a003cd05c4390a1c4e7247588d60065d1637225aa767f79d7820,,12/05/2021 02:36:00 AM,35,NO CONTROLS,NO CONTROLS,CLEAR,"DARKNESS, LIGHTED ROAD",PARKED MOTOR VEHICLE,NOT DIVIDED,,STRAIGHT AND LEVEL,DRY,NO DEFECTS,ON SCENE,INJURY AND / OR TOW DUE TO CRASH,,N,,"OVER $1,500",12/05/2021 03:10:00 AM,DISTRACTION - FROM OUTSIDE VEHICLE,NOT APPLICABLE,6334,S,CALIFORNIA AVE,823.0,,,,,,,4,NO INDICATION OF INJURY,0.0,0.0,0.0,0.0,0.0,1.0,0.0,2,1,12,41.7780423509,-87.693510551,POINT (-87.693510551001 41.778042350867)