CRASH_RECORD_ID,CRASH_DATE_EST_I,CRASH_DATE,POSTED_SPEED_LIMIT,TRAFFIC_CONTROL_DEVICE,DEVICE_CONDITION,WEATHER_CONDITION,LIGHTING_CONDITION,FIRST_CRASH_TYPE,TRAFFICWAY_TYPE,LANE_CNT,ALIGNMENT,ROADWAY_SURFACE_COND,ROAD_DEFECT,REPORT_TYPE,CRASH_TYPE,INTERSECTION_RELATED_I,NOT_RIGHT_OF_WAY_I,HIT_AND_RUN_I,DAMAGE,DATE_POLICE_NOTIFIED,PRIM_CONTRIBUTORY_CAUSE,SEC_CONTRIBUTORY_CAUSE,STREET_NO,STREET_DIRECTION,STREET_NAME,BEAT_OF_OCCURRENCE,PHOTOS_TAKEN_I,STATEMENTS_TAKEN_I,DOORING_I,WORK_ZONE_I,WORK_ZONE_TYPE,WORKERS_PRESENT_I,NUM_UNITS,MOST_SEVERE_INJURY,INJURIES_TOTAL,INJURIES_FATAL,INJURIES_INCAPACITATING,INJURIES_NON_INCAPACITATING,INJURIES_REPORTED_NOT_EVIDENT,INJURIES_NO_INDICATION,INJURIES_UNKNOWN,CRASH_HOUR,CRASH_DAY_OF_WEEK,CRASH_MONTH,LATITUDE,LONGITUDE,LOCATION
6c8fcc685a77880557c6266736a14ed85158577fadb5ec07aecf1707902206600b52efa5876b141c54300b76922bfdcb9f9ebce60f824d1eb2af65c189a8e58c,,06/08/2022 01:00:00 AM,25,STOP SIGN/FLASHER,FUNCTIONING PROPERLY,CLEAR,"DARKNESS, LIGHTED ROAD",TURNING,DIVIDED - W/MEDIAN (NOT RAISED),,STRAIGHT AND LEVEL,DRY,NO DEFECTS,NOT ON SCENE (DESK REPORT),NO INJURY / DRIVE AWAY,Y,,Y,"OVER $1,500",06/12/2022 01:30:00 PM,IMPROPER OVERTAKING/PASSING,FOLLOWING TOO CLOSELY,7109,S,JEFFERY BLVD,333.0,,,,,,,2,NO INDICATION OF INJURY,0.0,0.0,0.0,0.0,0.0,2.0,0.0,1,4,6,41.7658164158,-87.5761454752,POINT (-87.576145475166 41.765816415803)
cc01259040bd6f0d8a48cb13913acf6a5e09f1f2caf4fdc382789937986f2b8215b8a1004750004f314896596ce1059b37416b2a281f2b62dced71c331d09217,Y,11/20/2023 12:01:00 AM,30,NO CONTROLS,NO CONTROLS,CLEAR,"DARKNESS, LIGHTED ROAD",PARKED MOTOR VEHICLE,ONE-WAY,,STRAIGHT AND LEVEL,DRY,NO DEFECTS,,INJURY AND / OR TOW DUE TO CRASH,,,,"OVER $1,500",11/20/2023 10:30:00 AM,UNABLE TO DETERMINE,EQUIPMENT - VEHICLE CONDITION,5104,S,LAWLER AVE,814.0,,,,,,,3,NO INDICATION OF INJURY,0.0,0.0,0.0,0.0,0.0,1.0,0.0,0,2,11,41.8000332671,-87.7492120582,POINT (-87.749212058173 41.800033267052)
a2b26619234726d0d44dd34ce0d9f227c95d1f3d5ce580b96ae5a6cb203498f4dfca8a474b4c1496fa955c91e8811948c47378118d043324a845da09af97e0d6,Y,10/14/2016 12:30:00 PM,30,NO CONTROLS,NO CONTROLS,CLEAR,DAYLIGHT,PARKED MOTOR VEHICLE,ONE-WAY,1,STRAIGHT AND LEVEL,DRY,NO DEFECTS,NOT ON SCENE (DESK REPORT),NO INJURY / DRIVE AWAY,,,,"OVER $1,500",10/14/2016 05:46:00 PM,UNABLE TO DETERMINE,UNABLE TO DETERMINE,224,W,108TH ST,513.0,Y,,,,,,2,NO INDICATION OF INJURY,0.0,0.0,0.0,0.0,0.0,1.0,0.0,12,6,10,41.6980900427,-87.6290610715,POINT (-87.629061071521 41.698090042712)
60ec57be3b72f51db7609b069cf8132f7db6ed651cd1bdbf886d22efd9643f234a6f7b5949b044d68dfda0295d3d12441b958a02ce64b99a11ee1b760c32fd5e,,05/15/2025 09:55:00 PM,30,STOP SIGN/FLASHER,FUNCTIONING PROPERLY,CLEAR,"DARKNESS, LIGHTED ROAD",ANGLE,FOUR WAY,,STRAIGHT AND LEVEL,WET,NO DEFECTS,ON SCENE,INJURY AND / OR TOW DUE TO CRASH,Y,,,"OVER $1,500",05/15/2025 10:17:00 PM,FAILING TO YIELD RIGHT-OF-WAY,FAILING TO YIELD RIGHT-OF-WAY,7301,S,EXCHANGE AVE,334.0,,,,,,,2,NO INDICATION OF INJURY,0.0,0.0,0.0,0.0,0.0,4.0,0.0,21,5,5,41.7627109859,-87.5631281767,POINT (-87.563128176727 41.762710985909)
04dc239d3d98f034c5a02ec30606ff29e10a334ca5bc5860d76e27a3f8bc985c59be922d4e0a7fac1ad9e5441aa50008b005797091ef05d1f04a8fb21fa29909,,12/31/2019 06:00:00 PM,30,STOP SIGN/FLASHER,FUNCTIONING PROPERLY,CLEAR,DARKNESS,ANGLE,FOUR WAY,,STRAIGHT AND LEVEL,DRY,NO DEFECTS,NOT ON SCENE (DESK REPORT),NO INJURY / DRIVE AWAY,,,,"OVER $1,500",12/31/2019 06:30:00 PM,DISREGARDING STOP SIGN,DISREGARDING STOP SIGN,6400,S,JUSTINE ST,725.0,,,,,,,2,NO INDICATION OF INJURY,0.0,0.0,0.0,0.0,0.0,4.0,0.0,18,3,12,41.7775793119,-87.6630828597,POINT (-87.663082859744 41.777579311907)
f2ed883b5cb82702356308f4f097f4746f5b81f7f9314f93dfd039c176cfdfacc7be612d0162361a135f146b5a1f57cf466e53a9ad5120259037a244509d6233,,09/23/2024 06:20:00 PM,30,UNKNOWN,UNKNOWN,UNKNOWN,UNKNOWN,REAR END,NOT DIVIDED,,STRAIGHT AND LEVEL,UNKNOWN,UNKNOWN,NOT ON SCENE (DESK REPORT),INJURY AND / OR TOW DUE TO CRASH,,,,"OVER $1,500",09/23/2024 06:40:00 PM,UNABLE TO DETERMINE,UNABLE TO DETERMINE,1040,W,BELMONT AVE,1924.0,,,,,,,2,NO INDICATION OF INJURY,0.0,0.0,0.0,0.0,0.0,2.0,0.0,18,2,9,41.939995833,-87.6557220113,POINT (-87.655722011276 41.939995832961)
81bcb54b5a28748fe4a3fc5a48c8e5ce090b04e981d6daee25cd96499e7f14a4340ef3e512212cdcfe103cff2d980de1ce1f001ed0e54f7229e4d5e1ed2261dc,,08/14/2016 02:30:00 PM,0,NO CONTROLS,NO CONTROLS,CLEAR,DAYLIGHT,REAR END,NOT DIVIDED,2,STRAIGHT AND LEVEL,DRY,NO DEFECTS,NOT ON SCENE (DESK REPORT),NO INJURY / DRIVE AWAY,,,,"OVER $1,500",08/15/2016 03:30:00 PM,FOLLOWING TOO CLOSELY,FOLLOWING TOO CLOSELY,1707,W,47TH ST,931.0,,,,,,,2,NO INDICATION OF INJURY,0.0,0.0,0.0,0.0,0.0,2.0,0.0,14,1,8,41.8084687952,-87.6677274811,POINT (-87.667727481144 41.80846879521)
278f35ab001fd6d2e13a36d5df83c16ae91eb2c18fc2ce966416502981b07d10c70c016174b5b2912bce9947a7f85dbdfaea04411c79f9a5d7ffe62e4ecc4f61,,11/09/2015 02:00:00 AM,25,NO CONTROLS,NO CONTROLS,CLEAR,"DARKNESS, LIGHTED ROAD",PARKED MOTOR VEHICLE,ONE-WAY,1,STRAIGHT AND LEVEL,DRY,NO DEFECTS,NOT ON SCENE (DESK REPORT),NO INJURY / DRIVE AWAY,,,Y,"$501 - $1,500",11/11/2015 12:55:00 PM,UNABLE TO DETERMINE,UNABLE TO DETERMINE,4719,W,VAN BUREN ST,1131.0,,,,,,,2,NO INDICATION OF INJURY,0.0,0.0,0.0,0.0,0.0,1.0,0.0,2,2,11,41.8749323906,-87.7434342364,POINT (-87.743434236408 41.874932390621)
bb4d170ce25536ddd7ca86dbd4017bbc3a4f74846fa357acd672ca010f7ed455144517dee18e6ef17a1d65fa2fcb8587dface0740fed72899bbf48bd60f11870,,02/15/2017 09:20:00 AM,20,NO CONTROLS,NO CONTROLS,CLEAR,DAYLIGHT,HEAD ON,NOT DIVIDED,2,STRAIGHT AND LEVEL,DRY,NO DEFECTS,NOT ON SCENE (DESK REPORT),NO INJURY / DRIVE AWAY,,,,"OVER $1,500",02/15/2017 03:00:00 PM,DRIVING SKILLS/KNOWLEDGE/EXPERIENCE,UNABLE TO DETERMINE,2400,W,46TH PL,922.0,,,,,,,2,NO INDICATION OF INJURY,0.0,0.0,0.0,0.0,0.0,2.0,0.0,9,4,2,41.8094602272,-87.6845979717,POINT (-87.684597971689 41.809460227236)
9d6983f3bb6b30b69c60788540ceb7872242b7aca6246f513c5b9c42f52287a7ff3497da754fa1993364987a28c27b3c6a1c5488caad23107f3c23d2f3f688fe,,02/10/2020 02:15:00 PM,30,TRAFFIC SIGNAL,FUNCTIONING PROPERLY,CLEAR,DAYLIGHT,ANGLE,FOUR WAY,,STRAIGHT AND LEVEL,DRY,UNKNOWN,NOT ON SCENE (DESK REPORT),NO INJURY / DRIVE AWAY,,,Y,"OVER $1,500",02/10/2020 03:11:00 PM,UNABLE TO DETERMINE,UNABLE TO DETERMINE,4500,W,MADISON ST,1113.0,,,,,,,2,NO INDICATION OF INJURY,0.0,0.0,0.0,0.0,0.0,2.0,0.0,14,2,2,41.8806910757,-87.7380381315,POINT (-87.738038131465 41.880691075693)
e18464cd534295a41be7e4329ee84b5f325c4bf8e7780216e2b9b4cfe3ff555514e9e3f4fb35475f2018b68a3fe8f43969fbd09670da148df9efc0118719d89e,,12/09/2019 06:04:00 AM,30,TRAFFIC SIGNAL,FUNCTIONING PROPERLY,RAIN,"DARKNESS, LIGHTED ROAD",SIDESWIPE SAME DIRECTION,Y-INTERSECTION,,STRAIGHT AND LEVEL,WET,UNKNOWN,NOT ON SCENE (DESK REPORT),NO INJURY / DRIVE AWAY,Y,,,"$501 - $1,500",12/09/2019 07:05:00 AM,UNABLE TO DETERMINE,UNABLE TO DETERMINE,6401,W,ARCHER AVE,811.0,,,,,,,2,NO INDICATION OF INJURY,0.0,0.0,0.0,0.0,0.0,4.0,0.0,6,2,12,41.7922362628,-87.781856168,POINT (-87.781856167959 41.792236262806)
9f2bc40872b4a58034e71a6342bc01cdc3706618436294db187c364fe963682ce89eca9a80e43212e2fb809bc31cd676a7fe5e09f35c4b4faebadbb6ee051dd8,,10/03/2023 10:25:00 AM,30,NO CONTROLS,NO CONTROLS,CLEAR,DAYLIGHT,SIDESWIPE SAME DIRECTION,DIVIDED - W/MEDIAN (NOT RAISED),,STRAIGHT AND LEVEL,DRY,NO DEFECTS,ON SCENE,NO INJURY / DRIVE AWAY,,,,"$501 - $1,500",10/03/2023 10:28:00 AM,IMPROPER TURNING/NO SIGNAL,UNABLE TO DETERMINE,5549,N,BROADWAY,2023.0,,,,,,,2,NO INDICATION OF INJURY,0.0,0.0,0.0,0.0,0.0,2.0,0.0,10,3,10,41.983250232,-87.6599109897,POINT (-87.659910989749 41.983250231974)
9d4611be94522cdcafb591d2558b9c8e1c378bf4f87616cdab4255b4118bd7ea74c90cf08a4d045c820c0ff09b1a9d3b95d4a7771fef3d2e9b40fac03d0eabb9,,02/15/2025 05:00:00 AM,30,UNKNOWN,UNKNOWN,SNOW,DUSK,PARKED MOTOR VEHICLE,DIVIDED - W/MEDIAN (NOT RAISED),,STRAIGHT AND LEVEL,SNOW OR SLUSH,UNKNOWN,,NO INJURY / DRIVE AWAY,,,,$500 OR LESS,02/15/2025 05:13:00 AM,UNDER THE INFLUENCE OF ALCOHOL/DRUGS (USE WHEN ARREST IS EFFECTED),UNDER THE INFLUENCE OF ALCOHOL/DRUGS (USE WHEN ARREST IS EFFECTED),821,W,VAN BUREN ST,1232.0,,,,,,,2,NO INDICATION OF INJURY,0.0,0.0,0.0,0.0,0.0,1.0,0.0,5,7,2,41.8765480577,-87.6481325761,POINT (-87.648132576063 41.876548057714)
6a88b69b61de0eb32cf04874064a11741ccbe68db0b51e017dbb564119529e4a3bdb944fb4b948ca15caf80ede27e4b403d4a88beb44e92b0d8c88a8390df241,,07/14/2020 07:15:00 PM,30,TRAFFIC SIGNAL,FUNCTIONING PROPERLY,CLEAR,DUSK,REAR END,NOT DIVIDED,,STRAIGHT AND LEVEL,DRY,UNKNOWN,NOT ON SCENE (DESK REPORT),NO INJURY / DRIVE AWAY,,,,"OVER $1,500",07/14/2020 07:30:00 PM,UNABLE TO DETERMINE,UNABLE TO DETERMINE,7900,S,PULASKI RD,834.0,,,,,,,2,NO INDICATION OF INJURY,0.0,0.0,0.0,0.0,0.0,2.0,0.0,19,3,7,41.7493390001,-87.7220520909,POINT (-87.722052090915 41.749339000082)
2a5c3f420bba5291a83d1aeb9acc7bbe40428168ecf140005d8ff3302f6bb87b1b8cfeb41492076c330abfbf7a190d54a47d55aad453c06ca9f3ab59b2722704,,10/29/2025 08:35:00 PM,30,TRAFFIC SIGNAL,FUNCTIONING PROPERLY,CLEAR,"DARKNESS, LIGHTED ROAD",TURNING,FOUR WAY,,STRAIGHT AND LEVEL,UNKNOWN,UNKNOWN,NOT ON SCENE (DESK REPORT),INJURY AND / OR TOW DUE TO CRASH,Y,,,"OVER $1,500",10/29/2025 09:50:00 PM,UNABLE TO DETERMINE,NOT APPLICABLE,700,S,LARAMIE AVE,1522.0,,,,,,,2,NO INDICATION OF INJURY,0.0,0.0,0.0,0.0,0.0,2.0,0.0,20,4,10,41.8719389852,-87.75491455,POINT (-87.754914549958 41.871938985166)
f81439972c3c8bfb5bd379749d0123402d858e46cec72a081d54ee612cb385cb5821b76de79a9e8d66e9265398438f44982c10f8488c6f3e4373808f2f4dfd02,Y,08/06/2018 07:32:00 PM,30,TRAFFIC SIGNAL,FUNCTIONING PROPERLY,CLEAR,DAYLIGHT,SIDESWIPE SAME DIRECTION,ONE-WAY,3,STRAIGHT AND LEVEL,DRY,NO DEFECTS,ON SCENE,NO INJURY / DRIVE AWAY,,,,"OVER $1,500",08/06/2018 07:32:00 PM,UNABLE TO DETERMINE,UNABLE TO DETERMINE,431,N,DEARBORN ST,1831.0,,N,,,,,2,NO INDICATION OF INJURY,0.0,0.0,0.0,0.0,0.0,5.0,0.0,19,2,8,41.8900821736,-87.6294615288,POINT (-87.629461528774 41.890082173601)
a87522218a4c111198d6f7ba22df6cecd85733de348c3979d89c5a53e3cec322db6325648a15414b53d99d857250a2ec22b0a96856ecd784df763a8addbdac33,,03/18/2016 02:30:00 PM,30,TRAFFIC SIGNAL,FUNCTIONING PROPERLY,CLEAR,DAYLIGHT,REAR END,NOT DIVIDED,4,STRAIGHT AND LEVEL,DRY,NO DEFECTS,NOT ON SCENE (DESK REPORT),NO INJURY / DRIVE AWAY,,,,"$501 - $1,500",03/22/2016 12:50:00 PM,UNABLE TO DETERMINE,UNABLE TO DETERMINE,6404,N,SHERIDAN RD,2432.0,,,,,,,2,NO INDICATION OF INJURY,0.0,0.0,0.0,0.0,0.0,2.0,0.0,14,6,3,41.9983311141,-87.6607125267,POINT (-87.660712526744 41.998331114115)
cedba2ae6b0fd63a35b4210a998da765a447d7d243ccbfd19a091f739b255cd21258e0179c58d28424c67850e87ab2cac96669a2aa9d6d954cf631da87f86c66,,02/21/2018 06:38:00 PM,30,NO CONTROLS,NO CONTROLS,CLEAR,DARKNESS,REAR END,NOT DIVIDED,,STRAIGHT AND LEVEL,DRY,NO DEFECTS,NOT ON SCENE (DESK REPORT),INJURY AND / OR TOW DUE TO CRASH,,,,"$501 - $1,500",02/21/2018 07:10:00 PM,FOLLOWING TOO CLOSELY,UNABLE TO DETERMINE,3234,N,WESTERN AVE,1921.0,,,,,,,2,INCAPACITATING INJURY,1.0,0.0,1.0,0.0,0.0,1.0,0.0,18,4,2,41.9405041356,-87.6883474176,POINT (-87.688347417608 41.940504135624)
043fb8d2bc291d6abafadd2894bfa0b9f026ef151025011753347fc651eaf63a0f3b2255589e19ec902992e71b7701b41c342d50ae6db51c92eca809bfa70f57,Y,01/14/2018 12:00:00 AM,20,NO CONTROLS,NO CONTROLS,UNKNOWN,DARKNESS,PARKED MOTOR VEHICLE,DRIVEWAY,,STRAIGHT AND LEVEL,UNKNOWN,UNKNOWN,NOT ON SCENE (DESK REPORT),NO INJURY / DRIVE AWAY,,,Y,"OVER $1,500",01/20/2018 11:30:00 AM,UNABLE TO DETERMINE,NOT APPLICABLE,4812,W,NEWPORT AVE,1634.0,,,,,,,2,NO INDICATION OF INJURY,0.0,0.0,0.0,0.0,0.0,1.0,0.0,0,1,1,41.9434913859,-87.7475571301,POINT (-87.747557130057 41.943491385856)
53d09125211b655e3d1043a11addbee322794ee38b8f8aa8f7dba251956cc73570f1682167175d6e141d2917ef6dc99759c00695c49f3ebbca31f07feff60da5,,10/19/2019 03:28:00 AM,30,NO CONTROLS,NO CONTROLS,CLEAR,"DARKNESS, LIGHTED ROAD",PARKED MOTOR VEHICLE,NOT DIVIDED,,STRAIGHT AND LEVEL,DRY,NO DEFECTS,ON SCENE,INJURY AND / OR TOW DUE TO CRASH,,,,"OVER $1,500",10/19/2019 03:28:00 AM,DISTRACTION - FROM INSIDE VEHICLE,"VISION OBSCURED (SIGNS, TREE LIMBS, BUILDINGS, ETC.)",11742,S,VINCENNES AVE,2212.0,,,,,,,2,NO INDICATION OF INJURY,0.0,0.0,0.0,0.0,0.0,2.0,0.0,3,7,10,41.6804628449,-87.6702948469,POINT (-87.670294846945 41.680462844903)
983bf928680ffc245fda16e58cb1c15ca5578057638bda3954a0657f6c6dfe37fbdaf3c67c7a3b92b9de6766b67e82c9cba27929522b5dbb7a35d2dc341dc9e3,,12/09/2017 10:25:00 PM,30,NO CONTROLS,NO CONTROLS,CLEAR,"DARKNESS, LIGHTED ROAD",PEDESTRIAN,ONE-WAY,,STRAIGHT AND LEVEL,DRY,NO DEFECTS,ON SCENE,INJURY AND / OR TOW DUE TO CRASH,,,,$500 OR LESS,12/09/2017 10:40:00 PM,UNABLE TO DETERMINE,NOT APPLICABLE,71,W,MONROE ST,112.0,,,,,,,2,NONINCAPACITATING INJURY,1.0,0.0,0.0,1.0,0.0,1.0,0.0,22,7,12,41.8805918954,-87.630442327,POINT (-87.630442327033 41.880591895361)
a7db3f136ead09f080404a7212d141daa7bb266d35c5436a49eca20a7561eee905665ea1429bf39b04b03841e1dfa62d3331f62916fff1cccad3cfc40c07d3f9,,01/23/2025 08:04:00 AM,30,NO CONTROLS,NO CONTROLS,CLEAR,DAYLIGHT,SIDESWIPE SAME DIRECTION,CENTER TURN LANE,,STRAIGHT AND LEVEL,DRY,NO DEFECTS,,NO INJURY / DRIVE AWAY,,,,"OVER $1,500",01/23/2025 11:15:00 AM,UNABLE TO DETERMINE,NOT APPLICABLE,6414,S,COTTAGE GROVE AVE,312.0,,,,,,,2,NO INDICATION OF INJURY,0.0,0.0,0.0,0.0,0.0,2.0,0.0,8,5,1,41.7781067208,-87.6060262669,POINT (-87.606026266891 41.778106720776)
b5e293c82d5834b3ada1e45264a046a6a8596a942cb0ed445da002cfb01daf2773e68ff41819b86916827bb8b04cf0c70df5faeba3a5c7c0fa4d8386aae3411d,,01/23/2018 06:00:00 AM,15,NO CONTROLS,NO CONTROLS,SNOW,"DARKNESS, LIGHTED ROAD",PARKED MOTOR VEHICLE,PARKING LOT,,STRAIGHT AND LEVEL,WET,NO DEFECTS,ON SCENE,NO INJURY / DRIVE AWAY,,Y,,"$501 - $1,500",01/23/2018 06:23:00 AM,IMPROPER BACKING,UNABLE TO DETERMINE,3611,S,MICHIGAN AVE,212.0,,,,,,,2,NO INDICATION OF INJURY,0.0,0.0,0.0,0.0,0.0,1.0,0.0,6,3,1,41.8292746176,-87.6230655897,POINT (-87.623065589719 41.829274617585)
231a8338a899cfc8b4a62dba7e27527c29794a59c978280f9bf0fa44107a5860af0ac6f3cee25d1c27fe8a9117dcd009076917fed62797384eb135175e2acb63,,06/23/2016 02:50:00 AM,30,STOP SIGN/FLASHER,FUNCTIONING PROPERLY,CLEAR,"DARKNESS, LIGHTED ROAD",ANGLE,DIVIDED - W/MEDIAN (NOT RAISED),2,STRAIGHT AND LEVEL,DRY,NO DEFECTS,ON SCENE,NO INJURY / DRIVE AWAY,Y,,,"OVER $1,500",06/23/2016 02:54:00 AM,FAILING TO YIELD RIGHT-OF-WAY,UNABLE TO DETERMINE,2331,N,LARAMIE AVE,2522.0,,,,,,,2,NO INDICATION OF INJURY,0.0,0.0,0.0,0.0,0.0,2.0,0.0,2,5,6,41.9231507908,-87.7559619617,POINT (-87.755961961702 41.923150790794)
73541454945ac8ea79e2b4bc5ad4983d47034ba2f4a46bd50b764d70d90470d1d09479ad2d58c0d075ca341bda37c6c4d75a5b4bd88b2813ef01b5a0f1a88739,,07/20/2022 02:30:00 PM,30,NO CONTROLS,NO CONTROLS,CLEAR,DAYLIGHT,REAR END,NOT DIVIDED,,STRAIGHT AND LEVEL,DRY,NO DEFECTS,NOT ON SCENE (DESK REPORT),NO INJURY / DRIVE AWAY,,,,"$501 - $1,500",07/20/2022 06:52:00 PM,FOLLOWING TOO CLOSELY,FOLLOWING TOO CLOSELY,8700,S,HALSTED ST,2223.0,,,,,,,2,NO INDICATION OF INJURY,0.0,0.0,0.0,0.0,0.0,2.0,0.0,14,4,7,41.7357852665,-87.6437588296,POINT (-87.643758829628 41.735785266472)
2f9036b6f54b93873e095a4da5add388caf876b7a79b9b4034454f04235d54631c6216ba267b9cc27bf69d0eaf286f70e82f11440aa8b0479d7c065043385817,,03/11/2016 04:45:00 PM,30,NO CONTROLS,NO CONTROLS,CLEAR,DAYLIGHT,OTHER OBJECT,ONE-WAY,1,STRAIGHT AND LEVEL,DRY,"RUT, HOLES",NOT ON SCENE (DESK REPORT),NO INJURY / DRIVE AWAY,,,,"$501 - $1,500",03/14/2016 05:00:00 PM,UNABLE TO DETERMINE,NOT APPLICABLE,5100,W,ADAMS ST,1533.0,,,,,,,1,NO INDICATION OF INJURY,0.0,0.0,0.0,0.0,0.0,1.0,0.0,16,6,3,41.8786001874,-87.7535627144,POINT (-87.753562714425 41.878600187355)
3a02c203da2efca6b2f6d31b2d5159e74e754a03e52584f86ec6e5c9e6c485d75561247ed5e8559258a37a73189f91c56ca749906600b0e29b1db8fed3a0174c,,09/02/2022 12:19:00 PM,30,STOP SIGN/FLASHER,OTHER,CLEAR,DAYLIGHT,REAR END,NOT DIVIDED,,STRAIGHT AND LEVEL,DRY,NO DEFECTS,ON SCENE,NO INJURY / DRIVE AWAY,,,,"OVER $1,500",09/02/2022 12:20:00 PM,UNABLE TO DETERMINE,NOT APPLICABLE,1436,E,HYDE PARK BLVD,222.0,,,,,,,3,NO INDICATION OF INJURY,0.0,0.0,0.0,0.0,0.0,3.0,0.0,12,6,9,41.8025478312,-87.590441206,POINT (-87.590441205998 41.802547831213)
1404d370060c62dac0e4f333d17872cfc477875e55ae41abbf8693eea105baee4deee4f01041b4a1e65b6e5068dd96b907695ab797e7e06e49d305746b6b193a,,02/02/2018 09:05:00 AM,25,STOP SIGN/FLASHER,FUNCTIONING PROPERLY,CLEAR,DAYLIGHT,TURNING,NOT DIVIDED,2,STRAIGHT ON GRADE,DRY,NO DEFECTS,ON SCENE,INJURY AND / OR TOW DUE TO CRASH,Y,,,"OVER $1,500",02/02/2018 09:10:00 AM,IMPROPER TURNING/NO SIGNAL,FAILING TO REDUCE SPEED TO AVOID CRASH,5002,N,KEDVALE AVE,1712.0,,,,,,,2,NO INDICATION OF INJURY,0.0,0.0,0.0,0.0,0.0,2.0,0.0,9,6,2,41.9719886627,-87.731982473,POINT (-87.731982473025 41.971988662674)
7f32400b7291680731f18863de04d614fbeaf587d4d033f6d7727143e3e01cd0c8380d06a3264be3914834aaab552c6fb80c7c255e30a531383b3df136c84413,,02/23/2025 02:46:00 AM,30,TRAFFIC SIGNAL,UNKNOWN,CLEAR,"DARKNESS, LIGHTED ROAD",TURNING,NOT DIVIDED,,STRAIGHT AND LEVEL,DRY,NO DEFECTS,NOT ON SCENE (DESK REPORT),NO INJURY / DRIVE AWAY,Y,,Y,"OVER $1,500",02/23/2025 01:00:00 PM,NOT APPLICABLE,NOT APPLICABLE,3973,W,HARRISON ST,1132.0,,,,,,,2,NO INDICATION OF INJURY,0.0,0.0,0.0,0.0,0.0,2.0,0.0,2,1,2,41.8733336852,-87.7253290045,POINT (-87.72532900451 41.873333685166)
baae597c90fc88cddeb6f25b087f6f5714004a42fc96cc1d242339844a48aa6ae8d91e80e6dad1c4a3cc1c8f731e4c5a1f7b02e9dcd9f3a8855e549cee15cc46,,10/30/2019 12:30:00 PM,30,STOP SIGN/FLASHER,FUNCTIONING PROPERLY,FREEZING RAIN/DRIZZLE,DAYLIGHT,REAR END,NOT DIVIDED,,STRAIGHT AND LEVEL,WET,NO DEFECTS,NOT ON SCENE (DESK REPORT),NO INJURY / DRIVE AWAY,Y,,Y,$500 OR LESS,10/30/2019 01:10:00 PM,FOLLOWING TOO CLOSELY,NOT APPLICABLE,11500,S,HALSTED ST,524.0,,,,,,,2,NO INDICATION OF INJURY,0.0,0.0,0.0,0.0,0.0,3.0,0.0,12,4,10,41.6850262563,-87.642297367,POINT (-87.642297366963 41.685026256307)
e94388ef62c7c252e63d1d7348457b98cf94eb90c784b7bb6f20fecf94803b437a7f966262d4aec8859ba3ac9b99e83cb4a5e56932a2609c515dc03406db19f0,,10/30/2018 10:54:00 PM,30,TRAFFIC SIGNAL,FUNCTIONING PROPERLY,RAIN,"DARKNESS, LIGHTED ROAD",FIXED OBJECT,NOT DIVIDED,2,STRAIGHT AND LEVEL,WET,OTHER,ON SCENE,NO INJURY / DRIVE AWAY,,Y,,"OVER $1,500",10/30/2018 10:55:00 PM,DRIVING SKILLS/KNOWLEDGE/EXPERIENCE,NOT APPLICABLE,3179,N,CLARK ST,1933.0,,,,,,,1,NO INDICATION OF INJURY,0.0,0.0,0.0,0.0,0.0,1.0,0.0,22,3,10,41.9398696247,-87.6504398988,POINT (-87.650439898824 41.939869624693)
cd56f82e3583d9456daaebdf61815e70b090fc16dab4b7b2c52fdb8810fb1ef0cf7f4dfd02620bccef9666cb4904b8d7a6cf8d9c268b99934154518cc5993340,,10/29/2023 02:00:00 AM,30,TRAFFIC SIGNAL,UNKNOWN,RAIN,DAWN,ANGLE,NOT DIVIDED,,STRAIGHT AND LEVEL,WET,UNKNOWN,ON SCENE,INJURY AND / OR TOW DUE TO CRASH,,,Y,"$501 - $1,500",10/29/2023 04:25:00 PM,UNABLE TO DETERMINE,NOT APPLICABLE,8300,S,STONY ISLAND AVE,412.0,,,,,,,2,"REPORTED, NOT EVIDENT",1.0,0.0,0.0,0.0,1.0,1.0,0.0,2,1,10,41.744151639,-87.585945067,POINT (-87.585945066953 41.744151639042)
ed8817b02940f1f7e7081f9cf0b9dc864a73a0ec0cd9d7e75bdaf45a1242b1ed5de502d9f9bceeb998537ff81961b7e940f4c6dfc13c9ad5d494d47e5ec02183,,10/08/2021 04:36:00 PM,30,TRAFFIC SIGNAL,FUNCTIONING PROPERLY,CLEAR,DAYLIGHT,TURNING,NOT DIVIDED,,STRAIGHT AND LEVEL,DRY,NO DEFECTS,ON SCENE,INJURY AND / OR TOW DUE TO CRASH,Y,,,"OVER $1,500",10/08/2021 05:50:00 PM,UNABLE TO DETERMINE,NOT APPLICABLE,7500,S,YATES BLVD,414.0,,,,,,,3,NO INDICATION OF INJURY,0.0,0.0,0.0,0.0,0.0,3.0,0.0,16,6,10,41.7588946702,-87.5665178399,POINT (-87.566517839923 41.758894670165)