CRASH_RECORD_ID,CRASH_DATE_EST_I,CRASH_DATE,POSTED_SPEED_LIMIT,TRAFFIC_CONTROL_DEVICE,DEVICE_CONDITION,WEATHER_CONDITION,LIGHTING_CONDITION,FIRST_CRASH_TYPE,TRAFFICWAY_TYPE,LANE_CNT,ALIGNMENT,ROADWAY_SURFACE_COND,ROAD_DEFECT,REPORT_TYPE,CRASH_TYPE,INTERSECTION_RELATED_I,NOT_RIGHT_OF_WAY_I,HIT_AND_RUN_I,DAMAGE,DATE_POLICE_NOTIFIED,PRIM_CONTRIBUTORY_CAUSE,SEC_CONTRIBUTORY_CAUSE,STREET_NO,STREET_DIRECTION,STREET_NAME,BEAT_OF_OCCURRENCE,PHOTOS_TAKEN_I,STATEMENTS_TAKEN_I,DOORING_I,WORK_ZONE_I,WORK_ZONE_TYPE,WORKERS_PRESENT_I,NUM_UNITS,MOST_SEVERE_INJURY,INJURIES_TOTAL,INJURIES_FATAL,INJURIES_INCAPACITATING,INJURIES_NON_INCAPACITATING,INJURIES_REPORTED_NOT_EVIDENT,INJURIES_NO_INDICATION,INJURIES_UNKNOWN,CRASH_HOUR,CRASH_DAY_OF_WEEK,CRASH_MONTH,LATITUDE,LONGITUDE,LOCATION
30f60f44ef758c8c97b94d8ab0664fd8bf179f2eff69e879ca51514c5761870771101f59944efd9754c900f86a33f67984769e671cd38894538472c45dd86ec2,,03/29/2018 11:45:00 AM,30,STOP SIGN/FLASHER,FUNCTIONING PROPERLY,CLOUDY/OVERCAST,DAYLIGHT,TURNING,ONE-WAY,1,STRAIGHT AND LEVEL,DRY,NO DEFECTS,NOT ON SCENE (DESK REPORT),NO INJURY / DRIVE AWAY,Y,,Y,"OVER $1,500",03/29/2018 01:40:00 PM,FAILING TO REDUCE SPEED TO AVOID CRASH,UNABLE TO DETERMINE,8000,S,INDIANA AVE,623.0,,,,,,,2,NO INDICATION OF INJURY,0.0,0.0,0.0,0.0,0.0,2.0,0.0,11,5,3,41.7491135239,-87.6198621338,POINT (-87.619862133826 41.749113523856)
13038a54fa78b935c88e5df790271e9385f65454f2845ef313aa54b7c68d3feebe442d182920978b6a12373a3beaa5ccca1b8d1b341eac4eb36c8a7316c02109,,11/24/2021 06:45:00 AM,30,TRAFFIC SIGNAL,FUNCTIONING PROPERLY,CLEAR,DAYLIGHT,REAR END,DIVIDED - W/MEDIAN (NOT RAISED),,STRAIGHT AND LEVEL,DRY,NO DEFECTS,NOT ON SCENE (DESK REPORT),NO INJURY / DRIVE AWAY,,,,"OVER $1,500",11/30/2021 08:10:00 PM,UNABLE TO DETERMINE,UNABLE TO DETERMINE,3233,N,KIMBALL AVE,1733.0,,,,,,,2,NO INDICATION OF INJURY,0.0,0.0,0.0,0.0,0.0,2.0,0.0,6,4,11,41.9402590271,-87.7123887971,POINT (-87.712388797121 41.940259027054)
3d46300a56227cbb2628a34fa87f61a4b6338ff3d525cea9b299c92b96abddbe987bd4d02873889eb54215ce47fb5a393722954d9490299bb75bf9695f705ef5,,03/16/2022 06:30:00 AM,30,OTHER,FUNCTIONING PROPERLY,CLEAR,DAYLIGHT,SIDESWIPE SAME DIRECTION,NOT DIVIDED,,STRAIGHT AND LEVEL,DRY,NO DEFECTS,ON SCENE,NO INJURY / DRIVE AWAY,,,,"OVER $1,500",03/16/2022 06:46:00 AM,UNABLE TO DETERMINE,UNABLE TO DETERMINE,501,N,CICERO AVE,1111.0,Y,Y,,,,,2,NO INDICATION OF INJURY,0.0,0.0,0.0,0.0,0.0,3.0,0.0,6,4,3,41.8896174407,-87.7454706881,POINT (-87.745470688127 41.8896174407)
a1673d455c5449e53a67f762519e3e57283e7b222fab0aa612af7caf6a6661cf93be2933aaa166ec9288a48c3d746099c34e775f162135bd059ddfc421c5c464,N,06/10/2024 04:08:00 PM,25,NO CONTROLS,NO CONTROLS,CLEAR,DAYLIGHT,PARKED MOTOR VEHICLE,NOT DIVIDED,,STRAIGHT AND LEVEL,DRY,NO DEFECTS,ON SCENE,NO INJURY / DRIVE AWAY,,,Y,"OVER $1,500",06/10/2024 04:09:00 PM,FAILING TO REDUCE SPEED TO AVOID CRASH,UNABLE TO DETERMINE,435,N,RACINE AVE,1214.0,,,,,,,2,NO INDICATION OF INJURY,0.0,0.0,0.0,0.0,0.0,1.0,0.0,16,2,6,41.8899803051,-87.6572108515,POINT (-87.657210851532 41.889980305106)
b6f4be68452107649a631d6edbae97ddaa0c63c7c77285e9598cd34277c2068b35c095e7a1cf5d372e3270424fb7e8395eeffaaf641251db6b9b3f7be14a662b,,09/22/2024 02:35:00 PM,30,TRAFFIC SIGNAL,FUNCTIONING IMPROPERLY,RAIN,DAYLIGHT,ANGLE,NOT DIVIDED,,STRAIGHT AND LEVEL,WET,NO DEFECTS,NOT ON SCENE (DESK REPORT),NO INJURY / DRIVE AWAY,Y,,Y,$500 OR LESS,09/22/2024 04:45:00 PM,FAILING TO YIELD RIGHT-OF-WAY,NOT APPLICABLE,3500,S,WESTERN AVE,911.0,,,,,,,2,NO INDICATION OF INJURY,0.0,0.0,0.0,0.0,0.0,2.0,0.0,14,1,9,41.8301872553,-87.6851779251,POINT (-87.685177925102 41.830187255269)
de0e36dc5e1e8a4698e921015bbc464c72f4631cd0a8affe3bf0f4dfad11a47d936e7539acb2fe7ce4445d3ba586356a79650aa90a4ed55dca83707f989fd488,,06/10/2022 11:30:00 AM,30,NO CONTROLS,NO CONTROLS,CLEAR,DAYLIGHT,REAR END,NOT DIVIDED,,STRAIGHT AND LEVEL,DRY,NO DEFECTS,NOT ON SCENE (DESK REPORT),NO INJURY / DRIVE AWAY,,,,"OVER $1,500",06/10/2022 12:00:00 PM,FOLLOWING TOO CLOSELY,NOT APPLICABLE,3348,W,AUGUSTA BLVD,1121.0,,,,,,,2,NO INDICATION OF INJURY,0.0,0.0,0.0,0.0,0.0,4.0,0.0,11,6,6,41.8992652851,-87.7102916052,POINT (-87.710291605231 41.899265285077)
e643e159abc7e923721af519ac9f225c36520a86d1275f843e286b9577e318583d1c11cd2ccf0c35a30e8522539f29442f75840521ac78dacd99cf20e7a721c1,,11/30/2019 08:55:00 AM,35,TRAFFIC SIGNAL,FUNCTIONING PROPERLY,RAIN,DAYLIGHT,TURNING,NOT DIVIDED,,STRAIGHT AND LEVEL,WET,NO DEFECTS,ON SCENE,INJURY AND / OR TOW DUE TO CRASH,Y,,,"OVER $1,500",11/30/2019 08:58:00 AM,UNABLE TO DETERMINE,NOT APPLICABLE,5500,W,DEVON AVE,1621.0,,,,,,,3,NONINCAPACITATING INJURY,1.0,0.0,0.0,1.0,0.0,2.0,0.0,8,7,11,41.9974571264,-87.7658207187,POINT (-87.765820718749 41.997457126378)
149d926b5fafb0e724006a37764fc4386335162a0fd6cbc503757c0efae0fbc2d92ed7cbf642e71e27ddcdf6f3d96e6986f39eb0721fc2425ea5160b3b8e747c,Y,02/15/2018 05:20:00 PM,30,NO CONTROLS,NO CONTROLS,CLEAR,"DARKNESS, LIGHTED ROAD",PARKED MOTOR VEHICLE,NOT DIVIDED,1,STRAIGHT AND LEVEL,WET,NO DEFECTS,ON SCENE,NO INJURY / DRIVE AWAY,,,Y,"OVER $1,500",02/15/2018 05:58:00 PM,UNABLE TO DETERMINE,NOT APPLICABLE,5017,N,MC VICKER AVE,1622.0,,,,,,,2,NO INDICATION OF INJURY,0.0,0.0,0.0,0.0,0.0,1.0,0.0,17,5,2,41.9726608761,-87.7793035309,POINT (-87.779303530938 41.972660876148)
02e9d011be7cada3b536d65a0103df7d7a8e4ebe191ed6e2ec7d145e4f2e258d18cde7eb0a9043972ad2097048b5066c3e32577120889695cf37e476102e51fd,,03/09/2020 02:40:00 AM,30,TRAFFIC SIGNAL,UNKNOWN,CLEAR,"DARKNESS, LIGHTED ROAD",SIDESWIPE SAME DIRECTION,ONE-WAY,,STRAIGHT AND LEVEL,DRY,UNKNOWN,NOT ON SCENE (DESK REPORT),NO INJURY / DRIVE AWAY,Y,,Y,"OVER $1,500",03/09/2020 09:50:00 AM,IMPROPER LANE USAGE,DRIVING SKILLS/KNOWLEDGE/EXPERIENCE,1,W,ADAMS ST,113.0,,,,,,,2,NO INDICATION OF INJURY,0.0,0.0,0.0,0.0,0.0,2.0,0.0,2,2,3,41.8793507093,-87.6277895542,POINT (-87.627789554247 41.879350709332)
9fcd231cb7ef4014e4473da61802e5435af6b7d0a399ab5cb30cf9711ab421cfbd5c7b0df7b952c4dc8e00a9d0bcbf7f3438ac73793c34281ae9f5f02dabd9b2,,12/03/2020 09:15:00 AM,30,NO CONTROLS,NO CONTROLS,CLEAR,DAYLIGHT,FIXED OBJECT,NOT DIVIDED,,STRAIGHT AND LEVEL,DRY,NO DEFECTS,ON SCENE,NO INJURY / DRIVE AWAY,,,,"OVER $1,500",12/03/2020 09:19:00 AM,UNABLE TO DETERMINE,UNABLE TO DETERMINE,3940,W,LAKE ST,1122.0,,,,,,,1,NO INDICATION OF INJURY,0.0,0.0,0.0,0.0,0.0,1.0,0.0,9,5,12,41.8855423232,-87.7250401875,POINT (-87.725040187511 41.885542323161)
efc8c67fe6c412cae1d363f42926eacbf7c9df48fd4ab3855fd0da5c902351589fdbcc7a0f08ec7cb092af6c986d76f45cf76d3975bcfc7dc96977ed19d9ff42,,03/24/2025 02:59:00 PM,30,TRAFFIC SIGNAL,FUNCTIONING PROPERLY,CLEAR,DAYLIGHT,PEDESTRIAN,T-INTERSECTION,,STRAIGHT AND LEVEL,DRY,UNKNOWN,ON SCENE,INJURY AND / OR TOW DUE TO CRASH,Y,,,$500 OR LESS,03/24/2025 02:59:00 PM,FAILING TO YIELD RIGHT-OF-WAY,FAILING TO YIELD RIGHT-OF-WAY,5800,N,PULASKI RD,1711.0,,,,,,,2,"REPORTED, NOT EVIDENT",1.0,0.0,0.0,0.0,1.0,1.0,0.0,14,2,3,41.9859279924,-87.7286634185,POINT (-87.728663418531 41.9859279924)
d2689d8f9494e7a1de74c419dc9cd79b028e1e6dd93c42f4f881d2bfdfabb91eab2f187aabb100481e30bb79839d580a81255c0d852c461f54b5de9172054186,,12/18/2023 02:00:00 PM,30,TRAFFIC SIGNAL,FUNCTIONING PROPERLY,CLEAR,DAYLIGHT,TURNING,Y-INTERSECTION,,STRAIGHT AND LEVEL,DRY,NO DEFECTS,,NO INJURY / DRIVE AWAY,Y,,,"OVER $1,500",12/18/2023 02:06:00 PM,IMPROPER OVERTAKING/PASSING,NOT APPLICABLE,3443,S,CALIFORNIA AVE,911.0,,,,,,,2,NO INDICATION OF INJURY,0.0,0.0,0.0,0.0,0.0,2.0,0.0,14,2,12,41.8305841947,-87.6946659135,POINT (-87.694665913481 41.83058419471)
32f69d35c9389e9a45fb15d146bad5f07b97ecd6d34cbb4f39504a1c2bef6f6475885f6bb77b367559a7da79e063c957d37f1df57e712e7683e9217c21c9bb12,,01/19/2017 08:45:00 PM,30,UNKNOWN,UNKNOWN,UNKNOWN,"DARKNESS, LIGHTED ROAD",SIDESWIPE SAME DIRECTION,DIVIDED - W/MEDIAN (NOT RAISED),4,STRAIGHT AND LEVEL,UNKNOWN,UNKNOWN,NOT ON SCENE (DESK REPORT),NO INJURY / DRIVE AWAY,,,,"$501 - $1,500",03/05/2017 03:05:00 PM,UNABLE TO DETERMINE,UNABLE TO DETERMINE,1902,W,MADISON ST,1223.0,,,,,,,2,NO INDICATION OF INJURY,0.0,0.0,0.0,0.0,0.0,2.0,0.0,20,5,1,41.8814597443,-87.6743661371,POINT (-87.674366137105 41.88145974427)
b43dd7a8682d5eced734299324484ab71f060a218d4072008c9b345b48ce92f7c7bf63520beda05249d2ae614c0843bb645d51b41f23dc2ee94d2e57752d2b93,,04/15/2019 04:00:00 PM,30,NO CONTROLS,NO CONTROLS,CLEAR,DAYLIGHT,PARKED MOTOR VEHICLE,OTHER,1,STRAIGHT AND LEVEL,DRY,NO DEFECTS,NOT ON SCENE (DESK REPORT),NO INJURY / DRIVE AWAY,,,,"$501 - $1,500",04/15/2019 05:30:00 PM,"OPERATING VEHICLE IN ERRATIC, RECKLESS, CARELESS, NEGLIGENT OR AGGRESSIVE MANNER",NOT APPLICABLE,221,E,116TH ST,532.0,,,,,,,3,NO INDICATION OF INJURY,0.0,0.0,0.0,0.0,0.0,1.0,0.0,16,2,4,41.6824769835,-87.6169745473,POINT (-87.616974547343 41.682476983543)
720c698c0e9106239d827114c2fb8bd4ab050d5ddff04b195a1a320d920c30c4eefd1563d3816c74f02fc7c126b1607561405d92899b12588707e78e336043c2,,04/28/2022 03:30:00 PM,15,NO CONTROLS,UNKNOWN,CLEAR,DAYLIGHT,OTHER OBJECT,PARKING LOT,,STRAIGHT AND LEVEL,DRY,NO DEFECTS,ON SCENE,NO INJURY / DRIVE AWAY,,,,"OVER $1,500",04/28/2022 03:32:00 PM,DRIVING SKILLS/KNOWLEDGE/EXPERIENCE,NOT APPLICABLE,1919,W,PERSHING RD,924.0,,,,,,,1,NO INDICATION OF INJURY,0.0,0.0,0.0,0.0,0.0,1.0,0.0,15,5,4,41.8230264797,-87.67336189,POINT (-87.673361890031 41.82302647975)
49cdbbdfe2c02e5af6f7eabbbc2b6a6c51efaf868f00b385a2b9e5355d4b4f8c8bdc3648460fecdafcfcc45d7c58818772a9fede2239ccac7ba2444194c5207d,,08/27/2023 02:01:00 AM,25,NO CONTROLS,NO CONTROLS,UNKNOWN,DARKNESS,SIDESWIPE SAME DIRECTION,NOT DIVIDED,,STRAIGHT AND LEVEL,UNKNOWN,UNKNOWN,NOT ON SCENE (DESK REPORT),NO INJURY / DRIVE AWAY,,,,"$501 - $1,500",08/27/2023 12:40:00 PM,UNABLE TO DETERMINE,UNABLE TO DETERMINE,1251,W,TAYLOR ST,1231.0,,,,,,,2,NO INDICATION OF INJURY,0.0,0.0,0.0,0.0,0.0,2.0,0.0,2,1,8,41.8692751816,-87.6587874101,POINT (-87.658787410128 41.869275181644)
eedb2bb670d4efac8766b3b76291e0081e99728b7cbd2a63f1bfbff13f7be122664a0a640a5caefe2ea3fa0ae1056a58f0c02b325615057affebf59aefd48ea3,,06/17/2023 11:30:00 PM,30,TRAFFIC SIGNAL,FUNCTIONING PROPERLY,CLEAR,"DARKNESS, LIGHTED ROAD",SIDESWIPE SAME DIRECTION,NOT DIVIDED,,STRAIGHT AND LEVEL,DRY,NO DEFECTS,NOT ON SCENE (DESK REPORT),NO INJURY / DRIVE AWAY,Y,,Y,"OVER $1,500",06/25/2023 05:25:00 PM,IMPROPER LANE USAGE,NOT APPLICABLE,3460,N,HALSTED ST,1924.0,,,,,,,2,NO INDICATION OF INJURY,0.0,0.0,0.0,0.0,0.0,2.0,0.0,23,7,6,41.9454116041,-87.6495750864,POINT (-87.649575086361 41.945411604149)
4b48767812e08efba79921430fbdbae3e0fd35a32a174d990f512b6d7374814a05e62ad415e43a3347eefff6016fe90cce34728b8ef270747d4a360d6309a588,Y,09/08/2017 04:54:00 AM,30,NO CONTROLS,NO CONTROLS,CLEAR,"DARKNESS, LIGHTED ROAD",PARKED MOTOR VEHICLE,NOT DIVIDED,,STRAIGHT AND LEVEL,DRY,NO DEFECTS,ON SCENE,INJURY AND / OR TOW DUE TO CRASH,,,Y,"OVER $1,500",09/08/2017 04:54:00 AM,UNABLE TO DETERMINE,UNABLE TO DETERMINE,1643,N,MILWAUKEE AVE,1434.0,,,,,,,2,NO INDICATION OF INJURY,0.0,0.0,0.0,0.0,0.0,1.0,0.0,4,6,9,41.9113270833,-87.6787078733,POINT (-87.678707873347 41.911327083302)
828aa24fc4129d02702a499c4189b7f6f5991afc3bc4c146fde952c4fa853f5f16b40f20a587887654ea4c6b34c10e8f48b76ad677bcca34ca27284a9136433a,Y,05/02/2021 09:13:00 AM,30,NO CONTROLS,NO CONTROLS,CLEAR,UNKNOWN,PARKED MOTOR VEHICLE,NOT DIVIDED,,STRAIGHT AND LEVEL,DRY,NO DEFECTS,ON SCENE,NO INJURY / DRIVE AWAY,,,Y,"$501 - $1,500",05/02/2021 09:15:00 AM,UNABLE TO DETERMINE,NOT APPLICABLE,6516,S,CALIFORNIA AVE,831.0,,,,,,,2,NO INDICATION OF INJURY,0.0,0.0,0.0,0.0,0.0,1.0,0.0,9,1,5,41.7749067626,-87.6934307549,POINT (-87.693430754886 41.77490676256)
a3ca961b17cfd856afc2866bc3cb4eb94594253620e19ab5c92bbb21ce9b778d0001853c9c75e4968f4a9c7076e1ebeb9e0b3573db88204430551f6248a05b84,,02/03/2019 02:30:00 PM,30,TRAFFIC SIGNAL,FUNCTIONING PROPERLY,CLEAR,DAYLIGHT,PEDALCYCLIST,NOT DIVIDED,4,STRAIGHT AND LEVEL,WET,NO DEFECTS,NOT ON SCENE (DESK REPORT),INJURY AND / OR TOW DUE TO CRASH,Y,,,$500 OR LESS,02/03/2019 04:20:00 PM,FAILING TO YIELD RIGHT-OF-WAY,UNABLE TO DETERMINE,3200,N,CLARK ST,1924.0,,,,,,,2,NONINCAPACITATING INJURY,1.0,0.0,0.0,1.0,0.0,1.0,0.0,14,1,2,41.9399945565,-87.6508855147,POINT (-87.650885514665 41.939994556494)
7d509aca0b9f8192a2c5beeab71ad21bc51e99d9a6bffdb6ec6a9d6a37123447f88c38604211fd00d75d560e376bbb328f0af50a31613fc85d17fe7b6232bc84,,05/22/2018 07:40:00 PM,30,NO CONTROLS,NO CONTROLS,CLEAR,DAYLIGHT,REAR END,OTHER,2,STRAIGHT AND LEVEL,DRY,UNKNOWN,ON SCENE,INJURY AND / OR TOW DUE TO CRASH,,,,"OVER $1,500",05/22/2018 07:45:00 PM,FOLLOWING TOO CLOSELY,NOT APPLICABLE,6340,W,ADDISON ST,1633.0,,,,,,,2,NO INDICATION OF INJURY,0.0,0.0,0.0,0.0,0.0,6.0,0.0,19,3,5,41.9457867784,-87.7853900513,POINT (-87.785390051309 41.945786778424)
0163f5d26997de08e692590fdec27c59be78295ab3fcb5b97cd49d72ae8357861a416e4102abd055ca6083825bebad0a558205bcf1df2be187a35daa2f460b3b,,03/02/2024 12:50:00 PM,35,NO CONTROLS,NO CONTROLS,CLEAR,DAYLIGHT,SIDESWIPE SAME DIRECTION,NOT DIVIDED,,STRAIGHT AND LEVEL,DRY,NO DEFECTS,NOT ON SCENE (DESK REPORT),NO INJURY / DRIVE AWAY,,,,"OVER $1,500",03/03/2024 08:20:00 AM,FAILING TO YIELD RIGHT-OF-WAY,NOT APPLICABLE,100,E,14TH ST,132.0,,,,,,,2,NO INDICATION OF INJURY,0.0,0.0,0.0,0.0,0.0,2.0,0.0,12,7,3,41.8642242583,-87.6240745609,POINT (-87.624074560949 41.864224258304)
421aafbd5c0bf1887b295f91c358fd64915acd3330da5f1b4cc5f87b4e0b7e6d1a34a1724ffe7d4b2ec6bd7c26b9678aed4f3a78ba4a52fc99594da1483cafe5,,05/30/2017 03:20:00 PM,30,UNKNOWN,UNKNOWN,CLEAR,DAYLIGHT,PARKED MOTOR VEHICLE,NOT DIVIDED,2,STRAIGHT AND LEVEL,UNKNOWN,UNKNOWN,NOT ON SCENE (DESK REPORT),NO INJURY / DRIVE AWAY,,,,"$501 - $1,500",05/30/2017 07:23:00 PM,IMPROPER OVERTAKING/PASSING,IMPROPER OVERTAKING/PASSING,2550,N,LAKEVIEW AVE,1935.0,,,,,,,2,NO INDICATION OF INJURY,0.0,0.0,0.0,0.0,0.0,4.0,0.0,15,3,5,41.9294644326,-87.6394039582,POINT (-87.639403958209 41.929464432638)
e50334a5734ee011956ef63ef64c264c8d580a5908bc128d35e41503e9948f2397df816b198355bef7a4b90f64c3aac89624514473a0ee6733df9f55da220028,,03/27/2022 04:00:00 PM,30,TRAFFIC SIGNAL,FUNCTIONING PROPERLY,CLEAR,DAYLIGHT,REAR END,NOT DIVIDED,,STRAIGHT AND LEVEL,DRY,NO DEFECTS,ON SCENE,NO INJURY / DRIVE AWAY,Y,,Y,"OVER $1,500",03/27/2022 04:08:00 PM,FAILING TO REDUCE SPEED TO AVOID CRASH,NOT APPLICABLE,5602,N,HARLEM AVE,1612.0,,,,,,,2,NO INDICATION OF INJURY,0.0,0.0,0.0,0.0,0.0,3.0,0.0,16,1,3,41.9828764707,-87.8070892376,POINT (-87.807089237615 41.982876470698)
e68b73dcbd27107d3e7bbb9660d32f3f5461706d1b36797119d134e53c4ac0f0f8702b5ac315904978ea832b019889a70fcf1101ff607e98085fa2771fbb015e,,12/27/2015 10:00:00 PM,15,NO CONTROLS,NO CONTROLS,CLEAR,"DARKNESS, LIGHTED ROAD",PARKED MOTOR VEHICLE,PARKING LOT,,STRAIGHT AND LEVEL,DRY,NO DEFECTS,NOT ON SCENE (DESK REPORT),NO INJURY / DRIVE AWAY,,,,"OVER $1,500",12/29/2015 09:21:00 PM,UNABLE TO DETERMINE,UNABLE TO DETERMINE,8249,S,COTTAGE GROVE AVE,631.0,,,,,,,2,NO INDICATION OF INJURY,0.0,0.0,0.0,0.0,0.0,1.0,0.0,22,1,12,41.7443470249,-87.6048977326,POINT (-87.604897732586 41.744347024933)
9b101425851c33052c316bb8f5bd62f8fdbe69a600550fe6a6bfdd6998167c418c69881f8806de61db29bdba1111dc24ba21f694943c49a98139eec4b728090a,,09/09/2019 06:20:00 AM,30,TRAFFIC SIGNAL,FUNCTIONING PROPERLY,CLEAR,DAYLIGHT,TURNING,DIVIDED - W/MEDIAN (NOT RAISED),,STRAIGHT AND LEVEL,DRY,NO DEFECTS,ON SCENE,NO INJURY / DRIVE AWAY,Y,,,"OVER $1,500",09/09/2019 06:30:00 AM,IMPROPER LANE USAGE,NOT APPLICABLE,2200,S,ASHLAND AVE,1034.0,,,,,,,2,NO INDICATION OF INJURY,0.0,0.0,0.0,0.0,0.0,2.0,0.0,6,2,9,41.8522179965,-87.6661701615,POINT (-87.666170161509 41.852217996528)
ee5a49fa69e257e802f34ec198e3d3420163d40d134907189790048fb1040d60fd15e6724847b91d08151d54d48db14d784d0d0ab574aa460cbf063a2a242d98,,09/15/2024 07:18:00 PM,30,NO CONTROLS,NO CONTROLS,CLEAR,"DARKNESS, LIGHTED ROAD",PARKED MOTOR VEHICLE,DIVIDED - W/MEDIAN (NOT RAISED),,STRAIGHT AND LEVEL,DRY,NO DEFECTS,NOT ON SCENE (DESK REPORT),NO INJURY / DRIVE AWAY,,,,"OVER $1,500",09/15/2024 07:18:00 PM,EQUIPMENT - VEHICLE CONDITION,UNABLE TO DETERMINE,4211,N,CALIFORNIA AVE,1724.0,,,,,,,2,NO INDICATION OF INJURY,0.0,0.0,0.0,0.0,0.0,1.0,0.0,19,1,9,41.9579739597,-87.6982162544,POINT (-87.69821625439 41.957973959742)
9f28ef4a95849108fd61f6610475905d636bcf1d5286a35e8be8d1383393b3a249c82a657b9b7d87525f338d42ee663d9e9c3b35d11abb6be6f6750a2fa673ea,,05/11/2021 05:00:00 PM,30,NO CONTROLS,NO CONTROLS,CLEAR,DAYLIGHT,PARKED MOTOR VEHICLE,NOT DIVIDED,,STRAIGHT AND LEVEL,DRY,NO DEFECTS,NOT ON SCENE (DESK REPORT),NO INJURY / DRIVE AWAY,,,Y,"OVER $1,500",05/11/2021 05:20:00 PM,UNABLE TO DETERMINE,UNABLE TO DETERMINE,2948,N,LONG AVE,2514.0,,,,,,,2,NO INDICATION OF INJURY,0.0,0.0,0.0,0.0,0.0,4.0,0.0,17,3,5,41.9346479996,-87.7615997726,POINT (-87.761599772599 41.934647999569)
7018ce9fceaeef787d80ff3999237ef7524c232e49a3f79dace99b271c7ca2d3ddcec44935b9fac2928f578ed3437847f93820ec78ead86e637afa128a0d3629,,05/25/2018 08:00:00 PM,20,NO CONTROLS,NO CONTROLS,CLEAR,DUSK,ANGLE,PARKING LOT,1,STRAIGHT AND LEVEL,DRY,NO DEFECTS,NOT ON SCENE (DESK REPORT),NO INJURY / DRIVE AWAY,,,Y,"$501 - $1,500",05/28/2018 11:42:00 AM,UNABLE TO DETERMINE,UNABLE TO DETERMINE,8,E,9TH ST,123.0,,,,,,,2,NO INDICATION OF INJURY,0.0,0.0,0.0,0.0,0.0,2.0,0.0,20,6,5,41.8706349908,-87.6272775301,POINT (-87.627277530121 41.870634990802)
86832456e9d53e54bd734aecf8effdcc261a5930c4113d2e6114a264f24c43e996c6b7dfed8791ec56527b0d1b7da8f6696e82f5b4c58e1f560e68d2dbfe1427,,08/10/2019 10:38:00 PM,30,NO CONTROLS,NO CONTROLS,CLEAR,"DARKNESS, LIGHTED ROAD",PARKED MOTOR VEHICLE,DIVIDED - W/MEDIAN (NOT RAISED),,STRAIGHT AND LEVEL,DRY,NO DEFECTS,ON SCENE,INJURY AND / OR TOW DUE TO CRASH,,,,"OVER $1,500",08/10/2019 10:39:00 PM,DISTRACTION - FROM INSIDE VEHICLE,NOT APPLICABLE,1347,W,47TH ST,933.0,,,,,,,2,NO INDICATION OF INJURY,0.0,0.0,0.0,0.0,0.0,2.0,0.0,22,7,8,41.8085667859,-87.6594980084,POINT (-87.659498008414 41.808566785908)
d9cdb02cf0bc6eb86de136a3748d17cff0232505a2f76bb42383dfb72fa5b5a076123bd640ae65eae60283acad22c59b6db970440e2e2399140d43662271ca2a,Y,02/11/2019 10:30:00 PM,30,NO CONTROLS,NO CONTROLS,SLEET/HAIL,"DARKNESS, LIGHTED ROAD",PARKED MOTOR VEHICLE,NOT DIVIDED,1,STRAIGHT AND LEVEL,ICE,NO DEFECTS,ON SCENE,NO INJURY / DRIVE AWAY,,,Y,"$501 - $1,500",02/11/2019 10:30:00 PM,WEATHER,UNABLE TO DETERMINE,2211,N,NAGLE AVE,2512.0,,,,,,,2,NO INDICATION OF INJURY,0.0,0.0,0.0,0.0,0.0,1.0,0.0,22,2,2,41.9204074901,-87.7864229131,POINT (-87.786422913056 41.920407490124)
8d0bb8741bab500bb2477389e4f3af69f4eafd3ce3aa96d640e846fd13ec094e7fac2f0147d216e9ca35ebcefce77c51617ec4c40f6238d5947e9481852dbbec,,08/29/2021 12:00:00 PM,30,NO CONTROLS,NO CONTROLS,CLEAR,DAYLIGHT,REAR END,NOT DIVIDED,,STRAIGHT AND LEVEL,DRY,NO DEFECTS,NOT ON SCENE (DESK REPORT),NO INJURY / DRIVE AWAY,,,,"OVER $1,500",08/29/2021 12:15:00 PM,UNABLE TO DETERMINE,UNABLE TO DETERMINE,406,E,75TH ST,323.0,,,,,,,2,NO INDICATION OF INJURY,0.0,0.0,0.0,0.0,0.0,3.0,0.0,12,1,8,41.7585236687,-87.6148053874,POINT (-87.61480538742 41.758523668712)
46744bcf8ec2263d02a467f6ba8eb600bea6df1aa2b7fffb6d61a6d191f59d2d94d8c43856313f014c59273c8a6080b5219cfc646b1c4f3b7dd71d5d6eb0a5b4,,10/07/2022 09:00:00 PM,35,NO CONTROLS,NO CONTROLS,CLEAR,UNKNOWN,ANIMAL,NOT DIVIDED,,STRAIGHT AND LEVEL,DRY,NO DEFECTS,NOT ON SCENE (DESK REPORT),NO INJURY / DRIVE AWAY,,,,"OVER $1,500",10/08/2022 05:30:00 PM,UNABLE TO DETERMINE,UNABLE TO DETERMINE,4153,N,CUMBERLAND AVE,1614.0,,,,,,,1,NO INDICATION OF INJURY,0.0,0.0,0.0,0.0,0.0,1.0,0.0,21,6,10,41.9554116708,-87.8365413613,POINT (-87.836541361283 41.955411670783)
5122f75124edf6660880fe3d19f881eff4390447e5f063e87cbe1314d918a6dc5236eba5a7859405ddebd59c1b2a5f681cdc38931b2e69a769eecc84260fd639,,02/16/2019 12:44:00 PM,30,NO CONTROLS,NO CONTROLS,CLEAR,DAYLIGHT,ANGLE,NOT DIVIDED,3,STRAIGHT AND LEVEL,DRY,NO DEFECTS,ON SCENE,NO INJURY / DRIVE AWAY,Y,,,"OVER $1,500",02/16/2019 12:45:00 PM,FAILING TO YIELD RIGHT-OF-WAY,DRIVING SKILLS/KNOWLEDGE/EXPERIENCE,7601,S,SOUTH CHICAGO AVE,411.0,,,,,,,2,NO INDICATION OF INJURY,0.0,0.0,0.0,0.0,0.0,2.0,0.0,12,7,2,41.756894455,-87.59286789,POINT (-87.592867889958 41.756894454967)