CRASH_RECORD_ID,CRASH_DATE_EST_I,CRASH_DATE,POSTED_SPEED_LIMIT,TRAFFIC_CONTROL_DEVICE,DEVICE_CONDITION,WEATHER_CONDITION,LIGHTING_CONDITION,FIRST_CRASH_TYPE,TRAFFICWAY_TYPE,LANE_CNT,ALIGNMENT,ROADWAY_SURFACE_COND,ROAD_DEFECT,REPORT_TYPE,CRASH_TYPE,INTERSECTION_RELATED_I,NOT_RIGHT_OF_WAY_I,HIT_AND_RUN_I,DAMAGE,DATE_POLICE_NOTIFIED,PRIM_CONTRIBUTORY_CAUSE,SEC_CONTRIBUTORY_CAUSE,STREET_NO,STREET_DIRECTION,STREET_NAME,BEAT_OF_OCCURRENCE,PHOTOS_TAKEN_I,STATEMENTS_TAKEN_I,DOORING_I,WORK_ZONE_I,WORK_ZONE_TYPE,WORKERS_PRESENT_I,NUM_UNITS,MOST_SEVERE_INJURY,INJURIES_TOTAL,INJURIES_FATAL,INJURIES_INCAPACITATING,INJURIES_NON_INCAPACITATING,INJURIES_REPORTED_NOT_EVIDENT,INJURIES_NO_INDICATION,INJURIES_UNKNOWN,CRASH_HOUR,CRASH_DAY_OF_WEEK,CRASH_MONTH,LATITUDE,LONGITUDE,LOCATION
edb7c516c16137a6685af5f4888ace903f0f3092897c7e93943107a7dfa3dceccf8fb494e6fdcc5f778e56d4e2730139eb18d68cb242cd6dd0fbfa2ea4b70045,,10/31/2016 07:15:00 PM,30,NO CONTROLS,NO CONTROLS,CLEAR,DUSK,PARKED MOTOR VEHICLE,NOT DIVIDED,4,STRAIGHT AND LEVEL,DRY,NO DEFECTS,NOT ON SCENE (DESK REPORT),NO INJURY / DRIVE AWAY,,,,"OVER $1,500",11/01/2016 10:03:00 AM,UNABLE TO DETERMINE,UNABLE TO DETERMINE,1321,E,57TH ST,235.0,,,,,,,2,NO INDICATION OF INJURY,0.0,0.0,0.0,0.0,0.0,1.0,0.0,19,2,10,41.7913623233,-87.5939437568,POINT (-87.593943756774 41.791362323332)
0727747e0a39fc2cc899d8d73c19a67f41e30abe3553ffddaf0a8db095ea0b8dafa15fbb9b3bcff0dd67ee8373f5b99b00377a8393fb60f1f9b98b05d4fc7377,,03/22/2023 05:26:00 PM,30,STOP SIGN/FLASHER,OTHER,CLOUDY/OVERCAST,DAYLIGHT,ANGLE,NOT REPORTED,,STRAIGHT AND LEVEL,WET,UNKNOWN,ON SCENE,INJURY AND / OR TOW DUE TO CRASH,,,,"OVER $1,500",03/22/2023 05:48:00 PM,UNABLE TO DETERMINE,UNABLE TO DETERMINE,499,E,65TH ST,312.0,,,,,,,3,NO INDICATION OF INJURY,0.0,0.0,0.0,0.0,0.0,4.0,0.0,17,4,3,41.7765370597,-87.6131875102,POINT (-87.61318751019 41.7765370597)
046349a92674d8e1d3f0a792700751a46b7fb218d1a73f96646300da6f93cdf24bb6ac0d8e79647f083111e451ec4b0253b549cc05039bf0434b9fbcb82eca0d,,08/22/2022 05:00:00 PM,30,NO CONTROLS,NO CONTROLS,CLEAR,DAYLIGHT,PARKED MOTOR VEHICLE,NOT DIVIDED,,STRAIGHT AND LEVEL,DRY,NO DEFECTS,NOT ON SCENE (DESK REPORT),NO INJURY / DRIVE AWAY,,,,"OVER $1,500",08/24/2022 05:30:00 PM,FAILING TO REDUCE SPEED TO AVOID CRASH,DRIVING SKILLS/KNOWLEDGE/EXPERIENCE,5137,S,HARPER AVE,234.0,,,,,,,2,NO INDICATION OF INJURY,0.0,0.0,0.0,0.0,0.0,1.0,0.0,17,2,8,41.8012693854,-87.5889833907,POINT (-87.588983390658 41.801269385379)
0e3d6294352d2792645b28688515e9af7c76e7543b2263df2a20b39186144ef99ef73badad4797f84a61890794517f454ec68a7f913e57aee01192dcd6ae2b9f,,12/03/2024 06:40:00 PM,30,NO CONTROLS,NO CONTROLS,CLEAR,DARKNESS,SIDESWIPE SAME DIRECTION,DIVIDED - W/MEDIAN (NOT RAISED),,STRAIGHT AND LEVEL,DRY,NO DEFECTS,NOT ON SCENE (DESK REPORT),NO INJURY / DRIVE AWAY,,,,"$501 - $1,500",12/03/2024 08:20:00 PM,FAILING TO YIELD RIGHT-OF-WAY,NOT APPLICABLE,599,W,ROOSEVELT RD,124.0,,,,,,,2,NO INDICATION OF INJURY,0.0,0.0,0.0,0.0,0.0,3.0,0.0,18,3,12,41.8671109917,-87.6421116748,POINT (-87.642111674784 41.867110991691)
2f33a0b208f92443c900bc1a141a48a46327f12d0490e44a348d09d15081201938570ab9a7c80fc9c110db55b9e496df5a159422f6808e94f48eb6e0476e3b72,,04/19/2022 03:47:00 AM,20,STOP SIGN/FLASHER,FUNCTIONING PROPERLY,CLEAR,"DARKNESS, LIGHTED ROAD",ANGLE,FOUR WAY,,STRAIGHT AND LEVEL,DRY,NO DEFECTS,NOT ON SCENE (DESK REPORT),NO INJURY / DRIVE AWAY,Y,,Y,"OVER $1,500",04/19/2022 12:15:00 PM,FAILING TO YIELD RIGHT-OF-WAY,FAILING TO YIELD RIGHT-OF-WAY,500,W,66TH ST,722.0,,,,,,,2,NO INDICATION OF INJURY,0.0,0.0,0.0,0.0,0.0,2.0,0.0,3,3,4,41.774502698,-87.6369514387,POINT (-87.636951438658 41.774502698022)
802972ed1e0ebc4066a1909cc5126c665ed6da726917603fb4c935d0fe2f1e637b5a3d265d8f45bc7648b807d1292a4f5d93f4c27190dd8de7cfe0795ef0444f,,04/18/2020 03:20:00 PM,15,NO CONTROLS,NO CONTROLS,CLEAR,DAYLIGHT,PARKED MOTOR VEHICLE,PARKING LOT,,STRAIGHT AND LEVEL,DRY,NO DEFECTS,ON SCENE,NO INJURY / DRIVE AWAY,,,Y,$500 OR LESS,04/18/2020 03:27:00 PM,IMPROPER BACKING,NOT APPLICABLE,3227,W,ADDISON ST,1733.0,,,,,,,2,NO INDICATION OF INJURY,0.0,0.0,0.0,0.0,0.0,1.0,0.0,15,7,4,41.9465109411,-87.7089689717,POINT (-87.708968971701 41.946510941064)
e84aa7e420a5c62b9688a9e4769d4dbceb1897a62c71035ce1b73181dda093c7e5911ef8f6ef860213d6a0eca995128a58cc62e1967e77c1f2f118110e0733fb,,10/08/2019 09:06:00 AM,30,TRAFFIC SIGNAL,FUNCTIONING PROPERLY,CLEAR,DAYLIGHT,TURNING,DIVIDED - W/MEDIAN BARRIER,,STRAIGHT AND LEVEL,DRY,NO DEFECTS,ON SCENE,INJURY AND / OR TOW DUE TO CRASH,Y,,,"$501 - $1,500",10/08/2019 09:08:00 AM,IMPROPER TURNING/NO SIGNAL,FAILING TO YIELD RIGHT-OF-WAY,559,N,MICHIGAN AVE,1834.0,,,,,,,2,NONINCAPACITATING INJURY,2.0,0.0,0.0,2.0,0.0,1.0,0.0,9,3,10,41.8925204807,-87.6240374098,POINT (-87.624037409786 41.892520480718)
8a423eea4d3c1fa66ef984fa5450a561a5f237ba564b5a606e9f136d74f36cf255d5b7f6bec14bf1d099aaa86b8498568f2a7822e87ab347e6157b10769852fb,,12/11/2022 02:16:00 AM,20,NO CONTROLS,NO CONTROLS,CLEAR,"DARKNESS, LIGHTED ROAD",PARKED MOTOR VEHICLE,NOT DIVIDED,,STRAIGHT AND LEVEL,DRY,NO DEFECTS,ON SCENE,INJURY AND / OR TOW DUE TO CRASH,,,Y,"$501 - $1,500",12/11/2022 02:36:00 AM,UNABLE TO DETERMINE,UNABLE TO DETERMINE,6099,S,HOMAN AVE,823.0,,,,,,,2,NO INDICATION OF INJURY,0.0,0.0,0.0,0.0,0.0,1.0,0.0,2,1,12,41.7825832184,-87.7079507327,POINT (-87.707950732731 41.782583218399)
91733ffbd8af3f4ed1e55f03a5b2b71a825b4d5a0fe3d1a9d5fc82d8eec367411bcd66700588077e68e4d02e40fa99cebd904af1443f074cacadd56c59458e2e,Y,11/09/2025 08:30:00 PM,25,NO CONTROLS,NO CONTROLS,UNKNOWN,UNKNOWN,PARKED MOTOR VEHICLE,ONE-WAY,,STRAIGHT AND LEVEL,UNKNOWN,UNKNOWN,ON SCENE,NO INJURY / DRIVE AWAY,,,Y,"OVER $1,500",11/16/2025 12:29:00 PM,UNABLE TO DETERMINE,UNABLE TO DETERMINE,5947,N,WINTHROP AVE,2433.0,,,,,,,2,NO INDICATION OF INJURY,0.0,0.0,0.0,0.0,0.0,1.0,0.0,20,1,11,41.9904047691,-87.6580789808,POINT (-87.658078980763 41.990404769112)
3c37d5a0587f16d7bf867a90adb16535e74bdc4ad8e239926d8958d21f7f55ff08e1a6c67dc64ee96298a9f79a5c58d8d8d478dbfcd891131359bab850406542,,03/07/2020 01:30:00 PM,30,NO CONTROLS,NO CONTROLS,CLEAR,DAYLIGHT,ANGLE,PARKING LOT,,STRAIGHT AND LEVEL,DRY,SHOULDER DEFECT,NOT ON SCENE (DESK REPORT),NO INJURY / DRIVE AWAY,,,,"$501 - $1,500",03/07/2020 02:00:00 PM,FAILING TO YIELD RIGHT-OF-WAY,NOT APPLICABLE,8000,S,HALSTED ST,621.0,,,,,,,2,NO INDICATION OF INJURY,0.0,0.0,0.0,0.0,0.0,2.0,0.0,13,7,3,41.7487254254,-87.6441319399,POINT (-87.644131939896 41.748725425387)
8567e8305675629c5640bca8a57718bdd143de775133be26149e1e44dbbe1a8d3269b2905224a04235de5bebefda9c6318f008d998c7f27d1273658d567c9bb9,,05/28/2022 05:44:00 AM,30,NO CONTROLS,NO CONTROLS,CLEAR,UNKNOWN,SIDESWIPE SAME DIRECTION,NOT DIVIDED,,STRAIGHT AND LEVEL,DRY,UNKNOWN,ON SCENE,NO INJURY / DRIVE AWAY,,,Y,"$501 - $1,500",05/28/2022 10:35:00 AM,NOT APPLICABLE,NOT APPLICABLE,1543,E,87TH ST,412.0,,,,,,,2,NO INDICATION OF INJURY,0.0,0.0,0.0,0.0,0.0,3.0,0.0,5,7,5,41.7367954576,-87.5862725091,POINT (-87.586272509131 41.736795457643)
c85c0d50328a592ae84a31710c98d37d9a08e4481e3b2144f08e1de1f0b15f3c58f1f4b8eb8a3d4467e7114820b5febb7ababd7bcda11c87499e2f0b8cb23944,,08/02/2020 02:11:00 PM,30,TRAFFIC SIGNAL,FUNCTIONING PROPERLY,CLEAR,DAYLIGHT,REAR END,DIVIDED - W/MEDIAN (NOT RAISED),,STRAIGHT AND LEVEL,UNKNOWN,UNKNOWN,NOT ON SCENE (DESK REPORT),NO INJURY / DRIVE AWAY,,,,"OVER $1,500",08/02/2020 02:43:00 PM,DISREGARDING TRAFFIC SIGNALS,UNABLE TO DETERMINE,3700,S,HALSTED ST,915.0,,,,,,,2,NO INDICATION OF INJURY,0.0,0.0,0.0,0.0,0.0,2.0,0.0,14,1,8,41.8276036753,-87.6461798447,POINT (-87.646179844659 41.827603675324)
e654f0ce83f7df244290423377c6ebc4fbc2c83c33180b392ad6790c102f7624f793098c5b4aa75a16b355688e9d8424f2d524f05c3b7dd8f5fc1ae9fec7df49,,11/02/2024 12:07:00 AM,30,TRAFFIC SIGNAL,FUNCTIONING PROPERLY,CLEAR,"DARKNESS, LIGHTED ROAD",ANGLE,FOUR WAY,,STRAIGHT AND LEVEL,DRY,NO DEFECTS,,INJURY AND / OR TOW DUE TO CRASH,Y,,N,"OVER $1,500",11/02/2024 12:07:00 AM,UNABLE TO DETERMINE,UNABLE TO DETERMINE,1756,W,FOSTER AVE,2012.0,,,,,,,2,INCAPACITATING INJURY,2.0,0.0,1.0,0.0,1.0,2.0,0.0,0,7,11,41.9762146327,-87.6742937823,POINT (-87.674293782349 41.976214632698)
12584a09c52ca8c545e2af32086f903542b8f01c87a691070f1e8fc21d3ffbd644398151c0c092571fc7a0b8265dc8954ec970b3806bfabed0025adfc2830e29,,10/25/2025 12:00:00 PM,30,TRAFFIC SIGNAL,FUNCTIONING PROPERLY,CLEAR,DAYLIGHT,TURNING,FOUR WAY,,STRAIGHT AND LEVEL,DRY,NO DEFECTS,NOT ON SCENE (DESK REPORT),NO INJURY / DRIVE AWAY,Y,,,"OVER $1,500",10/25/2025 12:25:00 PM,IMPROPER TURNING/NO SIGNAL,DRIVING SKILLS/KNOWLEDGE/EXPERIENCE,102,S,MICHIGAN AVE,112.0,,,,,,,2,NO INDICATION OF INJURY,0.0,0.0,0.0,0.0,0.0,3.0,0.0,12,7,10,41.8807249022,-87.6244869386,POINT (-87.624486938572 41.880724902194)
1739c7876a270f4f983da364b03caf39df55bfc93292e35d7843aea53bb0f666eccbd93e311822baad5545e91b463f6bcf105392af6844aa685ec0d70ed804c7,,07/01/2019 11:45:00 AM,30,NO CONTROLS,NO CONTROLS,CLEAR,DAYLIGHT,PARKED MOTOR VEHICLE,ONE-WAY,,STRAIGHT AND LEVEL,DRY,NO DEFECTS,ON SCENE,NO INJURY / DRIVE AWAY,,,,$500 OR LESS,07/01/2019 11:46:00 AM,DRIVING SKILLS/KNOWLEDGE/EXPERIENCE,NOT APPLICABLE,341,W,MENOMONEE ST,1814.0,,,,,,,2,NO INDICATION OF INJURY,0.0,0.0,0.0,0.0,0.0,1.0,0.0,11,2,7,41.9146468166,-87.6379363674,POINT (-87.637936367421 41.914646816616)
1efa4dc160e6f65f998f5a7300ab117b46bf093ee10d33cfb3096141f952926d6502bb2c07fc759804503e68ddb0122b5dcda17840e8f1067e609ca2ebcab023,,10/17/2018 08:30:00 AM,30,NO CONTROLS,NO CONTROLS,CLEAR,DAYLIGHT,REAR END,NOT DIVIDED,,STRAIGHT AND LEVEL,DRY,NO DEFECTS,NOT ON SCENE (DESK REPORT),NO INJURY / DRIVE AWAY,,,,$500 OR LESS,10/18/2018 08:15:00 AM,UNABLE TO DETERMINE,NOT APPLICABLE,2000,E,95TH ST,413.0,,,,,,,4,NO INDICATION OF INJURY,0.0,0.0,0.0,0.0,0.0,3.0,0.0,8,4,10,41.7225794731,-87.5752925225,POINT (-87.575292522504 41.722579473126)
f27fcf247e4619bb43ea950ba8401eef2a4a93fa372a0bcf453edcdbc614f1b850c4de9baf05756d1f7312954642c07b6436cc7f9fe51935ff1f6af34cab40f6,,02/10/2021 01:25:00 PM,30,NO CONTROLS,NO CONTROLS,CLEAR,DAYLIGHT,ANGLE,NOT DIVIDED,,STRAIGHT AND LEVEL,SNOW OR SLUSH,NO DEFECTS,NOT ON SCENE (DESK REPORT),NO INJURY / DRIVE AWAY,,,,"OVER $1,500",02/11/2021 09:40:00 AM,UNABLE TO DETERMINE,NOT APPLICABLE,4400,N,MONTICELLO AVE,1723.0,,,,,,,2,NO INDICATION OF INJURY,0.0,0.0,0.0,0.0,0.0,2.0,0.0,13,4,2,41.9611424961,-87.7194065748,POINT (-87.7194065748 41.961142496135)
e2220da20a00b94db52aab87e95c61141776cae9d98e4a9bc6038666351654f28a3d4e03416e7d85e0520541446c232c4b24d8ab72def0466d0d91ececb970fc,,09/21/2018 01:10:00 PM,30,NO CONTROLS,NO CONTROLS,CLEAR,DAYLIGHT,PARKED MOTOR VEHICLE,ONE-WAY,1,STRAIGHT AND LEVEL,DRY,NO DEFECTS,NOT ON SCENE (DESK REPORT),NO INJURY / DRIVE AWAY,,,Y,"OVER $1,500",09/25/2018 11:50:00 AM,UNABLE TO DETERMINE,UNABLE TO DETERMINE,3014,W,21ST PL,1022.0,,,,,,,2,NO INDICATION OF INJURY,0.0,0.0,0.0,0.0,0.0,1.0,0.0,13,6,9,41.852846116,-87.701044877,POINT (-87.70104487697 41.852846116031)
4a2c1ae435e50b300af6369f0e371155829e41e16580e7dea42673ca58d2ccfdc324f224abcfacbd647d8c84d348842ed7718f5c8d44c3910f6cbb1569614a91,,09/29/2017 08:20:00 AM,30,NO CONTROLS,NO CONTROLS,CLEAR,DAYLIGHT,SIDESWIPE SAME DIRECTION,NOT DIVIDED,2,STRAIGHT AND LEVEL,DRY,NO DEFECTS,NOT ON SCENE (DESK REPORT),NO INJURY / DRIVE AWAY,,,,"OVER $1,500",09/29/2017 08:48:00 AM,IMPROPER LANE USAGE,IMPROPER LANE USAGE,401,W,111TH ST,2233.0,Y,,,,,,2,NO INDICATION OF INJURY,0.0,0.0,0.0,0.0,0.0,4.0,0.0,8,6,9,41.6923579469,-87.6329726112,POINT (-87.632972611208 41.692357946909)
be6d3aebbfdd6a7dc215e0bff0e42f7069f7688992f402f2bbb357c33d2f439cd50dcbeca1dcb3fa4edd6853e08b95316ccde798be6e0e3190ac0f243838c06b,,01/18/2019 09:40:00 AM,30,NO CONTROLS,NO CONTROLS,CLOUDY/OVERCAST,DAYLIGHT,SIDESWIPE SAME DIRECTION,NOT DIVIDED,1,"CURVE, LEVEL",DRY,NO DEFECTS,ON SCENE,INJURY AND / OR TOW DUE TO CRASH,,,,"$501 - $1,500",01/18/2019 09:45:00 AM,UNABLE TO DETERMINE,NOT APPLICABLE,4400,N,CICERO AVE,1623.0,,,,,,,2,NO INDICATION OF INJURY,0.0,0.0,0.0,0.0,0.0,2.0,0.0,9,6,1,41.9607900227,-87.7476893588,POINT (-87.747689358768 41.960790022702)
b66c9d2cd484403c1cb55e5025edc983a0468c920eae78b87e29a0e0b9338fc8a3b90dc89b81a8f361d9bc42d6558abce3d4b3c3a51b6891c465caa36e9be1d1,N,01/31/2020 09:30:00 AM,30,NO CONTROLS,NO CONTROLS,CLEAR,DAYLIGHT,PARKED MOTOR VEHICLE,ONE-WAY,,STRAIGHT AND LEVEL,DRY,NO DEFECTS,ON SCENE,NO INJURY / DRIVE AWAY,,,,"OVER $1,500",01/31/2020 04:01:00 PM,UNABLE TO DETERMINE,UNABLE TO DETERMINE,347,E,ONTARIO ST,1834.0,,,,,,,2,NO INDICATION OF INJURY,0.0,0.0,0.0,0.0,0.0,2.0,0.0,9,6,1,41.8933276403,-87.6184524584,POINT (-87.618452458361 41.893327640288)
60441825bf315799b9dbe65d114211c2af2bbd1c471c201b32f671f98b2485b2d91262f770726a15637c6cc0bffe468f546c6109768a6c65ac1342bd424dce7a,,08/06/2018 09:09:00 PM,30,NO CONTROLS,NO CONTROLS,CLEAR,"DARKNESS, LIGHTED ROAD",PEDALCYCLIST,NOT DIVIDED,4,STRAIGHT AND LEVEL,DRY,NO DEFECTS,ON SCENE,INJURY AND / OR TOW DUE TO CRASH,,,Y,"OVER $1,500",08/06/2018 10:06:00 PM,UNABLE TO DETERMINE,UNABLE TO DETERMINE,640,S,WABASH AVE,123.0,,,Y,,,,2,NO INDICATION OF INJURY,0.0,0.0,0.0,0.0,0.0,1.0,0.0,21,2,8,41.873546075,-87.626122517,POINT (-87.626122517003 41.873546074979)
8d190762c0c8c858a9047a526c0fa484e641cd3ae428d7bcee34cff66921fef83b0c74fc11b31c8a6a6a83b07b76ef40695c7aedb963c2c6521a2b1af71bb50f,,08/16/2017 06:09:00 PM,30,TRAFFIC SIGNAL,FUNCTIONING PROPERLY,RAIN,DAYLIGHT,TURNING,NOT DIVIDED,2,STRAIGHT AND LEVEL,WET,NO DEFECTS,ON SCENE,INJURY AND / OR TOW DUE TO CRASH,,,,"OVER $1,500",08/16/2017 06:09:00 PM,UNABLE TO DETERMINE,UNABLE TO DETERMINE,4001,W,69TH ST,833.0,,,,,,,2,NO INDICATION OF INJURY,0.0,0.0,0.0,0.0,0.0,2.0,0.0,18,4,8,41.7676250405,-87.7225444905,POINT (-87.722544490456 41.767625040468)
dd8d46a17983f2c11e459b2ba2c57056bb7f8482ff51bb29ec9058e72e70fbdf74203d9da3c7695c1b7230dbb7e023f0aad9e4578ce3083a46a714f785108052,,09/03/2019 09:00:00 AM,30,TRAFFIC SIGNAL,FUNCTIONING PROPERLY,CLEAR,DAYLIGHT,SIDESWIPE SAME DIRECTION,DIVIDED - W/MEDIAN (NOT RAISED),,STRAIGHT AND LEVEL,WET,UNKNOWN,NOT ON SCENE (DESK REPORT),NO INJURY / DRIVE AWAY,,,,"$501 - $1,500",09/03/2019 05:02:00 PM,UNABLE TO DETERMINE,UNABLE TO DETERMINE,1907,W,MONTROSE AVE,1912.0,,,,,,,2,NO INDICATION OF INJURY,0.0,0.0,0.0,0.0,0.0,2.0,0.0,9,3,9,41.9613804191,-87.6763234953,POINT (-87.676323495348 41.961380419134)
ab1b56652305a8cf044d6fd05ec7d845807e7fc01040449691d34824199350d2656140e474fa0f146c60d4d131a31ee4ac4386e5126917562d4ee19f6e043b2a,,05/09/2020 04:30:00 PM,30,NO CONTROLS,NO CONTROLS,CLEAR,DAYLIGHT,REAR END,DIVIDED - W/MEDIAN (NOT RAISED),,STRAIGHT AND LEVEL,DRY,NO DEFECTS,NOT ON SCENE (DESK REPORT),INJURY AND / OR TOW DUE TO CRASH,,,,"$501 - $1,500",05/09/2020 05:15:00 PM,UNABLE TO DETERMINE,NOT APPLICABLE,3939,W,MADISON ST,1122.0,,,,,,,2,"REPORTED, NOT EVIDENT",1.0,0.0,0.0,0.0,1.0,1.0,0.0,16,7,5,41.8806350197,-87.7242899292,POINT (-87.724289929204 41.880635019748)
914a2f6107bd73489c50b2955ee616ded5a8f4ab21ae42f75edac93d02751f070abf6889d952f9a760189184dd2c329912c56610575233ea2f91b7ec5dd8577c,,11/20/2016 02:15:00 PM,30,NO CONTROLS,NO CONTROLS,CLEAR,DAYLIGHT,SIDESWIPE SAME DIRECTION,DIVIDED - W/MEDIAN (NOT RAISED),4,STRAIGHT AND LEVEL,DRY,NO DEFECTS,NOT ON SCENE (DESK REPORT),NO INJURY / DRIVE AWAY,,,,"OVER $1,500",11/20/2016 02:30:00 PM,UNABLE TO DETERMINE,UNABLE TO DETERMINE,501,W,TAYLOR ST,124.0,,,,,,,2,NO INDICATION OF INJURY,0.0,0.0,0.0,0.0,0.0,2.0,0.0,14,1,11,41.8696454278,-87.639351048,POINT (-87.639351047963 41.869645427766)
a0a88577a794ef753fddb5b1213edb5a8534ba99c1ca96fb9fde3f056f57dedefc3aacde1b094cea0c43a42177fae6151045bbc3ef7bfe4073cb3c5897a5b4b3,,06/03/2023 05:37:00 PM,30,TRAFFIC SIGNAL,FUNCTIONING PROPERLY,CLEAR,DAYLIGHT,REAR END,NOT DIVIDED,,STRAIGHT AND LEVEL,DRY,NO DEFECTS,NOT ON SCENE (DESK REPORT),NO INJURY / DRIVE AWAY,Y,,,"OVER $1,500",06/05/2023 01:15:00 PM,FAILING TO REDUCE SPEED TO AVOID CRASH,UNABLE TO DETERMINE,1411,W,87TH ST,2222.0,,,,,,,3,NO INDICATION OF INJURY,0.0,0.0,0.0,0.0,0.0,3.0,0.0,17,7,6,41.7357448514,-87.6587177057,POINT (-87.658717705659 41.735744851366)
1412668013c2db8baabfa33811da3d96e8998058264cb8a6537aea56e3509cbf84319aa3f5993cba6950c18fad871246e729ee39630841e1b0659d6bb6f23d0d,,10/28/2023 01:06:00 PM,30,TRAFFIC SIGNAL,NOT FUNCTIONING,CLEAR,DAYLIGHT,REAR TO FRONT,FOUR WAY,,STRAIGHT AND LEVEL,DRY,NO DEFECTS,ON SCENE,INJURY AND / OR TOW DUE TO CRASH,Y,,Y,"OVER $1,500",10/28/2023 02:38:00 PM,DISREGARDING TRAFFIC SIGNALS,NOT APPLICABLE,8700,S,SOUTH CHICAGO AVE,423.0,Y,Y,,,,,2,NO INDICATION OF INJURY,0.0,0.0,0.0,0.0,0.0,2.0,0.0,13,7,10,41.7370429734,-87.5656969534,POINT (-87.565696953391 41.737042973423)
225878d9fbab73fab7dc77fe7e2fc0e9b41c4fe1dca213da90df455149e37275fb839118ce52ddd381be89ae3ccec9edb705036881c090330b50f2945516716f,,08/02/2024 08:20:00 PM,25,TRAFFIC SIGNAL,UNKNOWN,UNKNOWN,UNKNOWN,TURNING,DIVIDED - W/MEDIAN (NOT RAISED),,STRAIGHT AND LEVEL,UNKNOWN,UNKNOWN,,NO INJURY / DRIVE AWAY,,,,"OVER $1,500",08/02/2024 09:00:00 PM,UNABLE TO DETERMINE,UNABLE TO DETERMINE,4401,W,FULLERTON AVE,2522.0,,,,,,,2,NO INDICATION OF INJURY,0.0,0.0,0.0,0.0,0.0,2.0,0.0,20,6,8,41.9242548956,-87.7366286514,POINT (-87.736628651365 41.92425489557)
43b45cbdbbc781fbb45b66f7b39df38080b71aad9ba0b82997ab72ce3090b18d0dd69f629719cf6df05b93345b0c9aae06c45b7ce02cbf3bbe6137b226777f78,,12/04/2022 01:33:00 AM,30,STOP SIGN/FLASHER,FUNCTIONING PROPERLY,CLEAR,"DARKNESS, LIGHTED ROAD",HEAD ON,FOUR WAY,,STRAIGHT AND LEVEL,DRY,UNKNOWN,ON SCENE,INJURY AND / OR TOW DUE TO CRASH,Y,,,"OVER $1,500",12/04/2022 01:40:00 AM,UNDER THE INFLUENCE OF ALCOHOL/DRUGS (USE WHEN ARREST IS EFFECTED),IMPROPER OVERTAKING/PASSING,6599,N,SHERIDAN RD,2432.0,,,,,,,2,NONINCAPACITATING INJURY,2.0,0.0,0.0,2.0,0.0,1.0,0.0,1,1,12,42.0025045084,-87.6606327712,POINT (-87.660632771194 42.002504508395)
70c1e8447929b36088fd7a2a7e2fc66c71a1b48624360ec1721c1c7c6a8ed1bd1d0343e28d61482468ac4ac8b3890d3371a8db59ce3bb09cd7426a445166a62a,,08/24/2022 06:55:00 AM,30,TRAFFIC SIGNAL,FUNCTIONING PROPERLY,CLEAR,DAYLIGHT,PEDESTRIAN,FOUR WAY,,STRAIGHT AND LEVEL,DRY,NO DEFECTS,ON SCENE,INJURY AND / OR TOW DUE TO CRASH,Y,,,"OVER $1,500",08/24/2022 07:21:00 AM,FAILING TO YIELD RIGHT-OF-WAY,DISTRACTION - FROM OUTSIDE VEHICLE,99,S,JEFFERSON ST,121.0,,,,,,,2,NONINCAPACITATING INJURY,1.0,0.0,0.0,1.0,0.0,1.0,0.0,6,4,8,41.8805826251,-87.6424725001,POINT (-87.642472500132 41.880582625074)
9c393c4f0cabd6eed4d5fad56570983d288687c9de613c73fbe5f035b0101e93f821990afdbcb288e1b681294e7f72e6de299ffc8fdf510fbe4cd7775809debd,,01/13/2018 12:35:00 PM,30,STOP SIGN/FLASHER,FUNCTIONING PROPERLY,CLEAR,DAYLIGHT,TURNING,DIVIDED - W/MEDIAN (NOT RAISED),2,STRAIGHT AND LEVEL,DRY,NO DEFECTS,ON SCENE,INJURY AND / OR TOW DUE TO CRASH,,,,"OVER $1,500",01/13/2018 12:38:00 PM,IMPROPER TURNING/NO SIGNAL,NOT APPLICABLE,7202,S,KEDZIE AVE,831.0,,,,,,,2,NO INDICATION OF INJURY,0.0,0.0,0.0,0.0,0.0,5.0,0.0,12,7,1,41.7624078709,-87.7029030666,POINT (-87.702903066584 41.762407870888)
efbc79750e10dfc6fdadb3a6e5452096521cdf44429feac56f30eae4029f3f886726399163b4ae77989302b8f446d26d04a1717d0367cb1595e94f137cb823e4,,11/16/2019 06:30:00 PM,25,STOP SIGN/FLASHER,FUNCTIONING PROPERLY,CLEAR,DARKNESS,REAR END,ONE-WAY,,STRAIGHT AND LEVEL,DRY,NO DEFECTS,NOT ON SCENE (DESK REPORT),NO INJURY / DRIVE AWAY,N,,Y,"$501 - $1,500",11/16/2019 07:30:00 PM,IMPROPER BACKING,NOT APPLICABLE,3528,W,AINSLIE ST,1712.0,,,,,,,2,NO INDICATION OF INJURY,0.0,0.0,0.0,0.0,0.0,2.0,0.0,18,7,11,41.9702926156,-87.7170222396,POINT (-87.717022239566 41.970292615594)