CRASH_RECORD_ID,CRASH_DATE_EST_I,CRASH_DATE,POSTED_SPEED_LIMIT,TRAFFIC_CONTROL_DEVICE,DEVICE_CONDITION,WEATHER_CONDITION,LIGHTING_CONDITION,FIRST_CRASH_TYPE,TRAFFICWAY_TYPE,LANE_CNT,ALIGNMENT,ROADWAY_SURFACE_COND,ROAD_DEFECT,REPORT_TYPE,CRASH_TYPE,INTERSECTION_RELATED_I,NOT_RIGHT_OF_WAY_I,HIT_AND_RUN_I,DAMAGE,DATE_POLICE_NOTIFIED,PRIM_CONTRIBUTORY_CAUSE,SEC_CONTRIBUTORY_CAUSE,STREET_NO,STREET_DIRECTION,STREET_NAME,BEAT_OF_OCCURRENCE,PHOTOS_TAKEN_I,STATEMENTS_TAKEN_I,DOORING_I,WORK_ZONE_I,WORK_ZONE_TYPE,WORKERS_PRESENT_I,NUM_UNITS,MOST_SEVERE_INJURY,INJURIES_TOTAL,INJURIES_FATAL,INJURIES_INCAPACITATING,INJURIES_NON_INCAPACITATING,INJURIES_REPORTED_NOT_EVIDENT,INJURIES_NO_INDICATION,INJURIES_UNKNOWN,CRASH_HOUR,CRASH_DAY_OF_WEEK,CRASH_MONTH,LATITUDE,LONGITUDE,LOCATION
119c97914fe5864070cedc4b808b97dc95b8bc271cd0f8997e017db375c871b5e2d0e3d4bb2631fc6a89992d40ff70501af89cba6e90c51649cff7a8782b9339,,12/05/2018 06:30:00 PM,20,NO CONTROLS,NO CONTROLS,CLEAR,DUSK,ANGLE,OTHER,1,STRAIGHT AND LEVEL,DRY,NO DEFECTS,NOT ON SCENE (DESK REPORT),NO INJURY / DRIVE AWAY,,,Y,"$501 - $1,500",12/06/2018 12:07:00 PM,FAILING TO YIELD RIGHT-OF-WAY,FAILING TO YIELD RIGHT-OF-WAY,3170,N,SHERIDAN RD,1934.0,,,,,,,2,NO INDICATION OF INJURY,0.0,0.0,0.0,0.0,0.0,2.0,0.0,18,4,12,41.9397836464,-87.6396927655,POINT (-87.639692765466 41.939783646373)
a73554cb395706bba5202d615d9d0c75688f3e594d507f87d37eb537d9ab1515f6c4b0e74e3aa30948e007a450af59321fc885d615ad3ee9b1224dc265343421,,10/17/2025 07:30:00 AM,30,NO CONTROLS,NO CONTROLS,CLEAR,DAYLIGHT,PARKED MOTOR VEHICLE,ONE-WAY,,STRAIGHT AND LEVEL,DRY,NO DEFECTS,ON SCENE,NO INJURY / DRIVE AWAY,,,,"OVER $1,500",10/17/2025 07:35:00 AM,UNABLE TO DETERMINE,NOT APPLICABLE,326,N,KARLOV AVE,1114.0,,Y,,,,,4,NO INDICATION OF INJURY,0.0,0.0,0.0,0.0,0.0,1.0,0.0,7,6,10,41.8861968241,-87.7284273167,POINT (-87.728427316655 41.886196824143)
916cfdbf20fbdfd4aaabe1eedcce997c551305af1ecaf806cb3cb2eae89b6fec2cd5813de066a06c0fdf2475709589c1303acde14d73f8d17e93ee204aacda3f,,03/10/2021 03:20:00 PM,30,UNKNOWN,NO CONTROLS,CLEAR,DAYLIGHT,REAR END,ONE-WAY,,STRAIGHT AND LEVEL,DRY,NO DEFECTS,NOT ON SCENE (DESK REPORT),NO INJURY / DRIVE AWAY,Y,,Y,"OVER $1,500",03/11/2021 05:40:00 PM,NOT APPLICABLE,UNABLE TO DETERMINE,7500,S,LAFAYETTE AVE,623.0,,,,,,,2,NO INDICATION OF INJURY,0.0,0.0,0.0,0.0,0.0,2.0,0.0,15,4,3,41.758068532,-87.6265169823,POINT (-87.626516982328 41.75806853202)
185fd6fa1df314f8592f9dfa1c062de3ec9206d260eafe5a0e4d6146789f1b4ddf22b1021581f4d579fd7f531283df442dc14b765e7ef9b038f8f415cb7c01b5,,12/07/2024 12:33:00 PM,30,NO CONTROLS,NO CONTROLS,CLEAR,DAYLIGHT,REAR TO FRONT,DIVIDED - W/MEDIAN (NOT RAISED),,STRAIGHT AND LEVEL,UNKNOWN,UNKNOWN,NOT ON SCENE (DESK REPORT),NO INJURY / DRIVE AWAY,,,Y,"$501 - $1,500",12/07/2024 02:25:00 PM,UNABLE TO DETERMINE,NOT APPLICABLE,700,S,LARAMIE AVE,1522.0,,,,,,,2,NO INDICATION OF INJURY,0.0,0.0,0.0,0.0,0.0,2.0,0.0,12,7,12,41.8719389852,-87.75491455,POINT (-87.754914549958 41.871938985166)
4fe8635c5126daff4c17f79530fe64ded9f1fadcc5ecd63cdb853f5ddec6960aa1d09ca3ac12a9c7591641df157aa11b52953f10b33d17d3734507c84aefea39,,05/08/2024 07:30:00 AM,30,STOP SIGN/FLASHER,FUNCTIONING PROPERLY,CLEAR,DAYLIGHT,TURNING,T-INTERSECTION,,STRAIGHT AND LEVEL,DRY,NO DEFECTS,ON SCENE,INJURY AND / OR TOW DUE TO CRASH,Y,,,"OVER $1,500",05/08/2024 07:33:00 AM,FAILING TO YIELD RIGHT-OF-WAY,"VISION OBSCURED (SIGNS, TREE LIMBS, BUILDINGS, ETC.)",2830,W,83RD ST,835.0,,,,,,,2,"REPORTED, NOT EVIDENT",1.0,0.0,0.0,0.0,1.0,1.0,0.0,7,4,5,41.7427495577,-87.6935920213,POINT (-87.693592021296 41.742749557669)
59bb44a1651c83954f27d9c93873e03e03672a5e75cd3b3d44a3a027a9d0ea1838ed4024b10ef6e64510847ad8ef886bd1368fd7ed66ab054fd3cf815b32bc4c,,05/26/2020 06:27:00 PM,30,NO CONTROLS,NO CONTROLS,CLEAR,DAYLIGHT,PEDALCYCLIST,FOUR WAY,,STRAIGHT AND LEVEL,DRY,NO DEFECTS,ON SCENE,NO INJURY / DRIVE AWAY,Y,,,$500 OR LESS,05/26/2020 06:29:00 PM,UNABLE TO DETERMINE,NOT APPLICABLE,10800,S,STATE ST,513.0,,,,,,,2,NO INDICATION OF INJURY,0.0,0.0,0.0,0.0,0.0,4.0,0.0,18,3,5,41.6980044587,-87.6234062903,POINT (-87.623406290262 41.698004458712)
2a3d1a2341a6e40baec3061de21297c92eae0a956e880d918a62d7155b996212a34b2ba164482249cfabefcfe8f378149e251e814758cd7b83f246a1def5202b,,04/02/2018 03:20:00 PM,30,NO CONTROLS,NO CONTROLS,CLEAR,DAYLIGHT,PARKED MOTOR VEHICLE,NOT DIVIDED,,STRAIGHT AND LEVEL,DRY,NO DEFECTS,NOT ON SCENE (DESK REPORT),NO INJURY / DRIVE AWAY,,,,"$501 - $1,500",04/02/2018 05:00:00 PM,UNABLE TO DETERMINE,UNABLE TO DETERMINE,435,N,MORGAN ST,1214.0,,,,,,,2,NO INDICATION OF INJURY,0.0,0.0,0.0,0.0,0.0,2.0,0.0,15,2,4,41.8900299202,-87.6521180887,POINT (-87.652118088668 41.890029920248)
4f62211e2d833ffabb357a35e92eb7eca23462c4e6d9f54005891714805272724f131134fd2294a44741afd6b642b888c3d7af79cd2e3d95d0f4845488019fe7,,06/20/2025 10:40:00 AM,30,TRAFFIC SIGNAL,FUNCTIONING PROPERLY,RAIN,DAYLIGHT,SIDESWIPE SAME DIRECTION,ONE-WAY,,STRAIGHT AND LEVEL,WET,UNKNOWN,NOT ON SCENE (DESK REPORT),NO INJURY / DRIVE AWAY,Y,,,"OVER $1,500",06/20/2025 11:20:00 AM,IMPROPER LANE USAGE,UNABLE TO DETERMINE,1100,W,JACKSON BLVD,1232.0,,,,,,,2,NO INDICATION OF INJURY,0.0,0.0,0.0,0.0,0.0,3.0,0.0,10,6,6,41.8779396954,-87.6546959182,POINT (-87.654695918206 41.877939695422)
32cefc418c3d8afae5a31d76fcfa05f2403d184455d8bdf13d87b52b0eaa46a3f58aeeb850a5624e87929f506a5dc82dbff25d539abc8c9b48a88af584e63c91,,05/07/2019 03:20:00 PM,35,NO CONTROLS,NO CONTROLS,CLEAR,DAYLIGHT,SIDESWIPE SAME DIRECTION,DIVIDED - W/MEDIAN (NOT RAISED),,STRAIGHT AND LEVEL,DRY,NO DEFECTS,NOT ON SCENE (DESK REPORT),NO INJURY / DRIVE AWAY,,,Y,"OVER $1,500",05/07/2019 05:00:00 PM,FAILING TO YIELD RIGHT-OF-WAY,FAILING TO REDUCE SPEED TO AVOID CRASH,6215,N,CLARK ST,2433.0,,,,,,,2,NO INDICATION OF INJURY,0.0,0.0,0.0,0.0,0.0,2.0,0.0,15,3,5,41.9949654262,-87.6700256455,POINT (-87.670025645517 41.994965426166)
71a599524c9af5d756763b6cd0f07cad8d404322162950e27ea7748d0141204facbfc40aac8fd1deaf6cea05cf17a2d0d70dafb64f4cb395707d0e6a688bb4f9,,03/20/2024 09:03:00 AM,30,NO CONTROLS,NO CONTROLS,CLEAR,DAYLIGHT,PARKED MOTOR VEHICLE,NOT DIVIDED,,STRAIGHT AND LEVEL,DRY,NO DEFECTS,NOT ON SCENE (DESK REPORT),NO INJURY / DRIVE AWAY,,,Y,"OVER $1,500",03/20/2024 01:20:00 PM,FOLLOWING TOO CLOSELY,UNABLE TO DETERMINE,5527,S,GREEN ST,712.0,Y,,,,,,3,NO INDICATION OF INJURY,0.0,0.0,0.0,0.0,0.0,1.0,0.0,9,4,3,41.793077223,-87.6461968247,POINT (-87.646196824661 41.793077223008)
3b89fe50ef06802e0612464fdb2bb54b34e5ed0f157fc403e89bea61c65b0d1ef409a2daea31d8674883b24e7b5482a3b6f8214cb29e3ec959f12aa5abd792bf,,09/23/2024 01:30:00 PM,30,NO CONTROLS,NO CONTROLS,UNKNOWN,DAYLIGHT,REAR END,RAMP,,STRAIGHT AND LEVEL,DRY,NO DEFECTS,NOT ON SCENE (DESK REPORT),INJURY AND / OR TOW DUE TO CRASH,,,,"OVER $1,500",09/23/2024 02:00:00 PM,NOT APPLICABLE,NOT APPLICABLE,1953,E,71ST ST,333.0,,,,,,,2,"REPORTED, NOT EVIDENT",2.0,0.0,0.0,0.0,2.0,0.0,0.0,13,2,9,41.7659567566,-87.5766664036,POINT (-87.576666403555 41.765956756642)
0f1fd62fc1bec6f508a29af03af5453cc551cd8971ab5cb869e68dbfe74422efbb82a81f4d30232aa194d6e0bd6b5e0dcab6dfce714ffaee67945b574ee87737,,06/07/2018 07:25:00 AM,40,NO CONTROLS,NO CONTROLS,CLEAR,DAYLIGHT,SIDESWIPE OPPOSITE DIRECTION,DIVIDED - W/MEDIAN BARRIER,8,CURVE ON GRADE,DRY,NO DEFECTS,,INJURY AND / OR TOW DUE TO CRASH,,,,"OVER $1,500",06/07/2018 07:35:00 AM,DRIVING ON WRONG SIDE/WRONG WAY,DISREGARDING OTHER TRAFFIC SIGNS,4201,N,LAKE SHORE DR NB,1915.0,,,,,,,2,NONINCAPACITATING INJURY,1.0,0.0,0.0,1.0,0.0,1.0,0.0,7,5,6,41.9585822146,-87.6456926227,POINT (-87.64569262267 41.95858221461)
c05c4cc1bcb780e89d81c0f20a53462f7522c209be2732db1825468eb505c2db53368338d1ef4ed5c585a64ded3b76677678181c966cc271bd7a2616891ab126,,03/12/2023 02:03:00 PM,30,NO CONTROLS,NO CONTROLS,SNOW,DAYLIGHT,PARKED MOTOR VEHICLE,PARKING LOT,,STRAIGHT AND LEVEL,WET,UNKNOWN,NOT ON SCENE (DESK REPORT),NO INJURY / DRIVE AWAY,,Y,Y,"OVER $1,500",03/12/2023 02:31:00 PM,NOT APPLICABLE,UNABLE TO DETERMINE,5469,W,NORTH AVE,2532.0,,,,,,,2,NO INDICATION OF INJURY,0.0,0.0,0.0,0.0,0.0,1.0,0.0,14,1,3,41.909294322,-87.763395828,POINT (-87.763395828035 41.909294321981)
1dca42aa67293c63cd7ecc9a93fa0568fd60f3cb7c20d7a515e178a0c38eca59a3893db4bc3176814c144556d5e5df1946ce78ad9ce2311b1f8cbcc59c430023,,07/01/2021 11:47:00 PM,30,STOP SIGN/FLASHER,FUNCTIONING PROPERLY,CLEAR,"DARKNESS, LIGHTED ROAD",REAR TO FRONT,NOT REPORTED,,STRAIGHT AND LEVEL,DRY,NO DEFECTS,ON SCENE,INJURY AND / OR TOW DUE TO CRASH,,,,"OVER $1,500",07/01/2021 11:47:00 PM,DISREGARDING STOP SIGN,NOT APPLICABLE,200,E,46TH ST,215.0,,,,,,,2,NO INDICATION OF INJURY,0.0,0.0,0.0,0.0,0.0,2.0,0.0,23,5,7,41.8112361226,-87.6211828705,POINT (-87.621182870485 41.811236122595)
ac7bea073234139fb668d4bf66161cb4c1c384c91fc8fc705cca3837cd015b9e26934fca202e6ed9e7bd4170fb70df6bc8a86a15c9afb16334b6601660183699,,07/30/2022 11:50:00 PM,30,NO CONTROLS,NO CONTROLS,CLEAR,"DARKNESS, LIGHTED ROAD",PEDESTRIAN,DIVIDED - W/MEDIAN (NOT RAISED),,STRAIGHT AND LEVEL,DRY,NO DEFECTS,ON SCENE,INJURY AND / OR TOW DUE TO CRASH,,,Y,"OVER $1,500",07/31/2022 12:02:00 AM,UNABLE TO DETERMINE,NOT APPLICABLE,4600,W,DIVERSEY AVE,2521.0,,,,,,,2,FATAL,1.0,1.0,0.0,0.0,0.0,1.0,0.0,23,7,7,41.9317030936,-87.74199681,POINT (-87.741996810045 41.931703093602)
d00c438b345bffbf67ccfc57a744d1b7787c087c1a20b81cc77e9091dcc0ca7b59036d43c7aa2eb68394f603d633cbbac41eceecd6604c45b9907ceaaf4dfd3a,,06/24/2024 05:45:00 PM,25,NO CONTROLS,NO CONTROLS,CLEAR,DAYLIGHT,SIDESWIPE SAME DIRECTION,NOT DIVIDED,,STRAIGHT AND LEVEL,DRY,NO DEFECTS,NOT ON SCENE (DESK REPORT),NO INJURY / DRIVE AWAY,,,,"OVER $1,500",06/24/2024 08:46:00 PM,UNABLE TO DETERMINE,UNABLE TO DETERMINE,5839,S,HARLEM AVE,811.0,,,,,,,2,NO INDICATION OF INJURY,0.0,0.0,0.0,0.0,0.0,2.0,0.0,17,2,6,41.7853541249,-87.8010979955,POINT (-87.801097995514 41.785354124874)
a2482c14fc72a2bb4eccac4838cd03aa431592c3331902a0ccb9ab3a527597aeead59416751ec963917545e369230b99723fca71eb124b4b5d4e4545685dfdc9,,12/29/2022 02:55:00 PM,30,TRAFFIC SIGNAL,FUNCTIONING PROPERLY,CLOUDY/OVERCAST,DAYLIGHT,ANGLE,DIVIDED - W/MEDIAN (NOT RAISED),,STRAIGHT AND LEVEL,WET,NO DEFECTS,NOT ON SCENE (DESK REPORT),NO INJURY / DRIVE AWAY,,,Y,"OVER $1,500",12/29/2022 04:50:00 PM,DISREGARDING TRAFFIC SIGNALS,NOT APPLICABLE,4400,W,16TH ST,1012.0,,,,,,,2,NO INDICATION OF INJURY,0.0,0.0,0.0,0.0,0.0,2.0,0.0,14,5,12,41.858839471,-87.7347978272,POINT (-87.734797827233 41.858839471036)
49f826ec6986cc44430f0d177f31e9de1073f341d4b9e1ea30e6da8292984168ae7f45bf4571d575efc4dd7dee0ad3d3217940c7e428492a20b59b248c556d5c,,09/04/2020 05:40:00 PM,30,NO CONTROLS,NO CONTROLS,CLEAR,DAYLIGHT,REAR END,NOT DIVIDED,,STRAIGHT AND LEVEL,DRY,NO DEFECTS,ON SCENE,INJURY AND / OR TOW DUE TO CRASH,,,,"OVER $1,500",09/04/2020 05:44:00 PM,FOLLOWING TOO CLOSELY,UNABLE TO DETERMINE,1800,W,PERSHING RD,912.0,,,,,,,4,"REPORTED, NOT EVIDENT",1.0,0.0,0.0,0.0,1.0,5.0,0.0,17,6,9,41.8234018228,-87.6702717239,POINT (-87.670271723928 41.82340182277)
1f7ac17e3b8855ff88860fd2be93314fc13a830f971b587175505a252d249ecde26049df0b9e038312af4f37c43fbd020e64432483349dc1de7768aa840c7e2b,,08/21/2025 07:40:00 AM,35,TRAFFIC SIGNAL,FUNCTIONING PROPERLY,UNKNOWN,DAYLIGHT,REAR END,DIVIDED - W/MEDIAN (NOT RAISED),,STRAIGHT AND LEVEL,UNKNOWN,UNKNOWN,NOT ON SCENE (DESK REPORT),NO INJURY / DRIVE AWAY,Y,,,"$501 - $1,500",08/21/2025 10:45:00 AM,UNABLE TO DETERMINE,UNABLE TO DETERMINE,8700,S,SOUTH CHICAGO AVE,423.0,,,,,,,2,NO INDICATION OF INJURY,0.0,0.0,0.0,0.0,0.0,2.0,0.0,7,5,8,41.7370429734,-87.5656969534,POINT (-87.565696953391 41.737042973423)
14dbe387c6af72af14aa1e465d425f568a1deaf95e76e2c9fe82015e3b20f2cb04b527be0258db5b92d3ac7fe0b3179a0eda4646cab7239138e095bd70b52dc4,,10/27/2025 09:40:00 AM,30,STOP SIGN/FLASHER,FUNCTIONING PROPERLY,CLEAR,DAYLIGHT,FIXED OBJECT,T-INTERSECTION,,STRAIGHT AND LEVEL,DRY,UNKNOWN,ON SCENE,NO INJURY / DRIVE AWAY,,,,"OVER $1,500",10/27/2025 09:40:00 AM,NOT APPLICABLE,NOT APPLICABLE,400,N,PULASKI RD,1111.0,,,,,,,1,NO INDICATION OF INJURY,0.0,0.0,0.0,0.0,0.0,1.0,0.0,9,2,10,41.8877847742,-87.7260155945,POINT (-87.726015594503 41.88778477417)
0ed6fe7056c2e08fb7877c4b3b6a2ce00e55ac204d7a3cf22b44e1d43366b0491a3325c42007c72d12e2f3a7d1d774c6a4d9cf95fb4ae0ef1dcb3acbb829472b,,09/01/2018 05:55:00 AM,30,NO CONTROLS,NO CONTROLS,CLEAR,DAWN,PARKED MOTOR VEHICLE,ONE-WAY,2,STRAIGHT AND LEVEL,DRY,NO DEFECTS,NOT ON SCENE (DESK REPORT),NO INJURY / DRIVE AWAY,,,,"$501 - $1,500",09/01/2018 08:20:00 AM,UNABLE TO DETERMINE,UNABLE TO DETERMINE,630,W,HARRISON ST,124.0,,,,,,,2,NO INDICATION OF INJURY,0.0,0.0,0.0,0.0,0.0,1.0,0.0,5,7,9,41.8744634237,-87.6438159268,POINT (-87.643815926751 41.874463423738)
17d674009219de99371c692c21a6b18ec43742e7ee9631a2693a29ad2dcedd1aa8227b5b9a07aa3ec56553a7d97f294d599204f60e64954ae7bf5f492e881207,,02/14/2021 07:30:00 PM,25,NO CONTROLS,NO CONTROLS,SNOW,"DARKNESS, LIGHTED ROAD",PARKED MOTOR VEHICLE,PARKING LOT,,STRAIGHT AND LEVEL,SNOW OR SLUSH,NO DEFECTS,ON SCENE,NO INJURY / DRIVE AWAY,,,,"OVER $1,500",02/14/2021 07:31:00 PM,IMPROPER BACKING,NOT APPLICABLE,513,W,OHARE ST,1654.0,,,,,,,2,NO INDICATION OF INJURY,0.0,0.0,0.0,0.0,0.0,1.0,0.0,19,1,2,,,
aee3a6f00aff11d14b04104d1e7a4782431364f78ba1bbbac06768e256482c95bb9ceb7c335e47572e6cab62b81dd90af389b5e32b7c321761cb14fc6c891f4f,,04/17/2021 05:24:00 PM,30,TRAFFIC SIGNAL,FUNCTIONING PROPERLY,UNKNOWN,DAYLIGHT,SIDESWIPE SAME DIRECTION,NOT DIVIDED,,STRAIGHT AND LEVEL,UNKNOWN,NO DEFECTS,NOT ON SCENE (DESK REPORT),NO INJURY / DRIVE AWAY,,,,"OVER $1,500",05/05/2021 02:45:00 PM,FAILING TO REDUCE SPEED TO AVOID CRASH,UNABLE TO DETERMINE,1601,W,95TH ST,2213.0,,,,,,,2,NO INDICATION OF INJURY,0.0,0.0,0.0,0.0,0.0,3.0,0.0,17,7,4,41.7211049087,-87.662718867,POINT (-87.662718866958 41.721104908742)
5e779c99806cfbd7e74b51892a452b89d8694c47d47e1f100bdaa61b041784420420df0ea2a08f5cfc60cf4f2027be57e969d625f6342bec4470f0292e5aa311,,02/04/2023 11:41:00 AM,30,NO CONTROLS,NOT FUNCTIONING,CLEAR,"DARKNESS, LIGHTED ROAD",PARKED MOTOR VEHICLE,ONE-WAY,,STRAIGHT AND LEVEL,DRY,NO DEFECTS,,NO INJURY / DRIVE AWAY,,,Y,"OVER $1,500",02/05/2023 11:00:00 AM,UNABLE TO DETERMINE,NOT APPLICABLE,4326,S,MICHIGAN AVE,215.0,,,,,,,4,NO INDICATION OF INJURY,0.0,0.0,0.0,0.0,0.0,1.0,0.0,11,7,2,41.8157147494,-87.6231545397,POINT (-87.623154539655 41.815714749373)
946766bd0342b9f210d1030a51f23ccc7735ed7ab21f6c56687fd15658f57ba18df9793820d74e83ce298fff23aa67158c08c5cffe97d9f80fd140587e5b6b70,,09/15/2024 04:56:00 PM,30,NO CONTROLS,NO CONTROLS,CLEAR,DAYLIGHT,REAR TO SIDE,NOT DIVIDED,,STRAIGHT AND LEVEL,DRY,UNKNOWN,ON SCENE,NO INJURY / DRIVE AWAY,,,,"OVER $1,500",09/15/2024 04:56:00 PM,UNABLE TO DETERMINE,NOT APPLICABLE,438,W,MONTROSE DR,1914.0,,,,,,,2,NO INDICATION OF INJURY,0.0,0.0,0.0,0.0,0.0,3.0,0.0,16,1,9,41.9626649638,-87.6417308131,POINT (-87.641730813078 41.96266496376)
119ae314e7f60d2dd6d6dd2f0c853abf07e7959d91fc771e8239c4209d115dfd4536b7ba971023796d312920729a4681b80817111faeb0b1b9c2d549d7921bec,,06/29/2020 12:15:00 PM,30,TRAFFIC SIGNAL,FUNCTIONING PROPERLY,RAIN,DAWN,REAR END,DIVIDED - W/MEDIAN (NOT RAISED),,STRAIGHT AND LEVEL,WET,NO DEFECTS,NOT ON SCENE (DESK REPORT),NO INJURY / DRIVE AWAY,,,Y,"$501 - $1,500",06/29/2020 01:20:00 PM,FAILING TO REDUCE SPEED TO AVOID CRASH,WEATHER,1000,E,83RD ST,631.0,,,,,,,2,NO INDICATION OF INJURY,0.0,0.0,0.0,0.0,0.0,2.0,0.0,12,2,6,41.7441457096,-87.6001027402,POINT (-87.600102740193 41.744145709574)
8e393860bb4699c999b1167e7d70cf74d1ca92a6269acf716664f0fd22f9460c2385894ba48794ec66b1d0b1e911561fa501b642609a6344198feba03608a3fd,,01/23/2020 03:00:00 PM,35,NO CONTROLS,NO CONTROLS,CLEAR,DAYLIGHT,SIDESWIPE SAME DIRECTION,NOT DIVIDED,,STRAIGHT AND LEVEL,DRY,UNKNOWN,NOT ON SCENE (DESK REPORT),NO INJURY / DRIVE AWAY,,,Y,"$501 - $1,500",01/26/2020 01:30:00 PM,UNABLE TO DETERMINE,NOT APPLICABLE,2300,W,CONGRESS PKWY,1225.0,,,,,,,2,NO INDICATION OF INJURY,0.0,0.0,0.0,0.0,0.0,2.0,0.0,15,5,1,41.8750692882,-87.6838590185,POINT (-87.683859018457 41.875069288227)
c7438326d644485022afb69c7632b00f893e3f3e5e5fce52e16193bfadee385880e44de55183b3277f5ad5d862eb30e9164de7ad02741c6ded7bb8b68e7f408a,,06/27/2016 03:00:00 PM,30,NO CONTROLS,NO CONTROLS,CLEAR,DAYLIGHT,SIDESWIPE SAME DIRECTION,NOT DIVIDED,2,STRAIGHT AND LEVEL,DRY,NO DEFECTS,NOT ON SCENE (DESK REPORT),NO INJURY / DRIVE AWAY,Y,,,"OVER $1,500",06/28/2016 03:00:00 PM,UNABLE TO DETERMINE,UNABLE TO DETERMINE,350,W,CHICAGO AVE,1823.0,,,,,,,2,NO INDICATION OF INJURY,0.0,0.0,0.0,0.0,0.0,2.0,0.0,15,2,6,41.8966533808,-87.6376816581,POINT (-87.637681658139 41.896653380769)
3ff259909b4146a4481c654ab1a1563419ded568848087ff3a23655a04792895bacce854864b7beacc4bb90f9382a534376463966c84bf590ca77e0d074573db,,03/07/2018 05:26:00 PM,30,NO CONTROLS,NO CONTROLS,CLEAR,DUSK,PARKED MOTOR VEHICLE,ONE-WAY,,STRAIGHT AND LEVEL,DRY,NO DEFECTS,ON SCENE,INJURY AND / OR TOW DUE TO CRASH,,,,"$501 - $1,500",03/07/2018 05:26:00 PM,EQUIPMENT - VEHICLE CONDITION,NOT APPLICABLE,2638,W,CULLERTON ST,1023.0,,,,,,,2,NO INDICATION OF INJURY,0.0,0.0,0.0,0.0,0.0,1.0,0.0,17,4,3,41.8548295725,-87.6922020762,POINT (-87.692202076209 41.854829572456)
04f86e71e23756dfd464540b2ca04d2c91acd6ddf501203e751bc637984d0c0419169d08623c16e3383798d3895990404e36bbbe606be14bb76b8d6024c75f1d,,07/25/2019 06:19:00 PM,30,STOP SIGN/FLASHER,FUNCTIONING PROPERLY,CLEAR,DAYLIGHT,ANGLE,OTHER,,STRAIGHT AND LEVEL,DRY,NO DEFECTS,ON SCENE,INJURY AND / OR TOW DUE TO CRASH,Y,,Y,"OVER $1,500",07/25/2019 06:31:00 PM,FAILING TO YIELD RIGHT-OF-WAY,NOT APPLICABLE,100,N,LAMON AVE,1532.0,Y,,,,,,2,NO INDICATION OF INJURY,0.0,0.0,0.0,0.0,0.0,5.0,0.0,18,5,7,41.8818459501,-87.7479234379,POINT (-87.747923437901 41.881845950085)
7047d64b7bb6ca00bc4b0c4d1e4a77504e410d7b16ffdb23ba6866b0945217eb52c14bf34d530345aeaf7189ff23a39470dc0fb7d095af9d0ebebd3d22af2f43,,06/04/2020 10:08:00 PM,15,NO CONTROLS,NO CONTROLS,CLEAR,"DARKNESS, LIGHTED ROAD",PARKED MOTOR VEHICLE,ONE-WAY,,STRAIGHT AND LEVEL,DRY,NO DEFECTS,ON SCENE,NO INJURY / DRIVE AWAY,,,Y,$500 OR LESS,06/04/2020 10:11:00 PM,IMPROPER BACKING,UNABLE TO DETERMINE,8938,S,UNION AVE,2223.0,,Y,,,,,2,NO INDICATION OF INJURY,0.0,0.0,0.0,0.0,0.0,1.0,0.0,22,5,6,41.731399804,-87.6412005001,POINT (-87.641200500137 41.731399803979)
b4af53bfc9419beaa3c638c94f34768adf782ccdf9a953b7b5dd07d1d11b9328d1ad1a408104b5db1aad83740efafd48a8f7b13e9f971cb6ff8f7890749a4758,,08/28/2025 07:22:00 PM,20,NO CONTROLS,NO CONTROLS,CLEAR,DAWN,PARKED MOTOR VEHICLE,ONE-WAY,,STRAIGHT AND LEVEL,UNKNOWN,UNKNOWN,NOT ON SCENE (DESK REPORT),NO INJURY / DRIVE AWAY,,,Y,"$501 - $1,500",08/28/2025 10:51:00 PM,NOT APPLICABLE,NOT APPLICABLE,5015,S,BLACKSTONE AVE,222.0,,,,,,,2,NO INDICATION OF INJURY,0.0,0.0,0.0,0.0,0.0,1.0,0.0,19,5,8,41.8037547907,-87.5903839454,POINT (-87.590383945444 41.803754790702)
55b6eb588f3b112b2558628ba0f1a1cccf274eda9ddf7982c77826afd7d5d20b84951316cacc7cf416685adb5171977053c29a8eb4b19e689fd50353aada6f8b,,09/02/2016 08:30:00 AM,25,TRAFFIC SIGNAL,FUNCTIONING PROPERLY,CLEAR,DAYLIGHT,REAR END,NOT DIVIDED,2,STRAIGHT AND LEVEL,DRY,NO DEFECTS,NOT ON SCENE (DESK REPORT),NO INJURY / DRIVE AWAY,,,Y,"$501 - $1,500",09/02/2016 09:05:00 AM,FOLLOWING TOO CLOSELY,NOT APPLICABLE,1201,S,KOSTNER AVE,1011.0,,,,,,,2,NO INDICATION OF INJURY,0.0,0.0,0.0,0.0,0.0,4.0,0.0,8,6,9,41.8659442259,-87.7348149417,POINT (-87.734814941748 41.865944225926)
78a3e8366eba97e6d0368b6f3a179fe82faf54a9a4260bf5addfcc79fa49263bfbdcac1cee31e7cfd3bcca820ae16400f16b4649c4ca505af235b5b589c22589,,08/23/2019 06:20:00 PM,30,TRAFFIC SIGNAL,FUNCTIONING PROPERLY,CLEAR,DAYLIGHT,REAR END,NOT DIVIDED,,STRAIGHT AND LEVEL,DRY,NO DEFECTS,NOT ON SCENE (DESK REPORT),NO INJURY / DRIVE AWAY,,,,"$501 - $1,500",08/23/2019 06:40:00 PM,FOLLOWING TOO CLOSELY,FOLLOWING TOO CLOSELY,4071,S,ARCHER AVE,921.0,,,,,,,2,NO INDICATION OF INJURY,0.0,0.0,0.0,0.0,0.0,8.0,0.0,18,6,8,41.8195724002,-87.6950713134,POINT (-87.695071313407 41.819572400221)