CRASH_RECORD_ID,CRASH_DATE_EST_I,CRASH_DATE,POSTED_SPEED_LIMIT,TRAFFIC_CONTROL_DEVICE,DEVICE_CONDITION,WEATHER_CONDITION,LIGHTING_CONDITION,FIRST_CRASH_TYPE,TRAFFICWAY_TYPE,LANE_CNT,ALIGNMENT,ROADWAY_SURFACE_COND,ROAD_DEFECT,REPORT_TYPE,CRASH_TYPE,INTERSECTION_RELATED_I,NOT_RIGHT_OF_WAY_I,HIT_AND_RUN_I,DAMAGE,DATE_POLICE_NOTIFIED,PRIM_CONTRIBUTORY_CAUSE,SEC_CONTRIBUTORY_CAUSE,STREET_NO,STREET_DIRECTION,STREET_NAME,BEAT_OF_OCCURRENCE,PHOTOS_TAKEN_I,STATEMENTS_TAKEN_I,DOORING_I,WORK_ZONE_I,WORK_ZONE_TYPE,WORKERS_PRESENT_I,NUM_UNITS,MOST_SEVERE_INJURY,INJURIES_TOTAL,INJURIES_FATAL,INJURIES_INCAPACITATING,INJURIES_NON_INCAPACITATING,INJURIES_REPORTED_NOT_EVIDENT,INJURIES_NO_INDICATION,INJURIES_UNKNOWN,CRASH_HOUR,CRASH_DAY_OF_WEEK,CRASH_MONTH,LATITUDE,LONGITUDE,LOCATION
ad5cef05225fb3de23366bf9067f704c104376358469319598dabe22d1212d086c44bd208d9e5a4c15275a167ac8476c5653e174b684bda22c1cab4840561f57,,06/04/2019 04:00:00 PM,30,TRAFFIC SIGNAL,FUNCTIONING PROPERLY,CLEAR,DAYLIGHT,REAR END,NOT DIVIDED,,STRAIGHT AND LEVEL,DRY,NO DEFECTS,NOT ON SCENE (DESK REPORT),NO INJURY / DRIVE AWAY,,,,"OVER $1,500",06/04/2019 05:54:00 PM,FOLLOWING TOO CLOSELY,DISTRACTION - FROM INSIDE VEHICLE,2215,W,103RD ST,2212.0,,,,,,,2,NO INDICATION OF INJURY,0.0,0.0,0.0,0.0,0.0,3.0,0.0,16,3,6,41.7063299531,-87.6774295019,POINT (-87.677429501932 41.706329953068)
a11811a74eddb24d6af136a8fe4b708c9392f8028956ee7a32fcff4a56a579b4e2619acbd95bd671eb1580566b6392bacb778c962b19ceba0894232550c93b28,,11/12/2025 09:35:00 AM,30,NO CONTROLS,NO CONTROLS,CLEAR,DAYLIGHT,PARKED MOTOR VEHICLE,ONE-WAY,,STRAIGHT AND LEVEL,DRY,NO DEFECTS,NOT ON SCENE (DESK REPORT),NO INJURY / DRIVE AWAY,,,,"OVER $1,500",11/12/2025 01:12:00 PM,ANIMAL,NOT APPLICABLE,1581,N,TRIPP AVE,2534.0,,,,,,,2,NO INDICATION OF INJURY,0.0,0.0,0.0,0.0,0.0,1.0,0.0,9,4,11,41.9097437535,-87.7324975002,POINT (-87.732497500218 41.909743753543)
6f401e52c6f667a9a75cf0a697d813b7b002e47f3956c40173ed0df69e5561fa92b822502c4c3d66cd8b09ed46c076081740eaff20464e73c5c42365a9d3a6d7,,09/02/2017 02:00:00 PM,30,STOP SIGN/FLASHER,NO CONTROLS,CLEAR,DAYLIGHT,ANGLE,NOT DIVIDED,,STRAIGHT AND LEVEL,DRY,NO DEFECTS,ON SCENE,INJURY AND / OR TOW DUE TO CRASH,Y,,,"OVER $1,500",09/02/2017 02:20:00 PM,DISREGARDING STOP SIGN,NOT APPLICABLE,1900,N,KIMBALL AVE,1422.0,,,,,,,2,NO INDICATION OF INJURY,0.0,0.0,0.0,0.0,0.0,4.0,0.0,14,7,9,41.9155869038,-87.7120092507,POINT (-87.712009250722 41.915586903831)
56efb05269244a89a67d36dd1bcfa03dd81dd3ef900ff5237af34f990e7b6128b4e100e1bfe50e87dd53e7c38e17d2bc30469f5af5459a4a801747f1d7733fab,,10/18/2025 11:15:00 PM,30,NO CONTROLS,NO CONTROLS,RAIN,"DARKNESS, LIGHTED ROAD",PEDESTRIAN,NOT DIVIDED,,STRAIGHT AND LEVEL,WET,UNKNOWN,ON SCENE,INJURY AND / OR TOW DUE TO CRASH,,,Y,"OVER $1,500",10/19/2025 03:26:00 AM,UNABLE TO DETERMINE,NOT APPLICABLE,4800,N,CENTRAL AVE,1622.0,,,,,,,3,NONINCAPACITATING INJURY,1.0,0.0,0.0,1.0,0.0,1.0,0.0,23,7,10,41.9678259908,-87.767624856,POINT (-87.767624856049 41.967825990817)
a6dd47cdc78f8b63118992edf1b9783dce66bf278fb5c1e1dcb2a9706f0ae828eacff065ee5b4da2800ee9e926c6127fe146cea72864c5ddf0ca8476f6a35370,,03/23/2018 07:35:00 PM,25,NO CONTROLS,NO CONTROLS,CLEAR,"DARKNESS, LIGHTED ROAD",PARKED MOTOR VEHICLE,ONE-WAY,1,STRAIGHT AND LEVEL,DRY,NO DEFECTS,ON SCENE,NO INJURY / DRIVE AWAY,,,,$500 OR LESS,03/23/2018 07:35:00 PM,DISTRACTION - FROM OUTSIDE VEHICLE,NOT APPLICABLE,4121,W,GLADYS AVE,1132.0,,,,,,,2,NO INDICATION OF INJURY,0.0,0.0,0.0,0.0,0.0,1.0,0.0,19,6,3,41.876026804,-87.7288482525,POINT (-87.728848252525 41.876026804032)
95af5e9cdfda01c303a353b75e03399438c983a0954a45caf40e0dae43a8044100ae52c9802f23f0949cc92f8cc599428120e6eb0e4080e87c307facea1ed200,,03/07/2024 11:45:00 AM,35,NO CONTROLS,NO CONTROLS,CLEAR,DAYLIGHT,PEDALCYCLIST,T-INTERSECTION,,STRAIGHT AND LEVEL,DRY,UNKNOWN,ON SCENE,NO INJURY / DRIVE AWAY,,,,"OVER $1,500",03/07/2024 11:48:00 AM,FAILING TO YIELD RIGHT-OF-WAY,FAILING TO YIELD RIGHT-OF-WAY,10300,S,MICHIGAN AVE,512.0,,,,,,,2,NO INDICATION OF INJURY,0.0,0.0,0.0,0.0,0.0,2.0,0.0,11,5,3,41.7071821754,-87.6203614922,POINT (-87.620361492183 41.707182175387)
baccc90b677c37d0b3e80ea9e40ab860498d456869d8d5be1e43c24f98d2a964f1172b88837800873f1167cd7f77478e3423307d257a6528aa7896fd75667f8b,,09/30/2022 08:18:00 AM,35,TRAFFIC SIGNAL,FUNCTIONING PROPERLY,CLEAR,DAYLIGHT,REAR END,NOT DIVIDED,,STRAIGHT AND LEVEL,DRY,NO DEFECTS,ON SCENE,NO INJURY / DRIVE AWAY,,,,$500 OR LESS,09/30/2022 08:19:00 AM,DRIVING SKILLS/KNOWLEDGE/EXPERIENCE,NOT APPLICABLE,6258,S,WESTERN AVE,825.0,,,,,,,2,NO INDICATION OF INJURY,0.0,0.0,0.0,0.0,0.0,2.0,0.0,8,6,9,41.7793053663,-87.6837888826,POINT (-87.68378888262 41.779305366328)
08293392d03b2a8900df0ce0305ef4123fb787c9110d9f6e343d6823cadfc70acadd3d66ecaf11b638152ba004be7ee5a8a3fcc836cfc53baaa1ff1de49ceca4,,08/26/2021 09:35:00 PM,35,TRAFFIC SIGNAL,FUNCTIONING PROPERLY,CLEAR,DARKNESS,SIDESWIPE SAME DIRECTION,NOT DIVIDED,,STRAIGHT AND LEVEL,DRY,NO DEFECTS,NOT ON SCENE (DESK REPORT),NO INJURY / DRIVE AWAY,,,Y,"OVER $1,500",08/26/2021 10:30:00 PM,FOLLOWING TOO CLOSELY,FOLLOWING TOO CLOSELY,1558,S,WABASH AVE,131.0,,,,,,,2,NO INDICATION OF INJURY,0.0,0.0,0.0,0.0,0.0,2.0,0.0,21,5,8,41.8602362798,-87.6258104495,POINT (-87.625810449479 41.860236279826)
4c3a7af6a65db48148c8d1e1af26dbad8ea21abce04481bcab1f3a610ddab1dfb11be4a288e65167a3754f814ec8c8a9e3fda44e8650028f496947cb22dd5f0c,,02/18/2020 12:00:00 PM,20,STOP SIGN/FLASHER,FUNCTIONING PROPERLY,CLEAR,DAYLIGHT,TURNING,T-INTERSECTION,,STRAIGHT AND LEVEL,DRY,NO DEFECTS,ON SCENE,INJURY AND / OR TOW DUE TO CRASH,Y,,,"OVER $1,500",02/18/2020 12:01:00 PM,EQUIPMENT - VEHICLE CONDITION,DRIVING SKILLS/KNOWLEDGE/EXPERIENCE,3800,S,CALUMET AVE,212.0,,,,,,,2,NO INDICATION OF INJURY,0.0,0.0,0.0,0.0,0.0,4.0,0.0,12,3,2,41.8255428025,-87.6183958208,POINT (-87.618395820825 41.825542802515)
80e844bfaef35304e5f82e791f0683d39edbe998c297befac082286ea28398d4198f2cbed8cfd6f8831c09a96d0ae86b974f29a5075f4c12294edf916e5cc812,,12/28/2017 09:10:00 PM,30,STOP SIGN/FLASHER,FUNCTIONING PROPERLY,SNOW,"DARKNESS, LIGHTED ROAD",ANGLE,NOT DIVIDED,,STRAIGHT AND LEVEL,SNOW OR SLUSH,NO DEFECTS,ON SCENE,INJURY AND / OR TOW DUE TO CRASH,Y,,,"OVER $1,500",12/28/2017 09:15:00 PM,EXCEEDING SAFE SPEED FOR CONDITIONS,WEATHER,6232,W,53RD ST,811.0,,,,,,,2,"REPORTED, NOT EVIDENT",1.0,0.0,0.0,0.0,1.0,2.0,0.0,21,5,12,41.7962236381,-87.7783286278,POINT (-87.778328627842 41.796223638137)
efdd9483b111e9031a59d1245fc68b884442daca295d8d40a4e91c19f1ab1c9d6485ddf9a67038ea04ba6ac665c3099e045f16950e9d743d752e5f8a4d7fecfd,,08/01/2025 07:30:00 PM,30,UNKNOWN,UNKNOWN,CLEAR,DAYLIGHT,SIDESWIPE OPPOSITE DIRECTION,NOT DIVIDED,,STRAIGHT AND LEVEL,UNKNOWN,UNKNOWN,NOT ON SCENE (DESK REPORT),NO INJURY / DRIVE AWAY,,,Y,"OVER $1,500",08/01/2025 07:50:00 PM,UNABLE TO DETERMINE,UNABLE TO DETERMINE,1,S,WACKER DR,122.0,,,,,,,2,NO INDICATION OF INJURY,0.0,0.0,0.0,0.0,0.0,2.0,0.0,19,6,8,41.8818862275,-87.6366183305,POINT (-87.63661833048 41.881886227462)
f77fd92cc9efb69b38d75ccf44ff0ec8831b4432f3e617163a5ccf0501891550a669985bb9ff95f87c8b5502a254e9e54a83de2dd19833d031607386a10675dc,,02/19/2022 03:23:00 PM,30,TRAFFIC SIGNAL,FUNCTIONING PROPERLY,CLEAR,DAYLIGHT,PEDESTRIAN,DIVIDED - W/MEDIAN (NOT RAISED),,STRAIGHT AND LEVEL,DRY,NO DEFECTS,ON SCENE,INJURY AND / OR TOW DUE TO CRASH,Y,,N,$500 OR LESS,02/19/2022 03:25:00 PM,FAILING TO YIELD RIGHT-OF-WAY,NOT APPLICABLE,2401,W,LITHUANIAN PLAZA CT,832.0,,,,,,,2,NONINCAPACITATING INJURY,1.0,0.0,0.0,1.0,0.0,1.0,0.0,15,7,2,41.7682213169,-87.6834014076,POINT (-87.683401407603 41.768221316899)
c2b96fd9f02a67b46514379286a25300bcd48de905fac34d528dc892674397d0780805c37d97dc3578680e7b2907c107f9e02bb3355b5fe5408a1675bc0fe538,,12/31/2015 10:33:00 AM,30,TRAFFIC SIGNAL,FUNCTIONING PROPERLY,CLEAR,DAYLIGHT,REAR END,NOT DIVIDED,4,STRAIGHT AND LEVEL,DRY,NO DEFECTS,ON SCENE,NO INJURY / DRIVE AWAY,,,,$500 OR LESS,12/31/2015 10:38:00 AM,FOLLOWING TOO CLOSELY,NOT APPLICABLE,2221,S,ASHLAND AVE,1235.0,,,,,,,2,NO INDICATION OF INJURY,0.0,0.0,0.0,0.0,0.0,2.0,0.0,10,5,12,41.8515518401,-87.665871699,POINT (-87.665871699009 41.851551840089)
8b4faf17d4c233637a14f5484ca29c3ef514827c204134b01d54988f68f22578bf1a4bb922ca1b1961ff208770f6735ff8c9fee1676a01adea10b91181e9a1f1,,09/27/2016 03:00:00 PM,30,TRAFFIC SIGNAL,FUNCTIONING PROPERLY,CLEAR,DAYLIGHT,OTHER OBJECT,DIVIDED - W/MEDIAN BARRIER,4,STRAIGHT AND LEVEL,DRY,UNKNOWN,NOT ON SCENE (DESK REPORT),NO INJURY / DRIVE AWAY,,,N,"$501 - $1,500",09/27/2016 04:25:00 PM,UNABLE TO DETERMINE,NOT APPLICABLE,2800,W,OGDEN AVE,1022.0,,,,,,,2,NO INDICATION OF INJURY,0.0,0.0,0.0,0.0,0.0,6.0,0.0,15,3,9,41.8613682097,-87.6959545763,POINT (-87.695954576293 41.86136820973)
90935aef1da830ff7c2e89b19c14cd48dd04d375e4c6ac847a1e496a227867328ad2b9cbdf502fe7b97610afed94fdb11342847c8df1db0d41dfe408818d8b3f,,09/27/2019 01:45:00 AM,30,TRAFFIC SIGNAL,FUNCTIONING PROPERLY,CLEAR,"DARKNESS, LIGHTED ROAD",ANGLE,FOUR WAY,,STRAIGHT AND LEVEL,DRY,NO DEFECTS,NOT ON SCENE (DESK REPORT),INJURY AND / OR TOW DUE TO CRASH,Y,,Y,"OVER $1,500",09/27/2019 02:17:00 AM,FAILING TO YIELD RIGHT-OF-WAY,NOT APPLICABLE,2801,W,FULLERTON AVE,1414.0,,,,,,,2,NONINCAPACITATING INJURY,1.0,0.0,0.0,1.0,0.0,2.0,0.0,1,6,9,41.9246969042,-87.6974718423,POINT (-87.697471842296 41.924696904233)
057bddad83e26fc592c82998bccd1fcce5078eba4fdf27fbaf86a01b0b680e96845baf416135820e75868d3f7eec7159d67adef5bd8924c5c2f870bca5136ab6,,10/04/2022 04:00:00 PM,30,OTHER,UNKNOWN,UNKNOWN,UNKNOWN,OTHER OBJECT,OTHER,,STRAIGHT AND LEVEL,UNKNOWN,UNKNOWN,NOT ON SCENE (DESK REPORT),NO INJURY / DRIVE AWAY,,,,"$501 - $1,500",10/06/2022 12:10:00 PM,UNABLE TO DETERMINE,NOT APPLICABLE,7500,S,DAMEN AVE,611.0,,,,,,,1,NO INDICATION OF INJURY,0.0,0.0,0.0,0.0,0.0,1.0,0.0,16,3,10,41.7575578893,-87.6734861978,POINT (-87.67348619782 41.757557889268)
5b2d8d67e199fe1ef2dc0e1409bb73f1c5dcd3b39f81e24b0d5035d9af811c0745b65b6ad2ad129d05a3639be986de36f766087d14d4e0459d6d78e8201fa55d,,12/16/2024 09:00:00 AM,30,TRAFFIC SIGNAL,UNKNOWN,CLEAR,DAYLIGHT,TURNING,DIVIDED - W/MEDIAN BARRIER,,STRAIGHT AND LEVEL,DRY,UNKNOWN,NOT ON SCENE (DESK REPORT),NO INJURY / DRIVE AWAY,Y,,,"OVER $1,500",12/16/2024 02:15:00 PM,UNABLE TO DETERMINE,UNABLE TO DETERMINE,150,S,WACKER DR,122.0,,,,,,,2,NO INDICATION OF INJURY,0.0,0.0,0.0,0.0,0.0,2.0,0.0,9,2,12,41.8794108458,-87.6371039575,POINT (-87.637103957484 41.879410845774)
039c7ee0c422c46205c9d4441adcf0b5a58587c838de556920f68fc809226f3817b5e0e036d759f8b18744301f176d7860a41cb1d18ba0834a86b7bcb9a37f00,,05/21/2024 04:40:00 PM,30,NO CONTROLS,NO CONTROLS,CLEAR,DAYLIGHT,REAR END,DIVIDED - W/MEDIAN (NOT RAISED),,STRAIGHT AND LEVEL,DRY,NO DEFECTS,NOT ON SCENE (DESK REPORT),NO INJURY / DRIVE AWAY,,,,$500 OR LESS,05/21/2024 06:14:00 PM,FOLLOWING TOO CLOSELY,NOT APPLICABLE,5630,W,LAKE ST,1512.0,,,,,,,2,NO INDICATION OF INJURY,0.0,0.0,0.0,0.0,0.0,2.0,0.0,16,3,5,41.8878768295,-87.7664156888,POINT (-87.766415688836 41.887876829518)
ff04a16820a31266aba26b2b1d34010807f93d1f0ffd10c2443495e0546541b14651bf7d35ed016aae80170700cc4ee13220846affdbc42aa9eb9993dd92351f,,12/13/2017 06:40:00 PM,30,TRAFFIC SIGNAL,FUNCTIONING PROPERLY,CLEAR,"DARKNESS, LIGHTED ROAD",TURNING,NOT DIVIDED,4,STRAIGHT AND LEVEL,WET,NO DEFECTS,ON SCENE,INJURY AND / OR TOW DUE TO CRASH,,,,"OVER $1,500",12/13/2017 06:51:00 PM,IMPROPER TURNING/NO SIGNAL,FAILING TO YIELD RIGHT-OF-WAY,4742,W,CHICAGO AVE,1111.0,,,,,,,2,"REPORTED, NOT EVIDENT",1.0,0.0,0.0,0.0,1.0,2.0,0.0,18,4,12,41.8951228506,-87.7452398725,POINT (-87.745239872474 41.895122850554)
b82a9a62b24923d2fe482a3f2abe03cf8e7036a2d3e02b2404add278b743182cd835b2ae2c8f8839a0f1d10478f0463663157651e0e440affd57e0bfbb7f5c40,,08/27/2021 02:47:00 PM,30,TRAFFIC SIGNAL,FUNCTIONING PROPERLY,CLEAR,DAYLIGHT,REAR END,NOT DIVIDED,,STRAIGHT AND LEVEL,DRY,NO DEFECTS,ON SCENE,NO INJURY / DRIVE AWAY,,,Y,"OVER $1,500",08/27/2021 03:20:00 PM,FAILING TO REDUCE SPEED TO AVOID CRASH,UNABLE TO DETERMINE,2423,W,47TH ST,922.0,,,,,,,2,NO INDICATION OF INJURY,0.0,0.0,0.0,0.0,0.0,2.0,0.0,14,6,8,41.8083150507,-87.6854155585,POINT (-87.68541555855 41.808315050651)
9c66a03dd55c94d3d640b02a6345541c9ab54633d6194771cdb68b2291b1a9c4144f0831be40035ff05ab9f00d4a4cc8e4f48bc596b2bfb21a38ed10166020a1,,04/13/2023 10:30:00 PM,30,NO CONTROLS,NO CONTROLS,CLEAR,DARKNESS,SIDESWIPE SAME DIRECTION,NOT DIVIDED,,STRAIGHT AND LEVEL,DRY,NO DEFECTS,NOT ON SCENE (DESK REPORT),INJURY AND / OR TOW DUE TO CRASH,Y,,Y,"OVER $1,500",04/14/2023 09:35:00 AM,IMPROPER OVERTAKING/PASSING,NOT APPLICABLE,6500,S,INGLESIDE AVE,321.0,,,,,,,2,NO INDICATION OF INJURY,0.0,0.0,0.0,0.0,0.0,2.0,0.0,22,5,4,41.7767245556,-87.602344928,POINT (-87.602344927992 41.776724555627)
32135821599f6f35bb79ed34528d83ba0abc37cc97ae2b473d4b3fcdd95b22584fd517e6927379270751667e57ec47e7929e9d955e2538b5b390c258f29b5b42,,08/25/2022 07:50:00 AM,35,TRAFFIC SIGNAL,FUNCTIONING PROPERLY,RAIN,DARKNESS,SIDESWIPE SAME DIRECTION,DIVIDED - W/MEDIAN (NOT RAISED),,STRAIGHT AND LEVEL,WET,WORN SURFACE,NOT ON SCENE (DESK REPORT),NO INJURY / DRIVE AWAY,Y,,,"OVER $1,500",08/25/2022 08:45:00 AM,WEATHER,DRIVING SKILLS/KNOWLEDGE/EXPERIENCE,4700,S,ARCHER AVE,821.0,,,,Y,CONSTRUCTION,,2,NO INDICATION OF INJURY,0.0,0.0,0.0,0.0,0.0,2.0,0.0,7,5,8,41.8080130052,-87.7143796234,POINT (-87.714379623416 41.808013005188)
a583224400f6266793a5f624733badc7a6ef925182231b6a3d5ab209abc0ecf15f18efea7d10280099b7d99861fe158bdc88f73da27422caf3aed23671179ce0,,07/11/2020 08:08:00 PM,30,NO CONTROLS,NO CONTROLS,CLEAR,DAYLIGHT,PEDALCYCLIST,NOT DIVIDED,,STRAIGHT AND LEVEL,DRY,NO DEFECTS,ON SCENE,INJURY AND / OR TOW DUE TO CRASH,,,,"OVER $1,500",07/11/2020 08:10:00 PM,NOT APPLICABLE,NOT APPLICABLE,742,W,117TH ST,524.0,,,Y,,,,2,NONINCAPACITATING INJURY,1.0,0.0,0.0,1.0,0.0,1.0,0.0,20,7,7,41.681950036,-87.6413330735,POINT (-87.641333073486 41.681950035987)
d1a0b241255c63886f9f06128af015e0d66198915684d46636cc22f7e8c771cdbb9ce6baa4e09f623d8b3788fa499a37fb8da74b7cc5d9eae46ce516b2b2012a,,01/09/2021 09:30:00 PM,30,TRAFFIC SIGNAL,UNKNOWN,UNKNOWN,UNKNOWN,SIDESWIPE SAME DIRECTION,DIVIDED - W/MEDIAN (NOT RAISED),,STRAIGHT AND LEVEL,UNKNOWN,UNKNOWN,,NO INJURY / DRIVE AWAY,,,,"OVER $1,500",01/09/2021 10:30:00 PM,IMPROPER OVERTAKING/PASSING,NOT APPLICABLE,3356,S,WESTERN AVE,911.0,,,,,,,2,NO INDICATION OF INJURY,0.0,0.0,0.0,0.0,0.0,2.0,0.0,21,7,1,41.8321388364,-87.6852231359,POINT (-87.68522313594 41.832138836415)
b2e53cd86e9e61afa96fce9af3f542883e17db066dcc85acc99fff37abf379b6815bd74b2830f92f4ee02c1f1dc79276c300e7aa57236cd92ec5ff62cf3beaa3,,04/26/2024 05:20:00 PM,30,NO CONTROLS,NO CONTROLS,RAIN,DAYLIGHT,TURNING,DIVIDED - W/MEDIAN (NOT RAISED),,STRAIGHT AND LEVEL,WET,NO DEFECTS,NOT ON SCENE (DESK REPORT),NO INJURY / DRIVE AWAY,,,,"$501 - $1,500",04/26/2024 05:50:00 PM,FAILING TO REDUCE SPEED TO AVOID CRASH,NOT APPLICABLE,1412,S,BLUE ISLAND AVE,1233.0,,,,,,,2,NO INDICATION OF INJURY,0.0,0.0,0.0,0.0,0.0,2.0,0.0,17,6,4,41.8629766244,-87.6569725149,POINT (-87.656972514851 41.862976624395)
8bf6bc743a7426a6c175c8fba6df2240feba85ee33610618b1f949691530ff1a26fc33780cc736e1c481ac1bc4da291016acd21a1060ca4fcdb4e23c6df739b3,,05/12/2025 05:40:00 PM,15,NO CONTROLS,NO CONTROLS,CLEAR,DAYLIGHT,HEAD ON,ALLEY,,STRAIGHT AND LEVEL,DRY,NO DEFECTS,ON SCENE,INJURY AND / OR TOW DUE TO CRASH,,,Y,$500 OR LESS,05/12/2025 05:44:00 PM,FAILING TO REDUCE SPEED TO AVOID CRASH,UNABLE TO DETERMINE,154,N,LOTUS AVE,1523.0,,,,,,,2,NO INDICATION OF INJURY,0.0,0.0,0.0,0.0,0.0,4.0,0.0,17,2,5,41.8838962223,-87.761813648,POINT (-87.761813648011 41.883896222318)
fe81c27e70ae0d26da5500e8e88ee82e2216e0cece8d0016eff82fad9ca7db1d06666f15588be2b7193d0a6d484c2da33589d0ea3ffd430f1c6ea3e609428158,,05/31/2019 10:45:00 AM,30,NO CONTROLS,NO CONTROLS,CLEAR,DAYLIGHT,PARKED MOTOR VEHICLE,NOT DIVIDED,,STRAIGHT AND LEVEL,DRY,NO DEFECTS,NOT ON SCENE (DESK REPORT),NO INJURY / DRIVE AWAY,,,Y,"$501 - $1,500",06/03/2019 01:15:00 PM,UNABLE TO DETERMINE,NOT APPLICABLE,100,N,PAULINA ST,1224.0,,,,,,,2,NO INDICATION OF INJURY,0.0,0.0,0.0,0.0,0.0,1.0,0.0,10,6,5,41.8833046939,-87.6695061912,POINT (-87.669506191186 41.883304693924)
777ce8b3981e484586a4b3e510ec33ca38f401d3c07869948ceae63c98bd3e1a18c915583cf309a970d219888118bed5e0ab20839e908a91425f25f419bb93b2,,08/11/2017 01:40:00 PM,30,NO CONTROLS,NO CONTROLS,CLEAR,DAYLIGHT,ANGLE,NOT DIVIDED,2,STRAIGHT AND LEVEL,DRY,NO DEFECTS,NOT ON SCENE (DESK REPORT),NO INJURY / DRIVE AWAY,N,,,"$501 - $1,500",08/11/2017 02:54:00 PM,UNABLE TO DETERMINE,UNABLE TO DETERMINE,6500,S,KIMBARK AVE,321.0,,,,,,,2,NO INDICATION OF INJURY,0.0,0.0,0.0,0.0,0.0,2.0,0.0,13,6,8,41.7768025901,-87.5947127429,POINT (-87.594712742899 41.77680259011)
b0d0ce97285c5046035b7d1ed6c03e26e06717e02c9372c2777e629d5735cb53830ee5d729f602a1fcf6e2b6b46e2f5c93713584b0bb2263afe05bc99ca71ff7,,01/12/2017 01:25:00 PM,30,NO CONTROLS,NO CONTROLS,RAIN,DAYLIGHT,PARKED MOTOR VEHICLE,NOT DIVIDED,2,STRAIGHT AND LEVEL,WET,NO DEFECTS,NOT ON SCENE (DESK REPORT),NO INJURY / DRIVE AWAY,,,Y,"$501 - $1,500",01/12/2017 01:40:00 PM,UNABLE TO DETERMINE,UNABLE TO DETERMINE,5169,N,LOVEJOY AVE,1623.0,,,,,,,2,NO INDICATION OF INJURY,0.0,0.0,0.0,0.0,0.0,1.0,0.0,13,5,1,41.9750084754,-87.7655116645,POINT (-87.765511664466 41.975008475442)
5d34a35f882bd1b16f1cde763dcda80131309a4f66bd54ccb171034f4551b27a320ab26ec98622970f5979d4c95bbaf89efd2216bc1270e77a784ee37d262e88,,06/12/2019 02:30:00 PM,35,NO CONTROLS,NO CONTROLS,CLEAR,DAYLIGHT,REAR END,NOT DIVIDED,,STRAIGHT AND LEVEL,DRY,NO DEFECTS,NOT ON SCENE (DESK REPORT),NO INJURY / DRIVE AWAY,,,,"$501 - $1,500",06/12/2019 04:00:00 PM,UNABLE TO DETERMINE,NOT APPLICABLE,5345,W,FOSTER AVE,1623.0,,,,,,,2,NO INDICATION OF INJURY,0.0,0.0,0.0,0.0,0.0,2.0,0.0,14,4,6,41.9750675282,-87.7620392408,POINT (-87.762039240784 41.97506752825)
2f1261258d060d409dedd2f78d621c5b55244c85f3ffdd467b1e8c4d5cca1a87a8e190a6f34abc486be23791f0854618dd01a9c246842aa25f4ca7ef2e03b81c,,05/26/2024 09:30:00 PM,45,NO CONTROLS,NO CONTROLS,CLEAR,"DARKNESS, LIGHTED ROAD",REAR END,DIVIDED - W/MEDIAN BARRIER,,STRAIGHT AND LEVEL,WET,NO DEFECTS,NOT ON SCENE (DESK REPORT),NO INJURY / DRIVE AWAY,,,,"OVER $1,500",05/26/2024 09:31:00 PM,FOLLOWING TOO CLOSELY,FOLLOWING TOO CLOSELY,2432,N,CANNON DR,1935.0,,,,,,,2,NO INDICATION OF INJURY,0.0,0.0,0.0,0.0,0.0,4.0,0.0,21,1,5,41.9267548518,-87.6343403656,POINT (-87.63434036564 41.926754851817)
6d3e2907b576f2fb78d851b615572eb58511e0fad0551a401a0c960fd6cf953238df130b7dd10812463783622ee50b8048048c07d81601973e008017bc3e30fc,Y,02/22/2019 02:48:00 PM,30,NO CONTROLS,NO CONTROLS,CLEAR,DAYLIGHT,REAR END,DIVIDED - W/MEDIAN (NOT RAISED),2,STRAIGHT AND LEVEL,DRY,NO DEFECTS,ON SCENE,NO INJURY / DRIVE AWAY,,,,"OVER $1,500",02/22/2019 02:48:00 PM,FOLLOWING TOO CLOSELY,NOT APPLICABLE,1901,W,PETERSON AVE,2012.0,,,,,,,4,NO INDICATION OF INJURY,0.0,0.0,0.0,0.0,0.0,4.0,0.0,14,6,2,41.9906090194,-87.6771365218,POINT (-87.67713652176 41.990609019422)
6f8cdfb6b81d63be56cf3590682ac5223839a3266031063dd0578e9073cf2ee1cefea94395cf296cfd572c1e02645f2b3f22a7682c6db2c39dec254be730c9cc,,04/21/2022 08:08:00 PM,30,NO CONTROLS,NO CONTROLS,CLEAR,"DARKNESS, LIGHTED ROAD",SIDESWIPE SAME DIRECTION,DIVIDED - W/MEDIAN BARRIER,,STRAIGHT AND LEVEL,DRY,NO DEFECTS,NOT ON SCENE (DESK REPORT),NO INJURY / DRIVE AWAY,,,Y,"OVER $1,500",04/21/2022 09:13:00 PM,IMPROPER OVERTAKING/PASSING,UNABLE TO DETERMINE,6200,S,STONY ISLAND AVE,314.0,,,,,,,2,NO INDICATION OF INJURY,0.0,0.0,0.0,0.0,0.0,2.0,0.0,20,5,4,41.7827926314,-87.5866650019,POINT (-87.586665001943 41.782792631436)
9eb24268a276e8e97d1112870e3e94e37d6f16c82ceed170346f57987ae143faab3c872e27968355254a71711c71c89ea0a8b2898b8d8c2adab2ffb30a6a7cdd,,08/21/2018 02:40:00 PM,30,NO CONTROLS,NO CONTROLS,CLEAR,DAYLIGHT,TURNING,NOT DIVIDED,,STRAIGHT AND LEVEL,DRY,NO DEFECTS,ON SCENE,NO INJURY / DRIVE AWAY,,,,$500 OR LESS,08/21/2018 03:00:00 PM,UNABLE TO DETERMINE,NOT APPLICABLE,6011,W,ADDISON ST,1633.0,,,,,,,2,NO INDICATION OF INJURY,0.0,0.0,0.0,0.0,0.0,2.0,0.0,14,3,8,41.945656223,-87.7770010581,POINT (-87.777001058067 41.94565622302)