CRASH_RECORD_ID,CRASH_DATE_EST_I,CRASH_DATE,POSTED_SPEED_LIMIT,TRAFFIC_CONTROL_DEVICE,DEVICE_CONDITION,WEATHER_CONDITION,LIGHTING_CONDITION,FIRST_CRASH_TYPE,TRAFFICWAY_TYPE,LANE_CNT,ALIGNMENT,ROADWAY_SURFACE_COND,ROAD_DEFECT,REPORT_TYPE,CRASH_TYPE,INTERSECTION_RELATED_I,NOT_RIGHT_OF_WAY_I,HIT_AND_RUN_I,DAMAGE,DATE_POLICE_NOTIFIED,PRIM_CONTRIBUTORY_CAUSE,SEC_CONTRIBUTORY_CAUSE,STREET_NO,STREET_DIRECTION,STREET_NAME,BEAT_OF_OCCURRENCE,PHOTOS_TAKEN_I,STATEMENTS_TAKEN_I,DOORING_I,WORK_ZONE_I,WORK_ZONE_TYPE,WORKERS_PRESENT_I,NUM_UNITS,MOST_SEVERE_INJURY,INJURIES_TOTAL,INJURIES_FATAL,INJURIES_INCAPACITATING,INJURIES_NON_INCAPACITATING,INJURIES_REPORTED_NOT_EVIDENT,INJURIES_NO_INDICATION,INJURIES_UNKNOWN,CRASH_HOUR,CRASH_DAY_OF_WEEK,CRASH_MONTH,LATITUDE,LONGITUDE,LOCATION
b91b76ab19b0f1b883c4bcdfd2ef11488e05c66fda12f5b027661540b392b234f8fe6a27daa74641bf7adeb18f610aa6f3ec3604da0370a0940c92578e3a63ea,,07/02/2018 11:00:00 AM,25,NO CONTROLS,NO CONTROLS,CLEAR,DAYLIGHT,TURNING,ONE-WAY,,STRAIGHT AND LEVEL,DRY,NO DEFECTS,NOT ON SCENE (DESK REPORT),NO INJURY / DRIVE AWAY,Y,,,"OVER $1,500",07/02/2018 11:35:00 AM,UNABLE TO DETERMINE,NOT APPLICABLE,821,W,37TH ST,915.0,,,,,,,2,NO INDICATION OF INJURY,0.0,0.0,0.0,0.0,0.0,2.0,0.0,11,2,7,41.8275131752,-87.6469246348,POINT (-87.646924634763 41.827513175205)
2041d13e08051c964af531f283f3d14853c7af06a07fa88361f99effbb7e5e36cc0bcf65f9663f03e4b78c35f5ed500a9cbda7fe180bafdf9f2e3fe8dbe4721a,,07/22/2020 02:45:00 PM,30,TRAFFIC SIGNAL,FUNCTIONING PROPERLY,CLEAR,DAYLIGHT,TURNING,FOUR WAY,,STRAIGHT AND LEVEL,DRY,NO DEFECTS,ON SCENE,INJURY AND / OR TOW DUE TO CRASH,Y,,,"OVER $1,500",07/22/2020 03:00:00 PM,DISREGARDING TRAFFIC SIGNALS,NOT APPLICABLE,5600,W,63RD ST,812.0,,,,,,,2,NO INDICATION OF INJURY,0.0,0.0,0.0,0.0,0.0,2.0,0.0,14,4,7,41.7781618734,-87.7617802217,POINT (-87.76178022166 41.778161873405)
f3a8a6b25c1d84c81cce9736fa606623969ad023b220e21d5c89cba7c81c7103d0fc200b8a49df4b4a154a7739d154a331873dbcf31cc9897c50a28658c21b34,,05/02/2020 10:30:00 AM,30,TRAFFIC SIGNAL,FUNCTIONING PROPERLY,CLEAR,DAYLIGHT,REAR END,DIVIDED - W/MEDIAN (NOT RAISED),,STRAIGHT AND LEVEL,DRY,NO DEFECTS,ON SCENE,NO INJURY / DRIVE AWAY,,,,"$501 - $1,500",05/02/2020 10:55:00 AM,UNABLE TO DETERMINE,UNABLE TO DETERMINE,6800,W,BELMONT AVE,1632.0,,,,,,,2,NO INDICATION OF INJURY,0.0,0.0,0.0,0.0,0.0,2.0,0.0,10,7,5,41.938266954,-87.795761499,POINT (-87.795761499004 41.938266954026)
d9f7fb5ab45ee9f42805087ece00739d7756e5227f3ebd754e7075c4c56311ba26eba36a49c3699712e5222bf3c1773dc3e33609724d206d60c266ea6dae3adf,,04/09/2016 03:30:00 PM,10,NO CONTROLS,NO CONTROLS,CLEAR,DAYLIGHT,ANGLE,PARKING LOT,0,STRAIGHT AND LEVEL,DRY,WORN SURFACE,NOT ON SCENE (DESK REPORT),NO INJURY / DRIVE AWAY,,,,"$501 - $1,500",04/09/2016 04:15:00 PM,IMPROPER BACKING,FAILING TO YIELD RIGHT-OF-WAY,3500,S,CALUMET AVE,212.0,,,,,,,2,NO INDICATION OF INJURY,0.0,0.0,0.0,0.0,0.0,2.0,0.0,15,7,4,41.8309901709,-87.6185507678,POINT (-87.618550767817 41.830990170853)
d2afc835f9d6fed74a46a6d8549cb4acf48f42ca07d19728319f657f6b0b84402eaac3477ded22377d24950c9ceada16359bbdf2a1aad1d41a1971d16571261b,Y,08/31/2021 04:00:00 PM,30,NO CONTROLS,NO CONTROLS,CLEAR,DAYLIGHT,PARKED MOTOR VEHICLE,ONE-WAY,,STRAIGHT AND LEVEL,DRY,UNKNOWN,ON SCENE,NO INJURY / DRIVE AWAY,,,Y,"OVER $1,500",08/31/2021 04:50:00 PM,NOT APPLICABLE,NOT APPLICABLE,4530,N,CENTRAL PARK AVE,1723.0,,,,,,,2,NO INDICATION OF INJURY,0.0,0.0,0.0,0.0,0.0,1.0,0.0,16,3,8,41.9638255533,-87.7182658274,POINT (-87.718265827422 41.963825553278)
cd223dc22b344ee1b0dfc30a38d0641d7576e4427d416bb917232a0c57cff47aa7fc23441e0ab7f48437e3644cef3fb556a4f7252026dbc843c043d5c42e0f8e,,07/20/2019 11:01:00 PM,30,TRAFFIC SIGNAL,FUNCTIONING PROPERLY,CLEAR,"DARKNESS, LIGHTED ROAD",REAR END,FOUR WAY,,STRAIGHT AND LEVEL,DRY,NO DEFECTS,NOT ON SCENE (DESK REPORT),NO INJURY / DRIVE AWAY,Y,,,$500 OR LESS,07/20/2019 11:48:00 PM,FOLLOWING TOO CLOSELY,FAILING TO REDUCE SPEED TO AVOID CRASH,8651,S,ASHLAND AVE,614.0,,,,,,,2,NO INDICATION OF INJURY,0.0,0.0,0.0,0.0,0.0,3.0,0.0,23,7,7,41.7361091998,-87.6629260043,POINT (-87.662926004349 41.736109199841)
349b483dec940c3acbd99a32f89cae76e3444cff9619e8a66300058d7f79bec78bb763b84537d7acc714a67ad8c4d18dceeda7fb09e14bc3bfa79fc29a896e63,,12/13/2022 11:10:00 PM,10,NO CONTROLS,NO CONTROLS,RAIN,"DARKNESS, LIGHTED ROAD",ANGLE,PARKING LOT,,STRAIGHT AND LEVEL,WET,NO DEFECTS,ON SCENE,NO INJURY / DRIVE AWAY,,Y,Y,"OVER $1,500",12/13/2022 11:20:00 PM,FAILING TO YIELD RIGHT-OF-WAY,UNABLE TO DETERMINE,609,W,OHARE ST,1654.0,,,,,,,2,NO INDICATION OF INJURY,0.0,0.0,0.0,0.0,0.0,2.0,0.0,23,3,12,,,
197c2fafb526c4b8ac578eb48efd3623faf863bf889d022f5347ad2b4ce39dea379ab73104c04fe1a29b3260e35c6539c13605deaf0d8cdbe42b3b83301afb0d,,05/16/2018 09:45:00 AM,30,TRAFFIC SIGNAL,FUNCTIONING PROPERLY,CLEAR,DAYLIGHT,REAR END,DIVIDED - W/MEDIAN (NOT RAISED),4,STRAIGHT AND LEVEL,DRY,OTHER,ON SCENE,NO INJURY / DRIVE AWAY,,,,"$501 - $1,500",05/16/2018 09:48:00 AM,FOLLOWING TOO CLOSELY,UNABLE TO DETERMINE,6272,W,NORTH AVE,2513.0,,,,Y,CONSTRUCTION,Y,2,NO INDICATION OF INJURY,0.0,0.0,0.0,0.0,0.0,2.0,0.0,9,4,5,41.9092831325,-87.7829990726,POINT (-87.782999072624 41.909283132498)
faeeaf9afbf731f1d056129843c3c5bca3cf9be8ede6189dab0e5486a5142ba36db3845ed30455642d6bd2d17689b7df37e81375fbd358b6759da51161009f7c,Y,01/17/2024 11:29:00 PM,30,NO CONTROLS,NO CONTROLS,CLEAR,"DARKNESS, LIGHTED ROAD",PARKED MOTOR VEHICLE,FOUR WAY,,STRAIGHT AND LEVEL,UNKNOWN,UNKNOWN,ON SCENE,NO INJURY / DRIVE AWAY,Y,,Y,"$501 - $1,500",01/17/2024 11:30:00 PM,NOT APPLICABLE,NOT APPLICABLE,1949,W,51ST ST,932.0,,,,,,,2,NO INDICATION OF INJURY,0.0,0.0,0.0,0.0,0.0,1.0,0.0,23,4,1,41.8011278091,-87.6740803441,POINT (-87.674080344076 41.801127809126)
06c6f1d49892edc74f04f6774a72caea2c584169d3147868c139e934f54cc8109923eb506c7dcbef911d8c12a490437b3bd95dc7536375ba9d9d20ed8d1f0598,,02/05/2023 05:10:00 PM,30,NO CONTROLS,NO CONTROLS,CLEAR,DUSK,FIXED OBJECT,DIVIDED - W/MEDIAN (NOT RAISED),,STRAIGHT AND LEVEL,DRY,NO DEFECTS,ON SCENE,INJURY AND / OR TOW DUE TO CRASH,,,,"OVER $1,500",02/05/2023 05:13:00 PM,UNABLE TO DETERMINE,UNABLE TO DETERMINE,3202,W,MONTROSE AVE,1724.0,,,,,,,1,NO INDICATION OF INJURY,0.0,0.0,0.0,0.0,0.0,1.0,0.0,17,1,2,41.9612958317,-87.7083954291,POINT (-87.708395429114 41.961295831682)
ef77e978574f68aedc3d232144757ece62cf1f5c54dad91cefb849130c1b570387c175a70e2e65edc7189490b73e8804313061acf10cabc7732d99e2d6362d74,,06/08/2016 10:30:00 AM,30,NO CONTROLS,NO CONTROLS,CLEAR,DAYLIGHT,PARKED MOTOR VEHICLE,ONE-WAY,1,STRAIGHT AND LEVEL,DRY,UNKNOWN,NOT ON SCENE (DESK REPORT),NO INJURY / DRIVE AWAY,,,Y,"$501 - $1,500",06/08/2016 11:29:00 AM,UNABLE TO DETERMINE,UNABLE TO DETERMINE,10715,S,WALLACE ST,2233.0,,,,,,,2,NO INDICATION OF INJURY,0.0,0.0,0.0,0.0,0.0,1.0,0.0,10,4,6,41.6992128584,-87.6375963101,POINT (-87.637596310093 41.699212858372)
dcc72d179996f763cc1c1b7b5c05720364a4cf94c887fe43a86fd5ed037772f6361d925bc6e90f79fc80f53d2b4112cf09cb807d7092e33041feb181adf2dcd3,,09/12/2023 11:00:00 AM,30,OTHER REG. SIGN,FUNCTIONING PROPERLY,CLEAR,DAYLIGHT,REAR END,DIVIDED - W/MEDIAN (NOT RAISED),,STRAIGHT AND LEVEL,DRY,NO DEFECTS,NOT ON SCENE (DESK REPORT),NO INJURY / DRIVE AWAY,,,Y,"OVER $1,500",09/12/2023 11:20:00 AM,FOLLOWING TOO CLOSELY,FOLLOWING TOO CLOSELY,6120,W,NORTH AVE,2513.0,,,,,,,3,NO INDICATION OF INJURY,0.0,0.0,0.0,0.0,0.0,3.0,0.0,11,3,9,41.909327053,-87.778541829,POINT (-87.778541828954 41.909327052991)
a9c29b82df76627a628eb466c157b026bced1fafdd40d47d00df1e1eb059656d520b78560a58fc07b59b6f86c769a78955072dc283df8a05770387c82f22cdfc,,02/10/2020 04:00:00 PM,35,STOP SIGN/FLASHER,FUNCTIONING PROPERLY,CLEAR,DAYLIGHT,REAR END,NOT DIVIDED,,STRAIGHT AND LEVEL,DRY,UNKNOWN,NOT ON SCENE (DESK REPORT),NO INJURY / DRIVE AWAY,,,,"$501 - $1,500",02/10/2020 06:07:00 PM,IMPROPER BACKING,IMPROPER BACKING,2377,W,21ST PL,1234.0,,,,,,,2,NO INDICATION OF INJURY,0.0,0.0,0.0,0.0,0.0,2.0,0.0,16,2,2,41.852846428,-87.6855386088,POINT (-87.685538608758 41.85284642796)
8d2f600139be8c3e9f581c465a6f4bdc353a4350bf2e1fa81599b3ce322a10bb8861fc587922c0f3117e07aba86b223e108c6b00dbbac18160cb18cf381d74b5,,12/28/2022 09:17:00 AM,30,OTHER,OTHER,SNOW,DAYLIGHT,SIDESWIPE OPPOSITE DIRECTION,DIVIDED - W/MEDIAN BARRIER,,STRAIGHT AND LEVEL,SNOW OR SLUSH,"RUT, HOLES",ON SCENE,INJURY AND / OR TOW DUE TO CRASH,,,N,"OVER $1,500",12/28/2022 09:20:00 AM,UNABLE TO DETERMINE,NOT APPLICABLE,8535,S,HALSTED ST,622.0,,,,,,,2,NONINCAPACITATING INJURY,1.0,0.0,0.0,1.0,0.0,3.0,0.0,9,4,12,41.7387141314,-87.6435491883,POINT (-87.643549188293 41.738714131413)
47bc6d368752d3e2ec5ffbfd5b3a0e162eb58b280c3d3f0f0a7a7965014541b03d111c1ad6f683c36f94d67ca972d4a9815457d7563cb362cbb901507d259a2a,,04/06/2023 01:45:00 PM,30,UNKNOWN,UNKNOWN,UNKNOWN,UNKNOWN,SIDESWIPE SAME DIRECTION,NOT DIVIDED,,STRAIGHT AND LEVEL,UNKNOWN,UNKNOWN,NOT ON SCENE (DESK REPORT),NO INJURY / DRIVE AWAY,N,,Y,"$501 - $1,500",04/06/2023 02:30:00 PM,UNABLE TO DETERMINE,UNABLE TO DETERMINE,1114,W,HOLLYWOOD AVE,2022.0,,,,,,,2,NO INDICATION OF INJURY,0.0,0.0,0.0,0.0,0.0,2.0,0.0,13,5,4,41.9855815259,-87.6587415763,POINT (-87.658741576294 41.985581525933)
4224b86e23ad73592147af49c5d3c48c0a674fbb65b4b1a66f7bcf17a50265d66c008becac027d821a1c4629b0cd1ea059e32d38ad04fe44c39d580caececd90,,12/11/2020 07:24:00 AM,30,NO CONTROLS,NO CONTROLS,CLEAR,DAYLIGHT,PARKED MOTOR VEHICLE,ONE-WAY,,STRAIGHT AND LEVEL,DRY,NO DEFECTS,ON SCENE,NO INJURY / DRIVE AWAY,,,Y,"OVER $1,500",12/11/2020 07:24:00 AM,UNABLE TO DETERMINE,UNABLE TO DETERMINE,3352,W,OHIO ST,1121.0,,,,,,,2,NO INDICATION OF INJURY,0.0,0.0,0.0,0.0,0.0,1.0,0.0,7,6,12,41.8919555877,-87.7109935324,POINT (-87.710993532416 41.891955587682)
a3e2f1afe50014fb7d1763c09551886d8741051fa3caa45b26c2dc913acdd2927fd0684af49c9cafa523c35b68c9540423002accfdad091aaf8c05013afeff13,,03/10/2018 11:00:00 PM,30,NO CONTROLS,NO CONTROLS,CLEAR,"DARKNESS, LIGHTED ROAD",REAR END,DIVIDED - W/MEDIAN BARRIER,6,STRAIGHT AND LEVEL,DRY,NO DEFECTS,ON SCENE,NO INJURY / DRIVE AWAY,,,,"$501 - $1,500",03/10/2018 11:00:00 PM,UNABLE TO DETERMINE,NOT APPLICABLE,15,W,GARFIELD BLVD,225.0,,,,,,,2,NO INDICATION OF INJURY,0.0,0.0,0.0,0.0,0.0,4.0,0.0,23,7,3,41.7941736067,-87.6264320844,POINT (-87.626432084443 41.794173606723)
f85e54e3ff0e114d885ddc337b83daa5d7db93cf9c7236731780512ab0c15125964905ac647cc9f0869ef69d1b9b8bc868106e8332ccd336ca0dd283a73dc14c,,10/18/2024 07:40:00 PM,30,UNKNOWN,UNKNOWN,CLEAR,DAYLIGHT,REAR END,DIVIDED - W/MEDIAN (NOT RAISED),,STRAIGHT AND LEVEL,DRY,UNKNOWN,NOT ON SCENE (DESK REPORT),NO INJURY / DRIVE AWAY,,,Y,"OVER $1,500",10/18/2024 09:30:00 PM,FOLLOWING TOO CLOSELY,NOT APPLICABLE,1757,N,KIMBALL AVE,1422.0,,,,,,,2,NO INDICATION OF INJURY,0.0,0.0,0.0,0.0,0.0,2.0,0.0,19,6,10,41.9134716593,-87.7116469589,POINT (-87.711646958925 41.913471659265)
5f9dd32a6eaebc47c8a513330d73e85230fba8efb6e01d63c495b32990bd137ebf730070e86632ee535682f4c02a9f034dba08346e7a2d2c7b61f89a9238c5a8,,12/01/2022 05:30:00 PM,30,NO CONTROLS,NO CONTROLS,CLEAR,"DARKNESS, LIGHTED ROAD",SIDESWIPE SAME DIRECTION,NOT DIVIDED,,STRAIGHT AND LEVEL,DRY,NO DEFECTS,ON SCENE,NO INJURY / DRIVE AWAY,,,Y,$500 OR LESS,12/01/2022 05:57:00 PM,UNABLE TO DETERMINE,UNABLE TO DETERMINE,1298,W,79TH ST,612.0,,,,,,,2,NO INDICATION OF INJURY,0.0,0.0,0.0,0.0,0.0,2.0,0.0,17,5,12,41.7505834991,-87.6553390116,POINT (-87.655339011556 41.750583499148)
42ea0db91ac8dbecb365260d31992b5368125aba77093e3cdcfb1e80e54c07bc70578896cb6bd1ae9cef2af1d8778e56c932da58b14a37f2b182e6587f8085ca,,01/30/2017 02:00:00 PM,30,STOP SIGN/FLASHER,NO CONTROLS,CLEAR,DAYLIGHT,REAR END,DIVIDED - W/MEDIAN (NOT RAISED),4,STRAIGHT AND LEVEL,DRY,NO DEFECTS,NOT ON SCENE (DESK REPORT),NO INJURY / DRIVE AWAY,,,,"OVER $1,500",01/30/2017 02:30:00 PM,UNABLE TO DETERMINE,NOT APPLICABLE,1000,W,ROOSEVELT RD,1232.0,,,,,,,2,NO INDICATION OF INJURY,0.0,0.0,0.0,0.0,0.0,3.0,0.0,14,2,1,41.867196447,-87.6510882209,POINT (-87.651088220891 41.867196446975)
c891766153806e5cd0a8d5f1c5517e2ccc2ac849c7d02f058d0a9053f7626ad1fdcf83dcd5edcfb12ef401c8a503e81e0fed2a1cecbb35706a80b34559b5e13a,,03/10/2018 07:20:00 PM,30,NO CONTROLS,NO CONTROLS,CLEAR,DAYLIGHT,HEAD ON,NOT DIVIDED,2,STRAIGHT AND LEVEL,DRY,NO DEFECTS,NOT ON SCENE (DESK REPORT),NO INJURY / DRIVE AWAY,,,Y,"OVER $1,500",03/10/2018 07:44:00 PM,DISREGARDING ROAD MARKINGS,UNABLE TO DETERMINE,4700,S,KEDZIE AVE,821.0,,,,,,,2,NO INDICATION OF INJURY,0.0,0.0,0.0,0.0,0.0,2.0,0.0,19,7,3,41.8080472717,-87.7041188223,POINT (-87.704118822299 41.80804727165)
985700d439b105ae64f53958e2197ae042d6b9dac6c5849d1986521f4a21f0e0511ed4f9363a2ee9b5e3d33183157037390e0a3e8cddf363cecf3fad516de16f,,05/15/2024 07:30:00 AM,30,TRAFFIC SIGNAL,FUNCTIONING PROPERLY,CLEAR,DAYLIGHT,SIDESWIPE SAME DIRECTION,NOT DIVIDED,,STRAIGHT AND LEVEL,DRY,NO DEFECTS,NOT ON SCENE (DESK REPORT),NO INJURY / DRIVE AWAY,,,,"OVER $1,500",05/15/2024 08:00:00 AM,UNABLE TO DETERMINE,NOT APPLICABLE,4400,N,MILWAUKEE AVE,1623.0,,,,,,,2,NO INDICATION OF INJURY,0.0,0.0,0.0,0.0,0.0,2.0,0.0,7,4,5,41.9606172297,-87.7546382401,POINT (-87.754638240071 41.960617229696)
0204da62eec14bbc94034d6ab8a9f7ecaa87cd0580b6e3444e0afaeabbdf11745081319c93a74d720e40e90b5b5d54b6f9141e5e64917dc01d4707c28e480603,,05/27/2021 03:20:00 PM,35,NO CONTROLS,NO CONTROLS,RAIN,DAYLIGHT,ANGLE,NOT DIVIDED,,STRAIGHT AND LEVEL,WET,NO DEFECTS,ON SCENE,NO INJURY / DRIVE AWAY,Y,,,"OVER $1,500",05/27/2021 03:45:00 PM,UNABLE TO DETERMINE,NOT APPLICABLE,440,E,75TH ST,323.0,,,,,,,2,NO INDICATION OF INJURY,0.0,0.0,0.0,0.0,0.0,2.0,0.0,15,5,5,41.75854742,-87.6134904418,POINT (-87.613490441792 41.75854742003)
f1293f306a13e62a320e9345f3ad23be6b37df4213ccca9dc3f705489d437835453073be3520d4f85e4b1c92b32c9da7f1137412c3597818dc10be9f78abc86a,,07/17/2021 02:29:00 PM,30,STOP SIGN/FLASHER,FUNCTIONING PROPERLY,CLEAR,DAYLIGHT,ANGLE,FOUR WAY,,STRAIGHT AND LEVEL,DRY,NO DEFECTS,NOT ON SCENE (DESK REPORT),NO INJURY / DRIVE AWAY,Y,,Y,"$501 - $1,500",07/17/2021 03:10:00 PM,DISREGARDING STOP SIGN,NOT APPLICABLE,5500,W,DIVERSEY AVE,2514.0,,,,,,,2,NO INDICATION OF INJURY,0.0,0.0,0.0,0.0,0.0,3.0,0.0,14,7,7,41.9314188965,-87.7638541446,POINT (-87.763854144612 41.931418896513)
d64959f57437dc4414d7b2fce1885ef291f959308954ab13ef4d3b49a1b5b234b54e6025c83a64794e4acc77a93d0cbbbd2521158b3fadd32e9f478908d6cc9e,,11/01/2023 12:02:00 PM,15,TRAFFIC SIGNAL,FUNCTIONING PROPERLY,CLEAR,DAYLIGHT,PEDALCYCLIST,FOUR WAY,,STRAIGHT AND LEVEL,WET,NO DEFECTS,ON SCENE,INJURY AND / OR TOW DUE TO CRASH,,,N,$500 OR LESS,11/01/2023 12:25:00 PM,FAILING TO YIELD RIGHT-OF-WAY,NOT APPLICABLE,1071,W,DIVISION ST,1822.0,,,Y,,,,2,NONINCAPACITATING INJURY,1.0,0.0,0.0,1.0,0.0,1.0,0.0,12,4,11,41.9034221692,-87.6553767114,POINT (-87.655376711408 41.903422169228)
8b4b86fa5954b226c813aacb6ac51a1a1bdd412c1aca5d0b41a8fc978938c7c3c1ae9ef6fc02bd8ca06bb623166591d08d113b87ee0c24e87b47893de9bc0087,Y,10/24/2017 03:30:00 PM,30,UNKNOWN,UNKNOWN,RAIN,DAYLIGHT,SIDESWIPE SAME DIRECTION,DIVIDED - W/MEDIAN (NOT RAISED),2,STRAIGHT AND LEVEL,WET,UNKNOWN,NOT ON SCENE (DESK REPORT),NO INJURY / DRIVE AWAY,,,,"$501 - $1,500",10/24/2017 06:07:00 PM,IMPROPER OVERTAKING/PASSING,IMPROPER LANE USAGE,750,E,103RD ST,511.0,,,,,,,2,NO INDICATION OF INJURY,0.0,0.0,0.0,0.0,0.0,2.0,0.0,15,3,10,41.7075884515,-87.6044539747,POINT (-87.604453974682 41.707588451455)
09e255f4f42c12fa8ada95fbd30938ceb04b64a44cf8d15ee3f664cb522613b47040decbc2cb7fd4742e0a2d3a10063c3d5e7d774a88bccafda6732a4e277dd1,,09/06/2019 11:30:00 AM,30,TRAFFIC SIGNAL,FUNCTIONING IMPROPERLY,CLEAR,DAYLIGHT,REAR END,NOT DIVIDED,,STRAIGHT AND LEVEL,DRY,DEBRIS ON ROADWAY,ON SCENE,NO INJURY / DRIVE AWAY,Y,,,$500 OR LESS,09/06/2019 11:35:00 AM,NOT APPLICABLE,NOT APPLICABLE,8700,S,DR MARTIN LUTHER KING JR DR,632.0,,,,Y,CONSTRUCTION,Y,2,NO INDICATION OF INJURY,0.0,0.0,0.0,0.0,0.0,2.0,0.0,11,6,9,41.7364550458,-87.6146729127,POINT (-87.614672912717 41.736455045812)
e9cd495c82eda54e626db7e9904f2281c26f0247f3b7b549dc23ba1c09f69533a2c4bd1ff1bcdb5774ee509eaba9e682526eb7369dac588950616320f4125f5a,,12/27/2018 11:00:00 AM,30,NO CONTROLS,NO CONTROLS,RAIN,DAYLIGHT,TURNING,OTHER,,STRAIGHT AND LEVEL,WET,NO DEFECTS,ON SCENE,NO INJURY / DRIVE AWAY,,,,"$501 - $1,500",12/27/2018 11:05:00 AM,UNABLE TO DETERMINE,NOT APPLICABLE,2317,N,CICERO AVE,2522.0,,,,,,,2,NO INDICATION OF INJURY,0.0,0.0,0.0,0.0,0.0,2.0,0.0,11,5,12,41.9229310426,-87.7461194779,POINT (-87.746119477943 41.922931042554)
199a7f010a6fb07b307c0df864d63a04bef1d742b8d127e9cfe7ae3178022522cda5106c59f3cb3cb8297dd28deb32faff1b39819a276ca2f20cf20226282631,,10/16/2025 05:11:00 PM,30,NO CONTROLS,NO CONTROLS,CLEAR,DAYLIGHT,SIDESWIPE SAME DIRECTION,NOT DIVIDED,,STRAIGHT AND LEVEL,DRY,NO DEFECTS,ON SCENE,NO INJURY / DRIVE AWAY,,,,"OVER $1,500",10/16/2025 05:12:00 PM,NOT APPLICABLE,NOT APPLICABLE,3311,W,MONTROSE AVE,1724.0,,,,,,,2,NO INDICATION OF INJURY,0.0,0.0,0.0,0.0,0.0,2.0,0.0,17,5,10,41.9610445037,-87.7111406479,POINT (-87.711140647906 41.961044503706)
d427a208970b1753d759479faa0812436bc9c013a4983218d3947d0997cfcb110d3540744b811f4993141688fd4b4c87641bd71d75ce3c92dffb39a5a9666f60,,05/10/2025 05:33:00 PM,30,UNKNOWN,UNKNOWN,CLEAR,DAYLIGHT,PEDESTRIAN,NOT DIVIDED,,STRAIGHT AND LEVEL,DRY,NO DEFECTS,NOT ON SCENE (DESK REPORT),NO INJURY / DRIVE AWAY,,,Y,"$501 - $1,500",05/10/2025 05:33:00 PM,UNABLE TO DETERMINE,UNABLE TO DETERMINE,900,S,WABASH AVE,123.0,,Y,,,,,2,NO INDICATION OF INJURY,0.0,0.0,0.0,0.0,0.0,2.0,0.0,17,7,5,41.8705199662,-87.6260535165,POINT (-87.62605351647 41.870519966198)
bb7e81263fe9f7fd274ebeaf15e8967c7a7bf84e2fbb1444d861d7e7b24da3b0667a04613918533cc07dd8eeb4cf20ec081e10dd046b3b729b15493349c3e6d3,,05/15/2018 09:04:00 AM,30,NO CONTROLS,NO CONTROLS,CLEAR,DAYLIGHT,TURNING,DIVIDED - W/MEDIAN (NOT RAISED),4,STRAIGHT AND LEVEL,DRY,NO DEFECTS,ON SCENE,INJURY AND / OR TOW DUE TO CRASH,,,,"OVER $1,500",05/15/2018 09:04:00 AM,FAILING TO YIELD RIGHT-OF-WAY,NOT APPLICABLE,1222,W,95TH ST,2222.0,,,,,,,2,NONINCAPACITATING INJURY,1.0,0.0,0.0,1.0,0.0,1.0,0.0,9,3,5,41.7214343021,-87.6539328624,POINT (-87.653932862445 41.721434302089)
acb85a853d39e3823cf10942894c165400b1b48fa6008f3ca480990994e1daae6d8797cd8a0cc8b439be1ce94c67387195ffa97f155c2fe08e25f562af4de23d,,07/05/2025 06:22:00 PM,30,STOP SIGN/FLASHER,FUNCTIONING IMPROPERLY,CLEAR,DAYLIGHT,PEDESTRIAN,ONE-WAY,,STRAIGHT AND LEVEL,DRY,NO DEFECTS,ON SCENE,INJURY AND / OR TOW DUE TO CRASH,,,,"OVER $1,500",07/05/2025 06:22:00 PM,FAILING TO REDUCE SPEED TO AVOID CRASH,FAILING TO REDUCE SPEED TO AVOID CRASH,201,W,SCHILLER ST,1821.0,,,,,,,2,NONINCAPACITATING INJURY,1.0,0.0,0.0,1.0,0.0,1.0,0.0,18,7,7,41.9075555768,-87.6346523229,POINT (-87.634652322895 41.907555576776)
ca795cfd3de7d1a49aaadeea39811be9799e21898bb6c451519283b224abcf3fd230faea3ac97dc8fd02b8340847ece64715bb53ce71b957fa8d57debeeb1c1e,,11/13/2023 02:13:00 PM,35,STOP SIGN/FLASHER,FUNCTIONING PROPERLY,CLEAR,DAYLIGHT,REAR END,NOT DIVIDED,,STRAIGHT AND LEVEL,DRY,OTHER,,INJURY AND / OR TOW DUE TO CRASH,Y,,Y,"OVER $1,500",11/13/2023 03:11:00 PM,UNABLE TO DETERMINE,NOT APPLICABLE,2800,W,GRAND AVE,1221.0,,,,,,,2,"REPORTED, NOT EVIDENT",2.0,0.0,0.0,0.0,2.0,2.0,0.0,14,2,11,41.8944949004,-87.6967635668,POINT (-87.696763566828 41.894494900354)
804360308a1a97ee33979487b357d2766493be37c5373f26674112e029c2d855d7f3fb88a9fc6969fa5cee68d0f64918a12e8fd5643ff52a768229c1db40b855,,04/24/2025 12:10:00 PM,30,TRAFFIC SIGNAL,FUNCTIONING PROPERLY,CLEAR,DAYLIGHT,REAR END,ONE-WAY,,STRAIGHT AND LEVEL,DRY,NO DEFECTS,NOT ON SCENE (DESK REPORT),NO INJURY / DRIVE AWAY,,,Y,"OVER $1,500",04/24/2025 12:50:00 PM,FOLLOWING TOO CLOSELY,UNABLE TO DETERMINE,807,W,99TH ST,2232.0,,,,,,,2,NO INDICATION OF INJURY,0.0,0.0,0.0,0.0,0.0,3.0,0.0,12,5,4,41.7141007915,-87.6433180499,POINT (-87.643318049905 41.714100791473)