CRASH_RECORD_ID,CRASH_DATE_EST_I,CRASH_DATE,POSTED_SPEED_LIMIT,TRAFFIC_CONTROL_DEVICE,DEVICE_CONDITION,WEATHER_CONDITION,LIGHTING_CONDITION,FIRST_CRASH_TYPE,TRAFFICWAY_TYPE,LANE_CNT,ALIGNMENT,ROADWAY_SURFACE_COND,ROAD_DEFECT,REPORT_TYPE,CRASH_TYPE,INTERSECTION_RELATED_I,NOT_RIGHT_OF_WAY_I,HIT_AND_RUN_I,DAMAGE,DATE_POLICE_NOTIFIED,PRIM_CONTRIBUTORY_CAUSE,SEC_CONTRIBUTORY_CAUSE,STREET_NO,STREET_DIRECTION,STREET_NAME,BEAT_OF_OCCURRENCE,PHOTOS_TAKEN_I,STATEMENTS_TAKEN_I,DOORING_I,WORK_ZONE_I,WORK_ZONE_TYPE,WORKERS_PRESENT_I,NUM_UNITS,MOST_SEVERE_INJURY,INJURIES_TOTAL,INJURIES_FATAL,INJURIES_INCAPACITATING,INJURIES_NON_INCAPACITATING,INJURIES_REPORTED_NOT_EVIDENT,INJURIES_NO_INDICATION,INJURIES_UNKNOWN,CRASH_HOUR,CRASH_DAY_OF_WEEK,CRASH_MONTH,LATITUDE,LONGITUDE,LOCATION
7c9dfaa7e850cf401746cba271521308e9817821c995c6ab65d013f6afb362a84efc0dc8d2b3f58b5c9bb3cfa38cef6f66fb556123b0889ff3c882a5d1c3a135,,07/13/2018 02:52:00 PM,30,TRAFFIC SIGNAL,FUNCTIONING PROPERLY,CLEAR,DAYLIGHT,ANGLE,NOT DIVIDED,,STRAIGHT AND LEVEL,DRY,NO DEFECTS,ON SCENE,INJURY AND / OR TOW DUE TO CRASH,Y,,,"OVER $1,500",07/13/2018 02:52:00 PM,UNABLE TO DETERMINE,UNABLE TO DETERMINE,2000,W,WARREN BLVD,1223.0,,,,,,,2,"REPORTED, NOT EVIDENT",2.0,0.0,0.0,0.0,2.0,1.0,0.0,14,6,7,41.8823398593,-87.676787988,POINT (-87.676787987969 41.882339859326)
990fa029ed1b31ea8042617b91efea9a68140bb99e8737e5d3b61a9e2fc30fd17c7725d3fff16579f20dfc3520371ba6f53b8c4785e56b86f0b635c113b61d1c,,05/08/2020 11:32:00 AM,30,NO CONTROLS,NO CONTROLS,CLEAR,DAYLIGHT,TURNING,NOT DIVIDED,,STRAIGHT AND LEVEL,DRY,NO DEFECTS,NOT ON SCENE (DESK REPORT),NO INJURY / DRIVE AWAY,,,,"OVER $1,500",05/08/2020 11:45:00 AM,FAILING TO YIELD RIGHT-OF-WAY,NOT APPLICABLE,320,W,79TH ST,623.0,,,,,,,2,NO INDICATION OF INJURY,0.0,0.0,0.0,0.0,0.0,2.0,0.0,11,6,5,41.7509176763,-87.6327815798,POINT (-87.632781579796 41.750917676286)
307d8eeb155d77eec790f4e9c07fa99b5ad8661c52b3f1331ba8495cbe05ce282d3436ea3dbbf52e928c7d55fff9adee2d9f8c804e74da20b67e2446eb3bf48f,,04/26/2019 08:15:00 AM,25,TRAFFIC SIGNAL,FUNCTIONING PROPERLY,CLEAR,DAYLIGHT,TURNING,FOUR WAY,,STRAIGHT AND LEVEL,DRY,NO DEFECTS,NOT ON SCENE (DESK REPORT),NO INJURY / DRIVE AWAY,Y,,,"$501 - $1,500",04/26/2019 10:30:00 AM,FAILING TO YIELD RIGHT-OF-WAY,NOT APPLICABLE,6801,N,RIDGE BLVD,2424.0,,,,,,,2,NO INDICATION OF INJURY,0.0,0.0,0.0,0.0,0.0,4.0,0.0,8,6,4,42.0053031201,-87.6800599086,POINT (-87.680059908644 42.005303120054)
2a1b186c28f5ab54eb567abf92785dbaf1612f12cf65cb21aacd1745b52048787b15966a9d12c7a22cba6dd97b285a06ef9f844adee8f6b58522efb3ef9b088e,Y,05/04/2024 12:00:00 AM,25,NO CONTROLS,NO CONTROLS,CLEAR,UNKNOWN,PARKED MOTOR VEHICLE,ONE-WAY,,STRAIGHT AND LEVEL,DRY,NO DEFECTS,ON SCENE,NO INJURY / DRIVE AWAY,,,Y,"OVER $1,500",05/04/2024 08:27:00 AM,DRIVING SKILLS/KNOWLEDGE/EXPERIENCE,UNABLE TO DETERMINE,41,N,MAYFIELD AVE,1513.0,,,,,,,2,NO INDICATION OF INJURY,0.0,0.0,0.0,0.0,0.0,1.0,0.0,0,7,5,41.8814073447,-87.7716858537,POINT (-87.771685853695 41.881407344677)
3a6e4752ec7c9eacde0b81c4f3d8c9b799f2f2badd75fd7e08ca37f04f2848c05fb58bdb5e030175a3ac29d604c2d2609721e498fa0198c6a5d740e6f61b384e,,07/25/2024 12:20:00 PM,30,STOP SIGN/FLASHER,FUNCTIONING PROPERLY,CLEAR,DAYLIGHT,TURNING,NOT DIVIDED,,STRAIGHT AND LEVEL,DRY,NO DEFECTS,ON SCENE,INJURY AND / OR TOW DUE TO CRASH,,,,$500 OR LESS,07/25/2024 12:24:00 PM,FOLLOWING TOO CLOSELY,UNABLE TO DETERMINE,5159,N,MENARD AVE,1622.0,,,,,,,2,NONINCAPACITATING INJURY,1.0,0.0,0.0,1.0,0.0,1.0,0.0,12,5,7,41.9753506239,-87.7731887091,POINT (-87.773188709077 41.975350623863)
f5e6c4fa27f6d5cc2191ee99b1e388ba24ba12e597ddbceac444dfe68c6117cf5ed2c96de11877bc497f3805219e1e4f982a5506631e053e3dcb2650968d16ce,,05/13/2022 11:05:00 AM,30,NO CONTROLS,NO CONTROLS,CLEAR,DAYLIGHT,REAR TO FRONT,NOT DIVIDED,,STRAIGHT AND LEVEL,DRY,NO DEFECTS,NOT ON SCENE (DESK REPORT),NO INJURY / DRIVE AWAY,,,,"OVER $1,500",05/13/2022 04:20:00 PM,IMPROPER BACKING,NOT APPLICABLE,938,W,WEBSTER AVE,1812.0,,,,,,,2,NO INDICATION OF INJURY,0.0,0.0,0.0,0.0,0.0,2.0,0.0,11,6,5,41.9218635043,-87.6525915575,POINT (-87.652591557496 41.921863504286)
3ee06b8cfb0a85d11faa0d1cf2d1e75bcdc6403c5e33a406fe7570ed8a4d91d06045ae4fde17f0f2554ec9e0f6dcb1bc5399dc5acb740640f2a72e7e2d088955,,02/08/2016 03:30:00 PM,30,TRAFFIC SIGNAL,FUNCTIONING PROPERLY,CLEAR,DAYLIGHT,REAR END,NOT DIVIDED,2,STRAIGHT AND LEVEL,DRY,UNKNOWN,NOT ON SCENE (DESK REPORT),NO INJURY / DRIVE AWAY,,,Y,"$501 - $1,500",02/08/2016 04:00:00 PM,FOLLOWING TOO CLOSELY,NOT APPLICABLE,7900,S,RACINE AVE,612.0,,,,,,,2,NO INDICATION OF INJURY,0.0,0.0,0.0,0.0,0.0,3.0,0.0,15,2,2,41.7504749298,-87.6538833344,POINT (-87.653883334391 41.750474929778)
43038627d134284de5a7d8562d33fad6c2aaa38a0e4be6f8a96fcf157ccbdef535561f496395199967c15f341dcecc26cb6fe1dd6d85c5994241af95d99b743e,,04/28/2023 11:15:00 PM,30,TRAFFIC SIGNAL,FUNCTIONING PROPERLY,CLEAR,"DARKNESS, LIGHTED ROAD",SIDESWIPE SAME DIRECTION,NOT DIVIDED,,STRAIGHT AND LEVEL,DRY,NO DEFECTS,NOT ON SCENE (DESK REPORT),NO INJURY / DRIVE AWAY,,,,"OVER $1,500",04/28/2023 11:45:00 PM,IMPROPER LANE USAGE,IMPROPER LANE USAGE,798,W,BELMONT AVE,1925.0,,,,,,,2,NO INDICATION OF INJURY,0.0,0.0,0.0,0.0,0.0,3.0,0.0,23,6,4,41.9400923468,-87.6491477779,POINT (-87.649147777873 41.940092346773)
9c6901612ff584ae9a01dae1f0510181c2906ebf71879a3197bcb40daeed0b5c50e2bf8d056b1c8972ddaa54e9b7728922ce645f4af18d2004c12a868f846640,,03/22/2021 05:30:00 PM,30,TRAFFIC SIGNAL,FUNCTIONING PROPERLY,CLEAR,DAYLIGHT,SIDESWIPE OPPOSITE DIRECTION,NOT DIVIDED,,STRAIGHT AND LEVEL,DRY,NO DEFECTS,NOT ON SCENE (DESK REPORT),NO INJURY / DRIVE AWAY,,,,$500 OR LESS,03/22/2021 05:55:00 PM,NOT APPLICABLE,NOT APPLICABLE,7100,S,ASHLAND AVE,735.0,,,,,,,2,NO INDICATION OF INJURY,0.0,0.0,0.0,0.0,0.0,2.0,0.0,17,2,3,41.7648593824,-87.6639401763,POINT (-87.663940176305 41.764859382425)
bb00932465ffdb18ac4dd0e4731fb1f6b9b39f7ad3466649ab9cd942086d25b009585df13ba6902a674c1eaa77b4d4c0072052b69ce26dd3707812c2e235f694,,09/14/2019 05:16:00 PM,30,TRAFFIC SIGNAL,FUNCTIONING IMPROPERLY,CLEAR,DAYLIGHT,TURNING,DIVIDED - W/MEDIAN (NOT RAISED),,STRAIGHT AND LEVEL,DRY,NO DEFECTS,ON SCENE,INJURY AND / OR TOW DUE TO CRASH,Y,,,"OVER $1,500",09/14/2019 05:17:00 PM,UNABLE TO DETERMINE,UNABLE TO DETERMINE,3454,S,ASHLAND AVE,912.0,,,,,,,2,"REPORTED, NOT EVIDENT",1.0,0.0,0.0,0.0,1.0,1.0,0.0,17,7,9,41.8307054662,-87.6657200439,POINT (-87.665720043943 41.83070546622)
372c40074949a6cbef6b75dcd349e973ae5ccd7e833d38f0a314b9a04fa87f31190020ea2cb82591e73482263bcba12fcd22717ee790e12223f24e8b3b6ac794,,10/18/2024 03:13:00 PM,30,UNKNOWN,NO CONTROLS,CLEAR,DAYLIGHT,PEDESTRIAN,NOT DIVIDED,,STRAIGHT AND LEVEL,DRY,NO DEFECTS,,INJURY AND / OR TOW DUE TO CRASH,,,Y,"OVER $1,500",10/18/2024 03:15:00 PM,IMPROPER LANE USAGE,NOT APPLICABLE,1647,W,CHICAGO AVE,1215.0,,,,,,,2,INCAPACITATING INJURY,1.0,0.0,1.0,0.0,0.0,1.0,0.0,15,6,10,41.8959321398,-87.6691961012,POINT (-87.669196101236 41.895932139809)
874aedf6dd122cbc0947aa8f767c4be2046c408b93e753b12b6261ca896bb9052b3f7a030b52a58286aee56644357b16afa8679117ea2704f6a60de48703a1eb,,12/28/2018 06:30:00 PM,30,TRAFFIC SIGNAL,FUNCTIONING PROPERLY,FOG/SMOKE/HAZE,"DARKNESS, LIGHTED ROAD",REAR END,RAMP,1,STRAIGHT AND LEVEL,WET,UNKNOWN,NOT ON SCENE (DESK REPORT),NO INJURY / DRIVE AWAY,,,,"OVER $1,500",12/28/2018 09:20:00 PM,FOLLOWING TOO CLOSELY,FOLLOWING TOO CLOSELY,918,W,BRYN MAWR AVE,2022.0,,,,,,,2,NO INDICATION OF INJURY,0.0,0.0,0.0,0.0,0.0,2.0,0.0,18,6,12,41.9839836722,-87.6530469211,POINT (-87.65304692112 41.98398367221)
b0b9d199e30b57158dce67dc8d8469116b652d628bd7dec37b7c0315654f5caff911f8bebc737035ebe4ee0cca7a239c217bc2532b88a2d975f63924e0434d60,,12/28/2021 09:05:00 AM,30,NO CONTROLS,NO CONTROLS,CLEAR,DAYLIGHT,ANGLE,ONE-WAY,,STRAIGHT AND LEVEL,DRY,NO DEFECTS,ON SCENE,INJURY AND / OR TOW DUE TO CRASH,,,,"OVER $1,500",12/28/2021 09:05:00 AM,FAILING TO YIELD RIGHT-OF-WAY,NOT APPLICABLE,7721,S,RHODES AVE,624.0,,,,,,,3,NO INDICATION OF INJURY,0.0,0.0,0.0,0.0,0.0,4.0,0.0,9,3,12,41.7541719724,-87.6112176179,POINT (-87.61121761785 41.754171972398)
cf62d0b1a1d292cf5b76347acd47d53fb350714868cbff12162976ca5f5545cf61bd67f5b54b702d0b7ccc626f9bdbae4faa5661f6bf1c00a62cb6fa814bc104,,05/07/2018 07:53:00 AM,30,NO CONTROLS,NO CONTROLS,CLEAR,DAYLIGHT,REAR END,NOT DIVIDED,2,STRAIGHT AND LEVEL,DRY,NO DEFECTS,ON SCENE,INJURY AND / OR TOW DUE TO CRASH,,,,"OVER $1,500",05/07/2018 07:53:00 AM,FOLLOWING TOO CLOSELY,UNABLE TO DETERMINE,3654,N,KEDZIE AVE,1733.0,,,,,,,4,NO INDICATION OF INJURY,0.0,0.0,0.0,0.0,0.0,4.0,0.0,7,2,5,41.9482458738,-87.7080115378,POINT (-87.708011537775 41.9482458738)
9a77b8aee4b73b572313f1641974b2eb0929cf496efc0d9644e2f5365d9f9d517dd356e24dc6becc9182ec3218bf1d99d63aef5b9fcbd490498419a80458d461,,04/06/2018 06:30:00 AM,30,NO CONTROLS,NO CONTROLS,CLEAR,DAYLIGHT,SIDESWIPE SAME DIRECTION,NOT DIVIDED,2,STRAIGHT AND LEVEL,DRY,NO DEFECTS,,NO INJURY / DRIVE AWAY,N,,,"OVER $1,500",04/06/2018 07:00:00 AM,IMPROPER OVERTAKING/PASSING,NOT APPLICABLE,4118,N,CICERO AVE,1624.0,,,,,,,2,NO INDICATION OF INJURY,0.0,0.0,0.0,0.0,0.0,2.0,0.0,6,6,4,41.9558737131,-87.7475222961,POINT (-87.747522296124 41.955873713109)
9a0c13ae68d89219fbc0c792876e4a65248a61a1269126ac9075318ae7c2cd87b2826751e0440f4c164cabba44d44927a3682e60f85d8b544233b3a2f399f571,,01/05/2020 10:55:00 PM,30,TRAFFIC SIGNAL,FUNCTIONING PROPERLY,CLEAR,"DARKNESS, LIGHTED ROAD",TURNING,CENTER TURN LANE,,STRAIGHT AND LEVEL,DRY,NO DEFECTS,ON SCENE,INJURY AND / OR TOW DUE TO CRASH,Y,,,"OVER $1,500",01/05/2020 10:55:00 PM,FAILING TO YIELD RIGHT-OF-WAY,NOT APPLICABLE,6400,W,FULLERTON AVE,2512.0,,,,,,,2,NO INDICATION OF INJURY,0.0,0.0,0.0,0.0,0.0,2.0,0.0,22,1,1,41.9237861887,-87.7855672056,POINT (-87.785567205622 41.923786188711)
533c398f3940e05f505d4efc256d5e638807b69d9926d9f0c89d2c0d773b1584b48155aee98483dc969f415e508dd09fabe237a14f171ebfbe8dd2abe19099b6,,05/06/2022 07:20:00 PM,30,TRAFFIC SIGNAL,NO CONTROLS,CLEAR,DAYLIGHT,REAR END,NOT DIVIDED,,STRAIGHT AND LEVEL,WET,NO DEFECTS,,INJURY AND / OR TOW DUE TO CRASH,Y,,Y,"OVER $1,500",05/06/2022 08:00:00 PM,FOLLOWING TOO CLOSELY,FOLLOWING TOO CLOSELY,100,W,63RD ST,311.0,,,,,,,3,NONINCAPACITATING INJURY,1.0,0.0,0.0,1.0,0.0,2.0,0.0,19,6,5,41.780128068,-87.6278658137,POINT (-87.627865813674 41.780128068019)
19fa627e1a4592b46ad0eb3d5d3733962b1618a99d56952850b4cc773880ea3a0db1a449c8d770943e9a007d0931fb9f1cc1c2b647ae856827bbfa4ba7cb7e59,Y,08/15/2023 02:38:00 PM,25,TRAFFIC SIGNAL,FUNCTIONING PROPERLY,CLEAR,DAYLIGHT,REAR END,NOT DIVIDED,,STRAIGHT AND LEVEL,DRY,NO DEFECTS,NOT ON SCENE (DESK REPORT),NO INJURY / DRIVE AWAY,,,,"OVER $1,500",08/15/2023 02:50:00 PM,UNABLE TO DETERMINE,UNABLE TO DETERMINE,100,E,51ST ST,224.0,,,,,,,2,NO INDICATION OF INJURY,0.0,0.0,0.0,0.0,0.0,2.0,0.0,14,3,8,41.802111715,-87.6225708369,POINT (-87.622570836888 41.802111715045)
974dc7b0c7de406150b7a39cda067a0c6c466e3062acc7803e3aff979de6ff7d297bd77d797ea921ac6200959ca26bc9c9f787c3ff77dd976c33eac0c1e38efb,,08/03/2018 06:00:00 PM,30,TRAFFIC SIGNAL,FUNCTIONING PROPERLY,CLEAR,DAYLIGHT,FIXED OBJECT,ONE-WAY,2,STRAIGHT AND LEVEL,DRY,NO DEFECTS,NOT ON SCENE (DESK REPORT),NO INJURY / DRIVE AWAY,,,,"$501 - $1,500",08/04/2018 04:25:00 PM,ROAD ENGINEERING/SURFACE/MARKING DEFECTS,NOT APPLICABLE,7900,S,LAFAYETTE AVE,623.0,,,,,,,1,NO INDICATION OF INJURY,0.0,0.0,0.0,0.0,0.0,1.0,0.0,18,6,8,41.7508910466,-87.6259685054,POINT (-87.625968505423 41.750891046593)
67112900fb0e25e7f764e107ca10545f190b836aac188e6444436f5c793355196634f865c9002c5eae6274f4febebe5317661d41505ec1916a4e93440cc37698,,09/09/2022 03:47:00 PM,30,NO CONTROLS,NO CONTROLS,CLEAR,DAYLIGHT,TURNING,DIVIDED - W/MEDIAN (NOT RAISED),,STRAIGHT AND LEVEL,DRY,NO DEFECTS,NOT ON SCENE (DESK REPORT),NO INJURY / DRIVE AWAY,,,N,"OVER $1,500",09/09/2022 04:00:00 PM,UNABLE TO DETERMINE,UNABLE TO DETERMINE,5230,N,PULASKI RD,1712.0,,,,,,,2,NO INDICATION OF INJURY,0.0,0.0,0.0,0.0,0.0,3.0,0.0,15,6,9,41.9764697687,-87.7284064615,POINT (-87.728406461527 41.976469768731)
25955e99d1c9e0485ad89e8b689d903e595a94328e2f5ed3cf66f7f2e5c60bd6eb2f03119aa454fa94487acaf139711f1204762e270abd12104da849a7e10714,,09/23/2021 05:45:00 PM,30,NO CONTROLS,NO CONTROLS,CLEAR,DAYLIGHT,SIDESWIPE SAME DIRECTION,ONE-WAY,,STRAIGHT AND LEVEL,DRY,NO DEFECTS,ON SCENE,NO INJURY / DRIVE AWAY,,,,"OVER $1,500",09/23/2021 05:50:00 PM,IMPROPER LANE USAGE,UNABLE TO DETERMINE,4520,S,CICERO AVE,814.0,,,,,,,2,NO INDICATION OF INJURY,0.0,0.0,0.0,0.0,0.0,2.0,0.0,17,5,9,41.8106128709,-87.7433820571,POINT (-87.743382057067 41.810612870948)
9fb302e6be2a3a3870cdfdedcd7456a25ab9263c40bafef502bc213ec32ea5e648145d1f135578e7192cdba2d4a759287f1dca194040b5241fd582d1c2fd3c0f,,07/30/2020 11:05:00 AM,35,NO CONTROLS,NO CONTROLS,CLEAR,DAYLIGHT,SIDESWIPE SAME DIRECTION,ONE-WAY,,STRAIGHT AND LEVEL,DRY,NO DEFECTS,NOT ON SCENE (DESK REPORT),NO INJURY / DRIVE AWAY,,,,$500 OR LESS,07/30/2020 11:15:00 AM,IMPROPER LANE USAGE,NOT APPLICABLE,8236,S,LAFAYETTE AVE,622.0,,,,,,,2,NO INDICATION OF INJURY,0.0,0.0,0.0,0.0,0.0,2.0,0.0,11,5,7,41.7442918323,-87.6257929921,POINT (-87.625792992053 41.744291832262)
916a456bfc46a77ffb04d09aea47066d7d0761727dcf0eb671ca97d8f5bcb0dc8e34377fd8f4db1a81665fecb22ff2c51956df249a8d1ccb0e11506160e15985,,09/29/2020 05:40:00 PM,30,NO CONTROLS,UNKNOWN,CLEAR,DAYLIGHT,SIDESWIPE SAME DIRECTION,NOT DIVIDED,,STRAIGHT AND LEVEL,DRY,NO DEFECTS,ON SCENE,INJURY AND / OR TOW DUE TO CRASH,,,Y,"OVER $1,500",09/29/2020 05:40:00 PM,IMPROPER LANE USAGE,NOT APPLICABLE,1700,E,75TH ST,324.0,,,,,,,2,NO INDICATION OF INJURY,0.0,0.0,0.0,0.0,0.0,2.0,0.0,17,3,9,41.7589030602,-87.5834265299,POINT (-87.583426529943 41.758903060165)
41607f2004ef76f6825c3cc9b38f91f81f8c871b16312118301fa815cf75a6a0e1e446cedf3036162f9853c826c3e0283e48579baf52999cb9f9ceacd872ed4f,,10/10/2022 09:10:00 PM,30,NO CONTROLS,NO CONTROLS,CLEAR,"DARKNESS, LIGHTED ROAD",PARKED MOTOR VEHICLE,NOT DIVIDED,,STRAIGHT AND LEVEL,DRY,NO DEFECTS,NOT ON SCENE (DESK REPORT),NO INJURY / DRIVE AWAY,,,,$500 OR LESS,10/10/2022 09:20:00 PM,IMPROPER BACKING,IMPROPER BACKING,5039,N,BROADWAY,2033.0,,,,,,,2,NO INDICATION OF INJURY,0.0,0.0,0.0,0.0,0.0,1.0,0.0,21,2,10,41.9738502895,-87.659653582,POINT (-87.659653581957 41.973850289496)
bc369fd31754d0062658b16f78e7e642603a8bf1c90aca6bdb96c5b90792060f0bb6cbd8d9aba58cdfff6a730c664c2ceebcb9ba6d47db3dbd5aeee56e88fe4f,,06/05/2017 02:13:00 PM,30,NO CONTROLS,NO CONTROLS,CLEAR,DAYLIGHT,SIDESWIPE SAME DIRECTION,NOT DIVIDED,2,STRAIGHT AND LEVEL,UNKNOWN,UNKNOWN,NOT ON SCENE (DESK REPORT),NO INJURY / DRIVE AWAY,,,,"$501 - $1,500",06/05/2017 03:02:00 PM,IMPROPER OVERTAKING/PASSING,NOT APPLICABLE,1345,N,PULASKI RD,2535.0,,,,,,,2,NO INDICATION OF INJURY,0.0,0.0,0.0,0.0,0.0,2.0,0.0,14,2,6,41.9057938403,-87.7262511371,POINT (-87.726251137072 41.905793840339)
912da61e36ca48e774fd8d9a574ef89665796dd9ff121b1afcb5d1bc9e448430ed7e63c018aa58f91127c44ebe8683732fd86d6fe37cf1ee401fcac2a922bc7e,,05/01/2025 02:00:00 PM,25,NO CONTROLS,NO CONTROLS,RAIN,DAYLIGHT,PARKED MOTOR VEHICLE,TRAFFIC ROUTE,,STRAIGHT AND LEVEL,DRY,NO DEFECTS,NOT ON SCENE (DESK REPORT),NO INJURY / DRIVE AWAY,,,,"OVER $1,500",05/01/2025 02:21:00 PM,DRIVING SKILLS/KNOWLEDGE/EXPERIENCE,NOT APPLICABLE,1650,E,71ST ST,332.0,,,,,,,2,NO INDICATION OF INJURY,0.0,0.0,0.0,0.0,0.0,2.0,0.0,14,5,5,41.7662735478,-87.5839734806,POINT (-87.583973480565 41.766273547809)
a61d56f262215ffb7971768e76108982ba3aa78a004942e094141a037760e20f5957493517dcf1d9fc20be210f824bb88f5d89037edaa468a7a6b1599384d4c0,,05/27/2022 02:45:00 AM,30,TRAFFIC SIGNAL,FUNCTIONING PROPERLY,CLEAR,DAYLIGHT,REAR END,DIVIDED - W/MEDIAN (NOT RAISED),,STRAIGHT AND LEVEL,DRY,NO DEFECTS,ON SCENE,INJURY AND / OR TOW DUE TO CRASH,,,,"OVER $1,500",05/27/2022 02:48:00 AM,FAILING TO REDUCE SPEED TO AVOID CRASH,PHYSICAL CONDITION OF DRIVER,4016,N,AUSTIN AVE,1624.0,,,,,,,2,"REPORTED, NOT EVIDENT",1.0,0.0,0.0,0.0,1.0,1.0,0.0,2,6,5,41.9535966439,-87.7769409261,POINT (-87.776940926055 41.953596643883)
ff78da6b7f151c3254c72719dc7310a5a51fec68f2bbca7cfef7bf45a208f4c0cfc95dfece772c80c195d7f9a5e40569073d878825bb2536b7ba63bed0fd1abd,,10/25/2024 07:55:00 AM,30,NO CONTROLS,NO CONTROLS,CLEAR,DAYLIGHT,ANGLE,ONE-WAY,,STRAIGHT AND LEVEL,DRY,NO DEFECTS,NOT ON SCENE (DESK REPORT),NO INJURY / DRIVE AWAY,,,,"OVER $1,500",10/25/2024 08:30:00 AM,FAILING TO YIELD RIGHT-OF-WAY,NOT APPLICABLE,5858,W,SCHUBERT AVE,2514.0,,,,,,,2,NO INDICATION OF INJURY,0.0,0.0,0.0,0.0,0.0,2.0,0.0,7,6,10,41.9294535529,-87.7734160081,POINT (-87.773416008081 41.92945355292)
c9b0774804e43ce2ad1e36f0e4ff92633aecbbe8ab7697940e31297f2baed46cb652afbdaa096b4a9cfa8ab4494d2129afadff3df584d9a620847c9e7577d0a7,,06/24/2022 11:20:00 PM,30,NO CONTROLS,NO CONTROLS,CLEAR,"DARKNESS, LIGHTED ROAD",SIDESWIPE SAME DIRECTION,NOT DIVIDED,,STRAIGHT AND LEVEL,DRY,NO DEFECTS,NOT ON SCENE (DESK REPORT),NO INJURY / DRIVE AWAY,,,,"$501 - $1,500",06/25/2022 07:40:00 PM,IMPROPER OVERTAKING/PASSING,UNABLE TO DETERMINE,5318,N,CENTRAL AVE,1622.0,,,,,,,2,NO INDICATION OF INJURY,0.0,0.0,0.0,0.0,0.0,2.0,0.0,23,6,6,41.9778601227,-87.7685834097,POINT (-87.76858340974 41.977860122746)
450d35bdb95e999545bd1ce4ce10d730ed73aa2fd488b0c156793c78174012f8db4ff74529d1cb8c559692c58bf137f08754192448574eea5e5d90ab48f91f0d,,11/03/2023 11:22:00 PM,30,TRAFFIC SIGNAL,FUNCTIONING PROPERLY,CLEAR,"DARKNESS, LIGHTED ROAD",TURNING,FOUR WAY,,STRAIGHT AND LEVEL,WET,NO DEFECTS,ON SCENE,NO INJURY / DRIVE AWAY,Y,,,"OVER $1,500",11/03/2023 11:22:00 PM,IMPROPER TURNING/NO SIGNAL,DRIVING SKILLS/KNOWLEDGE/EXPERIENCE,5200,W,NORTH AVE,2532.0,,,,,,,2,NO INDICATION OF INJURY,0.0,0.0,0.0,0.0,0.0,2.0,0.0,23,6,11,41.9096103676,-87.7558522787,POINT (-87.755852278737 41.909610367569)
4fead70efe07760e1292832b9c1d91dcaf5a37c2d3a9273d54bb958335d0fb0d163a3ef59fc728781b083651308a82d61ec245e10467c141ac2e055d6f0ee322,,02/23/2020 02:00:00 AM,30,NO CONTROLS,NO CONTROLS,CLEAR,"DARKNESS, LIGHTED ROAD",PARKED MOTOR VEHICLE,DIVIDED - W/MEDIAN (NOT RAISED),,STRAIGHT AND LEVEL,DRY,NO DEFECTS,ON SCENE,INJURY AND / OR TOW DUE TO CRASH,,,,"OVER $1,500",02/23/2020 02:00:00 AM,PHYSICAL CONDITION OF DRIVER,"OPERATING VEHICLE IN ERRATIC, RECKLESS, CARELESS, NEGLIGENT OR AGGRESSIVE MANNER",6030,W,IRVING PARK RD,1624.0,,,,,,,2,NONINCAPACITATING INJURY,1.0,0.0,0.0,1.0,0.0,0.0,0.0,2,1,2,41.9531429538,-87.7779432175,POINT (-87.777943217539 41.953142953801)
816708b60b927262905d189db663f7a06e1042b78d395a8319442119f83d3b0d02b4030018c48738c98070ddd79aa99b675cfad83d441237d674425be0cbb719,,03/22/2021 06:10:00 AM,35,TRAFFIC SIGNAL,FUNCTIONING PROPERLY,UNKNOWN,DAYLIGHT,TURNING,UNKNOWN INTERSECTION TYPE,,STRAIGHT AND LEVEL,UNKNOWN,UNKNOWN,NOT ON SCENE (DESK REPORT),NO INJURY / DRIVE AWAY,Y,,,"OVER $1,500",03/22/2021 07:30:00 AM,UNABLE TO DETERMINE,NOT APPLICABLE,9500,S,EWING AVE,432.0,,,,,,,2,NO INDICATION OF INJURY,0.0,0.0,0.0,0.0,0.0,2.0,0.0,6,2,3,41.7228051559,-87.5366030086,POINT (-87.536603008571 41.722805155882)
84fae77d9344ca0cc87e48cb25c3ba50871eb61c8470e4aec6c1fd2e03015e517072d01b9863db169c6d1503b89ed10dda08bcb386ba2953247ce99e9f0a4f92,,05/03/2023 04:37:00 PM,30,NO CONTROLS,NO CONTROLS,CLEAR,DAYLIGHT,REAR END,NOT DIVIDED,,STRAIGHT AND LEVEL,DRY,NO DEFECTS,NOT ON SCENE (DESK REPORT),INJURY AND / OR TOW DUE TO CRASH,,,Y,"$501 - $1,500",05/03/2023 04:55:00 PM,UNABLE TO DETERMINE,NOT APPLICABLE,11000,S,DR MARTIN LUTHER KING JR DR,513.0,,,,,,,2,INCAPACITATING INJURY,3.0,0.0,1.0,2.0,0.0,2.0,0.0,16,4,5,41.6944956298,-87.6135693443,POINT (-87.61356934427 41.694495629755)