CRASH_RECORD_ID,CRASH_DATE_EST_I,CRASH_DATE,POSTED_SPEED_LIMIT,TRAFFIC_CONTROL_DEVICE,DEVICE_CONDITION,WEATHER_CONDITION,LIGHTING_CONDITION,FIRST_CRASH_TYPE,TRAFFICWAY_TYPE,LANE_CNT,ALIGNMENT,ROADWAY_SURFACE_COND,ROAD_DEFECT,REPORT_TYPE,CRASH_TYPE,INTERSECTION_RELATED_I,NOT_RIGHT_OF_WAY_I,HIT_AND_RUN_I,DAMAGE,DATE_POLICE_NOTIFIED,PRIM_CONTRIBUTORY_CAUSE,SEC_CONTRIBUTORY_CAUSE,STREET_NO,STREET_DIRECTION,STREET_NAME,BEAT_OF_OCCURRENCE,PHOTOS_TAKEN_I,STATEMENTS_TAKEN_I,DOORING_I,WORK_ZONE_I,WORK_ZONE_TYPE,WORKERS_PRESENT_I,NUM_UNITS,MOST_SEVERE_INJURY,INJURIES_TOTAL,INJURIES_FATAL,INJURIES_INCAPACITATING,INJURIES_NON_INCAPACITATING,INJURIES_REPORTED_NOT_EVIDENT,INJURIES_NO_INDICATION,INJURIES_UNKNOWN,CRASH_HOUR,CRASH_DAY_OF_WEEK,CRASH_MONTH,LATITUDE,LONGITUDE,LOCATION
8a6c825ff5ca068fed6611b346eba42296c3f3115e69e0cf5dac9236a64767b259b344fd4f47aaef4bc3768ae07aa1a086a9f42f853ba265c8703f3460b861f0,,08/10/2018 11:40:00 AM,30,TRAFFIC SIGNAL,FUNCTIONING PROPERLY,CLEAR,DAYLIGHT,REAR END,NOT DIVIDED,,STRAIGHT AND LEVEL,DRY,NO DEFECTS,ON SCENE,INJURY AND / OR TOW DUE TO CRASH,,,,$500 OR LESS,08/10/2018 11:40:00 AM,FOLLOWING TOO CLOSELY,NOT APPLICABLE,5149,N,BROADWAY,2033.0,,,,,,,2,"REPORTED, NOT EVIDENT",1.0,0.0,0.0,0.0,1.0,3.0,0.0,11,6,8,41.9760504485,-87.6597123834,POINT (-87.6597123834 41.976050448547)
40074b10f15f953457ddd7d262b89d68000dbca8748e1661a18e4031cc70ed1aa7195fee30f399d1ba35515361ae8b8bc3123ce6b19727ba6042b024c3969646,,01/19/2022 07:30:00 AM,35,NO CONTROLS,NO CONTROLS,SNOW,DAYLIGHT,TURNING,FOUR WAY,,STRAIGHT AND LEVEL,SNOW OR SLUSH,NO DEFECTS,ON SCENE,INJURY AND / OR TOW DUE TO CRASH,Y,,,"OVER $1,500",01/19/2022 07:44:00 AM,UNABLE TO DETERMINE,UNABLE TO DETERMINE,8100,S,KEDZIE AVE,834.0,,,,,,,2,NO INDICATION OF INJURY,0.0,0.0,0.0,0.0,0.0,4.0,0.0,7,4,1,41.7460580368,-87.7024363193,POINT (-87.702436319338 41.746058036823)
57dc6c078698c75be061a2c813edfe6fed2b808765b79975dbece775387a6a4386ba3f6535feb7965a9617a772bbe420a4fe264828bdd620620f58f067d7ef84,,11/03/2025 03:30:00 PM,25,TRAFFIC SIGNAL,FUNCTIONING PROPERLY,CLEAR,DAYLIGHT,REAR END,NOT DIVIDED,,STRAIGHT AND LEVEL,DRY,NO DEFECTS,NOT ON SCENE (DESK REPORT),NO INJURY / DRIVE AWAY,,,,"$501 - $1,500",11/03/2025 03:40:00 PM,FOLLOWING TOO CLOSELY,NOT APPLICABLE,3000,S,HALSTED ST,913.0,,,,,,,2,NO INDICATION OF INJURY,0.0,0.0,0.0,0.0,0.0,2.0,0.0,15,2,11,41.8397719466,-87.6464675111,POINT (-87.646467511129 41.839771946584)
1b990803bdd90ebd02459e15db12442a9a6f0de8c0b0fcb2fb2123574d554f42fc941c3541faa4dba6e5687efb8db730f2084afab319b6bbefa49eed44cac051,,09/28/2024 01:00:00 PM,15,NO CONTROLS,NO CONTROLS,CLEAR,DAYLIGHT,PARKED MOTOR VEHICLE,PARKING LOT,,STRAIGHT AND LEVEL,DRY,NO DEFECTS,NOT ON SCENE (DESK REPORT),NO INJURY / DRIVE AWAY,,Y,,"OVER $1,500",09/29/2024 09:00:00 AM,NOT APPLICABLE,NOT APPLICABLE,3250,W,87TH ST,834.0,,,,,,,2,NO INDICATION OF INJURY,0.0,0.0,0.0,0.0,0.0,1.0,0.0,13,7,9,41.7352740895,-87.7035112835,POINT (-87.703511283506 41.735274089541)
2ab4a1cfcf6b301639afefc683d107462a52901e1201f2c77dd1e7a006a425f89964b7389585cc6625bbc317ccab9dde7edaf3e8de2becc115c394de2fdc6431,,02/05/2018 03:00:00 PM,30,TRAFFIC SIGNAL,FUNCTIONING PROPERLY,CLEAR,DAYLIGHT,REAR END,NOT DIVIDED,2,STRAIGHT AND LEVEL,SNOW OR SLUSH,NO DEFECTS,NOT ON SCENE (DESK REPORT),NO INJURY / DRIVE AWAY,,,,"$501 - $1,500",02/07/2018 12:33:00 PM,FOLLOWING TOO CLOSELY,CELL PHONE USE OTHER THAN TEXTING,1200,W,87TH ST,613.0,,,,,,,2,NO INDICATION OF INJURY,0.0,0.0,0.0,0.0,0.0,2.0,0.0,15,2,2,41.7360440895,-87.6534042418,POINT (-87.653404241798 41.736044089544)
5b9de199ef290eef31f3ecf4f208a9e2dfd4ebec7c74c08b3c5e5468f58576608a21b2943d9142c15e4512da7ce0edd017c5774693d2ec5fae296bebe0cb8ff8,,12/22/2017 05:35:00 PM,30,UNKNOWN,UNKNOWN,UNKNOWN,UNKNOWN,SIDESWIPE SAME DIRECTION,ONE-WAY,3,STRAIGHT AND LEVEL,DRY,NO DEFECTS,NOT ON SCENE (DESK REPORT),NO INJURY / DRIVE AWAY,N,,,"OVER $1,500",12/22/2017 06:40:00 PM,UNABLE TO DETERMINE,UNABLE TO DETERMINE,3300,S,INDIANA AVE,211.0,,,,,,,2,NO INDICATION OF INJURY,0.0,0.0,0.0,0.0,0.0,2.0,0.0,17,6,12,41.83462545,-87.6219844352,POINT (-87.621984435181 41.834625449983)
01e1fc753c3dd574d670dca9af95d37ac076cf0078835c253d08bcf2c9a624c54fdf6de97e8890b2b60925ffb291607292e817e3bed3e6b638d8fde41c7d7e93,,01/21/2019 07:50:00 AM,30,TRAFFIC SIGNAL,FUNCTIONING PROPERLY,CLOUDY/OVERCAST,DAYLIGHT,TURNING,NOT DIVIDED,4,STRAIGHT AND LEVEL,WET,NO DEFECTS,NOT ON SCENE (DESK REPORT),NO INJURY / DRIVE AWAY,Y,,,"OVER $1,500",01/21/2019 07:52:00 AM,DISREGARDING TRAFFIC SIGNALS,NOT APPLICABLE,100,W,CERMAK RD,131.0,,,,,,,2,NO INDICATION OF INJURY,0.0,0.0,0.0,0.0,0.0,2.0,0.0,7,2,1,41.8529912193,-87.629386933,POINT (-87.629386933044 41.852991219253)
71d81024b0dd9f5aa8d9560c8f18cdb57d2e2bbede51a2574a11f526d0e77eb565982f868f0efdc958084a0d8bee8e947e4d868ac565bcd1c95d2ca4abdd3968,,12/01/2023 01:59:00 PM,30,TRAFFIC SIGNAL,FUNCTIONING PROPERLY,RAIN,DUSK,SIDESWIPE SAME DIRECTION,FOUR WAY,,STRAIGHT AND LEVEL,WET,NO DEFECTS,ON SCENE,NO INJURY / DRIVE AWAY,Y,,,"OVER $1,500",12/01/2023 02:00:00 PM,UNABLE TO DETERMINE,WEATHER,958,N,CICERO AVE,1531.0,,Y,,,,,2,NO INDICATION OF INJURY,0.0,0.0,0.0,0.0,0.0,2.0,0.0,13,6,12,41.8986383737,-87.746036106,POINT (-87.746036105967 41.898638373675)
175c2840524d090837d01f2e43f71ae2cc1fae82f107b0f6453e002a8349ba24c08ad4b2b5d5666857383a21bf6381a39018b4b5e439633b348c630b554d90f1,,12/16/2021 12:55:00 PM,30,TRAFFIC SIGNAL,NO CONTROLS,CLEAR,DAYLIGHT,SIDESWIPE SAME DIRECTION,DIVIDED - W/MEDIAN (NOT RAISED),,STRAIGHT AND LEVEL,DRY,NO DEFECTS,,NO INJURY / DRIVE AWAY,Y,,,"$501 - $1,500",12/16/2021 01:50:00 PM,IMPROPER OVERTAKING/PASSING,NOT APPLICABLE,50,E,CONGRESS PKWY,113.0,,,,,,,2,NO INDICATION OF INJURY,0.0,0.0,0.0,0.0,0.0,4.0,0.0,12,5,12,41.8758025993,-87.6257344123,POINT (-87.625734412266 41.875802599285)
047ba9f77f38425921cc6ee26776dc3c90cfb834d29d4d22867e5141da366cf51dbb6bda041d1f992a136a363853a19d7780bdd358757d05691131d5c12ae8f3,,09/19/2022 08:00:00 AM,30,STOP SIGN/FLASHER,FUNCTIONING PROPERLY,CLEAR,DAYLIGHT,SIDESWIPE OPPOSITE DIRECTION,NOT DIVIDED,,STRAIGHT AND LEVEL,DRY,WORN SURFACE,ON SCENE,NO INJURY / DRIVE AWAY,,,,"OVER $1,500",09/19/2022 11:09:00 AM,IMPROPER LANE USAGE,IMPROPER BACKING,2158,W,HUBBARD ST,1221.0,,,,Y,CONSTRUCTION,Y,2,NO INDICATION OF INJURY,0.0,0.0,0.0,0.0,0.0,2.0,0.0,8,2,9,41.8897534562,-87.6816492875,POINT (-87.681649287523 41.889753456201)
36109d91faa8ab86e6f45cbee959a3c4d617cbcee9996708666bcec97325d120fd71c937cbbbd95053a3983cf60cbb121c6e40d479829577a333b436f2bb9892,,08/16/2023 02:28:00 PM,30,TRAFFIC SIGNAL,FUNCTIONING PROPERLY,CLEAR,DAYLIGHT,SIDESWIPE SAME DIRECTION,CENTER TURN LANE,,STRAIGHT AND LEVEL,DRY,UNKNOWN,ON SCENE,INJURY AND / OR TOW DUE TO CRASH,,,,"$501 - $1,500",08/16/2023 04:00:00 PM,IMPROPER OVERTAKING/PASSING,NOT APPLICABLE,1698,W,ROOSEVELT RD,1231.0,,,,,,,2,"REPORTED, NOT EVIDENT",6.0,0.0,0.0,0.0,6.0,2.0,0.0,14,4,8,41.866968561,-87.6687772592,POINT (-87.668777259235 41.866968560994)
b00845d0713ca7442528f97d9b722f300f037c2153eb90b53f9683f61677d3420a47971a886a0b689650c78fe108eaec5c716577debbafeec602818797011473,,12/09/2024 10:00:00 AM,15,NO CONTROLS,NO CONTROLS,CLEAR,DAYLIGHT,PEDESTRIAN,PARKING LOT,,STRAIGHT AND LEVEL,DRY,NO DEFECTS,ON SCENE,INJURY AND / OR TOW DUE TO CRASH,,,,"OVER $1,500",12/09/2024 10:19:00 AM,UNABLE TO DETERMINE,NOT APPLICABLE,1765,N,ELSTON AVE,1433.0,,,,,,,2,"REPORTED, NOT EVIDENT",1.0,0.0,0.0,0.0,1.0,1.0,0.0,10,2,12,41.914742609,-87.6649783274,POINT (-87.664978327439 41.914742609044)
c5b9b049d91d96376aac8e56d374fb1cc0f7ffd3e7ddf40ab935adbff0640c76dcd0a88628d0754f29396e46523957ef8bd1f7c1685df932eadf5697459c8b32,,03/07/2018 11:10:00 AM,30,NO CONTROLS,NO CONTROLS,CLEAR,DAYLIGHT,SIDESWIPE SAME DIRECTION,ONE-WAY,,STRAIGHT AND LEVEL,DRY,NO DEFECTS,NOT ON SCENE (DESK REPORT),NO INJURY / DRIVE AWAY,,,Y,"$501 - $1,500",03/07/2018 11:45:00 AM,IMPROPER LANE USAGE,UNABLE TO DETERMINE,303,W,MADISON ST,122.0,,,,,,,2,NO INDICATION OF INJURY,0.0,0.0,0.0,0.0,0.0,2.0,0.0,11,4,3,41.8818224938,-87.635436571,POINT (-87.635436571027 41.88182249377)
348288b1085d717837562bc7034d4c2ac9f1ba56e6e4c579d8c7b5861dec7e9999a7da0b813fd537d5e516d5667d3e45f6c788270f8c4ce8d75232312d8ffc7b,,10/30/2018 06:45:00 PM,35,NO CONTROLS,NO CONTROLS,RAIN,"DARKNESS, LIGHTED ROAD",PEDESTRIAN,NOT DIVIDED,6,STRAIGHT AND LEVEL,UNKNOWN,NO DEFECTS,ON SCENE,INJURY AND / OR TOW DUE TO CRASH,,,,"OVER $1,500",10/30/2018 06:50:00 PM,UNABLE TO DETERMINE,UNABLE TO DETERMINE,8109,S,CICERO AVE,834.0,,,,,,,2,NONINCAPACITATING INJURY,1.0,0.0,0.0,1.0,0.0,1.0,0.0,18,3,10,41.7453155588,-87.741077464,POINT (-87.74107746402 41.745315558783)
29491bbb242a941afdc8cb704666021ea9ca21b50d03d962e78ddcaef52bbde31a7214ed5ceec3b8303ed6d0c09bca8a468055bc61bac19b474833ec6370a212,,09/03/2025 05:45:00 PM,30,TRAFFIC SIGNAL,FUNCTIONING PROPERLY,CLEAR,DAYLIGHT,TURNING,NOT DIVIDED,,STRAIGHT AND LEVEL,DRY,NO DEFECTS,NOT ON SCENE (DESK REPORT),NO INJURY / DRIVE AWAY,,,,"OVER $1,500",09/04/2025 04:42:00 PM,IMPROPER TURNING/NO SIGNAL,NOT APPLICABLE,505,W,WASHINGTON BLVD,121.0,,,,,,,2,NO INDICATION OF INJURY,0.0,0.0,0.0,0.0,0.0,3.0,0.0,17,4,9,41.8830714945,-87.6399562648,POINT (-87.639956264793 41.8830714945)
42c9a5a626b2528ccdf7e6ae5a77442c7acbb709a4df703a398be7cc7d27bc2a45fdb39b9754a1723138e1ae9fb46ce88f2fb83b89704d5aeef4f6b3cb9f8cc1,,02/17/2022 10:15:00 AM,30,NO CONTROLS,NO CONTROLS,CLEAR,DAYLIGHT,SIDESWIPE SAME DIRECTION,NOT DIVIDED,,STRAIGHT AND LEVEL,DRY,NO DEFECTS,ON SCENE,INJURY AND / OR TOW DUE TO CRASH,,,,"$501 - $1,500",02/17/2022 10:30:00 AM,UNABLE TO DETERMINE,UNABLE TO DETERMINE,6300,W,IRVING PARK RD,1624.0,,,,,,,3,NO INDICATION OF INJURY,0.0,0.0,0.0,0.0,0.0,3.0,0.0,10,5,2,41.9530561236,-87.7842371542,POINT (-87.784237154195 41.953056123616)
ce9ce875961e13da943ce483441d0ba7a6f2693993489cc8e2a4c17e6dd5f055b07ec9e9d472967886d79ad123cf0ee1b0b2f59c782f6e65cb71f3fd3feab33d,,08/21/2019 09:00:00 PM,30,NO CONTROLS,FUNCTIONING PROPERLY,CLEAR,DARKNESS,PARKED MOTOR VEHICLE,ONE-WAY,,STRAIGHT AND LEVEL,DRY,NO DEFECTS,ON SCENE,NO INJURY / DRIVE AWAY,,,Y,"OVER $1,500",08/21/2019 09:32:00 PM,PHYSICAL CONDITION OF DRIVER,NOT APPLICABLE,2247,S,KILDARE AVE,1013.0,,,,,,,4,NO INDICATION OF INJURY,0.0,0.0,0.0,0.0,0.0,1.0,0.0,21,4,8,41.8500407488,-87.7310578731,POINT (-87.731057873136 41.850040748762)
e2e6bf2fe38a296a74dbef815a71c6cd71b9953eef0ed437a3cdddd9fbdaf487afd84efb4a98174d9509a0e538f7a42f19b5b1aa0b015bb762da22bb8c1c1ab0,,12/04/2016 02:50:00 PM,25,TRAFFIC SIGNAL,FUNCTIONING PROPERLY,SNOW,DAYLIGHT,REAR END,DIVIDED - W/MEDIAN (NOT RAISED),4,STRAIGHT AND LEVEL,SNOW OR SLUSH,NO DEFECTS,NOT ON SCENE (DESK REPORT),NO INJURY / DRIVE AWAY,,,,"$501 - $1,500",12/05/2016 05:23:00 PM,UNABLE TO DETERMINE,UNABLE TO DETERMINE,6900,S,LOOMIS BLVD,734.0,,,,,,,2,NO INDICATION OF INJURY,0.0,0.0,0.0,0.0,0.0,2.0,0.0,14,1,12,41.7685287388,-87.6592095338,POINT (-87.65920953384 41.768528738834)
8f1d6b7b3718bc5f221f4749c5344ee0faa4682582178bcf0ec23699fc62dc9d70cbcccb1aee0c6d99279c4c902799ffc46bf71bc60492aefccfed4630e907c4,,02/08/2021 02:30:00 PM,20,STOP SIGN/FLASHER,FUNCTIONING PROPERLY,SNOW,DAYLIGHT,ANGLE,FOUR WAY,,STRAIGHT AND LEVEL,SNOW OR SLUSH,UNKNOWN,NOT ON SCENE (DESK REPORT),NO INJURY / DRIVE AWAY,,,Y,"OVER $1,500",02/08/2021 07:08:00 PM,UNABLE TO DETERMINE,UNABLE TO DETERMINE,4300,W,ADAMS ST,1115.0,,,,,,,2,NO INDICATION OF INJURY,0.0,0.0,0.0,0.0,0.0,2.0,0.0,14,2,2,41.8779969427,-87.7330552933,POINT (-87.733055293318 41.877996942676)
a87efb0e9b78c8a281c3c74efa1c85f973321992d49e612883718f05ee55bc8ca91dea83ab6983f4198d286c0b3c1b61f62bd799a52e2e7bbe866f067d52efdc,,03/22/2024 05:15:00 PM,10,NO CONTROLS,NO CONTROLS,FREEZING RAIN/DRIZZLE,DAYLIGHT,ANGLE,T-INTERSECTION,,STRAIGHT AND LEVEL,SNOW OR SLUSH,NO DEFECTS,ON SCENE,NO INJURY / DRIVE AWAY,Y,,,"$501 - $1,500",03/22/2024 05:20:00 PM,WEATHER,NOT APPLICABLE,1630,W,119TH ST,2234.0,,,,,,,2,NO INDICATION OF INJURY,0.0,0.0,0.0,0.0,0.0,3.0,0.0,17,6,3,41.6776306491,-87.6624507112,POINT (-87.662450711185 41.677630649115)
fdb73d8a03368435eecadd6685af4264b1b529dd503d9470f62cab639514154876d1b1168d92927b904a8804f08f4d4c1e81c1be1ae407972625e9807d9c4a9e,,04/26/2019 07:50:00 AM,25,NO CONTROLS,NO CONTROLS,CLEAR,DAYLIGHT,ANGLE,NOT DIVIDED,,STRAIGHT AND LEVEL,DRY,NO DEFECTS,ON SCENE,INJURY AND / OR TOW DUE TO CRASH,,,,"OVER $1,500",04/26/2019 09:10:00 AM,IMPROPER OVERTAKING/PASSING,NOT APPLICABLE,101,S,ABERDEEN ST,1232.0,,,,,,,2,NO INDICATION OF INJURY,0.0,0.0,0.0,0.0,0.0,2.0,0.0,7,6,4,41.8803081123,-87.6545092345,POINT (-87.654509234483 41.88030811226)
d0313de0191d3035f1c380208a523d804fd7971e839fbc99b2cae950332a218fd4c2dcd9d3bb608e747d50806bced9e4bc8b0ec6b47b6ad5f8cc7976c1ff380d,,01/31/2021 01:17:00 PM,30,NO CONTROLS,NO CONTROLS,SNOW,DAYLIGHT,PARKED MOTOR VEHICLE,ONE-WAY,,STRAIGHT AND LEVEL,SNOW OR SLUSH,NO DEFECTS,ON SCENE,NO INJURY / DRIVE AWAY,,,Y,"OVER $1,500",01/31/2021 01:30:00 PM,FAILING TO REDUCE SPEED TO AVOID CRASH,NOT APPLICABLE,1720,N,KEATING AVE,2533.0,,,,,,,6,NO INDICATION OF INJURY,0.0,0.0,0.0,0.0,0.0,1.0,0.0,13,1,1,41.912119125,-87.7448832932,POINT (-87.744883293236 41.912119125043)
319826a7fd5c8c354807871b412718b5b79063bd195a1362025200af39ccb9d1a169cba9c3e9ffe31f87b17da589292036346cc95fc32b1385c10be1b6e4b3f1,,07/03/2023 12:04:00 PM,30,NO CONTROLS,NO CONTROLS,CLEAR,DAYLIGHT,SIDESWIPE SAME DIRECTION,NOT DIVIDED,,STRAIGHT AND LEVEL,DRY,NO DEFECTS,NOT ON SCENE (DESK REPORT),NO INJURY / DRIVE AWAY,,,,"$501 - $1,500",07/03/2023 01:03:00 PM,IMPROPER OVERTAKING/PASSING,NOT APPLICABLE,7600,S,PULASKI RD,833.0,,,,,,,2,NO INDICATION OF INJURY,0.0,0.0,0.0,0.0,0.0,3.0,0.0,12,2,7,41.7550442797,-87.722315514,POINT (-87.722315514022 41.755044279733)
5aa0be3b441e23d526a8d56347d10aacf93a8dc7d71f5c81c6df10ddcd46969240cfc9026a2a18acdd0d7f7e94a86f4bb4c9457d3f3903916cb88557a9ade670,,05/23/2019 08:00:00 AM,30,NO CONTROLS,NO CONTROLS,CLEAR,DAYLIGHT,PEDALCYCLIST,DRIVEWAY,,STRAIGHT AND LEVEL,DRY,NO DEFECTS,ON SCENE,INJURY AND / OR TOW DUE TO CRASH,,,,$500 OR LESS,05/23/2019 08:05:00 AM,NOT APPLICABLE,NOT APPLICABLE,5454,N,HARLEM AVE,1613.0,,,,,,,2,NONINCAPACITATING INJURY,1.0,0.0,0.0,1.0,0.0,1.0,0.0,8,5,5,41.9798362743,-87.8071274172,POINT (-87.807127417247 41.979836274251)
b6a6730344f8c20912f0095198f2966fd0d3fbd234a1873d07ff4140cc56325d3bb9947c5708615a10d50345e667db9218482731944f90b600d143cb62650fa1,,04/15/2021 07:30:00 PM,15,NO CONTROLS,NO CONTROLS,CLEAR,DUSK,PARKED MOTOR VEHICLE,PARKING LOT,,STRAIGHT AND LEVEL,DRY,NO DEFECTS,ON SCENE,NO INJURY / DRIVE AWAY,,,Y,"$501 - $1,500",04/15/2021 08:00:00 PM,UNABLE TO DETERMINE,UNABLE TO DETERMINE,1638,S,INDIANA AVE,132.0,,,,,,,2,NO INDICATION OF INJURY,0.0,0.0,0.0,0.0,0.0,1.0,0.0,19,5,4,41.8592940599,-87.6225044514,POINT (-87.622504451433 41.859294059907)
8fc583f5dff54d044fe9af7bb88e5bc6af9bcf0f9b5a6442ac885147bc3de9bd8d865c629affc392674fcf96d20fb13c66e202d0edf39282e384143fea32ab8d,,11/12/2017 04:00:00 PM,30,NO CONTROLS,NO CONTROLS,RAIN,DUSK,PARKED MOTOR VEHICLE,ONE-WAY,1,STRAIGHT AND LEVEL,WET,NO DEFECTS,ON SCENE,INJURY AND / OR TOW DUE TO CRASH,,,,"OVER $1,500",11/12/2017 04:02:00 PM,UNABLE TO DETERMINE,NOT APPLICABLE,1323,N,WASHTENAW AVE,1423.0,,,,,,,2,NO INDICATION OF INJURY,0.0,0.0,0.0,0.0,0.0,1.0,0.0,16,1,11,41.9055742058,-87.6943364507,POINT (-87.694336450666 41.905574205778)
6438c123861cccf3c59ada15c46b5e5ed95d556074084b9cd9db6d998b9a3d78f986e53cf8ce557096e685f5f58a5081a10967b9d2c4879a8822069d681d5bed,,03/19/2022 02:00:00 PM,30,STOP SIGN/FLASHER,FUNCTIONING PROPERLY,RAIN,DAYLIGHT,ANGLE,ONE-WAY,,STRAIGHT AND LEVEL,WET,NO DEFECTS,ON SCENE,INJURY AND / OR TOW DUE TO CRASH,Y,,,"OVER $1,500",03/19/2022 04:51:00 PM,DISREGARDING STOP SIGN,FAILING TO REDUCE SPEED TO AVOID CRASH,8400,S,MICHIGAN AVE,632.0,,,,,,,2,NONINCAPACITATING INJURY,2.0,0.0,0.0,2.0,0.0,0.0,0.0,14,7,3,41.7417883646,-87.6212815652,POINT (-87.621281565184 41.741788364596)
4228995f4fd6dbfe4bd6cfa303e633b07626d0663ee8e72d90155ebfaa0c3047f78bbcee72d12bbabe3e86f9d33ee1eb5ec04b0e647ced1720a72f6fd993bb91,,10/31/2023 03:50:00 PM,20,STOP SIGN/FLASHER,FUNCTIONING PROPERLY,OTHER,DAYLIGHT,SIDESWIPE SAME DIRECTION,ONE-WAY,,STRAIGHT AND LEVEL,WET,UNKNOWN,NOT ON SCENE (DESK REPORT),NO INJURY / DRIVE AWAY,,,Y,"OVER $1,500",10/31/2023 04:50:00 PM,UNABLE TO DETERMINE,NOT APPLICABLE,5231,W,PALMER ST,2515.0,,,,,,,2,NO INDICATION OF INJURY,0.0,0.0,0.0,0.0,0.0,3.0,0.0,15,3,10,41.9203312463,-87.7573276842,POINT (-87.757327684162 41.92033124633)
928312b2221f910cc1e6d84170eb438731c8b316c3ccc5b66fa673dd89dca199663f0758a46c6c9422276bdc823045ade6e238c65e674f8c852276b0e462aabf,,12/24/2021 12:00:00 PM,30,TRAFFIC SIGNAL,FUNCTIONING PROPERLY,CLEAR,DAYLIGHT,TURNING,FOUR WAY,,STRAIGHT AND LEVEL,DRY,NO DEFECTS,NOT ON SCENE (DESK REPORT),NO INJURY / DRIVE AWAY,,,,"OVER $1,500",12/24/2021 12:30:00 PM,IMPROPER TURNING/NO SIGNAL,UNABLE TO DETERMINE,1545,W,NORTH AVE,1433.0,,,,,,,2,NO INDICATION OF INJURY,0.0,0.0,0.0,0.0,0.0,2.0,0.0,12,6,12,41.910530014,-87.667050586,POINT (-87.66705058601 41.910530014022)
2243b8ecdc7bfdad4539021b43787fb8590b72c44de656906f10982cc2ea7378373a72e343a0969bef68359d9b99bcca70bf756eabca29c8ef0ef2db5609abe7,,11/27/2019 10:38:00 PM,30,YIELD,UNKNOWN,CLEAR,"DARKNESS, LIGHTED ROAD",OTHER OBJECT,UNKNOWN,,STRAIGHT AND LEVEL,DRY,NO DEFECTS,ON SCENE,INJURY AND / OR TOW DUE TO CRASH,,,Y,"OVER $1,500",11/27/2019 10:39:00 PM,UNABLE TO DETERMINE,NOT APPLICABLE,2921,W,80TH ST,835.0,,,,,,,3,NO INDICATION OF INJURY,0.0,0.0,0.0,0.0,0.0,4.0,0.0,22,4,11,41.7479703378,-87.6959213066,POINT (-87.695921306606 41.747970337841)
57142554d36b6e70e4f22dfe7befc0f7bb27ba04240565f67d3bb4ea3beda151ecdc41133c12ba8443e409fa8ab39f9eeb8c89d0bcb4a6d05378947a1dedf82b,,11/13/2020 05:25:00 PM,30,NO CONTROLS,NO CONTROLS,CLEAR,"DARKNESS, LIGHTED ROAD",REAR END,NOT DIVIDED,,STRAIGHT AND LEVEL,DRY,NO DEFECTS,NOT ON SCENE (DESK REPORT),NO INJURY / DRIVE AWAY,,,,"OVER $1,500",11/15/2020 12:20:00 PM,UNABLE TO DETERMINE,UNABLE TO DETERMINE,5306,N,CUMBERLAND AVE,1614.0,,,,,,,2,NO INDICATION OF INJURY,0.0,0.0,0.0,0.0,0.0,3.0,0.0,17,6,11,41.975896418,-87.8367699249,POINT (-87.836769924905 41.975896418005)
9993ba58e59d0e3d4691a171a25b6c464e17b1525b5b0f9f89e0d347fee28af6c4547a02f315db53d9f962ae2073a88bc13c1bee8b1479d3bd4edd3e7be298a8,,03/11/2025 09:00:00 AM,30,UNKNOWN,UNKNOWN,CLEAR,DAYLIGHT,REAR END,DIVIDED - W/MEDIAN (NOT RAISED),,STRAIGHT AND LEVEL,UNKNOWN,UNKNOWN,NOT ON SCENE (DESK REPORT),NO INJURY / DRIVE AWAY,,,Y,$500 OR LESS,03/11/2025 09:20:00 AM,FOLLOWING TOO CLOSELY,FOLLOWING TOO CLOSELY,1400,N,HALSTED ST,1822.0,,,,,,,2,NO INDICATION OF INJURY,0.0,0.0,0.0,0.0,0.0,2.0,0.0,9,3,3,41.9064302222,-87.6483055675,POINT (-87.648305567508 41.906430222229)
e5adf706ff91165a3419123874706f8c6524515b8892393343ea5e5e7357289a40c32b8076fd2bbaf097b7ed360d6570719709341580662ceb36aa6d81467d9b,,11/11/2023 03:45:00 PM,30,NO CONTROLS,NO CONTROLS,CLEAR,DAYLIGHT,SIDESWIPE OPPOSITE DIRECTION,OTHER,,STRAIGHT AND LEVEL,DRY,UNKNOWN,NOT ON SCENE (DESK REPORT),NO INJURY / DRIVE AWAY,,Y,,"OVER $1,500",11/11/2023 04:25:00 PM,DRIVING SKILLS/KNOWLEDGE/EXPERIENCE,DRIVING SKILLS/KNOWLEDGE/EXPERIENCE,4300,S,STATE ST,215.0,,,,,,,2,NO INDICATION OF INJURY,0.0,0.0,0.0,0.0,0.0,2.0,0.0,15,7,11,41.8163958339,-87.6264128943,POINT (-87.626412894288 41.816395833928)
15987eb5f37e8ea16b7fa0b64dfa5f0b0eb7e1047ca9aa86868a543367b343169b702bf3910c986ad8ce1f96992b767e7a3d93f91abcf0c36ce5344feb987867,Y,07/10/2016 04:00:00 AM,25,NO CONTROLS,NO CONTROLS,CLEAR,"DARKNESS, LIGHTED ROAD",PARKED MOTOR VEHICLE,ONE-WAY,1,STRAIGHT AND LEVEL,DRY,NO DEFECTS,NOT ON SCENE (DESK REPORT),NO INJURY / DRIVE AWAY,,,Y,"OVER $1,500",07/10/2016 11:45:00 AM,UNABLE TO DETERMINE,NOT APPLICABLE,1034,N,LOCKWOOD AVE,1524.0,,,,,,,2,NO INDICATION OF INJURY,0.0,0.0,0.0,0.0,0.0,1.0,0.0,4,1,7,41.8996197428,-87.7583226719,POINT (-87.758322671855 41.899619742753)