CRASH_RECORD_ID,CRASH_DATE_EST_I,CRASH_DATE,POSTED_SPEED_LIMIT,TRAFFIC_CONTROL_DEVICE,DEVICE_CONDITION,WEATHER_CONDITION,LIGHTING_CONDITION,FIRST_CRASH_TYPE,TRAFFICWAY_TYPE,LANE_CNT,ALIGNMENT,ROADWAY_SURFACE_COND,ROAD_DEFECT,REPORT_TYPE,CRASH_TYPE,INTERSECTION_RELATED_I,NOT_RIGHT_OF_WAY_I,HIT_AND_RUN_I,DAMAGE,DATE_POLICE_NOTIFIED,PRIM_CONTRIBUTORY_CAUSE,SEC_CONTRIBUTORY_CAUSE,STREET_NO,STREET_DIRECTION,STREET_NAME,BEAT_OF_OCCURRENCE,PHOTOS_TAKEN_I,STATEMENTS_TAKEN_I,DOORING_I,WORK_ZONE_I,WORK_ZONE_TYPE,WORKERS_PRESENT_I,NUM_UNITS,MOST_SEVERE_INJURY,INJURIES_TOTAL,INJURIES_FATAL,INJURIES_INCAPACITATING,INJURIES_NON_INCAPACITATING,INJURIES_REPORTED_NOT_EVIDENT,INJURIES_NO_INDICATION,INJURIES_UNKNOWN,CRASH_HOUR,CRASH_DAY_OF_WEEK,CRASH_MONTH,LATITUDE,LONGITUDE,LOCATION
05c1d66a06ff027b544803d03b49a7d8b487ea31b321870734e8576a8c4d6dc48036d8b6baa1cd87cec1aab2a7b366a51bc3fc08492ffbd1de1aadb5f0ebc91b,,12/23/2023 05:26:00 PM,30,OTHER,FUNCTIONING PROPERLY,CLEAR,DARKNESS,PARKED MOTOR VEHICLE,NOT DIVIDED,,STRAIGHT AND LEVEL,DRY,UNKNOWN,,INJURY AND / OR TOW DUE TO CRASH,,,,"OVER $1,500",12/23/2023 05:39:00 PM,FAILING TO REDUCE SPEED TO AVOID CRASH,DISTRACTION - FROM INSIDE VEHICLE,7549,W,IRVING PARK RD,1631.0,,,,,,,2,NO INDICATION OF INJURY,0.0,0.0,0.0,0.0,0.0,1.0,0.0,17,7,12,41.9524355074,-87.8165800359,POINT (-87.816580035938 41.952435507368)
185419b485564cbed0c43cea1992dc10c536da15f0003cc2a5c1308df5e12c59df4ef0a32ec2f31b93ab0ffc8e3383038bd1a390592e81b3c2aa8c1534bd30dc,,07/11/2017 07:30:00 AM,25,NO CONTROLS,NO CONTROLS,CLEAR,DAYLIGHT,PARKED MOTOR VEHICLE,ONE-WAY,1,STRAIGHT AND LEVEL,DRY,NO DEFECTS,NOT ON SCENE (DESK REPORT),NO INJURY / DRIVE AWAY,,,Y,"$501 - $1,500",07/12/2017 07:17:00 PM,UNABLE TO DETERMINE,UNABLE TO DETERMINE,6640,S,SACRAMENTO AVE,831.0,,,,,,,2,NO INDICATION OF INJURY,0.0,0.0,0.0,0.0,0.0,1.0,0.0,7,3,7,41.7723485925,-87.6982418309,POINT (-87.698241830909 41.77234859247)
14d3b0d54b0bdfb3d26e511e51f04dd3679683244f7e9d14387237bc30caa2fd2caa96daaa35158bcc5fa1693de8097fa3be48fb1ed237347069c03af279d5ca,,02/13/2016 11:05:00 AM,30,NO CONTROLS,NO CONTROLS,CLEAR,DAYLIGHT,SIDESWIPE SAME DIRECTION,NOT DIVIDED,2,STRAIGHT AND LEVEL,DRY,NO DEFECTS,NOT ON SCENE (DESK REPORT),INJURY AND / OR TOW DUE TO CRASH,,,,"OVER $1,500",02/13/2016 11:32:00 AM,UNABLE TO DETERMINE,UNABLE TO DETERMINE,4455,W,JACKSON BLVD,1131.0,,,,,,,2,"REPORTED, NOT EVIDENT",1.0,0.0,0.0,0.0,1.0,2.0,0.0,11,7,2,41.8768299444,-87.7375203036,POINT (-87.737520303612 41.876829944386)
9a0de4fed82418d8f5751ecd9ec3121af483b305bceca76de486e334b60ae1874de67b48c13b6f02aff66e4ce29b3d69262264421448f6c500e304b42b955a00,,05/30/2025 03:21:00 PM,30,TRAFFIC SIGNAL,NO CONTROLS,CLEAR,DAYLIGHT,PEDESTRIAN,FOUR WAY,,STRAIGHT AND LEVEL,DRY,NO DEFECTS,ON SCENE,INJURY AND / OR TOW DUE TO CRASH,Y,,N,"OVER $1,500",05/30/2025 03:25:00 PM,UNABLE TO DETERMINE,UNABLE TO DETERMINE,6100,S,COTTAGE GROVE AVE,313.0,,,,,,,2,NONINCAPACITATING INJURY,1.0,0.0,0.0,1.0,0.0,1.0,0.0,15,6,5,41.7839643653,-87.6061537907,POINT (-87.606153790698 41.783964365307)
605bba96127d96ee4712750c83ed0520f659a6db7603dca97dd36fbb15c0bea188002e4deb46c30ca2d1ae188ccf69ad8b83c80880282dd430e487d41ea50d79,,10/24/2023 08:00:00 PM,30,NO CONTROLS,NO CONTROLS,CLEAR,DARKNESS,PARKED MOTOR VEHICLE,DIVIDED - W/MEDIAN (NOT RAISED),,STRAIGHT AND LEVEL,DRY,NO DEFECTS,NOT ON SCENE (DESK REPORT),NO INJURY / DRIVE AWAY,,,,"OVER $1,500",10/24/2023 09:00:00 PM,UNDER THE INFLUENCE OF ALCOHOL/DRUGS (USE WHEN ARREST IS EFFECTED),PHYSICAL CONDITION OF DRIVER,118,N,KOSTNER AVE,1113.0,,,,,,,2,NO INDICATION OF INJURY,0.0,0.0,0.0,0.0,0.0,1.0,0.0,20,3,10,41.8826190374,-87.7356861554,POINT (-87.735686155405 41.882619037442)
ceb6ffbe902b69f3797fa6643b7e3d1bb29b9a3d58b48c2b96e108ec4e97b7e21ea56740e75dd011523fc5014c724d975760c4d5160df1edc477c5cc8fe7a86f,,02/19/2021 01:30:00 PM,30,NO CONTROLS,NO CONTROLS,UNKNOWN,DAYLIGHT,REAR TO SIDE,PARKING LOT,,STRAIGHT AND LEVEL,SNOW OR SLUSH,UNKNOWN,NOT ON SCENE (DESK REPORT),NO INJURY / DRIVE AWAY,,,N,"OVER $1,500",02/21/2021 11:15:00 AM,UNABLE TO DETERMINE,UNABLE TO DETERMINE,6601,W,IRVING PARK RD,1632.0,,,,,,,2,NO INDICATION OF INJURY,0.0,0.0,0.0,0.0,0.0,2.0,0.0,13,6,2,41.9527216579,-87.7913622126,POINT (-87.791362212628 41.952721657949)
1171e7c2ec9215a71b7c6b829673f20de5b7aa058c587ca6c2664ecf18a6ea8a6e16c2f4e3eb93dfd7923fbaaec2b6fcacd3c95f68530c5583bfcf65f179ac01,,09/17/2020 12:21:00 PM,30,NO CONTROLS,NO CONTROLS,CLEAR,DAYLIGHT,TURNING,DIVIDED - W/MEDIAN (NOT RAISED),,STRAIGHT AND LEVEL,DRY,NO DEFECTS,ON SCENE,INJURY AND / OR TOW DUE TO CRASH,Y,,,"OVER $1,500",09/17/2020 12:25:00 PM,UNABLE TO DETERMINE,UNABLE TO DETERMINE,5748,S,ARCHER AVE,814.0,,,,,,,2,"REPORTED, NOT EVIDENT",1.0,0.0,0.0,0.0,1.0,1.0,0.0,12,5,9,41.796771115,-87.7562744135,POINT (-87.756274413456 41.796771115001)
23de33427fe2865ac15ed9d19afa618a5b0163be65c334993d48f1f06ec51bdd8126109f4ade9f9f93f3fc06f92d38ecaf535df869451a80940bb82c4a3b6377,,08/15/2018 01:00:00 PM,30,STOP SIGN/FLASHER,NO CONTROLS,CLEAR,DAYLIGHT,ANGLE,NOT DIVIDED,,STRAIGHT AND LEVEL,DRY,NO DEFECTS,NOT ON SCENE (DESK REPORT),INJURY AND / OR TOW DUE TO CRASH,Y,,,"OVER $1,500",08/15/2018 01:10:00 PM,FAILING TO YIELD RIGHT-OF-WAY,NOT APPLICABLE,1799,W,CONGRESS PKWY,1231.0,,,,,,,2,NONINCAPACITATING INJURY,1.0,0.0,0.0,1.0,0.0,1.0,0.0,13,4,8,41.8749901865,-87.6714868745,POINT (-87.671486874529 41.87499018653)
066200be71b792d11c0e32aada2f6c8e1dfdc24910147ac5138aa69fe66ac71b4972572738ee6d5e3ab033ae646bf4a6a1d0a39123e4843856f9294d77356844,,01/18/2023 12:21:00 PM,30,UNKNOWN,UNKNOWN,CLEAR,DAYLIGHT,TURNING,NOT DIVIDED,,STRAIGHT AND LEVEL,DRY,UNKNOWN,ON SCENE,NO INJURY / DRIVE AWAY,,,,"OVER $1,500",01/18/2023 12:54:00 PM,NOT APPLICABLE,NOT APPLICABLE,2033,W,GRACE ST,1921.0,,,,,,,2,NO INDICATION OF INJURY,0.0,0.0,0.0,0.0,0.0,2.0,0.0,12,4,1,41.9503825776,-87.6800690275,POINT (-87.680069027466 41.950382577588)
4e3c5b64cf30e6e8aa110ae1b9740b012ad63258828ed4424863381db485b3bf3e48a1857da7446a4d9ae1162547a576cc6b971a49b48408e78169c10905cbdb,,02/05/2021 09:15:00 AM,30,NO CONTROLS,NO CONTROLS,CLEAR,DAYLIGHT,TURNING,DIVIDED - W/MEDIAN (NOT RAISED),,STRAIGHT AND LEVEL,SNOW OR SLUSH,NO DEFECTS,ON SCENE,NO INJURY / DRIVE AWAY,Y,,,"OVER $1,500",02/05/2021 09:18:00 AM,FAILING TO YIELD RIGHT-OF-WAY,NOT APPLICABLE,7700,S,SOUTH SHORE DR,421.0,,,,,,,2,NO INDICATION OF INJURY,0.0,0.0,0.0,0.0,0.0,2.0,0.0,9,6,2,41.7569151775,-87.553534773,POINT (-87.553534773022 41.756915177471)
02671ccaa8ccfdf73164d2027eca93bca4b983c77aa5f9454c1ed91fcf0c8005f41de446663f05e61c217568e05ff834cd136237f0736fb8ec6b588d47e3aad7,,09/10/2024 08:00:00 PM,30,NO CONTROLS,NO CONTROLS,CLEAR,"DARKNESS, LIGHTED ROAD",SIDESWIPE SAME DIRECTION,DIVIDED - W/MEDIAN BARRIER,,STRAIGHT AND LEVEL,DRY,UNKNOWN,NOT ON SCENE (DESK REPORT),NO INJURY / DRIVE AWAY,,,,"OVER $1,500",09/10/2024 09:25:00 PM,IMPROPER OVERTAKING/PASSING,NOT APPLICABLE,470,S,LAKE SHORE DR NB,114.0,,,,,,,2,NO INDICATION OF INJURY,0.0,0.0,0.0,0.0,0.0,2.0,0.0,20,3,9,41.8758845694,-87.6175186446,POINT (-87.617518644645 41.875884569428)
7d22e27f5a118744e89d46cb1f25adb4a77dc471de554dd31c859101b59e35352950f8b3d830c873d94da6959a3bb39b2e0a5e288cc7d29b32f575eb9e6ddb90,,05/04/2023 12:59:00 PM,30,NO CONTROLS,NO CONTROLS,CLEAR,DAYLIGHT,REAR END,DIVIDED - W/MEDIAN (NOT RAISED),,STRAIGHT AND LEVEL,DRY,NO DEFECTS,NOT ON SCENE (DESK REPORT),NO INJURY / DRIVE AWAY,,,Y,"OVER $1,500",05/04/2023 02:17:00 PM,FOLLOWING TOO CLOSELY,NOT APPLICABLE,1708,N,LARAMIE AVE,2532.0,,,,,,,2,NO INDICATION OF INJURY,0.0,0.0,0.0,0.0,0.0,3.0,0.0,12,5,5,41.911613565,-87.7558860449,POINT (-87.755886044884 41.911613565024)
5f8f8726654ded1d20bb324c9c018a3e7bf8d6e6bb2012c0c3de5319205800bc35c1c90f98c149997fedb12457be24127ff54e4f749e651e7a09724ef1f3b7dd,,12/14/2017 07:00:00 PM,30,NO CONTROLS,NO CONTROLS,CLOUDY/OVERCAST,"DARKNESS, LIGHTED ROAD",OTHER OBJECT,NOT DIVIDED,2,STRAIGHT ON GRADE,"SAND, MUD, DIRT","RUT, HOLES",NOT ON SCENE (DESK REPORT),NO INJURY / DRIVE AWAY,,,,"OVER $1,500",12/16/2017 02:30:00 PM,UNABLE TO DETERMINE,UNABLE TO DETERMINE,2020,W,101ST ST,2213.0,,,,Y,UNKNOWN,,1,NO INDICATION OF INJURY,0.0,0.0,0.0,0.0,0.0,1.0,0.0,19,5,12,41.7102810005,-87.6729625951,POINT (-87.672962595078 41.710281000515)
c360f384aca3cd9a669d078065843c89fafa5a15dea9b7c2b9d9f86ffcc4a74e09f1e58e0b4e63f4f8b34b49eb2cff27999fd31f4cd4884c0ec238356b555b3f,,01/23/2023 12:38:00 PM,30,NO CONTROLS,NO CONTROLS,CLEAR,DAYLIGHT,SIDESWIPE SAME DIRECTION,NOT DIVIDED,,STRAIGHT AND LEVEL,DRY,NO DEFECTS,NOT ON SCENE (DESK REPORT),NO INJURY / DRIVE AWAY,,,Y,"$501 - $1,500",01/23/2023 01:08:00 PM,"OPERATING VEHICLE IN ERRATIC, RECKLESS, CARELESS, NEGLIGENT OR AGGRESSIVE MANNER",NOT APPLICABLE,6701,S,CICERO AVE,833.0,,,,,,,2,NO INDICATION OF INJURY,0.0,0.0,0.0,0.0,0.0,2.0,0.0,12,2,1,41.7710448011,-87.7419056317,POINT (-87.741905631651 41.771044801146)
29f495b587c7ef311c1560735f39412a2653f991a408061109d1dee0eea977169192d3d41d35e95927299b9cdb673b1d9c36ec11fdf47355e3179f4297114131,,05/01/2018 03:50:00 PM,30,NO CONTROLS,NO CONTROLS,CLEAR,DAYLIGHT,ANGLE,ONE-WAY,,STRAIGHT AND LEVEL,DRY,NO DEFECTS,ON SCENE,INJURY AND / OR TOW DUE TO CRASH,,,,"OVER $1,500",05/01/2018 03:58:00 PM,FAILING TO YIELD RIGHT-OF-WAY,"VISION OBSCURED (SIGNS, TREE LIMBS, BUILDINGS, ETC.)",3942,W,CORNELIA AVE,1732.0,,Y,,,,,2,NO INDICATION OF INJURY,0.0,0.0,0.0,0.0,0.0,2.0,0.0,15,3,5,41.9446724637,-87.7266579488,POINT (-87.726657948818 41.944672463663)
2af1e9d1a687b1776b03bf8f975dc347f91cf150fc4affd364f528eb6c8ba4e3581ae81622d265e7e4067e244cc8bc72abab2bd3406c5e2cc6df6f4a9b9a35e3,Y,04/30/2018 09:20:00 AM,30,STOP SIGN/FLASHER,FUNCTIONING PROPERLY,CLEAR,DAYLIGHT,ANGLE,NOT DIVIDED,2,STRAIGHT AND LEVEL,DRY,NO DEFECTS,NOT ON SCENE (DESK REPORT),NO INJURY / DRIVE AWAY,Y,,,"OVER $1,500",04/30/2018 09:40:00 AM,DISREGARDING STOP SIGN,NOT APPLICABLE,500,W,80TH ST,621.0,,,,,,,2,NO INDICATION OF INJURY,0.0,0.0,0.0,0.0,0.0,2.0,0.0,9,2,4,41.7490266148,-87.6367425324,POINT (-87.636742532401 41.749026614763)
d5dde84855e486cd58cab120c12a48a8b2e66d867521f08eeec65bda59d2a46221d41c21f3e8ba027ede8dd1caa6bff0e2d299344183b29b56e12f2ff0d0701a,,07/15/2018 10:30:00 AM,10,NO CONTROLS,NO CONTROLS,CLEAR,DAYLIGHT,PARKED MOTOR VEHICLE,PARKING LOT,,STRAIGHT AND LEVEL,DRY,UNKNOWN,NOT ON SCENE (DESK REPORT),NO INJURY / DRIVE AWAY,,,,"$501 - $1,500",07/15/2018 06:13:00 PM,UNABLE TO DETERMINE,NOT APPLICABLE,609,S,STATE ST,123.0,,,,,,,2,NO INDICATION OF INJURY,0.0,0.0,0.0,0.0,0.0,1.0,0.0,10,1,7,41.8743089032,-87.6274586596,POINT (-87.627458659561 41.874308903227)
c0b3a78fe742b3f158d21816859099d2babf19e0f26d6a4043dbff57b7105b67a0d344caa1f980b99c08ba6d6b51a9c4bcb11186188ced8bc79a61842c9845b0,,08/06/2019 05:23:00 PM,30,STOP SIGN/FLASHER,FUNCTIONING PROPERLY,CLEAR,DAYLIGHT,ANGLE,FOUR WAY,,STRAIGHT AND LEVEL,DRY,NO DEFECTS,ON SCENE,NO INJURY / DRIVE AWAY,Y,,,"OVER $1,500",08/06/2019 05:47:00 PM,FAILING TO YIELD RIGHT-OF-WAY,NOT APPLICABLE,300,E,69TH ST,322.0,,,,,,,2,NO INDICATION OF INJURY,0.0,0.0,0.0,0.0,0.0,2.0,0.0,17,3,8,41.7693902451,-87.6185473646,POINT (-87.618547364616 41.769390245103)
d3b5686cd158f859321993137307806c5242ebc58f40921140cb822912356e8387187690b4025616b1d78042b1a9ee877867d35a703043a92e2003806bba86d3,,03/17/2022 07:56:00 AM,20,NO CONTROLS,OTHER,CLEAR,DAYLIGHT,PARKED MOTOR VEHICLE,NOT DIVIDED,,STRAIGHT AND LEVEL,DRY,NO DEFECTS,ON SCENE,NO INJURY / DRIVE AWAY,,,Y,"OVER $1,500",03/17/2022 07:56:00 AM,UNABLE TO DETERMINE,NOT APPLICABLE,7244,S,ELLIS AVE,324.0,,,,,,,2,NO INDICATION OF INJURY,0.0,0.0,0.0,0.0,0.0,1.0,0.0,7,5,3,41.7627693618,-87.6007669761,POINT (-87.600766976111 41.762769361801)
ace9dcd32970a279635d5999fa5eb37d35cf4a0fd593c6f242776261e46f866658c630d71b0779932279b7d2d52118c46000bc0a88c92b13fc5008988a550a0e,,01/18/2017 04:40:00 PM,30,NO CONTROLS,NO CONTROLS,CLEAR,"DARKNESS, LIGHTED ROAD",SIDESWIPE SAME DIRECTION,OTHER,3,STRAIGHT AND LEVEL,DRY,NO DEFECTS,NOT ON SCENE (DESK REPORT),NO INJURY / DRIVE AWAY,,,,"$501 - $1,500",01/18/2017 05:50:00 PM,UNABLE TO DETERMINE,NOT APPLICABLE,630,N,MICHIGAN AVE,1834.0,,,,,,,2,NO INDICATION OF INJURY,0.0,0.0,0.0,0.0,0.0,3.0,0.0,16,4,1,41.8934927968,-87.6243658542,POINT (-87.624365854157 41.89349279675)
0c1827cc1b9482c75462def8ccdf18e2cb87ed112091cc08d59d4e3581010a96cc6312bdc9f0506ae4cb7bab97fb50503352ed9520e01a84c998a17624f3d545,,04/30/2025 02:04:00 AM,30,NO CONTROLS,NO CONTROLS,CLEAR,"DARKNESS, LIGHTED ROAD",OTHER OBJECT,NOT DIVIDED,,STRAIGHT AND LEVEL,DRY,UNKNOWN,ON SCENE,INJURY AND / OR TOW DUE TO CRASH,,,Y,$500 OR LESS,04/30/2025 03:17:00 AM,"OPERATING VEHICLE IN ERRATIC, RECKLESS, CARELESS, NEGLIGENT OR AGGRESSIVE MANNER",FAILING TO REDUCE SPEED TO AVOID CRASH,2232,W,MONROE ST,1223.0,,,,,,,1,NONINCAPACITATING INJURY,1.0,0.0,0.0,1.0,0.0,2.0,0.0,2,4,4,41.8800190499,-87.6827654708,POINT (-87.682765470846 41.880019049921)
812d42082142ab4b3d34ca5bb8ea10f533739640813d6173b870c6b925061522f3e5194fed122a4de7949493d05fdd3e392a6478cd28be6b273bd040491f85b6,,01/30/2019 10:02:00 AM,30,TRAFFIC SIGNAL,UNKNOWN,OTHER,DAYLIGHT,PEDESTRIAN,DIVIDED - W/MEDIAN (NOT RAISED),2,STRAIGHT AND LEVEL,ICE,UNKNOWN,ON SCENE,INJURY AND / OR TOW DUE TO CRASH,Y,,Y,$500 OR LESS,01/30/2019 10:20:00 AM,FAILING TO YIELD RIGHT-OF-WAY,DISREGARDING TRAFFIC SIGNALS,799,E,79TH ST,624.0,,,,,,,2,INCAPACITATING INJURY,1.0,0.0,1.0,0.0,0.0,1.0,0.0,10,4,1,41.751175615,-87.6052736537,POINT (-87.60527365367 41.751175614967)
7a2c01b3031a6b18ea8ee058b0f37122382760f83cea686efb821c0e8e18e64ff0806567d8aff8d7a4e5d3eb382c9213d6b14495dff6027c18687132ea0d8adc,,10/16/2020 12:30:00 PM,30,TRAFFIC SIGNAL,FUNCTIONING PROPERLY,CLEAR,DAYLIGHT,REAR END,DIVIDED - W/MEDIAN (NOT RAISED),,STRAIGHT AND LEVEL,DRY,NO DEFECTS,ON SCENE,INJURY AND / OR TOW DUE TO CRASH,,,,"OVER $1,500",10/16/2020 12:30:00 PM,FAILING TO REDUCE SPEED TO AVOID CRASH,NOT APPLICABLE,3956,W,CHICAGO AVE,1112.0,,,,,,,2,NO INDICATION OF INJURY,0.0,0.0,0.0,0.0,0.0,2.0,0.0,12,6,10,41.8954790187,-87.7259303859,POINT (-87.725930385886 41.895479018723)
8ca1bffaa617ef5dfe9c051a4911387fe08743970e59c416f5411bfccaacb744898129583c5d51598c032d7f423eb140a1fa77bc5c7456931f41a061c237cf66,,11/05/2016 01:30:00 PM,20,NO CONTROLS,NO CONTROLS,CLEAR,DAYLIGHT,PARKED MOTOR VEHICLE,NOT DIVIDED,2,STRAIGHT AND LEVEL,DRY,NO DEFECTS,ON SCENE,INJURY AND / OR TOW DUE TO CRASH,,,Y,"OVER $1,500",11/05/2016 01:42:00 PM,IMPROPER BACKING,NOT APPLICABLE,7259,S,MARSHFIELD AVE,735.0,,,,,,,2,NO INDICATION OF INJURY,0.0,0.0,0.0,0.0,0.0,1.0,0.0,13,7,11,41.761350586,-87.6647902904,POINT (-87.664790290401 41.761350586012)
34753b1f52d24217bbe73913a4cc004996f7a08a74ac0b1576113499fec77bb082b823e9f0c9f643dad93a71a07eb6bdefc2dc63423bc560bc504a1c02642858,,06/01/2017 03:30:00 PM,30,NO CONTROLS,NO CONTROLS,UNKNOWN,UNKNOWN,PARKED MOTOR VEHICLE,ONE-WAY,1,STRAIGHT AND LEVEL,UNKNOWN,NO DEFECTS,NOT ON SCENE (DESK REPORT),NO INJURY / DRIVE AWAY,,,Y,"$501 - $1,500",06/02/2017 06:20:00 PM,UNABLE TO DETERMINE,UNABLE TO DETERMINE,3034,N,HAMLIN AVE,2523.0,,,,,,,2,NO INDICATION OF INJURY,0.0,0.0,0.0,0.0,0.0,1.0,0.0,15,5,6,41.9363245287,-87.7213760759,POINT (-87.721376075918 41.936324528711)
c59482fefe0702a91bd9c48533acfb09606bd015039aff17480b66625d84b43fc2e70961229d934dd9c91b011fa57301e6564618092818cd15bf0388eca0f810,Y,04/23/2021 10:43:00 AM,15,NO CONTROLS,NO CONTROLS,CLEAR,DAYLIGHT,PARKED MOTOR VEHICLE,PARKING LOT,,STRAIGHT AND LEVEL,DRY,NO DEFECTS,ON SCENE,NO INJURY / DRIVE AWAY,,Y,Y,$500 OR LESS,04/23/2021 10:45:00 AM,UNABLE TO DETERMINE,NOT APPLICABLE,8847,S,ASHLAND AVE,2221.0,,,,,,,2,NO INDICATION OF INJURY,0.0,0.0,0.0,0.0,0.0,1.0,0.0,10,6,4,41.7325675235,-87.662826305,POINT (-87.662826304971 41.732567523517)
e6c0f22739494d13a8e1b48c0421f8a68e22f1f003b8c7f0f6ebfadc8098aeb7b5351c5c663178e18ffe8094c92e0690867bc6dd077383f0f749ff02fa455c5c,,07/15/2020 10:00:00 AM,30,NO CONTROLS,NO CONTROLS,RAIN,DAYLIGHT,PARKED MOTOR VEHICLE,NOT DIVIDED,,STRAIGHT AND LEVEL,DRY,NO DEFECTS,NOT ON SCENE (DESK REPORT),NO INJURY / DRIVE AWAY,,,Y,"OVER $1,500",07/18/2020 05:00:00 PM,UNABLE TO DETERMINE,UNABLE TO DETERMINE,9812,S,AVALON AVE,511.0,,,,,,,2,NO INDICATION OF INJURY,0.0,0.0,0.0,0.0,0.0,1.0,0.0,10,4,7,41.716356259,-87.5935347146,POINT (-87.593534714552 41.71635625899)
6cc7fc08c138a13fb8354a4a33faf4d34163bce6185f60bdab7a8cce8474080bb25ba0737c54a71c11840631606a979a404dc0f1b440000ed0332931ba81de72,,11/30/2023 12:00:00 PM,20,STOP SIGN/FLASHER,FUNCTIONING PROPERLY,CLEAR,DAYLIGHT,FIXED OBJECT,NOT DIVIDED,,STRAIGHT AND LEVEL,DRY,NO DEFECTS,ON SCENE,NO INJURY / DRIVE AWAY,Y,,,$500 OR LESS,11/30/2023 12:02:00 PM,DRIVING SKILLS/KNOWLEDGE/EXPERIENCE,NOT APPLICABLE,1061,W,MADISON ST,1232.0,,,,,,,1,NO INDICATION OF INJURY,0.0,0.0,0.0,0.0,0.0,1.0,0.0,12,5,11,41.8815599572,-87.6543723977,POINT (-87.654372397718 41.88155995724)
2cb51701604c6fbe92ca6f56d122e089f224365bc07eb6560d669ac44bd35af9d79da3aaf3f513d17acc50d14646e3b13423c61dfcb9a1a8ed129a7d4d753454,,04/28/2025 01:28:00 PM,30,NO CONTROLS,NO CONTROLS,CLEAR,DAYLIGHT,PARKED MOTOR VEHICLE,NOT DIVIDED,,STRAIGHT AND LEVEL,DRY,NO DEFECTS,ON SCENE,NO INJURY / DRIVE AWAY,,,Y,"$501 - $1,500",04/28/2025 02:34:00 PM,DRIVING SKILLS/KNOWLEDGE/EXPERIENCE,NOT APPLICABLE,3400,S,LAWNDALE AVE,1031.0,,,,,,,2,NO INDICATION OF INJURY,0.0,0.0,0.0,0.0,0.0,1.0,0.0,13,2,4,41.8314482008,-87.7170430868,POINT (-87.717043086759 41.831448200822)
82eeb14879e8cca42f7aa73519a6b1c7a28a6536e7a9aacb290d861730768bc3798707fff6cdaaf4baecaaa2e8c14e07934cdce4c65e364034d865622f155294,,04/26/2022 12:15:00 PM,10,NO CONTROLS,NO CONTROLS,CLEAR,DAYLIGHT,PARKED MOTOR VEHICLE,PARKING LOT,,STRAIGHT AND LEVEL,DRY,NO DEFECTS,NOT ON SCENE (DESK REPORT),NO INJURY / DRIVE AWAY,,N,,"$501 - $1,500",04/26/2022 02:00:00 PM,UNABLE TO DETERMINE,NOT APPLICABLE,3153,W,IRVING PARK RD,1733.0,,,,,,,2,NO INDICATION OF INJURY,0.0,0.0,0.0,0.0,0.0,1.0,0.0,12,3,4,41.9538120329,-87.7077171018,POINT (-87.707717101816 41.953812032924)
3862fae197e499e3a05a6ff9a994512ff826e7a62457950abc8fb3132d49305d0a22f3fd94c68bcf0130d6cd1a15bb4f585c49734cef28215d9efd3c796a6dac,,04/27/2023 09:55:00 PM,30,NO CONTROLS,NO CONTROLS,CLEAR,DARKNESS,TURNING,NOT DIVIDED,,STRAIGHT AND LEVEL,DRY,NO DEFECTS,ON SCENE,NO INJURY / DRIVE AWAY,Y,,,"$501 - $1,500",04/27/2023 09:59:00 PM,FAILING TO YIELD RIGHT-OF-WAY,IMPROPER OVERTAKING/PASSING,2855,W,DIVERSEY AVE,1411.0,,,,,,,2,NO INDICATION OF INJURY,0.0,0.0,0.0,0.0,0.0,3.0,0.0,21,5,4,41.9319709921,-87.6998527445,POINT (-87.699852744541 41.931970992067)
a925741977360083138bbc1b044f88ba4c8cbfb74ecc05567656bf68335caaca2501ec9cc2b8f109a760b3c0ccd15fe007463684267f3b39a2df3b286b95227a,,08/14/2021 08:00:00 PM,30,UNKNOWN,UNKNOWN,UNKNOWN,UNKNOWN,SIDESWIPE SAME DIRECTION,UNKNOWN,,STRAIGHT AND LEVEL,UNKNOWN,UNKNOWN,NOT ON SCENE (DESK REPORT),NO INJURY / DRIVE AWAY,,,,"OVER $1,500",08/14/2021 08:47:00 PM,NOT APPLICABLE,NOT APPLICABLE,3807,W,46TH ST,821.0,,,,,,,2,NO INDICATION OF INJURY,0.0,0.0,0.0,0.0,0.0,2.0,0.0,20,7,8,41.8096528134,-87.719116289,POINT (-87.71911628904 41.809652813438)
49a9708745c5bd0484d54d75fb5991658e6e0065e23530f5db38e845957ce2e7808c1036633a70d2675786f00d31482644225d8590a51b8a96ab08120ddb61a8,,11/07/2024 05:00:00 PM,40,NO CONTROLS,NO CONTROLS,CLEAR,DUSK,REAR END,DIVIDED - W/MEDIAN BARRIER,,STRAIGHT AND LEVEL,DRY,NO DEFECTS,ON SCENE,NO INJURY / DRIVE AWAY,,,,"$501 - $1,500",11/07/2024 05:02:00 PM,FAILING TO REDUCE SPEED TO AVOID CRASH,NOT APPLICABLE,201,E,ILLINOIS ST,1834.0,,,,,,,2,NO INDICATION OF INJURY,0.0,0.0,0.0,0.0,0.0,3.0,0.0,17,5,11,41.890850397,-87.6226119217,POINT (-87.62261192173 41.890850397004)
50bfecaba0be03c2f389abf05746a63ccc6066780e7c76957c0cd15256eaa3bd0fb3b90783f660b0c9ed113aa758514e8deb28ec767ff1d0f9cf4b3afce40372,,06/06/2020 06:24:00 PM,25,NO CONTROLS,NO CONTROLS,CLEAR,DAYLIGHT,REAR END,NOT DIVIDED,,STRAIGHT AND LEVEL,DRY,NO DEFECTS,NOT ON SCENE (DESK REPORT),NO INJURY / DRIVE AWAY,,,,"$501 - $1,500",06/07/2020 12:47:00 PM,NOT APPLICABLE,NOT APPLICABLE,4526,W,JACKSON BLVD,1113.0,,,,,,,2,NO INDICATION OF INJURY,0.0,0.0,0.0,0.0,0.0,2.0,0.0,18,7,6,41.8770334171,-87.738891636,POINT (-87.738891635963 41.877033417111)