CRASH_RECORD_ID,CRASH_DATE_EST_I,CRASH_DATE,POSTED_SPEED_LIMIT,TRAFFIC_CONTROL_DEVICE,DEVICE_CONDITION,WEATHER_CONDITION,LIGHTING_CONDITION,FIRST_CRASH_TYPE,TRAFFICWAY_TYPE,LANE_CNT,ALIGNMENT,ROADWAY_SURFACE_COND,ROAD_DEFECT,REPORT_TYPE,CRASH_TYPE,INTERSECTION_RELATED_I,NOT_RIGHT_OF_WAY_I,HIT_AND_RUN_I,DAMAGE,DATE_POLICE_NOTIFIED,PRIM_CONTRIBUTORY_CAUSE,SEC_CONTRIBUTORY_CAUSE,STREET_NO,STREET_DIRECTION,STREET_NAME,BEAT_OF_OCCURRENCE,PHOTOS_TAKEN_I,STATEMENTS_TAKEN_I,DOORING_I,WORK_ZONE_I,WORK_ZONE_TYPE,WORKERS_PRESENT_I,NUM_UNITS,MOST_SEVERE_INJURY,INJURIES_TOTAL,INJURIES_FATAL,INJURIES_INCAPACITATING,INJURIES_NON_INCAPACITATING,INJURIES_REPORTED_NOT_EVIDENT,INJURIES_NO_INDICATION,INJURIES_UNKNOWN,CRASH_HOUR,CRASH_DAY_OF_WEEK,CRASH_MONTH,LATITUDE,LONGITUDE,LOCATION
e57df4615c4f9faf3bf37ec64c9e1089894c75d34dfbe0d0ce1e8f1936d25ddc90d996b009f1ad6f48436243373c10261bf8cd3fe97b5000f29b8ea761c2504b,,07/14/2017 10:30:00 PM,30,UNKNOWN,UNKNOWN,CLEAR,DUSK,SIDESWIPE SAME DIRECTION,NOT DIVIDED,2,STRAIGHT AND LEVEL,UNKNOWN,UNKNOWN,NOT ON SCENE (DESK REPORT),NO INJURY / DRIVE AWAY,Y,,,"OVER $1,500",07/14/2017 11:15:00 PM,IMPROPER LANE USAGE,NOT APPLICABLE,5,N,SANGAMON ST,1224.0,,,,,,,2,NO INDICATION OF INJURY,0.0,0.0,0.0,0.0,0.0,2.0,0.0,22,6,7,41.8819096526,-87.6507282669,POINT (-87.650728266909 41.881909652589)
2a505267b6d017a9df8b5f0b1c9bae962ec301987fe51e24557530f4506c376acfc27cd4f0de7c1340580f84f5f99bcdbbf3aec7acccbb8836e623d2926de3e7,,02/21/2019 07:00:00 PM,30,TRAFFIC SIGNAL,FUNCTIONING PROPERLY,CLEAR,"DARKNESS, LIGHTED ROAD",TURNING,DIVIDED - W/MEDIAN BARRIER,4,STRAIGHT AND LEVEL,DRY,NO DEFECTS,NOT ON SCENE (DESK REPORT),NO INJURY / DRIVE AWAY,,,,"$501 - $1,500",02/21/2019 08:45:00 PM,UNABLE TO DETERMINE,UNABLE TO DETERMINE,5858,S,CICERO AVE,813.0,,,,,,,2,NO INDICATION OF INJURY,0.0,0.0,0.0,0.0,0.0,3.0,0.0,19,5,2,41.7857064141,-87.7414883479,POINT (-87.741488347892 41.785706414127)
6fc54024784ffc8cdf534671a040a9f96d420280ef59e4d8627c212c3c0a23d6f098769665218520260cbb1887b20f13f2903fa7fdaabf7a595bf0a2ed0a5eef,,09/02/2019 02:45:00 AM,30,NO CONTROLS,NO CONTROLS,CLEAR,"DARKNESS, LIGHTED ROAD",OTHER OBJECT,PARKING LOT,,STRAIGHT AND LEVEL,UNKNOWN,NO DEFECTS,ON SCENE,NO INJURY / DRIVE AWAY,,Y,Y,"OVER $1,500",09/02/2019 02:45:00 AM,UNABLE TO DETERMINE,UNABLE TO DETERMINE,6448,S,PULASKI RD,813.0,N,,,,,,1,NO INDICATION OF INJURY,0.0,0.0,0.0,0.0,0.0,1.0,0.0,2,2,9,41.7753444466,-87.7228206726,POINT (-87.722820672638 41.775344446648)
c0808d05c741f0063740e37a82eb08afd11e356ea5adf541cbf5bb22ea0b91b1ead74249ffc5e1411782a062e6018f01bc41bfc0803eb5edde35aa9fd99b4c52,,12/19/2022 02:45:00 PM,30,NO CONTROLS,FUNCTIONING PROPERLY,CLEAR,DAYLIGHT,TURNING,NOT DIVIDED,,STRAIGHT AND LEVEL,DRY,NO DEFECTS,NOT ON SCENE (DESK REPORT),NO INJURY / DRIVE AWAY,,,,"OVER $1,500",12/19/2022 04:00:00 PM,UNABLE TO DETERMINE,NOT APPLICABLE,6932,N,WESTERN AVE,2411.0,,,,,,,2,NO INDICATION OF INJURY,0.0,0.0,0.0,0.0,0.0,2.0,0.0,14,2,12,42.0077862954,-87.6902861621,POINT (-87.690286162081 42.007786295404)
7f42267d872e8e9d45e5e244c9de60ce63eef397a0b1f64c09ee86ebe97aebf331ce4b2d3639e075f3ce46cb8dc92a2e2f9e534610c220e965852a43bd9e4c51,,06/26/2019 03:44:00 PM,30,TRAFFIC SIGNAL,FUNCTIONING PROPERLY,CLEAR,DAYLIGHT,SIDESWIPE SAME DIRECTION,DIVIDED - W/MEDIAN BARRIER,,STRAIGHT AND LEVEL,DRY,NO DEFECTS,NOT ON SCENE (DESK REPORT),NO INJURY / DRIVE AWAY,,,,"$501 - $1,500",06/26/2019 04:20:00 PM,IMPROPER OVERTAKING/PASSING,NOT APPLICABLE,160,N,MICHIGAN AVE,111.0,,,,,,,2,NO INDICATION OF INJURY,0.0,0.0,0.0,0.0,0.0,3.0,0.0,15,4,6,41.8847713103,-87.6246154576,POINT (-87.624615457648 41.884771310282)
7ab549a090379e40a4dad7d59e4f25512c75192c8a67317e56aaeaf3af696cde4bc2f9289c3a2d31e8b06cc134eeb998c8f10a6ccc9074c0c52ff65d9aadb318,,03/09/2018 08:40:00 PM,30,STOP SIGN/FLASHER,FUNCTIONING PROPERLY,CLEAR,DARKNESS,FIXED OBJECT,DIVIDED - W/MEDIAN BARRIER,,STRAIGHT AND LEVEL,DRY,NO DEFECTS,NOT ON SCENE (DESK REPORT),INJURY AND / OR TOW DUE TO CRASH,Y,,,"OVER $1,500",03/09/2018 08:48:00 PM,UNABLE TO DETERMINE,NOT APPLICABLE,1901,N,ASHLAND AVE,1433.0,,,,,,,1,INCAPACITATING INJURY,1.0,0.0,1.0,0.0,0.0,0.0,0.0,20,6,3,41.9161435209,-87.667653473,POINT (-87.667653472958 41.91614352094)
a9da0fee129f971a18ea9fb690b998c3c779c1f9effa8a29526c40ac9a9bf9333a846705f6fd4dc80e44d3a31e1a350e5bfc729723ea0305a01fcc0408bba88e,,10/31/2024 12:35:00 PM,30,NO CONTROLS,NO CONTROLS,CLEAR,DAYLIGHT,TURNING,PARKING LOT,,STRAIGHT AND LEVEL,WET,NO DEFECTS,NOT ON SCENE (DESK REPORT),NO INJURY / DRIVE AWAY,,,,"OVER $1,500",10/31/2024 01:10:00 PM,UNABLE TO DETERMINE,NOT APPLICABLE,2424,S,PULASKI RD,1013.0,,,,,,,2,NO INDICATION OF INJURY,0.0,0.0,0.0,0.0,0.0,2.0,0.0,12,5,10,41.8470387541,-87.7247841624,POINT (-87.724784162386 41.847038754084)
1cd718df26599ab4fecf8fba70b808fa8524f704a8c0bb5ff65b88f822885a80f32cef4d09fb5bff0f55066bd1c5f72159ef4bfb7f275d351203e49a05801b6e,,10/07/2021 06:30:00 PM,30,TRAFFIC SIGNAL,FUNCTIONING PROPERLY,CLEAR,"DARKNESS, LIGHTED ROAD",TURNING,NOT DIVIDED,,STRAIGHT AND LEVEL,DRY,NO DEFECTS,ON SCENE,INJURY AND / OR TOW DUE TO CRASH,Y,,,"OVER $1,500",10/07/2021 06:32:00 PM,FAILING TO YIELD RIGHT-OF-WAY,FAILING TO YIELD RIGHT-OF-WAY,5620,W,FOSTER AVE,1622.0,,,,,,,2,NO INDICATION OF INJURY,0.0,0.0,0.0,0.0,0.0,2.0,0.0,18,5,10,41.9757914197,-87.7692768929,POINT (-87.769276892934 41.975791419681)
8c654857f5656afee88ced7c16eeb60310476ba9b80568e737e1d36175433d11de0301f498683f0ac3f87817ddf271c9e52337876bffcf28598153d62fcdf86a,,09/05/2018 09:00:00 AM,0,NO CONTROLS,NO CONTROLS,CLEAR,DAWN,PARKED MOTOR VEHICLE,PARKING LOT,,STRAIGHT AND LEVEL,DRY,NO DEFECTS,NOT ON SCENE (DESK REPORT),NO INJURY / DRIVE AWAY,,,Y,"$501 - $1,500",09/06/2018 11:30:00 AM,UNABLE TO DETERMINE,UNABLE TO DETERMINE,2906,W,PETERSON AVE,2413.0,,,,,,,2,NO INDICATION OF INJURY,0.0,0.0,0.0,0.0,0.0,1.0,0.0,9,4,9,41.9905377878,-87.702106239,POINT (-87.702106238965 41.990537787847)
33f392aa34dc3edce77c63db8ad7c91dd742a319b3e442b6e4ef7480d69d2fa26e6997d1ef139ee548a55cdcd225c6f49e9ae89e60b9264035afaf33915e8d06,,09/20/2023 01:20:00 PM,30,TRAFFIC SIGNAL,FUNCTIONING PROPERLY,CLEAR,DAYLIGHT,REAR END,DIVIDED - W/MEDIAN (NOT RAISED),,STRAIGHT AND LEVEL,DRY,NO DEFECTS,NOT ON SCENE (DESK REPORT),NO INJURY / DRIVE AWAY,,,Y,"OVER $1,500",09/20/2023 05:00:00 PM,FOLLOWING TOO CLOSELY,UNABLE TO DETERMINE,800,N,LARAMIE AVE,1524.0,,,,,,,2,NO INDICATION OF INJURY,0.0,0.0,0.0,0.0,0.0,2.0,0.0,13,4,9,41.8950231464,-87.7557497823,POINT (-87.755749782345 41.895023146364)
a35b5389bd8996cabca154d3f0594865eff64375acf9309d37968d4f2eb3e29b399a30274c1cdd3a643a92d06df400f11ccbda06dafe739f170a8a8727dc0cd8,,06/25/2022 12:10:00 PM,30,STOP SIGN/FLASHER,OTHER,RAIN,DAYLIGHT,ANGLE,OTHER,,STRAIGHT AND LEVEL,WET,UNKNOWN,ON SCENE,INJURY AND / OR TOW DUE TO CRASH,Y,,,"OVER $1,500",06/25/2022 12:15:00 PM,UNABLE TO DETERMINE,UNABLE TO DETERMINE,2827,N,CENTRAL PARK AVE,1412.0,,,,,,,4,NO INDICATION OF INJURY,0.0,0.0,0.0,0.0,0.0,4.0,0.0,12,7,6,41.9327252775,-87.7170643107,POINT (-87.717064310702 41.932725277525)
1fe5c3778e598bd01f19c9aa0a1feebe0876b4e661bd6072a5af33e56a05ce06c17e92bd2550cf1b489e7bcf638f96b1950441599a84340694a0c2c3929d7862,,06/21/2018 05:20:00 PM,45,NO CONTROLS,NO CONTROLS,CLEAR,DAYLIGHT,REAR END,DIVIDED - W/MEDIAN BARRIER,4,STRAIGHT AND LEVEL,DRY,NO DEFECTS,NOT ON SCENE (DESK REPORT),NO INJURY / DRIVE AWAY,,,,"$501 - $1,500",06/21/2018 06:45:00 PM,FOLLOWING TOO CLOSELY,UNABLE TO DETERMINE,640,N,LAKE SHORE DR,1834.0,,,,,,,2,NO INDICATION OF INJURY,0.0,0.0,0.0,0.0,0.0,3.0,0.0,17,5,6,41.8937353756,-87.6151967151,POINT (-87.615196715092 41.893735375639)
29b724838b5ea5e9d8d2c320d94249280298a5807650bf3e9e61c4e8546b85f486917f28d7f3daacc7bc7e7eb520de7106634300812969f69e14824bf366a5a0,,10/28/2024 06:54:00 AM,30,TRAFFIC SIGNAL,FUNCTIONING PROPERLY,CLEAR,DAYLIGHT,PARKED MOTOR VEHICLE,Y-INTERSECTION,,STRAIGHT AND LEVEL,DRY,UNKNOWN,ON SCENE,NO INJURY / DRIVE AWAY,Y,,,"OVER $1,500",10/28/2024 06:54:00 AM,IMPROPER TURNING/NO SIGNAL,NOT APPLICABLE,3500,S,KEDZIE AVE,911.0,,,,,,,3,NO INDICATION OF INJURY,0.0,0.0,0.0,0.0,0.0,2.0,0.0,6,2,10,41.8297749598,-87.7047535147,POINT (-87.704753514706 41.829774959784)
ae50e576358d2a672a961be2c994ed07a12ae4a6c34b47669aa002d3212f698ec244a3a25d8786d633ed50e1fe0e066695375eeb08f11b1b690677f74f053df5,,05/15/2021 03:52:00 PM,30,TRAFFIC SIGNAL,FUNCTIONING PROPERLY,CLOUDY/OVERCAST,DAYLIGHT,TURNING,FOUR WAY,,STRAIGHT AND LEVEL,DRY,NO DEFECTS,ON SCENE,INJURY AND / OR TOW DUE TO CRASH,Y,,,"OVER $1,500",05/15/2021 03:53:00 PM,UNABLE TO DETERMINE,NOT APPLICABLE,1000,S,ASHLAND AVE,1231.0,,,,,,,3,NONINCAPACITATING INJURY,3.0,0.0,0.0,3.0,0.0,1.0,0.0,15,7,5,41.8692201639,-87.6666066762,POINT (-87.666606676226 41.869220163861)
f50e5cc3f48f930524767d46ed63dfea1d71f0c6c38e4e1e519b4d5c199b16cc0de038dd67660a952777b54ab396bf96922964df5f1bea20b43338f8bf25265a,,01/25/2025 11:10:00 AM,30,STOP SIGN/FLASHER,NO CONTROLS,CLEAR,DAYLIGHT,ANGLE,NOT DIVIDED,,STRAIGHT AND LEVEL,UNKNOWN,NO DEFECTS,ON SCENE,INJURY AND / OR TOW DUE TO CRASH,Y,,,"OVER $1,500",01/25/2025 11:10:00 AM,UNABLE TO DETERMINE,UNABLE TO DETERMINE,7149,W,GRAND AVE,2512.0,,,,,,,2,NONINCAPACITATING INJURY,2.0,0.0,0.0,2.0,0.0,0.0,0.0,11,7,1,41.9236268247,-87.8045221575,POINT (-87.804522157452 41.923626824723)
277cce866d896ab20619891e812743cfbaf82a96da4fc6ab0ad947f05d49463235d1c167f4a77bddd019ae3623ccc9d60fda6d9a7bc9fd9ec8dab1c39b994ef9,,01/01/2020 01:50:00 AM,30,TRAFFIC SIGNAL,FUNCTIONING PROPERLY,CLEAR,"DARKNESS, LIGHTED ROAD",TURNING,FOUR WAY,,STRAIGHT AND LEVEL,WET,NO DEFECTS,ON SCENE,NO INJURY / DRIVE AWAY,Y,,,"$501 - $1,500",01/01/2020 01:55:00 AM,UNABLE TO DETERMINE,NOT APPLICABLE,2150,S,CLARK ST,131.0,,,,,,,2,NO INDICATION OF INJURY,0.0,0.0,0.0,0.0,0.0,5.0,0.0,1,4,1,41.8529339676,-87.6302142392,POINT (-87.630214239166 41.852933967598)
384f18faead4489accc2aee3015ca01de842084d69811fd7efcde4b377cb96a0b04f6480ef19e593ac3d28389bfb455829b63f03ebe3902af2d26c506b7cd746,,05/05/2021 04:00:00 PM,30,NO CONTROLS,NO CONTROLS,CLEAR,DAYLIGHT,PARKED MOTOR VEHICLE,NOT DIVIDED,,STRAIGHT AND LEVEL,DRY,NO DEFECTS,NOT ON SCENE (DESK REPORT),NO INJURY / DRIVE AWAY,,,,"$501 - $1,500",05/05/2021 04:50:00 PM,UNABLE TO DETERMINE,NOT APPLICABLE,6611,S,PULASKI RD,833.0,,,,,,,2,NO INDICATION OF INJURY,0.0,0.0,0.0,0.0,0.0,1.0,0.0,16,4,5,41.7728060383,-87.7224665579,POINT (-87.722466557939 41.772806038332)
c43c4a1d865c10a05a052bc6b350545430b217c9cf3bf63a22da135821430a74d594950b0b75e50e11fac9c5ba6cf67f244495493bf8ba8ddf2704e7979adef7,,05/20/2019 02:12:00 PM,30,TRAFFIC SIGNAL,FUNCTIONING PROPERLY,CLEAR,DAYLIGHT,REAR END,NOT DIVIDED,,STRAIGHT AND LEVEL,DRY,NO DEFECTS,NOT ON SCENE (DESK REPORT),NO INJURY / DRIVE AWAY,,,Y,"$501 - $1,500",05/20/2019 03:14:00 PM,UNABLE TO DETERMINE,NOT APPLICABLE,3963,W,BELMONT AVE,2523.0,,,,,,,2,NO INDICATION OF INJURY,0.0,0.0,0.0,0.0,0.0,2.0,0.0,14,2,5,41.9389962256,-87.7261833701,POINT (-87.726183370135 41.938996225585)
135b18995d311c28e56ec13cd26fe26db834aa9d63e8dec4e719896b872e6bf3826d117a235bc64a1e617caf167056b223d1522adf98e1ca78700862f557b1d7,,05/18/2023 05:05:00 PM,30,NO CONTROLS,NO CONTROLS,CLEAR,DAYLIGHT,REAR END,NOT DIVIDED,,STRAIGHT AND LEVEL,DRY,NO DEFECTS,ON SCENE,NO INJURY / DRIVE AWAY,,,,"$501 - $1,500",05/18/2023 05:12:00 PM,FOLLOWING TOO CLOSELY,NOT APPLICABLE,3430,W,47TH ST,821.0,,,,,,,2,NO INDICATION OF INJURY,0.0,0.0,0.0,0.0,0.0,2.0,0.0,17,5,5,41.8081546193,-87.7098547976,POINT (-87.709854797608 41.80815461927)
803fb3e898b655e3d6dbc0a57a92931bb506b6685e8316547fcbf46d037d7f27fae9f31fba50d502b259080d25513b1cf5dbd7d1298128d2aed39aff76c96609,,09/13/2020 04:15:00 PM,30,NO CONTROLS,NO CONTROLS,CLEAR,DAYLIGHT,REAR END,NOT DIVIDED,,STRAIGHT AND LEVEL,DRY,NO DEFECTS,NOT ON SCENE (DESK REPORT),NO INJURY / DRIVE AWAY,,,Y,"OVER $1,500",09/13/2020 04:15:00 PM,UNABLE TO DETERMINE,UNABLE TO DETERMINE,1601,W,MONTEREY AVE,2234.0,,,,,,,2,NO INDICATION OF INJURY,0.0,0.0,0.0,0.0,0.0,3.0,0.0,16,1,9,41.6891793468,-87.6619071819,POINT (-87.661907181856 41.689179346816)
90de2af0f122f8e32e641fc1af0fa8cdf2abee1159fb1e57365fe7f456674cc44c9282dc77610419ab7728286575c4e7ab69949ffc87eac1b0a3329b06a991c3,,11/19/2016 03:00:00 AM,30,NO CONTROLS,NO CONTROLS,CLEAR,"DARKNESS, LIGHTED ROAD",PARKED MOTOR VEHICLE,NOT DIVIDED,,STRAIGHT AND LEVEL,DRY,NO DEFECTS,NOT ON SCENE (DESK REPORT),NO INJURY / DRIVE AWAY,,,Y,"OVER $1,500",11/19/2016 07:00:00 PM,DRIVING SKILLS/KNOWLEDGE/EXPERIENCE,NOT APPLICABLE,2133,S,CALIFORNIA AVE,1023.0,,,,,,,2,NO INDICATION OF INJURY,0.0,0.0,0.0,0.0,0.0,1.0,0.0,3,7,11,41.8527693694,-87.6953283056,POINT (-87.695328305602 41.852769369379)
a80c820f5794d4c86aa569865053f4db99e4c7ece5bb74968d288bfe841c1623c796b42d672c5cdc427c533715a69b5f15a785e332dfa948440b64e0e27860bc,,03/30/2024 07:00:00 PM,30,NO CONTROLS,NO CONTROLS,CLEAR,UNKNOWN,PARKED MOTOR VEHICLE,ONE-WAY,,STRAIGHT AND LEVEL,DRY,NO DEFECTS,NOT ON SCENE (DESK REPORT),NO INJURY / DRIVE AWAY,,,Y,"OVER $1,500",03/31/2024 11:43:00 AM,NOT APPLICABLE,NOT APPLICABLE,6240,S,TRIPP AVE,813.0,,,,,,,2,NO INDICATION OF INJURY,0.0,0.0,0.0,0.0,0.0,1.0,0.0,19,7,3,41.7791821159,-87.7290261793,POINT (-87.729026179342 41.779182115894)
df43bd9602e8c823de301701e211e77e82c11a446947ef84c25d2124cef79f2f636c63456ac4c796d9a5054f3226712f92af3eeff7005696d795dd5af7dfb349,Y,02/09/2021 01:00:00 PM,30,NO CONTROLS,NO CONTROLS,UNKNOWN,UNKNOWN,PARKED MOTOR VEHICLE,NOT DIVIDED,,STRAIGHT AND LEVEL,UNKNOWN,UNKNOWN,NOT ON SCENE (DESK REPORT),NO INJURY / DRIVE AWAY,,,Y,"OVER $1,500",02/09/2021 04:23:00 PM,UNABLE TO DETERMINE,UNABLE TO DETERMINE,8610,S,DREXEL AVE,632.0,,,,,,,2,NO INDICATION OF INJURY,0.0,0.0,0.0,0.0,0.0,1.0,0.0,13,3,2,41.738128038,-87.6025832425,POINT (-87.602583242526 41.738128038015)
7fbed6335e961de7e2682d034e259aa58bb11d510f6496bd434ff6b9491fcb11e47a1b27d8f90b64fa4796808a9c6a5325d611d56892e42f5b0f1102d5c2ee52,Y,11/12/2021 11:00:00 PM,20,NO CONTROLS,NO CONTROLS,CLEAR,"DARKNESS, LIGHTED ROAD",PARKED MOTOR VEHICLE,ONE-WAY,,STRAIGHT AND LEVEL,DRY,NO DEFECTS,ON SCENE,INJURY AND / OR TOW DUE TO CRASH,,,Y,"OVER $1,500",11/13/2021 09:20:00 AM,UNABLE TO DETERMINE,UNABLE TO DETERMINE,5804,S,SAWYER AVE,822.0,,,,,,,2,NO INDICATION OF INJURY,0.0,0.0,0.0,0.0,0.0,1.0,0.0,23,6,11,41.7878384885,-87.7047645077,POINT (-87.704764507708 41.787838488547)
c86f0e6e7c270119a22c6c02008f81aa9976affc03604a77d9bfcd1a14882040add3c67b04cffc013f92863b519578c94bf9c672c8b7b414254d87d8bbb38e97,,07/12/2021 05:00:00 PM,20,NO CONTROLS,NO CONTROLS,CLEAR,DAYLIGHT,PARKED MOTOR VEHICLE,ONE-WAY,,STRAIGHT AND LEVEL,DRY,NO DEFECTS,NOT ON SCENE (DESK REPORT),NO INJURY / DRIVE AWAY,,,Y,"OVER $1,500",07/13/2021 01:10:00 PM,"OPERATING VEHICLE IN ERRATIC, RECKLESS, CARELESS, NEGLIGENT OR AGGRESSIVE MANNER",NOT APPLICABLE,8152,S,BLACKSTONE AVE,411.0,,,,,,,2,NO INDICATION OF INJURY,0.0,0.0,0.0,0.0,0.0,1.0,0.0,17,2,7,41.746250259,-87.5883597066,POINT (-87.588359706619 41.746250259001)
c7289a60b46d6406f4d5ac4ab90a2b581a8d7b152cd24884734c018384668fc979867761b44a1bd8fccdf7d36ef5806753e27ab020164518498e0fca324e50f9,,10/01/2020 07:52:00 PM,30,NO CONTROLS,NO CONTROLS,CLEAR,DARKNESS,SIDESWIPE SAME DIRECTION,NOT DIVIDED,,STRAIGHT AND LEVEL,DRY,NO DEFECTS,ON SCENE,NO INJURY / DRIVE AWAY,,,Y,"$501 - $1,500",10/01/2020 08:07:00 PM,UNABLE TO DETERMINE,UNABLE TO DETERMINE,2257,N,NATCHEZ AVE,2512.0,,,,,,,2,NO INDICATION OF INJURY,0.0,0.0,0.0,0.0,0.0,2.0,0.0,19,5,10,41.9216946706,-87.7876859213,POINT (-87.787685921306 41.92169467064)
0187b611bed4a08997bfa07d2a970f5af480fd8c02ee657daf76f4f6227a4fce16fe98e76c377dc225be6e7ebae22a2d52d323ccdef44f5298dcfd0b59454bf1,,09/12/2021 03:00:00 PM,30,NO CONTROLS,NO CONTROLS,CLEAR,DAYLIGHT,TURNING,NOT DIVIDED,,STRAIGHT AND LEVEL,DRY,NO DEFECTS,ON SCENE,NO INJURY / DRIVE AWAY,,,,"OVER $1,500",09/12/2021 03:30:00 PM,UNABLE TO DETERMINE,NOT APPLICABLE,5100,W,GRAND AVE,2522.0,,,,,,,2,NO INDICATION OF INJURY,0.0,0.0,0.0,0.0,0.0,2.0,0.0,15,1,9,41.9169537061,-87.753437306,POINT (-87.75343730604 41.916953706087)
de20cb53521726eb87f583972fbb5a7cb4c10caf67bce285cb2025edb466019d39a6cb63d203af0d089daa65dada616def0be907113f9ec9a7b1e9f040a4cb12,,08/06/2025 09:00:00 AM,30,TRAFFIC SIGNAL,FUNCTIONING PROPERLY,CLEAR,DAYLIGHT,REAR END,DIVIDED - W/MEDIAN (NOT RAISED),,STRAIGHT AND LEVEL,DRY,NO DEFECTS,ON SCENE,NO INJURY / DRIVE AWAY,Y,,Y,"$501 - $1,500",08/06/2025 09:19:00 AM,FOLLOWING TOO CLOSELY,UNABLE TO DETERMINE,358,S,WESTERN AVE,1125.0,,,,,,,2,NO INDICATION OF INJURY,0.0,0.0,0.0,0.0,0.0,2.0,0.0,9,4,8,41.8761534418,-87.6864194629,POINT (-87.686419462863 41.876153441824)
fc6c0b64183c8932622d34280ef72981f6a0d9f7b59fad9c8f6f96823fa87007f25dea296a3392afb7e8f2fa24697767ff068c70cb6fd9180ae46f5130a5ac10,,06/11/2022 07:25:00 PM,30,TRAFFIC SIGNAL,FUNCTIONING PROPERLY,CLEAR,DUSK,TURNING,NOT DIVIDED,,STRAIGHT AND LEVEL,DRY,NO DEFECTS,ON SCENE,NO INJURY / DRIVE AWAY,Y,,,"$501 - $1,500",06/11/2022 07:44:00 PM,UNABLE TO DETERMINE,UNABLE TO DETERMINE,320,N,MICHIGAN AVE,111.0,,,,,,,2,NO INDICATION OF INJURY,0.0,0.0,0.0,0.0,0.0,2.0,0.0,19,7,6,41.8872907063,-87.6246952832,POINT (-87.624695283197 41.88729070631)
e938b45b855ab4f15998e356f305567ec1adf0feabfbfa17a4839ccc1b10ab8c8b6cb459c3ab36afe553b67d382d5c08939404ed8a8dda05c60dec86a46fe57c,,10/26/2019 03:12:00 PM,30,NO CONTROLS,NO CONTROLS,RAIN,DAYLIGHT,ANGLE,NOT DIVIDED,,STRAIGHT AND LEVEL,WET,NO DEFECTS,ON SCENE,INJURY AND / OR TOW DUE TO CRASH,,,,"$501 - $1,500",10/26/2019 03:16:00 PM,IMPROPER BACKING,WEATHER,1157,W,CULLERTON ST,1235.0,,,,,,,2,NO INDICATION OF INJURY,0.0,0.0,0.0,0.0,0.0,2.0,0.0,15,7,10,41.8551048639,-87.6553685562,POINT (-87.655368556173 41.855104863924)
0aad54c1078f93d39c3f79864d518786f4510f8dce9f2f524df8eaa8489466d6b24115ad9eef8d6783af3b8e7cabf7ada1cadf6afe9aefdbc01e1a69782f9b78,,06/20/2022 09:00:00 AM,30,TRAFFIC SIGNAL,FUNCTIONING PROPERLY,CLEAR,DAYLIGHT,OTHER OBJECT,FOUR WAY,,STRAIGHT AND LEVEL,DRY,NO DEFECTS,ON SCENE,NO INJURY / DRIVE AWAY,Y,Y,,"OVER $1,500",06/20/2022 09:00:00 AM,UNABLE TO DETERMINE,UNABLE TO DETERMINE,6401,W,FULLERTON AVE,2512.0,,,,,,,1,NO INDICATION OF INJURY,0.0,0.0,0.0,0.0,0.0,1.0,0.0,9,2,6,41.9235666859,-87.7855622457,POINT (-87.785562245684 41.923566685943)
1336f96d02fad726626e423d45dc6fc2ffba81424fb59c338b8ee46e22ea0b116df16b29a95a6add370cbe578c6a75d5ca7db119a3da9de1366bc6e59e35b17f,,06/10/2019 01:15:00 PM,30,TRAFFIC SIGNAL,FUNCTIONING PROPERLY,CLEAR,DAYLIGHT,REAR END,NOT DIVIDED,,STRAIGHT AND LEVEL,DRY,NO DEFECTS,NOT ON SCENE (DESK REPORT),NO INJURY / DRIVE AWAY,Y,,,"OVER $1,500",06/10/2019 02:47:00 PM,UNABLE TO DETERMINE,UNABLE TO DETERMINE,800,W,LAWRENCE AVE,2024.0,,,,,,,2,NO INDICATION OF INJURY,0.0,0.0,0.0,0.0,0.0,2.0,0.0,13,2,6,41.969261067,-87.650422729,POINT (-87.650422728959 41.969261066974)
9cbfb791d59f03228fba51f600f43b05d6423a2a621c16b48703c471e15cb4c0260aa881b36daec293896ec3c3193b645fe23811ca4fd1405bbed12eea8bbcb2,,05/01/2018 05:15:00 PM,30,NO CONTROLS,NO CONTROLS,CLEAR,DAYLIGHT,REAR END,DIVIDED - W/MEDIAN BARRIER,,STRAIGHT AND LEVEL,DRY,NO DEFECTS,NOT ON SCENE (DESK REPORT),NO INJURY / DRIVE AWAY,,,,"$501 - $1,500",05/01/2018 05:50:00 PM,UNABLE TO DETERMINE,UNABLE TO DETERMINE,500,S,LAKE SHORE DR SB,114.0,,,,,,,2,NO INDICATION OF INJURY,0.0,0.0,0.0,0.0,0.0,2.0,0.0,17,3,5,41.8757562552,-87.6175156798,POINT (-87.617515679751 41.875756255241)