CRASH_RECORD_ID,CRASH_DATE_EST_I,CRASH_DATE,POSTED_SPEED_LIMIT,TRAFFIC_CONTROL_DEVICE,DEVICE_CONDITION,WEATHER_CONDITION,LIGHTING_CONDITION,FIRST_CRASH_TYPE,TRAFFICWAY_TYPE,LANE_CNT,ALIGNMENT,ROADWAY_SURFACE_COND,ROAD_DEFECT,REPORT_TYPE,CRASH_TYPE,INTERSECTION_RELATED_I,NOT_RIGHT_OF_WAY_I,HIT_AND_RUN_I,DAMAGE,DATE_POLICE_NOTIFIED,PRIM_CONTRIBUTORY_CAUSE,SEC_CONTRIBUTORY_CAUSE,STREET_NO,STREET_DIRECTION,STREET_NAME,BEAT_OF_OCCURRENCE,PHOTOS_TAKEN_I,STATEMENTS_TAKEN_I,DOORING_I,WORK_ZONE_I,WORK_ZONE_TYPE,WORKERS_PRESENT_I,NUM_UNITS,MOST_SEVERE_INJURY,INJURIES_TOTAL,INJURIES_FATAL,INJURIES_INCAPACITATING,INJURIES_NON_INCAPACITATING,INJURIES_REPORTED_NOT_EVIDENT,INJURIES_NO_INDICATION,INJURIES_UNKNOWN,CRASH_HOUR,CRASH_DAY_OF_WEEK,CRASH_MONTH,LATITUDE,LONGITUDE,LOCATION
73c66069fe707f7858135e15558b5aacb9c41aec29862b7de6dc78bf6ba1ddd37c2b0b9a48283e284dfaebce2d74e3b63b65fbf5b7307222fb6a78887cdafdc4,,09/12/2016 01:00:00 PM,30,NO CONTROLS,NO CONTROLS,CLEAR,DAYLIGHT,TURNING,NOT DIVIDED,4,STRAIGHT AND LEVEL,DRY,NO DEFECTS,NOT ON SCENE (DESK REPORT),NO INJURY / DRIVE AWAY,,,,"OVER $1,500",09/12/2016 01:30:00 PM,FAILING TO YIELD RIGHT-OF-WAY,UNABLE TO DETERMINE,3951,N,BROADWAY,1923.0,,,,,,,2,NO INDICATION OF INJURY,0.0,0.0,0.0,0.0,0.0,2.0,0.0,13,2,9,41.9542687016,-87.6501862171,POINT (-87.650186217053 41.954268701591)
23b9fb4b2d5515a1ca4ad41fe3fbbf1a7e932637c31de458d2ba8ecaeaa418b428e1c959dc1420967ec2dfeb4d702a28ce2bc73ac5625eea764be094f41195f1,,09/03/2020 04:30:00 PM,30,TRAFFIC SIGNAL,FUNCTIONING PROPERLY,CLEAR,DAYLIGHT,REAR END,NOT DIVIDED,,STRAIGHT AND LEVEL,DRY,NO DEFECTS,NOT ON SCENE (DESK REPORT),NO INJURY / DRIVE AWAY,,,Y,"OVER $1,500",09/03/2020 06:08:00 PM,UNABLE TO DETERMINE,NOT APPLICABLE,1,N,PULASKI RD,1122.0,,,,,,,2,NO INDICATION OF INJURY,0.0,0.0,0.0,0.0,0.0,2.0,0.0,16,5,9,41.880789246,-87.7255246871,POINT (-87.725524687149 41.880789246043)
c4438e9922cc40dace2ae6bb8bef3b5a92a9b605a532822ee6f48159c3923b62c6a3724f523224dcddf89e9a648839a83c9a72df93216f5144ef36f7f464c45b,,02/09/2025 03:40:00 PM,30,NO CONTROLS,NO CONTROLS,UNKNOWN,DAYLIGHT,REAR END,DIVIDED - W/MEDIAN (NOT RAISED),,STRAIGHT AND LEVEL,UNKNOWN,UNKNOWN,NOT ON SCENE (DESK REPORT),NO INJURY / DRIVE AWAY,,,,"OVER $1,500",02/13/2025 03:50:00 PM,UNABLE TO DETERMINE,UNABLE TO DETERMINE,3210,N,KEDZIE AVE,1733.0,,,,,,,2,NO INDICATION OF INJURY,0.0,0.0,0.0,0.0,0.0,2.0,0.0,15,1,2,41.9396519324,-87.7078331037,POINT (-87.707833103658 41.939651932437)
7894377350cdd6b946f85ef96e1c712757b9760d908aa27eb8e3d80fa4e849185c210c91fb1f5e4c9a545424a533f72422b25782cdee31e804ed681a03941f69,,02/04/2024 06:44:00 AM,45,NO CONTROLS,NO CONTROLS,CLEAR,DAYLIGHT,FIXED OBJECT,DIVIDED - W/MEDIAN BARRIER,,CURVE ON GRADE,ICE,NO DEFECTS,ON SCENE,INJURY AND / OR TOW DUE TO CRASH,,,,"OVER $1,500",02/04/2024 07:23:00 AM,WEATHER,NOT APPLICABLE,6501,S,CHICAGO SKYWAY IB,312.0,,,,,,,1,NO INDICATION OF INJURY,0.0,0.0,0.0,0.0,0.0,1.0,0.0,6,1,2,,,
0d2ce75e85680f21b0f8be6ed932bbfba9c069bdc3a28bde2c66821afc9b31ace72a4fcdf27542561b660d57af8ba55887d1d4f240730935623aece364f27488,,10/23/2017 04:00:00 PM,30,NO CONTROLS,NO CONTROLS,RAIN,DAYLIGHT,OTHER OBJECT,ALLEY,1,STRAIGHT AND LEVEL,WET,NO DEFECTS,NOT ON SCENE (DESK REPORT),NO INJURY / DRIVE AWAY,,,,"$501 - $1,500",10/24/2017 10:30:00 AM,UNABLE TO DETERMINE,NOT APPLICABLE,845,W,WILSON AVE,1914.0,,,,,,,1,NO INDICATION OF INJURY,0.0,0.0,0.0,0.0,0.0,2.0,0.0,16,2,10,41.9653665321,-87.6517602437,POINT (-87.651760243707 41.96536653209)
bbdce1d5b452b8e7268ef72a011f264fe0fba31bf1fc7ffd9b28ad509f29cca3ed5f9e16a509162ca0cf844cc76a18e4f28b72d78615b9cc3ff6bbde003ca07d,,01/18/2019 12:45:00 PM,25,NO CONTROLS,NO CONTROLS,CLEAR,DAYLIGHT,PARKED MOTOR VEHICLE,ONE-WAY,1,STRAIGHT ON HILLCREST,DRY,NO DEFECTS,ON SCENE,NO INJURY / DRIVE AWAY,,,,$500 OR LESS,01/18/2019 01:31:00 PM,UNABLE TO DETERMINE,NOT APPLICABLE,7762,S,PAXTON AVE,414.0,,,,,,,2,NO INDICATION OF INJURY,0.0,0.0,0.0,0.0,0.0,1.0,0.0,12,6,1,41.753573354,-87.5712898387,POINT (-87.571289838706 41.753573354003)
dfde2b2de06ca136872a2f8830947d382a26a6e8252164250d85317045f554ac2961d8a82743220cf1e69d2e5c0ec8a0be97dde9ca9e29a76d81db05bd893cae,,07/27/2021 04:48:00 PM,30,NO CONTROLS,NO CONTROLS,CLEAR,DAYLIGHT,PARKED MOTOR VEHICLE,DIVIDED - W/MEDIAN BARRIER,,STRAIGHT AND LEVEL,DRY,NO DEFECTS,ON SCENE,NO INJURY / DRIVE AWAY,,,,"$501 - $1,500",07/27/2021 04:55:00 PM,UNABLE TO DETERMINE,UNABLE TO DETERMINE,12803,S,HALSTED ST,523.0,,,,,,,2,NO INDICATION OF INJURY,0.0,0.0,0.0,0.0,0.0,1.0,0.0,16,3,7,41.6612675723,-87.6412083503,POINT (-87.641208350323 41.661267572313)
3a8e8cff4dc80c934a1c8018aad6bcbc628923aebfd40e4ae09fa094dc1dc0ca1712bcaa604b9231410cc28cf9a178c2e6bcf89913fb031a3947e0f3c859e4a4,Y,07/16/2020 09:30:00 PM,30,NO CONTROLS,NO CONTROLS,CLEAR,"DARKNESS, LIGHTED ROAD",PARKED MOTOR VEHICLE,NOT DIVIDED,,STRAIGHT AND LEVEL,DRY,NO DEFECTS,ON SCENE,INJURY AND / OR TOW DUE TO CRASH,,,Y,"OVER $1,500",07/16/2020 09:58:00 PM,UNABLE TO DETERMINE,NOT APPLICABLE,4407,S,CALIFORNIA AVE,922.0,,,,,,,2,NO INDICATION OF INJURY,0.0,0.0,0.0,0.0,0.0,3.0,0.0,21,5,7,41.813477306,-87.6942162218,POINT (-87.694216221789 41.813477305992)
349bf237f80908989d4e94c7bfbf493e688a918265bdf61b4f9e8e5d507396064c922067e31e6245b5bfbbb56ecf37646f7920ce5e3de55d0f9d2c6aff60c2b9,,10/29/2022 01:58:00 AM,30,TRAFFIC SIGNAL,FUNCTIONING PROPERLY,CLEAR,"DARKNESS, LIGHTED ROAD",FIXED OBJECT,DIVIDED - W/MEDIAN (NOT RAISED),,STRAIGHT AND LEVEL,DRY,NO DEFECTS,ON SCENE,INJURY AND / OR TOW DUE TO CRASH,Y,,Y,"OVER $1,500",10/29/2022 01:59:00 AM,UNABLE TO DETERMINE,UNABLE TO DETERMINE,4802,N,EAST RIVER RD,1614.0,,,,,,,1,NO INDICATION OF INJURY,0.0,0.0,0.0,0.0,0.0,1.0,0.0,1,7,10,41.9676322892,-87.8466933922,POINT (-87.846693392194 41.96763228917)
d1ba1244b38e71e84a3066f0025d980fb95030fdbd6dc9c914cfb6386215edc871fe75825300b1bce5bec3039d474fe87f28ef259c9552ae0eb4ecea1d80a9b2,,12/27/2021 09:15:00 AM,30,TRAFFIC SIGNAL,UNKNOWN,CLEAR,DAYLIGHT,TURNING,FOUR WAY,,STRAIGHT AND LEVEL,DRY,UNKNOWN,NOT ON SCENE (DESK REPORT),NO INJURY / DRIVE AWAY,,,,$500 OR LESS,12/27/2021 09:58:00 AM,FAILING TO YIELD RIGHT-OF-WAY,UNABLE TO DETERMINE,3601,N,CICERO AVE,1731.0,,,,,,,2,NO INDICATION OF INJURY,0.0,0.0,0.0,0.0,0.0,2.0,0.0,9,2,12,41.9461757339,-87.7469215602,POINT (-87.746921560168 41.946175733934)
2858093ce55a58edffee545530494a668d151159e0c217bab288b932eae61dfceccc6cb4de2da12d3da162b0889e7097c2b86b04a857d3666a82c9bb15053ecc,,07/18/2025 11:20:00 PM,20,NO CONTROLS,NO CONTROLS,UNKNOWN,"DARKNESS, LIGHTED ROAD",PARKED MOTOR VEHICLE,DIVIDED - W/MEDIAN (NOT RAISED),,STRAIGHT AND LEVEL,UNKNOWN,UNKNOWN,NOT ON SCENE (DESK REPORT),INJURY AND / OR TOW DUE TO CRASH,,,Y,"OVER $1,500",07/18/2025 11:50:00 PM,UNABLE TO DETERMINE,NOT APPLICABLE,4422,W,MAYPOLE AVE,1113.0,,,,,,,2,NO INDICATION OF INJURY,0.0,0.0,0.0,0.0,0.0,1.0,0.0,23,6,7,41.8846645501,-87.7365342898,POINT (-87.7365342898 41.884664550093)
6662d0e9c873b3a39b68c2f0abe16a3fa68bc673adc35e13dfec7b7fcd9b186e34e03ecb368cb53b144182a350879ab61e36fa0c068f4bdcb61f825e2442bd1b,,07/01/2019 08:30:00 PM,30,TRAFFIC SIGNAL,FUNCTIONING PROPERLY,CLEAR,UNKNOWN,SIDESWIPE SAME DIRECTION,NOT DIVIDED,,STRAIGHT AND LEVEL,DRY,UNKNOWN,NOT ON SCENE (DESK REPORT),NO INJURY / DRIVE AWAY,Y,,Y,"OVER $1,500",07/01/2019 09:00:00 PM,IMPROPER OVERTAKING/PASSING,UNABLE TO DETERMINE,6849,S,KEEFE AVE,322.0,Y,,,,,,2,NO INDICATION OF INJURY,0.0,0.0,0.0,0.0,0.0,2.0,0.0,20,2,7,41.7700626872,-87.612671083,POINT (-87.612671083021 41.770062687154)
dc0fb76951372ef21e547761373fad8e9d01473a384e9305e8567a4b42bd6cdf0c69a5bb5e6a730e6812ffec38e26f84b9148f75cc9c3db287e2164169e591d8,,04/04/2022 08:00:00 AM,30,UNKNOWN,UNKNOWN,UNKNOWN,UNKNOWN,REAR END,NOT DIVIDED,,STRAIGHT AND LEVEL,UNKNOWN,UNKNOWN,NOT ON SCENE (DESK REPORT),INJURY AND / OR TOW DUE TO CRASH,Y,,,"OVER $1,500",04/08/2022 04:30:00 PM,FOLLOWING TOO CLOSELY,FAILING TO REDUCE SPEED TO AVOID CRASH,4158,S,CALIFORNIA AVE,921.0,,,,,,,2,NO INDICATION OF INJURY,0.0,0.0,0.0,0.0,0.0,2.0,0.0,8,2,4,41.818134407,-87.6946573494,POINT (-87.694657349357 41.818134406952)
dc283e3bc915405583bef8bf6f34d30754a688889540474c3648e2b11b1ef0dd8f086bf888701b82d5b3ce667ea0fd1e3c1e1e02ed2dd283f0c02851136aa453,,11/30/2019 05:05:00 PM,35,UNKNOWN,UNKNOWN,RAIN,DARKNESS,SIDESWIPE SAME DIRECTION,DIVIDED - W/MEDIAN (NOT RAISED),,STRAIGHT AND LEVEL,WET,NO DEFECTS,,NO INJURY / DRIVE AWAY,,,,"OVER $1,500",11/30/2019 06:05:00 PM,IMPROPER TURNING/NO SIGNAL,NOT APPLICABLE,5122,S,ARCHER AVE,815.0,,,,,,,2,NO INDICATION OF INJURY,0.0,0.0,0.0,0.0,0.0,2.0,0.0,17,7,11,41.8007384145,-87.7303623584,POINT (-87.730362358374 41.80073841449)
701fee994acd32ac92efae1a6b84292bad64e8c79104c158a983f236242e7c3702a328e4027d1097f68529d5eda50c54c28e4482cc338fcc8ede1587efa25365,,11/18/2020 02:56:00 PM,30,TRAFFIC SIGNAL,FUNCTIONING PROPERLY,CLEAR,DAYLIGHT,REAR END,DIVIDED - W/MEDIAN (NOT RAISED),,STRAIGHT AND LEVEL,DRY,UNKNOWN,ON SCENE,INJURY AND / OR TOW DUE TO CRASH,,,Y,"OVER $1,500",11/18/2020 03:55:00 PM,FAILING TO REDUCE SPEED TO AVOID CRASH,NOT APPLICABLE,8300,S,VINCENNES AVE,622.0,,,,,,,2,NO INDICATION OF INJURY,0.0,0.0,0.0,0.0,0.0,4.0,0.0,14,4,11,41.7435045576,-87.6366627981,POINT (-87.636662798126 41.743504557606)
fea985d28d76fcb5beb7374f822fff736a3ab1e86276fc9a661a6474af97f06cee0aa1112040b3b548959685b37495050ab5447f2b4265dcd20e6631b1d256c4,,02/16/2023 12:00:00 PM,35,NO CONTROLS,NO CONTROLS,RAIN,DAYLIGHT,REAR END,NOT DIVIDED,,STRAIGHT AND LEVEL,WET,NO DEFECTS,NOT ON SCENE (DESK REPORT),NO INJURY / DRIVE AWAY,,,,"OVER $1,500",02/16/2023 02:00:00 PM,FOLLOWING TOO CLOSELY,UNABLE TO DETERMINE,1140,E,103RD ST,511.0,,,,,,,2,NO INDICATION OF INJURY,0.0,0.0,0.0,0.0,0.0,2.0,0.0,12,5,2,41.7077344577,-87.5950112379,POINT (-87.595011237891 41.707734457725)
b8f1b28a7408f3c9f0420b95dc45c98fed98a34a65e656dd1a2bccde3a116cc7bd87e517dafc3f86ce21a5169b02f415fa3cbde186bae87a0b12e4764023184e,,12/27/2022 04:20:00 PM,30,TRAFFIC SIGNAL,UNKNOWN,CLEAR,"DARKNESS, LIGHTED ROAD",SIDESWIPE SAME DIRECTION,FOUR WAY,,STRAIGHT AND LEVEL,WET,UNKNOWN,ON SCENE,NO INJURY / DRIVE AWAY,Y,,,"OVER $1,500",12/27/2022 04:23:00 PM,IMPROPER LANE USAGE,IMPROPER LANE USAGE,5731,N,NORTHWEST HWY,1622.0,,Y,,,,,2,NO INDICATION OF INJURY,0.0,0.0,0.0,0.0,0.0,2.0,0.0,16,3,12,41.9860011371,-87.7875279202,POINT (-87.787527920187 41.986001137112)
827453a51d154412e1c2e9c332fa9f4a4b610ad03cfb4e4e9783e76220f6a661d37daffe227e057217cb1ceeeca3adde6d356bb3fe6b50b18dde3683a251e9e8,,04/09/2022 02:27:00 PM,10,NO CONTROLS,NO CONTROLS,CLEAR,DAYLIGHT,TURNING,PARKING LOT,,STRAIGHT AND LEVEL,DRY,UNKNOWN,NOT ON SCENE (DESK REPORT),NO INJURY / DRIVE AWAY,,Y,,"$501 - $1,500",04/09/2022 03:00:00 PM,UNABLE TO DETERMINE,DRIVING SKILLS/KNOWLEDGE/EXPERIENCE,2015,N,CENTRAL PARK AVE,1413.0,,,,,,,2,NO INDICATION OF INJURY,0.0,0.0,0.0,0.0,0.0,5.0,0.0,14,7,4,41.9177435632,-87.7166378515,POINT (-87.71663785149 41.917743563162)
8491c49afb087ad2ccd957af7283af61fbc256de4fb5972992dcc2644657149a306959adfd02e9310caff9d2a292549f57e5ab43db7062146dd638af905feec4,,05/05/2025 08:25:00 AM,30,TRAFFIC SIGNAL,FUNCTIONING PROPERLY,CLEAR,DAYLIGHT,TURNING,NOT DIVIDED,,STRAIGHT AND LEVEL,DRY,UNKNOWN,NOT ON SCENE (DESK REPORT),NO INJURY / DRIVE AWAY,Y,,,"OVER $1,500",05/05/2025 09:30:00 AM,FAILING TO YIELD RIGHT-OF-WAY,FAILING TO REDUCE SPEED TO AVOID CRASH,2403,N,OAK PARK AVE,2512.0,,,,,,,2,NO INDICATION OF INJURY,0.0,0.0,0.0,0.0,0.0,2.0,0.0,8,2,5,41.9237502358,-87.7950962943,POINT (-87.795096294277 41.923750235779)
288c9422f459f32e75285291fab96fd371c867f2d7df70e36ac56684a1e0eb857e12dd64f89cd25ac1fb0012c48224e17341d568070a530996b16edb452c635c,,01/02/2024 08:45:00 AM,35,STOP SIGN/FLASHER,NO CONTROLS,CLEAR,DAYLIGHT,ANGLE,FOUR WAY,,STRAIGHT AND LEVEL,DRY,NO DEFECTS,NOT ON SCENE (DESK REPORT),NO INJURY / DRIVE AWAY,,,,"OVER $1,500",01/02/2024 09:05:00 AM,FAILING TO YIELD RIGHT-OF-WAY,NOT APPLICABLE,8100,S,LOOMIS BLVD,614.0,,,,,,,2,NO INDICATION OF INJURY,0.0,0.0,0.0,0.0,0.0,2.0,0.0,8,3,1,41.7466929011,-87.6586374116,POINT (-87.658637411569 41.746692901132)
dedb5e7663e4c6dd1d1fe65e3f1bd6e332e16a10045d7af8423c4620d1178d9dc3bdce29088842ad7e2a252509d844e47f9e1712ca30c287064b412ea9b8f051,,08/07/2018 01:58:00 PM,30,NO CONTROLS,NO CONTROLS,RAIN,DAYLIGHT,SIDESWIPE SAME DIRECTION,NOT DIVIDED,,STRAIGHT AND LEVEL,DRY,NO DEFECTS,NOT ON SCENE (DESK REPORT),NO INJURY / DRIVE AWAY,,,,"$501 - $1,500",08/07/2018 07:15:00 PM,FAILING TO YIELD RIGHT-OF-WAY,NOT APPLICABLE,1100,W,DIVISION ST,1822.0,,,,,,,2,NO INDICATION OF INJURY,0.0,0.0,0.0,0.0,0.0,2.0,0.0,13,3,8,41.903639931,-87.65554697,POINT (-87.655546970003 41.903639930952)
d189666308bcfd4b79456d606be4c6dafe492fc32c9deefed0cb21adebf266061173b41e5745467ba4e96177a26666914956e4bb81f4272382073376ce5988b6,,07/20/2021 08:10:00 PM,45,TRAFFIC SIGNAL,FUNCTIONING PROPERLY,CLEAR,"DARKNESS, LIGHTED ROAD",REAR END,NOT DIVIDED,,STRAIGHT AND LEVEL,DRY,NO DEFECTS,NOT ON SCENE (DESK REPORT),INJURY AND / OR TOW DUE TO CRASH,,,Y,"OVER $1,500",07/20/2021 08:42:00 PM,DRIVING SKILLS/KNOWLEDGE/EXPERIENCE,NOT APPLICABLE,6256,S,LAKE SHORE DR,331.0,,,,,,,2,NONINCAPACITATING INJURY,1.0,0.0,0.0,1.0,0.0,1.0,0.0,20,3,7,,,
569ec1988a0b5f0bc05b96ae71b4ecba2bf486392775bfacc4b8f55c308965d6845d6de5fa8b1e500d68f11dd582575c028b2a2beee3c14134d75bb1051c5992,,07/27/2017 07:13:00 PM,30,NO CONTROLS,NO CONTROLS,CLEAR,DAYLIGHT,PARKED MOTOR VEHICLE,NOT DIVIDED,2,STRAIGHT AND LEVEL,DRY,NO DEFECTS,ON SCENE,INJURY AND / OR TOW DUE TO CRASH,,Y,,"$501 - $1,500",07/27/2017 07:13:00 PM,"EVASIVE ACTION DUE TO ANIMAL, OBJECT, NONMOTORIST",DISTRACTION - FROM OUTSIDE VEHICLE,625,E,71ST ST,323.0,Y,Y,,,,,2,NONINCAPACITATING INJURY,1.0,0.0,0.0,1.0,0.0,2.0,0.0,19,5,7,41.765701783,-87.6093660435,POINT (-87.609366043467 41.765701783013)
6726e882a2617a37f502ae3c702113271226340ac4cc46147208e6e54502279879ca80e3f0d764f91978a102c95060ff95016b9541b389c5898bbeb93ee79a23,,10/18/2022 01:30:00 PM,20,NO CONTROLS,NO CONTROLS,CLEAR,DAYLIGHT,PARKED MOTOR VEHICLE,NOT DIVIDED,,STRAIGHT AND LEVEL,DRY,NO DEFECTS,NOT ON SCENE (DESK REPORT),NO INJURY / DRIVE AWAY,,,,"$501 - $1,500",10/18/2022 01:49:00 PM,UNABLE TO DETERMINE,NOT APPLICABLE,6150,N,CHRISTIANA AVE,1711.0,,,,,,,2,NO INDICATION OF INJURY,0.0,0.0,0.0,0.0,0.0,3.0,0.0,13,3,10,41.9935577738,-87.7126978241,POINT (-87.712697824147 41.993557773794)
5313818d07ff74a5004d77083b6483d76bdb9c75106ff260d55c7c0a6e26d1785876e7ab5916108a2ee5341fd0dd9ff98d9e06aea13a559bbac7f871b491a419,,07/01/2021 05:00:00 PM,15,NO CONTROLS,NO CONTROLS,CLEAR,DAYLIGHT,PARKED MOTOR VEHICLE,OTHER,,STRAIGHT AND LEVEL,UNKNOWN,UNKNOWN,NOT ON SCENE (DESK REPORT),NO INJURY / DRIVE AWAY,,,Y,"$501 - $1,500",07/01/2021 07:00:00 PM,UNABLE TO DETERMINE,UNABLE TO DETERMINE,298,W,MONTROSE HARBOR DR,1915.0,,,,,,,2,NO INDICATION OF INJURY,0.0,0.0,0.0,0.0,0.0,1.0,0.0,17,5,7,41.9621514117,-87.6350291324,POINT (-87.635029132397 41.962151411716)
cfa6e56ffcbf964b4d93b34bcf09629550caa67e52de030827af6e1ae914ee0e7e66d9b6ad480cd557d0ba74c3b113d8099ea903ff2a4633f2039abf43d011f5,,12/19/2023 10:30:00 AM,10,NO CONTROLS,NO CONTROLS,CLEAR,DAYLIGHT,PARKED MOTOR VEHICLE,PARKING LOT,,STRAIGHT AND LEVEL,DRY,NO DEFECTS,NOT ON SCENE (DESK REPORT),NO INJURY / DRIVE AWAY,,Y,Y,"OVER $1,500",12/19/2023 12:51:00 PM,IMPROPER OVERTAKING/PASSING,NOT APPLICABLE,1224,S,WABASH AVE,131.0,,,,,,,2,NO INDICATION OF INJURY,0.0,0.0,0.0,0.0,0.0,1.0,0.0,10,3,12,41.8667243541,-87.6259611484,POINT (-87.625961148378 41.866724354056)
6af0294675b84c26d4abd4e18886ec24d914cb586e29d050a2b1f6ec3ac56aee3f2b6bd5b7befee3c4904a2792a6efda934ef9801a2f9910aec9259277a97812,,07/09/2021 03:06:00 PM,35,NO CONTROLS,NO CONTROLS,CLEAR,DAYLIGHT,SIDESWIPE SAME DIRECTION,DIVIDED - W/MEDIAN (NOT RAISED),,STRAIGHT AND LEVEL,DRY,NO DEFECTS,ON SCENE,NO INJURY / DRIVE AWAY,,,,"OVER $1,500",07/09/2021 03:58:00 PM,FAILING TO YIELD RIGHT-OF-WAY,UNABLE TO DETERMINE,6899,N,RIDGE BLVD,2424.0,,,,,,,2,NO INDICATION OF INJURY,0.0,0.0,0.0,0.0,0.0,5.0,0.0,15,6,7,42.0064103135,-87.6805703776,POINT (-87.680570377624 42.00641031353)
0a0eecf96b6a9dd7f0725d9d6d27331d07e0c9c90e74d74e4c069bcd15da61e4a710877773cdb030623ad73658a4b3e2d35feca73ba8f1c40856dbca5dc3e402,,09/17/2025 12:00:00 PM,30,NO CONTROLS,NO CONTROLS,CLEAR,DAYLIGHT,PARKED MOTOR VEHICLE,PARKING LOT,,STRAIGHT AND LEVEL,DRY,NO DEFECTS,NOT ON SCENE (DESK REPORT),NO INJURY / DRIVE AWAY,,Y,Y,"OVER $1,500",09/17/2025 04:12:00 PM,UNABLE TO DETERMINE,UNABLE TO DETERMINE,558,W,35TH ST,915.0,,,,,,,2,NO INDICATION OF INJURY,0.0,0.0,0.0,0.0,0.0,1.0,0.0,12,4,9,41.830925756,-87.6411761478,POINT (-87.641176147825 41.83092575597)
ca0a2ed0b457ec2c30f65374eaa1290712105450b4bcc286a7ed7c7b2559ea43dffa11bf9e2dbca1d900b4c0cca7be081282767f1c97d64138b22b1fa21eaa85,Y,10/02/2021 09:00:00 PM,30,NO CONTROLS,NO CONTROLS,CLEAR,"DARKNESS, LIGHTED ROAD",PARKED MOTOR VEHICLE,NOT DIVIDED,,STRAIGHT AND LEVEL,WET,UNKNOWN,ON SCENE,NO INJURY / DRIVE AWAY,,,Y,"OVER $1,500",10/02/2021 09:30:00 PM,FAILING TO REDUCE SPEED TO AVOID CRASH,NOT APPLICABLE,5312,S,HYDE PARK BLVD,234.0,,,,,,,2,NO INDICATION OF INJURY,0.0,0.0,0.0,0.0,0.0,1.0,0.0,21,7,10,41.7991794362,-87.5841908847,POINT (-87.584190884735 41.799179436171)
6ab557797543fd6e13cea5236160e51b4f54fe4050bfb0b2c264cfd822dfa31e53ba6afecb664ba6d1bc2235d4f5c340f3193c0bb0408d4f2eb9fa98ff03d7e6,,09/30/2021 05:24:00 PM,35,STOP SIGN/FLASHER,FUNCTIONING PROPERLY,CLEAR,DAYLIGHT,REAR END,NOT DIVIDED,,STRAIGHT AND LEVEL,DRY,NO DEFECTS,ON SCENE,NO INJURY / DRIVE AWAY,,,,"OVER $1,500",09/30/2021 05:32:00 PM,UNABLE TO DETERMINE,FAILING TO REDUCE SPEED TO AVOID CRASH,5700,S,CORNELL DR,331.0,,,,,,,2,NO INDICATION OF INJURY,0.0,0.0,0.0,0.0,0.0,2.0,0.0,17,5,9,41.7915802043,-87.5855642152,POINT (-87.585564215195 41.791580204331)
16f001a7aca17203154fbcf19b0a0550ad0d762c9e5dc88dfd6d77b9a608e89b1343567c92682192dc5304d7cbb10e206bfaeb42e58e87fe8b0b9e3f9a71d283,,07/29/2021 03:30:00 PM,30,NO CONTROLS,NO CONTROLS,CLEAR,DAYLIGHT,ANGLE,NOT DIVIDED,,STRAIGHT AND LEVEL,DRY,NO DEFECTS,NOT ON SCENE (DESK REPORT),NO INJURY / DRIVE AWAY,,,,"OVER $1,500",07/29/2021 05:00:00 PM,FAILING TO YIELD RIGHT-OF-WAY,FAILING TO YIELD RIGHT-OF-WAY,2200,W,69TH ST,832.0,,,,,,,2,NO INDICATION OF INJURY,0.0,0.0,0.0,0.0,0.0,3.0,0.0,15,5,7,41.768493276,-87.6787762121,POINT (-87.678776212105 41.768493275971)
c332fb594e60fb3dafb3f2001ba4989d0effdd405325926638bf00812452e1e1a9759de9762dee1c687bfc6d3d677cc8d55be851f52cb4ff20b7cd8942ba6e4d,,08/25/2020 05:40:00 PM,25,DELINEATORS,FUNCTIONING PROPERLY,CLEAR,DAYLIGHT,REAR END,DIVIDED - W/MEDIAN (NOT RAISED),,STRAIGHT AND LEVEL,DRY,NO DEFECTS,NOT ON SCENE (DESK REPORT),NO INJURY / DRIVE AWAY,,,,$500 OR LESS,08/25/2020 06:30:00 PM,FOLLOWING TOO CLOSELY,FOLLOWING TOO CLOSELY,2451,W,TOUHY AVE,2411.0,,,,,,,2,NO INDICATION OF INJURY,0.0,0.0,0.0,0.0,0.0,3.0,0.0,17,3,8,42.0121283864,-87.6922023259,POINT (-87.692202325901 42.012128386362)
11b3a740a9995a7dd8cf3b1b6236d1e165c864dccd2b801a8a1261a3c9dcb2ab6a97519b2d8f2bca45f4231a097d5197a10a08aef1474c9e510f129ae62f3c65,,10/20/2023 11:40:00 PM,30,NO CONTROLS,NO CONTROLS,CLEAR,"DARKNESS, LIGHTED ROAD",PARKED MOTOR VEHICLE,NOT DIVIDED,,STRAIGHT AND LEVEL,DRY,NO DEFECTS,ON SCENE,NO INJURY / DRIVE AWAY,,,,"$501 - $1,500",10/20/2023 11:43:00 PM,NOT APPLICABLE,NOT APPLICABLE,5353,W,IRVING PARK RD,1634.0,,Y,,,,,2,NO INDICATION OF INJURY,0.0,0.0,0.0,0.0,0.0,2.0,0.0,23,6,10,41.9531394781,-87.7617193339,POINT (-87.761719333892 41.953139478058)
11fd87599e9b9d62b2da75d03fda2c3bc0ffa01ab54c006dd218a334daf0b48b2b883408da4f17b45ce086e187780ece4997b33ba3df5ddec6b87306df185261,,09/21/2025 05:00:00 PM,30,TRAFFIC SIGNAL,FUNCTIONING PROPERLY,CLEAR,DAYLIGHT,REAR END,DIVIDED - W/MEDIAN BARRIER,,STRAIGHT AND LEVEL,DRY,NO DEFECTS,ON SCENE,INJURY AND / OR TOW DUE TO CRASH,,,,"OVER $1,500",09/21/2025 05:56:00 PM,FAILING TO REDUCE SPEED TO AVOID CRASH,NOT APPLICABLE,7600,S,LAFAYETTE AVE,623.0,,,,,,,2,NONINCAPACITATING INJURY,1.0,0.0,0.0,1.0,0.0,2.0,0.0,17,1,9,41.7563200058,-87.6264755773,POINT (-87.626475577283 41.756320005823)