CRASH_RECORD_ID,CRASH_DATE_EST_I,CRASH_DATE,POSTED_SPEED_LIMIT,TRAFFIC_CONTROL_DEVICE,DEVICE_CONDITION,WEATHER_CONDITION,LIGHTING_CONDITION,FIRST_CRASH_TYPE,TRAFFICWAY_TYPE,LANE_CNT,ALIGNMENT,ROADWAY_SURFACE_COND,ROAD_DEFECT,REPORT_TYPE,CRASH_TYPE,INTERSECTION_RELATED_I,NOT_RIGHT_OF_WAY_I,HIT_AND_RUN_I,DAMAGE,DATE_POLICE_NOTIFIED,PRIM_CONTRIBUTORY_CAUSE,SEC_CONTRIBUTORY_CAUSE,STREET_NO,STREET_DIRECTION,STREET_NAME,BEAT_OF_OCCURRENCE,PHOTOS_TAKEN_I,STATEMENTS_TAKEN_I,DOORING_I,WORK_ZONE_I,WORK_ZONE_TYPE,WORKERS_PRESENT_I,NUM_UNITS,MOST_SEVERE_INJURY,INJURIES_TOTAL,INJURIES_FATAL,INJURIES_INCAPACITATING,INJURIES_NON_INCAPACITATING,INJURIES_REPORTED_NOT_EVIDENT,INJURIES_NO_INDICATION,INJURIES_UNKNOWN,CRASH_HOUR,CRASH_DAY_OF_WEEK,CRASH_MONTH,LATITUDE,LONGITUDE,LOCATION
4c3df2fd5fe70b2c86ff50748b666f7e79077ee4dbd97f75b5484e8769eda948fc429d61e03a5ac6cf4e41af709d996828790694c857d81013202eaed6e1fca8,,12/15/2018 08:00:00 PM,30,TRAFFIC SIGNAL,FUNCTIONING PROPERLY,CLEAR,"DARKNESS, LIGHTED ROAD",FIXED OBJECT,NOT DIVIDED,,STRAIGHT AND LEVEL,DRY,NO DEFECTS,ON SCENE,INJURY AND / OR TOW DUE TO CRASH,Y,,Y,"$501 - $1,500",12/15/2018 08:29:00 PM,DRIVING SKILLS/KNOWLEDGE/EXPERIENCE,UNABLE TO DETERMINE,3600,W,ROOSEVELT RD,1133.0,,,,,,,2,NO INDICATION OF INJURY,0.0,0.0,0.0,0.0,0.0,3.0,0.0,20,7,12,41.8663988918,-87.7154836783,POINT (-87.715483678285 41.866398891809)
e8f2988ba20c20258d3440f3211d4a845c356c2edb635ffd258b0cf49477dc4feac0df529f9e22be3c13d1c266675d47c7d7d367de6adc0682ffa4a7bd04650a,,03/17/2017 03:15:00 PM,30,NO CONTROLS,NO CONTROLS,CLEAR,DAYLIGHT,REAR END,NOT DIVIDED,4,STRAIGHT AND LEVEL,DRY,UNKNOWN,NOT ON SCENE (DESK REPORT),NO INJURY / DRIVE AWAY,,,,"OVER $1,500",03/17/2017 04:00:00 PM,FOLLOWING TOO CLOSELY,FOLLOWING TOO CLOSELY,4600,N,WESTERN AVE,1911.0,,,,,,,2,NO INDICATION OF INJURY,0.0,0.0,0.0,0.0,0.0,4.0,0.0,15,6,3,41.9649081632,-87.688939911,POINT (-87.688939910998 41.964908163223)
ebc2f013952da9608c94f2fb2c969d2cf2e73074ce0644e40eed0bbe47ad406f19e13bec3fb427c3bbdc43eaae8c96dfefc8081fa759200320b1022cd9ab0fe2,,02/04/2018 03:15:00 PM,35,NO CONTROLS,NO CONTROLS,SNOW,DAYLIGHT,PARKED MOTOR VEHICLE,NOT DIVIDED,,STRAIGHT AND LEVEL,DRY,NO DEFECTS,NOT ON SCENE (DESK REPORT),NO INJURY / DRIVE AWAY,,,,"$501 - $1,500",02/05/2018 03:38:00 PM,UNABLE TO DETERMINE,UNABLE TO DETERMINE,4420,N,SPAULDING AVE,1724.0,,,,,,,2,NO INDICATION OF INJURY,0.0,0.0,0.0,0.0,0.0,1.0,0.0,15,1,2,41.9618136097,-87.7108579787,POINT (-87.710857978665 41.961813609727)
84e324ddddebf55305dd9a3e2f1a97936f50ca5887a3999e8797609961324bef923076d7b0bf2dbd8a981b97737d5af76c3dfb92bb0de4976c76f96d5e961e48,,08/02/2020 02:48:00 PM,30,NO CONTROLS,NO CONTROLS,CLEAR,DAYLIGHT,REAR END,NOT DIVIDED,,STRAIGHT AND LEVEL,DRY,NO DEFECTS,ON SCENE,NO INJURY / DRIVE AWAY,,,Y,"OVER $1,500",08/02/2020 02:58:00 PM,UNABLE TO DETERMINE,NOT APPLICABLE,7232,S,JEFFERY BLVD,333.0,,,,,,,2,NO INDICATION OF INJURY,0.0,0.0,0.0,0.0,0.0,3.0,0.0,14,1,8,41.7633856781,-87.5763871578,POINT (-87.576387157834 41.763385678091)
26a1c2440883df38428307622bba2fa070e148626f04403c6952afcc6aa5044320ac0051efb3182bf5b93eb019564219fdcb520075f7f6857e58332dddba49bb,,06/19/2022 04:29:00 PM,30,TRAFFIC SIGNAL,FUNCTIONING PROPERLY,CLEAR,DAYLIGHT,REAR END,NOT DIVIDED,,STRAIGHT AND LEVEL,DRY,UNKNOWN,ON SCENE,INJURY AND / OR TOW DUE TO CRASH,Y,,,"OVER $1,500",06/19/2022 04:32:00 PM,UNABLE TO DETERMINE,UNABLE TO DETERMINE,1428,W,119TH ST,524.0,,,,,,,2,NO INDICATION OF INJURY,0.0,0.0,0.0,0.0,0.0,2.0,0.0,16,1,6,41.6777036006,-87.6576818531,POINT (-87.65768185308 41.677703600563)
9f6242bbae2bfa8236b681ca7b58de8a941b0647ce1289aae4c132745e15bc8312141f7b804b2b14beb83a07323045cea0287c44fe1e5443181d988cd456c3fc,,10/05/2021 01:47:00 PM,40,NO CONTROLS,NO CONTROLS,CLOUDY/OVERCAST,DAYLIGHT,SIDESWIPE SAME DIRECTION,DIVIDED - W/MEDIAN BARRIER,,STRAIGHT ON HILLCREST,DRY,NO DEFECTS,ON SCENE,INJURY AND / OR TOW DUE TO CRASH,,,Y,"OVER $1,500",10/05/2021 01:51:00 PM,UNABLE TO DETERMINE,UNABLE TO DETERMINE,4402,N,LAKE SHORE DR SB,1914.0,,,,,,,4,NONINCAPACITATING INJURY,1.0,0.0,0.0,1.0,0.0,4.0,0.0,13,3,10,41.9620772792,-87.6466488202,POINT (-87.64664882017 41.962077279165)
b22ef78dc11e85d1b6799a818fb9c0a90a8fc848c4e66b1636e85b38f1cfecca0f0ecbc63863cc87c05c8c83fc4058f735cf786449e2e26f91b2578e38a53935,,07/02/2019 03:07:00 PM,30,TRAFFIC SIGNAL,FUNCTIONING PROPERLY,CLEAR,DAYLIGHT,ANGLE,ONE-WAY,,STRAIGHT AND LEVEL,DRY,NO DEFECTS,ON SCENE,NO INJURY / DRIVE AWAY,,,Y,"OVER $1,500",07/02/2019 03:07:00 PM,UNABLE TO DETERMINE,NOT APPLICABLE,4299,S,LA SALLE ST,213.0,,,,,,,2,NO INDICATION OF INJURY,0.0,0.0,0.0,0.0,0.0,2.0,0.0,15,3,7,41.8164609318,-87.6292933135,POINT (-87.629293313473 41.816460931793)
1a940e9c59952b3f43a3aaa59173634d135e385f1340fe400e1c0ce7686a74e2ed55cb425f09e4c1746fcb2cf080ea67869eab4ec9b9a49c058b148d1c8f58bf,,01/31/2020 06:15:00 PM,30,NO CONTROLS,NO CONTROLS,CLEAR,DARKNESS,ANGLE,DIVIDED - W/MEDIAN (NOT RAISED),,STRAIGHT AND LEVEL,DRY,NO DEFECTS,NOT ON SCENE (DESK REPORT),NO INJURY / DRIVE AWAY,,,,"OVER $1,500",02/03/2020 04:25:00 PM,UNABLE TO DETERMINE,UNABLE TO DETERMINE,6900,S,SOUTH SHORE DR,331.0,,,,,,,2,NO INDICATION OF INJURY,0.0,0.0,0.0,0.0,0.0,2.0,0.0,18,6,1,41.7698126121,-87.5666923948,POINT (-87.566692394772 41.769812612097)
fb2815e47e070bb549142ef423ee53d9c86446fdcedf1ab4fdaf5801f1c45102dd63c604837585ed0f831b6a1e1b14223c60b1947b6d7eb62a676f00fb7cfffa,,11/06/2020 08:34:00 PM,25,NO CONTROLS,NO CONTROLS,CLEAR,DARKNESS,PARKED MOTOR VEHICLE,NOT DIVIDED,,STRAIGHT AND LEVEL,DRY,NO DEFECTS,ON SCENE,NO INJURY / DRIVE AWAY,,,,"OVER $1,500",11/06/2020 08:35:00 PM,IMPROPER LANE USAGE,NOT APPLICABLE,3165,W,MONROE ST,1124.0,,,,,,,2,NO INDICATION OF INJURY,0.0,0.0,0.0,0.0,0.0,1.0,0.0,20,6,11,41.8795482804,-87.7054130562,POINT (-87.705413056213 41.879548280382)
46477fffa02ae3f76ed9ba9f443fe896f2c13527cf56b11ed723c94b3ddfc2a36fd8b0d6d1c75da36d158b792d67b27def1d4068f51a0efdd128a3144c1fce40,,02/11/2022 12:45:00 PM,35,OTHER,OTHER,CLEAR,DAYLIGHT,REAR TO FRONT,NOT DIVIDED,,STRAIGHT AND LEVEL,WET,NO DEFECTS,ON SCENE,NO INJURY / DRIVE AWAY,N,,,"$501 - $1,500",02/11/2022 12:55:00 PM,IMPROPER BACKING,IMPROPER LANE USAGE,1458,W,18TH ST,1233.0,,,,,,,2,NO INDICATION OF INJURY,0.0,0.0,0.0,0.0,0.0,2.0,0.0,12,6,2,41.8579451669,-87.6637121014,POINT (-87.663712101389 41.857945166904)
45977304d6a0f30d070f1aad9ea9f292f9f8e7e95502580816419435b838ccf3430b71541a7a05cf57e286874c8c880db93ee3068897dd56a6b7bd7b4577285d,,03/17/2017 04:30:00 PM,30,NO CONTROLS,NO CONTROLS,CLEAR,DAYLIGHT,REAR END,NOT DIVIDED,,STRAIGHT AND LEVEL,DRY,NO DEFECTS,NOT ON SCENE (DESK REPORT),NO INJURY / DRIVE AWAY,,,,"$501 - $1,500",03/17/2017 08:06:00 PM,UNABLE TO DETERMINE,UNABLE TO DETERMINE,400,E,66TH ST,312.0,,,,,,,2,NO INDICATION OF INJURY,0.0,0.0,0.0,0.0,0.0,2.0,0.0,16,6,3,41.7748967404,-87.6154360329,POINT (-87.615436032896 41.774896740363)
b71f8cda79b62daabcb879b2d6f5a438e5abdc7551a420a27df49247c33c40dc3f7b0c0de2007ec430085eb297ea7874db5515e088c99e691bb737ebc8c69e05,,09/11/2025 02:50:00 PM,30,OTHER,NO CONTROLS,CLEAR,DAYLIGHT,ANGLE,NOT DIVIDED,,STRAIGHT AND LEVEL,DRY,NO DEFECTS,NOT ON SCENE (DESK REPORT),NO INJURY / DRIVE AWAY,Y,,,"OVER $1,500",09/11/2025 04:12:00 PM,FAILING TO YIELD RIGHT-OF-WAY,DRIVING SKILLS/KNOWLEDGE/EXPERIENCE,2362,W,LOGAN BLVD,1432.0,,,,,,,2,NO INDICATION OF INJURY,0.0,0.0,0.0,0.0,0.0,2.0,0.0,14,5,9,41.9293000732,-87.6870519824,POINT (-87.687051982367 41.929300073166)
05484141004f0db848926fa3d181cf628bd63b2b88be355ef59d2dd81b56dd3ead10745f682d5265c6dc184c6e8e6e9014f2f71ffc959c4d26a791f1f39d4c10,,09/20/2023 08:26:00 AM,30,TRAFFIC SIGNAL,FUNCTIONING PROPERLY,CLEAR,DAYLIGHT,TURNING,FOUR WAY,,STRAIGHT AND LEVEL,DRY,NO DEFECTS,NOT ON SCENE (DESK REPORT),NO INJURY / DRIVE AWAY,Y,,Y,"OVER $1,500",09/20/2023 06:29:00 PM,IMPROPER TURNING/NO SIGNAL,UNABLE TO DETERMINE,6600,S,MARQUETTE RD,312.0,,,,,,,2,NO INDICATION OF INJURY,0.0,0.0,0.0,0.0,0.0,2.0,0.0,8,4,9,41.7747383284,-87.6132404634,POINT (-87.613240463362 41.774738328394)
7595713d941efcc1d4a512950d160027d6c0e24eb36005d7542baa231f8a063f2025fb3f69a9fdb49a066f4ee1c8dccc501f477f29a04a8e14dfd40dc8fda1cc,,09/28/2024 07:14:00 AM,40,NO CONTROLS,NO CONTROLS,RAIN,DAYLIGHT,REAR END,DIVIDED - W/MEDIAN BARRIER,,"CURVE, LEVEL",WET,NO DEFECTS,ON SCENE,NO INJURY / DRIVE AWAY,,,,"OVER $1,500",09/28/2024 07:33:00 AM,DRIVING SKILLS/KNOWLEDGE/EXPERIENCE,WEATHER,900,N,LAKE SHORE DR,1833.0,,,,,,,2,NO INDICATION OF INJURY,0.0,0.0,0.0,0.0,0.0,8.0,0.0,7,7,9,41.8992809909,-87.6188945123,POINT (-87.618894512302 41.89928099092)
f26f424d744dd8fdf5cac5f8714865e30f08a5443f91496be9f7d7294a7a49f307d916929e48a2d3a293e8019af10ad5eee8b76cf7dd0db35e1d6793dd54f01a,,08/16/2017 12:30:00 PM,30,NO CONTROLS,NO CONTROLS,CLEAR,DAYLIGHT,TURNING,PARKING LOT,1,STRAIGHT ON GRADE,DRY,NO DEFECTS,NOT ON SCENE (DESK REPORT),NO INJURY / DRIVE AWAY,,,,"$501 - $1,500",08/16/2017 02:26:00 PM,UNABLE TO DETERMINE,NOT APPLICABLE,2101,W,CERMAK RD,1034.0,,,,,,,2,NO INDICATION OF INJURY,0.0,0.0,0.0,0.0,0.0,3.0,0.0,12,4,8,41.8520256918,-87.6784122433,POINT (-87.678412243343 41.852025691815)
51d3c90557e02fe0aa1be320660409655a069e0fcbf55ca70afd867a9d5d1cbcb802ea052b5170076637ed2645ae05fa951bde2e590cceb4678e595e4f2c5ffb,,05/20/2022 12:39:00 AM,30,TRAFFIC SIGNAL,UNKNOWN,CLEAR,"DARKNESS, LIGHTED ROAD",REAR END,FOUR WAY,,STRAIGHT AND LEVEL,DRY,UNKNOWN,ON SCENE,NO INJURY / DRIVE AWAY,Y,,,$500 OR LESS,05/20/2022 01:36:00 AM,UNABLE TO DETERMINE,NOT APPLICABLE,3048,W,FULLERTON AVE,1414.0,,,,,,,2,NO INDICATION OF INJURY,0.0,0.0,0.0,0.0,0.0,2.0,0.0,0,6,5,41.9248545394,-87.7041675434,POINT (-87.704167543388 41.924854539421)
a4e21ab6a34f3fd82cb92d1f281928a30264bb31cd254e532737b291920d25e12a1f4102d5623de246d7586875d08b1071907e40a617e3d2861808ff23882ebd,,10/29/2021 07:17:00 AM,30,TRAFFIC SIGNAL,FUNCTIONING PROPERLY,RAIN,DAYLIGHT,HEAD ON,NOT DIVIDED,,STRAIGHT AND LEVEL,WET,NO DEFECTS,ON SCENE,NO INJURY / DRIVE AWAY,Y,,,"OVER $1,500",10/29/2021 08:00:00 AM,UNABLE TO DETERMINE,UNABLE TO DETERMINE,634,W,LAKE ST,1214.0,,,,,,,2,NO INDICATION OF INJURY,0.0,0.0,0.0,0.0,0.0,2.0,0.0,7,6,10,41.8858070197,-87.6441718947,POINT (-87.644171894657 41.885807019662)
1e440f38bc0c07539883a20a94994464a47fcacee5c5af57cc7a373ebbeb7a2931be27f6710e45e1cf4ec0e46b8b29a306811adea7ab06a41206ad2132c75f82,,10/19/2021 08:14:00 AM,30,NO CONTROLS,NO CONTROLS,CLEAR,DAYLIGHT,TURNING,NOT DIVIDED,,STRAIGHT AND LEVEL,DRY,NO DEFECTS,ON SCENE,INJURY AND / OR TOW DUE TO CRASH,,,,"OVER $1,500",10/19/2021 08:14:00 AM,IMPROPER TURNING/NO SIGNAL,UNABLE TO DETERMINE,6141,S,RACINE AVE,712.0,,N,,,,,2,INCAPACITATING INJURY,2.0,0.0,1.0,1.0,0.0,2.0,0.0,8,3,10,41.7820277988,-87.65441813,POINT (-87.654418129994 41.782027798795)
abc104dde0e29aae0b7e955456d5c4b4707e1953f8b5ff1e6fc272ed65f45be2a8fa658b5c27b6a9f7c183182b4732975a78d334524122b17a5211e7cf3af693,,01/16/2021 07:35:00 AM,30,TRAFFIC SIGNAL,FUNCTIONING PROPERLY,SNOW,DAYLIGHT,REAR END,DIVIDED - W/MEDIAN (NOT RAISED),,STRAIGHT AND LEVEL,SNOW OR SLUSH,NO DEFECTS,NOT ON SCENE (DESK REPORT),NO INJURY / DRIVE AWAY,,,,"OVER $1,500",01/16/2021 07:50:00 AM,WEATHER,WEATHER,2258,W,ROOSEVELT RD,1225.0,,,,,,,2,NO INDICATION OF INJURY,0.0,0.0,0.0,0.0,0.0,3.0,0.0,7,7,1,41.8667583434,-87.6834698385,POINT (-87.683469838532 41.866758343433)
c589db16095c4f984184801ac7b3db5ec1445062f754f7c1e3cd1678f7f378071dc32e2d147f786f1b971d3b80e8eaf213d36f327ab79e08990bc2b599c30a27,,06/20/2024 08:30:00 PM,25,NO CONTROLS,NO CONTROLS,CLOUDY/OVERCAST,"DARKNESS, LIGHTED ROAD",FIXED OBJECT,PARKING LOT,,STRAIGHT AND LEVEL,DRY,NO DEFECTS,ON SCENE,INJURY AND / OR TOW DUE TO CRASH,,,Y,"OVER $1,500",06/20/2024 08:45:00 PM,NOT APPLICABLE,NOT APPLICABLE,7301,S,LANGLEY AVE,323.0,,,,,,,1,NO INDICATION OF INJURY,0.0,0.0,0.0,0.0,0.0,1.0,0.0,20,5,6,41.7620985669,-87.6077781394,POINT (-87.607778139432 41.762098566929)
980730707cd610723c5dc8a6d927c4bd0c88f30eb3b97eb679c00f24d6ca9d41728a7df6f1295bb608769f97ec742d7bca656ca7cd452eeba4f5ec5093933829,,12/28/2017 03:15:00 PM,35,NO CONTROLS,NO CONTROLS,SNOW,DAYLIGHT,FIXED OBJECT,ALLEY,1,STRAIGHT AND LEVEL,SNOW OR SLUSH,NO DEFECTS,ON SCENE,NO INJURY / DRIVE AWAY,,Y,Y,"OVER $1,500",12/28/2017 03:15:00 PM,EXCEEDING AUTHORIZED SPEED LIMIT,NOT APPLICABLE,645,N,AVERS AVE,1122.0,,,,,,,1,NO INDICATION OF INJURY,0.0,0.0,0.0,0.0,0.0,2.0,0.0,15,5,12,41.8931247281,-87.7221989626,POINT (-87.722198962583 41.893124728143)
15fb7332541398441a1c4e1c75fa2f734ab42e2c8acef3d92a2955620c8c91c96f7ef5d36a01f97b21776fee5c20ab7cec3bf0f3b637ad654793a55d91c101e7,,01/27/2023 12:45:00 PM,25,TRAFFIC SIGNAL,FUNCTIONING PROPERLY,SNOW,DAYLIGHT,PEDESTRIAN,"FIVE POINT, OR MORE",,STRAIGHT AND LEVEL,WET,NO DEFECTS,ON SCENE,INJURY AND / OR TOW DUE TO CRASH,Y,,,$500 OR LESS,01/27/2023 01:00:00 PM,UNABLE TO DETERMINE,UNABLE TO DETERMINE,2370,N,LINCOLN AVE,1812.0,,,,,,,2,NONINCAPACITATING INJURY,1.0,0.0,0.0,1.0,0.0,1.0,0.0,12,6,1,41.9250874892,-87.6484674599,POINT (-87.648467459911 41.925087489235)
f2b2f3e39637387f827b9ec8107fda146cceb4db18f0fc5eb3807f5a49920a7d1a66a991212d2bae36a40cb4b29ff8677ca76a6ed2e1c5c80e0e18dafa00c16a,,07/20/2017 06:45:00 AM,30,TRAFFIC SIGNAL,FUNCTIONING PROPERLY,CLEAR,DAYLIGHT,SIDESWIPE SAME DIRECTION,ONE-WAY,,STRAIGHT AND LEVEL,WET,NO DEFECTS,NOT ON SCENE (DESK REPORT),NO INJURY / DRIVE AWAY,,,N,"$501 - $1,500",07/20/2017 12:30:00 PM,FAILING TO YIELD RIGHT-OF-WAY,FAILING TO YIELD RIGHT-OF-WAY,230,W,87TH ST,622.0,,,,,,,2,NO INDICATION OF INJURY,0.0,0.0,0.0,0.0,0.0,2.0,0.0,6,5,7,41.7361573994,-87.6297939272,POINT (-87.629793927238 41.736157399394)
d5717c8b6487ab7950a583d75d65a19d88b0434538faeafac039a79ff261a0ec6f15ef2ee261d0a6affdad39ef46daa6214584700bfe9e80e4ba691a0cc4674b,,06/24/2021 03:50:00 PM,30,NO CONTROLS,NO CONTROLS,RAIN,DAYLIGHT,REAR END,NOT DIVIDED,,STRAIGHT AND LEVEL,WET,NO DEFECTS,,INJURY AND / OR TOW DUE TO CRASH,,,,"OVER $1,500",06/25/2021 11:00:00 AM,FAILING TO REDUCE SPEED TO AVOID CRASH,FOLLOWING TOO CLOSELY,2457,N,OAK PARK AVE,2512.0,,,,,,,3,NONINCAPACITATING INJURY,1.0,0.0,0.0,1.0,0.0,5.0,0.0,15,5,6,41.9252732496,-87.7951462296,POINT (-87.795146229611 41.925273249594)
f5f194b1fec57df7b19eafde77421d42319c3977a2ac1d64d62e9cf02f16bd7d190e68c0ad23a27aa37abfb292d7cc1117dfbce2329cf5b875077ffbcfeb9467,,02/09/2018 04:05:00 PM,15,NO CONTROLS,NO CONTROLS,SNOW,DAYLIGHT,FIXED OBJECT,ALLEY,1,STRAIGHT AND LEVEL,SNOW OR SLUSH,UNKNOWN,ON SCENE,NO INJURY / DRIVE AWAY,,Y,,"$501 - $1,500",02/09/2018 04:06:00 PM,WEATHER,DRIVING SKILLS/KNOWLEDGE/EXPERIENCE,1740,N,MAPLEWOOD AVE,1434.0,,,,,,,1,NO INDICATION OF INJURY,0.0,0.0,0.0,0.0,0.0,1.0,0.0,16,6,2,41.9132859095,-87.6911099206,POINT (-87.691109920626 41.913285909497)
78ce707d026a1820e75a7ed9d9471a5a19649bab8f8826fa7662f8db95fae100c9467d84d2cc4c62025b89a4d6bb4e9c10db73f636522af95801a227f4088e22,,10/09/2024 07:30:00 AM,30,TRAFFIC SIGNAL,FUNCTIONING PROPERLY,CLEAR,DAYLIGHT,SIDESWIPE SAME DIRECTION,FOUR WAY,,STRAIGHT AND LEVEL,UNKNOWN,UNKNOWN,NOT ON SCENE (DESK REPORT),NO INJURY / DRIVE AWAY,Y,,Y,"OVER $1,500",10/09/2024 09:35:00 AM,IMPROPER LANE USAGE,IMPROPER LANE USAGE,5700,S,WESTERN AVE,824.0,,,,,,,2,NO INDICATION OF INJURY,0.0,0.0,0.0,0.0,0.0,2.0,0.0,7,4,10,41.7901180845,-87.684082168,POINT (-87.684082168007 41.790118084538)
016a678d682b6d28dd2ded57a5055803e32fa31346ac3512b3bdb3c84b89e388762d9cf38d7bb4d7eb5f1e1fc5f43120ac110b25da8a454f63e3e593f1ec6303,,08/17/2022 12:28:00 AM,30,STOP SIGN/FLASHER,FUNCTIONING PROPERLY,CLEAR,"DARKNESS, LIGHTED ROAD",TURNING,T-INTERSECTION,,STRAIGHT AND LEVEL,DRY,NO DEFECTS,ON SCENE,INJURY AND / OR TOW DUE TO CRASH,Y,,,"OVER $1,500",08/17/2022 12:30:00 AM,FAILING TO YIELD RIGHT-OF-WAY,"VISION OBSCURED (SIGNS, TREE LIMBS, BUILDINGS, ETC.)",7100,S,EAST END AVE,324.0,,,,,,,2,NO INDICATION OF INJURY,0.0,0.0,0.0,0.0,0.0,2.0,0.0,0,4,8,41.7659131821,-87.5838194932,POINT (-87.583819493195 41.765913182124)
fcde50a057c9eb792ef55a4eec7ac42b0aa33ffcee7e39a78327863d18a7745ed26d10fa4c8e594abb3a3b6d6adc3af3854e7eacf741847f6b7afabaa6a67f6f,,03/03/2019 10:45:00 PM,30,TRAFFIC SIGNAL,FUNCTIONING PROPERLY,CLEAR,"DARKNESS, LIGHTED ROAD",TURNING,DIVIDED - W/MEDIAN (NOT RAISED),2,STRAIGHT AND LEVEL,DRY,NO DEFECTS,NOT ON SCENE (DESK REPORT),NO INJURY / DRIVE AWAY,Y,,Y,"OVER $1,500",03/04/2019 11:35:00 AM,DRIVING SKILLS/KNOWLEDGE/EXPERIENCE,UNABLE TO DETERMINE,1154,S,CLARK ST,123.0,,,,,,,2,NO INDICATION OF INJURY,0.0,0.0,0.0,0.0,0.0,2.0,0.0,22,1,3,41.8675710154,-87.6305864739,POINT (-87.630586473861 41.867571015433)
66f22104637e6ccaecce9ec80973353bad4ba981a95ae105b6d6ad5507b59cfa0803edad29bb81aa78b0bc6bd113f598fabac83b6c6ad3a15390fbfc1863590e,,04/29/2021 09:03:00 AM,15,NO CONTROLS,NO CONTROLS,RAIN,DAYLIGHT,FIXED OBJECT,OTHER,,STRAIGHT AND LEVEL,WET,UNKNOWN,ON SCENE,NO INJURY / DRIVE AWAY,,,Y,"OVER $1,500",04/29/2021 09:10:00 AM,FAILING TO REDUCE SPEED TO AVOID CRASH,DRIVING SKILLS/KNOWLEDGE/EXPERIENCE,3200,N,KIMBALL AVE,1732.0,,,,,,,1,NO INDICATION OF INJURY,0.0,0.0,0.0,0.0,0.0,1.0,0.0,9,5,4,41.9393196632,-87.7126412851,POINT (-87.712641285082 41.939319663188)
e1ceeda65b5a596eb769d0c2810d85823ae8660bf5cf48bb20a725b2140fefdc0b205755a11ab1879c7fee0c09a27536dd169b9d56e862190a5c3a7ce4b0fbe1,,03/16/2025 12:38:00 AM,30,TRAFFIC SIGNAL,FUNCTIONING PROPERLY,CLEAR,"DARKNESS, LIGHTED ROAD",TURNING,FOUR WAY,,STRAIGHT AND LEVEL,DRY,NO DEFECTS,NOT ON SCENE (DESK REPORT),NO INJURY / DRIVE AWAY,Y,,,"OVER $1,500",03/16/2025 01:20:00 AM,UNABLE TO DETERMINE,UNABLE TO DETERMINE,300,W,ONTARIO ST,1831.0,,,,,,,2,NO INDICATION OF INJURY,0.0,0.0,0.0,0.0,0.0,4.0,0.0,0,1,3,41.8932767034,-87.6356894424,POINT (-87.635689442435 41.893276703421)
55e128059acfcdaa9bf1f28f8392e7de8f1a12471bf129b6bc932ce4c5b1724ca1bb158f653db164f63cc3a021fdce936b64be886610c79b6f720f40fc529cda,,04/16/2022 03:30:00 PM,30,STOP SIGN/FLASHER,FUNCTIONING PROPERLY,CLEAR,DAYLIGHT,REAR END,NOT DIVIDED,,STRAIGHT AND LEVEL,DRY,NO DEFECTS,NOT ON SCENE (DESK REPORT),NO INJURY / DRIVE AWAY,,,,"$501 - $1,500",04/16/2022 03:55:00 PM,FOLLOWING TOO CLOSELY,FOLLOWING TOO CLOSELY,2558,S,ROCKWELL ST,1034.0,,,,,,,2,NO INDICATION OF INJURY,0.0,0.0,0.0,0.0,0.0,3.0,0.0,15,7,4,41.844796493,-87.6904870817,POINT (-87.690487081697 41.84479649297)
f69b43c4ea26cc537fd3af77ced9927e275bd4c7312c4572df68cf5b0b634a1b3c8b70536d3d42c3dde3f56d3edd8ed2817609fe0c82d75eb80b081a9fd5a983,,01/21/2017 11:15:00 AM,30,TRAFFIC SIGNAL,FUNCTIONING PROPERLY,CLEAR,DAYLIGHT,ANGLE,NOT DIVIDED,2,STRAIGHT AND LEVEL,DRY,NO DEFECTS,NOT ON SCENE (DESK REPORT),NO INJURY / DRIVE AWAY,,,,$500 OR LESS,01/22/2017 12:10:00 AM,NOT APPLICABLE,NOT APPLICABLE,2000,N,KENMORE AVE,1811.0,,,,,,,2,NO INDICATION OF INJURY,0.0,0.0,0.0,0.0,0.0,2.0,0.0,11,7,1,41.9181761315,-87.654727829,POINT (-87.654727829026 41.918176131504)
363a51b93802ed1c8242725eb8e982fba7e731d8b7e5b5cfe7301445b242c7db54cdb457f874d2f6baa2b369ab23d591d58fb0c7f4355097e896d34fc540f006,,03/17/2024 02:35:00 PM,30,TRAFFIC SIGNAL,FUNCTIONING PROPERLY,CLEAR,DAYLIGHT,ANGLE,DIVIDED - W/MEDIAN (NOT RAISED),,STRAIGHT AND LEVEL,DRY,NO DEFECTS,ON SCENE,INJURY AND / OR TOW DUE TO CRASH,Y,,,"OVER $1,500",03/17/2024 02:39:00 PM,FAILING TO YIELD RIGHT-OF-WAY,UNABLE TO DETERMINE,3100,W,PETERSON AVE,2413.0,,,,,,,2,NO INDICATION OF INJURY,0.0,0.0,0.0,0.0,0.0,2.0,0.0,14,1,3,41.9905081606,-87.7067186782,POINT (-87.706718678176 41.9905081606)
b6d61a15786a73642a7cec02b79b3b90c7b3a6a92b412d5116160dc911dc43bc77048bca1fa8fe5dc6ab28d690d535c06335b45678a6daed7dedabb681b45f9d,,09/16/2023 10:34:00 PM,35,STOP SIGN/FLASHER,FUNCTIONING PROPERLY,CLEAR,"DARKNESS, LIGHTED ROAD",ANGLE,FOUR WAY,,STRAIGHT AND LEVEL,DRY,NO DEFECTS,ON SCENE,INJURY AND / OR TOW DUE TO CRASH,,,Y,"OVER $1,500",09/16/2023 10:34:00 PM,FAILING TO YIELD RIGHT-OF-WAY,NOT APPLICABLE,1158,S,KILBOURN AVE,1131.0,,,,,,,2,NO INDICATION OF INJURY,0.0,0.0,0.0,0.0,0.0,2.0,0.0,22,7,9,41.8660351029,-87.7375542497,POINT (-87.737554249745 41.866035102892)