CRASH_RECORD_ID,CRASH_DATE_EST_I,CRASH_DATE,POSTED_SPEED_LIMIT,TRAFFIC_CONTROL_DEVICE,DEVICE_CONDITION,WEATHER_CONDITION,LIGHTING_CONDITION,FIRST_CRASH_TYPE,TRAFFICWAY_TYPE,LANE_CNT,ALIGNMENT,ROADWAY_SURFACE_COND,ROAD_DEFECT,REPORT_TYPE,CRASH_TYPE,INTERSECTION_RELATED_I,NOT_RIGHT_OF_WAY_I,HIT_AND_RUN_I,DAMAGE,DATE_POLICE_NOTIFIED,PRIM_CONTRIBUTORY_CAUSE,SEC_CONTRIBUTORY_CAUSE,STREET_NO,STREET_DIRECTION,STREET_NAME,BEAT_OF_OCCURRENCE,PHOTOS_TAKEN_I,STATEMENTS_TAKEN_I,DOORING_I,WORK_ZONE_I,WORK_ZONE_TYPE,WORKERS_PRESENT_I,NUM_UNITS,MOST_SEVERE_INJURY,INJURIES_TOTAL,INJURIES_FATAL,INJURIES_INCAPACITATING,INJURIES_NON_INCAPACITATING,INJURIES_REPORTED_NOT_EVIDENT,INJURIES_NO_INDICATION,INJURIES_UNKNOWN,CRASH_HOUR,CRASH_DAY_OF_WEEK,CRASH_MONTH,LATITUDE,LONGITUDE,LOCATION
573598ffa87f2caa1aa867c5817f051c684aeb00a881fb0d6410b1dada7bae4876173fac206e334b9c5c6bdfc370f81e5a5894bbc0e1d1e188f7aee4b8143494,,01/10/2020 05:02:00 PM,30,NO CONTROLS,NO CONTROLS,RAIN,"DARKNESS, LIGHTED ROAD",SIDESWIPE SAME DIRECTION,DIVIDED - W/MEDIAN (NOT RAISED),,STRAIGHT AND LEVEL,WET,UNKNOWN,ON SCENE,NO INJURY / DRIVE AWAY,,,,$500 OR LESS,01/10/2020 05:02:00 PM,UNABLE TO DETERMINE,UNABLE TO DETERMINE,733,N,LA SALLE DR,1832.0,,,,,,,2,NO INDICATION OF INJURY,0.0,0.0,0.0,0.0,0.0,2.0,0.0,17,6,1,41.8957401157,-87.6325463483,POINT (-87.632546348333 41.895740115746)
f621d88d6f9c46760c4c029f0931d088adabfdc9e6e28ccf8c24a24b1c1b9f6c8e031ab63a92db023b00bed4f3643149d5220b856f2e813bbb2fbfdaed63ba7c,,02/17/2019 09:15:00 AM,30,NO CONTROLS,NO CONTROLS,SNOW,DAYLIGHT,PARKED MOTOR VEHICLE,NOT DIVIDED,2,STRAIGHT AND LEVEL,SNOW OR SLUSH,NO DEFECTS,NOT ON SCENE (DESK REPORT),NO INJURY / DRIVE AWAY,Y,,,"OVER $1,500",02/17/2019 11:30:00 AM,UNABLE TO DETERMINE,UNABLE TO DETERMINE,4456,N,AUSTIN AVE,1622.0,,,,,,,2,NO INDICATION OF INJURY,0.0,0.0,0.0,0.0,0.0,1.0,0.0,9,1,2,41.9620185581,-87.7772232182,POINT (-87.777223218162 41.962018558098)
73e34565eec1b2e2faa62a0b50754a18740a88648205ab13ad9867af8843a8890e4a2e2b6afaba20643d8ff9812fbac8e086204d4e7587edba7227ae44fa26f7,,08/24/2020 05:20:00 PM,30,NO CONTROLS,NO CONTROLS,CLEAR,DAYLIGHT,SIDESWIPE SAME DIRECTION,NOT DIVIDED,,STRAIGHT AND LEVEL,DRY,UNKNOWN,NOT ON SCENE (DESK REPORT),NO INJURY / DRIVE AWAY,,,,"OVER $1,500",08/24/2020 07:00:00 PM,IMPROPER LANE USAGE,UNABLE TO DETERMINE,6900,S,LAFAYETTE AVE,731.0,,,,,,,2,NO INDICATION OF INJURY,0.0,0.0,0.0,0.0,0.0,2.0,0.0,17,2,8,41.7691553353,-87.6268126763,POINT (-87.626812676272 41.769155335336)
39f6af23e13c3265420dd29701339a3e41283c997e30ad172b4ac3acdf055d234416b7a9a93bedb3229e62a8f53146de1e493cbc173e8da06d38f2d12dd61766,,08/23/2019 11:16:00 AM,30,NO CONTROLS,NO CONTROLS,CLEAR,DAYLIGHT,REAR END,DIVIDED - W/MEDIAN (NOT RAISED),,STRAIGHT AND LEVEL,DRY,NO DEFECTS,NOT ON SCENE (DESK REPORT),NO INJURY / DRIVE AWAY,,,,"$501 - $1,500",08/23/2019 11:30:00 AM,FOLLOWING TOO CLOSELY,NOT APPLICABLE,3150,W,FOSTER AVE,1712.0,,,,,,,3,NO INDICATION OF INJURY,0.0,0.0,0.0,0.0,0.0,3.0,0.0,11,6,8,41.9758608121,-87.7083071078,POINT (-87.708307107771 41.975860812097)
bc57f4788c21e197f390c27faad2422eb1e6ba39777d263d9ddc50edb5cd03c5d5e0d1107ccce138b08ce7f3e1d627d61d82c5b27fda427832fa9902f013ab36,,07/10/2019 01:50:00 PM,30,TRAFFIC SIGNAL,UNKNOWN,CLEAR,DAYLIGHT,REAR END,DIVIDED - W/MEDIAN (NOT RAISED),,STRAIGHT AND LEVEL,UNKNOWN,UNKNOWN,ON SCENE,NO INJURY / DRIVE AWAY,,,,"$501 - $1,500",07/10/2019 01:59:00 PM,UNABLE TO DETERMINE,NOT APPLICABLE,3421,W,OGDEN AVE,1024.0,,,,,,,2,NO INDICATION OF INJURY,0.0,0.0,0.0,0.0,0.0,2.0,0.0,13,4,7,41.8557108976,-87.7111343698,POINT (-87.711134369822 41.855710897561)
d24ca24579484d53388909c1252675b2b32d5a8c54cc59e096c6298a8e65e38edd0f478623b2dc44277b53119b7051a966c67f1788b88875779f0b0230d37216,,03/22/2024 02:00:00 AM,20,NO CONTROLS,NO CONTROLS,CLEAR,"DARKNESS, LIGHTED ROAD",PARKED MOTOR VEHICLE,NOT DIVIDED,,STRAIGHT AND LEVEL,DRY,NO DEFECTS,ON SCENE,INJURY AND / OR TOW DUE TO CRASH,,,,"OVER $1,500",03/22/2024 02:07:00 AM,FAILING TO REDUCE SPEED TO AVOID CRASH,UNABLE TO DETERMINE,4846,W,PALMER ST,2522.0,,,,,,,3,NONINCAPACITATING INJURY,1.0,0.0,0.0,1.0,0.0,0.0,0.0,2,6,3,41.9206689901,-87.7481369775,POINT (-87.748136977501 41.920668990115)
ea56cc520d6dfa1c635c7635c2627deb40077adc766c532753f9dc990ccb709268a2b28b6b430516717e328286383b71a5558b07c92280c186fc895b59079da5,,04/03/2021 11:40:00 AM,30,NO CONTROLS,NO CONTROLS,CLEAR,DAYLIGHT,SIDESWIPE SAME DIRECTION,NOT DIVIDED,,STRAIGHT AND LEVEL,DRY,NO DEFECTS,ON SCENE,NO INJURY / DRIVE AWAY,,,,"$501 - $1,500",04/03/2021 11:45:00 AM,DRIVING SKILLS/KNOWLEDGE/EXPERIENCE,NOT APPLICABLE,1036,W,ARGYLE ST,2024.0,,,,,,,2,NO INDICATION OF INJURY,0.0,0.0,0.0,0.0,0.0,2.0,0.0,11,7,4,41.9734019337,-87.6564029119,POINT (-87.656402911873 41.973401933653)
0fa53f8c005fc10d900e2e93f98e49a7aa94f4015ecbc04d1b4b755bd216e8a9cbd9740d016e09eacc63fa2061eaf87091c2ff6fa9f0693e1b55646c455d8342,,09/24/2024 03:40:00 PM,20,NO CONTROLS,NO CONTROLS,RAIN,DAYLIGHT,PEDALCYCLIST,DIVIDED - W/MEDIAN (NOT RAISED),,STRAIGHT AND LEVEL,WET,NO DEFECTS,ON SCENE,NO INJURY / DRIVE AWAY,,,,$500 OR LESS,09/24/2024 03:45:00 PM,IMPROPER TURNING/NO SIGNAL,IMPROPER TURNING/NO SIGNAL,8005,S,EXCHANGE AVE,422.0,,,,,,,2,NO INDICATION OF INJURY,0.0,0.0,0.0,0.0,0.0,2.0,0.0,15,3,9,41.7499305859,-87.5527151955,POINT (-87.55271519546 41.749930585925)
54ca7643a785daf63860e7c33c62bdabc7fc30eff82d3b9f1517395f36640949d8f59d00376ec91a75c681b8259a24655767b3df35b0be133d9d776a43170e94,,11/24/2020 04:15:00 PM,30,TRAFFIC SIGNAL,FUNCTIONING PROPERLY,RAIN,"DARKNESS, LIGHTED ROAD",TURNING,FOUR WAY,,STRAIGHT AND LEVEL,WET,NO DEFECTS,NOT ON SCENE (DESK REPORT),NO INJURY / DRIVE AWAY,Y,,,"OVER $1,500",11/25/2020 12:20:00 PM,FAILING TO YIELD RIGHT-OF-WAY,DISREGARDING TRAFFIC SIGNALS,2359,N,KEDZIE BLVD,1414.0,,,,,,,2,NO INDICATION OF INJURY,0.0,0.0,0.0,0.0,0.0,2.0,0.0,16,3,11,41.9246438661,-87.7070700074,POINT (-87.707070007381 41.924643866074)
759897a44a310876619e6dcd3f733407379b70074a6adfc9f46cf6c6fa7cc1652d6641727ab1464b7a4ae38d702249f7d5d980eaad5dcd2826321edf049a6902,,06/10/2020 12:10:00 PM,25,NO CONTROLS,NO CONTROLS,CLEAR,DAYLIGHT,PARKED MOTOR VEHICLE,NOT DIVIDED,,STRAIGHT AND LEVEL,DRY,NO DEFECTS,NOT ON SCENE (DESK REPORT),NO INJURY / DRIVE AWAY,,,,"OVER $1,500",06/10/2020 12:30:00 PM,FAILING TO YIELD RIGHT-OF-WAY,FAILING TO YIELD RIGHT-OF-WAY,2813,W,DEVON AVE,2413.0,,,,,,,2,NO INDICATION OF INJURY,0.0,0.0,0.0,0.0,0.0,2.0,0.0,12,4,6,41.9974410784,-87.7002054823,POINT (-87.700205482283 41.997441078373)
11367b09e96e7c4d2290563045ae1b59db3895dd10f3649957d88b5bdf6a6326b7525b02207536665cc6d0f4e511b62ec43040056c92922abb588a5e2b2200a9,,04/14/2019 03:40:00 PM,30,NO CONTROLS,NO CONTROLS,OTHER,DAYLIGHT,REAR END,NOT DIVIDED,,STRAIGHT AND LEVEL,SNOW OR SLUSH,NO DEFECTS,NOT ON SCENE (DESK REPORT),NO INJURY / DRIVE AWAY,,,Y,"$501 - $1,500",04/14/2019 03:52:00 PM,NOT APPLICABLE,NOT APPLICABLE,6700,S,KEDZIE AVE,831.0,,,,,,,2,NO INDICATION OF INJURY,0.0,0.0,0.0,0.0,0.0,2.0,0.0,15,1,4,41.771645893,-87.7031136981,POINT (-87.70311369808 41.771645892985)
5a7fd52c8151ef22eee185ab462d7c45810054a17187b7b106c4c7d2a59d6e29ed07a649bbdd78f45e77c4be305ea7adfc2af021d60a82a0d8031be4041b0cbb,,11/12/2024 06:50:00 PM,30,TRAFFIC SIGNAL,FUNCTIONING PROPERLY,CLEAR,"DARKNESS, LIGHTED ROAD",SIDESWIPE SAME DIRECTION,DIVIDED - W/MEDIAN BARRIER,,STRAIGHT AND LEVEL,DRY,NO DEFECTS,ON SCENE,NO INJURY / DRIVE AWAY,,,,"$501 - $1,500",11/12/2024 06:52:00 PM,UNABLE TO DETERMINE,NOT APPLICABLE,2,S,MICHIGAN AVE,112.0,,,,,,,2,NO INDICATION OF INJURY,0.0,0.0,0.0,0.0,0.0,2.0,0.0,18,3,11,41.8820439803,-87.6245110366,POINT (-87.624511036615 41.88204398026)
9bbe6ca8f66cf7e60a4f7288c3e6b3441731593c96a71f5cac6207e355862e1357241201d1ac17bfdff07440d5121d3878b77c05797941af9a4b6356a6633855,,04/08/2025 02:40:00 PM,10,NO CONTROLS,NO CONTROLS,CLEAR,DAYLIGHT,REAR END,PARKING LOT,,STRAIGHT ON GRADE,DRY,UNKNOWN,NOT ON SCENE (DESK REPORT),NO INJURY / DRIVE AWAY,,Y,,$500 OR LESS,04/08/2025 09:05:00 PM,FOLLOWING TOO CLOSELY,UNABLE TO DETERMINE,676,N,ST CLAIR ST,1834.0,,,,,,,2,NO INDICATION OF INJURY,0.0,0.0,0.0,0.0,0.0,2.0,0.0,14,3,4,41.8948529614,-87.6229018004,POINT (-87.622901800428 41.89485296136)
7e45ef08cb3e280c88c956d44a39e33c25fd937ed64585850418fabe01752ba8b4bddd6b56289f31733b9aa99cef3540dbeb9848df01f7a38008ddce074b5a5a,,09/15/2023 12:35:00 PM,30,NO CONTROLS,NO CONTROLS,CLEAR,DAYLIGHT,REAR END,NOT DIVIDED,,STRAIGHT AND LEVEL,UNKNOWN,UNKNOWN,NOT ON SCENE (DESK REPORT),NO INJURY / DRIVE AWAY,,,N,"OVER $1,500",09/15/2023 06:00:00 PM,FOLLOWING TOO CLOSELY,UNABLE TO DETERMINE,273,N,COLUMBUS DR,114.0,,,,,,,2,NO INDICATION OF INJURY,0.0,0.0,0.0,0.0,0.0,2.0,0.0,12,6,9,41.8869236267,-87.6205536283,POINT (-87.620553628263 41.886923626726)
76ac72f5c11283d797e2319cde076271775ba9692dafdc89344670d84abeac460762f021f5b614572b82e593b2978d483a0c57452889fd600167bef88db73d50,,08/08/2020 07:55:00 PM,30,TRAFFIC SIGNAL,FUNCTIONING PROPERLY,CLEAR,DUSK,TURNING,NOT DIVIDED,,STRAIGHT AND LEVEL,DRY,NO DEFECTS,NOT ON SCENE (DESK REPORT),NO INJURY / DRIVE AWAY,Y,,,"OVER $1,500",08/08/2020 08:30:00 PM,UNABLE TO DETERMINE,UNABLE TO DETERMINE,1600,W,95TH ST,2221.0,,,,,,,2,NO INDICATION OF INJURY,0.0,0.0,0.0,0.0,0.0,2.0,0.0,19,7,8,41.721324412,-87.6627241527,POINT (-87.662724152651 41.721324411975)
98ecabe6d8a0af33147d18153ed0c0dfbc98e6a528e52ec36bf2c6fbec32e107ee89d83ebdce9e69432e161c1a5aba6cbdda45b0777c96861ca0d86ab50ba1e6,,09/13/2025 09:59:00 AM,30,NO CONTROLS,NO CONTROLS,CLOUDY/OVERCAST,DAYLIGHT,TURNING,ONE-WAY,,STRAIGHT AND LEVEL,UNKNOWN,NO DEFECTS,ON SCENE,INJURY AND / OR TOW DUE TO CRASH,,,,"OVER $1,500",09/13/2025 10:06:00 AM,IMPROPER TURNING/NO SIGNAL,IMPROPER TURNING/NO SIGNAL,556,W,MADISON ST,121.0,,,,,,,2,NO INDICATION OF INJURY,0.0,0.0,0.0,0.0,0.0,2.0,0.0,9,7,9,41.8819565112,-87.6418558481,POINT (-87.641855848145 41.881956511217)
4da8bcf1594774489d0e862947f33c90e1fc84bd448496a05936fa4a3506094ef020760c26fc37344eeedb4234242727ee4e3cbeb7a23d541c29cd03f7ddcd1d,N,04/03/2023 07:38:00 PM,30,STOP SIGN/FLASHER,FUNCTIONING PROPERLY,RAIN,"DARKNESS, LIGHTED ROAD",PEDESTRIAN,FOUR WAY,,STRAIGHT AND LEVEL,WET,UNKNOWN,ON SCENE,INJURY AND / OR TOW DUE TO CRASH,Y,,,"OVER $1,500",04/03/2023 07:39:00 PM,FAILING TO YIELD RIGHT-OF-WAY,UNABLE TO DETERMINE,7500,S,YATES BLVD,414.0,,,,,,,2,NONINCAPACITATING INJURY,1.0,0.0,0.0,1.0,0.0,1.0,0.0,19,2,4,41.7588946702,-87.5665178399,POINT (-87.566517839923 41.758894670165)
6404e0bda92d2baa8d28f0a536be757787fe6a4c098ad6e85fcd7fca613e62c0d271a79b2721e53fd69bec48cde0aca8f10a97b994999786be477d6d697d2bbf,,07/16/2021 04:12:00 AM,30,STOP SIGN/FLASHER,NO CONTROLS,CLEAR,"DARKNESS, LIGHTED ROAD",FIXED OBJECT,T-INTERSECTION,,STRAIGHT AND LEVEL,WET,NO DEFECTS,ON SCENE,INJURY AND / OR TOW DUE TO CRASH,,,,"OVER $1,500",07/16/2021 04:12:00 AM,UNABLE TO DETERMINE,UNABLE TO DETERMINE,1556,E,56TH ST,235.0,,,,,,,1,NONINCAPACITATING INJURY,1.0,0.0,0.0,1.0,0.0,0.0,0.0,4,6,7,41.7934745999,-87.5868632753,POINT (-87.58686327533 41.793474599921)
ba0737fcfcf37671733630a42c887f12a8d56646d7bbba87e3d196b9e730ebc4fade63e9c503100b94d15e735a2064583125f32fae04a0efbb29b1692270f955,,11/07/2021 06:23:00 PM,30,TRAFFIC SIGNAL,FUNCTIONING PROPERLY,CLEAR,"DARKNESS, LIGHTED ROAD",TURNING,DIVIDED - W/MEDIAN (NOT RAISED),,STRAIGHT AND LEVEL,DRY,NO DEFECTS,ON SCENE,INJURY AND / OR TOW DUE TO CRASH,Y,,,"OVER $1,500",11/07/2021 06:24:00 PM,FAILING TO YIELD RIGHT-OF-WAY,IMPROPER OVERTAKING/PASSING,5200,W,IRVING PARK RD,1624.0,,,,,,,2,NO INDICATION OF INJURY,0.0,0.0,0.0,0.0,0.0,6.0,0.0,18,1,11,41.9534062511,-87.7572758871,POINT (-87.757275887138 41.953406251096)
5334b1d6570efa9d70048c4d9fbf675a2f0dba84be4d6a7040e3dcafad4b92f3f602229b83ab046a83664888a15aec61b853209ec6493eecb501bf2b15dad904,,03/17/2023 04:38:00 AM,30,NO CONTROLS,NO CONTROLS,CLEAR,"DARKNESS, LIGHTED ROAD",PARKED MOTOR VEHICLE,DIVIDED - W/MEDIAN (NOT RAISED),,STRAIGHT AND LEVEL,WET,NO DEFECTS,ON SCENE,INJURY AND / OR TOW DUE TO CRASH,,,,"OVER $1,500",03/17/2023 04:40:00 AM,FAILING TO REDUCE SPEED TO AVOID CRASH,NOT APPLICABLE,2850,W,IRVING PARK RD,1724.0,,,,,,,2,NO INDICATION OF INJURY,0.0,0.0,0.0,0.0,0.0,1.0,0.0,4,6,3,41.9540734324,-87.7003095133,POINT (-87.70030951326 41.954073432383)
5e381734558814401d6b54d303486c62e506f80e6cba3b09423084b72308468fc0d39d8bc69137b816c0ffaa90db283e94da9ac33146ae44be3c8ea5644f451b,,05/23/2020 06:37:00 AM,30,NO CONTROLS,NO CONTROLS,CLEAR,DAYLIGHT,PARKED MOTOR VEHICLE,ONE-WAY,,STRAIGHT AND LEVEL,DRY,NO DEFECTS,ON SCENE,NO INJURY / DRIVE AWAY,,,Y,"OVER $1,500",05/23/2020 07:20:00 AM,IMPROPER OVERTAKING/PASSING,UNABLE TO DETERMINE,8775,S,BEVERLY AVE,2221.0,,,,,,,2,NO INDICATION OF INJURY,0.0,0.0,0.0,0.0,0.0,1.0,0.0,6,7,5,41.7338119406,-87.6709811909,POINT (-87.670981190874 41.733811940634)
11d6cad622ea37b78dfa2650cbaf0519271d1b86d9885181584c5a7fc53b72e4dbe8c26e0a3f13090f5c59ad63a19c3713406082153de8810413284b4252c973,,03/07/2020 06:45:00 AM,30,NO CONTROLS,NO CONTROLS,CLEAR,DAYLIGHT,SIDESWIPE SAME DIRECTION,NOT DIVIDED,,STRAIGHT AND LEVEL,DRY,NO DEFECTS,NOT ON SCENE (DESK REPORT),INJURY AND / OR TOW DUE TO CRASH,,,,"OVER $1,500",03/07/2020 01:35:00 PM,DRIVING SKILLS/KNOWLEDGE/EXPERIENCE,EQUIPMENT - VEHICLE CONDITION,1060,E,83RD ST,411.0,,,,,,,2,NO INDICATION OF INJURY,0.0,0.0,0.0,0.0,0.0,2.0,0.0,6,7,3,41.7441662429,-87.5977466348,POINT (-87.597746634805 41.744166242931)
1b5f4f668b09b267237af8f05071432d0008b9997c1df727d1971a8fe48a610114227426c52e2d87d03b75aed9715c7fcab646b80af25c76060e0d1ac2d5f3f6,Y,04/21/2023 09:50:00 AM,30,NO CONTROLS,NO CONTROLS,CLEAR,DAYLIGHT,REAR END,DIVIDED - W/MEDIAN (NOT RAISED),,STRAIGHT AND LEVEL,DRY,UNKNOWN,NOT ON SCENE (DESK REPORT),NO INJURY / DRIVE AWAY,,,,$500 OR LESS,04/21/2023 10:00:00 AM,UNABLE TO DETERMINE,UNABLE TO DETERMINE,765,W,69TH ST,732.0,,,,,,,2,NO INDICATION OF INJURY,0.0,0.0,0.0,0.0,0.0,2.0,0.0,9,6,4,41.7687308665,-87.6442823995,POINT (-87.644282399472 41.768730866465)
a2d67654fb85d69107c07c7cc34885a26daf0dd58320bd9f82d63fcde8a794f70581ceddc8d3f81ad58c9e65aa0773eb7b4572debe759fc4dc66455a531b85a2,,02/26/2025 11:04:00 PM,30,TRAFFIC SIGNAL,FUNCTIONING PROPERLY,RAIN,"DARKNESS, LIGHTED ROAD",REAR END,NOT DIVIDED,,STRAIGHT AND LEVEL,WET,UNKNOWN,ON SCENE,NO INJURY / DRIVE AWAY,,,,"OVER $1,500",02/26/2025 11:05:00 PM,UNABLE TO DETERMINE,UNABLE TO DETERMINE,1647,N,LA SALLE DR,1814.0,,,,,,,2,NO INDICATION OF INJURY,0.0,0.0,0.0,0.0,0.0,3.0,0.0,23,4,2,41.9125032395,-87.6330119329,POINT (-87.633011932875 41.912503239452)
192347d5d2dbda2cb0dd029ef9cf7736d7f0542890abc06c74359ea833546d51caac03b733828e12b5e22464af6811d28016d428e4c3564aed0a8c59e4caca14,,10/11/2019 12:39:00 PM,30,NO CONTROLS,NO CONTROLS,RAIN,DAYLIGHT,REAR TO REAR,NOT DIVIDED,,STRAIGHT AND LEVEL,WET,NO DEFECTS,ON SCENE,NO INJURY / DRIVE AWAY,,,,"OVER $1,500",10/11/2019 01:04:00 PM,IMPROPER BACKING,NOT APPLICABLE,357,W,ERIE ST,1831.0,,,,,,,2,NO INDICATION OF INJURY,0.0,0.0,0.0,0.0,0.0,2.0,0.0,12,6,10,41.8938332172,-87.6377751288,POINT (-87.637775128808 41.8938332172)
066da19ed8515ec2ab995af05f633f3c4587c74bc079e48b98e4ba75ce3935602be64c763b68d711aa455c6f5e4bec9ea65af0c9956fddd4651444cd7d7c7d04,,02/09/2019 07:07:00 AM,30,NO CONTROLS,NO CONTROLS,SNOW,DAYLIGHT,REAR END,DIVIDED - W/MEDIAN BARRIER,4,STRAIGHT ON GRADE,ICE,NO DEFECTS,ON SCENE,INJURY AND / OR TOW DUE TO CRASH,,,,"OVER $1,500",02/09/2019 07:07:00 AM,WEATHER,NOT APPLICABLE,9449,S,STONY ISLAND AVE,413.0,,,,,,,2,NO INDICATION OF INJURY,0.0,0.0,0.0,0.0,0.0,2.0,0.0,7,7,2,41.722646956,-87.5849979062,POINT (-87.584997906199 41.722646956028)
b3f351ae0248f2aeb2f1d1920e19cae29e36914b2647343bfd3046d639624e09e5f779438219e96ebdd802d6d79c5d73ed5bcd6f35eae3cfc6697ea8f10cc498,,08/21/2019 07:55:00 PM,15,NO CONTROLS,NO CONTROLS,CLEAR,DARKNESS,TURNING,NOT DIVIDED,,STRAIGHT AND LEVEL,DRY,NO DEFECTS,ON SCENE,INJURY AND / OR TOW DUE TO CRASH,,,,"OVER $1,500",08/21/2019 08:00:00 PM,IMPROPER TURNING/NO SIGNAL,UNABLE TO DETERMINE,1537,W,CHESTNUT ST,1213.0,,,,,,,2,NO INDICATION OF INJURY,0.0,0.0,0.0,0.0,0.0,2.0,0.0,19,4,8,41.8977942639,-87.6663914037,POINT (-87.666391403718 41.897794263855)
58bd3253fb7256adbf416bbca10eb314fb4c6f95982e3d44c102c506a465007aa632752697fe0168b6081b67f380878c2979ccb628ee17a36a6753cabb5e5ac4,,08/02/2025 10:38:00 AM,30,STOP SIGN/FLASHER,NO CONTROLS,CLEAR,DAYLIGHT,ANGLE,FOUR WAY,,STRAIGHT AND LEVEL,DRY,NO DEFECTS,ON SCENE,INJURY AND / OR TOW DUE TO CRASH,Y,,,"OVER $1,500",08/02/2025 10:38:00 AM,UNABLE TO DETERMINE,UNABLE TO DETERMINE,8200,S,STONY ISLAND AVE,411.0,,,,,,,2,NONINCAPACITATING INJURY,1.0,0.0,0.0,1.0,0.0,1.0,0.0,10,7,8,41.7459282584,-87.5859949102,POINT (-87.585994910205 41.745928258449)
cbbb817c89ecc0ec5273afc5138d5429f80d086ffa8a1dd7cfe6c9ac9f9c583424097e9639e70a0fcabcd63c880ec53e1d97816543f6c2e688763d58440f9dd3,,08/30/2018 08:25:00 AM,30,STOP SIGN/FLASHER,NOT FUNCTIONING,CLEAR,DAYLIGHT,ANGLE,NOT DIVIDED,0,STRAIGHT AND LEVEL,DRY,NO DEFECTS,NOT ON SCENE (DESK REPORT),NO INJURY / DRIVE AWAY,,,Y,"OVER $1,500",08/30/2018 09:05:00 AM,FAILING TO YIELD RIGHT-OF-WAY,UNABLE TO DETERMINE,5500,W,BELMONT AVE,1633.0,,,,,,,2,NO INDICATION OF INJURY,0.0,0.0,0.0,0.0,0.0,3.0,0.0,8,5,8,41.9387154187,-87.7641127392,POINT (-87.764112739241 41.938715418699)
c189dc396739c02ba0901524a2ae4c4512c538ad30e19a14d0b620fd4daccda52fca533c1983b91180b7e1d3ca11bb489a3f2718baa6a273bee17312d5d94a87,,11/27/2019 07:30:00 PM,30,TRAFFIC SIGNAL,FUNCTIONING PROPERLY,SEVERE CROSS WIND GATE,"DARKNESS, LIGHTED ROAD",REAR END,DIVIDED - W/MEDIAN (NOT RAISED),,STRAIGHT AND LEVEL,WET,NO DEFECTS,,INJURY AND / OR TOW DUE TO CRASH,,,Y,"OVER $1,500",11/27/2019 07:36:00 PM,FAILING TO REDUCE SPEED TO AVOID CRASH,DRIVING ON WRONG SIDE/WRONG WAY,7001,W,BELMONT AVE,2511.0,,,,,,,3,NONINCAPACITATING INJURY,1.0,0.0,0.0,1.0,0.0,3.0,0.0,19,4,11,41.9379662277,-87.8012859466,POINT (-87.801285946633 41.937966227672)
a3e2705ca3f4214bc5d1d3cab1c049a954e97fa10b61ee9dbcf7ef055810e30b6cae1ad86be61d2bfd1a3bad8af07d85d34d993caaeff6528385ede7f1baae79,,11/06/2017 04:30:00 PM,30,NO CONTROLS,NO CONTROLS,CLEAR,DUSK,ANGLE,PARKING LOT,2,STRAIGHT AND LEVEL,DRY,NO DEFECTS,NOT ON SCENE (DESK REPORT),NO INJURY / DRIVE AWAY,,,,"$501 - $1,500",11/09/2017 07:10:00 PM,"OPERATING VEHICLE IN ERRATIC, RECKLESS, CARELESS, NEGLIGENT OR AGGRESSIVE MANNER",NOT APPLICABLE,2337,W,HOWARD ST,2411.0,,,,,,,2,NO INDICATION OF INJURY,0.0,0.0,0.0,0.0,0.0,3.0,0.0,16,2,11,42.019419787,-87.6891841891,POINT (-87.689184189066 42.019419787022)
2acc00959daff94a0e1cccc8dbf7e215b5d4173333c184e82f540e02cfe3ff7edebf22597947dfc36677020f5840259312e9b288642facab7fddc2ccfa50cc4c,,04/06/2016 03:20:00 PM,30,STOP SIGN/FLASHER,FUNCTIONING PROPERLY,CLEAR,DAYLIGHT,TURNING,ONE-WAY,4,STRAIGHT AND LEVEL,WET,NO DEFECTS,NOT ON SCENE (DESK REPORT),NO INJURY / DRIVE AWAY,,,,$500 OR LESS,04/06/2016 06:00:00 PM,FAILING TO YIELD RIGHT-OF-WAY,UNABLE TO DETERMINE,5649,S,DORCHESTER AVE,235.0,,,,,,,2,NO INDICATION OF INJURY,0.0,0.0,0.0,0.0,0.0,2.0,0.0,15,4,4,41.7918756368,-87.5914583037,POINT (-87.59145830371 41.791875636806)
202bbc09c8d469826e278f60f910e1f4232b295bc767d1522ff66a01c83b1641eab715626d547252a936567dbe09784aa9d7fd3ea0a795828383be3a63da96b2,,07/21/2017 02:00:00 PM,25,NO CONTROLS,NO CONTROLS,CLEAR,DAYLIGHT,REAR END,DIVIDED - W/MEDIAN (NOT RAISED),4,STRAIGHT AND LEVEL,DRY,NO DEFECTS,NOT ON SCENE (DESK REPORT),NO INJURY / DRIVE AWAY,,,,"$501 - $1,500",07/21/2017 03:07:00 PM,UNABLE TO DETERMINE,UNABLE TO DETERMINE,9501,S,WESTERN AVE,2213.0,,,,,,,3,NO INDICATION OF INJURY,0.0,0.0,0.0,0.0,0.0,3.0,0.0,14,6,7,41.7208489266,-87.6819151126,POINT (-87.681915112556 41.720848926601)