CRASH_RECORD_ID,CRASH_DATE_EST_I,CRASH_DATE,POSTED_SPEED_LIMIT,TRAFFIC_CONTROL_DEVICE,DEVICE_CONDITION,WEATHER_CONDITION,LIGHTING_CONDITION,FIRST_CRASH_TYPE,TRAFFICWAY_TYPE,LANE_CNT,ALIGNMENT,ROADWAY_SURFACE_COND,ROAD_DEFECT,REPORT_TYPE,CRASH_TYPE,INTERSECTION_RELATED_I,NOT_RIGHT_OF_WAY_I,HIT_AND_RUN_I,DAMAGE,DATE_POLICE_NOTIFIED,PRIM_CONTRIBUTORY_CAUSE,SEC_CONTRIBUTORY_CAUSE,STREET_NO,STREET_DIRECTION,STREET_NAME,BEAT_OF_OCCURRENCE,PHOTOS_TAKEN_I,STATEMENTS_TAKEN_I,DOORING_I,WORK_ZONE_I,WORK_ZONE_TYPE,WORKERS_PRESENT_I,NUM_UNITS,MOST_SEVERE_INJURY,INJURIES_TOTAL,INJURIES_FATAL,INJURIES_INCAPACITATING,INJURIES_NON_INCAPACITATING,INJURIES_REPORTED_NOT_EVIDENT,INJURIES_NO_INDICATION,INJURIES_UNKNOWN,CRASH_HOUR,CRASH_DAY_OF_WEEK,CRASH_MONTH,LATITUDE,LONGITUDE,LOCATION
813a704ac7c15012dd44f26857cf2150b52b0f566100016e401dacdc255bda7cfec866a555b239f20d4ddf8fc3fbc1f751f968a07279e26473c164c025742b71,,05/01/2017 04:17:00 PM,30,NO CONTROLS,NO CONTROLS,RAIN,DAYLIGHT,ANGLE,NOT DIVIDED,,STRAIGHT AND LEVEL,WET,NO DEFECTS,NOT ON SCENE (DESK REPORT),NO INJURY / DRIVE AWAY,,,,"OVER $1,500",05/02/2017 04:15:00 PM,NOT APPLICABLE,NOT APPLICABLE,6200,S,CICERO AVE,825.0,,,,,,,2,NO INDICATION OF INJURY,0.0,0.0,0.0,0.0,0.0,3.0,0.0,16,2,5,41.7801630836,-87.7424942888,POINT (-87.742494288772 41.780163083626)
2e8cfcb00c56196ce5dfad0bad96d8435a0d5689bc96225db9acc8af273e8633f3b8289781ba3e13e550b226b875f4b1580ed368869604dd19552f7e5249a65f,,11/18/2025 12:05:00 PM,30,TRAFFIC SIGNAL,FUNCTIONING PROPERLY,RAIN,DAYLIGHT,TURNING,DIVIDED - W/MEDIAN (NOT RAISED),,STRAIGHT AND LEVEL,DRY,UNKNOWN,ON SCENE,INJURY AND / OR TOW DUE TO CRASH,Y,,,"OVER $1,500",11/18/2025 12:05:00 PM,FAILING TO YIELD RIGHT-OF-WAY,UNABLE TO DETERMINE,2000,W,87TH ST,614.0,,,,,,,2,NONINCAPACITATING INJURY,1.0,0.0,0.0,1.0,0.0,1.0,0.0,12,3,11,41.7357642612,-87.6727981991,POINT (-87.672798199058 41.735764261243)
df827a22a30fb34ec4bdc358b50c17e5ee5b50d9231f68a4ea0233fa64e92efc42457813f42206634132dfa5aed5ab8991761be3751f62091a201785d8ccd8cd,,08/31/2020 04:00:00 AM,25,NO CONTROLS,NO CONTROLS,CLEAR,DAYLIGHT,PARKED MOTOR VEHICLE,ONE-WAY,,STRAIGHT AND LEVEL,DRY,NO DEFECTS,NOT ON SCENE (DESK REPORT),NO INJURY / DRIVE AWAY,,,Y,"$501 - $1,500",08/31/2020 11:30:00 AM,UNABLE TO DETERMINE,NOT APPLICABLE,2550,N,MONTCLARE AVE,2512.0,,,,,,,2,NO INDICATION OF INJURY,0.0,0.0,0.0,0.0,0.0,1.0,0.0,4,2,8,41.9268378238,-87.8040593712,POINT (-87.804059371158 41.926837823816)
260145f69eaceb61c767761497a5246437787b0ee616ae29f2e0e2b4550d818ce91efed2aab41876d50180123a65c03e1dfe98d982c141848b390bd06027ef8b,,03/09/2022 11:13:00 AM,30,NO CONTROLS,NO CONTROLS,CLEAR,DAYLIGHT,PARKED MOTOR VEHICLE,NOT DIVIDED,,STRAIGHT AND LEVEL,DRY,NO DEFECTS,ON SCENE,NO INJURY / DRIVE AWAY,,,,"OVER $1,500",03/09/2022 11:30:00 AM,UNABLE TO DETERMINE,NOT APPLICABLE,2405,W,LUNT AVE,2411.0,,,,,,,2,NO INDICATION OF INJURY,0.0,0.0,0.0,0.0,0.0,1.0,0.0,11,4,3,42.0085410452,-87.6904258678,POINT (-87.690425867797 42.008541045162)
ac8efc09be6d2f89742d44c11c6b15cf0c4d6796f90f0144142f27bd08889bb5939a981eebe815b764f0eb7eec56b946a39e79c80b52287bda408d53e5b28459,,09/28/2019 10:24:00 AM,15,NO CONTROLS,NO CONTROLS,RAIN,DAYLIGHT,PARKED MOTOR VEHICLE,PARKING LOT,,STRAIGHT AND LEVEL,WET,NO DEFECTS,NOT ON SCENE (DESK REPORT),NO INJURY / DRIVE AWAY,,,Y,"$501 - $1,500",09/28/2019 04:30:00 PM,IMPROPER BACKING,IMPROPER BACKING,5553,S,KEDZIE AVE,824.0,,,,,,,2,NO INDICATION OF INJURY,0.0,0.0,0.0,0.0,0.0,1.0,0.0,10,7,9,41.7919606304,-87.7033660297,POINT (-87.703366029714 41.791960630385)
9115c2e0b50e007a41dd1485a357f4edde8c745ad0ebff3ad5cdbd777fa65af5c7e4790330c8b1d9f492b9d8ce689dfd30d8cb6bc88507599fb0751b8d6e64a7,,06/16/2018 10:45:00 PM,30,TRAFFIC SIGNAL,FUNCTIONING PROPERLY,CLEAR,"DARKNESS, LIGHTED ROAD",SIDESWIPE SAME DIRECTION,DIVIDED - W/MEDIAN (NOT RAISED),,STRAIGHT AND LEVEL,DRY,NO DEFECTS,NOT ON SCENE (DESK REPORT),NO INJURY / DRIVE AWAY,Y,,,"$501 - $1,500",06/17/2018 07:00:00 AM,IMPROPER LANE USAGE,UNABLE TO DETERMINE,800,W,DIVERSEY PKWY,1933.0,,,,,,,2,NO INDICATION OF INJURY,0.0,0.0,0.0,0.0,0.0,2.0,0.0,22,7,6,41.9328283084,-87.6490767533,POINT (-87.649076753345 41.932828308369)
66419294072419c92f7511e8499e068857b64a64f842b6b9b2c4c2ba02ff92bea3119364cecc548513879f4e8ac0e67d6269410adf28c06af728c697cbb17c5f,,02/15/2020 03:52:00 PM,30,UNKNOWN,UNKNOWN,CLEAR,DAYLIGHT,REAR END,DIVIDED - W/MEDIAN (NOT RAISED),,STRAIGHT AND LEVEL,DRY,UNKNOWN,ON SCENE,INJURY AND / OR TOW DUE TO CRASH,,,,"OVER $1,500",02/15/2020 04:40:00 PM,FOLLOWING TOO CLOSELY,FOLLOWING TOO CLOSELY,2600,S,CALIFORNIA AVE,1033.0,,,,,,,2,"REPORTED, NOT EVIDENT",1.0,0.0,0.0,0.0,1.0,1.0,0.0,15,7,2,41.8445843003,-87.6953598432,POINT (-87.695359843215 41.844584300311)
db151351c99551147fd9d589dbd854a1ab7b1ea52cb9a733c2e8ba1e8ab6a85bceff953ae732140f1be5cc2a34ce7df035fe013ddf7eb71687b848871fc78b4c,,01/21/2018 07:53:00 PM,30,TRAFFIC SIGNAL,FUNCTIONING PROPERLY,FOG/SMOKE/HAZE,DARKNESS,ANGLE,CENTER TURN LANE,6,STRAIGHT AND LEVEL,WET,NO DEFECTS,ON SCENE,NO INJURY / DRIVE AWAY,,,,"$501 - $1,500",01/21/2018 08:55:00 PM,DISREGARDING TRAFFIC SIGNALS,DRIVING SKILLS/KNOWLEDGE/EXPERIENCE,6699,S,CICERO AVE,833.0,,,,,,,2,NO INDICATION OF INJURY,0.0,0.0,0.0,0.0,0.0,2.0,0.0,19,1,1,41.7712226966,-87.7419103875,POINT (-87.741910387507 41.771222696555)
c7c2137d03ca09aeb62fe5d6facd215c58ef3a6f92b910de0b6cc6945eb9342625dff5b9dcf4a6c70b22921c271716d29189584d6b685b88ed9a1432afb189c7,,12/17/2020 03:40:00 PM,30,TRAFFIC SIGNAL,FUNCTIONING PROPERLY,CLEAR,DAYLIGHT,SIDESWIPE SAME DIRECTION,DIVIDED - W/MEDIAN (NOT RAISED),,STRAIGHT AND LEVEL,DRY,NO DEFECTS,NOT ON SCENE (DESK REPORT),NO INJURY / DRIVE AWAY,,,Y,"$501 - $1,500",12/17/2020 04:06:00 PM,IMPROPER LANE USAGE,NOT APPLICABLE,626,N,STATE ST,1832.0,,,,,,,2,NO INDICATION OF INJURY,0.0,0.0,0.0,0.0,0.0,2.0,0.0,15,5,12,41.8932354808,-87.6282650534,POINT (-87.628265053391 41.893235480838)
f2d4e3e935b8aa81eb0b95a0b914adb776c1cc710a4ce68ccd6ba7578c4b8b2d7bf27541e6ad1ff3440de811fbd3b389f9b2f192598b4255795fbd27fdf33d10,,12/14/2023 05:31:00 PM,30,STOP SIGN/FLASHER,FUNCTIONING PROPERLY,CLEAR,DARKNESS,TURNING,DIVIDED - W/MEDIAN (NOT RAISED),,STRAIGHT AND LEVEL,DRY,NO DEFECTS,ON SCENE,NO INJURY / DRIVE AWAY,Y,,,"OVER $1,500",12/14/2023 05:33:00 PM,FAILING TO YIELD RIGHT-OF-WAY,FAILING TO YIELD RIGHT-OF-WAY,4736,S,KEDZIE AVE,821.0,,,,,,,2,NO INDICATION OF INJURY,0.0,0.0,0.0,0.0,0.0,2.0,0.0,17,5,12,41.807051818,-87.7040926178,POINT (-87.704092617803 41.807051818014)
b976fc9c1305fdcd0262bd8df1f772f023ec7b5e9b69e63f66ecb4ac331ba807fd4d6a921a37a2741e03ef376d2e727e684fd8dae9cf375f459669170360b204,,12/07/2016 10:40:00 AM,30,TRAFFIC SIGNAL,FUNCTIONING PROPERLY,CLEAR,DAYLIGHT,ANGLE,CENTER TURN LANE,0,STRAIGHT AND LEVEL,DRY,NO DEFECTS,ON SCENE,INJURY AND / OR TOW DUE TO CRASH,,,,"OVER $1,500",12/07/2016 10:46:00 AM,DISREGARDING TRAFFIC SIGNALS,NOT APPLICABLE,1600,W,HARRISON ST,1231.0,,,,Y,UTILITY,,2,"REPORTED, NOT EVIDENT",2.0,0.0,0.0,0.0,2.0,1.0,0.0,10,4,12,41.8743096245,-87.6666408822,POINT (-87.666640882211 41.874309624504)
6d67548d5f4503b716e6cdb35ec4b52d20342c24fc6dfd08dea8c582fe3f522509b75d461f51406226e70ca5c2f5972eea3962ac87bf189b9b67d9c159daea21,,02/12/2023 02:40:00 PM,30,TRAFFIC SIGNAL,FUNCTIONING PROPERLY,CLEAR,DAYLIGHT,SIDESWIPE SAME DIRECTION,NOT DIVIDED,,STRAIGHT AND LEVEL,DRY,NO DEFECTS,NOT ON SCENE (DESK REPORT),NO INJURY / DRIVE AWAY,,,,"OVER $1,500",02/12/2023 03:15:00 PM,UNABLE TO DETERMINE,UNABLE TO DETERMINE,7114,S,VINCENNES AVE,731.0,,,,,,,2,NO INDICATION OF INJURY,0.0,0.0,0.0,0.0,0.0,3.0,0.0,14,1,2,41.7649368855,-87.6283218539,POINT (-87.628321853919 41.764936885503)
f3c7a3ae8f9dc5adef1b5f51a86d2b9e39640752c9967441beb7a12dd7073baebe4de51268ecff960b0ea485fc4f572d42142b31bc97d92af02aefae76a6c61a,,04/24/2020 01:30:00 PM,30,TRAFFIC SIGNAL,FUNCTIONING PROPERLY,CLOUDY/OVERCAST,DAYLIGHT,REAR END,FOUR WAY,,STRAIGHT AND LEVEL,DRY,NO DEFECTS,NOT ON SCENE (DESK REPORT),NO INJURY / DRIVE AWAY,,,,"$501 - $1,500",04/24/2020 02:02:00 PM,FOLLOWING TOO CLOSELY,UNABLE TO DETERMINE,6628,N,SHERIDAN RD,2432.0,,,,,,,2,NO INDICATION OF INJURY,0.0,0.0,0.0,0.0,0.0,2.0,0.0,13,6,4,42.0034919514,-87.660961379,POINT (-87.660961378956 42.003491951427)
207ebe6b39126b420bf0d56e035801d344a81437f157be5d7ca0ad8f49e651e227ea3133b101df13eae640941aef56a3c028ffbca478aebc52c04dbf9b590551,,12/27/2023 07:45:00 PM,30,TRAFFIC SIGNAL,FUNCTIONING PROPERLY,CLOUDY/OVERCAST,"DARKNESS, LIGHTED ROAD",TURNING,DIVIDED - W/MEDIAN (NOT RAISED),,STRAIGHT AND LEVEL,WET,NO DEFECTS,ON SCENE,INJURY AND / OR TOW DUE TO CRASH,Y,,,"OVER $1,500",12/27/2023 07:56:00 PM,TURNING RIGHT ON RED,IMPROPER TURNING/NO SIGNAL,6499,N,MILWAUKEE AVE,1611.0,,,,,,,2,NO INDICATION OF INJURY,0.0,0.0,0.0,0.0,0.0,2.0,0.0,19,4,12,41.9991950136,-87.7893755949,POINT (-87.789375594938 41.999195013636)
2a9ab03d7b0031044d4ffdc19b56acf01771ab12e3c40e37d1f58662419628d9658667bab38e68c646333e0d0560da906a2fc72c55a8fec32baec47392075a8b,,03/26/2018 02:20:00 PM,25,STOP SIGN/FLASHER,FUNCTIONING PROPERLY,CLEAR,DAYLIGHT,TURNING,NOT DIVIDED,2,STRAIGHT AND LEVEL,DRY,NO DEFECTS,ON SCENE,INJURY AND / OR TOW DUE TO CRASH,Y,,,"OVER $1,500",03/26/2018 02:50:00 PM,IMPROPER TURNING/NO SIGNAL,UNABLE TO DETERMINE,3157,W,37TH PL,911.0,,,,,,,2,NO INDICATION OF INJURY,0.0,0.0,0.0,0.0,0.0,2.0,0.0,14,2,3,41.8252140405,-87.7042732906,POINT (-87.704273290642 41.825214040455)
831a694185f1ff40166275307f62b4ec5b60383e0387d6b271211b5afa8470c3ccaf8fafca40bbb84e304b05f26a9efc5a571247d2ccf6a6089b363438479763,,12/16/2023 03:08:00 PM,30,NO CONTROLS,NO CONTROLS,RAIN,DAYLIGHT,PEDESTRIAN,NOT DIVIDED,,STRAIGHT AND LEVEL,WET,UNKNOWN,ON SCENE,INJURY AND / OR TOW DUE TO CRASH,,,,"OVER $1,500",12/16/2023 03:11:00 PM,WEATHER,NOT APPLICABLE,1421,N,CLYBOURN AVE,1822.0,,Y,,,,,2,NONINCAPACITATING INJURY,1.0,0.0,0.0,1.0,0.0,1.0,0.0,15,7,12,41.9070840939,-87.6439756402,POINT (-87.643975640204 41.907084093949)
d6d60fe4f97cc1f7129ed1802a423fc16a3e7a95553e145bf0a9804866269c3d069ae4e2ea1a2c50441a9c0300c5e02e65a15c35027f18421c39dac9eba9e3d4,,05/02/2019 09:42:00 PM,40,NO CONTROLS,NO CONTROLS,CLEAR,DARKNESS,TURNING,DIVIDED - W/MEDIAN (NOT RAISED),,STRAIGHT AND LEVEL,WET,UNKNOWN,ON SCENE,INJURY AND / OR TOW DUE TO CRASH,N,,,"OVER $1,500",05/02/2019 09:44:00 PM,IMPROPER TURNING/NO SIGNAL,NOT APPLICABLE,13000,S,DOTY AVE E,434.0,,,,,,,2,NO INDICATION OF INJURY,0.0,0.0,0.0,0.0,0.0,2.0,0.0,21,5,5,41.6610078086,-87.5860817366,POINT (-87.586081736631 41.661007808554)
cb5086962af5548614e8c26cdc49d6dc6b80968007e15eb0a484e57008202e20f6de9a19dcb8df4976b23f96ba6e99226aac6610b77ec093fda384a9b64fd0ac,,05/18/2024 02:30:00 AM,35,NO CONTROLS,FUNCTIONING PROPERLY,CLEAR,"DARKNESS, LIGHTED ROAD",FIXED OBJECT,DIVIDED - W/MEDIAN BARRIER,,STRAIGHT AND LEVEL,DRY,NO DEFECTS,ON SCENE,INJURY AND / OR TOW DUE TO CRASH,,,,"OVER $1,500",05/18/2024 02:56:00 AM,UNABLE TO DETERMINE,UNABLE TO DETERMINE,5906,S,CICERO AVE,813.0,,,,,,,1,"REPORTED, NOT EVIDENT",1.0,0.0,0.0,0.0,1.0,0.0,0.0,2,7,5,41.7855293568,-87.7414790909,POINT (-87.741479090931 41.785529356816)
566fdadf028d70fd982c4744b90b66878a093e948965ddffda5d0e73909307062ce2c1abc5334c13f49e3e01a73b726e16e98ebe6c78b1981a901b1a85c18967,,05/05/2022 05:40:00 PM,30,NO CONTROLS,NO CONTROLS,CLEAR,DAYLIGHT,PARKED MOTOR VEHICLE,NOT DIVIDED,,STRAIGHT AND LEVEL,DRY,NO DEFECTS,NOT ON SCENE (DESK REPORT),NO INJURY / DRIVE AWAY,,,,"OVER $1,500",05/09/2022 11:35:00 AM,IMPROPER OVERTAKING/PASSING,NOT APPLICABLE,5029,W,CARMEN AVE,1623.0,,,,,,,2,NO INDICATION OF INJURY,0.0,0.0,0.0,0.0,0.0,1.0,0.0,17,5,5,41.9733230514,-87.7540355313,POINT (-87.754035531298 41.973323051385)
6502a81f0e7a85e7aa634559d51b02390005ade9ba7885d038d43fb2f60fc93c46ef0850781c0058085996cc20ffd671db013185b1b2c8141fbdabe26dabe5b3,,01/22/2019 05:30:00 PM,30,TRAFFIC SIGNAL,FUNCTIONING PROPERLY,RAIN,"DARKNESS, LIGHTED ROAD",REAR END,DIVIDED - W/MEDIAN (NOT RAISED),2,STRAIGHT AND LEVEL,SNOW OR SLUSH,NO DEFECTS,NOT ON SCENE (DESK REPORT),NO INJURY / DRIVE AWAY,,,,"$501 - $1,500",01/22/2019 06:00:00 PM,NOT APPLICABLE,NOT APPLICABLE,9100,S,LAKE SHORE DR,424.0,,,,,,,2,NO INDICATION OF INJURY,0.0,0.0,0.0,0.0,0.0,2.0,0.0,17,3,1,41.7303961336,-87.5407727491,POINT (-87.540772749112 41.730396133619)
e3d579c7588692de7a41d4cc28ff00db9f4727d06cc850937d93954b450b10533468ec6fb31780cc393a6bbad70e608481a83791fcee2dd1c1668e7ff54e8aea,,12/12/2023 04:25:00 PM,25,TRAFFIC SIGNAL,NOT FUNCTIONING,CLEAR,DUSK,ANGLE,FOUR WAY,,STRAIGHT AND LEVEL,DRY,NO DEFECTS,ON SCENE,NO INJURY / DRIVE AWAY,Y,,,"OVER $1,500",12/12/2023 04:42:00 PM,DISREGARDING OTHER TRAFFIC SIGNS,NOT APPLICABLE,1,W,51ST ST,225.0,,,,,,,2,NO INDICATION OF INJURY,0.0,0.0,0.0,0.0,0.0,3.0,0.0,16,3,12,41.8018351539,-87.6259352113,POINT (-87.62593521131 41.801835153896)
8028c00ca1d9ec8b385b28e3da2e723b90e251ae1677ceb49f65d5700c0b81c612723d1e66940856209dbea23202997995148902d39869a233f454573af19966,,02/10/2025 08:41:00 AM,30,TRAFFIC SIGNAL,FUNCTIONING PROPERLY,CLEAR,DAYLIGHT,REAR END,FOUR WAY,,STRAIGHT AND LEVEL,DRY,NO DEFECTS,ON SCENE,INJURY AND / OR TOW DUE TO CRASH,,,,"OVER $1,500",02/10/2025 08:43:00 AM,FAILING TO REDUCE SPEED TO AVOID CRASH,FAILING TO REDUCE SPEED TO AVOID CRASH,1001,W,FOSTER AVE,2024.0,,,,,,,3,NO INDICATION OF INJURY,0.0,0.0,0.0,0.0,0.0,4.0,0.0,8,2,2,41.9762856335,-87.6550258241,POINT (-87.65502582409 41.976285633467)
044b423703a2cd6d8c9cc02b752034f6c778a5844ae03fa744e8d18cc44dabcde207f8f1cc93cc4ed9052869645430b518db0864481a19428593bcad4e83717a,,06/27/2021 05:56:00 PM,30,NO CONTROLS,NO CONTROLS,CLEAR,DAYLIGHT,REAR END,NOT DIVIDED,,STRAIGHT AND LEVEL,DRY,NO DEFECTS,ON SCENE,INJURY AND / OR TOW DUE TO CRASH,,,,"OVER $1,500",06/27/2021 06:12:00 PM,FAILING TO REDUCE SPEED TO AVOID CRASH,FOLLOWING TOO CLOSELY,5138,W,MONTROSE AVE,1623.0,,,,,,,2,NONINCAPACITATING INJURY,2.0,0.0,0.0,1.0,1.0,1.0,0.0,17,1,6,41.9607254704,-87.7560876151,POINT (-87.756087615068 41.960725470437)
5414822d5a8815789420f8bb1c8a51f6d63cee0c82e17b97d862dcf6d3ef5082c3c4f6d88ff51627bee50f6aa0e2919f514acfeb89e4be29723225ef94aeee45,,12/02/2017 04:20:00 PM,35,TRAFFIC SIGNAL,FUNCTIONING PROPERLY,CLEAR,DAYLIGHT,ANGLE,DIVIDED - W/MEDIAN (NOT RAISED),2,STRAIGHT AND LEVEL,DRY,NO DEFECTS,ON SCENE,INJURY AND / OR TOW DUE TO CRASH,Y,,,"$501 - $1,500",12/02/2017 04:30:00 PM,EQUIPMENT - VEHICLE CONDITION,DRIVING SKILLS/KNOWLEDGE/EXPERIENCE,12700,S,HALSTED ST,523.0,,Y,,,,,2,NO INDICATION OF INJURY,0.0,0.0,0.0,0.0,0.0,3.0,0.0,16,7,12,41.6631821012,-87.6415652652,POINT (-87.641565265157 41.663182101231)
642a29dc75f571851ea6e002bb55016d1c303d1f0fd48d2bb1e9348ebd1db6b98b48fb6b080d38e4e6e16ca79cd91d3d4d1a597ccce55acb0469a6bf4154519c,,10/22/2025 06:40:00 PM,30,TRAFFIC SIGNAL,FUNCTIONING PROPERLY,CLEAR,DUSK,PEDESTRIAN,NOT DIVIDED,,STRAIGHT AND LEVEL,DRY,NO DEFECTS,ON SCENE,INJURY AND / OR TOW DUE TO CRASH,Y,,,$500 OR LESS,10/22/2025 06:41:00 PM,FAILING TO YIELD RIGHT-OF-WAY,UNABLE TO DETERMINE,4359,W,ARMITAGE AVE,2534.0,,,,,,,2,INCAPACITATING INJURY,1.0,0.0,1.0,0.0,0.0,1.0,0.0,18,4,10,41.9169357966,-87.7362641938,POINT (-87.736264193772 41.916935796617)
b17652d6f70377782cfae8fcdd1553698a9c258c159b7ba921e2083123c3b236feb5b6af925974d0693028edf3ae5070a7277b3bdc78bca3306afc93a9af4b06,,07/28/2024 03:08:00 PM,30,STOP SIGN/FLASHER,FUNCTIONING PROPERLY,CLEAR,DAYLIGHT,TURNING,T-INTERSECTION,,STRAIGHT AND LEVEL,DRY,NO DEFECTS,ON SCENE,NO INJURY / DRIVE AWAY,Y,,,"OVER $1,500",07/28/2024 03:10:00 PM,IMPROPER TURNING/NO SIGNAL,NOT APPLICABLE,4501,N,ELSTON AVE,1722.0,,,,,,,2,NO INDICATION OF INJURY,0.0,0.0,0.0,0.0,0.0,4.0,0.0,15,1,7,41.9626310425,-87.7319507648,POINT (-87.731950764825 41.962631042467)
5afcfd9e7fdcaef12c0605e7122a78b52865c5a8f4e1e2a6d8c60df16671ab9ee4f3e620c5a9d90fbcdf8d7db6f85fd9b3ada13ddf76bd74915f234809e31d87,,06/26/2025 06:45:00 PM,30,NO CONTROLS,NO CONTROLS,CLEAR,DAYLIGHT,PEDALCYCLIST,NOT DIVIDED,,STRAIGHT AND LEVEL,DRY,UNKNOWN,ON SCENE,INJURY AND / OR TOW DUE TO CRASH,Y,,Y,"OVER $1,500",06/26/2025 08:30:00 PM,UNABLE TO DETERMINE,NOT APPLICABLE,877,E,63RD ST,312.0,,,,,,,2,NONINCAPACITATING INJURY,1.0,0.0,0.0,1.0,0.0,1.0,0.0,18,5,6,41.7803373381,-87.6029574068,POINT (-87.602957406752 41.780337338137)
a75d3bd198a6ad398d91e3019eee079115ac8e2e452a3fab4e6fca1f6699c8aadf229316276a88eb260f29e524de02024fa667bc6398f0c04559f5f1bffd15e1,,10/25/2025 05:15:00 PM,30,UNKNOWN,UNKNOWN,UNKNOWN,UNKNOWN,ANGLE,UNKNOWN,,STRAIGHT AND LEVEL,UNKNOWN,UNKNOWN,NOT ON SCENE (DESK REPORT),NO INJURY / DRIVE AWAY,,,,"OVER $1,500",10/25/2025 05:50:00 PM,UNABLE TO DETERMINE,NOT APPLICABLE,5940,W,IRVING PARK RD,1624.0,,,,,,,2,NO INDICATION OF INJURY,0.0,0.0,0.0,0.0,0.0,2.0,0.0,17,7,10,41.9531771228,-87.7759835006,POINT (-87.775983500592 41.953177122807)
d028018f059c4d420787d9abd1b48fd26507dfcbc2820fee08558d6e596eb3dff73f78d5652b7551dd18886c713af73535e91b82e7e41cd15e92a95bfe452512,,10/10/2023 04:30:00 PM,30,NO CONTROLS,NO CONTROLS,CLEAR,DAYLIGHT,PARKED MOTOR VEHICLE,NOT DIVIDED,,STRAIGHT AND LEVEL,DRY,NO DEFECTS,ON SCENE,NO INJURY / DRIVE AWAY,,,,$500 OR LESS,10/10/2023 04:44:00 PM,DRIVING SKILLS/KNOWLEDGE/EXPERIENCE,NOT APPLICABLE,4730,S,DAMEN AVE,931.0,,,,,,,2,NO INDICATION OF INJURY,0.0,0.0,0.0,0.0,0.0,1.0,0.0,16,3,10,41.8075682492,-87.6748074895,POINT (-87.674807489533 41.807568249157)
be3b2526fad02eb0f9a500f413b36ca9e440675e8cc3f4cba969b25b67b33384c46d6e2aa95b5a40c8d15cbb7f9c0bcc4c2d133b0bdc25ab7240092a5f4e0af9,,09/09/2022 04:26:00 PM,10,NO CONTROLS,NO CONTROLS,CLEAR,DAYLIGHT,PARKED MOTOR VEHICLE,PARKING LOT,,STRAIGHT AND LEVEL,DRY,NO DEFECTS,ON SCENE,NO INJURY / DRIVE AWAY,,,,"OVER $1,500",09/09/2022 04:30:00 PM,DRIVING SKILLS/KNOWLEDGE/EXPERIENCE,NOT APPLICABLE,6601,N,WESTERN AVE,2412.0,,,,,,,3,NO INDICATION OF INJURY,0.0,0.0,0.0,0.0,0.0,2.0,0.0,16,6,9,42.0014606933,-87.6898319049,POINT (-87.689831904945 42.001460693303)
1bec64934e1d71ae6fec08037bbf248d1a56a22e9848e6e2872ddd13eaf091fa4999eb89f6fc6b4ee402e366457838371eb285525a677a980a390565c09d0fc5,,05/21/2025 01:10:00 PM,30,STOP SIGN/FLASHER,FUNCTIONING PROPERLY,RAIN,DAYLIGHT,TURNING,DIVIDED - W/MEDIAN (NOT RAISED),,STRAIGHT AND LEVEL,WET,UNKNOWN,NOT ON SCENE (DESK REPORT),NO INJURY / DRIVE AWAY,,,,"OVER $1,500",05/21/2025 01:51:00 PM,IMPROPER OVERTAKING/PASSING,UNABLE TO DETERMINE,6738,W,ARCHER AVE,811.0,,,,,,,2,NO INDICATION OF INJURY,0.0,0.0,0.0,0.0,0.0,2.0,0.0,13,4,5,41.7922841428,-87.7906721081,POINT (-87.790672108077 41.792284142832)
debee91787d355b40fc5e365a2cac8ba18caa7722bdf9c249d1387b4189958386586babb2dc514020a0e567182bcda0977b2af8d79b107aacc9433757f9eb86e,,09/29/2023 05:00:00 PM,25,TRAFFIC SIGNAL,FUNCTIONING PROPERLY,CLEAR,DAYLIGHT,HEAD ON,NOT DIVIDED,,STRAIGHT AND LEVEL,DRY,NO DEFECTS,ON SCENE,INJURY AND / OR TOW DUE TO CRASH,Y,,,$500 OR LESS,09/29/2023 05:37:00 PM,FAILING TO YIELD RIGHT-OF-WAY,UNABLE TO DETERMINE,400,N,DESPLAINES ST,1214.0,,,,,,,2,NO INDICATION OF INJURY,0.0,0.0,0.0,0.0,0.0,2.0,0.0,17,6,9,41.8890745091,-87.644481871,POINT (-87.644481871029 41.889074509059)
c5c7cf346f11e4a0d79c83c51d3a80591b0f87d4e0d9c1c9b44733955289d97156ecb4b24c69dad1e80e3c4703287293ac83a34dea55736b13db01871eda43b5,,09/30/2024 02:15:00 AM,30,STOP SIGN/FLASHER,FUNCTIONING PROPERLY,CLEAR,"DARKNESS, LIGHTED ROAD",ANGLE,NOT DIVIDED,,STRAIGHT AND LEVEL,DRY,NO DEFECTS,ON SCENE,INJURY AND / OR TOW DUE TO CRASH,,,,"OVER $1,500",09/30/2024 02:20:00 AM,FAILING TO YIELD RIGHT-OF-WAY,FAILING TO REDUCE SPEED TO AVOID CRASH,8099,S,LOOMIS BLVD,612.0,,,,,,,2,NONINCAPACITATING INJURY,3.0,0.0,0.0,1.0,2.0,2.0,0.0,2,2,9,41.7468791169,-87.6583486084,POINT (-87.65834860842 41.746879116863)
b3e1b5bd314cbfb2f600c8468073fc940c8bd751f06dce635eb77c20efabd8d27540bdefa579d4b4300f1843f93f572a32de4cbd1191b1522c13f7d220c0af2a,,06/03/2021 12:50:00 PM,25,NO CONTROLS,NO CONTROLS,CLEAR,DAYLIGHT,SIDESWIPE SAME DIRECTION,ONE-WAY,,STRAIGHT AND LEVEL,DRY,NO DEFECTS,ON SCENE,NO INJURY / DRIVE AWAY,,,,"$501 - $1,500",06/03/2021 01:05:00 PM,NOT APPLICABLE,UNABLE TO DETERMINE,7548,S,EAST END AVE,414.0,,,,,,,2,NO INDICATION OF INJURY,0.0,0.0,0.0,0.0,0.0,2.0,0.0,12,5,6,41.7573456163,-87.5835997244,POINT (-87.583599724408 41.757345616283)