CRASH_RECORD_ID,CRASH_DATE_EST_I,CRASH_DATE,POSTED_SPEED_LIMIT,TRAFFIC_CONTROL_DEVICE,DEVICE_CONDITION,WEATHER_CONDITION,LIGHTING_CONDITION,FIRST_CRASH_TYPE,TRAFFICWAY_TYPE,LANE_CNT,ALIGNMENT,ROADWAY_SURFACE_COND,ROAD_DEFECT,REPORT_TYPE,CRASH_TYPE,INTERSECTION_RELATED_I,NOT_RIGHT_OF_WAY_I,HIT_AND_RUN_I,DAMAGE,DATE_POLICE_NOTIFIED,PRIM_CONTRIBUTORY_CAUSE,SEC_CONTRIBUTORY_CAUSE,STREET_NO,STREET_DIRECTION,STREET_NAME,BEAT_OF_OCCURRENCE,PHOTOS_TAKEN_I,STATEMENTS_TAKEN_I,DOORING_I,WORK_ZONE_I,WORK_ZONE_TYPE,WORKERS_PRESENT_I,NUM_UNITS,MOST_SEVERE_INJURY,INJURIES_TOTAL,INJURIES_FATAL,INJURIES_INCAPACITATING,INJURIES_NON_INCAPACITATING,INJURIES_REPORTED_NOT_EVIDENT,INJURIES_NO_INDICATION,INJURIES_UNKNOWN,CRASH_HOUR,CRASH_DAY_OF_WEEK,CRASH_MONTH,LATITUDE,LONGITUDE,LOCATION
d45c6c03f748529e2e29c03574a70a5d304af833ff9e7d934d1820065620e3d33f1939aedb809bc11ff693e7e41aba50f423658a2b973e0935cc4ffb1f53a0dd,,07/17/2017 10:45:00 PM,30,NO CONTROLS,NO CONTROLS,CLEAR,"DARKNESS, LIGHTED ROAD",SIDESWIPE SAME DIRECTION,NOT DIVIDED,2,STRAIGHT AND LEVEL,DRY,NO DEFECTS,ON SCENE,INJURY AND / OR TOW DUE TO CRASH,Y,,Y,"OVER $1,500",07/17/2017 10:46:00 PM,EXCEEDING AUTHORIZED SPEED LIMIT,NOT APPLICABLE,138,S,CENTRAL AVE,1513.0,,,,,,,2,"REPORTED, NOT EVIDENT",1.0,0.0,0.0,0.0,1.0,1.0,0.0,22,2,7,41.8781342526,-87.7649334281,POINT (-87.764933428123 41.878134252625)
ab7b54c00381091f97394eeccfb5bf9044702393313c1bcf5cd1beb40a27a8698a780ee4f90500fecc1e65ec4591769ffbc76a2061405755c55500a830bc357c,,11/14/2022 12:12:00 PM,30,NO CONTROLS,NO CONTROLS,CLEAR,DAYLIGHT,ANGLE,T-INTERSECTION,,STRAIGHT AND LEVEL,DRY,NO DEFECTS,ON SCENE,INJURY AND / OR TOW DUE TO CRASH,Y,,Y,"OVER $1,500",11/14/2022 12:30:00 PM,UNABLE TO DETERMINE,UNABLE TO DETERMINE,2342,N,HAMLIN AVE,2525.0,,,,,,,3,NO INDICATION OF INJURY,0.0,0.0,0.0,0.0,0.0,3.0,0.0,12,2,11,41.9239941368,-87.722014257,POINT (-87.722014256976 41.923994136753)
6571e904a15f9557fefc8f7966f4b663e0122dcf762a428c4d40366ba16dbae2be7f8980befa0d5d0f66f80e874d83da7f347a839d3da10e2c766cc6c7102357,N,06/21/2025 11:50:00 PM,30,NO CONTROLS,NO CONTROLS,CLEAR,"DARKNESS, LIGHTED ROAD",TURNING,NOT DIVIDED,,STRAIGHT AND LEVEL,DRY,NO DEFECTS,ON SCENE,INJURY AND / OR TOW DUE TO CRASH,,,,"OVER $1,500",06/22/2025 12:10:00 AM,IMPROPER TURNING/NO SIGNAL,NOT APPLICABLE,2826,W,51ST ST,923.0,,Y,,,,,2,NO INDICATION OF INJURY,0.0,0.0,0.0,0.0,0.0,5.0,0.0,23,7,6,41.8010783797,-87.6951611897,POINT (-87.695161189749 41.801078379697)
ceaf3f9b25919b42fbd1ed1fe406d8aea2642f5344422a49134098d141c78952de9bb16cd9175f83834684b51f0ebb7376fb38973a6504d3e3841e3bf4f2191e,,05/09/2017 07:28:00 PM,30,NO CONTROLS,NO CONTROLS,CLEAR,DUSK,SIDESWIPE SAME DIRECTION,DIVIDED - W/MEDIAN (NOT RAISED),2,STRAIGHT AND LEVEL,DRY,NO DEFECTS,NOT ON SCENE (DESK REPORT),NO INJURY / DRIVE AWAY,,,,"$501 - $1,500",05/09/2017 07:30:00 PM,IMPROPER LANE USAGE,UNABLE TO DETERMINE,5707,N,CLARK ST,2013.0,,,,,,,2,NO INDICATION OF INJURY,0.0,0.0,0.0,0.0,0.0,3.0,0.0,19,3,5,41.9856540981,-87.6690900876,POINT (-87.66909008763 41.985654098117)
2f1661a9733af6b28aa22ec26b33115956eef51bae7e67d2e4bc319d59ed825373f4dced5b8201471a5dec7df0460e1c357a15bae01536298ac2cc9b476ab014,,07/23/2023 02:28:00 PM,30,TRAFFIC SIGNAL,FUNCTIONING IMPROPERLY,CLEAR,DAYLIGHT,ANGLE,NOT DIVIDED,,STRAIGHT AND LEVEL,DRY,NO DEFECTS,ON SCENE,INJURY AND / OR TOW DUE TO CRASH,Y,,,"OVER $1,500",07/23/2023 02:48:00 PM,EQUIPMENT - VEHICLE CONDITION,DISREGARDING TRAFFIC SIGNALS,7400,S,HALSTED ST,733.0,,,,,,,2,"REPORTED, NOT EVIDENT",2.0,0.0,0.0,0.0,2.0,0.0,0.0,14,1,7,41.7596745819,-87.6444202389,POINT (-87.644420238889 41.759674581874)
473f1b91274f913f8b95bcccfce256a3346cdc2449bd4567ac10924f04fd4d1762a7aeba9fc234918bc68bf68f56f1dca69a9ed95a9af2765fac6d58f33a3181,,10/03/2020 04:49:00 PM,30,TRAFFIC SIGNAL,UNKNOWN,CLOUDY/OVERCAST,DAYLIGHT,REAR END,NOT DIVIDED,,STRAIGHT AND LEVEL,DRY,NO DEFECTS,NOT ON SCENE (DESK REPORT),NO INJURY / DRIVE AWAY,,,,"OVER $1,500",10/03/2020 06:00:00 PM,NOT APPLICABLE,NOT APPLICABLE,3720,S,WESTERN AVE,911.0,,,,,,,2,NO INDICATION OF INJURY,0.0,0.0,0.0,0.0,0.0,2.0,0.0,16,7,10,41.8259612944,-87.685050207,POINT (-87.685050206983 41.825961294422)
2c035ccaeca438348b107a48bcef81fb77569e05a29481ab392b4be3cc6be7dcdfa4c4bae3dfc68153062493a8277a9ce21c173c2a0e6ce16c50e71c0634ecce,,12/03/2018 05:55:00 PM,30,TRAFFIC SIGNAL,NO CONTROLS,OTHER,DARKNESS,TURNING,NOT DIVIDED,4,STRAIGHT AND LEVEL,WET,NO DEFECTS,ON SCENE,INJURY AND / OR TOW DUE TO CRASH,Y,,,"OVER $1,500",12/03/2018 06:06:00 PM,FAILING TO REDUCE SPEED TO AVOID CRASH,NOT APPLICABLE,5100,S,LAKE PARK AVE,234.0,,Y,,,,,2,NONINCAPACITATING INJURY,2.0,0.0,0.0,2.0,0.0,1.0,0.0,17,2,12,41.8023797296,-87.5879794066,POINT (-87.587979406628 41.802379729614)
d31ffd6c4807221389db4f4602bd700fd66a694bf5ab170926e5d63c2f7233905e8d2c50dd45c3548b2afc85a7fc03e153484832bfaec5302e5cd386e33cea15,,01/20/2022 12:40:00 PM,30,NO CONTROLS,NO CONTROLS,CLEAR,DAYLIGHT,TURNING,DIVIDED - W/MEDIAN (NOT RAISED),,STRAIGHT ON GRADE,DRY,NO DEFECTS,ON SCENE,INJURY AND / OR TOW DUE TO CRASH,Y,,Y,"OVER $1,500",01/20/2022 12:41:00 PM,FAILING TO REDUCE SPEED TO AVOID CRASH,NOT APPLICABLE,1200,W,95TH ST,2222.0,,,,,,,2,NONINCAPACITATING INJURY,1.0,0.0,0.0,1.0,0.0,1.0,0.0,12,5,1,41.7214447993,-87.6530099494,POINT (-87.653009949444 41.721444799302)
45d19bceaeb78b4ef7ce4712e2560d9eea7347c327e086fc4784bc2e0abb64012884d09ea00b905ec1f34f02bc0be0c594aed49b9722a94b75f6d010a6cbe780,,01/28/2024 11:50:00 PM,30,NO CONTROLS,NO CONTROLS,CLEAR,"DARKNESS, LIGHTED ROAD",PARKED MOTOR VEHICLE,NOT DIVIDED,,STRAIGHT AND LEVEL,DRY,NO DEFECTS,ON SCENE,INJURY AND / OR TOW DUE TO CRASH,,,,"OVER $1,500",01/28/2024 11:53:00 PM,UNDER THE INFLUENCE OF ALCOHOL/DRUGS (USE WHEN ARREST IS EFFECTED),UNDER THE INFLUENCE OF ALCOHOL/DRUGS (USE WHEN ARREST IS EFFECTED),2522,W,WILSON AVE,1911.0,,,,,,,3,NO INDICATION OF INJURY,0.0,0.0,0.0,0.0,0.0,1.0,0.0,23,1,1,41.9649377718,-87.6921635902,POINT (-87.692163590242 41.964937771822)
2836731dcdc329da1f196ed566d4ba15b3b32c9bf13c54a52a1d2575c6d9915063f1be41d111eb98521cf3783e8b4b46b426319a592e8e6dac6855e4a2e79a15,Y,04/27/2025 02:00:00 AM,30,NO CONTROLS,NO CONTROLS,UNKNOWN,"DARKNESS, LIGHTED ROAD",PARKED MOTOR VEHICLE,NOT DIVIDED,,STRAIGHT AND LEVEL,DRY,NO DEFECTS,ON SCENE,NO INJURY / DRIVE AWAY,,,Y,"OVER $1,500",04/27/2025 11:45:00 AM,UNABLE TO DETERMINE,NOT APPLICABLE,2443,N,AUSTIN AVE,2515.0,,,,,,,3,NO INDICATION OF INJURY,0.0,0.0,0.0,0.0,0.0,1.0,0.0,2,1,4,41.9251186491,-87.775612342,POINT (-87.775612342027 41.925118649144)
940dcac3bca8866aa2373709999e04497d21a48213b56192306c1668e8e54b3cd7cca968730119a2c8518dc3edbe25f4acfac977f5eb2a3c404221c373697497,,12/10/2017 08:04:00 PM,30,NO CONTROLS,NO CONTROLS,CLEAR,"DARKNESS, LIGHTED ROAD",PARKED MOTOR VEHICLE,NOT DIVIDED,2,STRAIGHT AND LEVEL,DRY,NO DEFECTS,NOT ON SCENE (DESK REPORT),NO INJURY / DRIVE AWAY,,,Y,"OVER $1,500",12/10/2017 09:00:00 PM,UNABLE TO DETERMINE,UNABLE TO DETERMINE,4853,S,MARSHFIELD AVE,931.0,Y,,,,,,2,NO INDICATION OF INJURY,0.0,0.0,0.0,0.0,0.0,1.0,0.0,20,1,12,41.8052126487,-87.6659529668,POINT (-87.665952966803 41.80521264869)
82ecdf36028b12560cdafd5e414b2fbdec2c495a83dfccca1f413757ec579490f0278b73e382072d3cf75de2c31de7c9b649d3fbe6cc168d7cb5076c4edbee99,,02/20/2019 09:55:00 AM,30,NO CONTROLS,NO CONTROLS,SNOW,DAYLIGHT,FIXED OBJECT,DIVIDED - W/MEDIAN (NOT RAISED),2,STRAIGHT AND LEVEL,WET,NO DEFECTS,ON SCENE,NO INJURY / DRIVE AWAY,,,Y,"OVER $1,500",02/20/2019 10:05:00 AM,NOT APPLICABLE,NOT APPLICABLE,9,N,ADA ST,1224.0,,,,,,,1,NO INDICATION OF INJURY,0.0,0.0,0.0,0.0,0.0,1.0,0.0,9,4,2,41.8818640454,-87.6604213483,POINT (-87.660421348318 41.8818640454)
c179b557ba8ca84112dc8d820d4515775459075a4d7c93a7c405753cce55543aa4a738283760e762b64757ac5d962e523fc5c57fd6d73ea4d6eefe4b68c5f3cc,,09/18/2021 06:55:00 PM,30,TRAFFIC SIGNAL,FUNCTIONING PROPERLY,CLEAR,DUSK,REAR END,DIVIDED - W/MEDIAN (NOT RAISED),,STRAIGHT AND LEVEL,DRY,NO DEFECTS,NOT ON SCENE (DESK REPORT),NO INJURY / DRIVE AWAY,,,Y,"$501 - $1,500",09/18/2021 07:00:00 PM,FOLLOWING TOO CLOSELY,UNABLE TO DETERMINE,5601,W,GRAND AVE,2515.0,,,,,,,2,NO INDICATION OF INJURY,0.0,0.0,0.0,0.0,0.0,3.0,0.0,18,7,9,41.9186567209,-87.7658432801,POINT (-87.765843280146 41.918656720919)
3e75c60e36cc94c62f3476c2f2612cf34b83dafff3927290891aff8f9b64ddc7dc6d552189baf9b88b73c80d076ff3b34d4db490f9946cc8fa0f9f65b86023c4,,10/20/2025 03:45:00 PM,30,NO CONTROLS,NO CONTROLS,CLEAR,DAYLIGHT,SIDESWIPE SAME DIRECTION,NOT DIVIDED,,STRAIGHT AND LEVEL,DRY,NO DEFECTS,NOT ON SCENE (DESK REPORT),NO INJURY / DRIVE AWAY,,,,"OVER $1,500",10/20/2025 05:00:00 PM,UNABLE TO DETERMINE,NOT APPLICABLE,1608,W,DIVERSEY PKWY,1931.0,,,,,,,2,NO INDICATION OF INJURY,0.0,0.0,0.0,0.0,0.0,2.0,0.0,15,2,10,41.9325087925,-87.6687706537,POINT (-87.66877065367 41.932508792463)
6e3eb73436e04063648a30cfebebcc24232843fcc3d8f6c4cc409866b128f86e8cdb505a568330c5b5298747096ee0df374147f69747488de4fabff49abedf86,,01/19/2023 01:44:00 PM,30,NO CONTROLS,NO CONTROLS,RAIN,DAYLIGHT,FIXED OBJECT,NOT DIVIDED,,STRAIGHT AND LEVEL,WET,NO DEFECTS,ON SCENE,NO INJURY / DRIVE AWAY,,,,"OVER $1,500",01/19/2023 02:48:00 PM,UNABLE TO DETERMINE,UNABLE TO DETERMINE,2455,W,35TH ST,911.0,,,,,,,1,NO INDICATION OF INJURY,0.0,0.0,0.0,0.0,0.0,1.0,0.0,13,5,1,41.8301300442,-87.6872641707,POINT (-87.687264170689 41.830130044184)
a43666b280ff19d147f66885e6493f3823fac47b13a5052f19ba238959c3a8b7adb0e8f9a7de1cab05833f4baef7a011a3113589ac4e4402428a854601640dfa,,07/23/2024 08:07:00 AM,30,UNKNOWN,UNKNOWN,CLEAR,DAYLIGHT,PEDESTRIAN,T-INTERSECTION,,STRAIGHT AND LEVEL,DRY,UNKNOWN,ON SCENE,INJURY AND / OR TOW DUE TO CRASH,,,,"OVER $1,500",07/23/2024 08:18:00 AM,UNABLE TO DETERMINE,NOT APPLICABLE,698,E,103RD ST,511.0,,,,,,,2,NONINCAPACITATING INJURY,1.0,0.0,0.0,1.0,0.0,2.0,0.0,8,3,7,41.707542577,-87.6065484678,POINT (-87.606548467758 41.707542576971)
776ce37d3dd86d2da93518942361c955b7ce37459b559798a83c50840f370e9821409622d8ec23ad09d0b9205ed1ee4012dc0d09d7eda3ade9df29629db8f43d,,10/02/2024 02:30:00 PM,30,TRAFFIC SIGNAL,FUNCTIONING PROPERLY,CLEAR,DAYLIGHT,TURNING,DIVIDED - W/MEDIAN BARRIER,,STRAIGHT AND LEVEL,DRY,NO DEFECTS,,INJURY AND / OR TOW DUE TO CRASH,,,,"OVER $1,500",10/02/2024 04:30:00 PM,UNABLE TO DETERMINE,UNABLE TO DETERMINE,4400,W,LAKE ST,1113.0,,,,,,,2,NONINCAPACITATING INJURY,1.0,0.0,0.0,1.0,0.0,3.0,0.0,14,4,10,41.8861404114,-87.7357597022,POINT (-87.735759702159 41.886140411405)
d7075ecd3dc1848a163078ec70b92f722e187488e87927f3818c871168cb73b3f98a67a98b91d2fb38319230bc02750f496b9c74fe56bbe20a88c3824c160d66,,09/26/2018 06:20:00 AM,30,TRAFFIC SIGNAL,FUNCTIONING PROPERLY,CLEAR,DAWN,SIDESWIPE SAME DIRECTION,DIVIDED - W/MEDIAN (NOT RAISED),2,STRAIGHT AND LEVEL,DRY,NO DEFECTS,NOT ON SCENE (DESK REPORT),NO INJURY / DRIVE AWAY,Y,,,"OVER $1,500",09/26/2018 06:55:00 AM,FOLLOWING TOO CLOSELY,NOT APPLICABLE,2939,W,ADDISON ST,1733.0,,,,,,,2,NO INDICATION OF INJURY,0.0,0.0,0.0,0.0,0.0,2.0,0.0,6,4,9,41.946538983,-87.7020848861,POINT (-87.702084886142 41.946538982968)
bab4d576ef346738912fe4b0302f7bb8e6ffd4e99a3e2a02607757c56ed57569166683e2b257054c3c79d53e5b1c2a0f8cf6283dd624c346674d1bc4dac0348d,,08/15/2018 09:25:00 AM,30,TRAFFIC SIGNAL,FUNCTIONING PROPERLY,CLEAR,DAYLIGHT,TURNING,NOT DIVIDED,4,STRAIGHT AND LEVEL,DRY,NO DEFECTS,ON SCENE,NO INJURY / DRIVE AWAY,Y,,,"OVER $1,500",08/15/2018 09:28:00 AM,FAILING TO YIELD RIGHT-OF-WAY,UNABLE TO DETERMINE,3948,W,FULLERTON AVE,2524.0,,,,,,,2,NO INDICATION OF INJURY,0.0,0.0,0.0,0.0,0.0,2.0,0.0,9,4,8,41.9245998199,-87.7262877166,POINT (-87.726287716584 41.924599819899)
6d5caf71bf4f8a0454507d8f8466ace0c434ccc1d2199c59efa2524c0fc5578971bf48218d834566775efce3488fd00d90dfaeecfa259f821c01ce110c990001,,09/25/2018 09:00:00 PM,25,NO CONTROLS,NO CONTROLS,CLEAR,DAYLIGHT,PARKED MOTOR VEHICLE,ONE-WAY,,STRAIGHT AND LEVEL,DRY,NO DEFECTS,NOT ON SCENE (DESK REPORT),NO INJURY / DRIVE AWAY,,,Y,"$501 - $1,500",09/26/2018 12:15:00 PM,UNABLE TO DETERMINE,UNABLE TO DETERMINE,162,N,ELIZABETH ST,1224.0,,,,,,,2,NO INDICATION OF INJURY,0.0,0.0,0.0,0.0,0.0,1.0,0.0,21,3,9,41.8848156456,-87.6589892772,POINT (-87.658989277168 41.884815645632)
d225a0f771bc4cd47bd9e24aef9aebb997ceb203b0ba0e0f494265c115d8493f93db89cfbe58146855d9e17ff3500cb382e5b464c0fb4e746313af7539e9175c,,01/09/2021 02:50:00 PM,30,NO CONTROLS,NO CONTROLS,CLEAR,DAYLIGHT,ANGLE,NOT DIVIDED,,STRAIGHT AND LEVEL,DRY,NO DEFECTS,NOT ON SCENE (DESK REPORT),NO INJURY / DRIVE AWAY,,,,"$501 - $1,500",01/09/2021 03:15:00 PM,FAILING TO YIELD RIGHT-OF-WAY,NOT APPLICABLE,8600,W,FOSTER AVE,1614.0,,,,,,,2,NO INDICATION OF INJURY,0.0,0.0,0.0,0.0,0.0,2.0,0.0,14,7,1,41.9738950977,-87.8416188257,POINT (-87.841618825731 41.973895097687)
2cbf41a7af247bcddf1bf9c4f293d2bb73838d8f634ac35db61851783c7eadc0ecac2de8dca6e6270ac380bfe755f58274b2a6ec1363dc90232204d9370fd342,,10/29/2015 06:30:00 AM,30,NO CONTROLS,NO CONTROLS,RAIN,DUSK,PARKED MOTOR VEHICLE,NOT DIVIDED,3,STRAIGHT AND LEVEL,WET,NO DEFECTS,NOT ON SCENE (DESK REPORT),NO INJURY / DRIVE AWAY,,,,$500 OR LESS,11/01/2015 03:22:00 PM,DRIVING SKILLS/KNOWLEDGE/EXPERIENCE,DRIVING ON WRONG SIDE/WRONG WAY,1305,E,69TH ST,321.0,,,,,,,2,NO INDICATION OF INJURY,0.0,0.0,0.0,0.0,0.0,1.0,0.0,6,5,10,41.7697844535,-87.5938260015,POINT (-87.593826001453 41.769784453536)
c746678114d40d863a72407130ca2ef687d8c6fceccb0baf11cb8fb8225f460fcd79c6a2c3e7fb5ba6e40908870df1f55af32794ab7f827d4bf5896ec82d92fb,,03/02/2018 03:00:00 PM,30,TRAFFIC SIGNAL,FUNCTIONING PROPERLY,CLEAR,DAYLIGHT,SIDESWIPE SAME DIRECTION,NOT DIVIDED,2,STRAIGHT AND LEVEL,DRY,NO DEFECTS,NOT ON SCENE (DESK REPORT),NO INJURY / DRIVE AWAY,Y,,,"$501 - $1,500",03/02/2018 03:15:00 PM,NOT APPLICABLE,NOT APPLICABLE,3736,W,ROOSEVELT RD,1133.0,,,,,,,2,NO INDICATION OF INJURY,0.0,0.0,0.0,0.0,0.0,4.0,0.0,15,6,3,41.8663583392,-87.7194460415,POINT (-87.719446041455 41.866358339184)
ec0ad3aa9fe13f80cb495fbe484345f1652aa22267cd39d7e7d080c77b357d1d73dbacc7d3bf8e178cb60c6884ee1559d35f312407276b8df1abbc13e9ab5bc7,,12/15/2016 01:28:00 AM,30,NO CONTROLS,NO CONTROLS,CLEAR,"DARKNESS, LIGHTED ROAD",FIXED OBJECT,DIVIDED - W/MEDIAN (NOT RAISED),4,STRAIGHT AND LEVEL,DRY,NO DEFECTS,ON SCENE,INJURY AND / OR TOW DUE TO CRASH,,Y,,"OVER $1,500",12/15/2016 01:28:00 AM,UNABLE TO DETERMINE,NOT APPLICABLE,1515,S,WESTERN AVE,1233.0,,,,,,,1,NONINCAPACITATING INJURY,1.0,0.0,0.0,1.0,0.0,0.0,0.0,1,5,12,41.860722709,-87.6857244575,POINT (-87.685724457537 41.860722709049)
397e1bd16386aae8783e67753801b573424b9590b16e42a82d2e14df160be36746fdd1bdcc0b5603829ee23514f27a54017bc2ebaf3b937426cb9ac1f1b578d1,,10/30/2020 12:30:00 PM,30,NO CONTROLS,NO CONTROLS,CLEAR,DAYLIGHT,PARKED MOTOR VEHICLE,ONE-WAY,,STRAIGHT AND LEVEL,DRY,NO DEFECTS,NOT ON SCENE (DESK REPORT),NO INJURY / DRIVE AWAY,,,,"$501 - $1,500",10/30/2020 01:40:00 PM,UNABLE TO DETERMINE,UNABLE TO DETERMINE,200,E,OHIO ST,1834.0,,,,,,,2,NO INDICATION OF INJURY,0.0,0.0,0.0,0.0,0.0,2.0,0.0,12,6,10,41.8926712907,-87.6225722025,POINT (-87.622572202481 41.892671290686)
d6976748c6eeaf442463696b7fe35057873a865c4d05351e57d31db56f645f2bc3fc734da0b5d71fb699d0a98c1346d75f362057d8f7477bac0367aa38b31166,Y,01/22/2018 07:35:00 AM,30,NO CONTROLS,NO CONTROLS,RAIN,DAYLIGHT,FIXED OBJECT,ONE-WAY,,STRAIGHT AND LEVEL,WET,NO DEFECTS,ON SCENE,NO INJURY / DRIVE AWAY,,,,$500 OR LESS,01/22/2018 08:00:00 AM,IMPROPER BACKING,IMPROPER BACKING,5226,S,DORCHESTER AVE,234.0,,,,,,,1,NO INDICATION OF INJURY,0.0,0.0,0.0,0.0,0.0,1.0,0.0,7,2,1,41.8002656972,-87.5919488524,POINT (-87.591948852439 41.800265697242)
bbd5fd844196dedaa20927b476bfb3be97be028aa15dec0ab660e41e5959972786b004251bb29a0b512d4bbad1f33aaa04f9695f1bea98d0adf3cace67349f81,,05/02/2016 04:23:00 PM,30,NO CONTROLS,NO CONTROLS,CLEAR,DAYLIGHT,TURNING,DIVIDED - W/MEDIAN (NOT RAISED),,STRAIGHT AND LEVEL,DRY,NO DEFECTS,NOT ON SCENE (DESK REPORT),INJURY AND / OR TOW DUE TO CRASH,,,Y,"OVER $1,500",05/02/2016 04:45:00 PM,UNABLE TO DETERMINE,NOT APPLICABLE,3111,W,NORTH AVE,1423.0,,,,,,,2,"REPORTED, NOT EVIDENT",1.0,0.0,0.0,0.0,1.0,4.0,0.0,16,2,5,41.9100293029,-87.7049361436,POINT (-87.704936143607 41.910029302858)
b329893c01c47cdaf5327d30e93fcb2565921523790a2b88d266778ab0c1f6bc9bef302da6696ceeb4dea8a00934478c82114026f608d08b050f753004c9f866,,08/23/2021 03:48:00 PM,30,TRAFFIC SIGNAL,FUNCTIONING PROPERLY,CLEAR,DAYLIGHT,PEDALCYCLIST,DIVIDED - W/MEDIAN BARRIER,,STRAIGHT AND LEVEL,DRY,NO DEFECTS,ON SCENE,INJURY AND / OR TOW DUE TO CRASH,,,,"OVER $1,500",08/23/2021 03:55:00 PM,UNABLE TO DETERMINE,NOT APPLICABLE,601,S,STATE ST,123.0,,,,,,,2,INCAPACITATING INJURY,1.0,0.0,1.0,0.0,0.0,1.0,0.0,15,2,8,41.8745452159,-87.6274640991,POINT (-87.627464099076 41.874545215885)
02add9c38ca976e18f2d4bc38544da38df07176bbd099062b840cea214e9b93a5709c792b820e219c9b07a270e352b2941fff00c7fecdb3898c0fca9acb13fda,,04/07/2017 12:13:00 PM,30,NO CONTROLS,NO CONTROLS,CLEAR,DAYLIGHT,PARKED MOTOR VEHICLE,PARKING LOT,2,STRAIGHT AND LEVEL,DRY,NO DEFECTS,NOT ON SCENE (DESK REPORT),NO INJURY / DRIVE AWAY,,,,"$501 - $1,500",04/07/2017 01:00:00 PM,"VISION OBSCURED (SIGNS, TREE LIMBS, BUILDINGS, ETC.)",NOT APPLICABLE,7067,N,WESTERN AVE,2411.0,,,,,,,2,NO INDICATION OF INJURY,0.0,0.0,0.0,0.0,0.0,3.0,0.0,12,6,4,42.0105586055,-87.6900625716,POINT (-87.690062571608 42.010558605495)
079d63da8069876204098ecc76f8c028cbff1ce2eea96d0bd548556bd2821a7262d4c2ee2f1652fef9f6fde029a1e6c253f07095fa63c55ba32868a09a6db2de,,08/31/2023 06:30:00 PM,30,TRAFFIC SIGNAL,FUNCTIONING PROPERLY,CLEAR,DAYLIGHT,ANGLE,FOUR WAY,,STRAIGHT AND LEVEL,DRY,NO DEFECTS,NOT ON SCENE (DESK REPORT),NO INJURY / DRIVE AWAY,Y,,,"OVER $1,500",09/08/2023 02:40:00 PM,IMPROPER LANE USAGE,NOT APPLICABLE,345,W,ONTARIO ST,1831.0,,,,,,,2,NO INDICATION OF INJURY,0.0,0.0,0.0,0.0,0.0,3.0,0.0,18,5,8,41.8930343792,-87.6373140838,POINT (-87.637314083763 41.893034379203)
0809a3af169305eb3c3d4f5b39a6c253209eeebe492fd9f6d1c86a8302691114b7e9f51e2fcbb2ba904003a7538f12f56f76232dfd04d63f2779182ebd684753,,11/21/2015 02:10:00 PM,30,NO CONTROLS,NO CONTROLS,SNOW,DAYLIGHT,REAR END,NOT DIVIDED,4,STRAIGHT ON GRADE,SNOW OR SLUSH,UNKNOWN,NOT ON SCENE (DESK REPORT),NO INJURY / DRIVE AWAY,,,,$500 OR LESS,11/21/2015 02:20:00 PM,WEATHER,UNABLE TO DETERMINE,4545,W,OGDEN AVE,1013.0,,,,,,,2,NO INDICATION OF INJURY,0.0,0.0,0.0,0.0,0.0,3.0,0.0,14,7,11,41.8461845304,-87.7382919804,POINT (-87.738291980429 41.846184530374)
7549dd3d4294044f63f020f6ce83946cbb4eccd95202e3a478af5a19bc66b9711003afe62d7bb61e478de92b588a67ab322bdef05148cd87956cdb27130c983b,,01/29/2018 03:50:00 PM,35,NO CONTROLS,NO CONTROLS,CLOUDY/OVERCAST,DAYLIGHT,PEDALCYCLIST,OTHER,,STRAIGHT AND LEVEL,DRY,NO DEFECTS,ON SCENE,INJURY AND / OR TOW DUE TO CRASH,,,,$500 OR LESS,01/29/2018 03:57:00 PM,UNABLE TO DETERMINE,UNABLE TO DETERMINE,3116,W,CERMAK RD,1022.0,,,Y,,,,2,"REPORTED, NOT EVIDENT",1.0,0.0,0.0,0.0,1.0,1.0,0.0,15,2,1,41.851896701,-87.7036108314,POINT (-87.703610831423 41.851896701005)
6394e6e189d9ff6b54af418a6d60d34a7ca421ddff0132d24cfedf61633a80637b226ddc44afa808f881993486486028a10e68ff95f805b3ae09a5787524ec59,,05/13/2022 06:29:00 PM,30,TRAFFIC SIGNAL,FUNCTIONING PROPERLY,CLEAR,DAYLIGHT,SIDESWIPE SAME DIRECTION,NOT DIVIDED,,STRAIGHT AND LEVEL,DRY,UNKNOWN,NOT ON SCENE (DESK REPORT),NO INJURY / DRIVE AWAY,Y,,Y,"OVER $1,500",05/13/2022 07:00:00 PM,UNABLE TO DETERMINE,UNABLE TO DETERMINE,1,S,KILDARE AVE,1115.0,,,,,,,2,NO INDICATION OF INJURY,0.0,0.0,0.0,0.0,0.0,2.0,0.0,18,6,5,41.88059356,-87.7328770384,POINT (-87.732877038442 41.880593559959)