CRASH_RECORD_ID,CRASH_DATE_EST_I,CRASH_DATE,POSTED_SPEED_LIMIT,TRAFFIC_CONTROL_DEVICE,DEVICE_CONDITION,WEATHER_CONDITION,LIGHTING_CONDITION,FIRST_CRASH_TYPE,TRAFFICWAY_TYPE,LANE_CNT,ALIGNMENT,ROADWAY_SURFACE_COND,ROAD_DEFECT,REPORT_TYPE,CRASH_TYPE,INTERSECTION_RELATED_I,NOT_RIGHT_OF_WAY_I,HIT_AND_RUN_I,DAMAGE,DATE_POLICE_NOTIFIED,PRIM_CONTRIBUTORY_CAUSE,SEC_CONTRIBUTORY_CAUSE,STREET_NO,STREET_DIRECTION,STREET_NAME,BEAT_OF_OCCURRENCE,PHOTOS_TAKEN_I,STATEMENTS_TAKEN_I,DOORING_I,WORK_ZONE_I,WORK_ZONE_TYPE,WORKERS_PRESENT_I,NUM_UNITS,MOST_SEVERE_INJURY,INJURIES_TOTAL,INJURIES_FATAL,INJURIES_INCAPACITATING,INJURIES_NON_INCAPACITATING,INJURIES_REPORTED_NOT_EVIDENT,INJURIES_NO_INDICATION,INJURIES_UNKNOWN,CRASH_HOUR,CRASH_DAY_OF_WEEK,CRASH_MONTH,LATITUDE,LONGITUDE,LOCATION
36321f4676494e453dd85b7ab2eee4caa08625cf95097223772c856fc74be041591ff6ec5d97f08b34bf83eda039d3895b0062985e662c57c8477bef304c2b97,,07/08/2021 10:30:00 AM,30,TRAFFIC SIGNAL,NO CONTROLS,CLOUDY/OVERCAST,DAYLIGHT,TURNING,NOT DIVIDED,,STRAIGHT AND LEVEL,DRY,NO DEFECTS,NOT ON SCENE (DESK REPORT),NO INJURY / DRIVE AWAY,,,Y,"OVER $1,500",07/08/2021 11:30:00 AM,FAILING TO YIELD RIGHT-OF-WAY,NOT APPLICABLE,3652,N,MILWAUKEE AVE,1731.0,,,,,,,2,NO INDICATION OF INJURY,0.0,0.0,0.0,0.0,0.0,2.0,0.0,10,5,7,41.9470744208,-87.7371828771,POINT (-87.737182877061 41.947074420829)
570e6f97fd49cb6983743751a9722a18b456df7f848c9ae70699aaad5e5eaf8d1b503f53627039622cee3a4c68161ecbd490dcf59e1bbfa2171ca180781c44a8,,08/29/2022 04:45:00 PM,30,NO CONTROLS,NO CONTROLS,CLEAR,DAYLIGHT,PARKED MOTOR VEHICLE,ONE-WAY,,STRAIGHT AND LEVEL,DRY,NO DEFECTS,NOT ON SCENE (DESK REPORT),NO INJURY / DRIVE AWAY,,,Y,"$501 - $1,500",08/29/2022 05:25:00 PM,UNABLE TO DETERMINE,NOT APPLICABLE,2026,N,BINGHAM ST,1431.0,,,,,,,2,NO INDICATION OF INJURY,0.0,0.0,0.0,0.0,0.0,1.0,0.0,16,2,8,41.9180209544,-87.6913114654,POINT (-87.691311465386 41.918020954399)
968e3e622c4f849e00d9ddeca09ad08a861a4d1d283ad3cfca1dcf51f505430df6e635c8800519185f0b239b3451899c9afd04bafd5b8a375df1f29ae4405975,,01/12/2018 06:40:00 PM,30,TRAFFIC SIGNAL,FUNCTIONING PROPERLY,SNOW,"DARKNESS, LIGHTED ROAD",ANGLE,OTHER,,STRAIGHT AND LEVEL,SNOW OR SLUSH,UNKNOWN,NOT ON SCENE (DESK REPORT),NO INJURY / DRIVE AWAY,Y,,,"$501 - $1,500",01/12/2018 07:05:00 PM,UNABLE TO DETERMINE,UNABLE TO DETERMINE,1610,W,IRVING PARK RD,1912.0,,,,,,,2,NO INDICATION OF INJURY,0.0,0.0,0.0,0.0,0.0,2.0,0.0,18,6,1,41.9543938708,-87.6695080941,POINT (-87.669508094057 41.954393870839)
bac2eeb5a9d0f762e8767cec32c3372a9f287f53e94a043103826c118479a3e75577d1c3bfecc525449c95c5cc3ece537101c4729d7f4da98c0de468b0d59ad2,,12/12/2022 12:30:00 PM,30,NO CONTROLS,NO CONTROLS,CLOUDY/OVERCAST,DUSK,REAR END,NOT DIVIDED,,STRAIGHT AND LEVEL,DRY,NO DEFECTS,NOT ON SCENE (DESK REPORT),NO INJURY / DRIVE AWAY,,,,"OVER $1,500",12/12/2022 01:15:00 PM,FOLLOWING TOO CLOSELY,NOT APPLICABLE,66,W,ILLINOIS ST,1831.0,Y,Y,,,,,2,NO INDICATION OF INJURY,0.0,0.0,0.0,0.0,0.0,2.0,0.0,12,2,12,41.8909383969,-87.6305903346,POINT (-87.630590334568 41.890938396903)
62ea3fa04df4a033814090667258880f1737a4a13c1dfac3e5747ac3140b09488e99d65dbbcc31c6ccf2151c3ba0bf5bab51e15ac62df15f579fe63809d7f93c,,09/04/2022 01:15:00 AM,30,TRAFFIC SIGNAL,FUNCTIONING PROPERLY,CLEAR,"DARKNESS, LIGHTED ROAD",TURNING,NOT DIVIDED,,STRAIGHT AND LEVEL,DRY,NO DEFECTS,ON SCENE,INJURY AND / OR TOW DUE TO CRASH,Y,,,"OVER $1,500",09/04/2022 01:15:00 AM,FAILING TO YIELD RIGHT-OF-WAY,DRIVING SKILLS/KNOWLEDGE/EXPERIENCE,8700,S,COTTAGE GROVE AVE,632.0,,,,,,,2,"REPORTED, NOT EVIDENT",1.0,0.0,0.0,0.0,1.0,4.0,0.0,1,1,9,41.7366015585,-87.6049681002,POINT (-87.604968100168 41.736601558476)
338b3a6f394faaff3111cc09e298902b7d80c12ade454b0c8152670fbf8116140c415121dc8958bbb77ac695ae09b0409007ca22ecafdf3802a47eb019b22d3b,Y,12/09/2024 03:30:00 PM,30,NO CONTROLS,NO CONTROLS,CLEAR,UNKNOWN,PARKED MOTOR VEHICLE,ONE-WAY,,STRAIGHT AND LEVEL,UNKNOWN,UNKNOWN,,NO INJURY / DRIVE AWAY,,,Y,"$501 - $1,500",12/09/2024 03:39:00 PM,UNABLE TO DETERMINE,UNABLE TO DETERMINE,2350,N,KENMORE AVE,1811.0,,,,,,,2,NO INDICATION OF INJURY,0.0,0.0,0.0,0.0,0.0,1.0,0.0,15,2,12,41.9250354395,-87.6549562978,POINT (-87.65495629783 41.925035439476)
e090895ef1857ab3c8e07c7bc2a3c25c9a2c729557e0e162cfc95afadabd51e44b12c53b904235a08585ddd93e7e4326e51d0b7c4dee177b06e46e7c7cae6694,,05/10/2020 07:40:00 PM,30,STOP SIGN/FLASHER,NO CONTROLS,RAIN,DUSK,TURNING,T-INTERSECTION,,STRAIGHT AND LEVEL,WET,NO DEFECTS,ON SCENE,NO INJURY / DRIVE AWAY,,,,"OVER $1,500",05/10/2020 07:45:00 PM,WEATHER,NOT APPLICABLE,4158,W,CHICAGO AVE,1111.0,,,,,,,2,NO INDICATION OF INJURY,0.0,0.0,0.0,0.0,0.0,4.0,0.0,19,1,5,41.8953855878,-87.7309606535,POINT (-87.730960653515 41.895385587773)
aacb5a5bb31b6661ccf2ff6c2ee173341a13e744ca24de904c152aea8f5fb40afc9a1d831c9db3dd2f07fc1e2819ff85132c9a30d990b79140891a24e785089c,,01/02/2022 02:00:00 PM,30,NO CONTROLS,NO CONTROLS,UNKNOWN,DAYLIGHT,PARKED MOTOR VEHICLE,ONE-WAY,,STRAIGHT AND LEVEL,UNKNOWN,UNKNOWN,NOT ON SCENE (DESK REPORT),NO INJURY / DRIVE AWAY,,,Y,"OVER $1,500",01/03/2022 10:20:00 AM,UNABLE TO DETERMINE,UNABLE TO DETERMINE,11503,S,JUSTINE ST,524.0,,,,,,,2,NO INDICATION OF INJURY,0.0,0.0,0.0,0.0,0.0,1.0,0.0,14,1,1,41.6846930413,-87.6602386526,POINT (-87.660238652648 41.684693041314)
660e4b5c8c172c4deaa50a1b1ea5128a3b9fa639cfce3510eba5e20e96a27cf99c92652ca4f886d5ce55876658854817df27495eda09dac74b2d2bd79182efa9,,08/22/2025 06:00:00 AM,15,NO CONTROLS,NO CONTROLS,CLEAR,DAYLIGHT,PARKED MOTOR VEHICLE,ONE-WAY,,STRAIGHT AND LEVEL,UNKNOWN,UNKNOWN,NOT ON SCENE (DESK REPORT),NO INJURY / DRIVE AWAY,,,Y,"$501 - $1,500",08/29/2025 11:50:00 AM,FAILING TO YIELD RIGHT-OF-WAY,UNABLE TO DETERMINE,1867,N,POE ST,1811.0,,,,,,,2,NO INDICATION OF INJURY,0.0,0.0,0.0,0.0,0.0,1.0,0.0,6,6,8,41.9159291932,-87.6539497035,POINT (-87.653949703522 41.915929193236)
715df8fa2308b13ebb0449a401dd05dc897ce80e7269108d89122ce934109c198d7a5e2d28a3e994b0ded2f0008548ad2def4a06f598dc12c3b3aa02c3a35634,,05/29/2024 11:50:00 AM,35,NO CONTROLS,NO CONTROLS,CLEAR,DAYLIGHT,PARKED MOTOR VEHICLE,NOT DIVIDED,,STRAIGHT AND LEVEL,DRY,NO DEFECTS,NOT ON SCENE (DESK REPORT),NO INJURY / DRIVE AWAY,,,Y,"OVER $1,500",05/29/2024 01:00:00 PM,DRIVING SKILLS/KNOWLEDGE/EXPERIENCE,NOT APPLICABLE,6058,S,ARCHER AVE,811.0,,,,,,,2,NO INDICATION OF INJURY,0.0,0.0,0.0,0.0,0.0,1.0,0.0,11,4,5,41.7948439537,-87.7687881264,POINT (-87.768788126391 41.794843953702)
b196873e812692d1b78f0697352c27858096bd7c8d8f197b5c013e4a742e536e2a0d00a7d33edae02a2574282dc322f24dafa9a3223535988cc87f551c3f1280,,10/30/2016 01:15:00 PM,30,NO CONTROLS,NO CONTROLS,CLEAR,DAYLIGHT,ANGLE,ONE-WAY,2,STRAIGHT AND LEVEL,DRY,NO DEFECTS,NOT ON SCENE (DESK REPORT),NO INJURY / DRIVE AWAY,,,,"$501 - $1,500",10/30/2016 01:35:00 PM,FAILING TO YIELD RIGHT-OF-WAY,IMPROPER OVERTAKING/PASSING,3245,N,KOSTNER AVE,1731.0,,,,,,,2,NO INDICATION OF INJURY,0.0,0.0,0.0,0.0,0.0,2.0,0.0,13,1,10,41.9403281811,-87.7369277629,POINT (-87.736927762905 41.940328181063)
feb6cb06a6480e7d8ea2584e070636b62ce5166ceb1bedecc3e9685994c28d7281b2c7231cb0e5f44e4b18cdb4db466fc62eb70ba41e35b3180aee2779acdc59,,08/08/2023 11:04:00 AM,20,NO CONTROLS,NO CONTROLS,CLEAR,DAYLIGHT,PARKED MOTOR VEHICLE,ALLEY,,STRAIGHT AND LEVEL,DRY,NO DEFECTS,ON SCENE,NO INJURY / DRIVE AWAY,,,Y,"OVER $1,500",08/08/2023 12:03:00 PM,FAILING TO REDUCE SPEED TO AVOID CRASH,NOT APPLICABLE,4159,W,ADAMS ST,1115.0,,,,,,,2,NO INDICATION OF INJURY,0.0,0.0,0.0,0.0,0.0,1.0,0.0,11,3,8,41.8778098886,-87.7303566697,POINT (-87.73035666973 41.877809888614)
03b06ff0e57f1d38bd05745e11a05f51ab7f4fe3ff5e7e59b16ee42134e30a6bb335181de95ea89b0eacb1adb34d2744b3ae1023a7c8a50bcac7956f77cd03de,Y,10/03/2023 08:40:00 AM,30,TRAFFIC SIGNAL,FUNCTIONING PROPERLY,CLEAR,DAYLIGHT,PEDALCYCLIST,FOUR WAY,,STRAIGHT AND LEVEL,DRY,NO DEFECTS,,INJURY AND / OR TOW DUE TO CRASH,Y,,Y,"OVER $1,500",10/08/2023 11:05:00 AM,TURNING RIGHT ON RED,IMPROPER TURNING/NO SIGNAL,2433,N,ELSTON AVE,1432.0,,,,,,,2,NONINCAPACITATING INJURY,1.0,0.0,0.0,1.0,0.0,1.0,0.0,8,3,10,41.9259173033,-87.6781801452,POINT (-87.678180145204 41.92591730326)
cd956a1126883a6c8e777a10fabfe842daea1457fcedac8d38801f6e7b3eb7ede8a62cc1a5aff850fec9e5aaa5bcbf1d4a4d734f136c413fc9bdc9e7733c0ad4,,09/15/2019 10:30:00 AM,30,NO CONTROLS,NO CONTROLS,CLEAR,DAYLIGHT,PARKED MOTOR VEHICLE,ONE-WAY,,STRAIGHT AND LEVEL,DRY,NO DEFECTS,NOT ON SCENE (DESK REPORT),NO INJURY / DRIVE AWAY,,,,"$501 - $1,500",09/18/2019 08:52:00 AM,IMPROPER OVERTAKING/PASSING,UNABLE TO DETERMINE,4904,N,WASHTENAW AVE,2031.0,,,,,,,2,NO INDICATION OF INJURY,0.0,0.0,0.0,0.0,0.0,1.0,0.0,10,1,9,41.9709257223,-87.6964710482,POINT (-87.696471048215 41.970925722313)
f3165e7467aad33dd74ca2f086f09a0dc2eb52e9919a859c511721e07f8a07bf55c519e806468097aba2207ba5ce853a3338e2b2368686c9d58b998b78ad267f,,07/26/2023 10:20:00 AM,30,STOP SIGN/FLASHER,FUNCTIONING PROPERLY,RAIN,DAYLIGHT,TURNING,NOT DIVIDED,,STRAIGHT AND LEVEL,WET,NO DEFECTS,ON SCENE,NO INJURY / DRIVE AWAY,Y,,,"OVER $1,500",07/26/2023 10:22:00 AM,FAILING TO YIELD RIGHT-OF-WAY,WEATHER,7291,W,DEVON AVE,1612.0,,,,,,,2,NO INDICATION OF INJURY,0.0,0.0,0.0,0.0,0.0,2.0,0.0,10,4,7,41.9970187907,-87.8102729642,POINT (-87.810272964162 41.997018790679)
399f74381cd8498cde3e60b3ac0d3d564ffb7a8ee5076bb85d8d47ae2443d0f66d07d727caa53fd55505be6ca9454ce600b3d23f693207e42dc5afe10b34a297,,10/31/2024 03:00:00 PM,30,TRAFFIC SIGNAL,FUNCTIONING PROPERLY,UNKNOWN,UNKNOWN,SIDESWIPE SAME DIRECTION,NOT DIVIDED,,STRAIGHT AND LEVEL,UNKNOWN,UNKNOWN,NOT ON SCENE (DESK REPORT),NO INJURY / DRIVE AWAY,,,,"OVER $1,500",10/31/2024 03:40:00 PM,IMPROPER OVERTAKING/PASSING,NOT APPLICABLE,2801,W,55TH ST,824.0,,,,,,,2,NO INDICATION OF INJURY,0.0,0.0,0.0,0.0,0.0,2.0,0.0,15,5,10,41.7935800114,-87.6938555414,POINT (-87.693855541383 41.79358001142)
9b23ce85053073f9973866648e55f4c0d57b33f6bd6e0ce36fb0be8d21b3fc3d347c0dff53f73dcaafba5fbf06a0e23041e2a02e8c959d6cc8da6be228119c25,,11/22/2018 09:00:00 AM,30,NO CONTROLS,NO CONTROLS,CLEAR,DAYLIGHT,PARKED MOTOR VEHICLE,ONE-WAY,4,STRAIGHT AND LEVEL,DRY,NO DEFECTS,NOT ON SCENE (DESK REPORT),NO INJURY / DRIVE AWAY,,,,"OVER $1,500",11/25/2018 02:00:00 PM,UNABLE TO DETERMINE,UNABLE TO DETERMINE,3521,S,DEARBORN ST,213.0,,,,,,,2,NO INDICATION OF INJURY,0.0,0.0,0.0,0.0,0.0,1.0,0.0,9,5,11,41.8301569887,-87.62766497,POINT (-87.627664969975 41.830156988739)
cb97084f10470b0a1c99abf7630bb8ab7af7ba2f12563150a381825435537d3a722e62bdd64d36862454991688ca1264fa4fd9db460e3fb77342be33c8cbe97b,,06/03/2023 05:26:00 PM,30,TRAFFIC SIGNAL,FUNCTIONING PROPERLY,CLEAR,DAYLIGHT,ANGLE,T-INTERSECTION,,STRAIGHT AND LEVEL,DRY,UNKNOWN,NOT ON SCENE (DESK REPORT),INJURY AND / OR TOW DUE TO CRASH,Y,,Y,"OVER $1,500",06/03/2023 05:26:00 PM,DISREGARDING TRAFFIC SIGNALS,UNABLE TO DETERMINE,600,S,CENTRAL PARK AVE,1133.0,,N,,,,,2,NO INDICATION OF INJURY,0.0,0.0,0.0,0.0,0.0,4.0,0.0,17,7,6,41.8735219226,-87.7158048849,POINT (-87.715804884879 41.873521922591)
26c0245ddb8c0cdd9a87042bd6b800fc2dfcf26b38c9e5d99a7fe8001ce6325e204f8b04aa036126c8fbd7cea6ad92ce6e7490c470203a3c9ddf7b061d789250,,06/05/2021 02:54:00 PM,30,TRAFFIC SIGNAL,FUNCTIONING PROPERLY,CLEAR,DAYLIGHT,ANGLE,T-INTERSECTION,,STRAIGHT AND LEVEL,DRY,NO DEFECTS,NOT ON SCENE (DESK REPORT),NO INJURY / DRIVE AWAY,,,Y,"OVER $1,500",06/05/2021 04:18:00 PM,FAILING TO YIELD RIGHT-OF-WAY,NOT APPLICABLE,7100,S,DR MARTIN LUTHER KING JR DR,323.0,,,,,,,2,NO INDICATION OF INJURY,0.0,0.0,0.0,0.0,0.0,2.0,0.0,14,7,6,41.7656188178,-87.615407248,POINT (-87.615407248037 41.765618817754)
3b6d23138e3f009e54ae5ef25061e9e96fe44fd0e62afa71574bb0e8dc01a37770b93f081a7b4241b8d7b1869deafdeb6b143c4ac76ec01e61ba8a7d9c1494d4,,12/09/2021 10:30:00 AM,25,TRAFFIC SIGNAL,FUNCTIONING PROPERLY,CLEAR,DAYLIGHT,REAR END,T-INTERSECTION,,STRAIGHT AND LEVEL,DRY,NO DEFECTS,ON SCENE,NO INJURY / DRIVE AWAY,Y,,,"$501 - $1,500",12/09/2021 10:35:00 AM,FOLLOWING TOO CLOSELY,UNABLE TO DETERMINE,850,W,OHARE ST,1654.0,,,,,,,3,NO INDICATION OF INJURY,0.0,0.0,0.0,0.0,0.0,3.0,0.0,10,5,12,,,
75feafd91d340e50df389e81d8feecb77bb1839c70e68f54e43535b07259300f5fa21720b5e15fc6a7aaa0857e81aaed55a45f6fbe594984510caab4f9502626,Y,06/03/2016 05:00:00 PM,30,OTHER,UNKNOWN,UNKNOWN,UNKNOWN,FIXED OBJECT,NOT DIVIDED,2,STRAIGHT AND LEVEL,UNKNOWN,UNKNOWN,NOT ON SCENE (DESK REPORT),NO INJURY / DRIVE AWAY,Y,,,$500 OR LESS,06/03/2016 05:20:00 PM,UNABLE TO DETERMINE,NOT APPLICABLE,2800,W,FARGO AVE,2411.0,,,,,,,1,NO INDICATION OF INJURY,0.0,0.0,0.0,0.0,0.0,1.0,0.0,17,6,6,42.0167129927,-87.6997569594,POINT (-87.69975695944 42.016712992657)
a27b53e1bc6d042f5cb8070f23fc08a9d03203a2e32144bf586fb094c05ef0d8f14b8bbb377e0d49516d705543e9b8d7fc6b2c564c5a7fa6b2cba4850c27e2ad,,04/05/2022 12:42:00 PM,30,NO CONTROLS,NO CONTROLS,CLOUDY/OVERCAST,DAYLIGHT,TURNING,DIVIDED - W/MEDIAN (NOT RAISED),,STRAIGHT AND LEVEL,DRY,NO DEFECTS,ON SCENE,INJURY AND / OR TOW DUE TO CRASH,,,,"OVER $1,500",04/05/2022 12:42:00 PM,IMPROPER LANE USAGE,IMPROPER LANE USAGE,3524,W,CHICAGO AVE,1121.0,,Y,,,,,2,INCAPACITATING INJURY,3.0,0.0,1.0,2.0,0.0,0.0,0.0,12,3,4,41.8955850035,-87.7148144529,POINT (-87.714814452908 41.895585003546)
7087ca4ccffd57857cec2e45db93b1cedcb0b4f8e1313e127771cbb328253dbeb7cad8737e0582a4a1e858d4221825a7063b4ec1df1e990a46151daea5e4c291,,07/05/2025 01:40:00 AM,30,NO CONTROLS,NO CONTROLS,CLEAR,DARKNESS,ANGLE,NOT DIVIDED,,STRAIGHT AND LEVEL,DRY,NO DEFECTS,NOT ON SCENE (DESK REPORT),NO INJURY / DRIVE AWAY,,,,"$501 - $1,500",07/05/2025 04:30:00 AM,FAILING TO YIELD RIGHT-OF-WAY,NOT APPLICABLE,1617,N,CICERO AVE,2533.0,,,,,,,2,NO INDICATION OF INJURY,0.0,0.0,0.0,0.0,0.0,2.0,0.0,1,7,7,41.9101266678,-87.745952498,POINT (-87.745952497971 41.910126667825)
758b8bed4077e3c3127f3e5fe737353ab09952c95b6de1b183333183c15220623a9c28b7fcf5deb6b588e9c90eb0690c3bdfe7d56db17c3843467b217acb65a8,N,05/20/2019 12:25:00 AM,30,TRAFFIC SIGNAL,FUNCTIONING PROPERLY,CLEAR,"DARKNESS, LIGHTED ROAD",TURNING,FOUR WAY,,STRAIGHT AND LEVEL,DRY,NO DEFECTS,ON SCENE,INJURY AND / OR TOW DUE TO CRASH,Y,,,"OVER $1,500",05/20/2019 12:25:00 AM,UNDER THE INFLUENCE OF ALCOHOL/DRUGS (USE WHEN ARREST IS EFFECTED),DISREGARDING TRAFFIC SIGNALS,3958,N,CENTRAL AVE,1633.0,,,,,,,2,NONINCAPACITATING INJURY,1.0,0.0,0.0,1.0,0.0,1.0,0.0,0,2,5,41.9531340924,-87.7671449126,POINT (-87.767144912562 41.953134092387)
2da037b46a6e46e42327c3cd4e3a196a4668b9dbad5221447ab173219c2685c919d2ccf35fe06d9dcc1c3102369535a023ec2de1ad419e21db6ef51a13750bdf,,11/19/2023 02:45:00 PM,15,NO CONTROLS,NO CONTROLS,CLEAR,DAYLIGHT,PARKED MOTOR VEHICLE,ALLEY,,STRAIGHT AND LEVEL,DRY,NO DEFECTS,NOT ON SCENE (DESK REPORT),NO INJURY / DRIVE AWAY,,,Y,"OVER $1,500",11/19/2023 04:20:00 PM,IMPROPER OVERTAKING/PASSING,UNABLE TO DETERMINE,4101,N,DICKINSON AVE,1624.0,,,,,,,2,NO INDICATION OF INJURY,0.0,0.0,0.0,0.0,0.0,1.0,0.0,14,1,11,41.9552540111,-87.7510684911,POINT (-87.751068491073 41.955254011095)
839700110279adf7750ddc10d93a7a5bfb97ce74abf481a3d3b7ae3f0b709345dbdad8972de2eaaf3717482ffca952b806a143f23b8403f452b2d7d2a00a941e,N,05/25/2023 03:50:00 PM,15,NO CONTROLS,NO CONTROLS,CLEAR,DAYLIGHT,PARKED MOTOR VEHICLE,PARKING LOT,,STRAIGHT AND LEVEL,UNKNOWN,UNKNOWN,ON SCENE,NO INJURY / DRIVE AWAY,,,Y,"OVER $1,500",05/25/2023 03:57:00 PM,UNABLE TO DETERMINE,UNABLE TO DETERMINE,836,W,WELLINGTON AVE,1933.0,,,,,,,2,NO INDICATION OF INJURY,0.0,0.0,0.0,0.0,0.0,1.0,0.0,15,5,5,41.9364501676,-87.650552452,POINT (-87.650552452041 41.936450167582)
63bf6e61dbc5c968c15e8a00bb9a6439ce57360f1b5f359379f2ca5a809d48ab1bdb5b22a5f1fa371c83141234185baa31fbc03037e8891f287e47e17c5e37bc,,04/22/2022 12:08:00 AM,30,NO CONTROLS,NO CONTROLS,CLEAR,"DARKNESS, LIGHTED ROAD",SIDESWIPE SAME DIRECTION,DIVIDED - W/MEDIAN BARRIER,,STRAIGHT AND LEVEL,DRY,NO DEFECTS,ON SCENE,INJURY AND / OR TOW DUE TO CRASH,,,Y,"OVER $1,500",04/22/2022 12:08:00 AM,"OPERATING VEHICLE IN ERRATIC, RECKLESS, CARELESS, NEGLIGENT OR AGGRESSIVE MANNER",UNABLE TO DETERMINE,6002,S,HALSTED ST,712.0,,,,,,,2,NO INDICATION OF INJURY,0.0,0.0,0.0,0.0,0.0,2.0,0.0,0,6,4,41.7849944939,-87.6450631449,POINT (-87.645063144859 41.784994493905)
1aa8c5504e9132f1d6e5dfef190da737bd4a6f2b91b3a28d238218a8d17605bdb24f7833b513d18cca403a8cb9cb727b392f4059616c83177c1f7d29a780e0a0,,06/25/2025 09:50:00 AM,10,UNKNOWN,UNKNOWN,UNKNOWN,DAYLIGHT,PARKED MOTOR VEHICLE,PARKING LOT,,STRAIGHT AND LEVEL,UNKNOWN,UNKNOWN,NOT ON SCENE (DESK REPORT),NO INJURY / DRIVE AWAY,,,,"OVER $1,500",06/25/2025 11:15:00 AM,UNABLE TO DETERMINE,UNABLE TO DETERMINE,5843,S,WENTWORTH AVE,232.0,,,,,,,2,NO INDICATION OF INJURY,0.0,0.0,0.0,0.0,0.0,1.0,0.0,9,4,6,41.7877384198,-87.6301824358,POINT (-87.630182435804 41.787738419833)
eb25cd13f96fdcf51cd1f74a8d68ecf544ac805a003c8ec849329af87e9f8c77c3143c73275978ed832a3c235a541941afe28c13a11ec54b52f6e252f140a985,,11/03/2020 12:55:00 PM,30,TRAFFIC SIGNAL,NO CONTROLS,CLEAR,DAYLIGHT,REAR END,FOUR WAY,,STRAIGHT AND LEVEL,DRY,NO DEFECTS,ON SCENE,NO INJURY / DRIVE AWAY,Y,,,"OVER $1,500",11/03/2020 12:56:00 PM,UNABLE TO DETERMINE,UNABLE TO DETERMINE,8640,S,ASHLAND AVE,614.0,,,,,,,2,NO INDICATION OF INJURY,0.0,0.0,0.0,0.0,0.0,3.0,0.0,12,3,11,41.7363882893,-87.6632256538,POINT (-87.663225653809 41.7363882893)
04e473cc2fc81b2f4d2558da58339c587b00c5aa48078b7035689ebbcbf5a0f4d0f95a687e367266d04fec233a2d38c0d8cc6b2a2802b154abf1339d0468991e,,01/31/2018 04:50:00 PM,35,NO CONTROLS,NO CONTROLS,CLEAR,"DARKNESS, LIGHTED ROAD",SIDESWIPE SAME DIRECTION,NOT DIVIDED,4,STRAIGHT AND LEVEL,DRY,NO DEFECTS,NOT ON SCENE (DESK REPORT),NO INJURY / DRIVE AWAY,,,,"$501 - $1,500",01/31/2018 05:20:00 PM,FAILING TO YIELD RIGHT-OF-WAY,UNABLE TO DETERMINE,7305,N,WESTERN AVE,2411.0,,,,,,,2,NO INDICATION OF INJURY,0.0,0.0,0.0,0.0,0.0,3.0,0.0,16,4,1,42.0142986372,-87.6900822193,POINT (-87.690082219336 42.014298637194)
1727d9d4ba2e4296734c1a70ee67801c3b55d63d55ee8070d4b0d293c31c0946bb075f844cbeec4173903290a31bfdebe40db27232c23bb94fc59c36b9a5131f,,08/27/2018 08:00:00 AM,35,STOP SIGN/FLASHER,NO CONTROLS,CLEAR,DAYLIGHT,REAR END,NOT DIVIDED,2,STRAIGHT AND LEVEL,DRY,NO DEFECTS,NOT ON SCENE (DESK REPORT),NO INJURY / DRIVE AWAY,,,,$500 OR LESS,08/31/2018 01:50:00 PM,UNABLE TO DETERMINE,UNABLE TO DETERMINE,5300,W,MADISON ST,1522.0,,,,,,,2,NO INDICATION OF INJURY,0.0,0.0,0.0,0.0,0.0,2.0,0.0,8,2,8,41.8804471974,-87.7577550463,POINT (-87.757755046348 41.880447197368)
689167e8dbdf6d1152caf1a44dd9523abd5ee104e8854856351fc272a9858dc321a29f03ae619df192b8f90a2ef707847d3dde75d18d6f0111bed0b274dcd29d,,09/07/2022 07:10:00 AM,30,NO CONTROLS,NO CONTROLS,CLEAR,DAYLIGHT,SIDESWIPE SAME DIRECTION,ONE-WAY,,STRAIGHT AND LEVEL,DRY,NO DEFECTS,NOT ON SCENE (DESK REPORT),NO INJURY / DRIVE AWAY,,,,"OVER $1,500",09/07/2022 10:30:00 AM,IMPROPER OVERTAKING/PASSING,DRIVING SKILLS/KNOWLEDGE/EXPERIENCE,141,W,JACKSON BLVD,122.0,,,,,,,2,NO INDICATION OF INJURY,0.0,0.0,0.0,0.0,0.0,3.0,0.0,7,4,9,41.8780256553,-87.6320622863,POINT (-87.632062286267 41.878025655261)
3f3ba6a6bf3f476eded93a0d5845cba22fd42f855ed6ae128934f65f20dd1c105578a7a2c9757d67d0502b73659e86a37e44c05238546a5f036c70dbe36a22bc,,02/10/2024 10:00:00 PM,35,TRAFFIC SIGNAL,FUNCTIONING PROPERLY,CLEAR,"DARKNESS, LIGHTED ROAD",REAR END,FOUR WAY,,STRAIGHT AND LEVEL,DRY,NO DEFECTS,NOT ON SCENE (DESK REPORT),NO INJURY / DRIVE AWAY,Y,,,"OVER $1,500",02/12/2024 02:00:00 PM,FOLLOWING TOO CLOSELY,NOT APPLICABLE,1558,W,115TH ST,2234.0,,,,,,,2,NO INDICATION OF INJURY,0.0,0.0,0.0,0.0,0.0,2.0,0.0,22,7,2,41.6849310429,-87.6615413734,POINT (-87.661541373408 41.684931042858)
e8151434adb454bbbf0f41786813daf98098bd6f63fff75330328ec0161b6413ead1f3754bcfb5bb893acdb47159ffc6f62f2dda969c11d015669251f0c7fed5,,07/30/2025 08:26:00 AM,30,TRAFFIC SIGNAL,FUNCTIONING PROPERLY,CLEAR,DAYLIGHT,TURNING,ONE-WAY,,STRAIGHT AND LEVEL,DRY,NO DEFECTS,ON SCENE,NO INJURY / DRIVE AWAY,Y,,Y,$500 OR LESS,07/30/2025 08:37:00 AM,IMPROPER OVERTAKING/PASSING,IMPROPER LANE USAGE,300,S,CLARK ST,122.0,,,,,,,2,NO INDICATION OF INJURY,0.0,0.0,0.0,0.0,0.0,3.0,0.0,8,4,7,41.8780825148,-87.6309303908,POINT (-87.630930390814 41.878082514793)