CRASH_RECORD_ID,CRASH_DATE_EST_I,CRASH_DATE,POSTED_SPEED_LIMIT,TRAFFIC_CONTROL_DEVICE,DEVICE_CONDITION,WEATHER_CONDITION,LIGHTING_CONDITION,FIRST_CRASH_TYPE,TRAFFICWAY_TYPE,LANE_CNT,ALIGNMENT,ROADWAY_SURFACE_COND,ROAD_DEFECT,REPORT_TYPE,CRASH_TYPE,INTERSECTION_RELATED_I,NOT_RIGHT_OF_WAY_I,HIT_AND_RUN_I,DAMAGE,DATE_POLICE_NOTIFIED,PRIM_CONTRIBUTORY_CAUSE,SEC_CONTRIBUTORY_CAUSE,STREET_NO,STREET_DIRECTION,STREET_NAME,BEAT_OF_OCCURRENCE,PHOTOS_TAKEN_I,STATEMENTS_TAKEN_I,DOORING_I,WORK_ZONE_I,WORK_ZONE_TYPE,WORKERS_PRESENT_I,NUM_UNITS,MOST_SEVERE_INJURY,INJURIES_TOTAL,INJURIES_FATAL,INJURIES_INCAPACITATING,INJURIES_NON_INCAPACITATING,INJURIES_REPORTED_NOT_EVIDENT,INJURIES_NO_INDICATION,INJURIES_UNKNOWN,CRASH_HOUR,CRASH_DAY_OF_WEEK,CRASH_MONTH,LATITUDE,LONGITUDE,LOCATION
5414cb734ce44cf34d1e16df2453ad6221e7cb1f0049bec8538404de5837ee8e9615889786187b17f814bc350f5f4e9d5df3221169b251236b2f9e8155eb8504,,07/29/2020 05:50:00 PM,30,NO CONTROLS,NO CONTROLS,CLOUDY/OVERCAST,DAYLIGHT,TURNING,DIVIDED - W/MEDIAN BARRIER,,STRAIGHT AND LEVEL,DRY,NO DEFECTS,ON SCENE,INJURY AND / OR TOW DUE TO CRASH,,,,"OVER $1,500",07/29/2020 05:55:00 PM,FAILING TO YIELD RIGHT-OF-WAY,IMPROPER TURNING/NO SIGNAL,4802,S,ASHLAND AVE,931.0,,,,,,,2,INCAPACITATING INJURY,2.0,0.0,2.0,0.0,0.0,1.0,0.0,17,4,7,41.8066325978,-87.6650633256,POINT (-87.665063325617 41.806632597822)
04836b2fb2fdecf18d3c5492880303315d22a67a6ca3912fe360f8a1400aa4c66938708e57f3099be244c74c84d757dc4f6af6036716b5d5e47c084f0f7f08b4,,06/09/2022 04:00:00 AM,30,NO CONTROLS,NO CONTROLS,UNKNOWN,"DARKNESS, LIGHTED ROAD",PARKED MOTOR VEHICLE,NOT DIVIDED,,STRAIGHT AND LEVEL,UNKNOWN,UNKNOWN,NOT ON SCENE (DESK REPORT),INJURY AND / OR TOW DUE TO CRASH,,,Y,"OVER $1,500",06/09/2022 08:00:00 AM,UNABLE TO DETERMINE,UNABLE TO DETERMINE,5330,S,PRAIRIE AVE,231.0,,,,,,,2,NO INDICATION OF INJURY,0.0,0.0,0.0,0.0,0.0,1.0,0.0,4,5,6,41.7974643174,-87.6194409018,POINT (-87.619440901777 41.797464317433)
05ee0eb599aa0f33fef4f5b253ceccf29edf58e0e6c60ca5cc08d9210f91f96b701542e927c068435cbe879aca3a299dde4c318acde5d6007388bee31bba0142,,09/16/2025 12:40:00 PM,30,TRAFFIC SIGNAL,FUNCTIONING PROPERLY,CLEAR,DAYLIGHT,TURNING,NOT DIVIDED,,STRAIGHT AND LEVEL,DRY,NO DEFECTS,ON SCENE,NO INJURY / DRIVE AWAY,,,,"OVER $1,500",09/16/2025 02:30:00 PM,IMPROPER OVERTAKING/PASSING,IMPROPER LANE USAGE,2400,N,ASHLAND AVE,1931.0,,,,,,,2,NO INDICATION OF INJURY,0.0,0.0,0.0,0.0,0.0,2.0,0.0,12,3,9,41.9251938898,-87.6682943634,POINT (-87.668294363399 41.92519388981)
de594d0d3749da1c3d55781b390b04e099ed56678f49c35ac8257c289cbfa872eb9ce71648592ed3f03f7339065859dc6dedc30b704caad1442ffb5d9ab190f1,,04/04/2025 07:20:00 AM,35,TRAFFIC SIGNAL,FUNCTIONING PROPERLY,CLEAR,DAYLIGHT,ANGLE,NOT DIVIDED,,STRAIGHT AND LEVEL,DRY,NO DEFECTS,NOT ON SCENE (DESK REPORT),NO INJURY / DRIVE AWAY,Y,,,"OVER $1,500",04/04/2025 07:30:00 AM,FAILING TO YIELD RIGHT-OF-WAY,NOT APPLICABLE,2600,S,KOSTNER AVE,1031.0,,,,,,,2,NO INDICATION OF INJURY,0.0,0.0,0.0,0.0,0.0,2.0,0.0,7,6,4,41.8440194218,-87.73442573,POINT (-87.734425729972 41.844019421781)
6f4dd09d80caff6ca6de8f4b1ae4c28e1c7b7c65e36d7e43903f02f83f0b940c2f5e7cbd57a9d9d619ae38868381ec16cbbe6f08dcd61aa42705148ac9280c6e,,08/14/2019 04:10:00 PM,30,NO CONTROLS,NO CONTROLS,CLEAR,DAYLIGHT,REAR END,NOT DIVIDED,,STRAIGHT AND LEVEL,DRY,NO DEFECTS,NOT ON SCENE (DESK REPORT),NO INJURY / DRIVE AWAY,,,,"$501 - $1,500",08/14/2019 08:27:00 PM,NOT APPLICABLE,NOT APPLICABLE,1998,N,KEDZIE AVE,1421.0,,,,,,,2,NO INDICATION OF INJURY,0.0,0.0,0.0,0.0,0.0,2.0,0.0,16,4,8,41.9173722406,-87.7071133889,POINT (-87.707113388928 41.917372240632)
adb991d9d789e91ee6262fc7f7f1be58e215192b336c9fa6cc694cddbff8853f04e8130dbaad572a8a37602b45cd11b734f2b12e32c19243c73e47c28703bd64,,10/26/2023 11:18:00 AM,30,UNKNOWN,UNKNOWN,UNKNOWN,UNKNOWN,REAR END,NOT DIVIDED,,STRAIGHT AND LEVEL,UNKNOWN,UNKNOWN,NOT ON SCENE (DESK REPORT),NO INJURY / DRIVE AWAY,,,,$500 OR LESS,10/26/2023 02:45:00 PM,UNABLE TO DETERMINE,UNABLE TO DETERMINE,1650,W,FOSTER AVE,2012.0,,,,,,,2,NO INDICATION OF INJURY,0.0,0.0,0.0,0.0,0.0,2.0,0.0,11,5,10,41.9762526232,-87.6716482543,POINT (-87.671648254293 41.976252623154)
d9f721163b96ab24a556c43e2cf2c66b7e99c8133292ec9106836c60a716e9cce171dcf6da80ed19d2c1087cb0767e96b3bec950d04b950edf01a6021dd8582e,,01/28/2024 11:21:00 PM,30,NO CONTROLS,NO CONTROLS,CLEAR,"DARKNESS, LIGHTED ROAD",PARKED MOTOR VEHICLE,ONE-WAY,,STRAIGHT AND LEVEL,DRY,WORN SURFACE,ON SCENE,NO INJURY / DRIVE AWAY,,,,$500 OR LESS,01/28/2024 11:21:00 PM,IMPROPER TURNING/NO SIGNAL,NOT APPLICABLE,5642,S,MAY ST,712.0,,,,,,,2,NO INDICATION OF INJURY,0.0,0.0,0.0,0.0,0.0,4.0,0.0,23,1,1,41.7910835258,-87.6537267222,POINT (-87.653726722203 41.791083525786)
f1beade4d7c62ec5f6c5ec8f17056c310dcd77e6c188aa1be35093c896337e853fb9abdac93541d5acab6f7c9347a552c706ef5e8c5fb2899e816204746178c0,,12/11/2022 07:00:00 PM,30,TRAFFIC SIGNAL,FUNCTIONING PROPERLY,CLEAR,"DARKNESS, LIGHTED ROAD",TURNING,FOUR WAY,,STRAIGHT AND LEVEL,DRY,NO DEFECTS,ON SCENE,INJURY AND / OR TOW DUE TO CRASH,Y,,,"OVER $1,500",12/11/2022 07:04:00 PM,UNABLE TO DETERMINE,UNABLE TO DETERMINE,1900,N,ASHLAND AVE,1433.0,,,,,,,2,"REPORTED, NOT EVIDENT",2.0,0.0,0.0,0.0,2.0,1.0,0.0,19,1,12,41.916147281,-87.6679473535,POINT (-87.667947353504 41.916147280953)
e0d8e9db2472347849252dcc9ec73040f98b9e0fe8ea9b92eec04f51b11fca9099c0a7ab1a0b46290a3fd6739f184940f0ff8dffb046e3b38597d41172cff78e,,06/02/2023 08:00:00 PM,30,TRAFFIC SIGNAL,UNKNOWN,CLEAR,"DARKNESS, LIGHTED ROAD",REAR END,NOT DIVIDED,,STRAIGHT AND LEVEL,DRY,UNKNOWN,NOT ON SCENE (DESK REPORT),NO INJURY / DRIVE AWAY,Y,,Y,"OVER $1,500",06/02/2023 11:00:00 PM,NOT APPLICABLE,NOT APPLICABLE,7500,S,COTTAGE GROVE AVE,624.0,,,,,,,2,NO INDICATION OF INJURY,0.0,0.0,0.0,0.0,0.0,2.0,0.0,20,6,6,41.7584848876,-87.6055332197,POINT (-87.605533219704 41.758484887637)
9bd703ca21df22af4543af3a82408e86a9178b5e54aa9b55ca5317de32b0a9793ef9623b6af743ab3c7abce63154f8c5aeed146e9f829c64f6f4681a947c7a16,,02/12/2023 03:27:00 PM,20,NO CONTROLS,NO CONTROLS,CLEAR,DAYLIGHT,OTHER OBJECT,NOT DIVIDED,,STRAIGHT AND LEVEL,DRY,NO DEFECTS,ON SCENE,INJURY AND / OR TOW DUE TO CRASH,,Y,,"OVER $1,500",02/12/2023 03:29:00 PM,"VISION OBSCURED (SIGNS, TREE LIMBS, BUILDINGS, ETC.)","VISION OBSCURED (SIGNS, TREE LIMBS, BUILDINGS, ETC.)",5800,N,KEATING AVE,1711.0,,,,,,,1,NO INDICATION OF INJURY,0.0,0.0,0.0,0.0,0.0,1.0,0.0,15,1,2,41.9862066136,-87.7472382477,POINT (-87.747238247718 41.986206613583)
bb18a1e473f1373e88fcde8f73a55502a93f88eb9afae25a8bfd439c81f9ebeed26d3727ff7f4b2f63d1e4b5c4f01aefb282bc80b488dbcf32e5d9747f8b228b,,09/30/2022 01:36:00 PM,30,NO CONTROLS,NO CONTROLS,CLEAR,DAYLIGHT,PARKED MOTOR VEHICLE,NOT DIVIDED,,STRAIGHT AND LEVEL,UNKNOWN,UNKNOWN,NOT ON SCENE (DESK REPORT),NO INJURY / DRIVE AWAY,,,,"$501 - $1,500",09/30/2022 02:00:00 PM,UNABLE TO DETERMINE,NOT APPLICABLE,3940,N,CICERO AVE,1634.0,,,,,,,2,NO INDICATION OF INJURY,0.0,0.0,0.0,0.0,0.0,1.0,0.0,13,6,9,41.9528222037,-87.7474484857,POINT (-87.747448485734 41.952822203685)
1d5e76f330a11d5dd8fa880f38f7aa73a01c23be6af7a9583255bdd60ccce9588ebc18de24121acea5f4d4a391744833f213743085cd0291360046d397b573a1,Y,08/07/2017 02:00:00 AM,30,NO CONTROLS,NO CONTROLS,UNKNOWN,"DARKNESS, LIGHTED ROAD",PARKED MOTOR VEHICLE,ONE-WAY,1,STRAIGHT AND LEVEL,UNKNOWN,NO DEFECTS,,NO INJURY / DRIVE AWAY,,,Y,"OVER $1,500",08/07/2017 09:20:00 AM,UNABLE TO DETERMINE,UNABLE TO DETERMINE,2548,N,KILDARE AVE,2524.0,,,,,,,2,NO INDICATION OF INJURY,0.0,0.0,0.0,0.0,0.0,1.0,0.0,2,2,8,41.9276510457,-87.7343641592,POINT (-87.734364159182 41.927651045663)
cc586cbce50777db33d35ea6551ccc0432846914623570751299048e8950b96ad463ddd537bf1642a75dcb2f6e832eb3409788b3aa1c7d9fde306eff0d2a40a4,,06/02/2023 04:58:00 PM,30,STOP SIGN/FLASHER,FUNCTIONING PROPERLY,CLEAR,DAYLIGHT,ANGLE,NOT DIVIDED,,STRAIGHT AND LEVEL,DRY,NO DEFECTS,ON SCENE,INJURY AND / OR TOW DUE TO CRASH,Y,,,"OVER $1,500",06/02/2023 04:58:00 PM,FAILING TO YIELD RIGHT-OF-WAY,NOT APPLICABLE,101,N,MASON AVE,1512.0,,,,,,,2,NO INDICATION OF INJURY,0.0,0.0,0.0,0.0,0.0,4.0,0.0,16,6,6,41.8822249123,-87.7731453011,POINT (-87.773145301147 41.882224912288)
bd00a1efd7b7b28c8e2ea766d654bd873660a387f14d38a8cc2397f680d4be54495395cc55264e496b82f44111b37f8f1595d629d37c2bc5422a929e9295a63b,,09/18/2016 09:24:00 AM,15,NO CONTROLS,NO CONTROLS,CLEAR,DUSK,ANGLE,PARKING LOT,,STRAIGHT AND LEVEL,DRY,NO DEFECTS,NOT ON SCENE (DESK REPORT),NO INJURY / DRIVE AWAY,,,,$500 OR LESS,09/18/2016 10:15:00 AM,IMPROPER BACKING,UNABLE TO DETERMINE,5033,N,ELSTON AVE,1712.0,,,,,,,2,NO INDICATION OF INJURY,0.0,0.0,0.0,0.0,0.0,2.0,0.0,9,1,9,41.9723492826,-87.7468250858,POINT (-87.746825085785 41.97234928256)
ff35a067f2a4534f557f7221feff2efa33870873d9570035acc7a0cb323922214bc343d1087e87c5fb67ef9ce621257c9461777710b6447393804b4aa0a0a2d3,,04/02/2023 01:30:00 PM,30,TRAFFIC SIGNAL,FUNCTIONING PROPERLY,CLEAR,DAYLIGHT,REAR END,FOUR WAY,,STRAIGHT AND LEVEL,DRY,NO DEFECTS,NOT ON SCENE (DESK REPORT),NO INJURY / DRIVE AWAY,,,Y,"$501 - $1,500",04/02/2023 01:45:00 PM,FOLLOWING TOO CLOSELY,NOT APPLICABLE,5500,S,ASHLAND AVE,715.0,,,,,,,2,NO INDICATION OF INJURY,0.0,0.0,0.0,0.0,0.0,5.0,0.0,13,1,4,41.7935901159,-87.6647209959,POINT (-87.664720995935 41.793590115883)
1bb4583eb9efbfaea8b8e5222c868f6d58ec3303458e068a4c997e728f43578cfb1f7faca227f64bba49da90503df859b5e7fc1e3466c9674f5c3cd2c6c02bae,,07/20/2017 10:05:00 AM,5,NO CONTROLS,NO CONTROLS,CLEAR,DAYLIGHT,ANGLE,PARKING LOT,1,STRAIGHT AND LEVEL,WET,NO DEFECTS,ON SCENE,NO INJURY / DRIVE AWAY,,,,$500 OR LESS,07/20/2017 10:10:00 AM,IMPROPER BACKING,FAILING TO YIELD RIGHT-OF-WAY,501,E,90TH ST,633.0,,,,,,,2,NO INDICATION OF INJURY,0.0,0.0,0.0,0.0,0.0,4.0,0.0,10,5,7,41.7309547947,-87.6118343741,POINT (-87.611834374146 41.730954794731)
48aa0d683741011146d2ce7c5e3ed3655666ba7c3fab0fae825ba51b196346842aff0477f0a5da8bc51aa3747e46fd8415184b600b7da1ed5f8513b8592c4f51,,08/28/2020 07:10:00 AM,30,NO CONTROLS,NO CONTROLS,CLEAR,DAYLIGHT,PEDESTRIAN,DIVIDED - W/MEDIAN (NOT RAISED),,STRAIGHT AND LEVEL,DRY,NO DEFECTS,ON SCENE,NO INJURY / DRIVE AWAY,,,,$500 OR LESS,08/28/2020 07:14:00 AM,UNABLE TO DETERMINE,UNABLE TO DETERMINE,51,E,75TH ST,623.0,,,,,,,2,NO INDICATION OF INJURY,0.0,0.0,0.0,0.0,0.0,3.0,0.0,7,6,8,41.7581612828,-87.6226819803,POINT (-87.62268198034 41.758161282798)
ee339b9c2c4fafb639df67bd84fa4f8540f72eba5d60212da3911f860de43623f0d596f8d576ca4ce507addc693fa0084c9993be7a2149ee47eb0fb2c5d54fc5,,09/29/2022 12:30:00 PM,30,NO CONTROLS,NO CONTROLS,CLEAR,DAYLIGHT,REAR END,NOT DIVIDED,,STRAIGHT AND LEVEL,DRY,NO DEFECTS,NOT ON SCENE (DESK REPORT),NO INJURY / DRIVE AWAY,,,,"OVER $1,500",09/29/2022 01:00:00 PM,UNABLE TO DETERMINE,UNABLE TO DETERMINE,2429,S,WESTERN AVE,1034.0,,,,,,,2,NO INDICATION OF INJURY,0.0,0.0,0.0,0.0,0.0,2.0,0.0,12,5,9,41.8475385295,-87.685367376,POINT (-87.68536737597 41.847538529462)
8019be6e22fbfec6c247b0a017aa8a330d23bf10a68025dc764c03d43fe021fa97d1ef2bdadaa8aad1294f7ea6000ad7b16782458e45ca6e15a01dd8fd935d06,,10/17/2020 05:01:00 PM,30,NO CONTROLS,NO CONTROLS,CLEAR,DAYLIGHT,REAR END,NOT DIVIDED,,STRAIGHT AND LEVEL,DRY,NO DEFECTS,ON SCENE,INJURY AND / OR TOW DUE TO CRASH,,,,"OVER $1,500",10/17/2020 05:20:00 PM,FOLLOWING TOO CLOSELY,FOLLOWING TOO CLOSELY,1144,N,PAULINA ST,1213.0,,,,,,,2,NO INDICATION OF INJURY,0.0,0.0,0.0,0.0,0.0,3.0,0.0,17,7,10,41.9032497949,-87.670089642,POINT (-87.670089641958 41.903249794904)
fc6710589763a5098baeba219ed049bd7307325dfc4a69740eb9b30c8110da89e628b409dce5c5c389e02b3cb7e9d8c27c7305dc93a9e15ef84f3a8222f3dafe,,09/29/2016 07:15:00 PM,30,TRAFFIC SIGNAL,FUNCTIONING PROPERLY,CLEAR,DARKNESS,REAR END,NOT DIVIDED,2,STRAIGHT AND LEVEL,DRY,NO DEFECTS,NOT ON SCENE (DESK REPORT),NO INJURY / DRIVE AWAY,,,,"$501 - $1,500",09/30/2016 06:45:00 PM,FOLLOWING TOO CLOSELY,FOLLOWING TOO CLOSELY,4810,W,DIVERSEY AVE,2521.0,,,,,,,2,NO INDICATION OF INJURY,0.0,0.0,0.0,0.0,0.0,2.0,0.0,19,5,9,41.9316370992,-87.7471018452,POINT (-87.747101845159 41.931637099154)
570ae413980875d19b53b91b8a475b8577a64c6dffd42618d47fb36be33a51b256eaf49658d93ab4f97517af1c1e4391b22eb0d7c78215eabdd2ec74a7b49eaa,,05/30/2025 09:23:00 PM,30,UNKNOWN,UNKNOWN,CLEAR,DAWN,FIXED OBJECT,DIVIDED - W/MEDIAN BARRIER,,STRAIGHT AND LEVEL,DRY,UNKNOWN,ON SCENE,INJURY AND / OR TOW DUE TO CRASH,,,Y,"OVER $1,500",05/30/2025 09:23:00 PM,NOT APPLICABLE,NOT APPLICABLE,821,W,69TH ST,733.0,,,,,,,1,NO INDICATION OF INJURY,0.0,0.0,0.0,0.0,0.0,1.0,0.0,21,6,5,41.7687141235,-87.6454085992,POINT (-87.645408599224 41.768714123541)
6812d91aadb2aa8f5d77183933f6cb68eedc2d8466a5ca88ef3f16ebd9aad713ff28e830101c2211ab5c9036019571d0f8b089e62e9fd67c348d55c07fa6b70a,,05/21/2017 12:25:00 AM,30,NO CONTROLS,NO CONTROLS,CLEAR,"DARKNESS, LIGHTED ROAD",SIDESWIPE SAME DIRECTION,ONE-WAY,2,STRAIGHT AND LEVEL,DRY,NO DEFECTS,NOT ON SCENE (DESK REPORT),NO INJURY / DRIVE AWAY,,,Y,"$501 - $1,500",05/21/2017 12:40:00 AM,UNABLE TO DETERMINE,UNABLE TO DETERMINE,2101,W,CULLERTON ST,1234.0,,,,,,,2,NO INDICATION OF INJURY,0.0,0.0,0.0,0.0,0.0,2.0,0.0,0,1,5,41.8547828016,-87.6784873546,POINT (-87.678487354596 41.854782801647)
8258da538f79d6b27e51f47807f7d2f7df6809ce90280dddf8490e320ffdc8eaa8c986be676d7529bba1745e767b47a171db3883afc4f1789e1ee4e74dfa7c7e,,04/08/2025 02:53:00 PM,30,TRAFFIC SIGNAL,FUNCTIONING PROPERLY,CLEAR,DAYLIGHT,REAR END,DIVIDED - W/MEDIAN (NOT RAISED),,STRAIGHT AND LEVEL,DRY,NO DEFECTS,NOT ON SCENE (DESK REPORT),NO INJURY / DRIVE AWAY,,,Y,"$501 - $1,500",04/08/2025 04:29:00 PM,IMPROPER LANE USAGE,NOT APPLICABLE,6145,S,CICERO AVE,813.0,,,,,,,2,NO INDICATION OF INJURY,0.0,0.0,0.0,0.0,0.0,3.0,0.0,14,3,4,41.7807479756,-87.7422195457,POINT (-87.742219545736 41.78074797557)
a855855a831fa212d9feb709f6513355d95570c1edc0b6e32a3fc49e0e62f04553cc7378e7f10f8be1dfa610b9c65b183c185de3c6f5c51d196c189fe6542ad7,,08/17/2023 04:47:00 AM,30,TRAFFIC SIGNAL,NO CONTROLS,CLEAR,DUSK,ANGLE,FOUR WAY,,STRAIGHT AND LEVEL,DRY,NO DEFECTS,ON SCENE,INJURY AND / OR TOW DUE TO CRASH,,,,"OVER $1,500",08/17/2023 04:50:00 AM,UNABLE TO DETERMINE,UNABLE TO DETERMINE,6899,S,HALSTED ST,723.0,,Y,,,,,2,NO INDICATION OF INJURY,0.0,0.0,0.0,0.0,0.0,2.0,0.0,4,5,8,41.7689304676,-87.6443628001,POINT (-87.64436280009 41.768930467579)
28f86ad69100fbf4838497bde9bd8330aa5829dff3b628693f4566ddf40766861aa159d2d416dd92bb1107287a3c03ce1fb3d77f12f3628b2ad75c8b9d16a918,,05/15/2020 09:30:00 AM,30,TRAFFIC SIGNAL,FUNCTIONING PROPERLY,RAIN,DAYLIGHT,TURNING,NOT DIVIDED,,STRAIGHT AND LEVEL,WET,NO DEFECTS,ON SCENE,NO INJURY / DRIVE AWAY,Y,,,"$501 - $1,500",05/15/2020 09:40:00 AM,FAILING TO YIELD RIGHT-OF-WAY,NOT APPLICABLE,2387,S,KOSTNER AVE,1013.0,,,,,,,2,NO INDICATION OF INJURY,0.0,0.0,0.0,0.0,0.0,2.0,0.0,9,6,5,41.8477896877,-87.7342442082,POINT (-87.734244208158 41.847789687673)
e26cf08f51e2750c22cf7f983a8d8cd1aa0854ccafc5cc604143700e12aa02e3f31e9d317e134b41e63964e4624b76c9b8b6bfa218ae09349aa645fec9f26333,,10/06/2017 05:30:00 AM,30,NO CONTROLS,NO CONTROLS,CLEAR,"DARKNESS, LIGHTED ROAD",PARKED MOTOR VEHICLE,NOT DIVIDED,,STRAIGHT AND LEVEL,WET,NO DEFECTS,ON SCENE,INJURY AND / OR TOW DUE TO CRASH,,,,"OVER $1,500",10/06/2017 05:32:00 AM,PHYSICAL CONDITION OF DRIVER,IMPROPER LANE USAGE,2212,N,CENTRAL PARK AVE,2525.0,,,,,,,4,NONINCAPACITATING INJURY,1.0,0.0,0.0,1.0,0.0,0.0,0.0,5,6,10,41.9213411454,-87.7170446222,POINT (-87.71704462222 41.921341145417)
4de1b7ea9d7b65531d45954148cb45f4e04a0cd877583bf9619ab5d67abd6334729e5dcaf729c7e73f8705afc4223ec59f5c0b4bffb283d41931a1be04bd8288,,09/17/2018 09:10:00 AM,25,NO CONTROLS,NO CONTROLS,CLEAR,DAYLIGHT,PARKED MOTOR VEHICLE,ONE-WAY,,STRAIGHT AND LEVEL,DRY,NO DEFECTS,NOT ON SCENE (DESK REPORT),NO INJURY / DRIVE AWAY,,,N,"OVER $1,500",09/17/2018 10:00:00 AM,FAILING TO YIELD RIGHT-OF-WAY,IMPROPER OVERTAKING/PASSING,1242,N,HARDING AVE,2535.0,,,,,,,2,NO INDICATION OF INJURY,0.0,0.0,0.0,0.0,0.0,1.0,0.0,9,2,9,41.9039197958,-87.7252708085,POINT (-87.725270808525 41.903919795785)
b11702eb98db82524b68068b537e97ae2bc663f9def90eafdf3f21d9b2c06d48f54ba268c75584fd961fb9b529d66cfc5795224f7a89dc85070d2732a70dbea0,,06/15/2022 08:30:00 PM,10,NO CONTROLS,NO CONTROLS,CLEAR,DARKNESS,PARKED MOTOR VEHICLE,PARKING LOT,,STRAIGHT AND LEVEL,DRY,NO DEFECTS,NOT ON SCENE (DESK REPORT),NO INJURY / DRIVE AWAY,,,Y,$500 OR LESS,07/02/2022 08:10:00 AM,UNABLE TO DETERMINE,NOT APPLICABLE,111,W,KINZIE ST,1831.0,,,,,,,2,NO INDICATION OF INJURY,0.0,0.0,0.0,0.0,0.0,1.0,0.0,20,4,6,41.8890951778,-87.6315694241,POINT (-87.631569424082 41.88909517779)
9e6c67b6169925198236f0dd02c07e8b10e2ddab38148d68fbffa12af2f0355c57fa063cdbbf467acb4e9befd19b5f7b98bfcc7941cd3ac0907b058b129b4522,,07/02/2016 04:45:00 PM,30,STOP SIGN/FLASHER,FUNCTIONING PROPERLY,CLOUDY/OVERCAST,DAYLIGHT,REAR END,NOT DIVIDED,6,STRAIGHT AND LEVEL,DRY,NO DEFECTS,NOT ON SCENE (DESK REPORT),NO INJURY / DRIVE AWAY,,,,"$501 - $1,500",07/02/2016 05:30:00 PM,UNABLE TO DETERMINE,FOLLOWING TOO CLOSELY,100,N,WACKER DR,122.0,,,,,,,3,NO INDICATION OF INJURY,0.0,0.0,0.0,0.0,0.0,4.0,0.0,16,7,7,41.883261677,-87.6371946643,POINT (-87.637194664288 41.883261676997)
a904091eb5741280a96621ce31863c5469158ca89b82482308e9a44f5c9d8fb346390168788b34daba91d005cca3a69df52395f2563276d267ae031bf153cf75,,10/14/2018 03:00:00 PM,30,NO CONTROLS,NO CONTROLS,CLEAR,DAYLIGHT,SIDESWIPE SAME DIRECTION,NOT DIVIDED,,STRAIGHT AND LEVEL,DRY,NO DEFECTS,NOT ON SCENE (DESK REPORT),NO INJURY / DRIVE AWAY,,,,"$501 - $1,500",10/15/2018 09:55:00 AM,IMPROPER LANE USAGE,NOT APPLICABLE,600,E,87TH ST,632.0,,,,,,,2,NO INDICATION OF INJURY,0.0,0.0,0.0,0.0,0.0,2.0,0.0,15,1,10,41.7366909453,-87.6096190938,POINT (-87.609619093839 41.736690945288)
3a3ef89e907b0735cccbc23e876f3a63e13a97f5247671b5edc6a889eb2dcc7b7236bcd5999ee4c62bac571ae4b9439b3ca6ebc23decd0f4510b9da8c05dcfb7,,09/13/2021 08:30:00 AM,45,TRAFFIC SIGNAL,FUNCTIONING PROPERLY,CLEAR,DAYLIGHT,OTHER OBJECT,DIVIDED - W/MEDIAN BARRIER,,STRAIGHT AND LEVEL,DRY,NO DEFECTS,NOT ON SCENE (DESK REPORT),NO INJURY / DRIVE AWAY,Y,,,"$501 - $1,500",09/14/2021 03:45:00 PM,UNABLE TO DETERMINE,UNABLE TO DETERMINE,4700,S,LAKE SHORE DR NB,222.0,,,,,,,1,NO INDICATION OF INJURY,0.0,0.0,0.0,0.0,0.0,1.0,0.0,8,2,9,41.8105924989,-87.5893711119,POINT (-87.589371111902 41.810592498867)
7261672c2f3808292420a2ac46705bf50b42a8020ddccaf0526e3e866102e3c32e66ddfc2632d22d53636cdce496f13d2d775d025c8bbf48afee7fb8d6c03118,,08/13/2018 03:48:00 PM,30,TRAFFIC SIGNAL,FUNCTIONING PROPERLY,CLEAR,DAYLIGHT,REAR END,NOT DIVIDED,2,STRAIGHT AND LEVEL,DRY,NO DEFECTS,NOT ON SCENE (DESK REPORT),NO INJURY / DRIVE AWAY,Y,,Y,"$501 - $1,500",08/13/2018 05:45:00 PM,UNABLE TO DETERMINE,UNABLE TO DETERMINE,7812,S,STONY ISLAND AVE,411.0,,,,,,,2,NO INDICATION OF INJURY,0.0,0.0,0.0,0.0,0.0,2.0,0.0,15,2,8,41.752908444,-87.5862130184,POINT (-87.586213018377 41.752908444038)
916786e957b99ccefb6a2eca8abd17eea498281e7bde40c99dc6787a2206cda88356fca8afbb0cda64f5d82aba4a089dd0f022aca621f290565369ba1115fbda,,07/09/2021 04:45:00 PM,5,NO CONTROLS,NO CONTROLS,CLEAR,DAYLIGHT,PEDESTRIAN,PARKING LOT,,STRAIGHT ON GRADE,DRY,UNKNOWN,NOT ON SCENE (DESK REPORT),INJURY AND / OR TOW DUE TO CRASH,,Y,,"OVER $1,500",07/09/2021 04:54:00 PM,NOT APPLICABLE,NOT APPLICABLE,1,W,PARKING LOT D ST,1654.0,,,,,,,2,INCAPACITATING INJURY,1.0,0.0,1.0,0.0,0.0,1.0,0.0,16,6,7,,,
c60f209defa104cd8695930e504072cab46aab5b87b6077fb1f64041992588bbc538ba59353794f54492e303dd41be97da22dc349d14abe555d59df188613fc1,Y,06/06/2019 03:45:00 PM,30,NO CONTROLS,NO CONTROLS,CLEAR,DAYLIGHT,PARKED MOTOR VEHICLE,NOT DIVIDED,,STRAIGHT AND LEVEL,DRY,NO DEFECTS,NOT ON SCENE (DESK REPORT),NO INJURY / DRIVE AWAY,,,Y,"OVER $1,500",06/06/2019 06:45:00 PM,UNABLE TO DETERMINE,NOT APPLICABLE,4502,W,CARROLL AVE,1113.0,,,,,,,2,NO INDICATION OF INJURY,0.0,0.0,0.0,0.0,0.0,1.0,0.0,15,5,6,41.886955738,-87.7383155987,POINT (-87.738315598671 41.886955738048)