CRASH_RECORD_ID,CRASH_DATE_EST_I,CRASH_DATE,POSTED_SPEED_LIMIT,TRAFFIC_CONTROL_DEVICE,DEVICE_CONDITION,WEATHER_CONDITION,LIGHTING_CONDITION,FIRST_CRASH_TYPE,TRAFFICWAY_TYPE,LANE_CNT,ALIGNMENT,ROADWAY_SURFACE_COND,ROAD_DEFECT,REPORT_TYPE,CRASH_TYPE,INTERSECTION_RELATED_I,NOT_RIGHT_OF_WAY_I,HIT_AND_RUN_I,DAMAGE,DATE_POLICE_NOTIFIED,PRIM_CONTRIBUTORY_CAUSE,SEC_CONTRIBUTORY_CAUSE,STREET_NO,STREET_DIRECTION,STREET_NAME,BEAT_OF_OCCURRENCE,PHOTOS_TAKEN_I,STATEMENTS_TAKEN_I,DOORING_I,WORK_ZONE_I,WORK_ZONE_TYPE,WORKERS_PRESENT_I,NUM_UNITS,MOST_SEVERE_INJURY,INJURIES_TOTAL,INJURIES_FATAL,INJURIES_INCAPACITATING,INJURIES_NON_INCAPACITATING,INJURIES_REPORTED_NOT_EVIDENT,INJURIES_NO_INDICATION,INJURIES_UNKNOWN,CRASH_HOUR,CRASH_DAY_OF_WEEK,CRASH_MONTH,LATITUDE,LONGITUDE,LOCATION
0cc5d13ea6c37319d3904e765fa63d915410e94a6a540b167db366ae672bcab145ee690c9ca0eb9a7bdb70c68e8d839755a476bea07306d934dc4f8db843c285,,05/27/2025 11:08:00 PM,35,NO CONTROLS,NO CONTROLS,CLEAR,"DARKNESS, LIGHTED ROAD",REAR END,NOT DIVIDED,,STRAIGHT AND LEVEL,DRY,UNKNOWN,NOT ON SCENE (DESK REPORT),NO INJURY / DRIVE AWAY,,,Y,"$501 - $1,500",05/28/2025 12:32:00 AM,DRIVING SKILLS/KNOWLEDGE/EXPERIENCE,IMPROPER BACKING,4035,W,31ST ST,1031.0,,,,,,,2,NO INDICATION OF INJURY,0.0,0.0,0.0,0.0,0.0,2.0,0.0,23,3,5,41.8367538467,-87.7257096105,POINT (-87.725709610514 41.836753846687)
6effdb4d8dbdb8ea61513c2d3232b7502dea34aeb79d6ff269851f25f69f544b17053711d1588f46009631d80ca36aa9cd16f758aae4876371aa32290fdee8b8,,03/12/2023 11:00:00 AM,30,NO CONTROLS,NO CONTROLS,SNOW,DAYLIGHT,ANGLE,ONE-WAY,,STRAIGHT AND LEVEL,WET,NO DEFECTS,NOT ON SCENE (DESK REPORT),NO INJURY / DRIVE AWAY,,,,"OVER $1,500",03/13/2023 01:45:00 PM,UNABLE TO DETERMINE,UNABLE TO DETERMINE,7436,S,COLFAX AVE,334.0,,,,,,,2,NO INDICATION OF INJURY,0.0,0.0,0.0,0.0,0.0,2.0,0.0,11,1,3,41.7597801157,-87.5621149657,POINT (-87.562114965729 41.759780115695)
106f0b10b77afc72aa3761a7411b5920f66af03cbbd7c1642460a955a7d6e954e17ffe2241c7fb6f2518197f727c7e9d73acc0472a0d3a5fb7bca746b5affc85,,05/21/2019 08:45:00 AM,10,NO CONTROLS,NO CONTROLS,RAIN,DAYLIGHT,FIXED OBJECT,ALLEY,,STRAIGHT AND LEVEL,WET,NO DEFECTS,ON SCENE,NO INJURY / DRIVE AWAY,,Y,,"OVER $1,500",05/21/2019 09:18:00 AM,DISREGARDING OTHER TRAFFIC SIGNS,DRIVING SKILLS/KNOWLEDGE/EXPERIENCE,5205,N,LINCOLN AVE,2011.0,,,,,,,1,NO INDICATION OF INJURY,0.0,0.0,0.0,0.0,0.0,1.0,0.0,8,3,5,41.9760339533,-87.6922008785,POINT (-87.692200878518 41.976033953279)
dff21fae16819d97b093e1e23393ba8d2b6fb2a9a12a6ae3395e81c96d91999ba5080e65c17e07fdf5d7429d7871ce00a7d857ffe3bcdf5bfcc6a318a6d1a1be,,03/09/2017 07:00:00 PM,30,TRAFFIC SIGNAL,FUNCTIONING PROPERLY,CLEAR,DUSK,TURNING,DIVIDED - W/MEDIAN (NOT RAISED),4,STRAIGHT AND LEVEL,DRY,NO DEFECTS,NOT ON SCENE (DESK REPORT),NO INJURY / DRIVE AWAY,Y,,,$500 OR LESS,03/10/2017 11:40:00 AM,FAILING TO YIELD RIGHT-OF-WAY,NOT APPLICABLE,800,S,ASHLAND AVE,1231.0,,,,,,,2,NO INDICATION OF INJURY,0.0,0.0,0.0,0.0,0.0,2.0,0.0,19,5,3,41.8715659906,-87.6666754145,POINT (-87.666675414457 41.871565990609)
3dac230702001cb3dfda291be75395387db2ab88ed882de028cf182cd188d6d0d74511d1b034b85435ab0deb476038fd0ab910634f6dc13cdf59baf1afd80d9f,,06/27/2017 03:50:00 PM,30,STOP SIGN/FLASHER,NO CONTROLS,CLEAR,DAYLIGHT,PEDALCYCLIST,NOT DIVIDED,1,STRAIGHT AND LEVEL,DRY,NO DEFECTS,NOT ON SCENE (DESK REPORT),NO INJURY / DRIVE AWAY,,,,"OVER $1,500",06/27/2017 04:15:00 PM,UNABLE TO DETERMINE,NOT APPLICABLE,6800,S,LOWE AVE,723.0,,,Y,,,,2,NO INDICATION OF INJURY,0.0,0.0,0.0,0.0,0.0,2.0,0.0,15,3,6,41.7706327089,-87.640396502,POINT (-87.640396502024 41.770632708923)
1178d7d2546adb0fe46138ce9e78130cf4fcc8d09216b0504efa8269234d4ab7d52e08cfbed94388d8c59a7f21c8e9b3b94d05246eedf59e073ab54593bafed5,,08/22/2025 04:05:00 PM,30,NO CONTROLS,NO CONTROLS,CLEAR,DAYLIGHT,REAR END,DIVIDED - W/MEDIAN (NOT RAISED),,STRAIGHT AND LEVEL,DRY,NO DEFECTS,NOT ON SCENE (DESK REPORT),NO INJURY / DRIVE AWAY,,,Y,"OVER $1,500",08/25/2025 10:00:00 AM,UNABLE TO DETERMINE,UNABLE TO DETERMINE,343,E,79TH ST,623.0,,,,,,,2,NO INDICATION OF INJURY,0.0,0.0,0.0,0.0,0.0,2.0,0.0,16,6,8,41.7509820439,-87.616455485,POINT (-87.616455484968 41.750982043915)
6eece4abcccdd10af3948110e12fcee6ba09013f06f6805a644a256a5d9fe2757503b542ee2fa5eee8a37dc4cd4866b236c1027365b9899aa17f5e67329636ef,,08/01/2024 03:30:00 AM,30,TRAFFIC SIGNAL,FUNCTIONING PROPERLY,CLEAR,"DARKNESS, LIGHTED ROAD",SIDESWIPE SAME DIRECTION,FOUR WAY,,STRAIGHT AND LEVEL,DRY,NO DEFECTS,NOT ON SCENE (DESK REPORT),NO INJURY / DRIVE AWAY,,,Y,"$501 - $1,500",08/01/2024 04:00:00 AM,UNABLE TO DETERMINE,UNABLE TO DETERMINE,3649,W,DIVISION ST,1112.0,,,,,,,2,NO INDICATION OF INJURY,0.0,0.0,0.0,0.0,0.0,2.0,0.0,3,5,8,41.902628404,-87.7184781381,POINT (-87.718478138112 41.902628404007)
2e5d68a2db75fd4dc441d567793b37767de54958bf2e44b5d77e47b444c85bff25f764f4ba23d5ce4a52f91549cb2eb09144f28bbc1c97be05618fb2bf8a149e,,10/15/2021 06:00:00 AM,30,NO CONTROLS,NO CONTROLS,UNKNOWN,UNKNOWN,PARKED MOTOR VEHICLE,ONE-WAY,,STRAIGHT AND LEVEL,UNKNOWN,UNKNOWN,NOT ON SCENE (DESK REPORT),NO INJURY / DRIVE AWAY,,,Y,"OVER $1,500",10/16/2021 08:15:00 AM,UNABLE TO DETERMINE,UNABLE TO DETERMINE,1834,N,SPAULDING AVE,1422.0,,,,,,,2,NO INDICATION OF INJURY,0.0,0.0,0.0,0.0,0.0,1.0,0.0,6,6,10,41.9147699659,-87.7103601975,POINT (-87.710360197457 41.914769965923)
504f9ab9e67c57b5518d30aca6415c8d4ae18b06b27c9cccc42192c0d3326bd719893e0359baba8a820d4a7f7a23b0b482c0c8d9d36cd381632955f318cc57be,,09/15/2021 03:49:00 PM,30,NO CONTROLS,NO CONTROLS,CLEAR,DAYLIGHT,REAR END,NOT DIVIDED,,STRAIGHT AND LEVEL,DRY,NO DEFECTS,NOT ON SCENE (DESK REPORT),NO INJURY / DRIVE AWAY,,,,"OVER $1,500",09/15/2021 04:30:00 PM,FOLLOWING TOO CLOSELY,UNABLE TO DETERMINE,1936,S,UNION AVE,1235.0,,,,,,,2,NO INDICATION OF INJURY,0.0,0.0,0.0,0.0,0.0,2.0,0.0,15,4,9,41.8557579603,-87.645177179,POINT (-87.64517717902 41.855757960308)
18cfec8576fee5a82215584b198de1c0f1533bdd5850f1c15f50d741811ee679bbbc7d920def987c825678e72aafcf8bdc32da9430d011173922e286c7d1d694,,08/30/2022 05:00:00 PM,45,NO CONTROLS,NO CONTROLS,CLEAR,DAYLIGHT,REAR END,DIVIDED - W/MEDIAN BARRIER,,STRAIGHT AND LEVEL,DRY,NO DEFECTS,NOT ON SCENE (DESK REPORT),NO INJURY / DRIVE AWAY,,,,"OVER $1,500",08/31/2022 12:30:00 AM,FOLLOWING TOO CLOSELY,NOT APPLICABLE,915,N,LAKE SHORE DR SB,1833.0,,,,,,,2,NO INDICATION OF INJURY,0.0,0.0,0.0,0.0,0.0,2.0,0.0,17,3,8,41.8998156735,-87.6185461589,POINT (-87.618546158918 41.899815673485)
22a5e4667949e6422d8c5c441efe299958e42183ed61393fa92bfc1085ad54f9c2fe5e83b696348c985f32934d449a3a94d36d866a69eeda1a8bbc14177d77d7,,06/19/2016 10:26:00 PM,30,TRAFFIC SIGNAL,FUNCTIONING PROPERLY,CLEAR,"DARKNESS, LIGHTED ROAD",REAR END,ONE-WAY,2,STRAIGHT AND LEVEL,DRY,NO DEFECTS,NOT ON SCENE (DESK REPORT),NO INJURY / DRIVE AWAY,,,,"OVER $1,500",06/19/2016 11:20:00 PM,FAILING TO REDUCE SPEED TO AVOID CRASH,FOLLOWING TOO CLOSELY,600,N,STREETER DR,1834.0,,,,,,,2,NO INDICATION OF INJURY,0.0,0.0,0.0,0.0,0.0,6.0,0.0,22,1,6,41.8912420719,-87.6115001119,POINT (-87.611500111904 41.891242071944)
daf4d2025ec45ce290c3e13a78dc004354a741889fe906a1ae002145109ec9c287eb17a2c77847f40a353392a9eb3162bc8b1b9e7889901c045857876d375dc1,,12/23/2019 09:30:00 AM,25,NO CONTROLS,NO CONTROLS,CLEAR,DAYLIGHT,PARKED MOTOR VEHICLE,NOT DIVIDED,,STRAIGHT AND LEVEL,DRY,NO DEFECTS,ON SCENE,NO INJURY / DRIVE AWAY,,,,"$501 - $1,500",12/23/2019 09:30:00 AM,IMPROPER BACKING,NOT APPLICABLE,651,W,DIVERSEY PKWY,1935.0,,,,,,,2,NO INDICATION OF INJURY,0.0,0.0,0.0,0.0,0.0,1.0,0.0,9,2,12,41.9326772021,-87.6455777466,POINT (-87.645577746619 41.932677202101)
851b46f11953fa65d022b621547d21527929a3e4f3f1face87af25e0d18cdaf2ddacd6923ac47cb3181fd73a210108f0cf5d416a2c7ce92dabbee3a87a7dd6ba,Y,06/25/2017 11:30:00 AM,15,NO CONTROLS,NO CONTROLS,CLEAR,DAYLIGHT,PARKED MOTOR VEHICLE,PARKING LOT,0,CURVE ON GRADE,DRY,NO DEFECTS,ON SCENE,NO INJURY / DRIVE AWAY,,,Y,"OVER $1,500",06/25/2017 12:12:00 PM,NOT APPLICABLE,NOT APPLICABLE,5000,N,CUMBERLAND AVE,1614.0,,,,,,,2,NO INDICATION OF INJURY,0.0,0.0,0.0,0.0,0.0,1.0,0.0,11,1,6,41.9702892796,-87.8367973069,POINT (-87.836797306933 41.970289279576)
ae61c940c8d55455bdd1319816912cc3b22e3b1e902813d323cd4c57afed309757209f825c56bc2b885f229640de2f4988e698a7ac4d445a8a8553db692e0d7a,,10/31/2021 04:28:00 AM,30,TRAFFIC SIGNAL,FUNCTIONING PROPERLY,CLEAR,"DARKNESS, LIGHTED ROAD",REAR END,DIVIDED - W/MEDIAN (NOT RAISED),,STRAIGHT AND LEVEL,DRY,NO DEFECTS,ON SCENE,INJURY AND / OR TOW DUE TO CRASH,,,Y,"OVER $1,500",10/31/2021 06:47:00 AM,FOLLOWING TOO CLOSELY,FOLLOWING TOO CLOSELY,1757,N,AUSTIN AVE,2531.0,,,,,,,2,NONINCAPACITATING INJURY,3.0,0.0,0.0,3.0,0.0,1.0,0.0,4,1,10,41.9127588467,-87.7751920802,POINT (-87.775192080203 41.912758846691)
4e73d657643091578412a9c3cd6a54cb3db4220d859bc4fed17a24f9101335441737104683bbae56a24d4b9c826c46ee0f21e357369f6917e69ffd0f9f56ede8,,11/14/2022 07:20:00 AM,25,STOP SIGN/FLASHER,FUNCTIONING PROPERLY,CLEAR,DAYLIGHT,TURNING,ONE-WAY,,STRAIGHT AND LEVEL,DRY,NO DEFECTS,NOT ON SCENE (DESK REPORT),NO INJURY / DRIVE AWAY,Y,,,"OVER $1,500",11/14/2022 01:00:00 PM,UNABLE TO DETERMINE,UNABLE TO DETERMINE,6432,W,GEORGE ST,2511.0,,,,,,,2,NO INDICATION OF INJURY,0.0,0.0,0.0,0.0,0.0,2.0,0.0,7,2,11,41.9329224741,-87.7871149172,POINT (-87.787114917158 41.932922474096)
919777d460e378a4026e2d43abd325e1e56d61bf3d8f2e0fa0d00017a0f2c4e482c79518ac84f59b2a14aeafe05efcd5d4153b1430f12ca21b6edfef5bd872bd,,02/13/2021 07:05:00 PM,30,TRAFFIC SIGNAL,FUNCTIONING IMPROPERLY,CLEAR,"DARKNESS, LIGHTED ROAD",TURNING,NOT DIVIDED,,STRAIGHT ON GRADE,SNOW OR SLUSH,NO DEFECTS,ON SCENE,NO INJURY / DRIVE AWAY,Y,,Y,"OVER $1,500",02/13/2021 07:12:00 PM,DISREGARDING TRAFFIC SIGNALS,UNABLE TO DETERMINE,623,S,KOSTNER AVE,1131.0,,,,,,,2,NO INDICATION OF INJURY,0.0,0.0,0.0,0.0,0.0,3.0,0.0,19,7,2,41.8728671861,-87.7350626958,POINT (-87.73506269576 41.872867186119)
0d9c14ef9a8cbcb3b88f2ee9b026d5052aea13e27b394e9365ead3bb672fe2df00635f2f5764c2945e2ace26f763cbbb4bceb4cd56fbbd6f682f866754269def,,04/02/2017 03:20:00 PM,30,NO CONTROLS,NO CONTROLS,CLEAR,DAYLIGHT,ANGLE,PARKING LOT,,STRAIGHT AND LEVEL,UNKNOWN,UNKNOWN,NOT ON SCENE (DESK REPORT),NO INJURY / DRIVE AWAY,,,,"$501 - $1,500",04/02/2017 03:38:00 PM,FAILING TO YIELD RIGHT-OF-WAY,FAILING TO YIELD RIGHT-OF-WAY,2720,N,HALSTED ST,1935.0,,,,,,,2,NO INDICATION OF INJURY,0.0,0.0,0.0,0.0,0.0,4.0,0.0,15,1,4,41.9321779772,-87.649139446,POINT (-87.649139446035 41.93217797719)
73697a61b817ec8e3064021dc7eaace27ecc77e4836a4548ea2765e89f215425272c733924343c6dc88d0b2a2d7a94f5e3eb1d25e4d67971af26f99c93fe7970,,01/01/2017 12:08:00 PM,30,STOP SIGN/FLASHER,FUNCTIONING PROPERLY,CLEAR,DAYLIGHT,ANGLE,DIVIDED - W/MEDIAN (NOT RAISED),2,STRAIGHT AND LEVEL,DRY,NO DEFECTS,NOT ON SCENE (DESK REPORT),NO INJURY / DRIVE AWAY,,,,"OVER $1,500",01/01/2017 02:55:00 PM,FAILING TO YIELD RIGHT-OF-WAY,NOT APPLICABLE,8500,S,JEFFERY BLVD,412.0,,,,,,,2,NO INDICATION OF INJURY,0.0,0.0,0.0,0.0,0.0,4.0,0.0,12,1,1,41.7406021145,-87.5759214601,POINT (-87.575921460076 41.7406021145)
e1840202f4f8869d972c0748f1ec5f4080d419a0276467781960504b1c3b074ad6911c24d4d91ceac91adfafd2060288d214a01c960162409fad319fd2e3bf57,,08/06/2021 11:30:00 PM,30,TRAFFIC SIGNAL,FUNCTIONING PROPERLY,CLEAR,"DARKNESS, LIGHTED ROAD",PARKED MOTOR VEHICLE,ONE-WAY,,STRAIGHT AND LEVEL,WET,NO DEFECTS,ON SCENE,NO INJURY / DRIVE AWAY,,,,"OVER $1,500",08/06/2021 11:54:00 PM,FAILING TO REDUCE SPEED TO AVOID CRASH,UNABLE TO DETERMINE,109,W,110TH ST,513.0,,,,,,,2,NO INDICATION OF INJURY,0.0,0.0,0.0,0.0,0.0,1.0,0.0,23,6,8,41.6942626914,-87.6259664152,POINT (-87.625966415152 41.69426269139)
d4145f1b44a9867f636fbb51c0cadc59a701e0a633d66de295b71034dcb9ede2ccef8bfa04c6ff77f0dfa576b958f1e982f2b460194cb86f902cbbe108ac6d7e,,04/14/2024 04:24:00 AM,30,TRAFFIC SIGNAL,FUNCTIONING PROPERLY,CLEAR,"DARKNESS, LIGHTED ROAD",REAR END,NOT DIVIDED,,STRAIGHT AND LEVEL,DRY,NO DEFECTS,ON SCENE,INJURY AND / OR TOW DUE TO CRASH,,,,"$501 - $1,500",04/14/2024 04:26:00 AM,FAILING TO REDUCE SPEED TO AVOID CRASH,UNABLE TO DETERMINE,6324,W,NORTH AVE,2513.0,,,,,,,3,NO INDICATION OF INJURY,0.0,0.0,0.0,0.0,0.0,4.0,0.0,4,1,4,41.9092646034,-87.7844294356,POINT (-87.784429435605 41.909264603445)
c39067f19272bd35b240a59f2a9f5983d213839c0c3631b1933688506b781dc8e7a943c13c471ef42320d7a962421f56ed7d9005e2173aeb39a42dcdc09a7040,,06/16/2021 09:50:00 AM,30,NO CONTROLS,NO CONTROLS,CLEAR,DAYLIGHT,FIXED OBJECT,OTHER,,STRAIGHT AND LEVEL,DRY,NO DEFECTS,ON SCENE,NO INJURY / DRIVE AWAY,,,,$500 OR LESS,06/16/2021 09:55:00 AM,UNABLE TO DETERMINE,NOT APPLICABLE,6513,N,SHERIDAN RD,2432.0,,,,,,,1,NO INDICATION OF INJURY,0.0,0.0,0.0,0.0,0.0,1.0,0.0,9,4,6,42.0006022822,-87.6605716067,POINT (-87.660571606739 42.000602282212)
338352a42f8c1f2b2d2c50858864d78238831df01a46df02c84ea6fddeb0a9c3d436880de8aa42276340bf037fdc4989b7dc7eb1e494231eb7d46fb7b08c9aa8,,04/19/2025 10:00:00 AM,20,NO CONTROLS,NO CONTROLS,UNKNOWN,UNKNOWN,PARKED MOTOR VEHICLE,ONE-WAY,,STRAIGHT AND LEVEL,UNKNOWN,UNKNOWN,NOT ON SCENE (DESK REPORT),NO INJURY / DRIVE AWAY,,,,$500 OR LESS,04/19/2025 10:30:00 AM,UNABLE TO DETERMINE,UNABLE TO DETERMINE,4358,W,CULLERTON ST,1012.0,,,,,,,2,NO INDICATION OF INJURY,0.0,0.0,0.0,0.0,0.0,1.0,0.0,10,7,4,41.8543837732,-87.734473605,POINT (-87.734473604968 41.85438377323)
b818ec1569b959e880a231fd4af4c93be73ca8e5d985f29dfa4a53cdc0373f01fce750de114e42ddb312b8d1de6130a341233b0d20ce2b74860070d4db53ee8e,N,06/08/2021 11:00:00 PM,30,NO CONTROLS,NO CONTROLS,CLEAR,DARKNESS,PARKED MOTOR VEHICLE,NOT DIVIDED,,STRAIGHT AND LEVEL,UNKNOWN,NO DEFECTS,ON SCENE,NO INJURY / DRIVE AWAY,,,Y,$500 OR LESS,06/09/2021 09:03:00 AM,UNABLE TO DETERMINE,UNABLE TO DETERMINE,1516,N,STATE PKWY,1824.0,,,,,,,2,NO INDICATION OF INJURY,0.0,0.0,0.0,0.0,0.0,1.0,0.0,23,3,6,41.9100302786,-87.6289958043,POINT (-87.628995804251 41.910030278557)
cced3d5a4744257d016379d9ba2b84813daeb5101ef72673a637bf148d5b6ed9fdb0f7e48e58181c416ed59de159bb84c0e424739cec9017276d753561110ce7,,01/09/2019 09:55:00 PM,15,NO CONTROLS,NO CONTROLS,CLEAR,DARKNESS,ANGLE,ONE-WAY,1,STRAIGHT AND LEVEL,DRY,NO DEFECTS,ON SCENE,INJURY AND / OR TOW DUE TO CRASH,,,Y,"OVER $1,500",01/09/2019 10:26:00 PM,DISREGARDING STOP SIGN,FAILING TO REDUCE SPEED TO AVOID CRASH,5900,W,WRIGHTWOOD AVE,2514.0,,,,,,,2,NO INDICATION OF INJURY,0.0,0.0,0.0,0.0,0.0,2.0,0.0,21,4,1,41.9276233176,-87.7734757436,POINT (-87.773475743568 41.927623317579)
6388d3e41a3e6c383c5975e05099519326d8129d013d0645205996ec8359d2de99b5d8de11b61ca6f8f93cdf57c173c718db33c8d08d868798fda76615b21ed1,,11/06/2018 04:40:00 PM,30,STOP SIGN/FLASHER,FUNCTIONING PROPERLY,CLEAR,"DARKNESS, LIGHTED ROAD",PEDESTRIAN,NOT DIVIDED,2,STRAIGHT AND LEVEL,DRY,NO DEFECTS,ON SCENE,INJURY AND / OR TOW DUE TO CRASH,Y,,,$500 OR LESS,11/06/2018 04:42:00 PM,FAILING TO YIELD RIGHT-OF-WAY,NOT APPLICABLE,1199,N,CAMPBELL AVE,1212.0,,,,,,,2,NONINCAPACITATING INJURY,1.0,0.0,0.0,1.0,0.0,1.0,0.0,16,3,11,41.9029703148,-87.6893409687,POINT (-87.689340968692 41.902970314773)
bc54f67c901b80fac5f571baf57082e645e07e2620ba01ee5eb55337e0dc46f6cc087471df53ad191740fb3558218eaa1fd537d4e7ef7ebad14182a0184b55c6,,07/16/2019 02:50:00 PM,30,STOP SIGN/FLASHER,FUNCTIONING PROPERLY,CLEAR,DAYLIGHT,REAR END,DIVIDED - W/MEDIAN (NOT RAISED),,STRAIGHT AND LEVEL,DRY,NO DEFECTS,NOT ON SCENE (DESK REPORT),NO INJURY / DRIVE AWAY,,,,"OVER $1,500",07/16/2019 03:35:00 PM,FAILING TO REDUCE SPEED TO AVOID CRASH,DRIVING SKILLS/KNOWLEDGE/EXPERIENCE,3800,W,COLUMBUS AVE,834.0,,,,,,,2,NO INDICATION OF INJURY,0.0,0.0,0.0,0.0,0.0,2.0,0.0,14,3,7,41.7393794322,-87.7168522869,POINT (-87.716852286852 41.73937943218)
14d3f375f9544f8e6d99f2b03c113075dfe3c93f68f44c662de74c1b7ef08768c736c058b883b88f32f30ab06357bd4c80560a33603dcbfb3984c36b0fb5e31e,,03/09/2019 12:30:00 AM,30,NO CONTROLS,NO CONTROLS,UNKNOWN,DARKNESS,SIDESWIPE SAME DIRECTION,NOT DIVIDED,,STRAIGHT AND LEVEL,UNKNOWN,UNKNOWN,NOT ON SCENE (DESK REPORT),NO INJURY / DRIVE AWAY,,,,"$501 - $1,500",03/09/2019 12:58:00 AM,UNABLE TO DETERMINE,UNABLE TO DETERMINE,146,E,LAKE SHORE DR,1824.0,,,,,,,2,NO INDICATION OF INJURY,0.0,0.0,0.0,0.0,0.0,2.0,0.0,0,7,3,41.9009425701,-87.6237909024,POINT (-87.623790902355 41.900942570101)
f2f5bc310e5a04369bcdc39dfa58a51992ea647da12fc87ea5c2df7f272f3d6b1196898ecfc2de65969c9aae5a8edae1c8be63bb6d169f5a299f6011e67225f2,,05/09/2020 08:05:00 AM,30,STOP SIGN/FLASHER,FUNCTIONING PROPERLY,CLEAR,DAYLIGHT,REAR TO SIDE,DIVIDED - W/MEDIAN BARRIER,,STRAIGHT AND LEVEL,DRY,NO DEFECTS,NOT ON SCENE (DESK REPORT),NO INJURY / DRIVE AWAY,,,,"OVER $1,500",05/09/2020 11:54:00 AM,IMPROPER BACKING,UNABLE TO DETERMINE,9442,S,ASHLAND AVE,2221.0,,,,,,,2,NO INDICATION OF INJURY,0.0,0.0,0.0,0.0,0.0,2.0,0.0,8,7,5,41.7217565979,-87.6628416363,POINT (-87.662841636294 41.721756597856)
03257669c2e32415bc811053145d7bea94bd906a91e866c5c12801b971e45e873790b445f09f4aa5fbd5112f678074a47ba3c487f075f046bf8d69bb15c1d89c,,06/01/2023 01:15:00 AM,30,NO CONTROLS,NO CONTROLS,CLEAR,DARKNESS,PARKED MOTOR VEHICLE,ONE-WAY,,STRAIGHT AND LEVEL,DRY,NO DEFECTS,NOT ON SCENE (DESK REPORT),NO INJURY / DRIVE AWAY,,,Y,"OVER $1,500",06/06/2023 06:15:00 PM,UNABLE TO DETERMINE,UNABLE TO DETERMINE,1223,W,71ST ST,734.0,,,,,,,2,NO INDICATION OF INJURY,0.0,0.0,0.0,0.0,0.0,1.0,0.0,1,5,6,41.7649300184,-87.6550959286,POINT (-87.655095928607 41.764930018365)
2fdb613a991ec3f198b40b4df8ee35e31af30a55b178fee46576b8d9a4bc1a3cb6aeab706874d3efbe6fbca692e69886db57c7bf39e7e4548f14236e5f9644a6,,02/22/2022 01:28:00 PM,30,NO CONTROLS,NO CONTROLS,SLEET/HAIL,DAYLIGHT,REAR TO FRONT,ONE-WAY,,STRAIGHT AND LEVEL,WET,NO DEFECTS,ON SCENE,INJURY AND / OR TOW DUE TO CRASH,,,,"OVER $1,500",02/22/2022 02:10:00 PM,IMPROPER BACKING,WEATHER,7710,S,COLFAX AVE,421.0,,,,,,,2,NO INDICATION OF INJURY,0.0,0.0,0.0,0.0,0.0,3.0,0.0,13,3,2,41.7550482327,-87.5615948618,POINT (-87.561594861752 41.755048232742)
6ff939e4c46af0bbdbed9d3d9ccf1594c8d3aa7bb4e4c9e061337d290e7d0764c97348f3aee71b66f4d52084e757c0d690ce268b70d329c6f523105bdf8f9173,,10/22/2020 02:19:00 AM,30,NO CONTROLS,NO CONTROLS,CLEAR,"DARKNESS, LIGHTED ROAD",PARKED MOTOR VEHICLE,NOT DIVIDED,,STRAIGHT AND LEVEL,WET,NO DEFECTS,NOT ON SCENE (DESK REPORT),NO INJURY / DRIVE AWAY,,,Y,"$501 - $1,500",10/23/2020 03:10:00 AM,"OPERATING VEHICLE IN ERRATIC, RECKLESS, CARELESS, NEGLIGENT OR AGGRESSIVE MANNER",UNABLE TO DETERMINE,516,W,129TH PL,523.0,,,,,,,2,NO INDICATION OF INJURY,0.0,0.0,0.0,0.0,0.0,1.0,0.0,2,5,10,41.6582733645,-87.6347668442,POINT (-87.634766844163 41.658273364515)
46fdc7d6ab49ed68cbf4a0970d16d1292a9b6cc7378c902b57751c126489a08722b6fcb7754ee86d23d9296d3c143d6798182ac3567eacd6a052d7f72a0458c3,,05/26/2017 03:23:00 AM,30,STOP SIGN/FLASHER,NO CONTROLS,CLEAR,"DARKNESS, LIGHTED ROAD",REAR END,DIVIDED - W/MEDIAN (NOT RAISED),4,STRAIGHT AND LEVEL,DRY,NO DEFECTS,NOT ON SCENE (DESK REPORT),NO INJURY / DRIVE AWAY,,,,"$501 - $1,500",05/26/2017 04:15:00 AM,DISREGARDING STOP SIGN,UNABLE TO DETERMINE,2701,W,PRATT BLVD,2412.0,,,,,,,2,NO INDICATION OF INJURY,0.0,0.0,0.0,0.0,0.0,2.0,0.0,3,6,5,42.0047824025,-87.6974415687,POINT (-87.697441568659 42.004782402526)
d9cafe38a08e3b90a0c3aa01f86ba21e52f76d04f8b579849d522a8a655d0064cbd444bed87513f5600b1ad4ab2531e8fcbda31a8fba12a3338269d789d03b07,,05/13/2021 03:30:00 PM,15,NO CONTROLS,NO CONTROLS,CLEAR,DAYLIGHT,ANGLE,ALLEY,,STRAIGHT AND LEVEL,DRY,NO DEFECTS,NOT ON SCENE (DESK REPORT),NO INJURY / DRIVE AWAY,,,,"$501 - $1,500",05/13/2021 04:05:00 PM,UNABLE TO DETERMINE,NOT APPLICABLE,8845,S,PAULINA ST,2221.0,,,,,,,2,NO INDICATION OF INJURY,0.0,0.0,0.0,0.0,0.0,3.0,0.0,15,5,5,41.7325830615,-87.6652562589,POINT (-87.665256258938 41.732583061473)