CRASH_RECORD_ID,CRASH_DATE_EST_I,CRASH_DATE,POSTED_SPEED_LIMIT,TRAFFIC_CONTROL_DEVICE,DEVICE_CONDITION,WEATHER_CONDITION,LIGHTING_CONDITION,FIRST_CRASH_TYPE,TRAFFICWAY_TYPE,LANE_CNT,ALIGNMENT,ROADWAY_SURFACE_COND,ROAD_DEFECT,REPORT_TYPE,CRASH_TYPE,INTERSECTION_RELATED_I,NOT_RIGHT_OF_WAY_I,HIT_AND_RUN_I,DAMAGE,DATE_POLICE_NOTIFIED,PRIM_CONTRIBUTORY_CAUSE,SEC_CONTRIBUTORY_CAUSE,STREET_NO,STREET_DIRECTION,STREET_NAME,BEAT_OF_OCCURRENCE,PHOTOS_TAKEN_I,STATEMENTS_TAKEN_I,DOORING_I,WORK_ZONE_I,WORK_ZONE_TYPE,WORKERS_PRESENT_I,NUM_UNITS,MOST_SEVERE_INJURY,INJURIES_TOTAL,INJURIES_FATAL,INJURIES_INCAPACITATING,INJURIES_NON_INCAPACITATING,INJURIES_REPORTED_NOT_EVIDENT,INJURIES_NO_INDICATION,INJURIES_UNKNOWN,CRASH_HOUR,CRASH_DAY_OF_WEEK,CRASH_MONTH,LATITUDE,LONGITUDE,LOCATION
c4b3f2331e54b6c598174da9ff0ff2ad69ed464542a63f36eafbd067d423668747a86ee2496b5b638457890ff4a4d0e0cf741503b6a7073447b91de7f029fe25,,01/01/2021 01:00:00 PM,35,NO CONTROLS,NO CONTROLS,RAIN,DAYLIGHT,PARKED MOTOR VEHICLE,ONE-WAY,,STRAIGHT AND LEVEL,WET,NO DEFECTS,NOT ON SCENE (DESK REPORT),NO INJURY / DRIVE AWAY,,,Y,"OVER $1,500",01/01/2021 03:40:00 PM,UNABLE TO DETERMINE,NOT APPLICABLE,9105,S,PAULINA ST,2221.0,,,,,,,2,NO INDICATION OF INJURY,0.0,0.0,0.0,0.0,0.0,1.0,0.0,13,6,1,41.7282688163,-87.6651294319,POINT (-87.665129431918 41.728268816346)
bb87ba51783f0d9a21a300cb1ed5ede4a50a271774a99ec6189506f076ae2f260dac87f9648030b76ece4482992687f34b0673e39ff1c8d3f84d199007bfc881,,08/13/2019 03:40:00 PM,30,TRAFFIC SIGNAL,FUNCTIONING PROPERLY,CLEAR,DAYLIGHT,REAR END,NOT DIVIDED,,STRAIGHT AND LEVEL,DRY,NO DEFECTS,NOT ON SCENE (DESK REPORT),NO INJURY / DRIVE AWAY,Y,,,"$501 - $1,500",08/13/2019 08:20:00 PM,FOLLOWING TOO CLOSELY,DISREGARDING TRAFFIC SIGNALS,1400,S,STATE ST,131.0,,,,,,,2,NO INDICATION OF INJURY,0.0,0.0,0.0,0.0,0.0,2.0,0.0,15,3,8,41.8639678813,-87.6274877399,POINT (-87.627487739919 41.86396788126)
244020691b6fbed04204fcd14a1dff98d47400729743263a215a465a2887020b1dd970d86f140ffe98c86f478e9913336bf6d13ee38c761531a8f5c7c17c90f0,,01/21/2018 03:50:00 PM,30,NO CONTROLS,NO CONTROLS,CLOUDY/OVERCAST,DUSK,TURNING,NOT DIVIDED,,STRAIGHT AND LEVEL,WET,NO DEFECTS,ON SCENE,INJURY AND / OR TOW DUE TO CRASH,Y,,Y,"OVER $1,500",01/21/2018 03:52:00 PM,FAILING TO YIELD RIGHT-OF-WAY,NOT APPLICABLE,3835,W,MADISON ST,1122.0,,,,,,,2,NO INDICATION OF INJURY,0.0,0.0,0.0,0.0,0.0,5.0,0.0,15,1,1,41.8806594115,-87.7221936689,POINT (-87.722193668857 41.880659411459)
ef0efe888869347fa92b08511bcdb16a5f4f303c2f29e5d6652818f05200fab85dac7d9fe3614ad7cc5f2b5719da3b7a86767eb2320c084ea6e13d53d1643b04,,07/03/2019 02:55:00 PM,20,NO CONTROLS,NO CONTROLS,CLEAR,DAYLIGHT,PARKED MOTOR VEHICLE,PARKING LOT,,STRAIGHT AND LEVEL,DRY,NO DEFECTS,NOT ON SCENE (DESK REPORT),NO INJURY / DRIVE AWAY,,Y,,"OVER $1,500",07/03/2019 06:40:00 PM,DRIVING SKILLS/KNOWLEDGE/EXPERIENCE,NOT APPLICABLE,6560,W,FULLERTON AVE,2512.0,,,,,,,2,NO INDICATION OF INJURY,0.0,0.0,0.0,0.0,0.0,1.0,0.0,14,4,7,41.923750201,-87.7898808596,POINT (-87.789880859626 41.923750201042)
117b61f09bb127597d1e7161146f91844c28c0ce71106f0a28ffd507b571030e73804a57283f2b3a5918b70d5d367b56e5e77c3c6b086048af42ff555d6f8817,,08/04/2017 02:12:00 PM,30,NO CONTROLS,NO CONTROLS,CLEAR,DAYLIGHT,SIDESWIPE SAME DIRECTION,NOT DIVIDED,4,STRAIGHT AND LEVEL,DRY,NO DEFECTS,NOT ON SCENE (DESK REPORT),NO INJURY / DRIVE AWAY,,,,"OVER $1,500",08/04/2017 03:20:00 PM,UNABLE TO DETERMINE,NOT APPLICABLE,330,N,LAKE SHORE DR RAMP,114.0,,,,,,,2,NO INDICATION OF INJURY,0.0,0.0,0.0,0.0,0.0,2.0,0.0,14,6,8,41.8871557863,-87.6141438615,POINT (-87.614143861498 41.887155786287)
d043de3e7c687cd47f662c117db524834b31673ff1d4f484beda1a184833ee7be207bf708165ae55f470f11c9b12a406f67b1f59caa8e27a53cda36a82c92592,,07/17/2023 01:00:00 PM,40,NO CONTROLS,NO CONTROLS,CLEAR,DAYLIGHT,REAR END,DIVIDED - W/MEDIAN BARRIER,,STRAIGHT AND LEVEL,DRY,NO DEFECTS,ON SCENE,INJURY AND / OR TOW DUE TO CRASH,,,,"OVER $1,500",07/17/2023 01:05:00 PM,FAILING TO REDUCE SPEED TO AVOID CRASH,FAILING TO YIELD RIGHT-OF-WAY,1400,S,LAKE SHORE DR NB,132.0,,,,,,,2,NO INDICATION OF INJURY,0.0,0.0,0.0,0.0,0.0,2.0,0.0,13,2,7,41.8640356398,-87.6192970692,POINT (-87.619297069192 41.864035639814)
376007a68f5b7e0563c915d07771440232db95d5bdaa719badfc42e1de50bc9218ba41470ee9c0e11583820aca6d95a437892d661efea9555f5e00871161769e,,06/13/2019 05:30:00 PM,15,NO CONTROLS,NO CONTROLS,CLEAR,DAYLIGHT,REAR TO SIDE,PARKING LOT,,STRAIGHT AND LEVEL,DRY,NO DEFECTS,NOT ON SCENE (DESK REPORT),NO INJURY / DRIVE AWAY,,Y,,"OVER $1,500",06/13/2019 06:21:00 PM,FAILING TO YIELD RIGHT-OF-WAY,IMPROPER BACKING,3900,S,WALLACE ST,925.0,,,,,,,2,NO INDICATION OF INJURY,0.0,0.0,0.0,0.0,0.0,2.0,0.0,17,5,6,41.82343237,-87.6412078889,POINT (-87.641207888873 41.823432370008)
4cc42d40cf4280793d440bafd5a7e22f78efb7d5d0d9365a459eb90beba3f380983fead209705837a48ed1b1c74a74d246d52628dd45b4b529be5f0ae6f62094,,09/12/2025 11:01:00 AM,15,NO CONTROLS,NO CONTROLS,UNKNOWN,UNKNOWN,PARKED MOTOR VEHICLE,PARKING LOT,,STRAIGHT AND LEVEL,UNKNOWN,UNKNOWN,NOT ON SCENE (DESK REPORT),NO INJURY / DRIVE AWAY,,Y,,"$501 - $1,500",09/15/2025 01:00:00 PM,UNABLE TO DETERMINE,NOT APPLICABLE,1110,W,SHERIDAN RD,2432.0,,,,,,,3,NO INDICATION OF INJURY,0.0,0.0,0.0,0.0,0.0,1.0,0.0,11,6,9,41.998313247,-87.6592550427,POINT (-87.659255042686 41.998313247)
f508d3252cd66e6b42f320f0a5d2972e31a4548d94686c036b9b469546d7436a658439ed75981c50b08a06c9a7f782b924f07ba9870e8e60f020316d118b0bd9,,12/23/2022 08:00:00 AM,30,NO CONTROLS,NO CONTROLS,CLEAR,DAYLIGHT,SIDESWIPE OPPOSITE DIRECTION,NOT DIVIDED,,STRAIGHT AND LEVEL,ICE,NO DEFECTS,NOT ON SCENE (DESK REPORT),NO INJURY / DRIVE AWAY,,,Y,"OVER $1,500",12/23/2022 08:57:00 AM,UNABLE TO DETERMINE,NOT APPLICABLE,998,S,SACRAMENTO BLVD,1134.0,,,,,,,2,NO INDICATION OF INJURY,0.0,0.0,0.0,0.0,0.0,2.0,0.0,8,6,12,41.8692276678,-87.7010191424,POINT (-87.701019142412 41.869227667776)
7916b65c5d7914f889106eff71db36656221274d46a80175062ddd4c787c22880ba6c5cae7a3f0c15a5da4b92660ae1241085573a3e225564a741b3caecb388d,Y,12/07/2023 04:40:00 PM,30,TRAFFIC SIGNAL,FUNCTIONING PROPERLY,UNKNOWN,DUSK,ANGLE,FOUR WAY,,STRAIGHT AND LEVEL,UNKNOWN,UNKNOWN,NOT ON SCENE (DESK REPORT),NO INJURY / DRIVE AWAY,Y,,Y,"OVER $1,500",12/11/2023 05:00:00 PM,UNABLE TO DETERMINE,NOT APPLICABLE,500,N,CENTRAL PARK AVE,1122.0,,,,,,,2,NO INDICATION OF INJURY,0.0,0.0,0.0,0.0,0.0,2.0,0.0,16,5,12,41.8904887653,-87.7163213572,POINT (-87.716321357184 41.89048876528)
337da1dd27f335548bd1704be7708211d3025d286121aaddc2411985dc8d400b4fe4f792b5b065726f1a4be16d8d2a8ee1ecaac60ebf0fa9bec103480027e92e,,05/20/2021 07:25:00 PM,30,TRAFFIC SIGNAL,FUNCTIONING PROPERLY,CLEAR,DAYLIGHT,SIDESWIPE SAME DIRECTION,DIVIDED - W/MEDIAN (NOT RAISED),,STRAIGHT AND LEVEL,DRY,NO DEFECTS,ON SCENE,NO INJURY / DRIVE AWAY,,,Y,"$501 - $1,500",05/20/2021 07:29:00 PM,FOLLOWING TOO CLOSELY,"OPERATING VEHICLE IN ERRATIC, RECKLESS, CARELESS, NEGLIGENT OR AGGRESSIVE MANNER",313,W,BELMONT AVE,1934.0,,,,,,,2,NO INDICATION OF INJURY,0.0,0.0,0.0,0.0,0.0,2.0,0.0,19,5,5,41.9403098006,-87.638376197,POINT (-87.638376196996 41.94030980063)
9af6ad653b419880b46cdc0d125d6af754d7b983b481766abf377054ef1149358bde7bc25bed42834fd28246c1027ddbae64126e23bd9892806c268281666ee3,,06/25/2022 10:45:00 PM,30,NO CONTROLS,NO CONTROLS,CLEAR,"DARKNESS, LIGHTED ROAD",TURNING,NOT DIVIDED,,STRAIGHT AND LEVEL,DRY,NO DEFECTS,ON SCENE,NO INJURY / DRIVE AWAY,,,,$500 OR LESS,06/25/2022 10:45:00 PM,IMPROPER OVERTAKING/PASSING,FAILING TO REDUCE SPEED TO AVOID CRASH,2935,W,AUGUSTA BLVD,1211.0,,,,,,,2,NO INDICATION OF INJURY,0.0,0.0,0.0,0.0,0.0,5.0,0.0,22,7,6,41.8991413658,-87.7006803119,POINT (-87.70068031187 41.899141365847)
e878c28d52cd08d591d94f45102cb4bdf07084d64166c1b5d1262919de128f7d06625d631b96ce9b0415ee63a756293a76598a70f6321dc5db61542bd62ec0e7,,11/11/2016 07:26:00 AM,30,NO CONTROLS,NO CONTROLS,CLEAR,DAYLIGHT,ANGLE,DIVIDED - W/MEDIAN (NOT RAISED),4,STRAIGHT AND LEVEL,DRY,NO DEFECTS,ON SCENE,NO INJURY / DRIVE AWAY,,,Y,"OVER $1,500",11/11/2016 07:42:00 AM,FAILING TO YIELD RIGHT-OF-WAY,"OPERATING VEHICLE IN ERRATIC, RECKLESS, CARELESS, NEGLIGENT OR AGGRESSIVE MANNER",2421,W,OGDEN AVE,1023.0,,,,,,,2,NO INDICATION OF INJURY,0.0,0.0,0.0,0.0,0.0,3.0,0.0,7,6,11,41.8643840006,-87.6867162158,POINT (-87.686716215802 41.864384000563)
8969118b9c8ab0ddd2d292a21294119bf560c4f225c9909c6a05b8c5ef4807e6ebb6f3d4e412cfd77d23f7c09bcd6d8bf42b7448e50e5966c088d0f5bfc3a5a5,,05/26/2020 06:20:00 PM,20,NO CONTROLS,NO CONTROLS,CLEAR,DAYLIGHT,PARKED MOTOR VEHICLE,OTHER,,STRAIGHT AND LEVEL,DRY,NO DEFECTS,ON SCENE,NO INJURY / DRIVE AWAY,,,,"$501 - $1,500",05/26/2020 06:28:00 PM,UNABLE TO DETERMINE,NOT APPLICABLE,2750,W,15TH PL,1023.0,,,,,,,2,NO INDICATION OF INJURY,0.0,0.0,0.0,0.0,0.0,2.0,0.0,18,3,5,41.8602481903,-87.6952879986,POINT (-87.695287998589 41.860248190286)
e3d9c5e30cd103d2b9f87061e3aa188b5bbf315708e6e92ec551f878038f6b631faa822f571383e7de436476ff0140859ec7a3afb62a78368274988d39e33215,,11/22/2025 11:41:00 PM,35,NO CONTROLS,NO CONTROLS,CLEAR,"DARKNESS, LIGHTED ROAD",ANIMAL,DIVIDED - W/MEDIAN BARRIER,,STRAIGHT AND LEVEL,DRY,NO DEFECTS,ON SCENE,INJURY AND / OR TOW DUE TO CRASH,,,,"OVER $1,500",11/22/2025 11:50:00 PM,UNABLE TO DETERMINE,NOT APPLICABLE,9101,S,LAKE SHORE DR,424.0,,,,,,,1,NO INDICATION OF INJURY,0.0,0.0,0.0,0.0,0.0,1.0,0.0,23,7,11,41.7302543946,-87.5405489464,POINT (-87.540548946363 41.73025439457)
e43a218214bf3a08ac01fcf63294c149ddba8bc0a7cf5d3d07815d2fca9f945d7c6028475f5e035b1d582d91dc2d1868bc8bf8cddd24e6ae10d6cf15d5ddc819,,01/17/2025 07:40:00 AM,30,STOP SIGN/FLASHER,UNKNOWN,UNKNOWN,UNKNOWN,ANGLE,NOT DIVIDED,,STRAIGHT AND LEVEL,UNKNOWN,UNKNOWN,NOT ON SCENE (DESK REPORT),NO INJURY / DRIVE AWAY,,,Y,"OVER $1,500",01/17/2025 08:40:00 AM,UNABLE TO DETERMINE,UNABLE TO DETERMINE,4800,S,EVANS AVE,223.0,,,,,,,2,NO INDICATION OF INJURY,0.0,0.0,0.0,0.0,0.0,2.0,0.0,7,6,1,41.8076025124,-87.6078924684,POINT (-87.607892468421 41.807602512403)
eeb7b097e205e00d15e941cf64be68ba58414ced0b7f4b634c434de9b0975ea32263d8bb848e3b87927a9b209dccbdfd523819dd8b5777f031f46fa2ede89865,,02/12/2021 02:10:00 PM,35,NO CONTROLS,NO CONTROLS,CLEAR,DAYLIGHT,TURNING,DIVIDED - W/MEDIAN (NOT RAISED),,STRAIGHT AND LEVEL,DRY,NO DEFECTS,NOT ON SCENE (DESK REPORT),NO INJURY / DRIVE AWAY,,,N,"OVER $1,500",02/12/2021 05:30:00 PM,FAILING TO YIELD RIGHT-OF-WAY,FAILING TO REDUCE SPEED TO AVOID CRASH,3020,N,PULASKI RD,2523.0,,,,,,,2,NO INDICATION OF INJURY,0.0,0.0,0.0,0.0,0.0,2.0,0.0,14,6,2,41.936026898,-87.7272429698,POINT (-87.72724296983 41.936026898041)
6a24232bc08cbaa1842086aecba01bda67dc0fb234c601b5a929e568ca98d4b0d249b8c170d7306e6dc401b39fe4f6cb7bf37640e0dc5ee2c895e7f2cef57845,,04/09/2019 10:30:00 AM,30,NO CONTROLS,NO CONTROLS,CLEAR,DAYLIGHT,PARKED MOTOR VEHICLE,NOT DIVIDED,4,STRAIGHT AND LEVEL,DRY,UNKNOWN,ON SCENE,NO INJURY / DRIVE AWAY,,,,"OVER $1,500",04/09/2019 10:40:00 AM,UNABLE TO DETERMINE,UNABLE TO DETERMINE,4300,S,ARCHER AVE,922.0,,,,,,,2,NO INDICATION OF INJURY,0.0,0.0,0.0,0.0,0.0,1.0,0.0,10,3,4,41.8154706592,-87.7022273451,POINT (-87.702227345139 41.815470659169)
3cb7ba9fe3601c204cf68b10b33656fcb003e119a0baf125b7501b07ae0a660c83810e3c1065918802e64944344b19b77408bd59c99ec32936183c8a37996e54,,11/15/2023 07:30:00 PM,30,NO CONTROLS,NO CONTROLS,UNKNOWN,DARKNESS,ANGLE,NOT DIVIDED,,STRAIGHT AND LEVEL,UNKNOWN,UNKNOWN,NOT ON SCENE (DESK REPORT),NO INJURY / DRIVE AWAY,,,Y,"$501 - $1,500",11/16/2023 08:30:00 AM,UNABLE TO DETERMINE,UNABLE TO DETERMINE,3400,W,ARTHINGTON ST,1133.0,,,,,,,2,NO INDICATION OF INJURY,0.0,0.0,0.0,0.0,0.0,2.0,0.0,19,4,11,41.8701124579,-87.710783931,POINT (-87.710783931026 41.870112457894)
f4d240bff8ff1c8e95a72eaab2d39363cb0c8f66ca3955f3c5db8577a550669ca343ff8389a0392b9f2cda0b096f257ca614d63cae5c9a509816f2c795bd3d2a,,01/04/2025 12:20:00 PM,30,TRAFFIC SIGNAL,UNKNOWN,UNKNOWN,UNKNOWN,TURNING,T-INTERSECTION,,STRAIGHT AND LEVEL,UNKNOWN,UNKNOWN,NOT ON SCENE (DESK REPORT),NO INJURY / DRIVE AWAY,Y,,,"OVER $1,500",01/04/2025 12:35:00 PM,UNABLE TO DETERMINE,UNABLE TO DETERMINE,3600,N,LAKE SHORE DR,1925.0,,,,,,,2,NO INDICATION OF INJURY,0.0,0.0,0.0,0.0,0.0,4.0,0.0,12,7,1,41.9486836744,-87.6436497585,POINT (-87.643649758505 41.948683674375)
4993e0b6495abca50afa7b2d503d36fa13c5e63e919b162a9d12d4fb6b70ccc153ce87c887958ea61e0a13fd903f93b480cc9b0a9ccb5c875e4983a3afcb1582,,04/25/2020 04:00:00 PM,30,STOP SIGN/FLASHER,FUNCTIONING PROPERLY,RAIN,DAYLIGHT,ANGLE,NOT DIVIDED,,STRAIGHT AND LEVEL,WET,NO DEFECTS,NOT ON SCENE (DESK REPORT),NO INJURY / DRIVE AWAY,,,,"OVER $1,500",04/25/2020 04:30:00 PM,FAILING TO YIELD RIGHT-OF-WAY,FAILING TO YIELD RIGHT-OF-WAY,5200,S,HALSTED ST,934.0,,,,,,,2,NO INDICATION OF INJURY,0.0,0.0,0.0,0.0,0.0,2.0,0.0,16,7,4,41.7996752873,-87.6454412782,POINT (-87.64544127819 41.799675287293)
3e238cf412a909c30384d43edbbc157d177e705fdb0f8cc6df60be4405b436774e9c1372f44502865b10d76df171622428b947d9dc56661b295a2ef02bd400a3,,09/29/2023 01:32:00 PM,30,NO CONTROLS,NO CONTROLS,CLEAR,DAYLIGHT,SIDESWIPE OPPOSITE DIRECTION,ONE-WAY,,STRAIGHT AND LEVEL,DRY,NO DEFECTS,ON SCENE,INJURY AND / OR TOW DUE TO CRASH,,,,"OVER $1,500",09/29/2023 01:50:00 PM,FAILING TO YIELD RIGHT-OF-WAY,UNABLE TO DETERMINE,4227,S,MOZART ST,921.0,,,,,,,2,NO INDICATION OF INJURY,0.0,0.0,0.0,0.0,0.0,2.0,0.0,13,6,9,41.8165142662,-87.6955367466,POINT (-87.695536746555 41.816514266244)
5e2d0b72a835551b0220f91e0e46b3c8b4f78b917555bd506ed3b1ea55c8bba909e1e7a21fbbae29e34c2bda41974a1f1b83141411100cd2a18c55477a9ecf07,,01/19/2022 11:00:00 PM,30,NO CONTROLS,NO CONTROLS,CLEAR,"DARKNESS, LIGHTED ROAD",PARKED MOTOR VEHICLE,ONE-WAY,,STRAIGHT AND LEVEL,DRY,NO DEFECTS,NOT ON SCENE (DESK REPORT),NO INJURY / DRIVE AWAY,,,Y,"OVER $1,500",01/20/2022 12:00:00 AM,IMPROPER TURNING/NO SIGNAL,NOT APPLICABLE,3207,W,66TH PL,831.0,,,,,,,2,NO INDICATION OF INJURY,0.0,0.0,0.0,0.0,0.0,1.0,0.0,23,4,1,41.7724925489,-87.7033336984,POINT (-87.703333698409 41.772492548928)
ac8c4828b402e50e50d0dee9eee6b2df49d0b59f6a58a3e329f501e9326bc61c7f68af81239921271220a9a49e9c88bf1c8ddd2d5c9810ab0a2db9e9c2146f15,,03/11/2019 11:24:00 AM,30,STOP SIGN/FLASHER,FUNCTIONING PROPERLY,CLEAR,DAYLIGHT,FIXED OBJECT,ONE-WAY,1,STRAIGHT AND LEVEL,DRY,NO DEFECTS,ON SCENE,INJURY AND / OR TOW DUE TO CRASH,,,Y,"OVER $1,500",03/11/2019 11:24:00 AM,"OPERATING VEHICLE IN ERRATIC, RECKLESS, CARELESS, NEGLIGENT OR AGGRESSIVE MANNER","OPERATING VEHICLE IN ERRATIC, RECKLESS, CARELESS, NEGLIGENT OR AGGRESSIVE MANNER",5901,W,FULTON ST,1512.0,,,,,,,1,NONINCAPACITATING INJURY,1.0,0.0,0.0,1.0,0.0,1.0,0.0,11,2,3,41.8855054579,-87.7720402551,POINT (-87.772040255103 41.885505457853)
e1b42b17106283a14e550ca083cd8e45ba405bd7287eb25a698ae3f00d904190a6db0392f587791e429a8a6ccf69cc0b3515bd184efe9edd2a2b28da78428fb9,N,01/12/2019 04:00:00 AM,30,NO CONTROLS,NO CONTROLS,SNOW,UNKNOWN,PARKED MOTOR VEHICLE,NOT DIVIDED,1,STRAIGHT AND LEVEL,SNOW OR SLUSH,UNKNOWN,NOT ON SCENE (DESK REPORT),NO INJURY / DRIVE AWAY,,,Y,"OVER $1,500",01/16/2019 05:20:00 PM,UNABLE TO DETERMINE,UNABLE TO DETERMINE,4835,N,MAGNOLIA AVE,2033.0,,,,,,,2,NO INDICATION OF INJURY,0.0,0.0,0.0,0.0,0.0,1.0,0.0,4,7,1,41.9700479171,-87.6609238817,POINT (-87.660923881655 41.970047917093)
f52429f0a0c3a14c382fd354dffdb533b296aa6d5d917220921439f20eca14ed5f3e15e17d0fb4f11e60f8098a8ab6bd32dc50f75d21548327d3e3c6048b921d,,07/16/2019 10:00:00 AM,30,TRAFFIC SIGNAL,FUNCTIONING PROPERLY,RAIN,DAYLIGHT,SIDESWIPE SAME DIRECTION,NOT DIVIDED,,STRAIGHT AND LEVEL,WET,NO DEFECTS,NOT ON SCENE (DESK REPORT),NO INJURY / DRIVE AWAY,,,Y,"OVER $1,500",07/16/2019 02:13:00 PM,UNABLE TO DETERMINE,NOT APPLICABLE,7300,S,DR MARTIN LUTHER KING JR DR,323.0,,,,,,,2,NO INDICATION OF INJURY,0.0,0.0,0.0,0.0,0.0,2.0,0.0,10,3,7,41.7619666969,-87.6153505183,POINT (-87.615350518276 41.761966696864)
78dd6704d1adfa8ebc4d520a1416f4da563949ce84d92e156cd436bb6ab8cd391984ef7d853238128bb6fad7bbf360b73c6e534bd2d5c900f4796364a795985c,,10/17/2025 08:05:00 AM,30,TRAFFIC SIGNAL,FUNCTIONING PROPERLY,CLEAR,DAYLIGHT,TURNING,FOUR WAY,,STRAIGHT AND LEVEL,DRY,NO DEFECTS,ON SCENE,INJURY AND / OR TOW DUE TO CRASH,,,,"OVER $1,500",10/17/2025 08:10:00 AM,FAILING TO YIELD RIGHT-OF-WAY,UNABLE TO DETERMINE,3401,W,55TH ST,822.0,,,,,,,2,NO INDICATION OF INJURY,0.0,0.0,0.0,0.0,0.0,2.0,0.0,8,6,10,41.7933300448,-87.7085134012,POINT (-87.708513401152 41.793330044775)
8d1f5074c6505afb3d1dffe121055c2559f0a68c85d6adea113927db542ac3f41d45da028f60fe7087e8d526a7ec57b58b739c294611fd99f373c32d5aae8cc5,Y,08/28/2019 06:42:00 PM,30,TRAFFIC SIGNAL,FUNCTIONING PROPERLY,CLEAR,DAYLIGHT,FIXED OBJECT,TRAFFIC ROUTE,,STRAIGHT AND LEVEL,DRY,NO DEFECTS,ON SCENE,INJURY AND / OR TOW DUE TO CRASH,,,Y,"OVER $1,500",08/28/2019 06:42:00 PM,"OPERATING VEHICLE IN ERRATIC, RECKLESS, CARELESS, NEGLIGENT OR AGGRESSIVE MANNER",DISREGARDING TRAFFIC SIGNALS,72,E,95TH ST,634.0,,,,,,,1,NONINCAPACITATING INJURY,1.0,0.0,0.0,1.0,0.0,0.0,0.0,18,4,8,41.7218856705,-87.6209288533,POINT (-87.620928853278 41.721885670452)
eda7068a358bbf2776a4c25ca602e0652c9200ba61783940a33b7d57528b0694259b08a58ab0b0bd320470a7ad329774c335d18999650aedbba1bf3b77e99cfa,,09/07/2020 10:35:00 AM,25,STOP SIGN/FLASHER,FUNCTIONING PROPERLY,CLEAR,DAYLIGHT,FIXED OBJECT,FOUR WAY,,STRAIGHT AND LEVEL,DRY,NO DEFECTS,ON SCENE,NO INJURY / DRIVE AWAY,Y,Y,Y,"$501 - $1,500",09/07/2020 10:41:00 AM,UNABLE TO DETERMINE,UNABLE TO DETERMINE,8501,S,PHILLIPS AVE,423.0,,,,,,,1,NO INDICATION OF INJURY,0.0,0.0,0.0,0.0,0.0,1.0,0.0,10,2,9,41.7407539825,-87.5647074306,POINT (-87.564707430563 41.740753982459)
c660a2ca417f9253503c4ab86ab0d4348116d88e9a08f930097c1660b1aa28b69bc2f98c80a207f49fd16ca75f4c7d5917ad6cc4424202e0a9636d2a10a89c17,,08/11/2020 01:47:00 PM,30,NO CONTROLS,NO CONTROLS,CLEAR,DAYLIGHT,SIDESWIPE SAME DIRECTION,NOT DIVIDED,,STRAIGHT AND LEVEL,DRY,NO DEFECTS,NOT ON SCENE (DESK REPORT),NO INJURY / DRIVE AWAY,,,,"$501 - $1,500",08/11/2020 02:05:00 PM,UNABLE TO DETERMINE,UNABLE TO DETERMINE,1518,W,HOWARD ST,2422.0,,,,,,,2,NO INDICATION OF INJURY,0.0,0.0,0.0,0.0,0.0,2.0,0.0,13,3,8,42.019472581,-87.6690877993,POINT (-87.669087799261 42.019472580957)
a9ff10d960cbc23d7a2a509b48e33873f18b5d1c0ab0e5b226738cb3e72043f3894068e3b774218adbcee9e83b1f4ea63aab5bc0b61fddac56fbdaa83bd12bf2,,01/15/2025 12:08:00 PM,30,NO CONTROLS,NO CONTROLS,CLEAR,DAYLIGHT,SIDESWIPE SAME DIRECTION,PARKING LOT,,STRAIGHT AND LEVEL,DRY,NO DEFECTS,NOT ON SCENE (DESK REPORT),NO INJURY / DRIVE AWAY,,,,"OVER $1,500",01/15/2025 04:34:00 PM,NOT APPLICABLE,NOT APPLICABLE,9443,S,WESTERN AVE,2221.0,,,,,,,2,NO INDICATION OF INJURY,0.0,0.0,0.0,0.0,0.0,3.0,0.0,12,4,1,41.7214884683,-87.6819363105,POINT (-87.681936310476 41.721488468265)
69c7c2396c014abf778511026adbb5ad405b2b9e7dda8742168f317f9f40e96d7df73593fcd19fb435522f1e02cfad85c2652bf4580430db9d8d29e1e71036b7,,04/01/2021 10:00:00 AM,30,NO CONTROLS,NO CONTROLS,CLEAR,DAYLIGHT,SIDESWIPE SAME DIRECTION,NOT DIVIDED,,STRAIGHT AND LEVEL,DRY,NO DEFECTS,NOT ON SCENE (DESK REPORT),NO INJURY / DRIVE AWAY,,,,"OVER $1,500",04/01/2021 10:45:00 AM,UNABLE TO DETERMINE,NOT APPLICABLE,1651,W,ARMITAGE AVE,1433.0,,,,,,,2,NO INDICATION OF INJURY,0.0,0.0,0.0,0.0,0.0,2.0,0.0,10,5,4,41.9178031724,-87.6693708653,POINT (-87.669370865272 41.917803172422)
128f8789a8bb181db3e9ffaf3c8404a52f266014e028df0d50a168ec8cc191d269b1e4f468c02ea6683c85686f1ad1b7a3123d13960aa31ca48d8d5f9cdf98fa,,12/19/2024 07:00:00 AM,25,TRAFFIC SIGNAL,FUNCTIONING PROPERLY,CLEAR,DAYLIGHT,SIDESWIPE SAME DIRECTION,NOT DIVIDED,,STRAIGHT AND LEVEL,DRY,NO DEFECTS,NOT ON SCENE (DESK REPORT),NO INJURY / DRIVE AWAY,Y,,Y,"OVER $1,500",12/19/2024 12:25:00 PM,FAILING TO YIELD RIGHT-OF-WAY,DRIVING SKILLS/KNOWLEDGE/EXPERIENCE,5741,N,NAGLE AVE,1622.0,,,,,,,2,NO INDICATION OF INJURY,0.0,0.0,0.0,0.0,0.0,2.0,0.0,7,5,12,41.9859102255,-87.7875302066,POINT (-87.787530206648 41.9859102255)