CRASH_RECORD_ID,CRASH_DATE_EST_I,CRASH_DATE,POSTED_SPEED_LIMIT,TRAFFIC_CONTROL_DEVICE,DEVICE_CONDITION,WEATHER_CONDITION,LIGHTING_CONDITION,FIRST_CRASH_TYPE,TRAFFICWAY_TYPE,LANE_CNT,ALIGNMENT,ROADWAY_SURFACE_COND,ROAD_DEFECT,REPORT_TYPE,CRASH_TYPE,INTERSECTION_RELATED_I,NOT_RIGHT_OF_WAY_I,HIT_AND_RUN_I,DAMAGE,DATE_POLICE_NOTIFIED,PRIM_CONTRIBUTORY_CAUSE,SEC_CONTRIBUTORY_CAUSE,STREET_NO,STREET_DIRECTION,STREET_NAME,BEAT_OF_OCCURRENCE,PHOTOS_TAKEN_I,STATEMENTS_TAKEN_I,DOORING_I,WORK_ZONE_I,WORK_ZONE_TYPE,WORKERS_PRESENT_I,NUM_UNITS,MOST_SEVERE_INJURY,INJURIES_TOTAL,INJURIES_FATAL,INJURIES_INCAPACITATING,INJURIES_NON_INCAPACITATING,INJURIES_REPORTED_NOT_EVIDENT,INJURIES_NO_INDICATION,INJURIES_UNKNOWN,CRASH_HOUR,CRASH_DAY_OF_WEEK,CRASH_MONTH,LATITUDE,LONGITUDE,LOCATION
546c54c9f8fe2cf155217670c0f6167e1e6d70be10abc7ec3e6b759ecfe171ef40fbd27a1820ed5a94055369d1ba03475f3e87d7a2cc489b72647ed7e0276b39,,02/22/2019 04:40:00 PM,30,NO CONTROLS,NO CONTROLS,CLEAR,"DARKNESS, LIGHTED ROAD",PARKED MOTOR VEHICLE,OTHER,2,STRAIGHT AND LEVEL,DRY,NO DEFECTS,ON SCENE,NO INJURY / DRIVE AWAY,,,Y,"OVER $1,500",02/22/2019 05:40:00 PM,UNABLE TO DETERMINE,NOT APPLICABLE,2504,E,79TH ST,421.0,,,,,,,2,NO INDICATION OF INJURY,0.0,0.0,0.0,0.0,0.0,1.0,0.0,16,6,2,41.7518762224,-87.5635811818,POINT (-87.563581181814 41.751876222429)
acab80283902a883fd35fbf7d1a1adbcfd7db9d9b59d596ed2f66edfaac6d4cbd42371d22b746f7f322386bf3954673f3604ed45a1f4f92e8f8cf80b50394b5f,,04/07/2021 11:00:00 AM,30,TRAFFIC SIGNAL,FUNCTIONING PROPERLY,CLEAR,DAYLIGHT,SIDESWIPE SAME DIRECTION,NOT DIVIDED,,STRAIGHT AND LEVEL,DRY,NO DEFECTS,ON SCENE,NO INJURY / DRIVE AWAY,,,,"OVER $1,500",04/07/2021 11:00:00 AM,IMPROPER OVERTAKING/PASSING,FOLLOWING TOO CLOSELY,4702,S,KEDZIE AVE,821.0,,,,,,,2,NO INDICATION OF INJURY,0.0,0.0,0.0,0.0,0.0,2.0,0.0,11,4,4,41.8079925505,-87.7041165149,POINT (-87.704116514872 41.807992550485)
908f61056cdd2fb775deb12123574f21136d0cd3e8f4aeec699cb93fab88e11aca14efd6fa30ec27fc1a3bc36bfe69b5de3ec482dec3eb1fc5f18e75663af8fb,,05/03/2021 10:00:00 AM,30,NO CONTROLS,NO CONTROLS,RAIN,DAYLIGHT,FIXED OBJECT,ONE-WAY,,STRAIGHT AND LEVEL,WET,NO DEFECTS,ON SCENE,INJURY AND / OR TOW DUE TO CRASH,,,Y,"OVER $1,500",05/03/2021 10:15:00 AM,UNABLE TO DETERMINE,NOT APPLICABLE,4800,W,GLADYS AVE,1533.0,,,,,,,1,NO INDICATION OF INJURY,0.0,0.0,0.0,0.0,0.0,1.0,0.0,10,2,5,41.876000307,-87.7451757401,POINT (-87.745175740063 41.876000307017)
4f017ba966c9f43edff8017125e208f68d33b6642de74c2350be2d0ad42661b6ce3769b49af14549afec6a85cd5ddc1b9081a9942fd45a80468de58b67a97d90,,05/12/2024 03:00:00 PM,30,NO CONTROLS,NO CONTROLS,CLEAR,UNKNOWN,PARKED MOTOR VEHICLE,ONE-WAY,,STRAIGHT AND LEVEL,DRY,NO DEFECTS,NOT ON SCENE (DESK REPORT),NO INJURY / DRIVE AWAY,,,Y,"OVER $1,500",05/12/2024 03:15:00 PM,UNABLE TO DETERMINE,UNABLE TO DETERMINE,7945,S,GREEN ST,621.0,,,,,,,2,NO INDICATION OF INJURY,0.0,0.0,0.0,0.0,0.0,1.0,0.0,15,1,5,41.7492909585,-87.6450704256,POINT (-87.645070425557 41.749290958463)
e10c7b91bc2f08ba1890659f26a20ca6407b38bfe35c601323062f9f1fac6bb894264d3dc789dcb521ca85c2b8a062cc9bc9341e9042fd32bc790d2f2db160c6,,08/19/2021 05:38:00 PM,30,TRAFFIC SIGNAL,FUNCTIONING PROPERLY,CLEAR,DAYLIGHT,SIDESWIPE OPPOSITE DIRECTION,NOT DIVIDED,,STRAIGHT AND LEVEL,DRY,NO DEFECTS,,NO INJURY / DRIVE AWAY,,,,"OVER $1,500",08/19/2021 06:17:00 PM,NOT APPLICABLE,NOT APPLICABLE,2600,S,CANAL ST,914.0,,,,,,,2,NO INDICATION OF INJURY,0.0,0.0,0.0,0.0,0.0,3.0,0.0,17,5,8,41.8453884528,-87.6384815129,POINT (-87.638481512919 41.845388452774)
a539898ebcd1cbd845d727cb28b8d6cd159a94c997ca1a2c684dc87b8408c5bf9d8344257d246da937922d3d9304433ce8d648c4131df32e23bee9ea3e755c9a,,09/11/2019 08:15:00 PM,30,TRAFFIC SIGNAL,FUNCTIONING PROPERLY,CLEAR,"DARKNESS, LIGHTED ROAD",TURNING,DIVIDED - W/MEDIAN BARRIER,,STRAIGHT AND LEVEL,DRY,UNKNOWN,,INJURY AND / OR TOW DUE TO CRASH,Y,,Y,"OVER $1,500",09/11/2019 08:17:00 PM,UNABLE TO DETERMINE,UNABLE TO DETERMINE,200,N,GARVEY CT,111.0,,,,,,,2,NONINCAPACITATING INJURY,1.0,0.0,0.0,1.0,0.0,2.0,0.0,20,4,9,41.8857948388,-87.6303392982,POINT (-87.630339298169 41.885794838825)
a97aa71cf8c50abbc25408350024e4e4585171d1c503f0924f3eeb2da676098bcd01fcb836cc424f3b04cff2cd2dc6de08b11b4dd21ee9bffd780a874bdb6ec1,,03/24/2020 04:00:00 PM,30,NO CONTROLS,NO CONTROLS,CLEAR,DAYLIGHT,PARKED MOTOR VEHICLE,NOT DIVIDED,,STRAIGHT AND LEVEL,DRY,UNKNOWN,NOT ON SCENE (DESK REPORT),NO INJURY / DRIVE AWAY,,,Y,"OVER $1,500",03/24/2020 06:01:00 PM,UNABLE TO DETERMINE,UNABLE TO DETERMINE,1337,W,107TH ST,2234.0,,,,,,,2,NO INDICATION OF INJURY,0.0,0.0,0.0,0.0,0.0,1.0,0.0,16,3,3,41.6993727103,-87.6562259472,POINT (-87.656225947175 41.699372710313)
0653d69bf478fa6ca02bfeb352e6501f504cb5122d896704f48c92dd6d69fa84a7cd70d94000914fb1452f928051fa98fc87e74aa7780e2ec1c895311fdead5f,,08/24/2024 11:50:00 PM,30,NO CONTROLS,NO CONTROLS,CLEAR,"DARKNESS, LIGHTED ROAD",REAR END,DIVIDED - W/MEDIAN (NOT RAISED),,STRAIGHT AND LEVEL,DRY,NO DEFECTS,,NO INJURY / DRIVE AWAY,,,,"OVER $1,500",08/25/2024 12:30:00 AM,CELL PHONE USE OTHER THAN TEXTING,CELL PHONE USE OTHER THAN TEXTING,10250,S,VINCENNES AVE,2213.0,,,,,,,2,NO INDICATION OF INJURY,0.0,0.0,0.0,0.0,0.0,7.0,0.0,23,7,8,41.707125941,-87.6560440183,POINT (-87.656044018345 41.70712594103)
561fc595ea347ed750dfd4c497ccf2ac3b403ef8be4e04196b73e6d0a1f878f4fc56cd7388f3d6e36de6b90a634607732078e72ef6c5e501dcc7122f6795a874,,06/25/2024 05:20:00 PM,30,TRAFFIC SIGNAL,FUNCTIONING PROPERLY,CLEAR,DAYLIGHT,REAR END,ONE-WAY,,STRAIGHT AND LEVEL,DRY,NO DEFECTS,NOT ON SCENE (DESK REPORT),NO INJURY / DRIVE AWAY,,,Y,"OVER $1,500",06/25/2024 06:30:00 PM,UNABLE TO DETERMINE,NOT APPLICABLE,1200,S,RUBLE ST,1232.0,,,,,,,2,NO INDICATION OF INJURY,0.0,0.0,0.0,0.0,0.0,2.0,0.0,17,3,6,41.8671342083,-87.6442375198,POINT (-87.644237519792 41.867134208293)
8fc198e5e6977e3f4d451ff92ff4222564ea3f99983d9397de930939b1b4d6014e209ea0d21d5c58581f91bddeea2978787702744e06c89dca69cfa8ea6c6f5d,,04/18/2021 12:30:00 PM,30,NO CONTROLS,NO CONTROLS,CLEAR,DAYLIGHT,SIDESWIPE SAME DIRECTION,NOT DIVIDED,,STRAIGHT AND LEVEL,DRY,NO DEFECTS,NOT ON SCENE (DESK REPORT),NO INJURY / DRIVE AWAY,,,,$500 OR LESS,04/18/2021 01:00:00 PM,NOT APPLICABLE,NOT APPLICABLE,1535,W,63RD ST,725.0,,,,,,,2,NO INDICATION OF INJURY,0.0,0.0,0.0,0.0,0.0,3.0,0.0,12,1,4,41.77938122,-87.663149156,POINT (-87.663149156013 41.779381220001)
81a6b1f6554c1e94ddcd034468050f90b1702856c8bb51ed9e65f2cdf12214ddb04cd6971f6ffb027803d9eb00c3516f5fcab4fa548b11be3aee4d52e75e9691,,11/18/2017 10:00:00 AM,30,NO CONTROLS,NO CONTROLS,RAIN,UNKNOWN,PARKED MOTOR VEHICLE,DIVIDED - W/MEDIAN (NOT RAISED),,STRAIGHT AND LEVEL,WET,NO DEFECTS,NOT ON SCENE (DESK REPORT),NO INJURY / DRIVE AWAY,,,,"OVER $1,500",11/19/2017 04:00:00 PM,UNABLE TO DETERMINE,NOT APPLICABLE,2206,N,KEDZIE BLVD,1413.0,,,,,,,2,NO INDICATION OF INJURY,0.0,0.0,0.0,0.0,0.0,1.0,0.0,10,7,11,41.9213377203,-87.7072564219,POINT (-87.707256421886 41.921337720286)
ee3a8820a71f6e41e44a6b5889999853da8eab3602d5305aa0d70f7a07a9f3229c11929670a2de82ffab7071d7373a859abd79e3f683fef1e6346dcae6314ae4,,12/23/2017 04:30:00 PM,30,NO CONTROLS,UNKNOWN,CLEAR,DARKNESS,TURNING,DIVIDED - W/MEDIAN (NOT RAISED),4,STRAIGHT AND LEVEL,DRY,NO DEFECTS,ON SCENE,NO INJURY / DRIVE AWAY,,,,"OVER $1,500",12/23/2017 05:00:00 PM,IMPROPER OVERTAKING/PASSING,IMPROPER TURNING/NO SIGNAL,5270,S,ARCHER AVE,815.0,,,,,,,2,NO INDICATION OF INJURY,0.0,0.0,0.0,0.0,0.0,2.0,0.0,16,7,12,41.7995494245,-87.7381451718,POINT (-87.738145171837 41.7995494245)
420969fc820c8df6f5c4fa49e32a7c84c304b68df1fefa09255ce1846f05076593d7eebeed4004a8f34beb5fcf883de6290ea58424997a0f60795adef2605cd7,,07/16/2025 07:05:00 PM,30,NO CONTROLS,NO CONTROLS,CLEAR,DAYLIGHT,REAR END,NOT DIVIDED,,STRAIGHT AND LEVEL,DRY,NO DEFECTS,NOT ON SCENE (DESK REPORT),NO INJURY / DRIVE AWAY,,,,"OVER $1,500",07/16/2025 07:15:00 PM,UNABLE TO DETERMINE,UNABLE TO DETERMINE,6428,N,MILWAUKEE AVE,1611.0,,,,,,,2,NO INDICATION OF INJURY,0.0,0.0,0.0,0.0,0.0,2.0,0.0,19,4,7,41.9979598072,-87.7886083869,POINT (-87.78860838695 41.997959807189)
4c781ab88a8b9be271a6d208a261f5d3629e743544da8c09e347818359ae81b26f17572de05be56f16830318363ba5767dda72da0242bb9478e77fab78d197b0,,10/30/2016 11:00:00 AM,30,NO CONTROLS,NO CONTROLS,CLOUDY/OVERCAST,DAYLIGHT,REAR END,DIVIDED - W/MEDIAN (NOT RAISED),,STRAIGHT AND LEVEL,DRY,NO DEFECTS,NOT ON SCENE (DESK REPORT),INJURY AND / OR TOW DUE TO CRASH,,,Y,"OVER $1,500",10/30/2016 11:13:00 AM,FOLLOWING TOO CLOSELY,UNABLE TO DETERMINE,1717,N,CICERO AVE,2533.0,,Y,,,,,2,"REPORTED, NOT EVIDENT",1.0,0.0,0.0,0.0,1.0,1.0,0.0,11,1,10,41.9119769686,-87.7457809968,POINT (-87.745780996779 41.911976968645)
2a893cbfc02f7705e93134a3dbe94254de5a3305abc924c30dff2279749f6f136645f3ef9d708158e0f0974242a0d38c6ff8eadeed1bc20273b4e034ad6a29d9,Y,04/02/2022 01:00:00 AM,25,NO CONTROLS,NO CONTROLS,UNKNOWN,UNKNOWN,PARKED MOTOR VEHICLE,ONE-WAY,,STRAIGHT AND LEVEL,DRY,NO DEFECTS,ON SCENE,INJURY AND / OR TOW DUE TO CRASH,,,Y,"OVER $1,500",04/02/2022 10:09:00 AM,UNABLE TO DETERMINE,NOT APPLICABLE,124,N,LONG AVE,1523.0,,,,,,,3,NO INDICATION OF INJURY,0.0,0.0,0.0,0.0,0.0,1.0,0.0,1,7,4,41.8830186851,-87.7603625587,POINT (-87.760362558675 41.88301868506)
73b18ae9243c4e251f6de4c6404ba4b77357df9f21de981c50dffcaaeec8f90f7e1bdd6b2103321568012dfd3a762a2233210ea2eb262f1888a705371f294b1d,,04/11/2025 04:50:00 AM,25,NO CONTROLS,NO CONTROLS,CLEAR,DARKNESS,SIDESWIPE SAME DIRECTION,ONE-WAY,,STRAIGHT AND LEVEL,DRY,NO DEFECTS,ON SCENE,NO INJURY / DRIVE AWAY,,,,"$501 - $1,500",04/11/2025 04:53:00 AM,UNABLE TO DETERMINE,UNABLE TO DETERMINE,251,E,HURON ST,1834.0,,,,,,,2,NO INDICATION OF INJURY,0.0,0.0,0.0,0.0,0.0,2.0,0.0,4,6,4,41.8949033024,-87.6207437262,POINT (-87.62074372624 41.894903302355)
959f6f9a585a3d0395fd95e38b3b4e1bb372e4f9147eadd5215cb8450acd13854745a47b98fc954bfadf1c326b5842f4bfc7493a899fda442205ffcca41599d7,,04/18/2022 07:15:00 PM,25,NO CONTROLS,NO CONTROLS,CLEAR,DAYLIGHT,PARKED MOTOR VEHICLE,ONE-WAY,,STRAIGHT AND LEVEL,DRY,NO DEFECTS,ON SCENE,NO INJURY / DRIVE AWAY,,,,"$501 - $1,500",04/18/2022 07:16:00 PM,IMPROPER OVERTAKING/PASSING,NOT APPLICABLE,4827,S,HOYNE AVE,931.0,,,,,,,2,NO INDICATION OF INJURY,0.0,0.0,0.0,0.0,0.0,1.0,0.0,19,2,4,41.8058387392,-87.6769028019,POINT (-87.676902801922 41.805838739159)
3d63a45f4c8ffdfa1d55a2cedf97409aa0c1e71459a4942e6c55a0a1b04b1469cf8522ed71e26cdab8969dde564084959a9a4784591f8f634041c08f26085071,,10/09/2024 12:00:00 PM,30,NO CONTROLS,NO CONTROLS,CLEAR,DARKNESS,PARKED MOTOR VEHICLE,NOT DIVIDED,,STRAIGHT AND LEVEL,DRY,NO DEFECTS,NOT ON SCENE (DESK REPORT),NO INJURY / DRIVE AWAY,,,,$500 OR LESS,10/09/2024 12:15:00 PM,"VISION OBSCURED (SIGNS, TREE LIMBS, BUILDINGS, ETC.)",DRIVING SKILLS/KNOWLEDGE/EXPERIENCE,9100,S,COTTAGE GROVE AVE,633.0,,,,,,,2,NO INDICATION OF INJURY,0.0,0.0,0.0,0.0,0.0,1.0,0.0,12,4,10,41.7293068345,-87.604792543,POINT (-87.604792543012 41.729306834503)
1a5d0b96d7f71d4742855ec296f28caf8789c2b95e3670347e6bb641a3faca5616cfbdcf2ec65246cc298243b39f45106ed44b9e4a117c0ba67aca4f8ff9da7e,,11/19/2020 02:30:00 PM,30,NO CONTROLS,NO CONTROLS,CLEAR,DAYLIGHT,ANGLE,NOT DIVIDED,,STRAIGHT AND LEVEL,DRY,NO DEFECTS,NOT ON SCENE (DESK REPORT),NO INJURY / DRIVE AWAY,Y,,Y,"$501 - $1,500",11/19/2020 03:00:00 PM,UNABLE TO DETERMINE,UNABLE TO DETERMINE,905,N,LA SALLE DR,1832.0,,,,,,,2,NO INDICATION OF INJURY,0.0,0.0,0.0,0.0,0.0,4.0,0.0,14,5,11,41.8993120595,-87.6326441124,POINT (-87.632644112408 41.899312059475)
e3a022ca7982e458a9260dad2c6799c0e8c1e41b67e415fad92e3339636c40f82914d02fc37dc2fcc26d46b565012ac9ba91501f76c79bfd18c18d1580e9ed9b,,06/07/2018 03:10:00 PM,30,TRAFFIC SIGNAL,FUNCTIONING PROPERLY,CLEAR,DAYLIGHT,SIDESWIPE SAME DIRECTION,DIVIDED - W/MEDIAN (NOT RAISED),4,STRAIGHT AND LEVEL,DRY,NO DEFECTS,ON SCENE,NO INJURY / DRIVE AWAY,Y,,,"$501 - $1,500",06/07/2018 03:52:00 PM,UNABLE TO DETERMINE,NOT APPLICABLE,1149,W,BRYN MAWR AVE,2023.0,,,,,,,2,NO INDICATION OF INJURY,0.0,0.0,0.0,0.0,0.0,2.0,0.0,15,5,6,41.9835140538,-87.6599625488,POINT (-87.659962548787 41.983514053772)
ca74520af0550f46ff07f68427a6e78fceda2feaef58b13bb0de45aa2cb987458a8123442f1fa2dbf926e8e046ed39a3b1e8140f66843f5427a88bba13140bcf,,04/11/2020 01:35:00 PM,15,NO CONTROLS,NO CONTROLS,CLEAR,DAYLIGHT,PARKED MOTOR VEHICLE,PARKING LOT,,STRAIGHT AND LEVEL,DRY,NO DEFECTS,ON SCENE,NO INJURY / DRIVE AWAY,,Y,Y,"OVER $1,500",04/11/2020 02:00:00 PM,IMPROPER BACKING,IMPROPER LANE USAGE,6057,N,LINCOLN AVE,1711.0,,,,,,,2,NO INDICATION OF INJURY,0.0,0.0,0.0,0.0,0.0,1.0,0.0,13,7,4,41.9918656495,-87.7095450826,POINT (-87.709545082613 41.991865649518)
63d8609e0124e8a92b622dd81008c7c02747660ef8c2d22901be8425299e3b9e4100ecf0dde26757dde6e7d7dcf5875789d5341408ac8f46bf38bb6c0c9c6139,,05/12/2022 07:58:00 AM,10,NO CONTROLS,NO CONTROLS,CLEAR,DAYLIGHT,TURNING,OTHER,,STRAIGHT AND LEVEL,DRY,NO DEFECTS,ON SCENE,INJURY AND / OR TOW DUE TO CRASH,,,,"OVER $1,500",05/12/2022 08:01:00 AM,UNABLE TO DETERMINE,UNABLE TO DETERMINE,1441,W,119TH ST,524.0,,,,,,,2,"REPORTED, NOT EVIDENT",1.0,0.0,0.0,0.0,1.0,4.0,0.0,7,5,5,41.6774778561,-87.658120109,POINT (-87.658120109005 41.677477856133)
6bc68e53f5d28ca45a2d167a123bbb06c538ff34fa22967b677af0f17f9ded54b7d64284ee563448109f8b20436220eba9dfee3754a1b324bab6eb3e1bf13b14,,09/08/2020 09:17:00 PM,25,NO CONTROLS,NO CONTROLS,CLEAR,"DARKNESS, LIGHTED ROAD",PARKED MOTOR VEHICLE,ONE-WAY,,STRAIGHT AND LEVEL,WET,NO DEFECTS,ON SCENE,NO INJURY / DRIVE AWAY,,,Y,"OVER $1,500",09/08/2020 09:18:00 PM,FAILING TO REDUCE SPEED TO AVOID CRASH,UNABLE TO DETERMINE,3329,W,OHIO ST,1121.0,,,,,,,2,NO INDICATION OF INJURY,0.0,0.0,0.0,0.0,0.0,1.0,0.0,21,3,9,41.8917469462,-87.7100461927,POINT (-87.710046192656 41.891746946209)
57d523d4c72eca61897be57a37918831e47cd7809b9bf94c902ca7ef416045f3f34c7c6b627643c5d90cc0b1bc28ef7e5d9809fa64390d1ca3e59ed0b4637efe,,09/17/2023 01:30:00 AM,30,NO CONTROLS,NO CONTROLS,CLEAR,"DARKNESS, LIGHTED ROAD",SIDESWIPE SAME DIRECTION,DIVIDED - W/MEDIAN (NOT RAISED),,STRAIGHT AND LEVEL,DRY,NO DEFECTS,NOT ON SCENE (DESK REPORT),NO INJURY / DRIVE AWAY,,,Y,"OVER $1,500",09/17/2023 02:00:00 AM,UNABLE TO DETERMINE,NOT APPLICABLE,2400,W,55TH ST,923.0,,,,,,,2,NO INDICATION OF INJURY,0.0,0.0,0.0,0.0,0.0,3.0,0.0,1,1,9,41.7939813466,-87.6841417413,POINT (-87.684141741284 41.793981346574)
3e464163497aa274a033fa7404425c286b8991f821d7b49a2853175ff5f7225b5880c38e2c70bceb0518674a8da38c5eae0ff10512f26545780e29043ece874f,,07/29/2023 04:25:00 PM,30,NO CONTROLS,NO CONTROLS,CLEAR,DAYLIGHT,PARKED MOTOR VEHICLE,NOT DIVIDED,,STRAIGHT AND LEVEL,DRY,UNKNOWN,ON SCENE,INJURY AND / OR TOW DUE TO CRASH,,,,"OVER $1,500",07/29/2023 04:27:00 PM,FAILING TO REDUCE SPEED TO AVOID CRASH,NOT APPLICABLE,5920,S,PAYNE DR,233.0,,,,,,,2,NONINCAPACITATING INJURY,3.0,0.0,0.0,1.0,2.0,0.0,0.0,16,7,7,41.7870014294,-87.6073776722,POINT (-87.607377672163 41.7870014294)
f74003c5af4242c8745beaa154543c338729673957f99755a9239aea041b8a609c081ff4029541aab27f745f85c77550639bf1ccf25ecdb2532a273dbda77741,,02/03/2020 08:00:00 AM,30,NO CONTROLS,NO CONTROLS,CLEAR,DAYLIGHT,PARKED MOTOR VEHICLE,NOT DIVIDED,,STRAIGHT AND LEVEL,DRY,NO DEFECTS,NOT ON SCENE (DESK REPORT),NO INJURY / DRIVE AWAY,,,Y,"OVER $1,500",02/05/2020 09:59:00 AM,UNABLE TO DETERMINE,UNABLE TO DETERMINE,3906,W,FERDINAND ST,1122.0,,,,,,,3,NO INDICATION OF INJURY,0.0,0.0,0.0,0.0,0.0,1.0,0.0,8,2,2,41.8899922969,-87.7238221567,POINT (-87.72382215673 41.889992296903)
95f01a332890d6d51353840c7914d43ab799c8dc659aca10db2191c3e737b85ce8143a46bfb8720ce7df8131665ac9e991b88e63856bc68d0520043b0dd2ff85,,11/01/2017 02:35:00 PM,30,TRAFFIC SIGNAL,FUNCTIONING PROPERLY,RAIN,DAYLIGHT,REAR END,DIVIDED - W/MEDIAN (NOT RAISED),4,STRAIGHT AND LEVEL,WET,NO DEFECTS,ON SCENE,NO INJURY / DRIVE AWAY,,,Y,"OVER $1,500",11/01/2017 03:00:00 PM,FAILING TO REDUCE SPEED TO AVOID CRASH,UNABLE TO DETERMINE,11102,S,PULASKI RD,2211.0,,,,,,,2,NO INDICATION OF INJURY,0.0,0.0,0.0,0.0,0.0,2.0,0.0,14,4,11,41.691052662,-87.7204537422,POINT (-87.720453742212 41.691052662019)
98a98d7d16ccfca3c231b55a5c27e1869edc6fe9e4033addb3d371c2bd9272956bad2a73dfc96d0d0055ebc156c60feda5d58b5721a13253c52cf0cf3ba6f89d,,07/03/2023 04:00:00 PM,30,TRAFFIC SIGNAL,FUNCTIONING PROPERLY,CLEAR,DAYLIGHT,SIDESWIPE SAME DIRECTION,OTHER,,STRAIGHT AND LEVEL,DRY,NO DEFECTS,NOT ON SCENE (DESK REPORT),NO INJURY / DRIVE AWAY,Y,,Y,"OVER $1,500",07/04/2023 12:45:00 PM,DRIVING SKILLS/KNOWLEDGE/EXPERIENCE,UNABLE TO DETERMINE,1200,S,STATE ST,131.0,,,,,,,2,NO INDICATION OF INJURY,0.0,0.0,0.0,0.0,0.0,2.0,0.0,16,2,7,41.8673305109,-87.6275660197,POINT (-87.62756601972 41.867330510881)
4778020e840b7990734570199ae971175e2b8520baef58c0732964a5126414800d768fba277b2f885bf8b812b2b9153fa8b63b04fc0597fae44fa3879bca1661,,08/11/2018 01:25:00 PM,30,TRAFFIC SIGNAL,FUNCTIONING PROPERLY,CLEAR,DAYLIGHT,ANGLE,DIVIDED - W/MEDIAN (NOT RAISED),2,STRAIGHT AND LEVEL,DRY,NO DEFECTS,ON SCENE,INJURY AND / OR TOW DUE TO CRASH,Y,,,"OVER $1,500",08/11/2018 01:26:00 PM,FAILING TO REDUCE SPEED TO AVOID CRASH,DISREGARDING OTHER TRAFFIC SIGNS,7300,S,DR MARTIN LUTHER KING JR DR,323.0,,,,,,,2,"REPORTED, NOT EVIDENT",1.0,0.0,0.0,0.0,1.0,1.0,0.0,13,7,8,41.7619666969,-87.6153505183,POINT (-87.615350518276 41.761966696864)
b2872690bde921389f2b2b028ec540abcc8fc76c912e2b8e0a43bb26b6f93180a67783d3deb3155d6769079bd8ceefa76c068598b90399e637d3c59fc9a96267,,03/15/2020 01:00:00 AM,30,NO CONTROLS,NO CONTROLS,CLEAR,"DARKNESS, LIGHTED ROAD",PARKED MOTOR VEHICLE,ONE-WAY,,STRAIGHT AND LEVEL,DRY,NO DEFECTS,NOT ON SCENE (DESK REPORT),NO INJURY / DRIVE AWAY,,,Y,"OVER $1,500",03/15/2020 12:38:00 PM,UNABLE TO DETERMINE,NOT APPLICABLE,1358,N,CAMPBELL AVE,1423.0,,,,,,,2,NO INDICATION OF INJURY,0.0,0.0,0.0,0.0,0.0,3.0,0.0,1,1,3,41.9065500387,-87.6897276033,POINT (-87.689727603284 41.906550038669)
8c0ec037924650bdb37e308396c3faf46d369a7225f1dc64a6bc6d64109237aeb803f2a9604e24aefddc3e6ef704aa3a2cfbed47e9d0e3012c8d36cca809b667,,08/21/2023 12:30:00 PM,30,NO CONTROLS,NO CONTROLS,CLEAR,DAYLIGHT,REAR END,NOT DIVIDED,,STRAIGHT AND LEVEL,DRY,NO DEFECTS,NOT ON SCENE (DESK REPORT),NO INJURY / DRIVE AWAY,,,,"OVER $1,500",08/21/2023 01:00:00 PM,FOLLOWING TOO CLOSELY,UNABLE TO DETERMINE,4504,W,BELMONT AVE,1731.0,,,,,,,2,NO INDICATION OF INJURY,0.0,0.0,0.0,0.0,0.0,2.0,0.0,12,2,8,41.9390353421,-87.739716467,POINT (-87.739716466962 41.939035342146)
86822162d1988c1ed2c02bb2ddff855643ac60fb8476a753c0d2901c4623461c349a912c863d95877f6ee9f32c6c42db5316789065debede7e52e11978b1fb48,,07/05/2024 03:20:00 PM,30,NO CONTROLS,NO CONTROLS,CLEAR,DAYLIGHT,REAR END,ONE-WAY,,STRAIGHT AND LEVEL,DRY,UNKNOWN,ON SCENE,NO INJURY / DRIVE AWAY,,,,"$501 - $1,500",07/05/2024 03:30:00 PM,UNABLE TO DETERMINE,UNABLE TO DETERMINE,3713,W,LEXINGTON ST,1133.0,,,,,,,2,NO INDICATION OF INJURY,0.0,0.0,0.0,0.0,0.0,3.0,0.0,15,6,7,41.8716194238,-87.7186149454,POINT (-87.718614945441 41.87161942381)
3b1ef946654209e6af953993543982ce427bd68bcfe161acccc1c29f08dd8736a5aec98c06aa27954c223d4b1329d08c4dedf7c90b4124293a8085a025ba507f,,06/28/2024 02:30:00 PM,30,STOP SIGN/FLASHER,NO CONTROLS,CLOUDY/OVERCAST,DAYLIGHT,TURNING,T-INTERSECTION,,STRAIGHT AND LEVEL,WET,NO DEFECTS,NOT ON SCENE (DESK REPORT),NO INJURY / DRIVE AWAY,Y,,,"$501 - $1,500",06/29/2024 01:15:00 PM,UNABLE TO DETERMINE,UNABLE TO DETERMINE,701,S,LOOMIS ST,1231.0,,,,,,,2,NO INDICATION OF INJURY,0.0,0.0,0.0,0.0,0.0,2.0,0.0,14,6,6,41.873128364,-87.6616091397,POINT (-87.661609139692 41.873128364033)
369ffb6131d189aa9e08974aa09754fa40a0ec7d9b2164336d5cf899beed8b3f59fa36071cc9be5d70af4a951ac87dc2053d0c11c78515aaa535d040dea8010b,,10/27/2016 02:00:00 PM,30,TRAFFIC SIGNAL,FUNCTIONING PROPERLY,CLEAR,DAYLIGHT,REAR END,NOT DIVIDED,2,STRAIGHT AND LEVEL,DRY,NO DEFECTS,NOT ON SCENE (DESK REPORT),NO INJURY / DRIVE AWAY,,,,"OVER $1,500",10/28/2016 12:10:00 PM,DISTRACTION - FROM INSIDE VEHICLE,DISTRACTION - FROM INSIDE VEHICLE,101,S,CENTRAL AVE,1522.0,,,,,,,2,NO INDICATION OF INJURY,0.0,0.0,0.0,0.0,0.0,2.0,0.0,14,5,10,41.8792086951,-87.7646806177,POINT (-87.764680617656 41.879208695073)