CRASH_RECORD_ID,CRASH_DATE_EST_I,CRASH_DATE,POSTED_SPEED_LIMIT,TRAFFIC_CONTROL_DEVICE,DEVICE_CONDITION,WEATHER_CONDITION,LIGHTING_CONDITION,FIRST_CRASH_TYPE,TRAFFICWAY_TYPE,LANE_CNT,ALIGNMENT,ROADWAY_SURFACE_COND,ROAD_DEFECT,REPORT_TYPE,CRASH_TYPE,INTERSECTION_RELATED_I,NOT_RIGHT_OF_WAY_I,HIT_AND_RUN_I,DAMAGE,DATE_POLICE_NOTIFIED,PRIM_CONTRIBUTORY_CAUSE,SEC_CONTRIBUTORY_CAUSE,STREET_NO,STREET_DIRECTION,STREET_NAME,BEAT_OF_OCCURRENCE,PHOTOS_TAKEN_I,STATEMENTS_TAKEN_I,DOORING_I,WORK_ZONE_I,WORK_ZONE_TYPE,WORKERS_PRESENT_I,NUM_UNITS,MOST_SEVERE_INJURY,INJURIES_TOTAL,INJURIES_FATAL,INJURIES_INCAPACITATING,INJURIES_NON_INCAPACITATING,INJURIES_REPORTED_NOT_EVIDENT,INJURIES_NO_INDICATION,INJURIES_UNKNOWN,CRASH_HOUR,CRASH_DAY_OF_WEEK,CRASH_MONTH,LATITUDE,LONGITUDE,LOCATION
aaaefd148d5286df9cc03150cb51b36e91cd79ee02af1ddbbfb8061c9c27e15ac489473c832d15a4c7aef2ee3ef58107409f59694b61a4ee9236067342c12558,,10/23/2024 11:45:00 AM,30,OTHER,FUNCTIONING PROPERLY,CLEAR,DAYLIGHT,FIXED OBJECT,T-INTERSECTION,,STRAIGHT AND LEVEL,DRY,NO DEFECTS,ON SCENE,NO INJURY / DRIVE AWAY,,Y,,"OVER $1,500",10/23/2024 02:00:00 PM,NOT APPLICABLE,NOT APPLICABLE,833,W,OHARE ST,1654.0,,,,,,,1,NO INDICATION OF INJURY,0.0,0.0,0.0,0.0,0.0,1.0,0.0,11,4,10,,,
13a55271fa4886be76ecd0de07d835bf4adaf5809280041030bf9da0a24f736c14efee000a10d4870420d17535d10b271617b8776efc44bc334abd5004c4552b,,03/01/2017 07:30:00 AM,30,NO CONTROLS,NO CONTROLS,CLOUDY/OVERCAST,DAWN,SIDESWIPE SAME DIRECTION,DIVIDED - W/MEDIAN (NOT RAISED),,STRAIGHT AND LEVEL,DRY,UNKNOWN,NOT ON SCENE (DESK REPORT),NO INJURY / DRIVE AWAY,,,Y,"OVER $1,500",03/01/2017 08:00:00 AM,DRIVING ON WRONG SIDE/WRONG WAY,DRIVING SKILLS/KNOWLEDGE/EXPERIENCE,10030,S,VINCENNES AVE,2213.0,,,,,,,2,NO INDICATION OF INJURY,0.0,0.0,0.0,0.0,0.0,2.0,0.0,7,4,3,,,
bcae51f9e33db0aa91560d2921a7281d88c3283e0016c7e0412cda496bce97a02c39d5ad8619b36ded4fd70d96175c9d7153816a00ce6a20df1e415d0c0b6333,,06/26/2018 01:15:00 PM,30,NO CONTROLS,NO CONTROLS,CLEAR,DAYLIGHT,FIXED OBJECT,DIVIDED - W/MEDIAN (NOT RAISED),,STRAIGHT AND LEVEL,DRY,NO DEFECTS,NOT ON SCENE (DESK REPORT),NO INJURY / DRIVE AWAY,,,,"$501 - $1,500",06/26/2018 04:15:00 PM,UNABLE TO DETERMINE,NOT APPLICABLE,1665,N,MILWAUKEE AVE,1434.0,,,,,,,1,NO INDICATION OF INJURY,0.0,0.0,0.0,0.0,0.0,1.0,0.0,13,3,6,41.9117443853,-87.6793510181,POINT (-87.679351018082 41.911744385303)
5b7529eaa42643b2f2e9cfb8531e34818d672059993659d2d1926bb2bb58d2541e0d59b4e9acc1ebedc59e50ed48251b9579aec66663b47b16ef54f2c90f85b6,,09/17/2021 07:45:00 PM,35,NO CONTROLS,NO CONTROLS,RAIN,"DARKNESS, LIGHTED ROAD",REAR END,NOT DIVIDED,,STRAIGHT AND LEVEL,WET,NO DEFECTS,ON SCENE,INJURY AND / OR TOW DUE TO CRASH,Y,,,"OVER $1,500",09/17/2021 08:03:00 PM,FOLLOWING TOO CLOSELY,NOT APPLICABLE,7442,W,FOREST PRESERVE AVE,1631.0,,,,,,,2,NO INDICATION OF INJURY,0.0,0.0,0.0,0.0,0.0,2.0,0.0,19,6,9,41.9509151291,-87.813569249,POINT (-87.813569249018 41.95091512914)
bef400118819d0ba38f1396c1d4e0a1f4bd166429efef87719fa2922b0ee3d0b4443b9897e99616bc731dda0ab7b0d1b8b83e0300578d2c12e003a7a2f1a68b4,,05/28/2017 12:40:00 PM,30,TRAFFIC SIGNAL,FUNCTIONING PROPERLY,CLEAR,DAYLIGHT,REAR END,NOT DIVIDED,,STRAIGHT AND LEVEL,DRY,NO DEFECTS,NOT ON SCENE (DESK REPORT),NO INJURY / DRIVE AWAY,Y,,,"OVER $1,500",07/01/2017 06:45:00 PM,UNABLE TO DETERMINE,UNABLE TO DETERMINE,799,N,ORLEANS ST,1831.0,,,,,,,2,NO INDICATION OF INJURY,0.0,0.0,0.0,0.0,0.0,2.0,0.0,12,1,5,41.8965031108,-87.6370235709,POINT (-87.637023570947 41.896503110759)
0a197841ee1f3987a5e49d69557c99a9beff283f08620a8abced7eff135c51108830e45b2353e71970b50556e7923f5995d4e6bc158b4784dc74a75588c4362e,,12/01/2021 12:00:00 AM,30,NO CONTROLS,NO CONTROLS,CLEAR,"DARKNESS, LIGHTED ROAD",SIDESWIPE SAME DIRECTION,ONE-WAY,,STRAIGHT AND LEVEL,DRY,NO DEFECTS,ON SCENE,INJURY AND / OR TOW DUE TO CRASH,,,N,"OVER $1,500",12/01/2021 12:15:00 AM,NOT APPLICABLE,NOT APPLICABLE,7910,S,LAFAYETTE AVE,623.0,,,,,,,2,NO INDICATION OF INJURY,0.0,0.0,0.0,0.0,0.0,2.0,0.0,0,4,12,41.7505232231,-87.6259530958,POINT (-87.625953095829 41.750523223106)
c495820b401e6421980352f910b64aae6496fad5d29372ad4272a367dee562b4f6b206dca338620ee03874c169f578dcff91fe38a4d7c9bd9b1b3b11ee601e25,,09/16/2019 01:00:00 PM,30,STOP SIGN/FLASHER,OTHER,CLEAR,DAYLIGHT,ANGLE,NOT DIVIDED,,STRAIGHT AND LEVEL,DRY,NO DEFECTS,NOT ON SCENE (DESK REPORT),NO INJURY / DRIVE AWAY,,,,"$501 - $1,500",09/16/2019 01:45:00 PM,FAILING TO YIELD RIGHT-OF-WAY,NOT APPLICABLE,400,S,GREEN ST,1232.0,,,,,,,2,NO INDICATION OF INJURY,0.0,0.0,0.0,0.0,0.0,4.0,0.0,13,2,9,41.8766206901,-87.6485138566,POINT (-87.648513856602 41.876620690071)
1be282602ff8ca6b850209cae4993b37ad9567c7cddc5a344b41f9b31316a2ead1d1456cece3e5f7cff45e7635063346734995ec6d59324993ea6006ec6e48aa,,08/30/2021 12:00:00 PM,30,NO CONTROLS,NO CONTROLS,CLEAR,DAYLIGHT,REAR TO FRONT,PARKING LOT,,STRAIGHT AND LEVEL,DRY,NO DEFECTS,NOT ON SCENE (DESK REPORT),NO INJURY / DRIVE AWAY,,Y,,"OVER $1,500",08/30/2021 06:34:00 PM,NOT APPLICABLE,NOT APPLICABLE,1938,W,47TH ST,924.0,,,,,,,2,NO INDICATION OF INJURY,0.0,0.0,0.0,0.0,0.0,2.0,0.0,12,2,8,41.80862844,-87.6737871587,POINT (-87.673787158686 41.808628440005)
ea6d2fc1f061fb3e2afff3357905d5f193ca2e7a0c066f54d93e6535218ad024ffeffadaf527f3b1f49f328d8a54f75698ca3fbe48b0d12e147c840ed7901dd9,,03/13/2025 04:45:00 PM,30,TRAFFIC SIGNAL,FUNCTIONING PROPERLY,CLEAR,DAYLIGHT,REAR END,DIVIDED - W/MEDIAN (NOT RAISED),,STRAIGHT AND LEVEL,DRY,NO DEFECTS,NOT ON SCENE (DESK REPORT),NO INJURY / DRIVE AWAY,Y,,,"$501 - $1,500",03/13/2025 05:15:00 PM,UNABLE TO DETERMINE,NOT APPLICABLE,4042,W,FOSTER AVE,1712.0,,,,,,,2,NO INDICATION OF INJURY,0.0,0.0,0.0,0.0,0.0,2.0,0.0,16,5,3,41.9756241124,-87.7298445616,POINT (-87.72984456157 41.975624112446)
339d9a25f45a4433860965994145f0c220068d89c1898150292d1527fc6ff9d7d632530f27ccfeadd37e7c95c481bf9718b081ced62a24a40d32b212caa36770,N,01/23/2021 01:50:00 AM,20,NO CONTROLS,NO CONTROLS,CLEAR,"DARKNESS, LIGHTED ROAD",PARKED MOTOR VEHICLE,ONE-WAY,,STRAIGHT AND LEVEL,DRY,NO DEFECTS,ON SCENE,NO INJURY / DRIVE AWAY,,,,$500 OR LESS,01/23/2021 02:07:00 AM,IMPROPER BACKING,NOT APPLICABLE,3453,W,CATALPA AVE,1712.0,,,,,,,2,NO INDICATION OF INJURY,0.0,0.0,0.0,0.0,0.0,1.0,0.0,1,7,1,41.9810538507,-87.7158177288,POINT (-87.715817728753 41.981053850719)
55e46e811808c4bb0a6c6757fab2fc23f705327ea697a306cfb62ceb126814f665ed3970b175968c849ffb3f6ddd3248e9940b0ac9b5938a37a0338a39b532a5,,09/12/2023 08:00:00 AM,30,UNKNOWN,UNKNOWN,CLEAR,UNKNOWN,FIXED OBJECT,UNKNOWN,,STRAIGHT AND LEVEL,UNKNOWN,UNKNOWN,NOT ON SCENE (DESK REPORT),NO INJURY / DRIVE AWAY,,,,"$501 - $1,500",09/12/2023 08:00:00 AM,UNABLE TO DETERMINE,UNABLE TO DETERMINE,2255,E,103RD ST,434.0,,,,,,,1,NO INDICATION OF INJURY,0.0,0.0,0.0,0.0,0.0,1.0,0.0,8,3,9,41.7079332906,-87.5683491228,POINT (-87.568349122821 41.707933290572)
b05bc7adf9a3150b48a94ed52a55b29733c4a157c11dbbff3beb87bbc40a71eb0465a178f32ca6c4d25d230e42e6c50c0e15ac19aaf0b4b36404fd4ace9711b1,,09/08/2018 03:20:00 AM,30,TRAFFIC SIGNAL,FUNCTIONING PROPERLY,CLEAR,"DARKNESS, LIGHTED ROAD",TURNING,NOT DIVIDED,2,STRAIGHT AND LEVEL,DRY,NO DEFECTS,ON SCENE,INJURY AND / OR TOW DUE TO CRASH,Y,,,"OVER $1,500",09/08/2018 03:20:00 AM,DISREGARDING OTHER TRAFFIC SIGNS,FAILING TO YIELD RIGHT-OF-WAY,7900,S,SOUTH CHICAGO AVE,411.0,,,,,,,2,NONINCAPACITATING INJURY,1.0,0.0,0.0,1.0,0.0,3.0,0.0,3,7,9,41.7513397046,-87.5856322657,POINT (-87.585632265652 41.751339704589)
6ad2af00c22c391b7334d23a2bcd4187993440c02b98a9f4ad3c5ffd027cca1a8b1482e1ffee778e20db9d32637ebe85bfec09c8bb42753536d3cb3c65ac4f29,,08/22/2017 02:00:00 PM,30,NO CONTROLS,NO CONTROLS,CLEAR,DAYLIGHT,PARKED MOTOR VEHICLE,DIVIDED - W/MEDIAN BARRIER,3,STRAIGHT AND LEVEL,DRY,NO DEFECTS,NOT ON SCENE (DESK REPORT),NO INJURY / DRIVE AWAY,,,Y,"OVER $1,500",08/30/2017 10:12:00 PM,UNABLE TO DETERMINE,UNABLE TO DETERMINE,8915,S,STONY ISLAND AVE,413.0,,,,,,,2,NO INDICATION OF INJURY,0.0,0.0,0.0,0.0,0.0,1.0,0.0,14,3,8,41.7328693696,-87.5849748024,POINT (-87.584974802365 41.732869369592)
540823c9684c5f355eb18f078610a8694234176a891c19a7e664c09349a4fc01b41768cacdf00d3e4d6ea39f2bf86a9b784ad64731a015b07e7650aa18bf4dee,N,08/25/2019 03:07:00 AM,30,TRAFFIC SIGNAL,FUNCTIONING PROPERLY,CLEAR,"DARKNESS, LIGHTED ROAD",TURNING,FOUR WAY,,STRAIGHT AND LEVEL,DRY,NO DEFECTS,ON SCENE,NO INJURY / DRIVE AWAY,,,Y,"OVER $1,500",08/25/2019 03:11:00 AM,DISREGARDING TRAFFIC SIGNALS,NOT APPLICABLE,1400,W,ROOSEVELT RD,1231.0,,,,,,,2,NO INDICATION OF INJURY,0.0,0.0,0.0,0.0,0.0,3.0,0.0,3,1,8,41.8670255768,-87.6616939282,POINT (-87.661693928166 41.867025576798)
3c51ad2825851d84d8ed5d2bc1ef2b996837a383a256541a5fef0fa22591b6651027282c24e618ccdb53e1e6ab7394e513dabc4f25f089675cbcdd0a1f9d63d6,,04/29/2025 07:42:00 AM,30,TRAFFIC SIGNAL,FUNCTIONING PROPERLY,CLEAR,DAYLIGHT,TURNING,FOUR WAY,,STRAIGHT AND LEVEL,DRY,NO DEFECTS,ON SCENE,NO INJURY / DRIVE AWAY,Y,,,"OVER $1,500",04/29/2025 07:45:00 AM,IMPROPER TURNING/NO SIGNAL,DRIVING SKILLS/KNOWLEDGE/EXPERIENCE,899,S,STATE ST,123.0,,,,,,,3,NO INDICATION OF INJURY,0.0,0.0,0.0,0.0,0.0,3.0,0.0,7,3,4,41.8705989151,-87.6273484835,POINT (-87.62734848348 41.870598915145)
99a3d39a4cfc1e71de3b3ff69192fb66ac680132e051a49fb931bf7723b869adb340d16472b247d4f2a7e9173bed133e86e1ab523da2607614e00245f4cdf890,,05/24/2018 08:55:00 AM,30,NO CONTROLS,NO CONTROLS,CLEAR,DAYLIGHT,PARKED MOTOR VEHICLE,UNKNOWN,,STRAIGHT AND LEVEL,DRY,UNKNOWN,,NO INJURY / DRIVE AWAY,,,Y,"OVER $1,500",05/24/2018 03:30:00 PM,FOLLOWING TOO CLOSELY,NOT APPLICABLE,125,W,OAK ST,1832.0,,,,,,,2,NO INDICATION OF INJURY,0.0,0.0,0.0,0.0,0.0,1.0,0.0,8,5,5,41.9004259368,-87.6324924843,POINT (-87.632492484342 41.900425936783)
7148f5452c6a7d6488411225910216624df3d9d01117e24724cb712c226143763b5f3a3fe89e5e5dfd5980e9da38a694b571e9e1f0c5846c6a8ae7ea7136bb97,,11/08/2016 10:15:00 AM,30,NO CONTROLS,NO CONTROLS,CLEAR,DAYLIGHT,SIDESWIPE SAME DIRECTION,ONE-WAY,3,STRAIGHT AND LEVEL,DRY,NO DEFECTS,NOT ON SCENE (DESK REPORT),NO INJURY / DRIVE AWAY,,,,"$501 - $1,500",11/09/2016 11:50:00 AM,FAILING TO YIELD RIGHT-OF-WAY,FAILING TO YIELD RIGHT-OF-WAY,440,S,LA SALLE ST,122.0,,,,,,,2,NO INDICATION OF INJURY,0.0,0.0,0.0,0.0,0.0,2.0,0.0,10,3,11,41.87588847,-87.6318847212,POINT (-87.631884721199 41.875888470041)
bd677e187356e30cb42685f90f4a83f617972fc3951b5d9f177c2517868e6bf128d8f803af5d454f7c6aacf45149b14cd75b1e310e5a1389937103ba049f2f04,,02/03/2019 02:00:00 PM,30,UNKNOWN,UNKNOWN,UNKNOWN,UNKNOWN,PARKED MOTOR VEHICLE,NOT DIVIDED,,STRAIGHT AND LEVEL,UNKNOWN,UNKNOWN,NOT ON SCENE (DESK REPORT),NO INJURY / DRIVE AWAY,,,Y,"OVER $1,500",02/03/2019 03:00:00 PM,UNABLE TO DETERMINE,UNABLE TO DETERMINE,1129,S,RICHMOND ST,1135.0,,,,,,,2,NO INDICATION OF INJURY,0.0,0.0,0.0,0.0,0.0,1.0,0.0,14,1,2,41.8673843483,-87.6994468869,POINT (-87.699446886885 41.867384348303)
2343784e626065353fb0e885db2e78eea9b19e3852972cb941eb5257fac9a0908e217218095718549e356346ae2fbf5867d9e92928f422fd1a02587788a24747,,07/29/2017 07:30:00 PM,30,NO CONTROLS,NO CONTROLS,CLEAR,DUSK,TURNING,NOT DIVIDED,2,STRAIGHT AND LEVEL,DRY,NO DEFECTS,NOT ON SCENE (DESK REPORT),NO INJURY / DRIVE AWAY,N,,,"OVER $1,500",07/29/2017 09:50:00 PM,IMPROPER LANE USAGE,DRIVING ON WRONG SIDE/WRONG WAY,4483,W,LAWRENCE AVE,1722.0,,,,,,,2,NO INDICATION OF INJURY,0.0,0.0,0.0,0.0,0.0,4.0,0.0,19,7,7,41.9679881699,-87.741225905,POINT (-87.74122590499 41.967988169917)
0c373bad87229851788011187bf9a8f902ee4c16f83f1899cacff81da7ab4bf485bdb168da26bd616bb3f0b87c0c10f194ab8bb20ef9fde857d440d6bd1cc432,,10/02/2020 10:56:00 AM,30,TRAFFIC SIGNAL,FUNCTIONING PROPERLY,CLEAR,DAYLIGHT,REAR END,NOT DIVIDED,,STRAIGHT AND LEVEL,DRY,NO DEFECTS,ON SCENE,INJURY AND / OR TOW DUE TO CRASH,Y,,,"OVER $1,500",10/02/2020 11:05:00 AM,FOLLOWING TOO CLOSELY,DRIVING SKILLS/KNOWLEDGE/EXPERIENCE,6959,N,CALIFORNIA AVE,2411.0,,,,,,,2,NO INDICATION OF INJURY,0.0,0.0,0.0,0.0,0.0,3.0,0.0,10,6,10,42.0084154801,-87.699625812,POINT (-87.69962581196 42.008415480127)
972981c73a177cd2031398e9d57808270910728dae01b315bc163bc16375b8d5de1f6857a0699e63faf4045e86b0c6c74c52500422e5194628c109de7016128c,,08/18/2025 03:15:00 AM,30,TRAFFIC SIGNAL,FUNCTIONING PROPERLY,CLEAR,"DARKNESS, LIGHTED ROAD",ANGLE,DIVIDED - W/MEDIAN (NOT RAISED),,STRAIGHT AND LEVEL,DRY,NO DEFECTS,ON SCENE,INJURY AND / OR TOW DUE TO CRASH,Y,,Y,"OVER $1,500",08/18/2025 03:15:00 AM,DISREGARDING OTHER TRAFFIC SIGNS,NOT APPLICABLE,4800,W,LEXINGTON ST,1533.0,,Y,,,,,2,NONINCAPACITATING INJURY,1.0,0.0,0.0,1.0,0.0,1.0,0.0,3,2,8,41.8712890495,-87.7450014716,POINT (-87.745001471603 41.871289049458)
1ec3b9ee90fb8fdea24e3933678ccb4df92e6a33db2db05094839e9849818f2bc25d3aa85e7c253289888966f677d4d1bd34a58908a474276580ca82eed9ea12,,04/18/2018 11:40:00 AM,30,STOP SIGN/FLASHER,NO CONTROLS,CLEAR,DAYLIGHT,REAR END,NOT DIVIDED,2,STRAIGHT AND LEVEL,DRY,UNKNOWN,ON SCENE,INJURY AND / OR TOW DUE TO CRASH,Y,,,"OVER $1,500",04/18/2018 11:44:00 AM,UNABLE TO DETERMINE,UNABLE TO DETERMINE,1409,N,LARAMIE AVE,2533.0,,,,,,,2,"REPORTED, NOT EVIDENT",1.0,0.0,0.0,0.0,1.0,2.0,0.0,11,4,4,41.9061917823,-87.7557204022,POINT (-87.755720402181 41.906191782267)
de8922888129baccd2710059c8e71abfe81b261f1fce0f85022b2a700ddd5426f4abd3c00ba37c2249db0b96edf09d631842524b749494ed1437397153bf623f,,06/20/2022 06:35:00 PM,30,STOP SIGN/FLASHER,FUNCTIONING PROPERLY,CLEAR,DAYLIGHT,ANGLE,UNKNOWN INTERSECTION TYPE,,STRAIGHT AND LEVEL,DRY,NO DEFECTS,ON SCENE,INJURY AND / OR TOW DUE TO CRASH,Y,,,"OVER $1,500",06/20/2022 06:38:00 PM,UNABLE TO DETERMINE,NOT APPLICABLE,200,N,KILBOURN AVE,1113.0,,,,,,,2,"REPORTED, NOT EVIDENT",2.0,0.0,0.0,0.0,2.0,2.0,0.0,18,2,6,41.88327916,-87.7381629642,POINT (-87.738162964219 41.883279160049)
68532c2a84dcd83c94dc0c6bda8df3dea451982c9c1b26ed965273fe7d3cdfbe01d78f61b339593ff923f1e3fcfdd6f966a1e57d332dca4ea0fa7a4e58111840,,10/02/2017 09:55:00 PM,30,TRAFFIC SIGNAL,UNKNOWN,CLEAR,"DARKNESS, LIGHTED ROAD",TURNING,NOT DIVIDED,2,STRAIGHT AND LEVEL,DRY,NO DEFECTS,ON SCENE,NO INJURY / DRIVE AWAY,Y,,,"OVER $1,500",10/02/2017 10:34:00 PM,UNABLE TO DETERMINE,UNABLE TO DETERMINE,2401,W,55TH ST,824.0,,,,,,,2,NO INDICATION OF INJURY,0.0,0.0,0.0,0.0,0.0,2.0,0.0,21,2,10,41.7937623542,-87.6841210953,POINT (-87.684121095297 41.793762354203)
523e7c64b2a00a6c06224f17922d98941af2a6d422999f6eb4a5533723b0f89c9718eb622112a125b563634d8d43e0c53dae4e86e0628688e32b87bd78b626d1,,04/13/2021 01:15:00 PM,30,TRAFFIC SIGNAL,FUNCTIONING PROPERLY,CLEAR,DAYLIGHT,TURNING,DIVIDED - W/MEDIAN (NOT RAISED),,STRAIGHT AND LEVEL,DRY,NO DEFECTS,ON SCENE,NO INJURY / DRIVE AWAY,,,,"OVER $1,500",04/13/2021 01:15:00 PM,"OPERATING VEHICLE IN ERRATIC, RECKLESS, CARELESS, NEGLIGENT OR AGGRESSIVE MANNER",FAILING TO YIELD RIGHT-OF-WAY,10258,S,WESTERN AVE,2211.0,,,,,,,2,NO INDICATION OF INJURY,0.0,0.0,0.0,0.0,0.0,2.0,0.0,13,3,4,41.7064645575,-87.6817700042,POINT (-87.681770004194 41.706464557469)
c392ceb0c37d663040c05796ac0189f8180b887523b3f83dbbad71fee473e0382af4d6511c7b560e5adb7f55993cbc0b4c96ed3860452c96911b31ca4508b24a,,06/07/2019 11:30:00 AM,15,NO CONTROLS,NO CONTROLS,CLEAR,DAYLIGHT,PEDESTRIAN,ALLEY,,STRAIGHT AND LEVEL,DRY,NO DEFECTS,ON SCENE,INJURY AND / OR TOW DUE TO CRASH,,Y,Y,"OVER $1,500",06/07/2019 11:31:00 AM,UNABLE TO DETERMINE,UNABLE TO DETERMINE,3712,W,58TH PL,822.0,,,,,,,3,INCAPACITATING INJURY,2.0,0.0,2.0,0.0,0.0,4.0,0.0,11,6,6,41.7870615343,-87.7162159342,POINT (-87.716215934237 41.78706153435)
98159c1093db937fc84f0cc5f0637e1c7fcd33601d6f4ef6896f907ecac4cdfb942f72bbc5679b79cf427956dbc87bde45b2a46fd551d15e6976012142387ccc,,06/07/2023 02:15:00 PM,30,NO CONTROLS,NO CONTROLS,CLEAR,DAYLIGHT,SIDESWIPE SAME DIRECTION,DIVIDED - W/MEDIAN (NOT RAISED),,STRAIGHT AND LEVEL,DRY,NO DEFECTS,NOT ON SCENE (DESK REPORT),NO INJURY / DRIVE AWAY,,,Y,"OVER $1,500",06/07/2023 02:45:00 PM,UNABLE TO DETERMINE,NOT APPLICABLE,10400,S,WESTERN AVE,2211.0,,,,,,,2,NO INDICATION OF INJURY,0.0,0.0,0.0,0.0,0.0,2.0,0.0,14,4,6,41.7044608908,-87.6817083517,POINT (-87.681708351662 41.704460890848)
478e9b023cf4c67ec15c7088185e1a9daa9de7fd914943da9fcd307c6344dadfef907a4257a4dee0669dba198830ddf721d49a772fd7ad079903b8e941b92e11,,09/14/2024 09:20:00 AM,25,NO CONTROLS,NO CONTROLS,CLEAR,DAYLIGHT,PARKED MOTOR VEHICLE,NOT DIVIDED,,STRAIGHT AND LEVEL,DRY,NO DEFECTS,ON SCENE,INJURY AND / OR TOW DUE TO CRASH,,,Y,"OVER $1,500",09/14/2024 09:31:00 AM,UNABLE TO DETERMINE,UNABLE TO DETERMINE,2110,S,CHRISTIANA AVE,1024.0,,,,,,,2,NO INDICATION OF INJURY,0.0,0.0,0.0,0.0,0.0,1.0,0.0,9,7,9,41.853229366,-87.7090986192,POINT (-87.709098619197 41.853229365972)
3e1b276db582b24dbc9ab1cb93814005028dac73dc77b6c3b89894b9829b5fb9ddbf8c298b38acc00d8d5fc62b90e4307a7ad589d51ff97929e052b403d50fc3,,11/01/2022 07:00:00 PM,30,UNKNOWN,UNKNOWN,UNKNOWN,UNKNOWN,REAR END,NOT DIVIDED,,STRAIGHT AND LEVEL,UNKNOWN,UNKNOWN,NOT ON SCENE (DESK REPORT),NO INJURY / DRIVE AWAY,,,Y,"OVER $1,500",11/01/2022 07:30:00 PM,UNABLE TO DETERMINE,UNABLE TO DETERMINE,5225,W,WASHINGTON BLVD,1522.0,,,,,,,2,NO INDICATION OF INJURY,0.0,0.0,0.0,0.0,0.0,2.0,0.0,19,3,11,41.8822451274,-87.7562938336,POINT (-87.756293833594 41.882245127363)
7f9ba92b9077829d4721222a1df7ce36e2866c87be98e0578becf23a710995e3c4cd80e13cc7a923ab7860368409d86f2dc8edd789d9a8cad39cc110234f0984,,03/15/2017 09:30:00 PM,30,NO CONTROLS,NO CONTROLS,CLEAR,"DARKNESS, LIGHTED ROAD",ANGLE,PARKING LOT,,STRAIGHT AND LEVEL,WET,NO DEFECTS,NOT ON SCENE (DESK REPORT),NO INJURY / DRIVE AWAY,,,,$500 OR LESS,03/18/2017 09:50:00 AM,UNABLE TO DETERMINE,UNABLE TO DETERMINE,2001,S,MICHIGAN AVE,132.0,,,,,,,2,NO INDICATION OF INJURY,0.0,0.0,0.0,0.0,0.0,2.0,0.0,21,4,3,41.855431999,-87.6237282156,POINT (-87.623728215571 41.855431999021)
5ba9121b22d3ddaa77f786d5f437f22c30211027939c51d3dc16678e8e34edb7d59827459b3d5a298e20f70770ab4e8a7598d18333ccd487ca7017267e180e72,,05/30/2020 05:00:00 PM,35,RAILROAD CROSSING GATE,UNKNOWN,UNKNOWN,DAYLIGHT,REAR END,DIVIDED - W/MEDIAN BARRIER,,STRAIGHT AND LEVEL,UNKNOWN,UNKNOWN,NOT ON SCENE (DESK REPORT),NO INJURY / DRIVE AWAY,,,,"$501 - $1,500",06/01/2020 11:20:00 AM,FOLLOWING TOO CLOSELY,UNABLE TO DETERMINE,13650,S,AVENUE O,433.0,,,,,,,2,NO INDICATION OF INJURY,0.0,0.0,0.0,0.0,0.0,3.0,0.0,17,7,5,41.6466754836,-87.5402310324,POINT (-87.540231032364 41.64667548359)
236f95edee8bf5b9dccbd1b30e7ebd9ccd75b11cfb13c76f50fe0e7793b2842d05cad05cbd53f4137baf1fb1cee5b7701eb0019b3e11fca81c7da1b8674a1f25,,04/05/2021 06:35:00 PM,30,NO CONTROLS,NO CONTROLS,CLEAR,DAYLIGHT,REAR END,NOT DIVIDED,,STRAIGHT AND LEVEL,DRY,NO DEFECTS,NOT ON SCENE (DESK REPORT),NO INJURY / DRIVE AWAY,,,,"$501 - $1,500",04/05/2021 06:40:00 PM,UNABLE TO DETERMINE,NOT APPLICABLE,1300,S,BLUE ISLAND AVE,1232.0,,,,,,,2,NO INDICATION OF INJURY,0.0,0.0,0.0,0.0,0.0,2.0,0.0,18,2,4,41.8655099428,-87.6548087106,POINT (-87.654808710583 41.86550994283)
825abf0b224e2350a631f390d856451f88e20b295308a7b5faa585c5a34234b46866f0e049bd86873c5eb06534cf1da76d1b689a6b7724ed40eed56cd3de17a5,,11/11/2021 06:08:00 PM,30,NO CONTROLS,NO CONTROLS,CLEAR,"DARKNESS, LIGHTED ROAD",SIDESWIPE SAME DIRECTION,NOT DIVIDED,,STRAIGHT AND LEVEL,DRY,NO DEFECTS,ON SCENE,NO INJURY / DRIVE AWAY,,,,"$501 - $1,500",11/11/2021 06:20:00 PM,FAILING TO YIELD RIGHT-OF-WAY,NOT APPLICABLE,6897,N,RIDGE BLVD,2424.0,,,,,,,2,NO INDICATION OF INJURY,0.0,0.0,0.0,0.0,0.0,2.0,0.0,18,5,11,42.0064103135,-87.6805703776,POINT (-87.680570377624 42.00641031353)
ed4c9cab77a9639b48dff9d2242478ceb03b828c937ba4d4cb957501bd9a51b8fee22bf730336ada45b0e70f5a0090880d15d32be61634a81e5180861a4a7a78,,01/17/2025 10:05:00 AM,30,TRAFFIC SIGNAL,FUNCTIONING PROPERLY,CLEAR,DAYLIGHT,PEDESTRIAN,FOUR WAY,,STRAIGHT AND LEVEL,OTHER,OTHER,ON SCENE,INJURY AND / OR TOW DUE TO CRASH,Y,,,"$501 - $1,500",01/17/2025 10:05:00 AM,NOT APPLICABLE,NOT APPLICABLE,6800,W,ADDISON ST,1632.0,,,,,,,2,"REPORTED, NOT EVIDENT",1.0,0.0,0.0,0.0,1.0,1.0,0.0,10,6,1,41.9455876398,-87.796051711,POINT (-87.796051711044 41.945587639762)