CRASH_RECORD_ID,CRASH_DATE_EST_I,CRASH_DATE,POSTED_SPEED_LIMIT,TRAFFIC_CONTROL_DEVICE,DEVICE_CONDITION,WEATHER_CONDITION,LIGHTING_CONDITION,FIRST_CRASH_TYPE,TRAFFICWAY_TYPE,LANE_CNT,ALIGNMENT,ROADWAY_SURFACE_COND,ROAD_DEFECT,REPORT_TYPE,CRASH_TYPE,INTERSECTION_RELATED_I,NOT_RIGHT_OF_WAY_I,HIT_AND_RUN_I,DAMAGE,DATE_POLICE_NOTIFIED,PRIM_CONTRIBUTORY_CAUSE,SEC_CONTRIBUTORY_CAUSE,STREET_NO,STREET_DIRECTION,STREET_NAME,BEAT_OF_OCCURRENCE,PHOTOS_TAKEN_I,STATEMENTS_TAKEN_I,DOORING_I,WORK_ZONE_I,WORK_ZONE_TYPE,WORKERS_PRESENT_I,NUM_UNITS,MOST_SEVERE_INJURY,INJURIES_TOTAL,INJURIES_FATAL,INJURIES_INCAPACITATING,INJURIES_NON_INCAPACITATING,INJURIES_REPORTED_NOT_EVIDENT,INJURIES_NO_INDICATION,INJURIES_UNKNOWN,CRASH_HOUR,CRASH_DAY_OF_WEEK,CRASH_MONTH,LATITUDE,LONGITUDE,LOCATION
f396d4c7976649ce0f643965acf8daae1774f193dbb46e9a19b3033e2793fa2c95afd6f078d2e7ad295bd22eefda5b17b2a2da8813e6793dbaeeee555ba4fecb,,08/03/2022 12:44:00 PM,35,NO CONTROLS,NO CONTROLS,CLEAR,DAYLIGHT,TURNING,T-INTERSECTION,,STRAIGHT AND LEVEL,DRY,NO DEFECTS,ON SCENE,INJURY AND / OR TOW DUE TO CRASH,Y,,,"$501 - $1,500",08/03/2022 01:11:00 PM,UNABLE TO DETERMINE,UNABLE TO DETERMINE,6659,S,KENWOOD AVE,321.0,,,,,,,2,NONINCAPACITATING INJURY,1.0,0.0,0.0,1.0,0.0,1.0,0.0,12,4,8,41.7733598651,-87.5927694905,POINT (-87.5927694905 41.773359865111)
530063188c014556079b875e606f376dc220ab043dce28aeead19fa6e6d88296122399ed0dbcde3923329f63c5951f903f065164a34f885afe8f44a1f215a13f,,05/18/2022 12:50:00 PM,30,TRAFFIC SIGNAL,FUNCTIONING PROPERLY,CLEAR,DAYLIGHT,ANGLE,FOUR WAY,,STRAIGHT AND LEVEL,UNKNOWN,UNKNOWN,ON SCENE,INJURY AND / OR TOW DUE TO CRASH,Y,,,"OVER $1,500",05/18/2022 04:39:00 PM,DISREGARDING TRAFFIC SIGNALS,NOT APPLICABLE,500,S,CONGRESS PLAZA DR,114.0,,,,,,,2,NO INDICATION OF INJURY,0.0,0.0,0.0,0.0,0.0,2.0,0.0,12,4,5,41.8756686762,-87.6234108185,POINT (-87.623410818474 41.875668676196)
93e8b4608e370e433d79ec54b8aacd5e72be67895f0925c50a8ead2dc1d85e9f8e63f0c4ec04fca56d2ed8eaf1ea3448d9e4f5742ceb55850f24c1420649311e,,10/22/2017 03:30:00 AM,30,NO CONTROLS,NO CONTROLS,CLEAR,"DARKNESS, LIGHTED ROAD",PARKED MOTOR VEHICLE,DIVIDED - W/MEDIAN (NOT RAISED),,STRAIGHT AND LEVEL,DRY,NO DEFECTS,ON SCENE,INJURY AND / OR TOW DUE TO CRASH,,,Y,"OVER $1,500",10/22/2017 03:35:00 AM,UNABLE TO DETERMINE,UNABLE TO DETERMINE,2026,W,71ST ST,735.0,,,,,,,2,NO INDICATION OF INJURY,0.0,0.0,0.0,0.0,0.0,1.0,0.0,3,1,10,41.7649102003,-87.674608818,POINT (-87.674608817986 41.764910200261)
bf8bb9b1eef6ed8919b921534680791c168794cb8fc80cdb35746dac05c6b37cf999ced6c07f096be7d9e2fdaf449fd361245f713efa0fb8545c68385ca61489,,12/22/2022 12:01:00 AM,25,NO CONTROLS,NO CONTROLS,UNKNOWN,UNKNOWN,PARKED MOTOR VEHICLE,NOT DIVIDED,,STRAIGHT AND LEVEL,UNKNOWN,UNKNOWN,NOT ON SCENE (DESK REPORT),NO INJURY / DRIVE AWAY,,,Y,"$501 - $1,500",12/22/2022 09:50:00 AM,UNABLE TO DETERMINE,UNABLE TO DETERMINE,2038,W,18TH ST,1234.0,,,,,,,2,NO INDICATION OF INJURY,0.0,0.0,0.0,0.0,0.0,1.0,0.0,0,5,12,41.8577534936,-87.6775648651,POINT (-87.677564865076 41.857753493553)
9fbca44a4671536b20f7f3262f30a996d8879990769b06148922772702a8c193642cdac7c899bd5f1674cfa8df1a40c9dc612015cdc0009261f7deaaa5a12e96,,02/06/2023 07:56:00 AM,35,NO CONTROLS,NO CONTROLS,CLEAR,DAYLIGHT,REAR END,DIVIDED - W/MEDIAN (NOT RAISED),,STRAIGHT AND LEVEL,DRY,NO DEFECTS,ON SCENE,INJURY AND / OR TOW DUE TO CRASH,,,,"OVER $1,500",02/06/2023 08:00:00 AM,UNABLE TO DETERMINE,NOT APPLICABLE,5601,S,RACINE AVE,712.0,,,,,,,2,NO INDICATION OF INJURY,0.0,0.0,0.0,0.0,0.0,8.0,0.0,7,2,2,41.7922569789,-87.6546796678,POINT (-87.654679667751 41.792256978909)
186ad1757aac42595cbd8d26ec1a0d8ca588e5d4eb55ac13f3889a6bb8f49250f24a59e7b32a6a3bd2c7c55204901fd57f4bc6b95bb87d7cd9be27985537ada2,,09/23/2022 05:20:00 PM,30,TRAFFIC SIGNAL,FUNCTIONING PROPERLY,CLEAR,DAYLIGHT,TURNING,NOT DIVIDED,,STRAIGHT AND LEVEL,DRY,NO DEFECTS,ON SCENE,INJURY AND / OR TOW DUE TO CRASH,Y,,Y,"OVER $1,500",09/23/2022 05:23:00 PM,IMPROPER TURNING/NO SIGNAL,IMPROPER OVERTAKING/PASSING,11500,S,WESTERN AVE,2212.0,,,,,,,2,NO INDICATION OF INJURY,0.0,0.0,0.0,0.0,0.0,3.0,0.0,17,6,9,41.6844127887,-87.6810710493,POINT (-87.681071049272 41.684412788735)
051ca3e75f0f3c6536271ad5d298781cb02fd1a55c466b5c073ca39fe3272a1ac8b253c3c4baa82cf90e487e47334f7bd9f6dd439ad0af79a2bbe2138be113f9,,12/27/2015 01:50:00 PM,5,NO CONTROLS,NO CONTROLS,CLEAR,DAYLIGHT,PARKED MOTOR VEHICLE,PARKING LOT,1,STRAIGHT AND LEVEL,WET,UNKNOWN,NOT ON SCENE (DESK REPORT),NO INJURY / DRIVE AWAY,,,,"$501 - $1,500",12/27/2015 03:07:00 PM,UNABLE TO DETERMINE,UNABLE TO DETERMINE,1932,E,75TH ST,333.0,,,,,,,2,NO INDICATION OF INJURY,0.0,0.0,0.0,0.0,0.0,1.0,0.0,13,1,12,41.7589735393,-87.5772991892,POINT (-87.577299189217 41.758973539258)
b314e61e97418f721c9f72ea8a3bea559d5b01b2bb7b57d61531ef8adc36c4d57922a1a73e54062238645350a464b0aca5d8f9f3e8cb019a6a73bb3fd7ef69a1,,01/10/2025 04:37:00 PM,30,TRAFFIC SIGNAL,UNKNOWN,SNOW,DARKNESS,REAR END,OTHER,,STRAIGHT AND LEVEL,SNOW OR SLUSH,UNKNOWN,NOT ON SCENE (DESK REPORT),NO INJURY / DRIVE AWAY,,,,"OVER $1,500",01/10/2025 07:05:00 PM,WEATHER,UNABLE TO DETERMINE,6000,N,WESTERN AVE,2413.0,,,,,,,2,NO INDICATION OF INJURY,0.0,0.0,0.0,0.0,0.0,2.0,0.0,16,6,1,41.9905860424,-87.6898224729,POINT (-87.689822472944 41.99058604242)
ae511bd3bf58ee60ca6dd4127394ae6520e02631ac56048e394839e09340947f20bf95843d9605d7ee6466fd0f1713423daba2934553b158232ee9d9e17099b0,,05/15/2022 11:44:00 AM,35,TRAFFIC SIGNAL,FUNCTIONING PROPERLY,CLEAR,DAYLIGHT,SIDESWIPE SAME DIRECTION,DIVIDED - W/MEDIAN (NOT RAISED),,STRAIGHT AND LEVEL,DRY,NO DEFECTS,ON SCENE,INJURY AND / OR TOW DUE TO CRASH,,,Y,"OVER $1,500",05/15/2022 11:55:00 AM,FAILING TO REDUCE SPEED TO AVOID CRASH,IMPROPER LANE USAGE,930,W,HOLLYWOOD AVE,2022.0,,Y,,,,,2,NONINCAPACITATING INJURY,1.0,0.0,0.0,1.0,0.0,2.0,0.0,11,1,5,41.9856676398,-87.6551786742,POINT (-87.655178674228 41.985667639799)
58d79f19c018f30c664d43b2dda2c1aba9dbe66594fdfede280ccb3ee1161ea25c0a17da674c394c17ed193199b113ec9bf199d721b71b2f9983213fee48e11f,,04/30/2022 07:20:00 PM,30,TRAFFIC SIGNAL,FUNCTIONING PROPERLY,FREEZING RAIN/DRIZZLE,"DARKNESS, LIGHTED ROAD",PEDESTRIAN,NOT DIVIDED,,STRAIGHT AND LEVEL,WET,NO DEFECTS,NOT ON SCENE (DESK REPORT),INJURY AND / OR TOW DUE TO CRASH,N,,,"OVER $1,500",04/30/2022 07:32:00 PM,UNABLE TO DETERMINE,UNABLE TO DETERMINE,2800,W,CERMAK RD,1023.0,,N,,,,,2,NONINCAPACITATING INJURY,1.0,0.0,0.0,1.0,0.0,1.0,0.0,19,7,4,41.8520100546,-87.6956300181,POINT (-87.695630018093 41.852010054572)
46132828de1049baedbbcc9c70e6f9b13785ccdc5029979f05e484e08da66ffccc45b409341a72ab8c0173781ded0b78685c26d9a08e72fbc50204e257c383ee,,10/25/2023 01:30:00 AM,35,UNKNOWN,UNKNOWN,UNKNOWN,DAYLIGHT,TURNING,FOUR WAY,,STRAIGHT AND LEVEL,UNKNOWN,UNKNOWN,NOT ON SCENE (DESK REPORT),NO INJURY / DRIVE AWAY,N,,,"OVER $1,500",10/26/2023 11:11:00 PM,UNABLE TO DETERMINE,UNABLE TO DETERMINE,8300,S,VINCENNES AVE,622.0,,,,,,,2,NO INDICATION OF INJURY,0.0,0.0,0.0,0.0,0.0,2.0,0.0,1,4,10,41.7435045576,-87.6366627981,POINT (-87.636662798126 41.743504557606)
333b3ade6b5877b8f34bb660ebaa4c2c0ee3eacee8f79bb1fe36c829773e6f0aea9542bf3f7b647702abd4155d98c1be12c05aeae14383665e24affdee97639e,,10/31/2024 09:15:00 AM,20,NO CONTROLS,NO CONTROLS,RAIN,DAYLIGHT,SIDESWIPE OPPOSITE DIRECTION,PARKING LOT,,STRAIGHT AND LEVEL,WET,NO DEFECTS,NOT ON SCENE (DESK REPORT),NO INJURY / DRIVE AWAY,,,,"OVER $1,500",10/31/2024 10:00:00 AM,UNABLE TO DETERMINE,UNABLE TO DETERMINE,9505,S,WESTERN AVE,2213.0,,,,,,,2,NO INDICATION OF INJURY,0.0,0.0,0.0,0.0,0.0,2.0,0.0,9,5,10,41.7207355778,-87.6819112275,POINT (-87.681911227516 41.720735577774)
eb284a52a4661f31e51c2875e2ded02300a55a240ae8fb3e226952dc0b09b12310414e5d15122685bff97a155b86b2c16d3676f4d21943a5b759f5c03bca84e3,,11/26/2021 11:50:00 AM,30,TRAFFIC SIGNAL,FUNCTIONING PROPERLY,CLEAR,DAYLIGHT,REAR END,NOT DIVIDED,,STRAIGHT AND LEVEL,DRY,UNKNOWN,ON SCENE,INJURY AND / OR TOW DUE TO CRASH,,,,"OVER $1,500",11/26/2021 11:55:00 AM,FAILING TO REDUCE SPEED TO AVOID CRASH,UNABLE TO DETERMINE,3158,W,GRAND AVE,1211.0,,,,,,,3,"REPORTED, NOT EVIDENT",4.0,0.0,0.0,0.0,4.0,1.0,0.0,11,6,11,41.8982582753,-87.706202353,POINT (-87.706202352994 41.898258275315)
9f92519b3fd5e7c5cbc1c5e6f12879a1775a5a55fb8ef9b0ed0dc2153c7936e684cc98518ed177478c9270c4456d5938cdc628483c1a4f9ed72124ea9b74bcea,,02/18/2023 05:23:00 PM,15,NO CONTROLS,NO CONTROLS,CLEAR,DUSK,PARKED MOTOR VEHICLE,PARKING LOT,,STRAIGHT AND LEVEL,SNOW OR SLUSH,NO DEFECTS,NOT ON SCENE (DESK REPORT),NO INJURY / DRIVE AWAY,,Y,Y,"OVER $1,500",02/18/2023 06:20:00 PM,FAILING TO YIELD RIGHT-OF-WAY,UNABLE TO DETERMINE,4700,S,LAKE PARK AVE,222.0,,,,,,,2,NO INDICATION OF INJURY,0.0,0.0,0.0,0.0,0.0,1.0,0.0,17,7,2,41.8095347808,-87.5924502234,POINT (-87.592450223394 41.809534780826)
b6861f01c4b5cd47fe700ef89c159c41f1fc839b1ae2031ae3613e520d26f68a741b010b2aa0bc6e7b66d62bd90d3d96f21e8d77ae3cfc58a76c2140256e187c,,11/11/2023 12:10:00 PM,20,NO CONTROLS,NO CONTROLS,CLEAR,DAYLIGHT,PARKED MOTOR VEHICLE,ONE-WAY,,STRAIGHT AND LEVEL,DRY,NO DEFECTS,ON SCENE,INJURY AND / OR TOW DUE TO CRASH,,,Y,"OVER $1,500",11/11/2023 01:28:00 PM,UNABLE TO DETERMINE,NOT APPLICABLE,6104,N,OAKLEY AVE,2413.0,,,,,,,3,NO INDICATION OF INJURY,0.0,0.0,0.0,0.0,0.0,1.0,0.0,12,7,11,41.9925166835,-87.6874124987,POINT (-87.6874124987 41.992516683505)
acc2a6129d936bacfa3969efe08cbb511125f977126db28bb9ac0fcba7dd67e03db3ebc1f2841631542f23613f124303eb8f7bf6280a987f3973a3d8ecae504d,,02/11/2019 11:35:00 AM,30,TRAFFIC SIGNAL,FUNCTIONING PROPERLY,CLOUDY/OVERCAST,DAYLIGHT,TURNING,NOT DIVIDED,2,STRAIGHT AND LEVEL,DRY,UNKNOWN,ON SCENE,INJURY AND / OR TOW DUE TO CRASH,Y,,,"$501 - $1,500",02/11/2019 11:40:00 AM,FAILING TO YIELD RIGHT-OF-WAY,NOT APPLICABLE,4400,W,CHICAGO AVE,1111.0,,,,,,,2,NO INDICATION OF INJURY,0.0,0.0,0.0,0.0,0.0,2.0,0.0,11,2,2,41.8952926255,-87.7360706113,POINT (-87.736070611267 41.895292625513)
9b328a396ce1cb9a09d1fb63d4e373613c424dbf03d0b7306e69958d33324d2a5442ba85939d40c050e15aaeb0bb2b0862a5291d2255c4952abaa91dde8eba68,,10/12/2017 09:45:00 AM,35,NO CONTROLS,NO CONTROLS,CLOUDY/OVERCAST,DAYLIGHT,SIDESWIPE SAME DIRECTION,NOT DIVIDED,4,STRAIGHT AND LEVEL,DRY,NO DEFECTS,NOT ON SCENE (DESK REPORT),NO INJURY / DRIVE AWAY,,,,"OVER $1,500",10/12/2017 10:40:00 AM,IMPROPER LANE USAGE,NOT APPLICABLE,12001,W,IRVING PARK RD,1654.0,,,,,,,2,NO INDICATION OF INJURY,0.0,0.0,0.0,0.0,0.0,2.0,0.0,9,5,10,,,
ad5e550e8f65e5020982e5a9433d3b10b6ddb89fd7e781fccde8784f7d8f2ebc85f756631179e545ee2a1c0176efc1a59b6471140a45a6710957167c11d5ee35,,02/21/2025 01:10:00 PM,35,NO CONTROLS,NO CONTROLS,UNKNOWN,UNKNOWN,FIXED OBJECT,PARKING LOT,,CURVE ON GRADE,UNKNOWN,UNKNOWN,NOT ON SCENE (DESK REPORT),NO INJURY / DRIVE AWAY,,,,"$501 - $1,500",02/26/2025 11:10:00 AM,UNABLE TO DETERMINE,UNABLE TO DETERMINE,181,W,WASHINGTON ST,122.0,,,,,,,1,NO INDICATION OF INJURY,0.0,0.0,0.0,0.0,0.0,1.0,0.0,13,6,2,41.8830983634,-87.6332975674,POINT (-87.633297567416 41.883098363437)
1c935f4381a8137c5f4a4d56cfd33ac8892920aec70a6ab2b95fff31c4d4b6309c3b1fce332af2e172dee4ba0bf17b1ee7d02843b9010003310a4c462d5734ad,Y,02/27/2024 09:00:00 AM,30,NO CONTROLS,NO CONTROLS,CLEAR,DAYLIGHT,PARKED MOTOR VEHICLE,PARKING LOT,,STRAIGHT AND LEVEL,DRY,UNKNOWN,NOT ON SCENE (DESK REPORT),NO INJURY / DRIVE AWAY,,,Y,"OVER $1,500",02/29/2024 09:00:00 AM,UNABLE TO DETERMINE,UNABLE TO DETERMINE,3857,W,111TH ST,2211.0,,,,,,,2,NO INDICATION OF INJURY,0.0,0.0,0.0,0.0,0.0,1.0,0.0,9,3,2,41.6911938843,-87.7177386306,POINT (-87.717738630591 41.691193884267)
3fe9bc82ab5d92ac0c28eab512d7b67551b850790551c02d8b3c1ddc302189d7ea8aef2088c0f930d17bbb394227848a8edee229daf7e2e6f117478b5162db1b,,06/10/2023 02:25:00 PM,30,NO CONTROLS,NO CONTROLS,CLEAR,DAYLIGHT,REAR END,NOT DIVIDED,,STRAIGHT AND LEVEL,DRY,UNKNOWN,NOT ON SCENE (DESK REPORT),NO INJURY / DRIVE AWAY,,,,"OVER $1,500",06/11/2023 03:50:00 PM,FAILING TO REDUCE SPEED TO AVOID CRASH,UNABLE TO DETERMINE,1055,N,WESTERN AVE,1212.0,,,,,,,2,NO INDICATION OF INJURY,0.0,0.0,0.0,0.0,0.0,2.0,0.0,14,7,6,41.9010318504,-87.686827961,POINT (-87.686827960989 41.90103185036)
7a8c77c01d5395db97f1858a827f4a8dcc622b456f07805f247a08fdc311ce645b98009ed3f6b4db007d9f5183f7012335fda11c7c3b237e5001eeb8d4c808fb,,10/22/2025 11:00:00 PM,30,NO CONTROLS,NO CONTROLS,CLEAR,"DARKNESS, LIGHTED ROAD",HEAD ON,NOT DIVIDED,,STRAIGHT AND LEVEL,UNKNOWN,UNKNOWN,,INJURY AND / OR TOW DUE TO CRASH,,,N,"OVER $1,500",10/22/2025 11:01:00 PM,UNABLE TO DETERMINE,NOT APPLICABLE,3322,N,HALSTED ST,1924.0,,,,,,,2,NONINCAPACITATING INJURY,1.0,0.0,0.0,1.0,0.0,1.0,0.0,23,4,10,41.9425341765,-87.6494988689,POINT (-87.649498868905 41.94253417654)
a86ad9cef82810d2057423c5f4556d1fd82fbe9725d7bc5605d4fd34fc625a96fc3a96fbe90eb24af894880aca4121368148262b3cb4d8d76f7b73bfb72524e4,,02/16/2018 05:30:00 AM,25,NO CONTROLS,NO CONTROLS,CLEAR,"DARKNESS, LIGHTED ROAD",PARKED MOTOR VEHICLE,ONE-WAY,1,STRAIGHT AND LEVEL,SNOW OR SLUSH,NO DEFECTS,NOT ON SCENE (DESK REPORT),NO INJURY / DRIVE AWAY,,,Y,"OVER $1,500",02/17/2018 05:00:00 AM,UNABLE TO DETERMINE,NOT APPLICABLE,5050,W,ADAMS ST,1533.0,,,,,,,2,NO INDICATION OF INJURY,0.0,0.0,0.0,0.0,0.0,1.0,0.0,5,6,2,41.8786268737,-87.751457397,POINT (-87.751457397044 41.878626873701)
25473baf82f94f924f311e4c0abcd0416c2fafa735070401434124170e30601dfdd8f9eca28ccdceb3ec2eab08d97859367066090cdf258e8393ce20234c37ae,,10/16/2020 06:30:00 PM,30,NO CONTROLS,NO CONTROLS,CLEAR,DARKNESS,PARKED MOTOR VEHICLE,NOT DIVIDED,,STRAIGHT AND LEVEL,WET,NO DEFECTS,NOT ON SCENE (DESK REPORT),NO INJURY / DRIVE AWAY,,,,"OVER $1,500",10/16/2020 07:30:00 PM,UNABLE TO DETERMINE,NOT APPLICABLE,2901,N,KOLMAR AVE,2521.0,,,,,,,2,NO INDICATION OF INJURY,0.0,0.0,0.0,0.0,0.0,1.0,0.0,18,6,10,41.9335336949,-87.7403716475,POINT (-87.740371647506 41.933533694918)
3c4fdca191047436f69270b1954c268878ef1cf9b3846a8d5757bc971d88edf8475f43f1b6e419999fb236e5b67f86c42bba870a16cbd0122b4c186363053b71,,04/14/2025 01:25:00 PM,25,STOP SIGN/FLASHER,NO CONTROLS,CLEAR,DAYLIGHT,TURNING,NOT DIVIDED,,STRAIGHT AND LEVEL,DRY,NO DEFECTS,NOT ON SCENE (DESK REPORT),NO INJURY / DRIVE AWAY,,,,"OVER $1,500",04/14/2025 01:26:00 PM,IMPROPER TURNING/NO SIGNAL,UNABLE TO DETERMINE,4750,S,ARCHER AVE,821.0,,,,,,,2,NO INDICATION OF INJURY,0.0,0.0,0.0,0.0,0.0,2.0,0.0,13,2,4,41.8071794738,-87.7157688717,POINT (-87.715768871737 41.807179473772)
9fff190919127d4c9420d7f78e41f16cc04376110962b37c4f79ab3814ba3885478dd7acb3b04f48b4bd29fba4b580cb073c381b6847d573e5150aeb82d5924e,,05/31/2025 03:00:00 PM,35,NO CONTROLS,NO CONTROLS,CLEAR,DAYLIGHT,TURNING,NOT DIVIDED,,STRAIGHT AND LEVEL,DRY,NO DEFECTS,NOT ON SCENE (DESK REPORT),NO INJURY / DRIVE AWAY,,,,"$501 - $1,500",06/02/2025 09:55:00 AM,NOT APPLICABLE,NOT APPLICABLE,6750,N,WESTERN AVE,2412.0,,,,,,,2,NO INDICATION OF INJURY,0.0,0.0,0.0,0.0,0.0,2.0,0.0,15,7,5,42.004709911,-87.6902098002,POINT (-87.690209800192 42.004709910975)
6e7ec9f38a6f89c101dc04ae40b445d5a5649a73e4cef20363c59c830b2bfcda3f9018279a1d19aa216cf1a605fde9023c4b5f498c12cc88a64e391ce6e34d9b,,11/19/2024 06:00:00 PM,30,NO CONTROLS,NO CONTROLS,CLEAR,DAWN,REAR END,NOT DIVIDED,,STRAIGHT AND LEVEL,DRY,NO DEFECTS,NOT ON SCENE (DESK REPORT),NO INJURY / DRIVE AWAY,,,Y,"$501 - $1,500",11/19/2024 06:30:00 PM,UNABLE TO DETERMINE,UNABLE TO DETERMINE,6600,N,CAMPBELL AVE,2412.0,,,,,,,2,NO INDICATION OF INJURY,0.0,0.0,0.0,0.0,0.0,2.0,0.0,18,3,11,42.0014134588,-87.6925666391,POINT (-87.692566639077 42.001413458829)
c06f97ab18fd30ab600227f6db91068b0d78b0bdefdaa9772370d2145fd1d896855eb006ce729a83700fe52eb24b47fb7e84ebd632533499246a2396a0afb3d5,,09/15/2020 11:43:00 PM,30,NO CONTROLS,OTHER,CLEAR,"DARKNESS, LIGHTED ROAD",PEDESTRIAN,DIVIDED - W/MEDIAN BARRIER,,STRAIGHT AND LEVEL,DRY,NO DEFECTS,ON SCENE,INJURY AND / OR TOW DUE TO CRASH,,,Y,"OVER $1,500",09/15/2020 11:47:00 PM,"OPERATING VEHICLE IN ERRATIC, RECKLESS, CARELESS, NEGLIGENT OR AGGRESSIVE MANNER",NOT APPLICABLE,1130,S,MICHIGAN AVE,123.0,Y,N,,,,,2,INCAPACITATING INJURY,1.0,0.0,1.0,0.0,0.0,1.0,0.0,23,3,9,41.8683050117,-87.62425305,POINT (-87.624253050024 41.868305011717)
169c5af6ddf5f2a4c8b79d79e8e1cd6ecb76b784cd833f0671e6e4f3c095a20e1ed265383bbf03ac9929dca1a19fecc1b30726ba8ef9cb308b561aa851a488cb,,09/11/2017 05:40:00 PM,30,TRAFFIC SIGNAL,FUNCTIONING PROPERLY,CLEAR,DAYLIGHT,SIDESWIPE SAME DIRECTION,DIVIDED - W/MEDIAN BARRIER,8,STRAIGHT AND LEVEL,DRY,NO DEFECTS,NOT ON SCENE (DESK REPORT),NO INJURY / DRIVE AWAY,,,,"$501 - $1,500",09/11/2017 07:30:00 PM,FAILING TO YIELD RIGHT-OF-WAY,UNABLE TO DETERMINE,7601,S,STONY ISLAND AVE,411.0,,,,,,,2,NO INDICATION OF INJURY,0.0,0.0,0.0,0.0,0.0,4.0,0.0,17,2,9,41.7569049104,-87.5855428599,POINT (-87.585542859908 41.756904910398)
2c1edc8ee5b9fd0369023f2885828e3a3321a9bfc4d03195aeeb87376888aa59696852a1346d7d6b5c8dd385b3e3be2cdbc472457182a90d24f472d554590f06,,04/29/2024 03:30:00 PM,30,OTHER,OTHER,CLEAR,DAYLIGHT,TURNING,OTHER,,STRAIGHT AND LEVEL,DRY,UNKNOWN,ON SCENE,INJURY AND / OR TOW DUE TO CRASH,,,Y,"OVER $1,500",04/29/2024 03:31:00 PM,UNABLE TO DETERMINE,UNABLE TO DETERMINE,9341,S,COLFAX AVE,423.0,,,,,,,2,NONINCAPACITATING INJURY,1.0,0.0,0.0,1.0,0.0,3.0,0.0,15,2,4,41.7250902231,-87.5606357797,POINT (-87.560635779668 41.725090223082)
b8117f2ef5617e38a0cd335eb8ef6744f30484cc11fb451fe29c6f6122782d6986e5a394d4d4631ada77bc137be73ec1dbab04432bbf70a666d089b5119b84ce,Y,04/27/2019 10:30:00 PM,30,NO CONTROLS,NO CONTROLS,SNOW,"DARKNESS, LIGHTED ROAD",SIDESWIPE SAME DIRECTION,ONE-WAY,,STRAIGHT AND LEVEL,WET,NO DEFECTS,ON SCENE,NO INJURY / DRIVE AWAY,,,Y,"$501 - $1,500",04/27/2019 10:45:00 PM,UNABLE TO DETERMINE,NOT APPLICABLE,401,W,ONTARIO ST,1831.0,,,,,,,2,NO INDICATION OF INJURY,0.0,0.0,0.0,0.0,0.0,2.0,0.0,22,7,4,41.8930159515,-87.6387716669,POINT (-87.638771666863 41.893015951493)
5333a4229bb67790e19f56a3fa1677357d2dc0ad8c56df47e98ace06e6b0c784277860dee8f974399a1a645c0ecf4ed1016a951fc99c1fe7826afca1b7f18667,,06/22/2025 03:00:00 PM,45,NO CONTROLS,NO CONTROLS,CLEAR,DAYLIGHT,SIDESWIPE SAME DIRECTION,ONE-WAY,,STRAIGHT AND LEVEL,DRY,NO DEFECTS,ON SCENE,NO INJURY / DRIVE AWAY,,,,"OVER $1,500",06/22/2025 03:05:00 PM,UNABLE TO DETERMINE,UNABLE TO DETERMINE,2200,S,LAKE SHORE DR SB,132.0,,,,,,,2,NO INDICATION OF INJURY,0.0,0.0,0.0,0.0,0.0,2.0,0.0,15,1,6,41.8528456398,-87.6147063219,POINT (-87.614706321914 41.852845639769)
58d04b55ef87ab1212a16bc7163a2f0938b158d153a567b67852fb091c4841cac92c935d25e45d16eace9435deabe6d973a09892edbbd884baf268aeec93ded1,,11/15/2020 10:20:00 PM,25,NO CONTROLS,NO CONTROLS,CLEAR,"DARKNESS, LIGHTED ROAD",PARKED MOTOR VEHICLE,NOT DIVIDED,,STRAIGHT AND LEVEL,DRY,NO DEFECTS,ON SCENE,INJURY AND / OR TOW DUE TO CRASH,,,,"OVER $1,500",11/15/2020 10:27:00 PM,UNABLE TO DETERMINE,UNABLE TO DETERMINE,4549,N,CENTRAL PARK AVE,1723.0,,,,,,,4,NO INDICATION OF INJURY,0.0,0.0,0.0,0.0,0.0,3.0,0.0,22,1,11,41.9643391083,-87.7179862797,POINT (-87.717986279657 41.964339108335)
74bfd16fc70488ca26340903c8223108441a4c826d1302a7eea263d5e7738242bececdc3eecc8b6ed7fcb2936ef631d1dd1d0960ebfb4cf3fbb845e4eba52406,,11/02/2024 12:10:00 AM,30,NO CONTROLS,NO CONTROLS,CLEAR,"DARKNESS, LIGHTED ROAD",PARKED MOTOR VEHICLE,OTHER,,STRAIGHT AND LEVEL,DRY,NO DEFECTS,NOT ON SCENE (DESK REPORT),INJURY AND / OR TOW DUE TO CRASH,,,,"OVER $1,500",11/02/2024 12:13:00 AM,DISTRACTION - FROM INSIDE VEHICLE,NOT APPLICABLE,9753,S,VAN VLISSINGEN RD,431.0,,,,,,,3,NO INDICATION OF INJURY,0.0,0.0,0.0,0.0,0.0,2.0,0.0,0,7,11,41.7175063955,-87.5758911925,POINT (-87.57589119255 41.717506395507)