CRASH_RECORD_ID,CRASH_DATE_EST_I,CRASH_DATE,POSTED_SPEED_LIMIT,TRAFFIC_CONTROL_DEVICE,DEVICE_CONDITION,WEATHER_CONDITION,LIGHTING_CONDITION,FIRST_CRASH_TYPE,TRAFFICWAY_TYPE,LANE_CNT,ALIGNMENT,ROADWAY_SURFACE_COND,ROAD_DEFECT,REPORT_TYPE,CRASH_TYPE,INTERSECTION_RELATED_I,NOT_RIGHT_OF_WAY_I,HIT_AND_RUN_I,DAMAGE,DATE_POLICE_NOTIFIED,PRIM_CONTRIBUTORY_CAUSE,SEC_CONTRIBUTORY_CAUSE,STREET_NO,STREET_DIRECTION,STREET_NAME,BEAT_OF_OCCURRENCE,PHOTOS_TAKEN_I,STATEMENTS_TAKEN_I,DOORING_I,WORK_ZONE_I,WORK_ZONE_TYPE,WORKERS_PRESENT_I,NUM_UNITS,MOST_SEVERE_INJURY,INJURIES_TOTAL,INJURIES_FATAL,INJURIES_INCAPACITATING,INJURIES_NON_INCAPACITATING,INJURIES_REPORTED_NOT_EVIDENT,INJURIES_NO_INDICATION,INJURIES_UNKNOWN,CRASH_HOUR,CRASH_DAY_OF_WEEK,CRASH_MONTH,LATITUDE,LONGITUDE,LOCATION
e2f8f4fd11982e3c88553db7403dfec6dbc493736a8200e75fc2c2518291162c7800a1c46cb53190045c881f3297811002dd4f8229a29810ee50a236e301d357,,05/15/2017 05:15:00 PM,30,NO CONTROLS,NO CONTROLS,CLEAR,DAYLIGHT,PARKED MOTOR VEHICLE,NOT DIVIDED,2,STRAIGHT AND LEVEL,DRY,NO DEFECTS,NOT ON SCENE (DESK REPORT),NO INJURY / DRIVE AWAY,,,Y,"OVER $1,500",05/17/2017 05:00:00 PM,UNABLE TO DETERMINE,UNABLE TO DETERMINE,5470,W,MADISON ST,1522.0,,,,,,,2,NO INDICATION OF INJURY,0.0,0.0,0.0,0.0,0.0,1.0,0.0,17,2,5,41.8803816368,-87.7629689884,POINT (-87.762968988375 41.880381636844)
d798315d2d98e51af820fdeb1842e61f43315b49521a0ce85bf73d511722edaee95bd058fe8b91c29e9b5d451d4d77c7c5798b5feb88730e0137bda1e85d449f,Y,07/25/2025 12:00:00 PM,5,NO CONTROLS,NO CONTROLS,UNKNOWN,UNKNOWN,PARKED MOTOR VEHICLE,PARKING LOT,,STRAIGHT AND LEVEL,UNKNOWN,UNKNOWN,NOT ON SCENE (DESK REPORT),NO INJURY / DRIVE AWAY,,Y,Y,$500 OR LESS,08/04/2025 07:00:00 PM,UNABLE TO DETERMINE,UNABLE TO DETERMINE,6833,N,KEDZIE AVE,2411.0,,,,,,,2,NO INDICATION OF INJURY,0.0,0.0,0.0,0.0,0.0,1.0,0.0,12,6,7,42.0056145366,-87.7091715264,POINT (-87.709171526438 42.005614536586)
dfadd1742faeb556d277155677d8c18560c32933e84918fa2c8627187e855d5ddfe28b1c249d42f853aae4d2e6fabef451356d7771e37dbb46f870d7dbb3ac35,,10/24/2024 07:00:00 AM,30,NO CONTROLS,NO CONTROLS,CLEAR,DAYLIGHT,TURNING,NOT DIVIDED,,STRAIGHT AND LEVEL,DRY,NO DEFECTS,ON SCENE,NO INJURY / DRIVE AWAY,,,,"$501 - $1,500",10/24/2024 07:45:00 AM,IMPROPER TURNING/NO SIGNAL,IMPROPER LANE USAGE,8700,S,HALSTED ST,2223.0,,,,,,,2,NO INDICATION OF INJURY,0.0,0.0,0.0,0.0,0.0,3.0,0.0,7,5,10,41.7357852665,-87.6437588296,POINT (-87.643758829628 41.735785266472)
91734d847bb3070bde2da2606bacdd9dbc5a44ea187c752ebcc544492eca2e921f2f20b50aba4ddfcb4d4c455b43e5867ad3bb49935bb186e3d1266d47a38d9e,,08/31/2025 08:13:00 PM,35,TRAFFIC SIGNAL,FUNCTIONING PROPERLY,CLEAR,"DARKNESS, LIGHTED ROAD",ANGLE,FOUR WAY,,STRAIGHT AND LEVEL,DRY,NO DEFECTS,NOT ON SCENE (DESK REPORT),NO INJURY / DRIVE AWAY,Y,,,"OVER $1,500",08/31/2025 09:10:00 PM,UNABLE TO DETERMINE,NOT APPLICABLE,132,W,ONTARIO ST,1832.0,,,,,,,2,NO INDICATION OF INJURY,0.0,0.0,0.0,0.0,0.0,2.0,0.0,20,1,8,41.8933189813,-87.6325686066,POINT (-87.632568606637 41.8933189813)
b3d5f8a373ad30883d21c12d736c1a48fd092ee188bc2ce412b4761ce625b1f5a27a97fbabc9b19180e9f7039b0062b71317992be0c19d81c686108b4c28a066,,11/25/2018 04:55:00 PM,30,NO CONTROLS,NO CONTROLS,RAIN,DUSK,PARKED MOTOR VEHICLE,NOT DIVIDED,2,"CURVE, LEVEL",WET,NO DEFECTS,ON SCENE,INJURY AND / OR TOW DUE TO CRASH,,,,"OVER $1,500",11/25/2018 05:12:00 PM,FAILING TO REDUCE SPEED TO AVOID CRASH,NOT APPLICABLE,8435,S,KIMBARK AVE,412.0,,,,,,,2,NO INDICATION OF INJURY,0.0,0.0,0.0,0.0,0.0,1.0,0.0,16,1,11,41.7411810684,-87.5922691127,POINT (-87.592269112709 41.741181068373)
58936f9f74a797e0287174e2e3ab793cda46e17dd45064893c4bba134a552cf2a913f64632b13949b4db622fe504e9e3afc47a5bf7a9f091dd6b997a892358a2,,01/12/2023 11:14:00 AM,30,TRAFFIC SIGNAL,FUNCTIONING PROPERLY,CLEAR,DAYLIGHT,TURNING,FOUR WAY,,STRAIGHT AND LEVEL,DRY,NO DEFECTS,ON SCENE,NO INJURY / DRIVE AWAY,Y,,,"$501 - $1,500",01/12/2023 11:14:00 AM,IMPROPER TURNING/NO SIGNAL,IMPROPER OVERTAKING/PASSING,4801,W,LEXINGTON ST,1533.0,,,,,,,2,NO INDICATION OF INJURY,0.0,0.0,0.0,0.0,0.0,2.0,0.0,11,5,1,41.8710704833,-87.7449739046,POINT (-87.744973904635 41.871070483337)
62a1c30080b22d3f15cebe4257eae63f7be3b6d5e6e23da5d0ec9aa655b5de7d63a3b85f0e0b91c4497c79af182eccba86544c09958544085a84118d90826796,,09/25/2025 12:00:00 PM,30,TRAFFIC SIGNAL,FUNCTIONING PROPERLY,CLEAR,DAYLIGHT,REAR TO FRONT,NOT DIVIDED,,STRAIGHT AND LEVEL,DRY,NO DEFECTS,ON SCENE,INJURY AND / OR TOW DUE TO CRASH,,,,"OVER $1,500",09/25/2025 12:00:00 PM,FOLLOWING TOO CLOSELY,UNABLE TO DETERMINE,17,N,DAMEN AVE,1223.0,,,,,,,4,"REPORTED, NOT EVIDENT",1.0,0.0,0.0,0.0,1.0,3.0,0.0,12,5,9,41.8818704753,-87.6765061827,POINT (-87.676506182685 41.881870475328)
7df8fd6e15c3aae7b05ff42006e10920f48b65728c781f2ff7616ea936aaa53a9e7a2e56badaf3b0566579cf1965d584428e1d97dc0186a966552e8c1e6f126f,,03/13/2024 06:48:00 PM,25,NO CONTROLS,NO CONTROLS,CLEAR,DUSK,SIDESWIPE SAME DIRECTION,DIVIDED - W/MEDIAN (NOT RAISED),,STRAIGHT AND LEVEL,DRY,NO DEFECTS,ON SCENE,INJURY AND / OR TOW DUE TO CRASH,,,Y,"OVER $1,500",03/13/2024 07:05:00 PM,UNABLE TO DETERMINE,UNABLE TO DETERMINE,916,E,75TH ST,323.0,,,,,,,2,NO INDICATION OF INJURY,0.0,0.0,0.0,0.0,0.0,2.0,0.0,18,4,3,41.7587272575,-87.6022073903,POINT (-87.602207390329 41.75872725754)
2661d1074cd58696a23756d886893ecf86fda527d56ebec3ce2d551e815fdc40c8191a610dec3a9284c47642078580db758ebbe553b7812e6f879798fdf6f9b2,,07/03/2022 12:01:00 AM,15,NO CONTROLS,NO CONTROLS,CLEAR,DARKNESS,PARKED MOTOR VEHICLE,ONE-WAY,,STRAIGHT AND LEVEL,DRY,NO DEFECTS,ON SCENE,NO INJURY / DRIVE AWAY,,,,"OVER $1,500",07/03/2022 06:38:00 PM,UNABLE TO DETERMINE,NOT APPLICABLE,8249,S,MARYLAND AVE,631.0,,,,,,,2,NO INDICATION OF INJURY,0.0,0.0,0.0,0.0,0.0,1.0,0.0,0,1,7,41.7443628084,-87.6036276111,POINT (-87.60362761115 41.744362808411)
ac3dc0f998467f9bce82ab93d49d60ff6145bba38f0d3781878904cf7b0791206a484670682b687e731f1025b63c1372145b99ebad605e59b90de1e997fd67ea,Y,08/01/2021 08:00:00 AM,25,NO CONTROLS,NO CONTROLS,UNKNOWN,UNKNOWN,PARKED MOTOR VEHICLE,NOT DIVIDED,,STRAIGHT AND LEVEL,UNKNOWN,NO DEFECTS,ON SCENE,INJURY AND / OR TOW DUE TO CRASH,,,Y,"OVER $1,500",08/01/2021 10:54:00 AM,UNABLE TO DETERMINE,UNABLE TO DETERMINE,4720,N,CENTRAL PARK AVE,1723.0,,,,,,,2,NO INDICATION OF INJURY,0.0,0.0,0.0,0.0,0.0,1.0,0.0,8,1,8,41.9671824282,-87.7183646251,POINT (-87.718364625082 41.967182428157)
c9f536ad07f789f592c021d9ab1ceadcf50789ebc796992e5c12d6c9c96c2de67fc4acf7f8e7a918d32ce3db721d36f97af364cc4c43868587ab4b388a41b615,,08/10/2020 05:10:00 PM,30,TRAFFIC SIGNAL,NOT FUNCTIONING,RAIN,DARKNESS,ANGLE,TRAFFIC ROUTE,,STRAIGHT AND LEVEL,WET,NO DEFECTS,ON SCENE,INJURY AND / OR TOW DUE TO CRASH,Y,,,"OVER $1,500",08/10/2020 05:12:00 PM,UNABLE TO DETERMINE,UNABLE TO DETERMINE,200,N,ASHLAND AVE,1215.0,,,,,,,2,NONINCAPACITATING INJURY,4.0,0.0,0.0,2.0,2.0,0.0,0.0,17,2,8,41.8853485588,-87.6671144038,POINT (-87.667114403773 41.88534855881)
45322c4e4630c982c66685daba8f8f2cdee13bf460fcb91e726c0d390abcb0ec932653059f14660af501146805948dec267382d6bc5fddb184df765bf2e3d510,,07/05/2025 02:30:00 PM,30,NO CONTROLS,NO CONTROLS,CLEAR,DAYLIGHT,PARKED MOTOR VEHICLE,ONE-WAY,,STRAIGHT AND LEVEL,DRY,NO DEFECTS,NOT ON SCENE (DESK REPORT),NO INJURY / DRIVE AWAY,,,,"OVER $1,500",07/05/2025 03:00:00 PM,UNABLE TO DETERMINE,NOT APPLICABLE,2000,N,ST LOUIS AVE,1413.0,,,,,,,2,NO INDICATION OF INJURY,0.0,0.0,0.0,0.0,0.0,1.0,0.0,14,7,7,41.917382739,-87.7136586084,POINT (-87.713658608367 41.917382739003)
52e82744f3b4ac18b3e13bf3f27973bf255c34f307b926353b079bb867a6b95e2035ddf6aa20ce4fdbf38b1e7876a0cd1cbc9a19b6b68436693386201396d0ed,,10/24/2016 03:10:00 AM,30,NO CONTROLS,NO CONTROLS,CLEAR,"DARKNESS, LIGHTED ROAD",SIDESWIPE SAME DIRECTION,DIVIDED - W/MEDIAN (NOT RAISED),2,STRAIGHT AND LEVEL,DRY,NO DEFECTS,ON SCENE,NO INJURY / DRIVE AWAY,,,,$500 OR LESS,10/24/2016 03:13:00 AM,IMPROPER OVERTAKING/PASSING,IMPROPER LANE USAGE,810,W,63RD ST,712.0,,,,,,,2,NO INDICATION OF INJURY,0.0,0.0,0.0,0.0,0.0,3.0,0.0,3,2,10,41.7798526851,-87.6453349626,POINT (-87.645334962582 41.779852685097)
2a7b8a9e25d40adce30ecbefaf984572a3aaa2247322d913450306ddc6d43a56094d2fbbfd0dcbf1d72c2ce8cf9311f0d610cf05ec0ab3fb14e4c021f24075d5,,03/25/2019 09:15:00 AM,30,NO CONTROLS,NO CONTROLS,CLEAR,DAYLIGHT,REAR END,DIVIDED - W/MEDIAN (NOT RAISED),2,STRAIGHT AND LEVEL,DRY,NO DEFECTS,NOT ON SCENE (DESK REPORT),NO INJURY / DRIVE AWAY,,,Y,"$501 - $1,500",03/25/2019 10:30:00 AM,UNABLE TO DETERMINE,NOT APPLICABLE,4758,W,ROSCOE ST,1731.0,,,,,,,2,NO INDICATION OF INJURY,0.0,0.0,0.0,0.0,0.0,2.0,0.0,9,2,3,41.9425965841,-87.7462192186,POINT (-87.74621921858 41.942596584051)
1236797b9ba75bc3a4f3cd918bceec8a6985d0f0588e8038888b55946f7d0f0793d6de7c9772e739000bf818011adcfd08bb25e5a562ee394084e1539e0b0eea,,07/13/2023 11:00:00 AM,10,NO CONTROLS,NO CONTROLS,CLEAR,DAYLIGHT,PARKED MOTOR VEHICLE,PARKING LOT,,STRAIGHT AND LEVEL,DRY,NO DEFECTS,ON SCENE,NO INJURY / DRIVE AWAY,,Y,,"OVER $1,500",07/13/2023 11:32:00 AM,IMPROPER BACKING,UNABLE TO DETERMINE,5301,S,WESTERN BLVD,932.0,,,,,,,2,NO INDICATION OF INJURY,0.0,0.0,0.0,0.0,0.0,1.0,0.0,11,5,7,41.7974222741,-87.683417872,POINT (-87.683417872042 41.79742227413)
e0c0175ef1cb84e89095db264253678a8779c40c718b0d19ea8c0daead4a7de979cf9786b063016d6e20603fb2551af1581546bea137f23d27caac9871bfe46a,,01/01/2023 02:15:00 AM,25,TRAFFIC SIGNAL,FUNCTIONING PROPERLY,CLEAR,"DARKNESS, LIGHTED ROAD",REAR END,NOT DIVIDED,,STRAIGHT AND LEVEL,DRY,NO DEFECTS,NOT ON SCENE (DESK REPORT),NO INJURY / DRIVE AWAY,,,Y,"$501 - $1,500",01/01/2023 02:40:00 AM,FOLLOWING TOO CLOSELY,UNABLE TO DETERMINE,7900,S,SOUTH SHORE DR,422.0,,,,,,,2,NO INDICATION OF INJURY,0.0,0.0,0.0,0.0,0.0,5.0,0.0,2,1,1,41.7518556025,-87.5482503373,POINT (-87.548250337339 41.751855602467)
e16a02bf45d812e191524320813bf363f1b6b3421c583c500787d6154a57d68ffcc26c7baad7b80500e9a4ee996c7d4056753ca03ef7a94fac15fa74af5e361a,,07/12/2018 09:45:00 PM,30,TRAFFIC SIGNAL,UNKNOWN,CLEAR,"DARKNESS, LIGHTED ROAD",REAR END,ONE-WAY,,STRAIGHT AND LEVEL,DRY,UNKNOWN,NOT ON SCENE (DESK REPORT),NO INJURY / DRIVE AWAY,,,Y,"OVER $1,500",07/12/2018 10:40:00 PM,FOLLOWING TOO CLOSELY,UNABLE TO DETERMINE,2390,W,CONGRESS PKWY,1225.0,,,,,,,2,NO INDICATION OF INJURY,0.0,0.0,0.0,0.0,0.0,2.0,0.0,21,5,7,41.8751039759,-87.6861946377,POINT (-87.68619463769 41.875103975891)
9347e4c0a84919be9835daaa3475480f9e8df0cd31173ed4f898ac3355396bb23198a4162cb2c07ad06a6aefc43334b5b574e925ae934525cbafacd78e5a995b,,01/31/2017 12:24:00 AM,30,TRAFFIC SIGNAL,FUNCTIONING PROPERLY,RAIN,"DARKNESS, LIGHTED ROAD",PEDESTRIAN,NOT DIVIDED,4,STRAIGHT AND LEVEL,WET,NO DEFECTS,ON SCENE,INJURY AND / OR TOW DUE TO CRASH,Y,,,"OVER $1,500",01/31/2017 12:26:00 AM,NOT APPLICABLE,WEATHER,1825,N,CICERO AVE,2533.0,,,,,,,2,INCAPACITATING INJURY,1.0,0.0,1.0,0.0,0.0,1.0,0.0,0,3,1,41.9140661497,-87.7458482897,POINT (-87.745848289686 41.914066149729)
2ca4f0c4e0aa639350489df4cfe065c666a8325fc62f489e7bbfed00d1051395218d9cfeba7e1ba9aa84d486425a2fba810967aaa445ed52d625dac922949682,,10/19/2018 04:45:00 PM,30,TRAFFIC SIGNAL,FUNCTIONING PROPERLY,RAIN,DAYLIGHT,REAR END,NOT DIVIDED,,STRAIGHT AND LEVEL,WET,NO DEFECTS,NOT ON SCENE (DESK REPORT),NO INJURY / DRIVE AWAY,,,,"$501 - $1,500",10/19/2018 07:16:00 PM,FOLLOWING TOO CLOSELY,CELL PHONE USE OTHER THAN TEXTING,8700,S,VINCENNES AVE,2222.0,,,,,,,2,NO INDICATION OF INJURY,0.0,0.0,0.0,0.0,0.0,2.0,0.0,16,6,10,41.7360065646,-87.645341819,POINT (-87.64534181898 41.736006564585)
03b45ee594c95148cbaf9bd50ce0855de5328a4053cce0ef8dc10e010ee1a6edca68a086f1ffa55cd9a51d4d0ca0d0be52d722e8e2f376200497c029f64abf78,,04/01/2022 04:15:00 PM,35,TRAFFIC SIGNAL,FUNCTIONING PROPERLY,CLEAR,DAYLIGHT,SIDESWIPE SAME DIRECTION,DIVIDED - W/MEDIAN (NOT RAISED),,STRAIGHT AND LEVEL,DRY,NO DEFECTS,NOT ON SCENE (DESK REPORT),NO INJURY / DRIVE AWAY,,,Y,"OVER $1,500",04/01/2022 05:10:00 PM,IMPROPER OVERTAKING/PASSING,IMPROPER OVERTAKING/PASSING,2406,S,BLUE ISLAND AVE,1034.0,,,,,,,2,NO INDICATION OF INJURY,0.0,0.0,0.0,0.0,0.0,2.0,0.0,16,6,4,41.8486413654,-87.6757942038,POINT (-87.675794203793 41.848641365373)
f0cf3bc7acc2ceec5537db14b58574801c5564cce661de402baf7785d9c1a5f8a9a08d12f4b6992a4eb0593ca3fefb98234427155c13202a50b3654693295159,,05/24/2020 02:30:00 PM,15,NO CONTROLS,NO CONTROLS,CLEAR,DAYLIGHT,TURNING,NOT DIVIDED,,STRAIGHT AND LEVEL,DRY,NO DEFECTS,NOT ON SCENE (DESK REPORT),NO INJURY / DRIVE AWAY,,Y,,"$501 - $1,500",05/26/2020 09:00:00 AM,IMPROPER OVERTAKING/PASSING,NOT APPLICABLE,2600,N,MANGO AVE,2514.0,,,,,,,2,NO INDICATION OF INJURY,0.0,0.0,0.0,0.0,0.0,2.0,0.0,14,1,5,41.9276647158,-87.7699148828,POINT (-87.769914882808 41.927664715779)
d09aef2e3fb48c325ed3939364254cdbc3c60ccf10b1ce99f7bc9ebce2ce3f4ed82617f3e257d96002f21767b5280b661721d8d95dc3be9cfa2d332ed13f1769,,11/30/2017 01:39:00 PM,30,NO CONTROLS,NO CONTROLS,UNKNOWN,DAYLIGHT,ANGLE,ONE-WAY,1,STRAIGHT AND LEVEL,UNKNOWN,UNKNOWN,NOT ON SCENE (DESK REPORT),NO INJURY / DRIVE AWAY,,,,"OVER $1,500",11/30/2017 02:00:00 PM,FAILING TO YIELD RIGHT-OF-WAY,DRIVING SKILLS/KNOWLEDGE/EXPERIENCE,4750,N,ARTESIAN AVE,1911.0,,,,,,,2,NO INDICATION OF INJURY,0.0,0.0,0.0,0.0,0.0,2.0,0.0,13,5,11,41.968234455,-87.6902646301,POINT (-87.690264630138 41.968234454994)
b1934b994e9a5d6017da71b7f51ec87616e21309f97cdf70c7564f5296f3e7c62850fd6a3cd3f3fe847a604cb003656df392d34e976096441de08bf8ce0f387b,,11/04/2022 05:50:00 PM,30,STOP SIGN/FLASHER,FUNCTIONING PROPERLY,CLEAR,"DARKNESS, LIGHTED ROAD",TURNING,DIVIDED - W/MEDIAN (NOT RAISED),,STRAIGHT AND LEVEL,DRY,NO DEFECTS,NOT ON SCENE (DESK REPORT),NO INJURY / DRIVE AWAY,,,,"OVER $1,500",11/04/2022 06:13:00 PM,FAILING TO YIELD RIGHT-OF-WAY,UNABLE TO DETERMINE,3301,W,IRVING PARK RD,1733.0,,,,,,,2,NO INDICATION OF INJURY,0.0,0.0,0.0,0.0,0.0,3.0,0.0,17,6,11,41.9537812276,-87.7105229129,POINT (-87.710522912908 41.953781227621)
241e8a759714d990f64fafb67633f292c6e4d2dad9a525e96a8d9e635ae337313b508deba9754fda187c767993b07fae25f47c2b9e7d001dc7ba2f9c608d2d65,,07/16/2018 03:00:00 PM,30,STOP SIGN/FLASHER,FUNCTIONING PROPERLY,CLEAR,DAYLIGHT,TURNING,NOT DIVIDED,2,STRAIGHT AND LEVEL,DRY,NO DEFECTS,ON SCENE,NO INJURY / DRIVE AWAY,Y,,Y,"$501 - $1,500",07/16/2018 03:10:00 PM,"OPERATING VEHICLE IN ERRATIC, RECKLESS, CARELESS, NEGLIGENT OR AGGRESSIVE MANNER",DRIVING SKILLS/KNOWLEDGE/EXPERIENCE,700,N,GREEN ST,1214.0,,,,,,,2,NO INDICATION OF INJURY,0.0,0.0,0.0,0.0,0.0,2.0,0.0,15,2,7,41.8951047165,-87.6490441812,POINT (-87.649044181229 41.895104716508)
0da9c3c9aea157d423286d796933acb325da72339102724b42142bfec44e40675f82ef406fc7a8f635982a256b22a6b0743cb49b380b9d8fbdc14f3f354888de,,03/26/2024 07:00:00 PM,30,NO CONTROLS,NO CONTROLS,RAIN,DUSK,SIDESWIPE SAME DIRECTION,ONE-WAY,,STRAIGHT AND LEVEL,WET,NO DEFECTS,NOT ON SCENE (DESK REPORT),NO INJURY / DRIVE AWAY,,,,"$501 - $1,500",04/03/2024 10:50:00 PM,FAILING TO YIELD RIGHT-OF-WAY,IMPROPER OVERTAKING/PASSING,1736,S,UNION AVE,1235.0,,,,,,,2,NO INDICATION OF INJURY,0.0,0.0,0.0,0.0,0.0,5.0,0.0,19,3,3,41.858007607,-87.644942266,POINT (-87.644942265994 41.858007606958)
c2293048dd4087ef50ace3c9a3a08411ef9fcb66cdce94c04b1a6ef1f2ed785352d33682aa87af721256c7c2bcf0731fb84750754528c473fa2803211e461136,,06/15/2025 05:25:00 PM,30,NO CONTROLS,NO CONTROLS,CLEAR,DAYLIGHT,REAR TO SIDE,NOT DIVIDED,,STRAIGHT AND LEVEL,DRY,NO DEFECTS,NOT ON SCENE (DESK REPORT),NO INJURY / DRIVE AWAY,,,,"OVER $1,500",06/15/2025 06:15:00 PM,IMPROPER BACKING,IMPROPER BACKING,4747,N,PULASKI RD,1723.0,,,,,,,2,NO INDICATION OF INJURY,0.0,0.0,0.0,0.0,0.0,2.0,0.0,17,1,6,41.9678098307,-87.7278676229,POINT (-87.727867622948 41.967809830722)
49caf10c074ebc4f99afc1caebe5ee18f27cf569a8fc8b3e862d1f0458caf67239d985ba9f746fc25069f4eff2589f6334c972e98748d1fca634f904200ff3aa,,08/21/2023 04:36:00 AM,25,NO CONTROLS,NO CONTROLS,CLEAR,"DARKNESS, LIGHTED ROAD",PARKED MOTOR VEHICLE,ONE-WAY,,STRAIGHT AND LEVEL,DRY,NO DEFECTS,,NO INJURY / DRIVE AWAY,,,,"$501 - $1,500",08/21/2023 06:00:00 AM,UNABLE TO DETERMINE,NOT APPLICABLE,1444,N,LAWLER AVE,2533.0,,,,,,,2,NO INDICATION OF INJURY,0.0,0.0,0.0,0.0,0.0,1.0,0.0,4,2,8,41.9072453464,-87.752359235,POINT (-87.75235923501 41.907245346393)
38d996b74b8cdc14c4e6c198b652bd88b09a3dd723e78a868f2ce90b9fb7ab6ceffacc577a7153a8252cbf4d40c7ac11739d655af725b002a8471edac931e8d1,,10/28/2020 04:03:00 PM,30,TRAFFIC SIGNAL,FUNCTIONING PROPERLY,CLEAR,DAYLIGHT,REAR END,DIVIDED - W/MEDIAN (NOT RAISED),,STRAIGHT AND LEVEL,DRY,NO DEFECTS,ON SCENE,NO INJURY / DRIVE AWAY,,,Y,"OVER $1,500",10/28/2020 04:12:00 PM,UNABLE TO DETERMINE,UNABLE TO DETERMINE,4551,N,KIMBALL AVE,1724.0,,,,,,,2,NO INDICATION OF INJURY,0.0,0.0,0.0,0.0,0.0,2.0,0.0,16,4,10,41.9644541697,-87.7130953876,POINT (-87.713095387638 41.964454169674)
816d99df94438efdec9722fee60d0edc0849d9762d3b6e3b7cd769bc8300f1fa4502dcee478d6d224f12ff5b93666070b8b9d147ccf78f098979f4161d251a65,,09/05/2024 05:00:00 PM,30,NO CONTROLS,NO CONTROLS,CLEAR,DAYLIGHT,REAR END,NOT DIVIDED,,STRAIGHT AND LEVEL,DRY,NO DEFECTS,ON SCENE,NO INJURY / DRIVE AWAY,,,,"OVER $1,500",09/05/2024 06:20:00 PM,UNABLE TO DETERMINE,UNABLE TO DETERMINE,2629,W,83RD ST,835.0,,,,,,,2,NO INDICATION OF INJURY,0.0,0.0,0.0,0.0,0.0,2.0,0.0,17,5,9,41.7426078826,-87.6888375793,POINT (-87.68883757933 41.742607882634)
32c7f1f2515de2057aa17e0bfe8c111d5554eef672a2e1263c4057bede3e90ebd767b122b4a1770b39cea3bb7cf8961c14234a0806350fa2860f98c043e8055f,,08/06/2017 02:26:00 AM,35,NO CONTROLS,NO CONTROLS,CLEAR,"DARKNESS, LIGHTED ROAD",PARKED MOTOR VEHICLE,ONE-WAY,1,STRAIGHT AND LEVEL,DRY,NO DEFECTS,ON SCENE,NO INJURY / DRIVE AWAY,,,Y,$500 OR LESS,08/06/2017 03:30:00 AM,UNABLE TO DETERMINE,DRIVING SKILLS/KNOWLEDGE/EXPERIENCE,3334,W,MAYPOLE AVE,1123.0,,,,,,,2,NO INDICATION OF INJURY,0.0,0.0,0.0,0.0,0.0,1.0,0.0,2,1,8,41.8836841547,-87.7101143386,POINT (-87.710114338612 41.883684154654)
fa6cb618d9b1097b548637a64635dac5a7666ca7613fbed48c6e9fb434b46d034151f52de66f7c042012325ce10afd38a27065e76e5820315adb91ecd5bbbfef,,12/28/2019 03:11:00 PM,15,NO CONTROLS,NO CONTROLS,CLEAR,DAYLIGHT,SIDESWIPE SAME DIRECTION,PARKING LOT,,STRAIGHT AND LEVEL,DRY,NO DEFECTS,ON SCENE,NO INJURY / DRIVE AWAY,,Y,,"$501 - $1,500",12/28/2019 03:20:00 PM,UNABLE TO DETERMINE,UNABLE TO DETERMINE,6399,W,IRVING PARK RD,1633.0,,,,,,,2,NO INDICATION OF INJURY,0.0,0.0,0.0,0.0,0.0,2.0,0.0,15,7,12,41.9528082727,-87.7864346964,POINT (-87.786434696419 41.952808272689)
3d0793ff417e3ddff097d6528a3b57bca5d930c8d0fef3d31461760d9d3d8087aa4ecbd1d082ac9bf86f0616b731448d35ce1eebdc8ed4da8e06a44c9d7ee8dd,,07/22/2018 12:43:00 AM,30,TRAFFIC SIGNAL,FUNCTIONING PROPERLY,RAIN,"DARKNESS, LIGHTED ROAD",HEAD ON,NOT DIVIDED,4,STRAIGHT AND LEVEL,WET,NO DEFECTS,,INJURY AND / OR TOW DUE TO CRASH,Y,,,"OVER $1,500",07/22/2018 12:44:00 AM,PHYSICAL CONDITION OF DRIVER,FAILING TO REDUCE SPEED TO AVOID CRASH,2401,W,59TH ST,824.0,,,,,,,3,NO INDICATION OF INJURY,0.0,0.0,0.0,0.0,0.0,5.0,0.0,0,1,7,41.7864284982,-87.6839163709,POINT (-87.683916370912 41.786428498189)
a2bdc578120e66875cfb7717c01067c8d0ee03f69ae7770b95bebd8e22adaf330d20ac063d355ed44c16c8d29e72ba789c2c9c5768b383a83b1f07db1e0c863b,,09/09/2019 11:40:00 AM,20,NO CONTROLS,NO CONTROLS,CLEAR,DAYLIGHT,SIDESWIPE SAME DIRECTION,DIVIDED - W/MEDIAN (NOT RAISED),,STRAIGHT AND LEVEL,DRY,NO DEFECTS,ON SCENE,NO INJURY / DRIVE AWAY,,,,"$501 - $1,500",09/09/2019 11:45:00 AM,NOT APPLICABLE,NOT APPLICABLE,10000,W,OHARE ST,1651.0,,,,,,,2,NO INDICATION OF INJURY,0.0,0.0,0.0,0.0,0.0,2.0,0.0,11,2,9,41.976201139,-87.9053091251,POINT (-87.905309125103 41.976201139024)
26f2e244a762b4d48a41fb57cb214b983f48c8354f6947bb3c06de9651541d2e4a6195390f29af9ba9a82573cc297466af608f40765d7d3c95d3948965b2315d,,07/29/2019 11:57:00 AM,30,NO CONTROLS,NO CONTROLS,CLEAR,DAYLIGHT,REAR END,NOT DIVIDED,,STRAIGHT AND LEVEL,UNKNOWN,UNKNOWN,NOT ON SCENE (DESK REPORT),INJURY AND / OR TOW DUE TO CRASH,,,,"$501 - $1,500",07/29/2019 02:06:00 PM,FOLLOWING TOO CLOSELY,FOLLOWING TOO CLOSELY,3929,N,WESTERN AVE,1921.0,,,,,,,2,"REPORTED, NOT EVIDENT",1.0,0.0,0.0,0.0,1.0,2.0,0.0,11,2,7,41.9530430064,-87.6882912089,POINT (-87.688291208883 41.953043006379)