CRASH_RECORD_ID,CRASH_DATE_EST_I,CRASH_DATE,POSTED_SPEED_LIMIT,TRAFFIC_CONTROL_DEVICE,DEVICE_CONDITION,WEATHER_CONDITION,LIGHTING_CONDITION,FIRST_CRASH_TYPE,TRAFFICWAY_TYPE,LANE_CNT,ALIGNMENT,ROADWAY_SURFACE_COND,ROAD_DEFECT,REPORT_TYPE,CRASH_TYPE,INTERSECTION_RELATED_I,NOT_RIGHT_OF_WAY_I,HIT_AND_RUN_I,DAMAGE,DATE_POLICE_NOTIFIED,PRIM_CONTRIBUTORY_CAUSE,SEC_CONTRIBUTORY_CAUSE,STREET_NO,STREET_DIRECTION,STREET_NAME,BEAT_OF_OCCURRENCE,PHOTOS_TAKEN_I,STATEMENTS_TAKEN_I,DOORING_I,WORK_ZONE_I,WORK_ZONE_TYPE,WORKERS_PRESENT_I,NUM_UNITS,MOST_SEVERE_INJURY,INJURIES_TOTAL,INJURIES_FATAL,INJURIES_INCAPACITATING,INJURIES_NON_INCAPACITATING,INJURIES_REPORTED_NOT_EVIDENT,INJURIES_NO_INDICATION,INJURIES_UNKNOWN,CRASH_HOUR,CRASH_DAY_OF_WEEK,CRASH_MONTH,LATITUDE,LONGITUDE,LOCATION
03b9a15d870747eec16167eae86b13c1dd11fcf81496157e0d7c8d7eab95f4b90d59d7fd05337b994425774a1e1abcd256164299d89f0bae7f967a4ca67d7259,,11/07/2019 10:48:00 AM,30,TRAFFIC SIGNAL,FUNCTIONING PROPERLY,CLEAR,DAYLIGHT,SIDESWIPE SAME DIRECTION,DIVIDED - W/MEDIAN (NOT RAISED),,STRAIGHT AND LEVEL,DRY,NO DEFECTS,NOT ON SCENE (DESK REPORT),NO INJURY / DRIVE AWAY,,,Y,"OVER $1,500",11/07/2019 11:40:00 AM,UNABLE TO DETERMINE,UNABLE TO DETERMINE,2380,W,111TH ST,2212.0,,,,,,,2,NO INDICATION OF INJURY,0.0,0.0,0.0,0.0,0.0,2.0,0.0,10,5,11,41.6918879562,-87.6810407156,POINT (-87.681040715614 41.691887956231)
8bcb90de4b97c2d8439ed39e49d06b10570ab26b6090f66c2a398c8b29b9731a5945b64ece543d2f91ecb472cacedf2658733bb79bab04707575fb1001db6e41,,02/25/2020 08:10:00 AM,30,NO CONTROLS,NO CONTROLS,CLEAR,DAYLIGHT,ANGLE,DIVIDED - W/MEDIAN (NOT RAISED),,STRAIGHT AND LEVEL,DRY,NO DEFECTS,ON SCENE,INJURY AND / OR TOW DUE TO CRASH,,,,"OVER $1,500",02/25/2020 08:10:00 AM,FAILING TO YIELD RIGHT-OF-WAY,"VISION OBSCURED (SIGNS, TREE LIMBS, BUILDINGS, ETC.)",4817,W,FULLERTON AVE,2522.0,,,,,,,2,NONINCAPACITATING INJURY,1.0,0.0,0.0,1.0,0.0,1.0,0.0,8,3,2,41.9241190242,-87.747032136,POINT (-87.747032136012 41.924119024175)
ffdc73b824fc4416db4230811adfaa20858380241a6b1ff69ea9a78db3665a7429cc707d26059a3ebeb50e165e178c97e43bb8fc2298ca557ebc6d7b8d96827a,,04/27/2022 02:58:00 AM,30,NO CONTROLS,NO CONTROLS,CLEAR,"DARKNESS, LIGHTED ROAD",FIXED OBJECT,DIVIDED - W/MEDIAN BARRIER,,STRAIGHT AND LEVEL,DRY,UNKNOWN,ON SCENE,INJURY AND / OR TOW DUE TO CRASH,,,,"OVER $1,500",04/27/2022 02:58:00 AM,UNABLE TO DETERMINE,NOT APPLICABLE,602,W,GARFIELD BLVD,935.0,,,,,,,1,INCAPACITATING INJURY,2.0,0.0,1.0,0.0,1.0,0.0,0.0,2,4,4,41.794493776,-87.6405187496,POINT (-87.640518749552 41.794493776018)
68db69a2cdc00c516a1dec049e8a75d4d0364b38f48e1c63ccb51bcff5ecb25b1f20a2c01a2a84f6098d0a201d958e06ed7fdf042962ddaea15c5126b59079ac,,04/18/2020 02:49:00 PM,15,NO CONTROLS,NO CONTROLS,CLEAR,DAYLIGHT,FIXED OBJECT,ALLEY,,STRAIGHT AND LEVEL,DRY,NO DEFECTS,ON SCENE,INJURY AND / OR TOW DUE TO CRASH,,,,"OVER $1,500",04/18/2020 02:49:00 PM,FAILING TO REDUCE SPEED TO AVOID CRASH,NOT APPLICABLE,2011,W,86TH ST,614.0,,,,,,,1,NO INDICATION OF INJURY,0.0,0.0,0.0,0.0,0.0,2.0,0.0,14,7,4,41.7375268693,-87.6732838346,POINT (-87.673283834623 41.737526869313)
8439429f29a8c9a11a86409eb1102955e610280abcea6629b74f57d9ec0e7e6fcfc0d2885faf9236e78f5752252ea65ce80899b0adeede8f0a24201e15289288,,09/30/2025 08:10:00 AM,30,NO CONTROLS,NO CONTROLS,CLEAR,DAYLIGHT,PEDALCYCLIST,NOT DIVIDED,,STRAIGHT AND LEVEL,UNKNOWN,UNKNOWN,ON SCENE,INJURY AND / OR TOW DUE TO CRASH,,,,"OVER $1,500",09/30/2025 08:12:00 AM,FAILING TO YIELD RIGHT-OF-WAY,NOT APPLICABLE,1108,N,WELLS ST,1823.0,,,Y,,,,2,NONINCAPACITATING INJURY,1.0,0.0,0.0,1.0,0.0,2.0,0.0,8,3,9,41.9023954274,-87.6345701233,POINT (-87.634570123348 41.902395427352)
aa0e21864ac2f928c7b64853e1e1eb22bc0537d8aab3b4acfa50aa032730195b92cb176397525f03cb8c1edc0b3a74df4f7ec7eed1f84fac552c70bc21bf6f54,,08/14/2020 08:05:00 PM,30,NO CONTROLS,NO CONTROLS,CLEAR,"DARKNESS, LIGHTED ROAD",PARKED MOTOR VEHICLE,DIVIDED - W/MEDIAN (NOT RAISED),,STRAIGHT AND LEVEL,DRY,NO DEFECTS,ON SCENE,INJURY AND / OR TOW DUE TO CRASH,,,,"$501 - $1,500",08/14/2020 08:29:00 PM,UNABLE TO DETERMINE,NOT APPLICABLE,6839,W,ARCHER AVE,811.0,,,,,,,2,NO INDICATION OF INJURY,0.0,0.0,0.0,0.0,0.0,1.0,0.0,20,6,8,41.7920169473,-87.7931072281,POINT (-87.793107228116 41.792016947261)
b3eb7310aaf2999b7af6344845bd99a065678105d736478782c7e25b2b7b6555f7a82241793039631cb0ee983247075c073db8363357ecb0e7a65a3bb02a4913,,12/21/2019 12:00:00 PM,30,TRAFFIC SIGNAL,FUNCTIONING PROPERLY,CLEAR,DAYLIGHT,ANGLE,FOUR WAY,,STRAIGHT AND LEVEL,DRY,NO DEFECTS,ON SCENE,INJURY AND / OR TOW DUE TO CRASH,Y,,,"OVER $1,500",12/21/2019 12:22:00 PM,UNABLE TO DETERMINE,UNABLE TO DETERMINE,299,E,NORTH WATER ST,1834.0,,,,,,,2,NO INDICATION OF INJURY,0.0,0.0,0.0,0.0,0.0,3.0,0.0,12,7,12,41.8894620151,-87.6204682919,POINT (-87.620468291924 41.889462015149)
0ddec4d777e3ed1bacff114e95656986310b50f51030ebd9ce790239865890b1878c898ed177b73d5fd88401ffaf92346ebdd9a8e6462d4084d75a3147d74a57,,10/30/2020 06:30:00 AM,30,NO CONTROLS,NO CONTROLS,CLEAR,DAYLIGHT,PARKED MOTOR VEHICLE,NOT DIVIDED,,STRAIGHT AND LEVEL,DRY,NO DEFECTS,ON SCENE,INJURY AND / OR TOW DUE TO CRASH,,,Y,"OVER $1,500",10/30/2020 12:00:00 PM,UNABLE TO DETERMINE,UNABLE TO DETERMINE,2952,N,KOSTNER AVE,2523.0,,,,Y,CONSTRUCTION,,2,NO INDICATION OF INJURY,0.0,0.0,0.0,0.0,0.0,1.0,0.0,6,6,10,41.9350630936,-87.7370555873,POINT (-87.737055587326 41.935063093576)
6ba8eb964a4308f395a4e9c3d542fc7b511f61be66e46e0d0affdf1d963d45e4448b9928feba66c18ef77da27813fb99fdd2f0b9ef7696de5ae21aacf7e0d2e0,,11/05/2016 06:45:00 AM,5,NO CONTROLS,NO CONTROLS,CLEAR,DAYLIGHT,PARKED MOTOR VEHICLE,PARKING LOT,,STRAIGHT AND LEVEL,DRY,NO DEFECTS,NOT ON SCENE (DESK REPORT),NO INJURY / DRIVE AWAY,,,,$500 OR LESS,11/05/2016 10:00:00 AM,UNABLE TO DETERMINE,UNABLE TO DETERMINE,1653,W,HARRISON ST,1231.0,,,,,,,2,,,,,,,,,6,7,11,41.8740532138,-87.66880922,POINT (-87.668809219975 41.874053213804)
62b9e684e36a6eacfeba109fb970b242648cbe9d6f03d0fc465a560ba4274eb5cad57ce247a53af88c148ab6e510c387f079b2ac0f958c630ce03e4d97292b41,Y,05/13/2018 11:00:00 AM,30,NO CONTROLS,NO CONTROLS,CLEAR,DAYLIGHT,OTHER OBJECT,NOT DIVIDED,4,STRAIGHT AND LEVEL,DRY,NO DEFECTS,ON SCENE,NO INJURY / DRIVE AWAY,,,,"OVER $1,500",05/13/2018 03:36:00 PM,UNABLE TO DETERMINE,NOT APPLICABLE,85,E,WACKER DR,111.0,,,,,,,1,NO INDICATION OF INJURY,0.0,0.0,0.0,0.0,0.0,1.0,0.0,11,1,5,41.8880962904,-87.625177279,POINT (-87.625177278957 41.888096290382)
819206bc6ce9b0091db49ae36cd685e891ebed11994288b6108d5878896cc004304f961816ce1d575c44986f691f2d059eda6a6b37223d4c1878025b0c6863a6,,06/27/2018 03:40:00 PM,30,TRAFFIC SIGNAL,FUNCTIONING PROPERLY,CLEAR,DAYLIGHT,PARKED MOTOR VEHICLE,NOT DIVIDED,,STRAIGHT AND LEVEL,DRY,NO DEFECTS,NOT ON SCENE (DESK REPORT),NO INJURY / DRIVE AWAY,,,,"OVER $1,500",06/27/2018 06:17:00 PM,IMPROPER BACKING,NOT APPLICABLE,1222,N,DEARBORN ST,1824.0,,,,,,,2,NO INDICATION OF INJURY,0.0,0.0,0.0,0.0,0.0,1.0,0.0,15,4,6,41.9046150817,-87.6301530781,POINT (-87.63015307807 41.904615081702)
c062460afe211342945cb8ef4e972c3ac4261d96782da84cff2240ebd8028849b0b5e6b91c65e3542c04ccf000f08d45b0553579181b6580aaba08533fabacba,,04/08/2024 12:37:00 AM,30,STOP SIGN/FLASHER,FUNCTIONING PROPERLY,CLEAR,"DARKNESS, LIGHTED ROAD",ANGLE,UNKNOWN INTERSECTION TYPE,,STRAIGHT AND LEVEL,DRY,NO DEFECTS,ON SCENE,INJURY AND / OR TOW DUE TO CRASH,,,,"OVER $1,500",04/08/2024 12:40:00 AM,DISREGARDING STOP SIGN,NOT APPLICABLE,800,N,PINE AVE,1524.0,,,,,,,2,NO INDICATION OF INJURY,0.0,0.0,0.0,0.0,0.0,2.0,0.0,0,2,4,41.8949097698,-87.7637165363,POINT (-87.763716536304 41.894909769847)
be3b9ca15a2d95a3b8f509038c8f0f50c085b09d5d6f1e1c383fafd52efb3a39691edbb89d02de05bb4e61d21d942de14429aedce3adf71b5323882e0ebdae65,,07/13/2021 07:30:00 PM,30,NO CONTROLS,NO CONTROLS,RAIN,UNKNOWN,PARKED MOTOR VEHICLE,DIVIDED - W/MEDIAN (NOT RAISED),,STRAIGHT AND LEVEL,WET,NO DEFECTS,,INJURY AND / OR TOW DUE TO CRASH,,,,$500 OR LESS,07/18/2021 04:30:00 PM,UNABLE TO DETERMINE,UNABLE TO DETERMINE,6720,S,RACINE AVE,724.0,,,,,,,2,NONINCAPACITATING INJURY,1.0,0.0,0.0,1.0,0.0,0.0,0.0,19,3,7,41.7716753118,-87.654440504,POINT (-87.654440503964 41.771675311833)
e0f9dad4987fa7723a1e62126cedc4cfacac088435a2db5e9b282e029060869350c91f839c23964cd60e2b3bad75161a5e59c394717501dfd926d6dd70e9cbb7,,10/18/2017 05:00:00 AM,35,NO CONTROLS,NO CONTROLS,CLEAR,"DARKNESS, LIGHTED ROAD",HEAD ON,NOT DIVIDED,2,CURVE ON HILLCREST,DRY,NO DEFECTS,ON SCENE,INJURY AND / OR TOW DUE TO CRASH,,,Y,"OVER $1,500",10/18/2017 05:05:00 AM,FAILING TO REDUCE SPEED TO AVOID CRASH,UNABLE TO DETERMINE,9801,S,STATE ST,511.0,,,,,,,2,"REPORTED, NOT EVIDENT",1.0,0.0,0.0,0.0,1.0,1.0,0.0,5,4,10,41.7168791941,-87.6226110894,POINT (-87.622611089402 41.716879194148)
d3a30d91c5b2b5e1b68d6ab853cedf2cbdc437fbc8de3dbb18faec1a487f6f2205d3c22109006abf54b0f615dcf3e5fd370a403d24cecfe3150f26a4743aabad,,04/23/2019 09:13:00 AM,30,NO CONTROLS,NO CONTROLS,CLEAR,DAYLIGHT,REAR END,ONE-WAY,,STRAIGHT AND LEVEL,DRY,OTHER,ON SCENE,NO INJURY / DRIVE AWAY,,,Y,"$501 - $1,500",04/23/2019 09:37:00 AM,UNABLE TO DETERMINE,UNABLE TO DETERMINE,1401,W,77TH ST,612.0,,,,Y,CONSTRUCTION,,2,NO INDICATION OF INJURY,0.0,0.0,0.0,0.0,0.0,3.0,0.0,9,3,4,41.7539536648,-87.6587610603,POINT (-87.658761060251 41.753953664761)
13314c38ed839762a0d722568ed7b4d5880c3cf806a673d78199ca5fcbc56c12bb73de9ac7d4b9b1f26d09e6444a3891ae586934ad7d64b49efd1b6f1b82fa08,,11/30/2015 07:45:00 AM,30,NO CONTROLS,NO CONTROLS,CLEAR,DAYLIGHT,FIXED OBJECT,DIVIDED - W/MEDIAN (NOT RAISED),2,STRAIGHT AND LEVEL,OTHER,OTHER,NOT ON SCENE (DESK REPORT),INJURY AND / OR TOW DUE TO CRASH,,,,"OVER $1,500",12/01/2015 03:35:00 PM,ROAD CONSTRUCTION/MAINTENANCE,ROAD CONSTRUCTION/MAINTENANCE,1432,E,83RD ST,411.0,,,,,,,1,NONINCAPACITATING INJURY,1.0,0.0,0.0,1.0,0.0,1.0,0.0,7,2,11,41.7442657263,-87.5891833104,POINT (-87.589183310386 41.744265726319)
baedc9441ea6ac8ca9b47dda6b0f5bf96d6648d56d367462fcd4007e2cf40650a094954a6235f322c734cbbb4a7a671b4a6277dac46a82662f194226398946ea,N,07/05/2024 09:00:00 PM,30,NO CONTROLS,NO CONTROLS,CLEAR,UNKNOWN,PARKED MOTOR VEHICLE,ONE-WAY,,STRAIGHT AND LEVEL,DRY,NO DEFECTS,NOT ON SCENE (DESK REPORT),NO INJURY / DRIVE AWAY,,,Y,"OVER $1,500",07/06/2024 05:30:00 PM,UNABLE TO DETERMINE,NOT APPLICABLE,7534,S,COLFAX AVE,421.0,,,,,,,2,NO INDICATION OF INJURY,0.0,0.0,0.0,0.0,0.0,1.0,0.0,21,6,7,41.7580065121,-87.5616503533,POINT (-87.561650353265 41.758006512076)
f11bb225425e84f140118f025f6d95f0bcdec41a9bca25e68cc5650e5275903b2a7d3230b59d1dcfa12f1d3927804215693f7822d11df9a7784ff1ef078e5715,,01/02/2024 02:50:00 PM,30,TRAFFIC SIGNAL,FUNCTIONING PROPERLY,CLEAR,DAYLIGHT,REAR END,DIVIDED - W/MEDIAN (NOT RAISED),,STRAIGHT AND LEVEL,DRY,UNKNOWN,ON SCENE,NO INJURY / DRIVE AWAY,,,,"$501 - $1,500",01/02/2024 03:00:00 PM,UNABLE TO DETERMINE,UNABLE TO DETERMINE,4700,S,WESTERN AVE,922.0,,,,,,,2,NO INDICATION OF INJURY,0.0,0.0,0.0,0.0,0.0,2.0,0.0,14,3,1,41.8083784079,-87.6845707169,POINT (-87.684570716896 41.808378407947)
77f661074d4c714bcccbb0cc4ac06948011a891b70ae3ab7e326cddcc82e7dddfa6d9612ac233cb501422912bac1874a2311c328cff1102f5490cffc29bc9b21,Y,08/27/2022 10:00:00 PM,30,NO CONTROLS,NO CONTROLS,UNKNOWN,UNKNOWN,PARKED MOTOR VEHICLE,ONE-WAY,,STRAIGHT AND LEVEL,DRY,NO DEFECTS,NOT ON SCENE (DESK REPORT),NO INJURY / DRIVE AWAY,,,Y,"OVER $1,500",08/28/2022 04:20:00 PM,UNABLE TO DETERMINE,UNABLE TO DETERMINE,2520,W,GUNNISON ST,2031.0,,,,,,,2,NO INDICATION OF INJURY,0.0,0.0,0.0,0.0,0.0,1.0,0.0,22,7,8,41.9697902515,-87.6922610269,POINT (-87.692261026931 41.969790251527)
55a3b35975af6a5dfb23f8f8dad0d269d2f20e9ac4b05901fe17a88636fb4861261893e9355bfaa1d008776abe9172d8b2c94060dc5d7d1928797d7b73cf536d,,05/28/2024 03:40:00 PM,30,NO CONTROLS,NO CONTROLS,RAIN,DUSK,PARKED MOTOR VEHICLE,NOT DIVIDED,,STRAIGHT AND LEVEL,WET,NO DEFECTS,ON SCENE,NO INJURY / DRIVE AWAY,,,,"OVER $1,500",05/28/2024 03:47:00 PM,IMPROPER TURNING/NO SIGNAL,UNABLE TO DETERMINE,171,W,OAK ST,1832.0,,,,,,,2,NO INDICATION OF INJURY,0.0,0.0,0.0,0.0,0.0,4.0,0.0,15,3,5,41.9004327751,-87.6341928663,POINT (-87.634192866348 41.900432775079)
819bc95490435ed0184d2f8d709e7841852207e3ca43645e4c3fca286214b1d5f619a08910c0ef6aecdff6bb5f85461883cd5c06c27beb63b57fee6728a397ac,,08/27/2022 12:23:00 AM,30,TRAFFIC SIGNAL,FUNCTIONING PROPERLY,CLEAR,"DARKNESS, LIGHTED ROAD",TURNING,FOUR WAY,,STRAIGHT AND LEVEL,DRY,NO DEFECTS,ON SCENE,INJURY AND / OR TOW DUE TO CRASH,Y,,,"OVER $1,500",08/27/2022 12:23:00 AM,FAILING TO YIELD RIGHT-OF-WAY,UNDER THE INFLUENCE OF ALCOHOL/DRUGS (USE WHEN ARREST IS EFFECTED),5160,W,MADISON ST,1533.0,,,,,,,2,"REPORTED, NOT EVIDENT",3.0,0.0,0.0,0.0,3.0,0.0,0.0,0,7,8,41.8804826457,-87.7549939227,POINT (-87.754993922723 41.880482645698)
4d6bb59829f3f4d784bd5c3dd9a800104b040c9e96b6e23f6543df91f7f61c37ae06151efc141abe9ba7d32dc6d222f45a4c51dc56bb8fec8bda52fc9600b02d,,01/26/2020 06:50:00 AM,30,NO CONTROLS,NO CONTROLS,CLEAR,"DARKNESS, LIGHTED ROAD",PARKED MOTOR VEHICLE,NOT DIVIDED,,STRAIGHT ON GRADE,WET,NO DEFECTS,ON SCENE,INJURY AND / OR TOW DUE TO CRASH,,,,"OVER $1,500",01/26/2020 06:50:00 AM,UNABLE TO DETERMINE,UNABLE TO DETERMINE,6837,N,RIDGE BLVD,2424.0,,,,,,,5,NO INDICATION OF INJURY,0.0,0.0,0.0,0.0,0.0,1.0,0.0,6,1,1,42.0064103135,-87.6805703776,POINT (-87.680570377624 42.00641031353)
bbbc843275a722bf37fe63a0e2d1e314e815225bd56228ac1544ca403fdfc51c52be3868e8d47415a5112ee3b0242ecbe9674b977f98cbf3fab4486a30ce5391,,12/01/2023 01:12:00 PM,25,FLASHING CONTROL SIGNAL,FUNCTIONING PROPERLY,RAIN,DAYLIGHT,TURNING,NOT DIVIDED,,STRAIGHT AND LEVEL,WET,NO DEFECTS,ON SCENE,NO INJURY / DRIVE AWAY,Y,,,"OVER $1,500",12/01/2023 01:12:00 PM,IMPROPER TURNING/NO SIGNAL,IMPROPER TURNING/NO SIGNAL,7100,S,JEFFERY BLVD,333.0,,,,,,,2,NO INDICATION OF INJURY,0.0,0.0,0.0,0.0,0.0,2.0,0.0,13,6,12,41.7660277795,-87.5764431228,POINT (-87.576443122779 41.766027779516)
0bdab35f2d528701c587a6eaf3f0b37afc2c4ea0208d549186f0897691d4819a5dcf64a7315733da7ede17974b58dc23ab3903ca7226540e0d1538f277c65e89,,01/28/2022 04:20:00 PM,30,NO CONTROLS,NO CONTROLS,CLEAR,DAYLIGHT,TURNING,NOT DIVIDED,,STRAIGHT AND LEVEL,DRY,NO DEFECTS,NOT ON SCENE (DESK REPORT),NO INJURY / DRIVE AWAY,,,Y,"$501 - $1,500",01/29/2022 09:07:00 AM,FAILING TO YIELD RIGHT-OF-WAY,FAILING TO YIELD RIGHT-OF-WAY,4200,S,VINCENNES AVE,214.0,,,,,,,2,NO INDICATION OF INJURY,0.0,0.0,0.0,0.0,0.0,2.0,0.0,16,6,1,41.8184547801,-87.6139174526,POINT (-87.613917452639 41.818454780061)
317bcae163bd8b6203703df0042f011d66ce5ac2bad225598a93a5d5317ac17f8139d6c96a70aa42e7b46c80892eece4cc2f77bc127fc8f99d98890d41bd483d,,09/30/2024 05:30:00 PM,30,NO CONTROLS,NO CONTROLS,CLEAR,DAYLIGHT,PARKED MOTOR VEHICLE,ONE-WAY,,STRAIGHT AND LEVEL,DRY,NO DEFECTS,NOT ON SCENE (DESK REPORT),NO INJURY / DRIVE AWAY,,,Y,"OVER $1,500",09/30/2024 07:40:00 PM,IMPROPER OVERTAKING/PASSING,NOT APPLICABLE,541,W,ARLINGTON PL,1935.0,,,,,,,2,NO INDICATION OF INJURY,0.0,0.0,0.0,0.0,0.0,1.0,0.0,17,2,9,41.9266348045,-87.6428435617,POINT (-87.64284356168 41.926634804489)
afdd5ccb3fcb1c6db3ab101562139dda0c18c254b1bb84de845a0f2fb1ebb9756fe808c721b9ae3181d8c64389ffb5d6e4b991f789d8336972fbee73e9946c9c,,07/20/2025 07:30:00 PM,30,TRAFFIC SIGNAL,FUNCTIONING PROPERLY,CLEAR,DAYLIGHT,PEDESTRIAN,FOUR WAY,,STRAIGHT AND LEVEL,DRY,NO DEFECTS,ON SCENE,INJURY AND / OR TOW DUE TO CRASH,Y,,,$500 OR LESS,07/20/2025 07:32:00 PM,FAILING TO YIELD RIGHT-OF-WAY,UNABLE TO DETERMINE,4800,W,JACKSON BLVD,1533.0,,Y,,,,,4,NONINCAPACITATING INJURY,3.0,0.0,0.0,3.0,0.0,1.0,0.0,19,1,7,41.8769146784,-87.7451932719,POINT (-87.745193271853 41.876914678407)
0bf157ea05efba67c692b826ba8429b6d9664d5f99067f2d6455f6295e1238f4161584e10e43b3675759352e2d65272bb5e9eef577a117e1739b3948580e07b1,Y,11/24/2023 05:00:00 PM,35,NO CONTROLS,NO CONTROLS,CLEAR,UNKNOWN,PARKED MOTOR VEHICLE,NOT DIVIDED,,STRAIGHT AND LEVEL,DRY,NO DEFECTS,NOT ON SCENE (DESK REPORT),NO INJURY / DRIVE AWAY,,,Y,"OVER $1,500",11/25/2023 10:00:00 PM,UNABLE TO DETERMINE,UNABLE TO DETERMINE,4200,W,SCHOOL ST,1731.0,,,,,,,2,NO INDICATION OF INJURY,0.0,0.0,0.0,0.0,0.0,1.0,0.0,17,6,11,41.9409581502,-87.7322117369,POINT (-87.732211736948 41.940958150201)
efc79255c2e69c51677fd502a0bc14a3a18d53394487bd39067debae2a2d9e9c804194f6e7ea83ea5956541a0a5b2cd142f9e32b83648f8254ca7098c2f976b4,,04/06/2024 09:00:00 PM,30,NO CONTROLS,NO CONTROLS,CLEAR,DARKNESS,PARKED MOTOR VEHICLE,NOT DIVIDED,,STRAIGHT AND LEVEL,DRY,UNKNOWN,NOT ON SCENE (DESK REPORT),NO INJURY / DRIVE AWAY,,,Y,"OVER $1,500",04/06/2024 11:04:00 PM,UNABLE TO DETERMINE,UNABLE TO DETERMINE,7195,W,WAVELAND AVE,1632.0,Y,Y,,,,,2,NO INDICATION OF INJURY,0.0,0.0,0.0,0.0,0.0,1.0,0.0,21,7,4,41.9469713719,-87.8070019603,POINT (-87.807001960271 41.946971371867)
593e8c1c36665da404f2dd9a96c2a3a90c89c2e56e7f604468ebab31adf3d547523a72eb6b62dc698b6c98f422d4556ec760f7995a5e5a004251b31e4c17bdef,,08/07/2019 06:20:00 PM,30,NO CONTROLS,UNKNOWN,CLEAR,DAYLIGHT,PARKED MOTOR VEHICLE,ONE-WAY,,STRAIGHT AND LEVEL,DRY,NO DEFECTS,ON SCENE,NO INJURY / DRIVE AWAY,,,Y,$500 OR LESS,08/07/2019 06:20:00 PM,UNABLE TO DETERMINE,UNABLE TO DETERMINE,4022,N,RAVENSWOOD AVE,1912.0,,,,,,,2,NO INDICATION OF INJURY,0.0,0.0,0.0,0.0,0.0,1.0,0.0,18,4,8,41.9550415249,-87.6743848654,POINT (-87.674384865441 41.955041524922)
fe8fd1880f18fb8affbeef8ab302eb6bf7f000c52289ca85af9144180e6653c3f40d6e8ff234f07f72539fe43ec4cd37cdf3c55a901ae36dfbd769ffcebd06f3,Y,12/02/2015 08:33:00 PM,30,NO CONTROLS,NO CONTROLS,CLEAR,"DARKNESS, LIGHTED ROAD",REAR END,NOT DIVIDED,1,STRAIGHT AND LEVEL,DRY,NO DEFECTS,ON SCENE,NO INJURY / DRIVE AWAY,Y,,,"$501 - $1,500",12/02/2015 08:33:00 PM,NOT APPLICABLE,NOT APPLICABLE,7427,S,JEFFERY BLVD,333.0,,Y,,,,,2,NO INDICATION OF INJURY,0.0,0.0,0.0,0.0,0.0,2.0,0.0,20,4,12,41.7598963024,-87.576017342,POINT (-87.576017342017 41.759896302412)
065ca7bf72778c2b590c5668fc52440ccf31b6082343d069b882d7a5a3221d777c89c7386c1de878f5f243b57edd75376bd27199ea4e8423572f9bd74df65f3a,N,10/14/2020 06:15:00 PM,30,TRAFFIC SIGNAL,FUNCTIONING PROPERLY,CLEAR,"DARKNESS, LIGHTED ROAD",TURNING,RAMP,,STRAIGHT AND LEVEL,UNKNOWN,UNKNOWN,NOT ON SCENE (DESK REPORT),NO INJURY / DRIVE AWAY,Y,,Y,"OVER $1,500",10/15/2020 09:15:00 PM,IMPROPER LANE USAGE,UNABLE TO DETERMINE,3211,N,LAKE SHORE DR,1925.0,,,,,,,2,NO INDICATION OF INJURY,0.0,0.0,0.0,0.0,0.0,2.0,0.0,18,4,10,41.9411375863,-87.6392693904,POINT (-87.639269390385 41.941137586267)
40f17f6cbb78ad8741075eeadecb2f8828acdbcd9044ba32fe577ee8396b4e26600a9a4dd98f23e4eb0bc76e26f32090e1aba612750f38f06feef7fc3b913654,,11/27/2017 11:58:00 AM,30,TRAFFIC SIGNAL,FUNCTIONING PROPERLY,CLEAR,DAYLIGHT,TURNING,NOT DIVIDED,4,STRAIGHT AND LEVEL,DRY,NO DEFECTS,ON SCENE,NO INJURY / DRIVE AWAY,Y,,,"$501 - $1,500",11/27/2017 12:48:00 PM,DRIVING SKILLS/KNOWLEDGE/EXPERIENCE,DRIVING SKILLS/KNOWLEDGE/EXPERIENCE,4,N,CENTRAL AVE,1513.0,,,,,,,2,NO INDICATION OF INJURY,0.0,0.0,0.0,0.0,0.0,6.0,0.0,11,2,11,41.8804033041,-87.7650117958,POINT (-87.765011795832 41.880403304106)
22f1c200e59d80205433674426d40a401e5b11422296ec520003b6370d2b2a7ce0f4643a657eb77ba0e427956504a281d31136ce7a4f2b9f3c34055fb3a61efa,,05/31/2019 07:15:00 AM,25,NO CONTROLS,NO CONTROLS,CLEAR,DAYLIGHT,SIDESWIPE SAME DIRECTION,NOT DIVIDED,,STRAIGHT AND LEVEL,DRY,NO DEFECTS,ON SCENE,NO INJURY / DRIVE AWAY,,,Y,"OVER $1,500",05/31/2019 07:20:00 AM,IMPROPER OVERTAKING/PASSING,UNABLE TO DETERMINE,2344,W,GRANVILLE AVE,2413.0,,,,,,,2,NO INDICATION OF INJURY,0.0,0.0,0.0,0.0,0.0,3.0,0.0,7,6,5,41.9942132401,-87.6891190964,POINT (-87.689119096398 41.994213240065)
d85530354eeb67f0450af21e58a6bde1a4a07bcc35c4c4143df9dbb18d4f67d242cbb46dbffeabc398ec3fde953b24bfd02a60c588e044d7dbf3d83ea4eadb8c,,09/21/2025 11:57:00 AM,30,NO CONTROLS,NO CONTROLS,CLEAR,DAYLIGHT,REAR END,DIVIDED - W/MEDIAN BARRIER,,STRAIGHT AND LEVEL,DRY,NO DEFECTS,ON SCENE,NO INJURY / DRIVE AWAY,,,,"OVER $1,500",09/21/2025 12:01:00 PM,FOLLOWING TOO CLOSELY,NOT APPLICABLE,4941,W,CHICAGO AVE,1531.0,,,,,,,2,NO INDICATION OF INJURY,0.0,0.0,0.0,0.0,0.0,3.0,0.0,11,1,9,41.8948620663,-87.7498980078,POINT (-87.749898007752 41.894862066332)