CRASH_RECORD_ID,CRASH_DATE_EST_I,CRASH_DATE,POSTED_SPEED_LIMIT,TRAFFIC_CONTROL_DEVICE,DEVICE_CONDITION,WEATHER_CONDITION,LIGHTING_CONDITION,FIRST_CRASH_TYPE,TRAFFICWAY_TYPE,LANE_CNT,ALIGNMENT,ROADWAY_SURFACE_COND,ROAD_DEFECT,REPORT_TYPE,CRASH_TYPE,INTERSECTION_RELATED_I,NOT_RIGHT_OF_WAY_I,HIT_AND_RUN_I,DAMAGE,DATE_POLICE_NOTIFIED,PRIM_CONTRIBUTORY_CAUSE,SEC_CONTRIBUTORY_CAUSE,STREET_NO,STREET_DIRECTION,STREET_NAME,BEAT_OF_OCCURRENCE,PHOTOS_TAKEN_I,STATEMENTS_TAKEN_I,DOORING_I,WORK_ZONE_I,WORK_ZONE_TYPE,WORKERS_PRESENT_I,NUM_UNITS,MOST_SEVERE_INJURY,INJURIES_TOTAL,INJURIES_FATAL,INJURIES_INCAPACITATING,INJURIES_NON_INCAPACITATING,INJURIES_REPORTED_NOT_EVIDENT,INJURIES_NO_INDICATION,INJURIES_UNKNOWN,CRASH_HOUR,CRASH_DAY_OF_WEEK,CRASH_MONTH,LATITUDE,LONGITUDE,LOCATION
02d963f0a2429e38ed4cdc990a40b8ebb0ef20b55d550c96adead9c2661e5d27d851b9923858ea400727d77bab44b1fb2a6063b13ade1a2387af2fbdfa7ada5c,,06/26/2023 04:32:00 PM,30,NO CONTROLS,NO CONTROLS,CLEAR,DAYLIGHT,TURNING,NOT DIVIDED,,STRAIGHT AND LEVEL,DRY,NO DEFECTS,,INJURY AND / OR TOW DUE TO CRASH,Y,,,"OVER $1,500",06/26/2023 04:35:00 PM,FAILING TO YIELD RIGHT-OF-WAY,FAILING TO REDUCE SPEED TO AVOID CRASH,2665,N,ELSTON AVE,1432.0,,,,,,,2,NONINCAPACITATING INJURY,1.0,0.0,0.0,1.0,0.0,1.0,0.0,16,2,6,41.9301493799,-87.6846468858,POINT (-87.684646885781 41.93014937989)
78b167a988527149ecafc40bbb15b1bd05334d83a533208c4b605a4c034287965e4a98f87fa46076e1cfae2f2617c6b2b1797d1bbea293a888aca4889faea370,,08/10/2021 09:20:00 AM,25,NO CONTROLS,NO CONTROLS,CLEAR,DAYLIGHT,PARKED MOTOR VEHICLE,ONE-WAY,,STRAIGHT AND LEVEL,DRY,NO DEFECTS,ON SCENE,NO INJURY / DRIVE AWAY,,,,$500 OR LESS,08/10/2021 09:21:00 AM,UNABLE TO DETERMINE,UNABLE TO DETERMINE,161,E,PEARSON ST,1833.0,,,,,,,2,NO INDICATION OF INJURY,0.0,0.0,0.0,0.0,0.0,2.0,0.0,9,3,8,41.8974830805,-87.6234570357,POINT (-87.623457035683 41.897483080537)
bb49c42e62b2a6a42f8065ce3128712e71a704f656025c60cc797216effa0fbb9c367816df6355b997de2767e4ff5c2f7f75f17e226c0ee46ea53c42d8be3bf8,,04/01/2025 12:40:00 PM,30,NO CONTROLS,NO CONTROLS,CLEAR,DAYLIGHT,SIDESWIPE SAME DIRECTION,DIVIDED - W/MEDIAN (NOT RAISED),,STRAIGHT AND LEVEL,DRY,NO DEFECTS,ON SCENE,INJURY AND / OR TOW DUE TO CRASH,,,,"OVER $1,500",04/01/2025 01:00:00 PM,NOT APPLICABLE,NOT APPLICABLE,4765,W,DEVON AVE,1711.0,,,,,,,2,"REPORTED, NOT EVIDENT",1.0,0.0,0.0,0.0,1.0,1.0,0.0,12,3,4,41.9971775871,-87.7482197192,POINT (-87.748219719205 41.997177587139)
c72f4de4bf200b714c5d2a1e1509bf4f666f95bd6a41360dc57e01ae1e50ff67d58293d4b2f5e2ad82b75ce5a85b79ccdcfe544bd046552eda553260fb090062,,11/13/2022 12:15:00 PM,30,NO CONTROLS,NO CONTROLS,CLEAR,DAYLIGHT,PARKED MOTOR VEHICLE,PARKING LOT,,STRAIGHT AND LEVEL,DRY,NO DEFECTS,NOT ON SCENE (DESK REPORT),NO INJURY / DRIVE AWAY,,,,"OVER $1,500",11/14/2022 03:45:00 PM,UNABLE TO DETERMINE,UNABLE TO DETERMINE,8700,S,LOOMIS ST,2222.0,,,,,,,2,NO INDICATION OF INJURY,0.0,0.0,0.0,0.0,0.0,3.0,0.0,12,1,11,41.7357686533,-87.6583492732,POINT (-87.658349273218 41.735768653272)
29cadf393f08caa39e5344efea7afc7140da525d26817eed5f189dba3af9a242b00387057c5f4bc126634ade5b22329071af101bd817ecd832474fd52af74a61,,11/20/2020 08:37:00 PM,30,NO CONTROLS,NO CONTROLS,CLEAR,"DARKNESS, LIGHTED ROAD",PARKED MOTOR VEHICLE,NOT DIVIDED,,STRAIGHT AND LEVEL,DRY,NO DEFECTS,ON SCENE,NO INJURY / DRIVE AWAY,,,,$500 OR LESS,11/20/2020 08:37:00 PM,UNABLE TO DETERMINE,UNABLE TO DETERMINE,2910,S,LOOMIS ST,913.0,,,,,,,2,NO INDICATION OF INJURY,0.0,0.0,0.0,0.0,0.0,2.0,0.0,20,6,11,41.8413924244,-87.6575056012,POINT (-87.657505601155 41.841392424377)
4450087aea48c2c5ac04e2178bfefe2a6a7f41ffb652b4b1922e7a02f946be126cccdda73459f93fad842bd8054bcf8e5a9d23c594ce676bcb7608cd3b6964e7,,11/01/2022 04:30:00 PM,30,TRAFFIC SIGNAL,FUNCTIONING PROPERLY,CLEAR,DAYLIGHT,SIDESWIPE SAME DIRECTION,ONE-WAY,,STRAIGHT AND LEVEL,DRY,NO DEFECTS,ON SCENE,NO INJURY / DRIVE AWAY,Y,,,"OVER $1,500",11/01/2022 04:38:00 PM,FAILING TO REDUCE SPEED TO AVOID CRASH,NOT APPLICABLE,5458,S,WELLS ST,935.0,,,,,,,2,NO INDICATION OF INJURY,0.0,0.0,0.0,0.0,0.0,6.0,0.0,16,3,11,41.7945600708,-87.6319284748,POINT (-87.631928474832 41.794560070768)
35f8796d9ec507da9adec4d6ca01ce86d3beb6e59535f98a336284d2cd23be44d73c4c61b7f23089929bacbba80eac087cd4b71f1fbf6609bdba0e05f62b91a2,,07/15/2016 11:00:00 PM,25,NO CONTROLS,NO CONTROLS,CLEAR,"DARKNESS, LIGHTED ROAD",PARKED MOTOR VEHICLE,ALLEY,1,STRAIGHT AND LEVEL,DRY,NO DEFECTS,NOT ON SCENE (DESK REPORT),NO INJURY / DRIVE AWAY,,,,"$501 - $1,500",07/16/2016 12:15:00 PM,UNABLE TO DETERMINE,NOT APPLICABLE,62,N,LOTUS AVE,1522.0,,,,,,,2,NO INDICATION OF INJURY,0.0,0.0,0.0,0.0,0.0,1.0,0.0,23,6,7,41.8821267902,-87.7617505424,POINT (-87.761750542432 41.882126790192)
147abee9262cec0fe7c3e079e315b42b40392b5385e610e2c1a3def8934b368e361e9d883d579b38fee0d6afb271b5cae1bd6b9e8a678f9a3befd8a52ee87c49,,01/24/2023 08:21:00 AM,30,STOP SIGN/FLASHER,FUNCTIONING PROPERLY,CLEAR,DAYLIGHT,SIDESWIPE SAME DIRECTION,NOT DIVIDED,,STRAIGHT AND LEVEL,DRY,NO DEFECTS,NOT ON SCENE (DESK REPORT),NO INJURY / DRIVE AWAY,,,Y,"OVER $1,500",01/24/2023 08:57:00 AM,IMPROPER OVERTAKING/PASSING,FOLLOWING TOO CLOSELY,3801,W,59TH ST,822.0,,,,,,,2,NO INDICATION OF INJURY,0.0,0.0,0.0,0.0,0.0,3.0,0.0,8,3,1,41.7859020177,-87.7181770049,POINT (-87.718177004852 41.785902017735)
8a92c7628c791f9312921b0ac7f4d3923bf5cafa389e4001b8e673252593dafec5ae2246904cac2633c9fd48e44eb1dbfb219887454a3599773a9dfa370fdb6e,,10/05/2018 11:36:00 AM,30,NO CONTROLS,NO CONTROLS,CLOUDY/OVERCAST,DAYLIGHT,SIDESWIPE SAME DIRECTION,DIVIDED - W/MEDIAN (NOT RAISED),1,STRAIGHT AND LEVEL,DRY,NO DEFECTS,ON SCENE,NO INJURY / DRIVE AWAY,,,,"OVER $1,500",10/05/2018 11:36:00 AM,FAILING TO YIELD RIGHT-OF-WAY,FAILING TO YIELD RIGHT-OF-WAY,1037,W,18TH ST,1235.0,,,,,,,2,NO INDICATION OF INJURY,0.0,0.0,0.0,0.0,0.0,2.0,0.0,11,6,10,41.8578902355,-87.6531585176,POINT (-87.653158517584 41.857890235503)
1797cb81f4048aa6872dbc491909efd567500f570809a15671a1bb4f67d09f2d3470affc1fe5a47461bd02343a58c3d6e3a7de8a83d20961254471f68704e684,,08/24/2023 09:41:00 PM,30,TRAFFIC SIGNAL,FUNCTIONING PROPERLY,CLEAR,"DARKNESS, LIGHTED ROAD",FIXED OBJECT,NOT DIVIDED,,STRAIGHT AND LEVEL,DRY,NO DEFECTS,NOT ON SCENE (DESK REPORT),INJURY AND / OR TOW DUE TO CRASH,Y,,,"OVER $1,500",08/24/2023 09:43:00 PM,"OPERATING VEHICLE IN ERRATIC, RECKLESS, CARELESS, NEGLIGENT OR AGGRESSIVE MANNER",NOT APPLICABLE,1559,W,PRATT BLVD,2432.0,,,,,,,1,NO INDICATION OF INJURY,0.0,0.0,0.0,0.0,0.0,1.0,0.0,21,5,8,42.0052726014,-87.6701420991,POINT (-87.670142099134 42.00527260141)
bcae2e425891721535f59547eab737dd0087d05ca82f8c143a8902d9add972120bb7022651b86a2304c0b6cab7514fa5b66e9845573ad92899ab398cc64380cf,Y,03/18/2025 12:01:00 PM,20,NO CONTROLS,NO CONTROLS,CLEAR,DAYLIGHT,SIDESWIPE OPPOSITE DIRECTION,DIVIDED - W/MEDIAN (NOT RAISED),,STRAIGHT AND LEVEL,DRY,NO DEFECTS,NOT ON SCENE (DESK REPORT),NO INJURY / DRIVE AWAY,,,N,"OVER $1,500",03/18/2025 12:40:00 PM,NOT APPLICABLE,NOT APPLICABLE,5255,W,MADISON ST,1522.0,,,,,,,2,NO INDICATION OF INJURY,0.0,0.0,0.0,0.0,0.0,3.0,0.0,12,3,3,41.8802365439,-87.7572203921,POINT (-87.757220392117 41.880236543866)
96f4dbf9c7b05172e4ba426da376d8c9e50543038c7a88d248d431d445293909196fb6be1328916aaa0568e69a732555f62b5c0c35d136a2b2069cd6cfb26441,,02/15/2018 07:35:00 PM,30,NO CONTROLS,UNKNOWN,UNKNOWN,"DARKNESS, LIGHTED ROAD",PARKED MOTOR VEHICLE,PARKING LOT,,STRAIGHT AND LEVEL,UNKNOWN,UNKNOWN,NOT ON SCENE (DESK REPORT),NO INJURY / DRIVE AWAY,,,,"$501 - $1,500",02/16/2018 01:00:00 AM,NOT APPLICABLE,NOT APPLICABLE,3246,W,ADDISON ST,1733.0,,,,,,,2,NO INDICATION OF INJURY,0.0,0.0,0.0,0.0,0.0,1.0,0.0,19,5,2,41.9467168984,-87.7096718737,POINT (-87.709671873679 41.946716898377)
c78dd72139507e5c044ceef5d8f9a21ac3d57f1490346e9a131cc36ca513cce75bfc3ecc95e42e50525488821afdf0126e4d4c606f2fae63a543e621f3a605d3,,04/10/2022 09:35:00 AM,30,STOP SIGN/FLASHER,FUNCTIONING PROPERLY,CLEAR,DAYLIGHT,REAR END,ONE-WAY,,STRAIGHT AND LEVEL,DRY,UNKNOWN,ON SCENE,NO INJURY / DRIVE AWAY,,,Y,"$501 - $1,500",04/10/2022 09:45:00 AM,UNABLE TO DETERMINE,UNABLE TO DETERMINE,6301,S,LA CROSSE AVE,813.0,,,,,,,2,NO INDICATION OF INJURY,0.0,0.0,0.0,0.0,0.0,3.0,0.0,9,1,4,41.7783175643,-87.7433548343,POINT (-87.743354834296 41.778317564273)
73651218dc7e5b90b51346215f3ea283958323853c34e993ad0b7ec84e0cb4f97bb4bd0f8fc735ec490e19d2c403beadaf275e186d335a86af6dc79a7bcc6f5e,,04/27/2016 08:00:00 AM,30,STOP SIGN/FLASHER,FUNCTIONING PROPERLY,CLEAR,DAYLIGHT,ANGLE,NOT DIVIDED,4,STRAIGHT AND LEVEL,DRY,NO DEFECTS,NOT ON SCENE (DESK REPORT),NO INJURY / DRIVE AWAY,,,,"OVER $1,500",04/27/2016 09:00:00 AM,FAILING TO YIELD RIGHT-OF-WAY,FAILING TO YIELD RIGHT-OF-WAY,3900,W,63RD ST,823.0,,,,,,,2,NO INDICATION OF INJURY,0.0,0.0,0.0,0.0,0.0,2.0,0.0,8,4,4,41.7788035284,-87.7204329846,POINT (-87.720432984625 41.778803528412)
76040dbef36412c30fb46496f9e71816231aa6d498c0b9b165bf57c44ddf8312d501a87e6a77eedf352107c41f4bd648b3fff2d2a79505d8a6b72338bf154113,,04/22/2025 08:15:00 PM,35,TRAFFIC SIGNAL,FUNCTIONING PROPERLY,CLEAR,"DARKNESS, LIGHTED ROAD",TURNING,UNKNOWN INTERSECTION TYPE,,STRAIGHT AND LEVEL,DRY,NO DEFECTS,ON SCENE,NO INJURY / DRIVE AWAY,Y,,Y,"OVER $1,500",04/22/2025 08:18:00 PM,DISREGARDING TRAFFIC SIGNALS,FAILING TO YIELD RIGHT-OF-WAY,4642,S,CICERO AVE,814.0,,,,,,,2,NO INDICATION OF INJURY,0.0,0.0,0.0,0.0,0.0,2.0,0.0,20,3,4,41.8081652474,-87.7433087463,POINT (-87.743308746327 41.808165247446)
146cd7662f8f07caf442bc7cad1d82b80adbe90038cb30f2412da9af71ea52d2bba3a5ebbf39497f6d43749588a3b273f810dd8339d8e2af9009e229c6cc2735,,12/07/2016 03:13:00 PM,30,NO CONTROLS,NO CONTROLS,CLEAR,DAYLIGHT,PARKED MOTOR VEHICLE,OTHER,,STRAIGHT AND LEVEL,DRY,NO DEFECTS,NOT ON SCENE (DESK REPORT),NO INJURY / DRIVE AWAY,,,Y,"OVER $1,500",12/07/2016 03:13:00 PM,NOT APPLICABLE,NOT APPLICABLE,4800,S,KARLOV AVE,815.0,,,,,,,2,NO INDICATION OF INJURY,0.0,0.0,0.0,0.0,0.0,4.0,0.0,15,4,12,41.8059152669,-87.72612296,POINT (-87.726122960049 41.805915266898)
59ee67cd917ea0b26f16b534882ec63f7895aee9140a97d3a36e5d9827a9353f1695282e2b235d51d4080bb8baf0568e71064d932592f5079578963650efcaa1,,06/06/2020 02:50:00 PM,25,STOP SIGN/FLASHER,FUNCTIONING IMPROPERLY,CLEAR,DAYLIGHT,HEAD ON,ONE-WAY,,STRAIGHT AND LEVEL,DRY,NO DEFECTS,ON SCENE,INJURY AND / OR TOW DUE TO CRASH,Y,,Y,"OVER $1,500",06/06/2020 03:00:00 PM,UNABLE TO DETERMINE,NOT APPLICABLE,5098,W,CONGRESS PKWY,1533.0,,,,,,,2,NO INDICATION OF INJURY,0.0,0.0,0.0,0.0,0.0,1.0,0.0,14,7,6,41.8740765363,-87.7531138235,POINT (-87.75311382349 41.874076536347)
fe81098ce089fb11a402dca185b77c77d9f120482d674666e4224fd001407434d729bfcd675007216b47a2339876f43d2f325664f1d029db6ab8e62d7b4bcf69,Y,10/05/2022 07:45:00 AM,30,TRAFFIC SIGNAL,FUNCTIONING PROPERLY,CLEAR,DAYLIGHT,TURNING,NOT REPORTED,,STRAIGHT AND LEVEL,DRY,NO DEFECTS,NOT ON SCENE (DESK REPORT),NO INJURY / DRIVE AWAY,,,,"OVER $1,500",10/05/2022 11:20:00 AM,UNABLE TO DETERMINE,NOT APPLICABLE,8702,S,LAFAYETTE AVE,634.0,,,,,,,2,NO INDICATION OF INJURY,0.0,0.0,0.0,0.0,0.0,2.0,0.0,7,4,10,41.7361008861,-87.6255857771,POINT (-87.62558577707 41.736100886122)
fbaa70cf85e98490b1bdaac29c44654ae4d5c6e96cc169501b51049e454b68d7da9fbdb7ad44205935287c01cd0a577e9db998e2dcbde5a808ec4c9707192a3b,,08/23/2021 06:30:00 PM,30,STOP SIGN/FLASHER,NO CONTROLS,CLEAR,DAYLIGHT,PEDALCYCLIST,NOT DIVIDED,,STRAIGHT AND LEVEL,UNKNOWN,NO DEFECTS,NOT ON SCENE (DESK REPORT),INJURY AND / OR TOW DUE TO CRASH,Y,,,"$501 - $1,500",08/23/2021 07:30:00 PM,DISREGARDING OTHER TRAFFIC SIGNS,UNABLE TO DETERMINE,6700,N,ASHLAND AVE,2432.0,,,,,,,2,INCAPACITATING INJURY,1.0,0.0,1.0,0.0,0.0,1.0,0.0,18,2,8,42.003589982,-87.6706918049,POINT (-87.670691804931 42.003589982049)
2d8f58018407ba1564e0ada9ac324fd97fbb98f0c3281cc02ed95f3237592d88a747964766817428aad5492f5ea1cc2879aa1d904c83b808d61908ad5ec96d0d,,12/09/2022 10:38:00 AM,35,NO CONTROLS,NO CONTROLS,RAIN,DAYLIGHT,REAR END,DIVIDED - W/MEDIAN (NOT RAISED),,STRAIGHT ON GRADE,WET,UNKNOWN,ON SCENE,INJURY AND / OR TOW DUE TO CRASH,,,,"OVER $1,500",12/09/2022 10:45:00 AM,UNABLE TO DETERMINE,UNABLE TO DETERMINE,10601,S,PULASKI RD,2211.0,,,,,,,2,NO INDICATION OF INJURY,0.0,0.0,0.0,0.0,0.0,3.0,0.0,10,6,12,41.7003552742,-87.7205408964,POINT (-87.720540896446 41.70035527418)
74d3da56d7685af52b553213cf012ca5de0a17ef564cf81b6dc247fb947cfca32fc60ba0ea07aa29dd2c4671f3b88cd3db69052e381b78d26c78da109083d2f8,,12/30/2019 05:00:00 PM,30,TRAFFIC SIGNAL,UNKNOWN,UNKNOWN,"DARKNESS, LIGHTED ROAD",SIDESWIPE SAME DIRECTION,FOUR WAY,,STRAIGHT AND LEVEL,UNKNOWN,UNKNOWN,NOT ON SCENE (DESK REPORT),NO INJURY / DRIVE AWAY,,,Y,"OVER $1,500",12/30/2019 09:45:00 PM,UNABLE TO DETERMINE,UNABLE TO DETERMINE,2,E,63RD ST,311.0,,,,,,,2,NO INDICATION OF INJURY,0.0,0.0,0.0,0.0,0.0,2.0,0.0,17,2,12,41.7801686309,-87.6252922674,POINT (-87.625292267357 41.780168630918)
52d6b79e0cb52ac0e7193e83c59ad310132cf96dc6206148dc40f16a416f582cec094eb11fcd1ddb86382e0489156ac764e32c406e4d3d3a20841dae5f4ed18f,,02/23/2025 02:50:00 PM,15,STOP SIGN/FLASHER,UNKNOWN,UNKNOWN,UNKNOWN,TURNING,T-INTERSECTION,,STRAIGHT AND LEVEL,UNKNOWN,UNKNOWN,NOT ON SCENE (DESK REPORT),INJURY AND / OR TOW DUE TO CRASH,Y,,,"OVER $1,500",02/24/2025 10:45:00 AM,UNABLE TO DETERMINE,UNABLE TO DETERMINE,5862,W,CORTLAND ST,2531.0,,,,,,,2,"REPORTED, NOT EVIDENT",1.0,0.0,0.0,0.0,1.0,1.0,0.0,14,1,2,41.9143854266,-87.7727600362,POINT (-87.772760036162 41.914385426565)
ee7865f62ff9ac1cea0861ba9d7033dc4f677e71eff396ecaf1a1a700577c2e68f72c02f239ac5dd7a8115f57ceb8026d8a9a6157ab225cee356477aeed5f93b,,11/08/2022 04:00:00 PM,35,NO CONTROLS,NO CONTROLS,CLEAR,DAYLIGHT,PARKED MOTOR VEHICLE,PARKING LOT,,STRAIGHT AND LEVEL,DRY,UNKNOWN,NOT ON SCENE (DESK REPORT),NO INJURY / DRIVE AWAY,,,,"OVER $1,500",11/08/2022 04:30:00 PM,UNABLE TO DETERMINE,UNABLE TO DETERMINE,120,W,79TH ST,623.0,,,,,,,2,NO INDICATION OF INJURY,0.0,0.0,0.0,0.0,0.0,1.0,0.0,16,3,11,41.7510045181,-87.62787737,POINT (-87.627877369974 41.751004518061)
0abe5aa31df61d949b116d7fb8364708fb305e37eb9653184856ce4d836c7114f77cf33a7c648dc0ee200acdbb4e9e0a42a61609ce97de7afc39900168418c71,,12/17/2020 11:10:00 AM,30,UNKNOWN,UNKNOWN,CLEAR,"DARKNESS, LIGHTED ROAD",PARKED MOTOR VEHICLE,NOT DIVIDED,,STRAIGHT AND LEVEL,DRY,NO DEFECTS,NOT ON SCENE (DESK REPORT),NO INJURY / DRIVE AWAY,,,Y,"$501 - $1,500",12/18/2020 01:10:00 AM,UNABLE TO DETERMINE,UNABLE TO DETERMINE,1131,S,SACRAMENTO BLVD,1135.0,,,,,,,2,NO INDICATION OF INJURY,0.0,0.0,0.0,0.0,0.0,1.0,0.0,11,5,12,41.8673111249,-87.7006647966,POINT (-87.700664796582 41.867311124898)
472600ce39bb79cc0233d0c2a9146627f09a664bb04a8d23c28435b68fa05d1c2ce9b8e20861754f96f2916661fb520e6e15064cde4c1c2a0b7c0fa9076b4c43,,05/13/2019 04:40:00 PM,30,TRAFFIC SIGNAL,FUNCTIONING PROPERLY,CLEAR,DAYLIGHT,REAR END,DIVIDED - W/MEDIAN (NOT RAISED),,STRAIGHT AND LEVEL,DRY,NO DEFECTS,NOT ON SCENE (DESK REPORT),NO INJURY / DRIVE AWAY,,,,"OVER $1,500",05/13/2019 05:15:00 PM,FOLLOWING TOO CLOSELY,NOT APPLICABLE,45,E,ROOSEVELT RD,131.0,,,,,,,2,NO INDICATION OF INJURY,0.0,0.0,0.0,0.0,0.0,3.0,0.0,16,2,5,41.8673227694,-87.6257433742,POINT (-87.625743374207 41.867322769435)
610a1704a8a87378920c497564c0a540e1e218948d0811193d84c1e83b198e6c5a0205661cc99a41391f477e1c8044a63bd957b268339237912f35504d7a8123,,07/24/2016 08:15:00 PM,30,NO CONTROLS,NO CONTROLS,CLEAR,DARKNESS,PARKED MOTOR VEHICLE,ONE-WAY,1,STRAIGHT AND LEVEL,WET,NO DEFECTS,NOT ON SCENE (DESK REPORT),NO INJURY / DRIVE AWAY,,,,"OVER $1,500",07/24/2016 08:25:00 PM,UNABLE TO DETERMINE,UNABLE TO DETERMINE,2208,N,JANSSEN AVE,1811.0,,,,,,,2,NO INDICATION OF INJURY,0.0,0.0,0.0,0.0,0.0,2.0,0.0,20,1,7,41.92192261,-87.6640694762,POINT (-87.664069476174 41.921922610006)
12acfd68d445de15321805173c1bc878a736e4fb64d89681cbbd641edf0061330f0ac4bae6a562c66d5daff0828d854150276dfc981f7699bceb47ebf873c22b,,08/20/2022 08:38:00 PM,30,NO CONTROLS,NO CONTROLS,CLEAR,"DARKNESS, LIGHTED ROAD",FIXED OBJECT,NOT DIVIDED,,STRAIGHT AND LEVEL,UNKNOWN,UNKNOWN,ON SCENE,NO INJURY / DRIVE AWAY,,,N,"OVER $1,500",08/20/2022 08:38:00 PM,FAILING TO REDUCE SPEED TO AVOID CRASH,"OPERATING VEHICLE IN ERRATIC, RECKLESS, CARELESS, NEGLIGENT OR AGGRESSIVE MANNER",110,S,CENTRAL AVE,1513.0,,,,,,,1,NO INDICATION OF INJURY,0.0,0.0,0.0,0.0,0.0,1.0,0.0,20,7,8,41.8789303017,-87.764964077,POINT (-87.764964077022 41.878930301673)
ddbd6812e71dfd28eec47d9490c31ce0e2ac2ec91a63d6be2f267ade4858dbd481522713a5ccdeed0bf9d8145acbcd329a8d4be43583a17d3283674de15a6b04,,08/16/2025 07:36:00 PM,35,TRAFFIC SIGNAL,FUNCTIONING PROPERLY,RAIN,DUSK,REAR END,NOT DIVIDED,,STRAIGHT AND LEVEL,WET,NO DEFECTS,ON SCENE,NO INJURY / DRIVE AWAY,,,,"OVER $1,500",08/16/2025 08:16:00 PM,FOLLOWING TOO CLOSELY,NOT APPLICABLE,2500,S,CALIFORNIA BLVD,1034.0,,,,,,,2,NO INDICATION OF INJURY,0.0,0.0,0.0,0.0,0.0,2.0,0.0,19,7,8,41.8464123816,-87.6948568491,POINT (-87.694856849098 41.846412381616)
8657c00d3ec3cdc55aa994d3be1c0798fd77475b5dc5230a410ed765b085ce2303b18c3240290ca0e83c69111cdaf9aeb103ab908d0a187553d1a4ef3eae466b,,07/31/2017 08:00:00 AM,30,NO CONTROLS,NO CONTROLS,CLEAR,DAYLIGHT,REAR END,NOT DIVIDED,2,STRAIGHT AND LEVEL,DRY,NO DEFECTS,NOT ON SCENE (DESK REPORT),INJURY AND / OR TOW DUE TO CRASH,,,,"OVER $1,500",07/31/2017 08:20:00 AM,DISTRACTION - FROM INSIDE VEHICLE,NOT APPLICABLE,5347,N,KEDZIE AVE,1712.0,,,,,,,2,"REPORTED, NOT EVIDENT",1.0,0.0,0.0,0.0,1.0,1.0,0.0,8,2,7,41.9788665446,-87.7086111541,POINT (-87.708611154131 41.97886654463)
8181d7665df5bf822dfaeb326acd6a1058533a0955159fa7538df2b4d1a0360ce87561c0c1b9f92b28cd8cf16b6121fc2f6cbde85ab86bd21de22795fc4ecee3,Y,10/21/2019 04:30:00 PM,30,NO CONTROLS,NO CONTROLS,CLEAR,DAYLIGHT,PARKED MOTOR VEHICLE,NOT DIVIDED,,STRAIGHT AND LEVEL,DRY,NO DEFECTS,NOT ON SCENE (DESK REPORT),NO INJURY / DRIVE AWAY,,,Y,"OVER $1,500",10/21/2019 06:20:00 PM,FAILING TO REDUCE SPEED TO AVOID CRASH,DRIVING SKILLS/KNOWLEDGE/EXPERIENCE,4722,S,KARLOV AVE,815.0,,,,,,,2,NO INDICATION OF INJURY,0.0,0.0,0.0,0.0,0.0,1.0,0.0,16,2,10,41.8071214894,-87.7261574389,POINT (-87.726157438872 41.807121489407)
06700c88f6019994d61e13d0cd541303e9785fcc71a69b9ccebfceccd2ea7f945db718abe5c543a53781ad988c22f88ae941cd706284c1ff080538a07a8d9126,,06/04/2025 08:38:00 PM,30,STOP SIGN/FLASHER,FUNCTIONING PROPERLY,RAIN,"DARKNESS, LIGHTED ROAD",ANGLE,FOUR WAY,,STRAIGHT AND LEVEL,WET,NO DEFECTS,ON SCENE,INJURY AND / OR TOW DUE TO CRASH,Y,,,"OVER $1,500",06/04/2025 08:39:00 PM,FAILING TO YIELD RIGHT-OF-WAY,FAILING TO YIELD RIGHT-OF-WAY,798,E,115TH ST,531.0,,,,,,,2,NO INDICATION OF INJURY,0.0,0.0,0.0,0.0,0.0,2.0,0.0,20,4,6,41.6858888196,-87.6035986112,POINT (-87.603598611245 41.685888819579)
4c8b33bab2a1632ce700fb7e6d05b6c69a1f678abbb2ffcde0df9c8987ecb5af0d5d424eb7492b80d48a03227daa7144b2093c26f6e09fe46a0f2bf675b42f52,,08/26/2020 09:42:00 AM,30,NO CONTROLS,NO CONTROLS,CLEAR,DAYLIGHT,PARKED MOTOR VEHICLE,ONE-WAY,,STRAIGHT AND LEVEL,DRY,NO DEFECTS,NOT ON SCENE (DESK REPORT),NO INJURY / DRIVE AWAY,,,,"OVER $1,500",08/26/2020 11:00:00 AM,UNABLE TO DETERMINE,UNABLE TO DETERMINE,7152,S,BENNETT AVE,324.0,,,,,,,2,NO INDICATION OF INJURY,0.0,0.0,0.0,0.0,0.0,1.0,0.0,9,4,8,41.7645499851,-87.579482171,POINT (-87.57948217103 41.764549985126)
bb42bd74ea8ac84098c9bbb70f5287922608187fc8115718d210f3f57d3bc776adf9fb66ec3f8139bc376d4991a873d0d9b8f8dd7880eb093cd5d2339b69781b,,12/05/2017 07:00:00 PM,35,STOP SIGN/FLASHER,FUNCTIONING PROPERLY,CLEAR,"DARKNESS, LIGHTED ROAD",REAR END,DIVIDED - W/MEDIAN (NOT RAISED),4,STRAIGHT AND LEVEL,DRY,NO DEFECTS,NOT ON SCENE (DESK REPORT),NO INJURY / DRIVE AWAY,,,Y,"OVER $1,500",12/06/2017 10:15:00 PM,FOLLOWING TOO CLOSELY,NOT APPLICABLE,9000,S,STONY ISLAND AVE,413.0,,,,,,,2,NO INDICATION OF INJURY,0.0,0.0,0.0,0.0,0.0,2.0,0.0,19,3,12,41.7313542099,-87.5856751268,POINT (-87.585675126771 41.731354209915)