CRASH_RECORD_ID,CRASH_DATE_EST_I,CRASH_DATE,POSTED_SPEED_LIMIT,TRAFFIC_CONTROL_DEVICE,DEVICE_CONDITION,WEATHER_CONDITION,LIGHTING_CONDITION,FIRST_CRASH_TYPE,TRAFFICWAY_TYPE,LANE_CNT,ALIGNMENT,ROADWAY_SURFACE_COND,ROAD_DEFECT,REPORT_TYPE,CRASH_TYPE,INTERSECTION_RELATED_I,NOT_RIGHT_OF_WAY_I,HIT_AND_RUN_I,DAMAGE,DATE_POLICE_NOTIFIED,PRIM_CONTRIBUTORY_CAUSE,SEC_CONTRIBUTORY_CAUSE,STREET_NO,STREET_DIRECTION,STREET_NAME,BEAT_OF_OCCURRENCE,PHOTOS_TAKEN_I,STATEMENTS_TAKEN_I,DOORING_I,WORK_ZONE_I,WORK_ZONE_TYPE,WORKERS_PRESENT_I,NUM_UNITS,MOST_SEVERE_INJURY,INJURIES_TOTAL,INJURIES_FATAL,INJURIES_INCAPACITATING,INJURIES_NON_INCAPACITATING,INJURIES_REPORTED_NOT_EVIDENT,INJURIES_NO_INDICATION,INJURIES_UNKNOWN,CRASH_HOUR,CRASH_DAY_OF_WEEK,CRASH_MONTH,LATITUDE,LONGITUDE,LOCATION
869a70a4fab2f1ee52acc04ef31e86706b0d72b22e628bcecb692900ee13bf5c202d2da6c9793ff41357f6479f334d0e3bc5110e75252b69103fdc31ac2f6d0c,,09/15/2023 02:40:00 PM,15,NO CONTROLS,NO CONTROLS,CLEAR,DAYLIGHT,ANGLE,PARKING LOT,,STRAIGHT AND LEVEL,DRY,NO DEFECTS,ON SCENE,INJURY AND / OR TOW DUE TO CRASH,,Y,,"OVER $1,500",09/15/2023 02:44:00 PM,UNABLE TO DETERMINE,NOT APPLICABLE,120,W,79TH ST,623.0,,,,,,,2,NONINCAPACITATING INJURY,1.0,0.0,0.0,1.0,0.0,3.0,0.0,14,6,9,41.7510045181,-87.62787737,POINT (-87.627877369974 41.751004518061)
f67716791f30a7153ab8d69640e9d1f2a60d91544790b42ac7b13cdffb737d23ea6ba6ff20dfe6816851edd3845ede9d2c56936e2ce3df7f074824d5391f9b57,,01/31/2019 08:15:00 PM,35,TRAFFIC SIGNAL,FUNCTIONING PROPERLY,CLEAR,DARKNESS,REAR END,NOT DIVIDED,2,STRAIGHT AND LEVEL,SNOW OR SLUSH,NO DEFECTS,NOT ON SCENE (DESK REPORT),NO INJURY / DRIVE AWAY,Y,,Y,"$501 - $1,500",01/31/2019 08:40:00 PM,NOT APPLICABLE,NOT APPLICABLE,101,E,95TH ST,511.0,,,,,,,2,NO INDICATION OF INJURY,0.0,0.0,0.0,0.0,0.0,2.0,0.0,20,5,1,41.7216736436,-87.6205060962,POINT (-87.620506096205 41.721673643605)
fd6e515e8976aceb0068ce9719c4b15093664125f79e2d02258beace8623f9c70d1c8940297811edde47ba8effc838dcf636d904ec009aec131950f51cd231e5,,11/26/2022 08:55:00 PM,30,STOP SIGN/FLASHER,FUNCTIONING PROPERLY,CLEAR,"DARKNESS, LIGHTED ROAD",REAR END,DIVIDED - W/MEDIAN (NOT RAISED),,STRAIGHT AND LEVEL,DRY,UNKNOWN,ON SCENE,NO INJURY / DRIVE AWAY,,,,"OVER $1,500",11/26/2022 08:57:00 PM,UNABLE TO DETERMINE,NOT APPLICABLE,1834,W,DIVISION ST,1424.0,,,,,,,2,NO INDICATION OF INJURY,0.0,0.0,0.0,0.0,0.0,3.0,0.0,20,7,11,41.9033544882,-87.6738113449,POINT (-87.673811344938 41.90335448823)
629c706b5cf6d70464ed216f8fb6b387d1a0cd663aeaf38646955de33a16631add1b0ffb0199c146a1a6b15e02afbb32bee26ec71c9728ca93265ec30dbd1493,,06/18/2020 09:11:00 AM,10,NO CONTROLS,NO CONTROLS,CLEAR,DAYLIGHT,FIXED OBJECT,DRIVEWAY,,STRAIGHT AND LEVEL,DRY,NO DEFECTS,ON SCENE,NO INJURY / DRIVE AWAY,,,,$500 OR LESS,06/18/2020 09:24:00 AM,DRIVING SKILLS/KNOWLEDGE/EXPERIENCE,FAILING TO REDUCE SPEED TO AVOID CRASH,6009,N,BROADWAY,2433.0,,,,,,,1,NO INDICATION OF INJURY,0.0,0.0,0.0,0.0,0.0,2.0,0.0,9,5,6,41.9911817534,-87.6601550832,POINT (-87.660155083224 41.991181753447)
c39c6984583bab2262ef2640c8bbd43337c932f42cc1a03e27b93e112fe277249174e1a3dcdc1ead22951be5a8d65bc67d0345f358a4a4ff8ebfc5db19dff6ba,,08/01/2018 11:35:00 AM,30,NO CONTROLS,NO CONTROLS,CLEAR,DAYLIGHT,PARKED MOTOR VEHICLE,NOT DIVIDED,,STRAIGHT AND LEVEL,DRY,NO DEFECTS,NOT ON SCENE (DESK REPORT),NO INJURY / DRIVE AWAY,,,,"$501 - $1,500",08/01/2018 12:00:00 PM,UNABLE TO DETERMINE,UNABLE TO DETERMINE,1432,W,WINONA ST,2033.0,,,,,,,2,NO INDICATION OF INJURY,0.0,0.0,0.0,0.0,0.0,1.0,0.0,11,4,8,41.9754426323,-87.6660598514,POINT (-87.666059851392 41.97544263226)
e8c64b109322e37348e99a8690cd8dcca3372d13c6d499a62528f7c5da68321de25ce231682383c18490b806bdd091e51eb8622f1e4d1fa24b9d87b2f01cdc5b,,07/02/2022 11:35:00 AM,25,STOP SIGN/FLASHER,FUNCTIONING PROPERLY,CLEAR,DAYLIGHT,TURNING,ONE-WAY,,STRAIGHT AND LEVEL,DRY,NO DEFECTS,ON SCENE,NO INJURY / DRIVE AWAY,Y,,,"OVER $1,500",07/02/2022 11:40:00 AM,IMPROPER TURNING/NO SIGNAL,NOT APPLICABLE,100,S,DESPLAINES ST,121.0,,,,,,,2,NO INDICATION OF INJURY,0.0,0.0,0.0,0.0,0.0,2.0,0.0,11,7,7,41.8804959314,-87.6442280645,POINT (-87.644228064459 41.880495931362)
22332ade3456f0a337ac86c8d4083493f758cc1a821a3493610fad99189a668c3c122f9a279ec60a6565ada995d65a4dbc5a848f16c36e5d71cd978a4836ca22,,09/24/2017 05:48:00 PM,25,NO CONTROLS,NO CONTROLS,CLEAR,DAYLIGHT,SIDESWIPE SAME DIRECTION,ONE-WAY,1,STRAIGHT AND LEVEL,DRY,NO DEFECTS,NOT ON SCENE (DESK REPORT),NO INJURY / DRIVE AWAY,,,,"$501 - $1,500",09/24/2017 06:22:00 PM,UNABLE TO DETERMINE,UNABLE TO DETERMINE,5700,S,CICERO AVE,813.0,,,,,,,2,NO INDICATION OF INJURY,0.0,0.0,0.0,0.0,0.0,2.0,0.0,17,1,9,41.7893293233,-87.7416456442,POINT (-87.741645644196 41.789329323265)
bf764a869cc2d55719d2e9893f79b644a7149be4bc1bf5ac64354c4fd0accf11ecfe812cc7c0a5b5af8a59951835af4bc82dba925ee570f4957ac2f753144ce5,,08/25/2015 05:40:00 PM,30,NO CONTROLS,NO CONTROLS,CLOUDY/OVERCAST,DAYLIGHT,SIDESWIPE SAME DIRECTION,NOT DIVIDED,4,STRAIGHT AND LEVEL,DRY,NO DEFECTS,NOT ON SCENE (DESK REPORT),NO INJURY / DRIVE AWAY,,,Y,"OVER $1,500",08/25/2015 06:03:00 PM,IMPROPER LANE USAGE,NOT APPLICABLE,54,N,CENTRAL AVE,1513.0,,,,,,,2,NO INDICATION OF INJURY,0.0,0.0,0.0,0.0,0.0,2.0,0.0,17,3,8,41.8818519235,-87.7650577497,POINT (-87.765057749666 41.881851923506)
373ca49e09ca9740e1056289219ac72cf676b26d0fcebbaa7ad444d24c5a477af996b45ad2c6d2e7dd1c26f960dd44991c77e6bc0a1cce160e88fa9c89baeb6d,,12/27/2018 04:20:00 PM,30,TRAFFIC SIGNAL,FUNCTIONING PROPERLY,UNKNOWN,DUSK,REAR END,NOT DIVIDED,,STRAIGHT AND LEVEL,UNKNOWN,UNKNOWN,NOT ON SCENE (DESK REPORT),NO INJURY / DRIVE AWAY,Y,,,"$501 - $1,500",12/28/2018 11:50:00 AM,FAILING TO REDUCE SPEED TO AVOID CRASH,FOLLOWING TOO CLOSELY,2000,W,DIVERSEY PKWY,1931.0,,,,,,,2,NO INDICATION OF INJURY,0.0,0.0,0.0,0.0,0.0,2.0,0.0,16,5,12,41.932394164,-87.6781730309,POINT (-87.678173030878 41.932394164037)
57ef642ed36c2c45619390b4c24d8110698be3ff91ae79c241ebd17c6a3eac4b3f50cb250b9973c84f80c96b4adbbee0aceaece95751544accddab246316b2b2,,07/21/2019 11:20:00 PM,30,TRAFFIC SIGNAL,FUNCTIONING PROPERLY,CLEAR,"DARKNESS, LIGHTED ROAD",ANGLE,NOT DIVIDED,,STRAIGHT AND LEVEL,DRY,NO DEFECTS,ON SCENE,INJURY AND / OR TOW DUE TO CRASH,Y,,,"OVER $1,500",07/21/2019 11:32:00 PM,DISREGARDING TRAFFIC SIGNALS,FAILING TO REDUCE SPEED TO AVOID CRASH,2600,S,WENTWORTH AVE,914.0,,,,,,,2,INCAPACITATING INJURY,1.0,0.0,1.0,0.0,0.0,2.0,0.0,23,1,7,41.845494944,-87.6319704313,POINT (-87.631970431289 41.845494943967)
885fc52beaaf0f4e8ec83fc2345992f2bd9705516a8173f821854973ab82e92bee0211bbc0779de3c1429e7892399789b82c3a20e9bf54b4f665ab1b665b970f,,07/14/2021 05:00:00 PM,30,TRAFFIC SIGNAL,FUNCTIONING PROPERLY,CLEAR,DAYLIGHT,TURNING,NOT DIVIDED,,STRAIGHT AND LEVEL,DRY,NO DEFECTS,NOT ON SCENE (DESK REPORT),NO INJURY / DRIVE AWAY,Y,,,"$501 - $1,500",07/14/2021 05:49:00 PM,IMPROPER LANE USAGE,UNABLE TO DETERMINE,325,W,FULLERTON PKWY,1814.0,,,,,,,2,NO INDICATION OF INJURY,0.0,0.0,0.0,0.0,0.0,2.0,0.0,17,4,7,41.92551885,-87.6376240954,POINT (-87.637624095395 41.925518850034)
6e4cc894104fffdb80f94ae51d4d71d709d63f8dcf6fd1607312a24f49752c171d0184303800c9b3a4e4cfceccf5bee61776bba2861fbe1f46b0405e63eefc3f,,09/20/2024 08:00:00 AM,30,TRAFFIC SIGNAL,UNKNOWN,CLEAR,DAYLIGHT,REAR END,DIVIDED - W/MEDIAN (NOT RAISED),,STRAIGHT AND LEVEL,UNKNOWN,UNKNOWN,NOT ON SCENE (DESK REPORT),NO INJURY / DRIVE AWAY,,,,"OVER $1,500",09/20/2024 12:00:00 PM,FOLLOWING TOO CLOSELY,NOT APPLICABLE,4607,W,ADDISON ST,1731.0,,,,,,,2,NO INDICATION OF INJURY,0.0,0.0,0.0,0.0,0.0,3.0,0.0,8,6,9,41.9460691108,-87.7428832442,POINT (-87.742883244193 41.946069110765)
a6771cc08277ce21cea46fb99fb155ab34c74c912362a4389b5360e52305040c61f7e0b1568c2c88b3ee3990873d3ae6a32a9815ac664e382d27ebcf11d1e20e,,02/23/2019 07:25:00 PM,30,TRAFFIC SIGNAL,FUNCTIONING PROPERLY,CLEAR,"DARKNESS, LIGHTED ROAD",REAR END,NOT DIVIDED,4,STRAIGHT AND LEVEL,WET,NO DEFECTS,ON SCENE,NO INJURY / DRIVE AWAY,,,Y,"OVER $1,500",02/23/2019 07:28:00 PM,FOLLOWING TOO CLOSELY,FAILING TO REDUCE SPEED TO AVOID CRASH,4204,N,BROADWAY,1915.0,,,,,,,2,NO INDICATION OF INJURY,0.0,0.0,0.0,0.0,0.0,2.0,0.0,19,7,2,41.9585748603,-87.6532728384,POINT (-87.653272838391 41.958574860309)
47e04f13f801d9e3a33d097efe0967af16a8234dadd541614bb8bfe3bb193a17c0560a8d0d48544b20d14da34d97b7701ea0d38d7ef7eb0a6d988ffee22e11e8,,12/27/2022 10:55:00 AM,30,TRAFFIC SIGNAL,FUNCTIONING PROPERLY,CLEAR,DAYLIGHT,ANGLE,DIVIDED - W/MEDIAN (NOT RAISED),,STRAIGHT AND LEVEL,WET,NO DEFECTS,ON SCENE,INJURY AND / OR TOW DUE TO CRASH,Y,,,"OVER $1,500",12/27/2022 11:02:00 AM,DISREGARDING TRAFFIC SIGNALS,DRIVING SKILLS/KNOWLEDGE/EXPERIENCE,3558,W,WRIGHTWOOD AVE,1412.0,,,,,,,3,NO INDICATION OF INJURY,0.0,0.0,0.0,0.0,0.0,4.0,0.0,10,3,12,41.9283654534,-87.7170290188,POINT (-87.717029018761 41.92836545342)
c922c004f74b72431b33127087abb623c9b2da87523d7ed08b8b290b6f6f7510c25e9d6a64813c83129aab3c8b8e94feae8b63160da21b2af668827e565fff26,,08/31/2021 08:00:00 AM,30,UNKNOWN,UNKNOWN,CLEAR,DAYLIGHT,SIDESWIPE SAME DIRECTION,NOT DIVIDED,,STRAIGHT AND LEVEL,UNKNOWN,UNKNOWN,NOT ON SCENE (DESK REPORT),NO INJURY / DRIVE AWAY,,,,"$501 - $1,500",08/31/2021 09:56:00 AM,UNABLE TO DETERMINE,UNABLE TO DETERMINE,5141,S,ARCHER AVE,815.0,,,,,,,2,NO INDICATION OF INJURY,0.0,0.0,0.0,0.0,0.0,3.0,0.0,8,3,8,41.8003541732,-87.7314134974,POINT (-87.731413497389 41.80035417322)
f9ce46e5237962fedc239aa1d68bfe297d3e581e3a599e88beb25c94d16b2e94b734383202202a01d3cb2828916556c09d0a05836432ed34577f352a54893324,Y,11/26/2023 01:00:00 AM,30,NO CONTROLS,NO CONTROLS,CLEAR,"DARKNESS, LIGHTED ROAD",PARKED MOTOR VEHICLE,ONE-WAY,,STRAIGHT AND LEVEL,DRY,NO DEFECTS,ON SCENE,NO INJURY / DRIVE AWAY,,,Y,"OVER $1,500",11/26/2023 11:40:00 AM,UNABLE TO DETERMINE,UNABLE TO DETERMINE,5731,S,MICHIGAN AVE,232.0,,,,,,,2,NO INDICATION OF INJURY,0.0,0.0,0.0,0.0,0.0,1.0,0.0,1,1,11,41.7901291221,-87.6222034568,POINT (-87.622203456757 41.790129122115)
45e15b0c239248664220f8486fcfda29a9a09f4e999b4492bbef389cd3d7be0d33585055fb5acbb035da919d832df8fb1f6b3e18bc963a302781467447fd61b6,,09/09/2016 01:25:00 PM,15,NO CONTROLS,NO CONTROLS,CLEAR,DAYLIGHT,FIXED OBJECT,ALLEY,1,STRAIGHT AND LEVEL,DRY,NO DEFECTS,ON SCENE,NO INJURY / DRIVE AWAY,,Y,,"OVER $1,500",09/09/2016 01:30:00 PM,DISTRACTION - FROM INSIDE VEHICLE,FAILING TO REDUCE SPEED TO AVOID CRASH,601,N,WESTERN AVE,1221.0,,,,,,,1,NO INDICATION OF INJURY,0.0,0.0,0.0,0.0,0.0,1.0,0.0,13,6,9,41.8921576258,-87.6865926491,POINT (-87.686592649106 41.892157625811)
8747852c550387effd62a1dc1502ab902d5ddadce4017b454c85639f25e06bc2adcda4243ef7e128717ef0633c24edbd7d9317be101ece8ad49c084e790d4e85,,10/13/2017 08:30:00 AM,30,STOP SIGN/FLASHER,FUNCTIONING PROPERLY,CLEAR,DAYLIGHT,ANGLE,NOT DIVIDED,2,STRAIGHT AND LEVEL,DRY,NO DEFECTS,NOT ON SCENE (DESK REPORT),NO INJURY / DRIVE AWAY,,,,"$501 - $1,500",10/13/2017 01:30:00 PM,DISREGARDING STOP SIGN,NOT APPLICABLE,1400,W,77TH ST,612.0,,,,,,,2,NO INDICATION OF INJURY,0.0,0.0,0.0,0.0,0.0,3.0,0.0,8,6,10,41.7541731616,-87.6587667126,POINT (-87.658766712561 41.754173161559)
f838cb0012d5f37d9d9899d1072dd64e9221c122f1b8419e2896736e6173645abc8f8a359631051e06a6d0a02bed04bceaa519472cbdaf8bbb00b8729b90dac7,,07/19/2022 02:45:00 PM,30,NO CONTROLS,NO CONTROLS,CLEAR,DAYLIGHT,SIDESWIPE SAME DIRECTION,DIVIDED - W/MEDIAN BARRIER,,STRAIGHT AND LEVEL,UNKNOWN,UNKNOWN,ON SCENE,NO INJURY / DRIVE AWAY,,,,"OVER $1,500",07/19/2022 02:57:00 PM,UNABLE TO DETERMINE,UNABLE TO DETERMINE,4800,W,PETERSON AVE,1621.0,,,,,,,2,NO INDICATION OF INJURY,0.0,0.0,0.0,0.0,0.0,2.0,0.0,14,3,7,41.9900080073,-87.7483769512,POINT (-87.74837695119 41.990008007299)
8467346624d7391b1b7d5ee3cec4df79368b30c57536dd1bc89fa954693de509eab3d53612d22929677a8f34a984f11e682e292b768043c9199eab4af40471f9,,06/01/2025 06:00:00 PM,30,TRAFFIC SIGNAL,UNKNOWN,CLEAR,DAYLIGHT,TURNING,DIVIDED - W/MEDIAN (NOT RAISED),,STRAIGHT AND LEVEL,DRY,UNKNOWN,NOT ON SCENE (DESK REPORT),NO INJURY / DRIVE AWAY,,,Y,"OVER $1,500",06/02/2025 11:10:00 AM,FOLLOWING TOO CLOSELY,UNABLE TO DETERMINE,2400,W,ARMITAGE AVE,1431.0,,,,,,,2,NO INDICATION OF INJURY,0.0,0.0,0.0,0.0,0.0,2.0,0.0,18,1,6,41.9176773285,-87.6874698772,POINT (-87.687469877205 41.917677328541)
c69f385db0cbbbe31109adad86dbf99e339211bc297249a7fa47c781be430ccef9adb09dbd9ae6b2f69f23415c5b73c6c6aebd7bba58233d3cdb6b3bd40b6343,Y,10/20/2016 04:00:00 PM,30,NO CONTROLS,NO CONTROLS,CLEAR,DAYLIGHT,PARKED MOTOR VEHICLE,NOT DIVIDED,2,STRAIGHT AND LEVEL,DRY,NO DEFECTS,NOT ON SCENE (DESK REPORT),NO INJURY / DRIVE AWAY,,,Y,"OVER $1,500",10/20/2016 06:30:00 PM,UNABLE TO DETERMINE,UNABLE TO DETERMINE,641,N,KEDZIE AVE,1221.0,,,,,,,2,NO INDICATION OF INJURY,0.0,0.0,0.0,0.0,0.0,1.0,0.0,16,5,10,41.8931248188,-87.7063357705,POINT (-87.706335770525 41.893124818798)
0010d6af3933fd71d299191d813878f772f2a6269c579b77655188b134e9d04e8f374a1de607c3f57ea1ad0d11b50f2a085288b5a01301ab607e1b38c9dd0dd1,Y,04/21/2020 01:26:00 AM,30,TRAFFIC SIGNAL,FUNCTIONING PROPERLY,CLEAR,"DARKNESS, LIGHTED ROAD",FIXED OBJECT,FOUR WAY,,STRAIGHT AND LEVEL,WET,NO DEFECTS,ON SCENE,INJURY AND / OR TOW DUE TO CRASH,Y,,,"OVER $1,500",04/21/2020 01:26:00 AM,FAILING TO REDUCE SPEED TO AVOID CRASH,UNABLE TO DETERMINE,4400,W,JACKSON BLVD,1113.0,,,,,,,1,NO INDICATION OF INJURY,0.0,0.0,0.0,0.0,0.0,1.0,0.0,1,3,4,41.8770745876,-87.7354739683,POINT (-87.735473968311 41.877074587616)
7265797c431d504da474609e2c89ec7b31394bc7dc2ba2d39bc34153d47a4c8f84d0dd0bed3ea3c4c793a8626ba802e1c68530ff04c7c76df7bdc0aa66bb789c,,03/22/2025 10:50:00 AM,30,NO CONTROLS,NO CONTROLS,CLEAR,DAYLIGHT,REAR END,DIVIDED - W/MEDIAN (NOT RAISED),,STRAIGHT AND LEVEL,UNKNOWN,UNKNOWN,NOT ON SCENE (DESK REPORT),NO INJURY / DRIVE AWAY,,,,"OVER $1,500",03/22/2025 11:57:00 AM,UNABLE TO DETERMINE,UNABLE TO DETERMINE,4701,W,LAWRENCE AVE,1722.0,,,,,,,2,NO INDICATION OF INJURY,0.0,0.0,0.0,0.0,0.0,2.0,0.0,10,7,3,41.9679442621,-87.745327672,POINT (-87.745327672018 41.967944262051)
0b575674a07300d96c6558ad7e4dffae322a5417b5ed867e9ad47bb4087490a8977073e5e21c4f262c38f33254e47e8720684e732304346de3d87b2c31c0134a,,08/06/2023 10:40:00 PM,30,STOP SIGN/FLASHER,FUNCTIONING PROPERLY,RAIN,"DARKNESS, LIGHTED ROAD",TURNING,FOUR WAY,,STRAIGHT AND LEVEL,WET,UNKNOWN,ON SCENE,INJURY AND / OR TOW DUE TO CRASH,Y,,Y,"$501 - $1,500",08/06/2023 11:30:00 PM,FAILING TO YIELD RIGHT-OF-WAY,FAILING TO YIELD RIGHT-OF-WAY,6400,N,RICHMOND ST,2412.0,,,,,,,2,"REPORTED, NOT EVIDENT",1.0,0.0,0.0,0.0,1.0,1.0,0.0,22,1,8,41.9975760648,-87.7034577232,POINT (-87.703457723211 41.997576064836)
f657113626b954e8866663de3e77e31d44461a91f0796e30cc96f856cf04885d6aa42ff705fa948d843be939507891e335585128bdad26611dcc1b06abcc48b3,,03/12/2016 12:55:00 PM,30,TRAFFIC SIGNAL,UNKNOWN,CLEAR,DAYLIGHT,REAR END,DIVIDED - W/MEDIAN (NOT RAISED),,STRAIGHT AND LEVEL,DRY,NO DEFECTS,NOT ON SCENE (DESK REPORT),NO INJURY / DRIVE AWAY,,,,$500 OR LESS,03/12/2016 01:10:00 PM,DRIVING SKILLS/KNOWLEDGE/EXPERIENCE,DISTRACTION - FROM INSIDE VEHICLE,11101,S,CICERO AVE,2211.0,,,,,,,2,NO INDICATION OF INJURY,0.0,0.0,0.0,0.0,0.0,7.0,0.0,12,7,3,41.690773405,-87.7395887281,POINT (-87.739588728068 41.690773405017)
85772291bff3885b013002ddea8d5a19e1dae6bd2cfc0c638b7b3c2bb5eb9575eeb7acb4c5e99241cae7b198540d0b5b957570203d7f071b198f8e11abf5cbad,,03/14/2018 06:20:00 AM,10,NO CONTROLS,NO CONTROLS,CLEAR,DAYLIGHT,REAR END,PARKING LOT,1,STRAIGHT AND LEVEL,DRY,UNKNOWN,NOT ON SCENE (DESK REPORT),INJURY AND / OR TOW DUE TO CRASH,,,,"OVER $1,500",03/14/2018 06:45:00 PM,FOLLOWING TOO CLOSELY,UNABLE TO DETERMINE,5145,N,CALIFORNIA AVE,2031.0,,,,,,,2,"REPORTED, NOT EVIDENT",1.0,0.0,0.0,0.0,1.0,1.0,0.0,6,4,3,41.9753341358,-87.6987568745,POINT (-87.698756874523 41.975334135811)
dd63043980ebe93316327d1a1e444e564df29439fbaece4653d4eac0097fd251a7d436dada0a610a5f61e7d630705189ba01859d27ecbd121cd5353d8194ad6f,,06/07/2024 01:20:00 PM,30,NO CONTROLS,NO CONTROLS,CLEAR,DAYLIGHT,PARKED MOTOR VEHICLE,NOT DIVIDED,,STRAIGHT AND LEVEL,DRY,UNKNOWN,NOT ON SCENE (DESK REPORT),NO INJURY / DRIVE AWAY,,,,"OVER $1,500",06/07/2024 07:00:00 PM,FAILING TO YIELD RIGHT-OF-WAY,FAILING TO YIELD RIGHT-OF-WAY,4002,W,DIVISION ST,2534.0,,,,,,,2,NO INDICATION OF INJURY,0.0,0.0,0.0,0.0,0.0,1.0,0.0,13,6,6,41.9027774347,-87.7264609969,POINT (-87.726460996864 41.902777434688)
a40f11a1d34d01a128e84a61c5cafe887f8ddef75daf7ba2d921399a20d60765eaf72085ec4defdbfc6b25370b052ed7ac3882f1419463e06313878519d54a3b,,05/04/2017 02:00:00 PM,30,NO CONTROLS,NO CONTROLS,CLEAR,DAYLIGHT,SIDESWIPE OPPOSITE DIRECTION,PARKING LOT,1,STRAIGHT AND LEVEL,DRY,NO DEFECTS,NOT ON SCENE (DESK REPORT),NO INJURY / DRIVE AWAY,,,,$500 OR LESS,05/04/2017 07:23:00 PM,UNABLE TO DETERMINE,UNABLE TO DETERMINE,5301,W,LEXINGTON ST,1522.0,,,,,,,2,NO INDICATION OF INJURY,0.0,0.0,0.0,0.0,0.0,2.0,0.0,14,5,5,41.8709082192,-87.7574278194,POINT (-87.757427819415 41.870908219163)
34472513a619b8cbcacd7ebd58ad8f8ed21ef6b00298776f8246588e8715ff6e6afdd10fda7c9f484fbe731379f1fc3fc61b97a5f6b4de6e9b61421be826f751,,08/24/2023 10:50:00 PM,30,TRAFFIC SIGNAL,FUNCTIONING PROPERLY,CLEAR,"DARKNESS, LIGHTED ROAD",PARKED MOTOR VEHICLE,DIVIDED - W/MEDIAN (NOT RAISED),,STRAIGHT AND LEVEL,DRY,NO DEFECTS,ON SCENE,INJURY AND / OR TOW DUE TO CRASH,,,,$500 OR LESS,08/24/2023 10:50:00 PM,UNABLE TO DETERMINE,UNABLE TO DETERMINE,430,S,HALSTED ST,1232.0,,,,,,,2,NONINCAPACITATING INJURY,1.0,0.0,0.0,1.0,0.0,0.0,0.0,22,5,8,41.8757713366,-87.6473210697,POINT (-87.647321069668 41.875771336631)
5774dc174b1dee68a0a1ff90d7349838402852f474a97a214dc3b20b847dd1713398934326414bc59c9dc6b6c2238b1fc977199380e6ff7838e4156111f66071,,07/28/2021 11:10:00 PM,25,NO CONTROLS,NO CONTROLS,CLEAR,DARKNESS,PARKED MOTOR VEHICLE,ONE-WAY,,STRAIGHT AND LEVEL,DRY,NO DEFECTS,ON SCENE,NO INJURY / DRIVE AWAY,,,,"$501 - $1,500",07/28/2021 11:15:00 PM,UNABLE TO DETERMINE,NOT APPLICABLE,3356,W,64TH ST,823.0,,,,,,,3,NO INDICATION OF INJURY,0.0,0.0,0.0,0.0,0.0,1.0,0.0,23,4,7,41.7771767035,-87.7076143887,POINT (-87.707614388659 41.777176703474)
cde6a14e93ff17309a7665f5d2566249f7f864caae50925dcbb5283f1f7d236a791f37c79a77a9e9cc48f63ceafcee839337281bcbfd5c2239a5bf2178005966,,07/15/2024 02:58:00 PM,30,NO CONTROLS,NO CONTROLS,CLEAR,DAYLIGHT,TURNING,NOT DIVIDED,,STRAIGHT AND LEVEL,DRY,UNKNOWN,ON SCENE,INJURY AND / OR TOW DUE TO CRASH,,,,"OVER $1,500",07/15/2024 02:59:00 PM,FAILING TO YIELD RIGHT-OF-WAY,IMPROPER TURNING/NO SIGNAL,7229,W,ADDISON ST,1631.0,,,,,,,2,NO INDICATION OF INJURY,0.0,0.0,0.0,0.0,0.0,2.0,0.0,14,2,7,41.9451312715,-87.8081479706,POINT (-87.808147970614 41.945131271519)
1c69568b6efbf929e07a69c1589b9fc4dd941b0674d5e47d88ba368840c9d98d5160565ed70d9c8a5868f1ff73a6908e613ce5b49234cb114aa1b0c0e8774b76,,11/12/2017 05:30:00 PM,30,NO CONTROLS,NO CONTROLS,RAIN,DUSK,REAR END,NOT DIVIDED,2,STRAIGHT AND LEVEL,WET,NO DEFECTS,NOT ON SCENE (DESK REPORT),NO INJURY / DRIVE AWAY,,,,"$501 - $1,500",11/13/2017 07:20:00 PM,FOLLOWING TOO CLOSELY,NOT APPLICABLE,6700,S,MORGAN ST,724.0,,,,,,,2,NO INDICATION OF INJURY,0.0,0.0,0.0,0.0,0.0,2.0,0.0,17,1,11,41.7723113662,-87.6495992793,POINT (-87.649599279329 41.77231136624)
01a49297193d4d49269f170101f1a915ef85576605a789157b7fbfbdffa719f94f7e0e265e5539b79ebf1bda59f081143c8d280ed436894ccb7e4a52b8aeb9f2,,04/09/2022 02:50:00 PM,30,NO CONTROLS,NO CONTROLS,CLEAR,DAYLIGHT,REAR TO FRONT,ONE-WAY,,STRAIGHT AND LEVEL,DRY,UNKNOWN,NOT ON SCENE (DESK REPORT),NO INJURY / DRIVE AWAY,,,,"OVER $1,500",04/09/2022 03:50:00 PM,UNABLE TO DETERMINE,UNABLE TO DETERMINE,4902,N,NATOMA AVE,1613.0,,,,,,,2,NO INDICATION OF INJURY,0.0,0.0,0.0,0.0,0.0,4.0,0.0,14,7,4,41.970327854,-87.792971525,POINT (-87.792971525021 41.970327854048)