CRASH_RECORD_ID,CRASH_DATE_EST_I,CRASH_DATE,POSTED_SPEED_LIMIT,TRAFFIC_CONTROL_DEVICE,DEVICE_CONDITION,WEATHER_CONDITION,LIGHTING_CONDITION,FIRST_CRASH_TYPE,TRAFFICWAY_TYPE,LANE_CNT,ALIGNMENT,ROADWAY_SURFACE_COND,ROAD_DEFECT,REPORT_TYPE,CRASH_TYPE,INTERSECTION_RELATED_I,NOT_RIGHT_OF_WAY_I,HIT_AND_RUN_I,DAMAGE,DATE_POLICE_NOTIFIED,PRIM_CONTRIBUTORY_CAUSE,SEC_CONTRIBUTORY_CAUSE,STREET_NO,STREET_DIRECTION,STREET_NAME,BEAT_OF_OCCURRENCE,PHOTOS_TAKEN_I,STATEMENTS_TAKEN_I,DOORING_I,WORK_ZONE_I,WORK_ZONE_TYPE,WORKERS_PRESENT_I,NUM_UNITS,MOST_SEVERE_INJURY,INJURIES_TOTAL,INJURIES_FATAL,INJURIES_INCAPACITATING,INJURIES_NON_INCAPACITATING,INJURIES_REPORTED_NOT_EVIDENT,INJURIES_NO_INDICATION,INJURIES_UNKNOWN,CRASH_HOUR,CRASH_DAY_OF_WEEK,CRASH_MONTH,LATITUDE,LONGITUDE,LOCATION
4f2835fd3af10b95d7939d052f826ad431380fbcd3187b2029731e7aed59348ab77f14a8ccba0f8f6abea96e18bf87cc6ff08f22223d7c269a975ff14ddbe879,,01/15/2022 03:40:00 PM,30,UNKNOWN,UNKNOWN,UNKNOWN,UNKNOWN,SIDESWIPE SAME DIRECTION,UNKNOWN,,STRAIGHT AND LEVEL,UNKNOWN,UNKNOWN,NOT ON SCENE (DESK REPORT),NO INJURY / DRIVE AWAY,,,,"OVER $1,500",01/15/2022 06:00:00 PM,UNABLE TO DETERMINE,UNABLE TO DETERMINE,2931,N,BROADWAY,1934.0,,,,,,,2,NO INDICATION OF INJURY,0.0,0.0,0.0,0.0,0.0,2.0,0.0,15,7,1,41.9358585903,-87.6441112239,POINT (-87.644111223895 41.935858590261)
6573495f8339cc8e64e52dae3daa861f89a9519101f5fdd85c4384b98eb67c45a813fa40c7721f3025cc73046c77c0bcfd79c9c1d7a906cf3707817377109e97,,08/16/2017 05:30:00 PM,30,STOP SIGN/FLASHER,NO CONTROLS,CLEAR,DAYLIGHT,REAR END,NOT DIVIDED,,STRAIGHT AND LEVEL,DRY,NO DEFECTS,NOT ON SCENE (DESK REPORT),NO INJURY / DRIVE AWAY,,,,"$501 - $1,500",08/21/2017 01:40:00 PM,FOLLOWING TOO CLOSELY,NOT APPLICABLE,13000,S,TORRENCE AVE,434.0,,,,,,,2,NO INDICATION OF INJURY,0.0,0.0,0.0,0.0,0.0,2.0,0.0,17,4,8,41.6591261899,-87.5594327419,POINT (-87.559432741943 41.659126189932)
cf04617e6d3e4d1bfaa5d94235066360e693537066a8a82a22c70c1da739bfe62a6af6aeea6604dcaad68603506f27cc581115c86162214bd8e17b1e9602e027,,06/05/2024 04:00:00 PM,30,NO CONTROLS,NO CONTROLS,CLEAR,DAYLIGHT,SIDESWIPE SAME DIRECTION,DIVIDED - W/MEDIAN BARRIER,,STRAIGHT AND LEVEL,DRY,NO DEFECTS,NOT ON SCENE (DESK REPORT),NO INJURY / DRIVE AWAY,,,,"$501 - $1,500",06/05/2024 04:45:00 PM,IMPROPER LANE USAGE,FAILING TO REDUCE SPEED TO AVOID CRASH,1045,N,ASHLAND AVE,1213.0,,,,,,,2,NO INDICATION OF INJURY,0.0,0.0,0.0,0.0,0.0,2.0,0.0,16,4,6,41.9010226761,-87.6672820176,POINT (-87.667282017614 41.901022676085)
0cb728ae307ef284c87a952e96154e3df12006c4c698559b5243de3f71b7dd0e6c4afe37ace63f1224f8d65b5ff7f7f4ef03f00cd08edfedd5c903f660eade71,,02/07/2020 07:15:00 PM,25,TRAFFIC SIGNAL,FUNCTIONING PROPERLY,CLEAR,"DARKNESS, LIGHTED ROAD",TURNING,OTHER,,STRAIGHT AND LEVEL,DRY,NO DEFECTS,ON SCENE,INJURY AND / OR TOW DUE TO CRASH,,,,"OVER $1,500",02/07/2020 07:17:00 PM,IMPROPER OVERTAKING/PASSING,FAILING TO YIELD RIGHT-OF-WAY,10000,W,OHARE ST,1651.0,,,,,,,2,"REPORTED, NOT EVIDENT",1.0,0.0,0.0,0.0,1.0,1.0,0.0,19,6,2,41.976201139,-87.9053091251,POINT (-87.905309125103 41.976201139024)
0cc9ecad328a1ba9fc7621fd728a773d4c4de096a5db7575f7bcb36798a2b98be79f931d8e3de774ffa84551877f98d6251c81d0cbcfd176b0fb088a5fc72143,,02/10/2021 10:50:00 AM,25,STOP SIGN/FLASHER,FUNCTIONING PROPERLY,BLOWING SNOW,DAYLIGHT,ANGLE,NOT DIVIDED,,STRAIGHT AND LEVEL,SNOW OR SLUSH,UNKNOWN,ON SCENE,NO INJURY / DRIVE AWAY,Y,,,"OVER $1,500",02/10/2021 10:57:00 AM,FAILING TO YIELD RIGHT-OF-WAY,"VISION OBSCURED (SIGNS, TREE LIMBS, BUILDINGS, ETC.)",4200,S,PRAIRIE AVE,213.0,,,,,,,2,NO INDICATION OF INJURY,0.0,0.0,0.0,0.0,0.0,2.0,0.0,10,4,2,41.8182979768,-87.6199846583,POINT (-87.619984658272 41.818297976847)
5e678ea37e7d29f4b447af77381bfeb7013ced282d93376bb23f802cf7ab37049ac3cd84e1bcba00e65ff235bc41612020e472c049f671bf506d8675825ee7c4,,09/27/2025 09:18:00 PM,30,TRAFFIC SIGNAL,FUNCTIONING PROPERLY,CLEAR,"DARKNESS, LIGHTED ROAD",REAR END,ONE-WAY,,STRAIGHT AND LEVEL,DRY,NO DEFECTS,NOT ON SCENE (DESK REPORT),NO INJURY / DRIVE AWAY,Y,,,"OVER $1,500",09/27/2025 09:50:00 PM,FAILING TO REDUCE SPEED TO AVOID CRASH,FOLLOWING TOO CLOSELY,258,N,DEARBORN ST,111.0,,,,,,,2,NO INDICATION OF INJURY,0.0,0.0,0.0,0.0,0.0,2.0,0.0,21,7,9,41.8871755446,-87.6296815303,POINT (-87.629681530343 41.887175544566)
240783a1ab9e35ce8ffc42dc734fbd562d5dfa3e13d91976b95f8592f16f2e47dbd271862991053622b22e3ef890b5d864901d973f063f4c5c382e8c4f7dbfc5,,08/28/2024 10:31:00 PM,30,TRAFFIC SIGNAL,FUNCTIONING PROPERLY,CLEAR,"DARKNESS, LIGHTED ROAD",TURNING,FOUR WAY,,STRAIGHT AND LEVEL,DRY,NO DEFECTS,ON SCENE,INJURY AND / OR TOW DUE TO CRASH,Y,,,"OVER $1,500",08/28/2024 10:34:00 PM,IMPROPER LANE USAGE,FAILING TO YIELD RIGHT-OF-WAY,200,W,MADISON ST,122.0,,,,,,,2,NO INDICATION OF INJURY,0.0,0.0,0.0,0.0,0.0,3.0,0.0,22,4,8,41.88205499,-87.6338999012,POINT (-87.633899901163 41.882054989975)
d6889b9256b785ff25d1669128afe72a73284cd179f15ea582601f116f000765e0f7babd4b6604681fec796d0ec616bb09c8a3443f053c3045c7e9a673d9039c,,11/24/2017 07:28:00 PM,20,NO CONTROLS,NO CONTROLS,CLEAR,DARKNESS,PARKED MOTOR VEHICLE,ONE-WAY,1,STRAIGHT AND LEVEL,DRY,NO DEFECTS,ON SCENE,NO INJURY / DRIVE AWAY,,,,"OVER $1,500",11/24/2017 07:28:00 PM,UNABLE TO DETERMINE,UNABLE TO DETERMINE,801,S,KEDVALE AVE,1132.0,,,,,,,2,NO INDICATION OF INJURY,0.0,0.0,0.0,0.0,0.0,1.0,0.0,19,6,11,41.8707405076,-87.7288603259,POINT (-87.728860325867 41.870740507615)
a8843fe5c747fc6a68b6abfa49b5f2abaefde643c1ae05b21f4a0e66b5e5e1e9bbe132d809c7696d969651459be2e31142d02438271ac5d33f73b949079c31fb,,01/14/2022 12:06:00 AM,30,TRAFFIC SIGNAL,FUNCTIONING PROPERLY,CLEAR,"DARKNESS, LIGHTED ROAD",ANGLE,FOUR WAY,,STRAIGHT AND LEVEL,DRY,NO DEFECTS,ON SCENE,INJURY AND / OR TOW DUE TO CRASH,Y,,,"OVER $1,500",01/14/2022 12:06:00 AM,DISREGARDING TRAFFIC SIGNALS,UNABLE TO DETERMINE,7100,S,STONY ISLAND AVE,324.0,,,,,,,2,NONINCAPACITATING INJURY,3.0,0.0,0.0,3.0,0.0,0.0,0.0,0,6,1,41.7659281922,-87.5864700779,POINT (-87.586470077922 41.76592819222)
9cebbc2d7347f8a446e201e36eaa19cb0c4e811b65d19fd39e4eac8266d76b92a85ad3adc4507fc5d647a4e8779eca19c12e358741c98d0e044209d0cc3acf2f,,06/28/2020 02:05:00 AM,30,TRAFFIC SIGNAL,FUNCTIONING PROPERLY,CLEAR,"DARKNESS, LIGHTED ROAD",ANGLE,NOT DIVIDED,,STRAIGHT AND LEVEL,DRY,NO DEFECTS,ON SCENE,INJURY AND / OR TOW DUE TO CRASH,Y,,,"OVER $1,500",06/28/2020 02:16:00 AM,DISREGARDING OTHER TRAFFIC SIGNS,FAILING TO REDUCE SPEED TO AVOID CRASH,800,W,GARFIELD BLVD,934.0,,,,,,,2,NONINCAPACITATING INJURY,3.0,0.0,0.0,2.0,1.0,1.0,0.0,2,1,6,41.7944101144,-87.6452846747,POINT (-87.645284674705 41.794410114413)
31f046be98fb95eab5cc7284f8400fc35641b0299cdae24b6e8776a501ba75d9bbd41490a7ff08b6adf6279432330594cff20cebf1899554cbb680993f9cde3d,,11/29/2020 12:46:00 AM,55,NO CONTROLS,NO CONTROLS,CLEAR,"DARKNESS, LIGHTED ROAD",REAR END,DIVIDED - W/MEDIAN BARRIER,,STRAIGHT AND LEVEL,UNKNOWN,UNKNOWN,ON SCENE,INJURY AND / OR TOW DUE TO CRASH,,,,"OVER $1,500",11/29/2020 12:47:00 AM,FAILING TO REDUCE SPEED TO AVOID CRASH,FOLLOWING TOO CLOSELY,1000,N,LAKE SHORE DR SB,1824.0,,,,,,,2,NONINCAPACITATING INJURY,1.0,0.0,0.0,1.0,0.0,2.0,0.0,0,1,11,41.9009589191,-87.6199281737,POINT (-87.619928173678 41.900958919109)
e6f37fc04dbcf6f083ba4369ae3d984ef7cfd15d07505037a41ebd214f117c59ab72a6186f8a39d27828f4db9ff5decd8519f67bf2417d35d45cc67bbc613dbe,,05/04/2025 12:12:00 PM,30,STOP SIGN/FLASHER,NO CONTROLS,CLOUDY/OVERCAST,DAYLIGHT,TURNING,T-INTERSECTION,,STRAIGHT AND LEVEL,DRY,NO DEFECTS,ON SCENE,INJURY AND / OR TOW DUE TO CRASH,Y,,,"OVER $1,500",05/04/2025 12:12:00 PM,UNABLE TO DETERMINE,NOT APPLICABLE,6700,S,CRANDON AVE,331.0,,,,,,,2,NONINCAPACITATING INJURY,5.0,0.0,0.0,5.0,0.0,1.0,0.0,12,1,5,41.7734276547,-87.5701267099,POINT (-87.570126709941 41.773427654738)
74432e936142939b1f7c4a3ca85e4b247783205e6608b621c3f374e9a92cce0569d5e2814dbad5a434984523e69c2a526f638269ca94821173cf99ecec301471,Y,08/01/2017 04:30:00 PM,10,NO CONTROLS,NO CONTROLS,CLEAR,DAYLIGHT,PARKED MOTOR VEHICLE,NOT DIVIDED,,STRAIGHT AND LEVEL,WET,NO DEFECTS,NOT ON SCENE (DESK REPORT),NO INJURY / DRIVE AWAY,,,Y,"$501 - $1,500",08/01/2017 07:00:00 PM,UNABLE TO DETERMINE,UNABLE TO DETERMINE,4116,N,KEELER AVE,1722.0,,,,,,,2,NO INDICATION OF INJURY,0.0,0.0,0.0,0.0,0.0,1.0,0.0,16,3,8,41.9559599474,-87.7326893582,POINT (-87.732689358174 41.955959947414)
0b0386c84b56566c362e8da094346c5ea512afc5e0eaf9061b3394e8959a9f647b17d60bc6cec60488011e3057c204db0477ef66068889dd419efc6fd2c1de39,Y,10/28/2021 07:55:00 AM,25,NO CONTROLS,NO CONTROLS,CLEAR,DAYLIGHT,PARKED MOTOR VEHICLE,ONE-WAY,,STRAIGHT AND LEVEL,UNKNOWN,UNKNOWN,ON SCENE,NO INJURY / DRIVE AWAY,,,,$500 OR LESS,10/28/2021 08:14:00 AM,IMPROPER BACKING,NOT APPLICABLE,3221,N,WHIPPLE ST,1733.0,,,,,,,2,NO INDICATION OF INJURY,0.0,0.0,0.0,0.0,0.0,1.0,0.0,7,5,10,41.9400113093,-87.7038213631,POINT (-87.703821363087 41.940011309272)
4bf3f5423a7e5f2db628ae128afba58cfa66f6d30017bd829882bb2d1242129cefd25887acf56391ec1ac8aece19c7715ec162644f5bb99e4a24970e26ebf3a0,,03/28/2025 03:20:00 PM,15,UNKNOWN,UNKNOWN,CLEAR,DAYLIGHT,REAR TO SIDE,OTHER,,STRAIGHT AND LEVEL,DRY,UNKNOWN,NOT ON SCENE (DESK REPORT),NO INJURY / DRIVE AWAY,,,,$500 OR LESS,03/28/2025 04:40:00 PM,DRIVING SKILLS/KNOWLEDGE/EXPERIENCE,UNABLE TO DETERMINE,5301,W,LEXINGTON ST,1522.0,,,,,,,2,NO INDICATION OF INJURY,0.0,0.0,0.0,0.0,0.0,3.0,0.0,15,6,3,41.8709082192,-87.7574278194,POINT (-87.757427819415 41.870908219163)
8f483ea71d6f70d184d98afd3c8aaef553d5367b1603e025fc32e086d15e1a5809891ba1b40ab0ba1112d82792021404fe31f9a543d5f960bb24087a86a27c9e,,04/21/2023 03:00:00 PM,35,TRAFFIC SIGNAL,FUNCTIONING PROPERLY,UNKNOWN,DAYLIGHT,REAR END,DIVIDED - W/MEDIAN BARRIER,,STRAIGHT AND LEVEL,UNKNOWN,NO DEFECTS,NOT ON SCENE (DESK REPORT),NO INJURY / DRIVE AWAY,,,,"OVER $1,500",04/23/2023 01:30:00 PM,UNABLE TO DETERMINE,UNABLE TO DETERMINE,300,S,LAKE SHORE DR SB,114.0,,,,,,,2,NO INDICATION OF INJURY,0.0,0.0,0.0,0.0,0.0,2.0,0.0,15,6,4,41.8783101346,-87.6175759034,POINT (-87.617575903416 41.878310134581)
bae52b89e78ca7ddffbd83bf124f723fd0f3057fd60479d73b491d5eb01eeca49f8587e9c994a705a09a45f484c5d52baab35dc04604f777fa02b91543f0eddd,,11/19/2016 03:00:00 AM,30,NO CONTROLS,NO CONTROLS,CLEAR,DARKNESS,PARKED MOTOR VEHICLE,ONE-WAY,1,STRAIGHT AND LEVEL,DRY,NO DEFECTS,NOT ON SCENE (DESK REPORT),NO INJURY / DRIVE AWAY,,,Y,"OVER $1,500",11/19/2016 03:20:00 AM,UNABLE TO DETERMINE,NOT APPLICABLE,331,S,LOCKWOOD AVE,1522.0,,,,,,,2,NO INDICATION OF INJURY,0.0,0.0,0.0,0.0,0.0,1.0,0.0,3,7,11,41.8756801255,-87.7573714865,POINT (-87.757371486538 41.875680125502)
35b7566481fd94398895562cac5bb69e858185142afd189f1fd98e9e40e28fda1daa0705b18c671b3190fbf962d1865bbcfee891b53467cd857dc8a145f3bb78,,12/29/2020 05:37:00 PM,30,TRAFFIC SIGNAL,FUNCTIONING PROPERLY,SNOW,"DARKNESS, LIGHTED ROAD",SIDESWIPE OPPOSITE DIRECTION,FOUR WAY,,STRAIGHT AND LEVEL,SNOW OR SLUSH,NO DEFECTS,ON SCENE,NO INJURY / DRIVE AWAY,,,Y,"OVER $1,500",12/29/2020 05:47:00 PM,FAILING TO REDUCE SPEED TO AVOID CRASH,NOT APPLICABLE,798,W,ROOT ST,925.0,,,,,,,2,NO INDICATION OF INJURY,0.0,0.0,0.0,0.0,0.0,2.0,0.0,17,3,12,41.8190720554,-87.6457416292,POINT (-87.645741629216 41.819072055379)
d0a599a89c04dbd23ef3c2e1dc7b799f7e0ad3ff1b77fce9e8785c2b40a42468fe8e12e40bd712ba99ebd6a41d179f180c4f5bfb5156e626b0fae3128165ee8d,,08/28/2019 07:15:00 PM,35,UNKNOWN,UNKNOWN,UNKNOWN,UNKNOWN,REAR END,NOT DIVIDED,,STRAIGHT AND LEVEL,UNKNOWN,UNKNOWN,NOT ON SCENE (DESK REPORT),INJURY AND / OR TOW DUE TO CRASH,,,,"OVER $1,500",08/28/2019 10:00:00 PM,NOT APPLICABLE,NOT APPLICABLE,2400,N,CANNON DR,1935.0,,,,,,,2,NONINCAPACITATING INJURY,1.0,0.0,0.0,1.0,0.0,2.0,0.0,19,4,8,41.9258069317,-87.6338196492,POINT (-87.633819649202 41.925806931737)
e37adf3ba264a5bd148c299beabbed1a02605bb5d5504127df667592af3014b3348f6adc32746c7915a0d43508ee3c311bc9cb0f2ef86753e129b4235548728c,,01/27/2023 10:35:00 PM,30,NO CONTROLS,NO CONTROLS,CLEAR,"DARKNESS, LIGHTED ROAD",REAR END,DIVIDED - W/MEDIAN BARRIER,,STRAIGHT AND LEVEL,DRY,NO DEFECTS,ON SCENE,INJURY AND / OR TOW DUE TO CRASH,,,,"OVER $1,500",01/27/2023 10:38:00 PM,UNABLE TO DETERMINE,NOT APPLICABLE,5545,S,CICERO AVE,813.0,,,,,,,3,NO INDICATION OF INJURY,0.0,0.0,0.0,0.0,0.0,3.0,0.0,22,6,1,41.791843499,-87.7414346538,POINT (-87.741434653787 41.791843498993)
6e30bf09dcf69a97484ac00cfa241724b25da17c38a8bfe4cd258ba8298a040ffbdf4aa0101ae2a7d34e279619619a1b73e89d6ea72edb0945b76a56e9a87ba9,,04/02/2019 01:15:00 AM,30,TRAFFIC SIGNAL,FUNCTIONING PROPERLY,CLEAR,"DARKNESS, LIGHTED ROAD",REAR END,DIVIDED - W/MEDIAN (NOT RAISED),4,STRAIGHT AND LEVEL,DRY,NO DEFECTS,ON SCENE,INJURY AND / OR TOW DUE TO CRASH,Y,,,"OVER $1,500",04/02/2019 01:18:00 AM,FOLLOWING TOO CLOSELY,NOT APPLICABLE,2459,N,CICERO AVE,2521.0,,,,,,,2,NO INDICATION OF INJURY,0.0,0.0,0.0,0.0,0.0,2.0,0.0,1,3,4,41.925994838,-87.7462196716,POINT (-87.746219671638 41.925994837959)
f92097f74caec23c2d4556d8140580ebbc8531f0dbc567c195f75f615dbe9ef4d7d178e1084a1b561e1f179739411c1683894d5896489cd84fc27f4800f54097,,12/10/2021 04:45:00 PM,30,NO CONTROLS,NO CONTROLS,RAIN,DAYLIGHT,REAR END,NOT DIVIDED,,STRAIGHT AND LEVEL,WET,NO DEFECTS,NOT ON SCENE (DESK REPORT),NO INJURY / DRIVE AWAY,,,,"OVER $1,500",12/11/2021 11:30:00 AM,UNABLE TO DETERMINE,NOT APPLICABLE,2800,N,CALIFORNIA AVE,1411.0,,,,,,,2,NO INDICATION OF INJURY,0.0,0.0,0.0,0.0,0.0,2.0,0.0,16,6,12,41.9321207191,-87.6977653004,POINT (-87.697765300365 41.932120719106)
6cc84cca402e7f854f309de807abbb22991d660badaf9bb7069008d3fecedb193221c05fb4267c4dc9dcbc6dcde65edc7494bd35d0e9bd28b5510082191047ae,,08/11/2021 08:44:00 PM,30,NO CONTROLS,NO CONTROLS,CLEAR,"DARKNESS, LIGHTED ROAD",ANGLE,NOT DIVIDED,,STRAIGHT AND LEVEL,DRY,NO DEFECTS,ON SCENE,NO INJURY / DRIVE AWAY,,,Y,"OVER $1,500",08/11/2021 08:58:00 PM,FAILING TO YIELD RIGHT-OF-WAY,NOT APPLICABLE,2422,W,45TH ST,922.0,,,,,,,2,NO INDICATION OF INJURY,0.0,0.0,0.0,0.0,0.0,2.0,0.0,20,4,8,41.8121646079,-87.6856500463,POINT (-87.685650046307 41.812164607882)
4c852861faaec47f163c84c761b229be78789c0a02c3a3dbf2740faba33f6379725206a0386445f71cf18b2f4c0af94e6f78252cdcffdfa11d66604bead4519f,,11/23/2019 12:55:00 AM,30,TRAFFIC SIGNAL,FUNCTIONING PROPERLY,CLEAR,"DARKNESS, LIGHTED ROAD",TURNING,NOT DIVIDED,,STRAIGHT AND LEVEL,DRY,NO DEFECTS,ON SCENE,INJURY AND / OR TOW DUE TO CRASH,,,Y,"OVER $1,500",11/23/2019 01:01:00 AM,FAILING TO YIELD RIGHT-OF-WAY,UNABLE TO DETERMINE,400,E,79TH ST,624.0,,,,,,,2,NO INDICATION OF INJURY,0.0,0.0,0.0,0.0,0.0,2.0,0.0,0,7,11,41.7512240943,-87.6148969613,POINT (-87.614896961253 41.751224094299)
b150df0c2e440601af7e3c6cef5fcebe9f0d69c574b899c86a68ea1007cb557a6f9b8fb7e9ecfe7993fc1ba53853d9e5aa4fdd5c8a1d232c9b59b5012fe90f92,,09/16/2017 05:20:00 AM,30,NO CONTROLS,NO CONTROLS,CLEAR,"DARKNESS, LIGHTED ROAD",HEAD ON,ONE-WAY,1,STRAIGHT AND LEVEL,DRY,NO DEFECTS,ON SCENE,NO INJURY / DRIVE AWAY,,,,$500 OR LESS,09/16/2017 05:21:00 AM,UNABLE TO DETERMINE,UNABLE TO DETERMINE,5199,W,SCHOOL ST,1634.0,,,,,,,2,NO INDICATION OF INJURY,0.0,0.0,0.0,0.0,0.0,2.0,0.0,5,7,9,41.940417234,-87.7566264678,POINT (-87.756626467793 41.940417234037)
f6823fa3d392f3991ebef8c2e22e55e08e888ede39898205a77141b52c913c7826e2e906d75ae03b7ee5b8fdc479cf79fc9f1269dde7b0c9d81c175b594b73d1,,04/25/2025 02:39:00 PM,35,NO CONTROLS,NO CONTROLS,RAIN,DAYLIGHT,TURNING,NOT DIVIDED,,STRAIGHT AND LEVEL,WET,NO DEFECTS,NOT ON SCENE (DESK REPORT),NO INJURY / DRIVE AWAY,,,Y,"$501 - $1,500",04/25/2025 06:30:00 PM,IMPROPER OVERTAKING/PASSING,DRIVING ON WRONG SIDE/WRONG WAY,3053,W,GRAND AVE,1211.0,,,,,,,2,NO INDICATION OF INJURY,0.0,0.0,0.0,0.0,0.0,2.0,0.0,14,6,4,41.8968584868,-87.7033057526,POINT (-87.703305752632 41.896858486802)
15aa0d58e89235e9e02683bfb25b46fd44ebfc89c9437fe9c29d5aaa79577ee5e05fa63b6d8638cd5d82df4d3f17940b094ff16be5cd4167ad11f2e498fed9bd,,05/17/2018 06:30:00 PM,30,TRAFFIC SIGNAL,FUNCTIONING PROPERLY,CLEAR,DAYLIGHT,REAR END,DIVIDED - W/MEDIAN BARRIER,,STRAIGHT AND LEVEL,DRY,NO DEFECTS,NOT ON SCENE (DESK REPORT),NO INJURY / DRIVE AWAY,,,,"OVER $1,500",05/17/2018 08:00:00 PM,UNABLE TO DETERMINE,UNABLE TO DETERMINE,1000,S,ASHLAND AVE,1231.0,,,,,,,2,NO INDICATION OF INJURY,0.0,0.0,0.0,0.0,0.0,2.0,0.0,18,5,5,41.8692201639,-87.6666066762,POINT (-87.666606676226 41.869220163861)
351b54d986a32df774ce77962348aa537de93ae82f422da881fae8963fd674a499e55c4e4e8035f4d9fb3b0865bb68fbee134088fb10f0df43b91e11bbeb2d26,,04/19/2020 03:15:00 PM,15,NO CONTROLS,NO CONTROLS,CLEAR,DAYLIGHT,ANGLE,PARKING LOT,,STRAIGHT ON GRADE,DRY,NO DEFECTS,NOT ON SCENE (DESK REPORT),NO INJURY / DRIVE AWAY,,Y,,"$501 - $1,500",04/19/2020 03:50:00 PM,IMPROPER BACKING,NOT APPLICABLE,805,W,111TH ST,2233.0,,,,,,,2,NO INDICATION OF INJURY,0.0,0.0,0.0,0.0,0.0,4.0,0.0,15,1,4,41.6922443662,-87.6426203779,POINT (-87.642620377854 41.692244366178)
d4799887f07307eb114f643cf4d4cef88981af8d9b28d100165463c3416f1d72394fa787eda5e4de3610309958ab2c244072362fc8870c00d52e33352fa578bc,,12/30/2024 08:40:00 PM,30,TRAFFIC SIGNAL,FUNCTIONING PROPERLY,UNKNOWN,"DARKNESS, LIGHTED ROAD",SIDESWIPE SAME DIRECTION,TRAFFIC ROUTE,,STRAIGHT AND LEVEL,UNKNOWN,UNKNOWN,NOT ON SCENE (DESK REPORT),NO INJURY / DRIVE AWAY,,,,"OVER $1,500",12/30/2024 10:00:00 PM,UNABLE TO DETERMINE,UNABLE TO DETERMINE,340,W,ONTARIO ST,1831.0,,,,,,,2,NO INDICATION OF INJURY,0.0,0.0,0.0,0.0,0.0,2.0,0.0,20,2,12,41.8932553288,-87.6371599156,POINT (-87.637159915596 41.893255328806)
05327f8217dd950e738635295aeb4de424a28a4cbc90cfbbed8ed7256f22d31e17d08cf2cdc4f1ea97d28a944e2eee42b3032bb536bcee1c5e197cb1f89663c3,,07/14/2024 09:00:00 PM,30,STOP SIGN/FLASHER,FUNCTIONING PROPERLY,CLEAR,"DARKNESS, LIGHTED ROAD",REAR TO SIDE,NOT DIVIDED,,STRAIGHT AND LEVEL,DRY,NO DEFECTS,NOT ON SCENE (DESK REPORT),NO INJURY / DRIVE AWAY,,,Y,"$501 - $1,500",07/14/2024 09:40:00 PM,UNABLE TO DETERMINE,UNABLE TO DETERMINE,2999,W,ALBION AVE,2412.0,,,,,,,2,NO INDICATION OF INJURY,0.0,0.0,0.0,0.0,0.0,2.0,0.0,21,1,7,42.0010106272,-87.7045569211,POINT (-87.704556921072 42.001010627208)
918af8e29b764c9c87af4da4d4d2431cdd7fa410020b1eb0efc8ad2520d071859842d84936417a5f100384038933147bea3e132b86753d5e9f50d2bb376a9725,,11/07/2023 04:48:00 PM,25,NO CONTROLS,NO CONTROLS,CLEAR,DARKNESS,TURNING,NOT DIVIDED,,STRAIGHT AND LEVEL,DRY,UNKNOWN,NOT ON SCENE (DESK REPORT),NO INJURY / DRIVE AWAY,,,,"OVER $1,500",11/07/2023 05:33:00 PM,UNABLE TO DETERMINE,UNABLE TO DETERMINE,7800,S,SOUTH CHICAGO AVE,411.0,,,,,,,2,NO INDICATION OF INJURY,0.0,0.0,0.0,0.0,0.0,2.0,0.0,16,3,11,41.7527456405,-87.5875234853,POINT (-87.587523485262 41.752745640488)
06f31d2c401ffc282aa12e2a218858950cda95ec64c8b83d6568c91b1cc24399e182eecae2344b883e3e0d24d825841e25e6edaabe5909ba71e2657c1895d282,,07/13/2025 03:32:00 PM,30,NO CONTROLS,NO CONTROLS,CLEAR,DAYLIGHT,SIDESWIPE SAME DIRECTION,NOT DIVIDED,,STRAIGHT AND LEVEL,DRY,NO DEFECTS,ON SCENE,NO INJURY / DRIVE AWAY,,,Y,"OVER $1,500",07/13/2025 03:32:00 PM,IMPROPER OVERTAKING/PASSING,IMPROPER OVERTAKING/PASSING,1249,W,FOSTER AVE,2033.0,,,,,,,2,NO INDICATION OF INJURY,0.0,0.0,0.0,0.0,0.0,2.0,0.0,15,1,7,41.976182833,-87.6618499852,POINT (-87.661849985239 41.976182833005)
c81c65d0c2795dade46aaa24f0a1fadb19971cf151f7aaf8ac2ac62279c3c45040f2bee0c39d0e912fbfa615310eeb16f5cecd99f2533bc70e1ee2cb86bddc5f,,06/25/2021 02:45:00 PM,30,TRAFFIC SIGNAL,FUNCTIONING PROPERLY,RAIN,DAYLIGHT,REAR END,"FIVE POINT, OR MORE",,STRAIGHT AND LEVEL,WET,NO DEFECTS,NOT ON SCENE (DESK REPORT),NO INJURY / DRIVE AWAY,Y,,,"$501 - $1,500",06/25/2021 03:05:00 PM,FOLLOWING TOO CLOSELY,FAILING TO YIELD RIGHT-OF-WAY,3171,N,CLYBOURN AVE,1931.0,,,,,,,2,NO INDICATION OF INJURY,0.0,0.0,0.0,0.0,0.0,2.0,0.0,14,6,6,41.939238093,-87.6875095577,POINT (-87.687509557697 41.939238092981)