CRASH_RECORD_ID,CRASH_DATE_EST_I,CRASH_DATE,POSTED_SPEED_LIMIT,TRAFFIC_CONTROL_DEVICE,DEVICE_CONDITION,WEATHER_CONDITION,LIGHTING_CONDITION,FIRST_CRASH_TYPE,TRAFFICWAY_TYPE,LANE_CNT,ALIGNMENT,ROADWAY_SURFACE_COND,ROAD_DEFECT,REPORT_TYPE,CRASH_TYPE,INTERSECTION_RELATED_I,NOT_RIGHT_OF_WAY_I,HIT_AND_RUN_I,DAMAGE,DATE_POLICE_NOTIFIED,PRIM_CONTRIBUTORY_CAUSE,SEC_CONTRIBUTORY_CAUSE,STREET_NO,STREET_DIRECTION,STREET_NAME,BEAT_OF_OCCURRENCE,PHOTOS_TAKEN_I,STATEMENTS_TAKEN_I,DOORING_I,WORK_ZONE_I,WORK_ZONE_TYPE,WORKERS_PRESENT_I,NUM_UNITS,MOST_SEVERE_INJURY,INJURIES_TOTAL,INJURIES_FATAL,INJURIES_INCAPACITATING,INJURIES_NON_INCAPACITATING,INJURIES_REPORTED_NOT_EVIDENT,INJURIES_NO_INDICATION,INJURIES_UNKNOWN,CRASH_HOUR,CRASH_DAY_OF_WEEK,CRASH_MONTH,LATITUDE,LONGITUDE,LOCATION
eb410c8bce612079fb82e4e3e7de05bb36340605325d8635c2ecf6ac53e8c3c4554f1a4fad79488f651e72ce760e91edfba1cd7fc3dcc8d3e4bd4859d4efcf62,,05/31/2023 03:40:00 PM,30,NO CONTROLS,NO CONTROLS,CLEAR,DAYLIGHT,SIDESWIPE SAME DIRECTION,T-INTERSECTION,,STRAIGHT AND LEVEL,DRY,"RUT, HOLES",,NO INJURY / DRIVE AWAY,,,,"OVER $1,500",06/01/2023 03:45:00 PM,IMPROPER OVERTAKING/PASSING,IMPROPER LANE USAGE,644,E,87TH ST,632.0,,Y,,,,,2,NO INDICATION OF INJURY,0.0,0.0,0.0,0.0,0.0,3.0,0.0,15,4,5,41.7367161215,-87.6078900773,POINT (-87.607890077275 41.73671612151)
b27a9a7f7b62c33928373988e6b92550568e727b76f932899e6066d51531968279c016428afbeeeeef96982d8f34f6b8e98ac563b3ce5f8ae832109cd62d19a4,,01/28/2017 01:35:00 PM,45,NO CONTROLS,NO CONTROLS,CLEAR,DAYLIGHT,SIDESWIPE SAME DIRECTION,DIVIDED - W/MEDIAN BARRIER,8,STRAIGHT AND LEVEL,DRY,NO DEFECTS,ON SCENE,INJURY AND / OR TOW DUE TO CRASH,,,,"$501 - $1,500",01/28/2017 01:45:00 PM,UNABLE TO DETERMINE,NOT APPLICABLE,1900,S,LAKE SHORE DR W,132.0,,,,,,,2,"REPORTED, NOT EVIDENT",1.0,0.0,0.0,0.0,1.0,2.0,0.0,13,7,1,41.8566269176,-87.6162852833,POINT (-87.616285283296 41.856626917647)
f84cabb9ebf2a387e0061981c6242112446f79fb8fe16531f3558ddede219a1dfcf3a2bc33686be1dc72e79ef695ca609568b6b3dd04659324d2c3f96f6d4022,,05/02/2023 09:52:00 AM,30,TRAFFIC SIGNAL,FUNCTIONING PROPERLY,CLEAR,DAYLIGHT,ANGLE,NOT DIVIDED,,STRAIGHT AND LEVEL,DRY,NO DEFECTS,ON SCENE,INJURY AND / OR TOW DUE TO CRASH,Y,,,"OVER $1,500",05/02/2023 09:54:00 AM,UNABLE TO DETERMINE,NOT APPLICABLE,4700,S,HALSTED ST,933.0,,,,,,,2,NONINCAPACITATING INJURY,1.0,0.0,0.0,1.0,0.0,1.0,0.0,9,3,5,41.8088150393,-87.6456829532,POINT (-87.645682953152 41.808815039296)
5275a55ddd53f0b2982f02e067872db169d0cde13cf79f6474899a0c52ee8867c1c164401a6189089b7182d38f5b763ac813e9e2edc44b2a0e301215bc548358,,03/08/2025 03:30:00 PM,20,TRAFFIC SIGNAL,FUNCTIONING PROPERLY,CLEAR,DAYLIGHT,TURNING,PARKING LOT,,STRAIGHT ON GRADE,DRY,NO DEFECTS,NOT ON SCENE (DESK REPORT),INJURY AND / OR TOW DUE TO CRASH,,,,"OVER $1,500",03/08/2025 05:20:00 PM,FOLLOWING TOO CLOSELY,DRIVING SKILLS/KNOWLEDGE/EXPERIENCE,1655,E,95TH ST,431.0,,,,,,,2,"REPORTED, NOT EVIDENT",1.0,0.0,0.0,0.0,1.0,1.0,0.0,15,7,3,41.7222631981,-87.5829176346,POINT (-87.582917634619 41.722263198134)
b74d35c807ce30cd48f7180a0c94c6460367e280f732f8664170734d922137c90642effec863c6c897bf99d30944574146505bb545ea9aa78157e1d654adcb01,,10/29/2020 04:20:00 PM,30,NO CONTROLS,NO CONTROLS,CLEAR,DAYLIGHT,REAR TO FRONT,DIVIDED - W/MEDIAN (NOT RAISED),,STRAIGHT AND LEVEL,DRY,NO DEFECTS,NOT ON SCENE (DESK REPORT),NO INJURY / DRIVE AWAY,,,,"OVER $1,500",10/29/2020 06:30:00 PM,IMPROPER BACKING,NOT APPLICABLE,3749,N,NOTTINGHAM AVE,1632.0,,,,,,,2,NO INDICATION OF INJURY,0.0,0.0,0.0,0.0,0.0,2.0,0.0,16,5,10,41.9485753821,-87.8045209494,POINT (-87.804520949402 41.948575382075)
83d67cf0297418f862fa892fc97299b761df3ad60c64972caa59e82b13f5a9fcc3f90cff674409d69af75f101e0a01f46fc8e7a204804b4bca37fbdc187c3eac,,11/17/2019 12:00:00 PM,30,NO CONTROLS,NO CONTROLS,CLEAR,DAYLIGHT,PARKED MOTOR VEHICLE,DIVIDED - W/MEDIAN (NOT RAISED),,STRAIGHT AND LEVEL,DRY,NO DEFECTS,NOT ON SCENE (DESK REPORT),NO INJURY / DRIVE AWAY,,,Y,"OVER $1,500",11/18/2019 01:28:00 PM,UNABLE TO DETERMINE,UNABLE TO DETERMINE,7600,S,BISHOP ST,612.0,,,,,,,2,NO INDICATION OF INJURY,0.0,0.0,0.0,0.0,0.0,1.0,0.0,12,1,11,41.7557681099,-87.6604823825,POINT (-87.660482382547 41.755768109894)
84ca64c3921bb513b909b8d25f61b82df41947f73562aea467787394a974fe5354d2bd532109ad240963545e06e42e8c226452607ed0d1bab5eb6689ef8fc963,,08/02/2016 05:10:00 PM,30,TRAFFIC SIGNAL,FUNCTIONING PROPERLY,CLEAR,DAYLIGHT,TURNING,NOT DIVIDED,3,STRAIGHT AND LEVEL,DRY,NO DEFECTS,NOT ON SCENE (DESK REPORT),NO INJURY / DRIVE AWAY,Y,,Y,$500 OR LESS,08/02/2016 06:00:00 PM,FOLLOWING TOO CLOSELY,NOT APPLICABLE,9858,S,HALSTED ST,2232.0,,,,,,,2,NO INDICATION OF INJURY,0.0,0.0,0.0,0.0,0.0,3.0,0.0,17,3,8,41.714503915,-87.6431612902,POINT (-87.643161290197 41.714503914994)
b3cd3dc5ca9bcd756156488321b1297d4d25e786d13fa8f261e60a00db21dd7b96caec05d623be09672a693b40b89397b7558ea139504ac694bde53942367eee,,07/09/2017 05:15:00 PM,30,TRAFFIC SIGNAL,FUNCTIONING PROPERLY,CLEAR,DAYLIGHT,REAR END,DIVIDED - W/MEDIAN BARRIER,4,STRAIGHT AND LEVEL,DRY,UNKNOWN,ON SCENE,NO INJURY / DRIVE AWAY,,,Y,$500 OR LESS,07/09/2017 05:23:00 PM,FOLLOWING TOO CLOSELY,UNABLE TO DETERMINE,1801,W,GARFIELD BLVD,715.0,,,,,,,2,NO INDICATION OF INJURY,0.0,0.0,0.0,0.0,0.0,2.0,0.0,17,1,7,41.7934928955,-87.6694912754,POINT (-87.669491275352 41.793492895519)
541dcfa05aed7ac9ea95afa5c5f5c803f10dbebee11c6aeafb4775b9738af819a8f36883f4f301ca29121cdf508038755107d7e089c0114f7f2ad18480ce4084,,07/24/2018 07:30:00 PM,30,NO CONTROLS,NO CONTROLS,CLEAR,"DARKNESS, LIGHTED ROAD",REAR END,DIVIDED - W/MEDIAN (NOT RAISED),2,STRAIGHT AND LEVEL,DRY,NO DEFECTS,ON SCENE,INJURY AND / OR TOW DUE TO CRASH,,,,"OVER $1,500",07/24/2018 07:35:00 PM,FOLLOWING TOO CLOSELY,FAILING TO REDUCE SPEED TO AVOID CRASH,2740,N,CENTRAL AVE,2514.0,,,,,,,2,NONINCAPACITATING INJURY,1.0,0.0,0.0,1.0,0.0,1.0,0.0,19,3,7,41.930700773,-87.7663722251,POINT (-87.766372225112 41.930700773004)
8f4d64f2fda81c319c346ee41fec16ef83e9022777abecd9830fe9099fa026f68b8a1c18cd6bad23fb78d17bcb07d692f071303b6108c94bfe8a04ed521c34e4,,01/20/2018 11:20:00 PM,30,NO CONTROLS,NO CONTROLS,CLEAR,"DARKNESS, LIGHTED ROAD",REAR END,NOT DIVIDED,4,STRAIGHT AND LEVEL,DRY,NO DEFECTS,ON SCENE,NO INJURY / DRIVE AWAY,,,Y,"OVER $1,500",01/20/2018 11:25:00 PM,"OPERATING VEHICLE IN ERRATIC, RECKLESS, CARELESS, NEGLIGENT OR AGGRESSIVE MANNER",NOT APPLICABLE,6431,S,COTTAGE GROVE AVE,312.0,,,,,,,2,NO INDICATION OF INJURY,0.0,0.0,0.0,0.0,0.0,2.0,0.0,23,7,1,41.7776596815,-87.6057216648,POINT (-87.605721664769 41.777659681457)
de338288b944dd99c75bc9dcf66792a82f0f671ce4aff25cff1694cb7a3c33b43aae6e6d7b0cd271287480507151d098e576850425b0d6df572f505336a9100d,Y,06/01/2019 05:00:00 PM,30,NO CONTROLS,NO CONTROLS,UNKNOWN,DAYLIGHT,PARKED MOTOR VEHICLE,NOT DIVIDED,,STRAIGHT AND LEVEL,DRY,NO DEFECTS,NOT ON SCENE (DESK REPORT),NO INJURY / DRIVE AWAY,,,Y,"$501 - $1,500",06/02/2019 11:45:00 AM,UNABLE TO DETERMINE,UNABLE TO DETERMINE,515,S,SACRAMENTO BLVD,1135.0,,,,,,,2,NO INDICATION OF INJURY,0.0,0.0,0.0,0.0,0.0,1.0,0.0,17,7,6,,,
34e4b211c2081c4f0fbe63e224ecc4d3866fdb04cfeca4a65cca635abe61e87cc485b1c8f9fd9dbce64e65ed432ab875c8cc47471db94145a4ea09cd87e1ed53,,01/26/2023 01:22:00 PM,10,NO CONTROLS,NO CONTROLS,CLEAR,DAYLIGHT,REAR TO SIDE,PARKING LOT,,STRAIGHT AND LEVEL,DRY,NO DEFECTS,NOT ON SCENE (DESK REPORT),NO INJURY / DRIVE AWAY,,,,"OVER $1,500",01/26/2023 01:45:00 PM,PHYSICAL CONDITION OF DRIVER,NOT APPLICABLE,2105,S,JEFFERSON ST,1235.0,,,,,,,2,NO INDICATION OF INJURY,0.0,0.0,0.0,0.0,0.0,2.0,0.0,13,5,1,41.8540710351,-87.6416003433,POINT (-87.641600343301 41.854071035063)
e8efea57b3d36cc63081290d7376aeb03257e162d14f5dd3f84a68e576fdc1d7691774dec75222169864ee1a4f2ddb5f58fab6e99ea831d03faddccfa7ccb341,,05/09/2023 01:40:00 PM,30,NO CONTROLS,NO CONTROLS,CLEAR,DAYLIGHT,SIDESWIPE OPPOSITE DIRECTION,NOT DIVIDED,,STRAIGHT AND LEVEL,DRY,NO DEFECTS,ON SCENE,NO INJURY / DRIVE AWAY,,,,$500 OR LESS,05/09/2023 01:50:00 PM,"OPERATING VEHICLE IN ERRATIC, RECKLESS, CARELESS, NEGLIGENT OR AGGRESSIVE MANNER",DRIVING SKILLS/KNOWLEDGE/EXPERIENCE,2240,S,PRINCETON AVE,914.0,,,,,,,2,NO INDICATION OF INJURY,0.0,0.0,0.0,0.0,0.0,3.0,0.0,13,3,5,41.8516430707,-87.6349216051,POINT (-87.634921605095 41.851643070668)
cf37e177450561593787fb6b90296009010e143aeb505f536c8ef547d0a7f3d535c5f13b324506609f8e2191d954713d1413a695cc4a9bf0bf26f25c17f7e4f6,,08/01/2018 01:07:00 AM,25,NO CONTROLS,NO CONTROLS,CLEAR,"DARKNESS, LIGHTED ROAD",PARKED MOTOR VEHICLE,NOT DIVIDED,1,STRAIGHT AND LEVEL,DRY,NO DEFECTS,ON SCENE,NO INJURY / DRIVE AWAY,,,Y,"$501 - $1,500",08/01/2018 01:07:00 AM,DISTRACTION - FROM INSIDE VEHICLE,DRIVING SKILLS/KNOWLEDGE/EXPERIENCE,1719,W,90TH PL,2221.0,,,,,,,2,NO INDICATION OF INJURY,0.0,0.0,0.0,0.0,0.0,1.0,0.0,1,4,8,41.7292126101,-87.6660317981,POINT (-87.666031798148 41.729212610117)
487775c67ed3855fd680614d09d0af006a4c48f68d6b18d8c251383e9b211e7c47ca63a303016708256d658859d4ac8f0a45dce9be32c831365706f2649ba7cf,,08/06/2022 01:00:00 PM,30,NO CONTROLS,NO CONTROLS,CLEAR,DAYLIGHT,SIDESWIPE OPPOSITE DIRECTION,DIVIDED - W/MEDIAN (NOT RAISED),,STRAIGHT AND LEVEL,DRY,NO DEFECTS,ON SCENE,INJURY AND / OR TOW DUE TO CRASH,,,,"$501 - $1,500",08/06/2022 01:02:00 PM,IMPROPER OVERTAKING/PASSING,IMPROPER BACKING,5341,W,MONTROSE AVE,1624.0,,,,,,,2,NO INDICATION OF INJURY,0.0,0.0,0.0,0.0,0.0,3.0,0.0,13,7,8,41.9604419376,-87.7615019233,POINT (-87.76150192325 41.960441937594)
97698028b9ce7737aa0a37465c947d36e5dacbe0be63b75c150ced011aed9605675d0530df46423c6f4eccfbb7bc48ffdbead8186e63b9db5f7adba9c26afb2d,,03/29/2021 11:20:00 AM,30,TRAFFIC SIGNAL,FUNCTIONING PROPERLY,CLEAR,DAYLIGHT,REAR END,NOT DIVIDED,,STRAIGHT AND LEVEL,DRY,NO DEFECTS,ON SCENE,NO INJURY / DRIVE AWAY,,,,"OVER $1,500",03/29/2021 11:27:00 AM,FOLLOWING TOO CLOSELY,PHYSICAL CONDITION OF DRIVER,204,N,HALSTED ST,1214.0,,,,,,,2,NO INDICATION OF INJURY,0.0,0.0,0.0,0.0,0.0,3.0,0.0,11,2,3,41.8858320616,-87.647626299,POINT (-87.647626298968 41.885832061604)
c40e61e5464000c2c7016c87f684348d2011aa52f28510d8c57b1fabde680b6d9ba57528a14a86eaaf880815971d13e3d50cecca0b0289cc2452a06578f02279,,02/27/2023 04:45:00 PM,25,NO CONTROLS,NO CONTROLS,CLEAR,DAYLIGHT,PARKED MOTOR VEHICLE,NOT DIVIDED,,STRAIGHT ON GRADE,WET,NO DEFECTS,NOT ON SCENE (DESK REPORT),NO INJURY / DRIVE AWAY,,,,"$501 - $1,500",02/27/2023 04:50:00 PM,UNABLE TO DETERMINE,UNABLE TO DETERMINE,6808,W,ARCHER AVE,811.0,,,,,,,2,NO INDICATION OF INJURY,0.0,0.0,0.0,0.0,0.0,1.0,0.0,16,2,2,41.7922579547,-87.7919785853,POINT (-87.791978585337 41.792257954693)
744cfcac0c9085479ced811a755ca730086b496288fdd6f9d425cdf2397ac05760c348a878d2461546b15d8a9208d0f82e3a5945aaf37b700b358afdccc50ac3,,10/02/2024 08:20:00 AM,30,NO CONTROLS,NO CONTROLS,CLEAR,DAYLIGHT,REAR END,DIVIDED - W/MEDIAN BARRIER,,STRAIGHT AND LEVEL,DRY,NO DEFECTS,ON SCENE,NO INJURY / DRIVE AWAY,,,Y,"$501 - $1,500",10/02/2024 08:30:00 AM,UNABLE TO DETERMINE,UNABLE TO DETERMINE,711,E,71ST ST,323.0,,,,,,,2,NO INDICATION OF INJURY,0.0,0.0,0.0,0.0,0.0,2.0,0.0,8,4,10,41.7657312395,-87.6075616136,POINT (-87.607561613568 41.765731239513)
ba11bca32e89a0a4df063d4a9a966e66eaa617f046a70a824e6d8ec1606c4f3fe108fc97ee00b3d9ac574a480b6fd152102876acf8ff9a64f741bde674f04a4e,,06/04/2017 01:45:00 PM,30,STOP SIGN/FLASHER,FUNCTIONING PROPERLY,CLEAR,DAYLIGHT,ANGLE,OTHER,5,STRAIGHT AND LEVEL,DRY,UNKNOWN,NOT ON SCENE (DESK REPORT),NO INJURY / DRIVE AWAY,,,,"OVER $1,500",06/04/2017 02:00:00 PM,UNABLE TO DETERMINE,UNABLE TO DETERMINE,2701,W,BELMONT AVE,1411.0,,,,,,,2,NO INDICATION OF INJURY,0.0,0.0,0.0,0.0,0.0,5.0,0.0,13,1,6,41.9392954179,-87.6953971539,POINT (-87.695397153856 41.939295417875)
2ed321e7e72da11719aba5c18ff3a5bbc4bf7622c9f578bb83d77ad144cf39650bca6ba4439ab1c436a28939fbfbeeea787e4f5c746ea1b3fd7292166b986875,N,10/22/2018 05:44:00 PM,35,NO CONTROLS,NO CONTROLS,CLEAR,DUSK,PEDESTRIAN,NOT DIVIDED,4,STRAIGHT AND LEVEL,DRY,NO DEFECTS,ON SCENE,INJURY AND / OR TOW DUE TO CRASH,,,,"OVER $1,500",10/22/2018 05:44:00 PM,UNABLE TO DETERMINE,UNABLE TO DETERMINE,6102,S,ARCHER AVE,811.0,,,,,,,2,INCAPACITATING INJURY,1.0,0.0,1.0,0.0,0.0,1.0,0.0,17,2,10,41.7945862644,-87.770478924,POINT (-87.770478924047 41.794586264372)
479510fd20829b4b289548f0595e4e188e7287f8c47d8ee599a74cee17a5c783804c5fcc2edc6d151abeddb6226e078c5fbcf258af39e5cbb32efdcdf875e993,,04/01/2020 11:10:00 AM,30,NO CONTROLS,NO CONTROLS,CLOUDY/OVERCAST,DAYLIGHT,HEAD ON,NOT DIVIDED,,STRAIGHT AND LEVEL,DRY,NO DEFECTS,NOT ON SCENE (DESK REPORT),NO INJURY / DRIVE AWAY,,,,"OVER $1,500",04/01/2020 12:14:00 PM,DISREGARDING ROAD MARKINGS,IMPROPER LANE USAGE,199,N,KEDZIE AVE,1222.0,,,,,,,2,NO INDICATION OF INJURY,0.0,0.0,0.0,0.0,0.0,2.0,0.0,11,4,4,41.8843163883,-87.7060713109,POINT (-87.706071310854 41.884316388265)
e272c4a7bb17ae6c8c3e7f223d735991b0557469371ca03e525bd89e7c78adc129d53361022685a2322cc59244fbe41b10036b538beca7d82064a6f8dc7b735b,,06/14/2024 12:30:00 PM,20,NO CONTROLS,NO CONTROLS,CLEAR,DAYLIGHT,TURNING,PARKING LOT,,STRAIGHT AND LEVEL,DRY,NO DEFECTS,NOT ON SCENE (DESK REPORT),NO INJURY / DRIVE AWAY,Y,,,"OVER $1,500",06/14/2024 01:00:00 PM,DRIVING SKILLS/KNOWLEDGE/EXPERIENCE,NOT APPLICABLE,4721,W,76TH ST,833.0,,,,,,,2,NO INDICATION OF INJURY,0.0,0.0,0.0,0.0,0.0,2.0,0.0,12,6,6,41.7540773735,-87.7401975148,POINT (-87.740197514779 41.754077373491)
ac1b8e6bbba5a8d5c08326269a9f61bdecb2a07ea7089eb7861aa956a29e3f283a15b8eda19ffd70a40159e4c09d718be6c10e0ada6260e97e4b2980b8023ffa,,02/10/2018 11:00:00 AM,30,UNKNOWN,UNKNOWN,UNKNOWN,DAYLIGHT,REAR END,NOT DIVIDED,,STRAIGHT AND LEVEL,SNOW OR SLUSH,UNKNOWN,NOT ON SCENE (DESK REPORT),NO INJURY / DRIVE AWAY,,,,"$501 - $1,500",02/10/2018 01:54:00 PM,FOLLOWING TOO CLOSELY,NOT APPLICABLE,2200,S,WESTERN AVE,1034.0,,,,,,,2,NO INDICATION OF INJURY,0.0,0.0,0.0,0.0,0.0,2.0,0.0,11,7,2,41.8519838396,-87.6857857042,POINT (-87.685785704205 41.851983839573)
4f2539aa0bd7d40e3e39a7ceca631d7920e4a84f47ad12d1f175a726cc6fdec49870b7678bc91ec4e6951ea07baf7ba3dadc7dcdd05344d08d54f1c8684fc887,,02/03/2018 05:30:00 PM,30,NO CONTROLS,NO CONTROLS,CLEAR,"DARKNESS, LIGHTED ROAD",ANGLE,DIVIDED - W/MEDIAN (NOT RAISED),2,STRAIGHT AND LEVEL,DRY,NO DEFECTS,NOT ON SCENE (DESK REPORT),NO INJURY / DRIVE AWAY,,,,"$501 - $1,500",02/03/2018 05:55:00 PM,FAILING TO YIELD RIGHT-OF-WAY,UNABLE TO DETERMINE,6624,N,RIDGE BLVD,2412.0,,,,,,,2,NO INDICATION OF INJURY,0.0,0.0,0.0,0.0,0.0,4.0,0.0,17,7,2,42.0022394016,-87.6789590495,POINT (-87.678959049549 42.002239401564)
5a954d773d8a1a8a59793587ccb531f20ddafc82392dfcb7233fe4c9e2964db71b5b04b5573db3852e3e1e8c83e0f4143acb58ef55632b896469a5b2801d5c1c,,09/11/2017 02:15:00 PM,30,TRAFFIC SIGNAL,FUNCTIONING PROPERLY,CLEAR,DAYLIGHT,REAR END,NOT DIVIDED,2,STRAIGHT AND LEVEL,DRY,NO DEFECTS,NOT ON SCENE (DESK REPORT),NO INJURY / DRIVE AWAY,,,Y,"$501 - $1,500",09/11/2017 05:55:00 PM,FOLLOWING TOO CLOSELY,NOT APPLICABLE,4701,S,ARCHER AVE,821.0,,,,,,,2,NO INDICATION OF INJURY,0.0,0.0,0.0,0.0,0.0,3.0,0.0,14,2,9,41.807843146,-87.7141937259,POINT (-87.714193725911 41.807843146029)
182125ab06883e2b22a8a7618909f4a3999ede9255ef1562233446f36991615b951b7f8505a4a863c2b78437dc394f4e61468840c3debfd84a9f80ab924f160b,,10/19/2018 03:40:00 PM,20,NO CONTROLS,NO CONTROLS,RAIN,DAYLIGHT,ANGLE,ALLEY,1,STRAIGHT AND LEVEL,WET,NO DEFECTS,NOT ON SCENE (DESK REPORT),NO INJURY / DRIVE AWAY,,,,"OVER $1,500",10/19/2018 09:14:00 PM,FAILING TO YIELD RIGHT-OF-WAY,UNABLE TO DETERMINE,2814,S,KOLIN AVE,1031.0,Y,Y,,,,,2,NO INDICATION OF INJURY,0.0,0.0,0.0,0.0,0.0,2.0,0.0,15,6,10,41.8399664533,-87.7330953578,POINT (-87.733095357834 41.839966453275)
7c1e3a7593ac8cdbce6eef3d921e1f8ee66fe93dd98c1518e4db22c71faacac86af5e219fa8d8d99eca017f0f69326648eb4d9ed917a748c9176ce210fbbec3e,Y,01/18/2022 03:00:00 PM,30,NO CONTROLS,NO CONTROLS,CLEAR,DAYLIGHT,FIXED OBJECT,PARKING LOT,,STRAIGHT AND LEVEL,DRY,NO DEFECTS,NOT ON SCENE (DESK REPORT),NO INJURY / DRIVE AWAY,,,,$500 OR LESS,01/18/2022 03:45:00 PM,DRIVING SKILLS/KNOWLEDGE/EXPERIENCE,NOT APPLICABLE,716,E,110TH ST,513.0,,,,,,,1,NO INDICATION OF INJURY,0.0,0.0,0.0,0.0,0.0,1.0,0.0,15,3,1,41.6950823247,-87.6047175333,POINT (-87.604717533254 41.695082324696)
95c2f9a47419da1786efb9af3aaf4d4508b13dcedd75baeccfdabb2f9d2423417d6b4ab133bd28f650be25bbd8a8d1246ab6ae5e63e5e17d8745861e2de443c5,,01/24/2022 03:50:00 PM,30,UNKNOWN,UNKNOWN,CLEAR,DAYLIGHT,TURNING,NOT DIVIDED,,STRAIGHT AND LEVEL,UNKNOWN,UNKNOWN,NOT ON SCENE (DESK REPORT),NO INJURY / DRIVE AWAY,,,,"OVER $1,500",01/24/2022 04:10:00 PM,UNABLE TO DETERMINE,UNABLE TO DETERMINE,5035,W,LAWRENCE AVE,1623.0,,,,,,,2,NO INDICATION OF INJURY,0.0,0.0,0.0,0.0,0.0,2.0,0.0,15,2,1,41.9678390268,-87.7540502381,POINT (-87.754050238085 41.967839026806)
70d484f4cfd839447bba4be9738cf0b69934feb4904f10107bd1a627a49d9d5fe90330bad1d1afa8c8eb4af76b318a90104d646a0dfaf43059b3008464156f22,,01/14/2020 02:40:00 PM,30,OTHER REG. SIGN,OTHER,CLEAR,DAYLIGHT,SIDESWIPE SAME DIRECTION,DIVIDED - W/MEDIAN (NOT RAISED),,STRAIGHT AND LEVEL,DRY,NO DEFECTS,NOT ON SCENE (DESK REPORT),NO INJURY / DRIVE AWAY,,,Y,"$501 - $1,500",01/14/2020 04:00:00 PM,"OPERATING VEHICLE IN ERRATIC, RECKLESS, CARELESS, NEGLIGENT OR AGGRESSIVE MANNER",FAILING TO YIELD RIGHT-OF-WAY,3275,W,WRIGHTWOOD AVE,1413.0,,,,,,,3,NO INDICATION OF INJURY,0.0,0.0,0.0,0.0,0.0,3.0,0.0,14,3,1,41.928227947,-87.7102418672,POINT (-87.71024186723 41.928227947021)
edc85dcea74f53379e8bbc12a1b4edc4591f5d70acc3aa5ef3d23cbc70d0ff17348fbe100553081923a02bd76ac64f7332fd1b78356cdf24b9c462a36650cf3c,,05/04/2023 04:15:00 PM,15,NO CONTROLS,NO CONTROLS,CLEAR,DAYLIGHT,SIDESWIPE SAME DIRECTION,ALLEY,,STRAIGHT AND LEVEL,DRY,NO DEFECTS,NOT ON SCENE (DESK REPORT),NO INJURY / DRIVE AWAY,,,,"$501 - $1,500",05/04/2023 09:40:00 PM,UNABLE TO DETERMINE,NOT APPLICABLE,915,E,MARQUETTE RD,321.0,,,,,,,2,NO INDICATION OF INJURY,0.0,0.0,0.0,0.0,0.0,2.0,0.0,16,5,5,41.7748845043,-87.6027194649,POINT (-87.602719464915 41.774884504286)
5a7261639ff9b5db4b10d4c124d87a821a2af0ef18f7f910226dd03640dc82d2a1966d9d2c312fd2c10726fd226ce87ee7e0546c7ab097c78ecfab32215da937,,08/04/2020 05:00:00 PM,30,UNKNOWN,UNKNOWN,UNKNOWN,UNKNOWN,PEDALCYCLIST,DIVIDED - W/MEDIAN (NOT RAISED),,STRAIGHT AND LEVEL,UNKNOWN,UNKNOWN,NOT ON SCENE (DESK REPORT),INJURY AND / OR TOW DUE TO CRASH,,,,"OVER $1,500",08/05/2020 12:01:00 AM,FAILING TO YIELD RIGHT-OF-WAY,NOT APPLICABLE,1632,W,DIVISION ST,1424.0,,,,,,,2,"REPORTED, NOT EVIDENT",1.0,0.0,0.0,0.0,1.0,1.0,0.0,17,3,8,41.9034342402,-87.6688542716,POINT (-87.668854271602 41.903434240165)
975fb46e7801bf2300e96dd49e5f3652230740c84efb0e6f4a84ee0a939a2f302feb605d9028700ebb5b9222b9e389ffbf278d7ef2f3b5c737612d669983100a,,09/30/2019 12:45:00 PM,20,NO CONTROLS,MISSING,CLEAR,DAYLIGHT,FIXED OBJECT,NOT DIVIDED,,STRAIGHT AND LEVEL,DRY,NO DEFECTS,ON SCENE,INJURY AND / OR TOW DUE TO CRASH,,,,"$501 - $1,500",09/30/2019 01:00:00 PM,UNABLE TO DETERMINE,UNABLE TO DETERMINE,1900,N,LECLAIRE AVE,2533.0,,,,,,,1,NO INDICATION OF INJURY,0.0,0.0,0.0,0.0,0.0,1.0,0.0,12,2,9,41.9152575353,-87.7530020082,POINT (-87.753002008217 41.915257535251)
47875b413f9a3d1948ad8903b1eae2bf73209dd5ca76e315be53125f9164d02eaca074b2bdca08617683c1a17b00ae5b5f380ce919d0084913e13143bd7e317a,,01/05/2019 05:44:00 PM,35,NO CONTROLS,NO CONTROLS,CLEAR,DARKNESS,ANGLE,PARKING LOT,,STRAIGHT AND LEVEL,DRY,NO DEFECTS,ON SCENE,NO INJURY / DRIVE AWAY,,Y,,"$501 - $1,500",01/05/2019 05:55:00 PM,NOT APPLICABLE,NOT APPLICABLE,210,W,103RD ST,511.0,,,,,,,2,NO INDICATION OF INJURY,0.0,0.0,0.0,0.0,0.0,3.0,0.0,17,7,1,41.7072061162,-87.6288150024,POINT (-87.628815002368 41.707206116169)
6fe16b3c13303ba56ef69cda60a8bd7ad08f6ecaf1048b9f717f3843c29405ea4b3854c3c942bec6eae6781891b51ab2f6913157ddd69049dc53be40e7a560a0,,12/07/2017 07:50:00 AM,30,TRAFFIC SIGNAL,FUNCTIONING PROPERLY,CLEAR,DAYLIGHT,REAR END,DIVIDED - W/MEDIAN BARRIER,4,STRAIGHT AND LEVEL,DRY,NO DEFECTS,ON SCENE,NO INJURY / DRIVE AWAY,Y,,Y,"OVER $1,500",12/07/2017 08:00:00 AM,FOLLOWING TOO CLOSELY,UNABLE TO DETERMINE,5700,N,SHERIDAN RD,2022.0,,,,,,,2,NO INDICATION OF INJURY,0.0,0.0,0.0,0.0,0.0,2.0,0.0,7,5,12,41.9856410954,-87.6553885441,POINT (-87.655388544127 41.985641095429)