CRASH_RECORD_ID,CRASH_DATE_EST_I,CRASH_DATE,POSTED_SPEED_LIMIT,TRAFFIC_CONTROL_DEVICE,DEVICE_CONDITION,WEATHER_CONDITION,LIGHTING_CONDITION,FIRST_CRASH_TYPE,TRAFFICWAY_TYPE,LANE_CNT,ALIGNMENT,ROADWAY_SURFACE_COND,ROAD_DEFECT,REPORT_TYPE,CRASH_TYPE,INTERSECTION_RELATED_I,NOT_RIGHT_OF_WAY_I,HIT_AND_RUN_I,DAMAGE,DATE_POLICE_NOTIFIED,PRIM_CONTRIBUTORY_CAUSE,SEC_CONTRIBUTORY_CAUSE,STREET_NO,STREET_DIRECTION,STREET_NAME,BEAT_OF_OCCURRENCE,PHOTOS_TAKEN_I,STATEMENTS_TAKEN_I,DOORING_I,WORK_ZONE_I,WORK_ZONE_TYPE,WORKERS_PRESENT_I,NUM_UNITS,MOST_SEVERE_INJURY,INJURIES_TOTAL,INJURIES_FATAL,INJURIES_INCAPACITATING,INJURIES_NON_INCAPACITATING,INJURIES_REPORTED_NOT_EVIDENT,INJURIES_NO_INDICATION,INJURIES_UNKNOWN,CRASH_HOUR,CRASH_DAY_OF_WEEK,CRASH_MONTH,LATITUDE,LONGITUDE,LOCATION
6d332aa92dea1a438c4474034b7959536499d932fc678e145b09c922bb74d4809fbaf66ded9877f7642caaea17392df180d7630a50d5f8e3e9949a9856a44e45,,04/08/2025 07:27:00 AM,25,STOP SIGN/FLASHER,FUNCTIONING PROPERLY,CLEAR,DAYLIGHT,REAR END,NOT DIVIDED,,STRAIGHT AND LEVEL,DRY,NO DEFECTS,NOT ON SCENE (DESK REPORT),NO INJURY / DRIVE AWAY,Y,,,"$501 - $1,500",04/08/2025 08:00:00 AM,UNABLE TO DETERMINE,NOT APPLICABLE,1051,N,LARAMIE AVE,1531.0,,,,,,,2,NO INDICATION OF INJURY,0.0,0.0,0.0,0.0,0.0,2.0,0.0,7,3,4,41.9000998004,-87.7555783796,POINT (-87.755578379559 41.900099800355)
ea790136c1644f257e23e59f2f8a298c772c45624680609a36136370965dfcc63a8b485a967fad15e6e0431015cda53ad26dd824a5ca7b9a201aefb0cf93c0b9,,10/25/2023 04:20:00 PM,30,UNKNOWN,UNKNOWN,CLEAR,DAYLIGHT,SIDESWIPE SAME DIRECTION,DIVIDED - W/MEDIAN (NOT RAISED),,STRAIGHT AND LEVEL,DRY,UNKNOWN,NOT ON SCENE (DESK REPORT),NO INJURY / DRIVE AWAY,,,,"OVER $1,500",10/25/2023 04:50:00 PM,UNABLE TO DETERMINE,UNABLE TO DETERMINE,4070,N,CLARK ST,1912.0,,,,,,,2,NO INDICATION OF INJURY,0.0,0.0,0.0,0.0,0.0,3.0,0.0,16,4,10,41.9562503996,-87.6635729203,POINT (-87.663572920316 41.956250399624)
0eb907bd6175859d9b21f8f05dbe9e6cd5db5db54da8221d1dbfb4b90b3c2c769dc099217c41c82ad2d7e6f218159e5e07ca627a14f6e065c9e572633885dc2f,Y,11/10/2025 02:53:00 PM,20,NO CONTROLS,NO CONTROLS,SNOW,DAYLIGHT,TURNING,NOT DIVIDED,,STRAIGHT AND LEVEL,WET,NO DEFECTS,ON SCENE,INJURY AND / OR TOW DUE TO CRASH,,,,"OVER $1,500",11/10/2025 03:15:00 PM,UNABLE TO DETERMINE,UNABLE TO DETERMINE,9300,S,PRINCETON AVE,634.0,,,,,,,2,NONINCAPACITATING INJURY,1.0,0.0,0.0,1.0,0.0,2.0,0.0,14,2,11,41.7256084873,-87.6302048032,POINT (-87.630204803151 41.72560848731)
9c22fd5c9a4c12deb67792f193ae632293885af46f1e7864be96f4955aaa576179fbe9ccc43f2a9f951da1cf369dea4c5610c624e4ae1d8a1ea66b056b06433d,,10/05/2019 02:45:00 PM,30,UNKNOWN,UNKNOWN,UNKNOWN,UNKNOWN,ANGLE,ONE-WAY,,STRAIGHT AND LEVEL,UNKNOWN,UNKNOWN,NOT ON SCENE (DESK REPORT),NO INJURY / DRIVE AWAY,,,,"OVER $1,500",10/05/2019 03:20:00 PM,UNABLE TO DETERMINE,NOT APPLICABLE,4801,W,SCHOOL ST,1634.0,,,,,,,2,NO INDICATION OF INJURY,0.0,0.0,0.0,0.0,0.0,5.0,0.0,14,7,10,41.9405393902,-87.747037596,POINT (-87.747037596038 41.940539390156)
d9941a4e2b3162da82450c1fa446c8c21221ec05aa9055718b277401031881b267ca483f8b578ff6a6c699e7e894356657563b8b54988793cd4d6752e300bbb3,,10/09/2024 08:15:00 AM,30,STOP SIGN/FLASHER,FUNCTIONING PROPERLY,CLEAR,DAYLIGHT,TURNING,T-INTERSECTION,,STRAIGHT AND LEVEL,DRY,NO DEFECTS,ON SCENE,INJURY AND / OR TOW DUE TO CRASH,Y,,Y,"OVER $1,500",10/09/2024 08:18:00 AM,IMPROPER TURNING/NO SIGNAL,DISREGARDING STOP SIGN,6000,S,ST LAWRENCE AVE,313.0,,,,,,,2,NONINCAPACITATING INJURY,1.0,0.0,0.0,1.0,0.0,1.0,0.0,8,4,10,41.7857004419,-87.6110682936,POINT (-87.611068293561 41.785700441864)
1ddbadc9c87477a883260c69284516f69da85dc54f12436faacd2b678e5aa0f6e18cf5b60c53d99c33c0299c054c520c48056b547675beb5731d55f5cb29c7a0,,10/06/2025 06:30:00 AM,25,NO CONTROLS,NO CONTROLS,CLEAR,DAYLIGHT,PARKED MOTOR VEHICLE,NOT DIVIDED,,STRAIGHT AND LEVEL,DRY,NO DEFECTS,NOT ON SCENE (DESK REPORT),NO INJURY / DRIVE AWAY,,,,"$501 - $1,500",10/07/2025 07:27:00 AM,UNABLE TO DETERMINE,UNABLE TO DETERMINE,6547,S,WOODLAWN AVE,321.0,,,,,,,2,NO INDICATION OF INJURY,0.0,0.0,0.0,0.0,0.0,1.0,0.0,6,2,10,41.7754887352,-87.5959389362,POINT (-87.595938936212 41.775488735175)
ce76425cb62f8b8bbf9a7c4c4b2f66274e4d36eba79a1a8f404c2b0747ef3f1992246cf90fe3b63105048430376b13e2e7584a348661a38f5ab9e2231b8ba922,,04/17/2023 07:50:00 AM,30,NO CONTROLS,NO CONTROLS,SNOW,DAYLIGHT,SIDESWIPE SAME DIRECTION,NOT DIVIDED,,STRAIGHT AND LEVEL,WET,NO DEFECTS,NOT ON SCENE (DESK REPORT),NO INJURY / DRIVE AWAY,,,Y,"$501 - $1,500",04/17/2023 12:00:00 PM,IMPROPER LANE USAGE,FAILING TO YIELD RIGHT-OF-WAY,3601,W,DIVERSEY AVE,2524.0,,,,,,,2,NO INDICATION OF INJURY,0.0,0.0,0.0,0.0,0.0,4.0,0.0,7,2,4,41.9318004365,-87.7172537997,POINT (-87.717253799732 41.931800436541)
1b4d323867a17a2b4fa114e383b613458d5f4cff52667e4f4454762cdb2fb7990f4aa1429be24216448c941623f70e3bf8ed0d620c7c5ccad2f4a098398edeff,,09/23/2019 09:30:00 AM,30,NO CONTROLS,NO CONTROLS,CLEAR,DAYLIGHT,SIDESWIPE SAME DIRECTION,NOT DIVIDED,,STRAIGHT AND LEVEL,DRY,NO DEFECTS,NOT ON SCENE (DESK REPORT),NO INJURY / DRIVE AWAY,,,,"OVER $1,500",09/25/2019 06:45:00 PM,UNABLE TO DETERMINE,UNABLE TO DETERMINE,6300,S,STATE ST,312.0,,,,,,,2,NO INDICATION OF INJURY,0.0,0.0,0.0,0.0,0.0,2.0,0.0,9,2,9,41.7800082774,-87.6255225119,POINT (-87.625522511916 41.780008277408)
e9b3d11818fadb0611771c6f7168da7c28a8ec45c008d1d850e207730fe5c9a6fef0c84f3c8049da08821119e2105505841abc5a992f15b5e8567561137abd83,,10/27/2020 02:15:00 PM,30,STOP SIGN/FLASHER,FUNCTIONING PROPERLY,RAIN,DAYLIGHT,REAR END,NOT DIVIDED,,STRAIGHT AND LEVEL,WET,NO DEFECTS,ON SCENE,NO INJURY / DRIVE AWAY,,,,"OVER $1,500",10/27/2020 02:15:00 PM,FAILING TO REDUCE SPEED TO AVOID CRASH,FAILING TO REDUCE SPEED TO AVOID CRASH,8200,S,EXCHANGE AVE,423.0,,,,,,,2,NO INDICATION OF INJURY,0.0,0.0,0.0,0.0,0.0,2.0,0.0,14,3,10,41.7464094691,-87.5529396037,POINT (-87.552939603675 41.746409469075)
81ef4eef33dc1ad5fb76bb607a37e39b28c97d1b0956f5c33c5c35bc8d14da723c2b167d787287ca486905c507e53e13e9be76361e41da6ced6ecb1529e31961,,04/06/2022 04:30:00 PM,30,OTHER,OTHER,CLEAR,DAYLIGHT,FIXED OBJECT,ONE-WAY,,STRAIGHT AND LEVEL,DRY,"RUT, HOLES",NOT ON SCENE (DESK REPORT),NO INJURY / DRIVE AWAY,,,,"OVER $1,500",04/06/2022 05:45:00 PM,UNABLE TO DETERMINE,UNABLE TO DETERMINE,2557,W,CONGRESS PKWY,1135.0,,,,,,,1,NO INDICATION OF INJURY,0.0,0.0,0.0,0.0,0.0,1.0,0.0,16,4,4,41.8748372242,-87.6908690046,POINT (-87.690869004564 41.874837224191)
a06d315a8ac1214589717ed422c893db3202c955e05b3854a3a8944905a5618a66ee94d057e3159de051223fbe2b5f2d9d1a4cbcd5398bc3016a42d8ab2dd2a7,,05/26/2024 05:50:00 PM,30,NO CONTROLS,NO CONTROLS,CLEAR,DAYLIGHT,FIXED OBJECT,DIVIDED - W/MEDIAN (NOT RAISED),,STRAIGHT AND LEVEL,DRY,NO DEFECTS,NOT ON SCENE (DESK REPORT),NO INJURY / DRIVE AWAY,,,,"OVER $1,500",05/26/2024 06:12:00 PM,UNABLE TO DETERMINE,NOT APPLICABLE,2226,S,PULASKI RD,1013.0,,,,,,,1,NO INDICATION OF INJURY,0.0,0.0,0.0,0.0,0.0,1.0,0.0,17,1,5,41.8506409394,-87.7248809737,POINT (-87.724880973677 41.850640939383)
3305fe125ece5d9786504cde53dfe3834b4363198bb5db764b4db27c00aff4d456285e0254c64fd388a8fdf8a5e74c7a9d27aeffe039f61d18bff6614e462da2,,06/03/2021 07:30:00 PM,20,TRAFFIC SIGNAL,FUNCTIONING PROPERLY,CLEAR,DAYLIGHT,REAR END,FOUR WAY,,STRAIGHT AND LEVEL,DRY,NO DEFECTS,ON SCENE,INJURY AND / OR TOW DUE TO CRASH,Y,,Y,"OVER $1,500",06/03/2021 08:00:00 PM,FOLLOWING TOO CLOSELY,UNABLE TO DETERMINE,9858,S,WENTWORTH AVE,511.0,,,,,,,3,"REPORTED, NOT EVIDENT",1.0,0.0,0.0,0.0,1.0,3.0,0.0,19,5,6,41.7141830505,-87.6286462442,POINT (-87.628646244164 41.714183050539)
1608220b0187eb0654e5eaaff924b552d9563664f4614bef316ab2e3da29e1e40f051aa7f4087f8b217201e574ba2f3ed67b7120093084b5cbe4e092bf56040d,,02/01/2024 02:30:00 PM,35,NO CONTROLS,NO CONTROLS,CLEAR,DAYLIGHT,TURNING,NOT DIVIDED,,STRAIGHT AND LEVEL,DRY,NO DEFECTS,NOT ON SCENE (DESK REPORT),NO INJURY / DRIVE AWAY,,,,"$501 - $1,500",02/02/2024 11:00:00 AM,UNABLE TO DETERMINE,UNABLE TO DETERMINE,3901,N,KEDZIE AVE,1733.0,,,,,,,2,NO INDICATION OF INJURY,0.0,0.0,0.0,0.0,0.0,2.0,0.0,14,5,2,41.9522008884,-87.7078220212,POINT (-87.70782202117 41.952200888393)
66ca71c8b2e18e77174be59b84365f641d6de96a5453c6f9991aedf74ff17bd9836b45abda0ed8f04b70f2908aa25807d5f8f5ea3f76de47464657ec815cddfe,Y,12/12/2024 12:25:00 PM,30,TRAFFIC SIGNAL,FUNCTIONING PROPERLY,CLEAR,DAYLIGHT,REAR END,DIVIDED - W/MEDIAN (NOT RAISED),,STRAIGHT AND LEVEL,DRY,NO DEFECTS,NOT ON SCENE (DESK REPORT),NO INJURY / DRIVE AWAY,Y,,,"OVER $1,500",12/12/2024 01:25:00 PM,FOLLOWING TOO CLOSELY,NOT APPLICABLE,540,N,MICHIGAN AVE,1834.0,,,,,,,2,NO INDICATION OF INJURY,0.0,0.0,0.0,0.0,0.0,2.0,0.0,12,5,12,41.8921407837,-87.6243127844,POINT (-87.624312784422 41.89214078372)
c50e884430a6fe29eb03097bea7519018413ef8f80196fbd37825e8aabe47481535b973d3310c0711d18aabd7ddc425364c54ece66d4ec7eb1b3058d0912fca8,,08/05/2019 07:35:00 AM,20,STOP SIGN/FLASHER,FUNCTIONING PROPERLY,CLEAR,DAYLIGHT,TURNING,UNKNOWN INTERSECTION TYPE,,STRAIGHT AND LEVEL,DRY,NO DEFECTS,NOT ON SCENE (DESK REPORT),INJURY AND / OR TOW DUE TO CRASH,Y,,,"OVER $1,500",08/05/2019 09:15:00 AM,UNABLE TO DETERMINE,NOT APPLICABLE,10899,S,PROSPECT AVE,2212.0,,,,,,,2,NO INDICATION OF INJURY,0.0,0.0,0.0,0.0,0.0,2.0,0.0,7,2,8,41.6954074301,-87.666493097,POINT (-87.666493096988 41.695407430087)
e2b04af898bb79f968d410c3c57b34be35cb9471d0c32ce4f5ffb6da501b44fdb67ec59256c9f3beee31d74329d0061458174711b564102a4af0fdce129989de,,10/29/2023 08:36:00 PM,30,TRAFFIC SIGNAL,UNKNOWN,RAIN,"DARKNESS, LIGHTED ROAD",ANGLE,DIVIDED - W/MEDIAN (NOT RAISED),,STRAIGHT AND LEVEL,WET,NO DEFECTS,ON SCENE,INJURY AND / OR TOW DUE TO CRASH,Y,,Y,"OVER $1,500",10/29/2023 08:36:00 PM,DISREGARDING TRAFFIC SIGNALS,NOT APPLICABLE,11900,S,STATE ST,522.0,,,,,,,3,NONINCAPACITATING INJURY,3.0,0.0,0.0,1.0,2.0,2.0,0.0,20,1,10,41.6779769595,-87.6228027668,POINT (-87.622802766789 41.677976959484)
b465a0b871f0d9e00b3531fda8ce9c93bd2060dcd820a60486069ac36ca40013bdabd06c27db776c781110716d92834e8059bcd46b75618223044d1c22e4151e,,05/13/2019 02:15:00 AM,25,UNKNOWN,UNKNOWN,CLEAR,"DARKNESS, LIGHTED ROAD",FIXED OBJECT,NOT DIVIDED,,STRAIGHT AND LEVEL,DRY,NO DEFECTS,ON SCENE,INJURY AND / OR TOW DUE TO CRASH,,,Y,"OVER $1,500",05/13/2019 02:15:00 AM,NOT APPLICABLE,NOT APPLICABLE,8257,S,BLACKSTONE AVE,411.0,,,,,,,1,NO INDICATION OF INJURY,0.0,0.0,0.0,0.0,0.0,1.0,0.0,2,2,5,41.7443169635,-87.5880206144,POINT (-87.588020614449 41.744316963514)
ab32708c4bc643c8417998247321978edcc20ddf3bd3b9fcb5c5b1842fdcd31d6bfd6efe514ecd8c933b6b103279d3d45232f64f95e06a0f3133d471e5c7d63d,,05/28/2023 08:23:00 PM,30,TRAFFIC SIGNAL,FUNCTIONING PROPERLY,CLEAR,"DARKNESS, LIGHTED ROAD",REAR END,FOUR WAY,,STRAIGHT AND LEVEL,DRY,NO DEFECTS,ON SCENE,NO INJURY / DRIVE AWAY,Y,,Y,"OVER $1,500",05/28/2023 08:23:00 PM,FOLLOWING TOO CLOSELY,FOLLOWING TOO CLOSELY,600,W,ROOSEVELT RD,124.0,,,,,,,3,NO INDICATION OF INJURY,0.0,0.0,0.0,0.0,0.0,3.0,0.0,20,1,5,41.8673283915,-87.6422642382,POINT (-87.642264238244 41.867328391469)
fae1a9894731b2d5b9e8d4354c11d186cd76a8274e48aa683cac323a621b5f6faee9d246ba64960d011a8bd4b920c6865a6a558f7521b9b24188a8b4ea00b59d,,05/27/2020 08:40:00 PM,25,STOP SIGN/FLASHER,FUNCTIONING PROPERLY,CLEAR,"DARKNESS, LIGHTED ROAD",SIDESWIPE SAME DIRECTION,DIVIDED - W/MEDIAN (NOT RAISED),,STRAIGHT AND LEVEL,DRY,NO DEFECTS,ON SCENE,NO INJURY / DRIVE AWAY,Y,,,"OVER $1,500",05/27/2020 08:40:00 PM,FOLLOWING TOO CLOSELY,"OPERATING VEHICLE IN ERRATIC, RECKLESS, CARELESS, NEGLIGENT OR AGGRESSIVE MANNER",6401,S,WOODLAWN AVE,314.0,,,,,,,2,NO INDICATION OF INJURY,0.0,0.0,0.0,0.0,0.0,5.0,0.0,20,4,5,41.7786201095,-87.5960114572,POINT (-87.596011457196 41.778620109519)
c41327177930cf3a8952ebaad7b8db1219ae184fe7525f1c4d86f2fe090b248d9c8c518772649928712f3aa755135cf03b8715d94ea13bb708e88bf1ef0fcfcb,,02/13/2019 09:17:00 AM,35,STOP SIGN/FLASHER,FUNCTIONING PROPERLY,SNOW,DAYLIGHT,PEDALCYCLIST,NOT DIVIDED,2,STRAIGHT ON GRADE,SNOW OR SLUSH,NO DEFECTS,,INJURY AND / OR TOW DUE TO CRASH,Y,,,$500 OR LESS,02/14/2019 07:35:00 AM,UNABLE TO DETERMINE,UNABLE TO DETERMINE,3000,S,KOSTNER AVE,1031.0,,,,,,,2,"REPORTED, NOT EVIDENT",1.0,0.0,0.0,0.0,1.0,1.0,0.0,9,4,2,41.8385324659,-87.7342677722,POINT (-87.734267772157 41.838532465925)
dc242674011cb7b48fec53b7d383032e5ee4c7d0ecc1b661c2ad2d809d2e614ebcd69b95c967035746daf6fbec9f4d13483a6ea68e92831ada83a0a0cf45f896,,06/18/2021 04:30:00 PM,30,TRAFFIC SIGNAL,FUNCTIONING PROPERLY,CLEAR,DAYLIGHT,REAR END,NOT DIVIDED,,STRAIGHT AND LEVEL,DRY,NO DEFECTS,ON SCENE,NO INJURY / DRIVE AWAY,,,,$500 OR LESS,06/18/2021 04:32:00 PM,FOLLOWING TOO CLOSELY,FOLLOWING TOO CLOSELY,1802,S,CANAL ST,1235.0,,,,,,,3,NO INDICATION OF INJURY,0.0,0.0,0.0,0.0,0.0,6.0,0.0,16,6,6,41.8575103892,-87.6390769548,POINT (-87.639076954829 41.857510389239)
4446c58beb6ae250de468dd0d5de455794eeb59d52e59bc00b91e6d6fb291a51f959a3452434ea9c43789dfc3766bd21fab8925cc27921bc06b78368d0e4848c,,03/27/2023 07:30:00 AM,30,TRAFFIC SIGNAL,FUNCTIONING PROPERLY,CLEAR,DAYLIGHT,REAR END,FOUR WAY,,STRAIGHT AND LEVEL,DRY,NO DEFECTS,NOT ON SCENE (DESK REPORT),NO INJURY / DRIVE AWAY,,,Y,"$501 - $1,500",03/27/2023 07:00:00 PM,FAILING TO YIELD RIGHT-OF-WAY,FOLLOWING TOO CLOSELY,199,W,63RD ST,312.0,,,,,,,3,NO INDICATION OF INJURY,0.0,0.0,0.0,0.0,0.0,4.0,0.0,7,2,3,41.7798783489,-87.6300713551,POINT (-87.630071355071 41.779878348862)
7ffb3d7071f0ddf7ed0e28f604cccbcb3c64df29364fa1341e522b7e26b9a14dd06804bcb8b1155ec9a581a5dfb1758dc5090efa933798ad88b7db8eb2978149,,07/30/2016 07:00:00 PM,30,TRAFFIC SIGNAL,FUNCTIONING PROPERLY,CLEAR,DUSK,SIDESWIPE SAME DIRECTION,OTHER,3,STRAIGHT AND LEVEL,DRY,NO DEFECTS,NOT ON SCENE (DESK REPORT),NO INJURY / DRIVE AWAY,Y,,,"OVER $1,500",07/30/2016 07:10:00 PM,IMPROPER LANE USAGE,NOT APPLICABLE,3800,W,HARRISON ST,1133.0,,,,,,,2,NO INDICATION OF INJURY,0.0,0.0,0.0,0.0,0.0,2.0,0.0,19,7,7,41.8736241188,-87.7204065573,POINT (-87.720406557306 41.873624118782)
c39643588e342a701f99e5a8643ce6996a393e47634415abb88254c76ffc0e5d336fb35a4c4bc5deb21ee117b4eab1f3e949fd22074d9b188e40ad0a9a45d878,,07/28/2023 10:10:00 PM,35,NO CONTROLS,NO CONTROLS,CLEAR,"DARKNESS, LIGHTED ROAD",PARKED MOTOR VEHICLE,DIVIDED - W/MEDIAN BARRIER,,STRAIGHT AND LEVEL,DRY,NO DEFECTS,,NO INJURY / DRIVE AWAY,,,,"OVER $1,500",07/28/2023 10:30:00 PM,UNABLE TO DETERMINE,NOT APPLICABLE,1901,W,MADISON ST,1223.0,,,,,,,2,NO INDICATION OF INJURY,0.0,0.0,0.0,0.0,0.0,6.0,0.0,22,6,7,41.8812414568,-87.674282534,POINT (-87.674282533953 41.881241456803)
7c0b73ab2bd35cac44e563ca669ea5edccaea4501e592f080d55f111b72adb90d046c39e2a3e66ff7eaadcee42d90c282c993c463ca1281b745a94eb0b6aa31d,,05/01/2018 05:15:00 PM,30,STOP SIGN/FLASHER,FUNCTIONING PROPERLY,CLEAR,DAYLIGHT,ANGLE,DIVIDED - W/MEDIAN (NOT RAISED),0,STRAIGHT AND LEVEL,DRY,NO DEFECTS,ON SCENE,INJURY AND / OR TOW DUE TO CRASH,Y,,,"$501 - $1,500",05/01/2018 05:22:00 PM,FAILING TO YIELD RIGHT-OF-WAY,UNABLE TO DETERMINE,2301,N,CENTRAL PARK AVE,1413.0,,,,,,,2,NO INDICATION OF INJURY,0.0,0.0,0.0,0.0,0.0,2.0,0.0,17,3,5,41.9228224144,-87.7167933128,POINT (-87.716793312781 41.922822414365)
9418d836a953aca81f827b76faafe8459b53d69fc1ae37e376d4954acdc243afb87f06afa14e81cb1cd0c36d5eabc3fd10e3f76770a29e0747991a874c876571,Y,11/02/2021 08:30:00 AM,30,NO CONTROLS,NO CONTROLS,CLEAR,"DARKNESS, LIGHTED ROAD",PARKED MOTOR VEHICLE,NOT DIVIDED,,STRAIGHT AND LEVEL,DRY,NO DEFECTS,NOT ON SCENE (DESK REPORT),NO INJURY / DRIVE AWAY,,,Y,"OVER $1,500",11/02/2021 10:10:00 PM,FAILING TO REDUCE SPEED TO AVOID CRASH,UNABLE TO DETERMINE,627,W,WRIGHTWOOD AVE,1935.0,,,,,,,2,NO INDICATION OF INJURY,0.0,0.0,0.0,0.0,0.0,1.0,0.0,8,3,11,41.9292804778,-87.6439214636,POINT (-87.643921463595 41.929280477817)
639f30118da30195017e3d9fb9659b482dba0e39e811327d891b9b633002d9d32a6115ab49793e1c62a12f46006fb0be250f3c2e2fda237e17cd2845823c1e02,,11/14/2022 09:50:00 PM,30,STOP SIGN/FLASHER,NO CONTROLS,CLEAR,"DARKNESS, LIGHTED ROAD",TURNING,DIVIDED - W/MEDIAN (NOT RAISED),,STRAIGHT AND LEVEL,DRY,NO DEFECTS,NOT ON SCENE (DESK REPORT),NO INJURY / DRIVE AWAY,Y,,Y,"OVER $1,500",11/14/2022 10:05:00 PM,IMPROPER OVERTAKING/PASSING,IMPROPER TURNING/NO SIGNAL,5100,W,DIVISION ST,2533.0,,,,,,,2,NO INDICATION OF INJURY,0.0,0.0,0.0,0.0,0.0,2.0,0.0,21,2,11,41.9023835317,-87.7533884428,POINT (-87.753388442787 41.902383531749)
36f2b784205fdc10b47f2033f4e546c4f97ff044ab378c0fd030348c661896cdfa752dafcecef3cbf3378d70b075afa4b2e919eabe6ac0a1eab102d5a1a2aabb,,10/18/2020 09:50:00 PM,30,NO CONTROLS,NO CONTROLS,CLEAR,"DARKNESS, LIGHTED ROAD",TURNING,DIVIDED - W/MEDIAN (NOT RAISED),,STRAIGHT AND LEVEL,WET,NO DEFECTS,NOT ON SCENE (DESK REPORT),NO INJURY / DRIVE AWAY,,,Y,"OVER $1,500",10/18/2020 11:00:00 PM,UNABLE TO DETERMINE,NOT APPLICABLE,2433,W,63RD ST,825.0,,,,,,,2,NO INDICATION OF INJURY,0.0,0.0,0.0,0.0,0.0,2.0,0.0,21,1,10,41.7791298686,-87.6849214963,POINT (-87.684921496251 41.779129868619)
31d7ff462bed8ac9c9533e72e5ef7bcc3100b36f09577b24aa3fa4517d04f40d4c85065e98103c5fd7ced8bfc3443759ebfd7e493c58fd02856b99a9bb060f9f,,11/06/2023 11:15:00 AM,30,NO CONTROLS,NO CONTROLS,CLEAR,DAYLIGHT,PARKED MOTOR VEHICLE,NOT DIVIDED,,STRAIGHT AND LEVEL,DRY,NO DEFECTS,ON SCENE,NO INJURY / DRIVE AWAY,,,,"$501 - $1,500",11/06/2023 11:19:00 AM,DRIVING SKILLS/KNOWLEDGE/EXPERIENCE,NOT APPLICABLE,100,E,WALTON ST,1833.0,,,,,,,2,NO INDICATION OF INJURY,0.0,0.0,0.0,0.0,0.0,2.0,0.0,11,2,11,41.9000966252,-87.6253593407,POINT (-87.625359340701 41.900096625177)
56e0c918f7f3d1684d14430347e118d0601a93a5286b4f45af2a0c8c2446fe7207c33e7a6a7943b49d1f4bb494548dfb2b0b877aab8cf4b3cc218d1110fbdf31,,05/23/2022 08:35:00 AM,15,NO CONTROLS,NO CONTROLS,CLEAR,DAYLIGHT,PARKED MOTOR VEHICLE,PARKING LOT,,STRAIGHT AND LEVEL,DRY,NO DEFECTS,NOT ON SCENE (DESK REPORT),NO INJURY / DRIVE AWAY,,,Y,"$501 - $1,500",05/23/2022 01:29:00 PM,UNABLE TO DETERMINE,NOT APPLICABLE,8441,S,YATES BLVD,423.0,,,,,,,2,NO INDICATION OF INJURY,0.0,0.0,0.0,0.0,0.0,1.0,0.0,8,2,5,41.7414268709,-87.565933315,POINT (-87.565933315037 41.741426870939)
fd7512814f9c25216fb7fbf1ddb700676e285530223478a3bf97df2a75b6a8784bb8802b41874a7200a9ee11643c73b090852c00c3aca17d9846d589dd2e0528,,04/04/2023 06:37:00 PM,30,TRAFFIC SIGNAL,FUNCTIONING PROPERLY,RAIN,"DARKNESS, LIGHTED ROAD",REAR END,DIVIDED - W/MEDIAN (NOT RAISED),,STRAIGHT AND LEVEL,WET,NO DEFECTS,NOT ON SCENE (DESK REPORT),INJURY AND / OR TOW DUE TO CRASH,,,Y,"OVER $1,500",04/04/2023 08:15:00 PM,FAILING TO REDUCE SPEED TO AVOID CRASH,NOT APPLICABLE,6000,N,HARLEM AVE,1612.0,,,,,,,2,NONINCAPACITATING INJURY,1.0,0.0,0.0,1.0,0.0,1.0,0.0,18,3,4,41.990101454,-87.8070184018,POINT (-87.807018401784 41.990101454023)
07286afc97d9b3d9bd5c4ea58aa84ad4f3f496959499b777f734e0b45807b2916d8c5873e1d232fbf70f8c62da9bc70e7271d4991e67db3c74ee0097ceb27518,,07/26/2018 03:20:00 PM,30,NO CONTROLS,NO CONTROLS,CLEAR,DAYLIGHT,TURNING,DIVIDED - W/MEDIAN (NOT RAISED),4,STRAIGHT AND LEVEL,DRY,NO DEFECTS,NOT ON SCENE (DESK REPORT),NO INJURY / DRIVE AWAY,,,,"OVER $1,500",07/26/2018 04:00:00 PM,IMPROPER OVERTAKING/PASSING,NOT APPLICABLE,5140,N,CALIFORNIA AVE,2031.0,,,,,,,2,NO INDICATION OF INJURY,0.0,0.0,0.0,0.0,0.0,2.0,0.0,15,5,7,41.9752199982,-87.6990467552,POINT (-87.69904675522 41.975219998183)
a8083ff0893ccfdc794ef6b61ac3cb9852b6e2e67ce7654dfdb179c9fcf4969f69e6612b056514afe3f95e08f8fd2c22fc57d297d9012b4ff8d5c2ea931708c7,,10/17/2022 08:19:00 AM,40,NO CONTROLS,NO CONTROLS,CLEAR,DAYLIGHT,SIDESWIPE SAME DIRECTION,DIVIDED - W/MEDIAN (NOT RAISED),,STRAIGHT AND LEVEL,DRY,UNKNOWN,ON SCENE,INJURY AND / OR TOW DUE TO CRASH,,,,"OVER $1,500",10/17/2022 08:20:00 AM,UNABLE TO DETERMINE,UNABLE TO DETERMINE,5199,N,LAKE SHORE DR SB,2024.0,,,,,,,2,"REPORTED, NOT EVIDENT",1.0,0.0,0.0,0.0,1.0,2.0,0.0,8,2,10,41.976601023,-87.6500810693,POINT (-87.65008106931 41.976601023043)