CRASH_RECORD_ID,CRASH_DATE_EST_I,CRASH_DATE,POSTED_SPEED_LIMIT,TRAFFIC_CONTROL_DEVICE,DEVICE_CONDITION,WEATHER_CONDITION,LIGHTING_CONDITION,FIRST_CRASH_TYPE,TRAFFICWAY_TYPE,LANE_CNT,ALIGNMENT,ROADWAY_SURFACE_COND,ROAD_DEFECT,REPORT_TYPE,CRASH_TYPE,INTERSECTION_RELATED_I,NOT_RIGHT_OF_WAY_I,HIT_AND_RUN_I,DAMAGE,DATE_POLICE_NOTIFIED,PRIM_CONTRIBUTORY_CAUSE,SEC_CONTRIBUTORY_CAUSE,STREET_NO,STREET_DIRECTION,STREET_NAME,BEAT_OF_OCCURRENCE,PHOTOS_TAKEN_I,STATEMENTS_TAKEN_I,DOORING_I,WORK_ZONE_I,WORK_ZONE_TYPE,WORKERS_PRESENT_I,NUM_UNITS,MOST_SEVERE_INJURY,INJURIES_TOTAL,INJURIES_FATAL,INJURIES_INCAPACITATING,INJURIES_NON_INCAPACITATING,INJURIES_REPORTED_NOT_EVIDENT,INJURIES_NO_INDICATION,INJURIES_UNKNOWN,CRASH_HOUR,CRASH_DAY_OF_WEEK,CRASH_MONTH,LATITUDE,LONGITUDE,LOCATION
e62d55298e79919cc63157cbd64eb852498a7518aba61a005c123ce14d6297a47d59e2ccdbe444ed70a80da9fd01aa0e596d78901806e61a6133685abd61dde1,Y,05/17/2018 09:50:00 AM,30,TRAFFIC SIGNAL,FUNCTIONING PROPERLY,CLEAR,DAYLIGHT,ANGLE,OTHER,0,STRAIGHT AND LEVEL,DRY,NO DEFECTS,ON SCENE,INJURY AND / OR TOW DUE TO CRASH,Y,,,"OVER $1,500",05/17/2018 09:55:00 AM,DISREGARDING TRAFFIC SIGNALS,UNABLE TO DETERMINE,100,E,OAK ST,1824.0,,,,,,,2,NO INDICATION OF INJURY,0.0,0.0,0.0,0.0,0.0,2.0,0.0,9,5,5,41.9009013487,-87.625628848,POINT (-87.625628848015 41.900901348667)
9aa04880096f33c05f80d7a70b8c94d31312a21271e0210bf1027a0f9b9e02639719e9fa7906373dc52017ff197ea1611f02280926602bb52050fddbc13d9810,,07/22/2021 09:30:00 AM,30,NO CONTROLS,NO CONTROLS,CLEAR,DAYLIGHT,REAR END,NOT DIVIDED,,STRAIGHT AND LEVEL,DRY,UNKNOWN,NOT ON SCENE (DESK REPORT),NO INJURY / DRIVE AWAY,,,,"$501 - $1,500",07/22/2021 02:00:00 PM,NOT APPLICABLE,NOT APPLICABLE,6700,W,DIVERSEY AVE,2511.0,,,,,,,2,NO INDICATION OF INJURY,0.0,0.0,0.0,0.0,0.0,2.0,0.0,9,5,7,41.9310223008,-87.7930905709,POINT (-87.793090570898 41.931022300803)
8d1aaf46c2d526be03cff2e9b12b319afdb1991b76fa6681316309c46a6c743a9bbcb80394654fd9584ddecac1d7e06ad8aced5268ec2bfd1ddb4598d0039528,,10/05/2022 05:45:00 AM,35,TRAFFIC SIGNAL,FUNCTIONING PROPERLY,CLEAR,"DARKNESS, LIGHTED ROAD",ANGLE,FOUR WAY,,STRAIGHT AND LEVEL,DRY,NO DEFECTS,ON SCENE,INJURY AND / OR TOW DUE TO CRASH,Y,,,"OVER $1,500",10/05/2022 05:45:00 AM,DISREGARDING TRAFFIC SIGNALS,NOT APPLICABLE,10700,S,STATE ST,513.0,,,,,,,2,NONINCAPACITATING INJURY,2.0,0.0,0.0,2.0,0.0,0.0,0.0,5,4,10,41.6997769392,-87.6234568249,POINT (-87.623456824885 41.699776939176)
b37944fc6866e38a42d2e3469ba665a44f893549906fd61e5535b6a23329c0b05df8047b1a6e7a9fffe7df3d2f7fa7722b5bb44e60d3e6829cc513a39749e1e5,,09/25/2022 10:00:00 PM,25,NO CONTROLS,NO CONTROLS,RAIN,"DARKNESS, LIGHTED ROAD",SIDESWIPE OPPOSITE DIRECTION,NOT DIVIDED,,STRAIGHT AND LEVEL,WET,NO DEFECTS,NOT ON SCENE (DESK REPORT),NO INJURY / DRIVE AWAY,,,Y,"OVER $1,500",09/25/2022 10:30:00 PM,IMPROPER OVERTAKING/PASSING,FAILING TO YIELD RIGHT-OF-WAY,7305,N,WOLCOTT AVE,2424.0,Y,,,,,,2,NO INDICATION OF INJURY,0.0,0.0,0.0,0.0,0.0,3.0,0.0,22,1,9,42.0138791422,-87.678083684,POINT (-87.678083683972 42.013879142227)
17ff2e010dac5ab98c92454a22d2700a271208f0a13daa0a4081cef68ff0a82b8e07597ba3e0a2628b8ed6e6162411838e1f220669d4b0ccbdfc2a4653ab2770,,03/03/2017 03:30:00 PM,30,NO CONTROLS,NO CONTROLS,CLEAR,DAYLIGHT,SIDESWIPE SAME DIRECTION,DIVIDED - W/MEDIAN (NOT RAISED),2,STRAIGHT AND LEVEL,DRY,NO DEFECTS,NOT ON SCENE (DESK REPORT),NO INJURY / DRIVE AWAY,Y,,,"OVER $1,500",03/03/2017 04:45:00 PM,IMPROPER OVERTAKING/PASSING,NOT APPLICABLE,723,N,FAIRBANKS CT,1834.0,,,,,,,2,NO INDICATION OF INJURY,0.0,0.0,0.0,0.0,0.0,6.0,0.0,15,6,3,41.8957601631,-87.6201976914,POINT (-87.620197691394 41.895760163058)
4531e5ab04450d03c6228db61936a91328b67643143db6e469575f1defe57d03e7643c17a77121f6cd764af7e029c7efd34fa62e8d10689f3c3e0ccf1f418516,Y,12/31/2022 02:00:00 AM,30,NO CONTROLS,NO CONTROLS,CLEAR,UNKNOWN,PARKED MOTOR VEHICLE,ONE-WAY,,STRAIGHT AND LEVEL,DRY,NO DEFECTS,NOT ON SCENE (DESK REPORT),INJURY AND / OR TOW DUE TO CRASH,,,Y,"OVER $1,500",12/31/2022 10:23:00 AM,NOT APPLICABLE,NOT APPLICABLE,1508,N,KEYSTONE AVE,2534.0,,,,,,,2,NO INDICATION OF INJURY,0.0,0.0,0.0,0.0,0.0,1.0,0.0,2,7,12,41.9083791187,-87.7278487876,POINT (-87.727848787586 41.908379118687)
41ef9496fdd1508794b86e3b29e50c608e8c9f11592b30e3d913ef98a47ddbfd0d9e596b46076702028f862f7236e3c6afb5cb568b17f07cce5cb06b1057e0f3,,05/31/2021 07:30:00 PM,25,NO CONTROLS,NO CONTROLS,CLEAR,DAYLIGHT,PARKED MOTOR VEHICLE,ONE-WAY,,STRAIGHT AND LEVEL,DRY,NO DEFECTS,NOT ON SCENE (DESK REPORT),NO INJURY / DRIVE AWAY,,,,"OVER $1,500",06/02/2021 11:25:00 AM,NOT APPLICABLE,NOT APPLICABLE,4007,W,21ST ST,1012.0,,,,,,,2,NO INDICATION OF INJURY,0.0,0.0,0.0,0.0,0.0,3.0,0.0,19,2,5,41.8533817572,-87.7251507441,POINT (-87.725150744119 41.853381757203)
0db3a0a20426dc0cfb00361f46077228f2832cfb44eea2c3daddd6924046d3cfe66f832c89bd14875814812047587e5cd3b70d958d5da6145cc33ed7f4dab061,,03/08/2018 05:45:00 PM,30,NO CONTROLS,NO CONTROLS,CLEAR,DAYLIGHT,PARKED MOTOR VEHICLE,NOT DIVIDED,2,STRAIGHT AND LEVEL,UNKNOWN,UNKNOWN,NOT ON SCENE (DESK REPORT),NO INJURY / DRIVE AWAY,,,,"$501 - $1,500",03/08/2018 07:54:00 PM,IMPROPER OVERTAKING/PASSING,IMPROPER OVERTAKING/PASSING,51,W,KINZIE ST,1831.0,,,,,,,2,NO INDICATION OF INJURY,0.0,0.0,0.0,0.0,0.0,3.0,0.0,17,5,3,41.8891180784,-87.6299233028,POINT (-87.629923302785 41.889118078364)
863a7614de918c73672fe27689c26d4fd51ae2fe29cae1842c3c473859aa9c0f180aeacef96a418c9f7b8ce3097c5fa76b0b97f2d7b3cda4a7b0a42ba0a4d9f4,,10/20/2017 12:30:00 PM,25,NO CONTROLS,NO CONTROLS,CLEAR,DAYLIGHT,SIDESWIPE SAME DIRECTION,ONE-WAY,,STRAIGHT AND LEVEL,DRY,NO DEFECTS,NOT ON SCENE (DESK REPORT),NO INJURY / DRIVE AWAY,,,Y,"$501 - $1,500",10/21/2017 05:00:00 PM,NOT APPLICABLE,NOT APPLICABLE,1158,S,INDEPENDENCE BLVD,1133.0,,,,,,,2,NO INDICATION OF INJURY,0.0,0.0,0.0,0.0,0.0,2.0,0.0,12,6,10,41.8662828666,-87.7202710047,POINT (-87.720271004669 41.866282866644)
7f6d6bd01ee43ac178142d58985ad2b54f1da81d386f0dde611fb52d8b7d8142291badfd54d2faa3dd1e7cc19bd7fcff3053d58f6c084eb4e9a9a0f50f965f66,,09/21/2023 05:14:00 PM,30,TRAFFIC SIGNAL,FUNCTIONING PROPERLY,CLEAR,DAYLIGHT,REAR TO FRONT,DIVIDED - W/MEDIAN (NOT RAISED),,STRAIGHT AND LEVEL,WET,NO DEFECTS,ON SCENE,NO INJURY / DRIVE AWAY,,,Y,"OVER $1,500",09/21/2023 05:52:00 PM,DRIVING SKILLS/KNOWLEDGE/EXPERIENCE,UNABLE TO DETERMINE,6300,S,CICERO AVE,813.0,,,,,,,2,NO INDICATION OF INJURY,0.0,0.0,0.0,0.0,0.0,3.0,0.0,17,5,9,41.7783353905,-87.7424364942,POINT (-87.74243649416 41.778335390453)
878e65331c67efd5abb68f05525766517e75482b41eb5bf03a8ce33f3500c08aef0636d50a0c5fa8917e62480fd0cbdb83e9b35eaf0037591af0c48441a51ba8,N,08/19/2025 07:50:00 PM,30,TRAFFIC SIGNAL,FUNCTIONING PROPERLY,CLEAR,"DARKNESS, LIGHTED ROAD",TURNING,FOUR WAY,,STRAIGHT AND LEVEL,DRY,NO DEFECTS,ON SCENE,INJURY AND / OR TOW DUE TO CRASH,Y,,Y,"OVER $1,500",08/19/2025 07:54:00 PM,DISREGARDING TRAFFIC SIGNALS,UNABLE TO DETERMINE,3402,W,PETERSON AVE,1711.0,,,,,,,2,INCAPACITATING INJURY,1.0,0.0,1.0,0.0,0.0,1.0,0.0,19,3,8,41.9904310797,-87.7141463956,POINT (-87.71414639559 41.990431079717)
2bedf5853f57d77508b2ee6839b49509164f2e13ff7560650c4ed2c942042cf16a0b946bfb7c4c02e97e74210fc3be93b190ad4b8ff4bc5f1f7bf038d89009d7,,09/19/2017 09:08:00 AM,30,STOP SIGN/FLASHER,FUNCTIONING PROPERLY,RAIN,DAYLIGHT,TURNING,DIVIDED - W/MEDIAN (NOT RAISED),6,STRAIGHT AND LEVEL,WET,UNKNOWN,ON SCENE,INJURY AND / OR TOW DUE TO CRASH,Y,,,"OVER $1,500",09/19/2017 09:12:00 AM,FAILING TO YIELD RIGHT-OF-WAY,FAILING TO YIELD RIGHT-OF-WAY,5543,S,HARLEM AVE,811.0,,,,,,,2,"REPORTED, NOT EVIDENT",1.0,0.0,0.0,0.0,1.0,2.0,0.0,9,3,9,41.7905877618,-87.8013219254,POINT (-87.801321925412 41.790587761797)
91ae6a04921fbce6e59a24b4694d595e81620534dd665bb848197c80c1deb42faa24d756e1d92e191e02e961bb54e6c8b07b124e29648b7ff8236bbdea3dbe13,,02/05/2024 02:59:00 AM,30,NO CONTROLS,NO CONTROLS,CLEAR,"DARKNESS, LIGHTED ROAD",FIXED OBJECT,NOT DIVIDED,,STRAIGHT AND LEVEL,DRY,NO DEFECTS,ON SCENE,INJURY AND / OR TOW DUE TO CRASH,,,Y,"OVER $1,500",02/05/2024 03:00:00 AM,FAILING TO REDUCE SPEED TO AVOID CRASH,NOT APPLICABLE,4561,S,STATE ST,215.0,,,,,,,1,NO INDICATION OF INJURY,0.0,0.0,0.0,0.0,0.0,2.0,0.0,2,2,2,41.8112699688,-87.6259908016,POINT (-87.625990801632 41.81126996881)
e07aaad2baeb114e0e06f855a3fbe3375240dbbafe9e66da8ee181c13810da4df7e4906365be746f1427c757fcae79dc458a988b5b57fa3dcb2595e560c14e9d,,02/09/2019 11:25:00 AM,35,TRAFFIC SIGNAL,FUNCTIONING PROPERLY,CLEAR,DAYLIGHT,REAR END,NOT DIVIDED,,STRAIGHT AND LEVEL,DRY,NO DEFECTS,ON SCENE,NO INJURY / DRIVE AWAY,,,Y,$500 OR LESS,02/09/2019 11:30:00 AM,FOLLOWING TOO CLOSELY,FOLLOWING TOO CLOSELY,3756,W,87TH ST,834.0,,,,,,,2,NO INDICATION OF INJURY,0.0,0.0,0.0,0.0,0.0,2.0,0.0,11,7,2,41.735055237,-87.7163795543,POINT (-87.716379554265 41.735055236953)
e89ac0e2a60c95fc86a5a79b30e57064046e6b88d149f07f8d5efc2ec74d13ef84635784baa5807afc39b282c71abd8f1d7d90b20e7e7f0430429cea3226c459,,01/26/2024 03:30:00 PM,30,NO CONTROLS,NO CONTROLS,RAIN,DAYLIGHT,PARKED MOTOR VEHICLE,NOT DIVIDED,,STRAIGHT AND LEVEL,WET,NO DEFECTS,NOT ON SCENE (DESK REPORT),NO INJURY / DRIVE AWAY,,,Y,"$501 - $1,500",01/27/2024 02:30:00 PM,UNABLE TO DETERMINE,NOT APPLICABLE,2100,W,CHASE AVE,2411.0,,,,,,,2,NO INDICATION OF INJURY,0.0,0.0,0.0,0.0,0.0,1.0,0.0,15,6,1,42.0141464888,-87.6837462763,POINT (-87.683746276251 42.014146488809)
6f5bd83b9cc54290da3b557208ff83ec18ea942f632fc12eb03b95e345e23b30761c47f4ae0823b494a932e46618aa56560f2723b160872a6ece2058011d4cf1,,03/12/2024 08:57:00 PM,30,UNKNOWN,UNKNOWN,CLEAR,"DARKNESS, LIGHTED ROAD",PARKED MOTOR VEHICLE,ONE-WAY,,STRAIGHT AND LEVEL,UNKNOWN,UNKNOWN,ON SCENE,NO INJURY / DRIVE AWAY,,,,"$501 - $1,500",03/12/2024 08:57:00 PM,NOT APPLICABLE,NOT APPLICABLE,6707,S,PERRY AVE,722.0,,,,,,,2,NO INDICATION OF INJURY,0.0,0.0,0.0,0.0,0.0,1.0,0.0,20,3,3,41.7724713385,-87.6282099904,POINT (-87.628209990431 41.772471338512)
b155bdc6caf1a9720d30c48e060bbbda0f5f9c02f45ab0907b0e7c25671b4ac8e10035be3c03856fcafd5022c8e5ec64d9114e32815ac8e1bf9f657ac1f1fa86,,10/30/2025 08:30:00 PM,35,TRAFFIC SIGNAL,FUNCTIONING PROPERLY,CLEAR,DARKNESS,TURNING,NOT DIVIDED,,STRAIGHT AND LEVEL,DRY,NO DEFECTS,ON SCENE,NO INJURY / DRIVE AWAY,Y,,,"OVER $1,500",10/30/2025 08:42:00 PM,FAILING TO YIELD RIGHT-OF-WAY,FAILING TO YIELD RIGHT-OF-WAY,41,E,IDA B WELLS DR,123.0,,,,,,,2,NO INDICATION OF INJURY,0.0,0.0,0.0,0.0,0.0,4.0,0.0,20,5,10,41.8755779668,-87.6260633552,POINT (-87.626063355208 41.875577966768)
df15d1fe90778d2e4a0a30a21697a8741e7088fa3f21ee6f82914df57e3695216d2255e04638e73de90add085792149d36eea471109402b9c8e908269ac5e1eb,,08/01/2022 04:50:00 PM,40,NO CONTROLS,NO CONTROLS,CLEAR,DAYLIGHT,REAR END,DIVIDED - W/MEDIAN BARRIER,,STRAIGHT AND LEVEL,DRY,NO DEFECTS,ON SCENE,INJURY AND / OR TOW DUE TO CRASH,,,Y,"OVER $1,500",08/01/2022 04:55:00 PM,FAILING TO REDUCE SPEED TO AVOID CRASH,FOLLOWING TOO CLOSELY,1900,S,LAKE SHORE DR E,132.0,,,,,,,3,NO INDICATION OF INJURY,0.0,0.0,0.0,0.0,0.0,4.0,0.0,16,2,8,41.856122955,-87.6157106218,POINT (-87.615710621761 41.856122955012)
706bc2b17dc7c088de30f700ff5a1094194e7d863ae2697c1dcf0cc6a766848754a37f5eaa0701f3592aa49300f0f66398109d9f3b19ba5422140aa05bacaa4b,,09/05/2024 03:50:00 PM,30,STOP SIGN/FLASHER,FUNCTIONING PROPERLY,CLEAR,DAYLIGHT,ANGLE,FOUR WAY,,STRAIGHT AND LEVEL,DRY,NO DEFECTS,ON SCENE,INJURY AND / OR TOW DUE TO CRASH,Y,,,"OVER $1,500",09/05/2024 03:52:00 PM,FAILING TO YIELD RIGHT-OF-WAY,NOT APPLICABLE,3500,S,PAULINA ST,912.0,,,,,,,2,"REPORTED, NOT EVIDENT",1.0,0.0,0.0,0.0,1.0,2.0,0.0,15,5,9,41.8303806926,-87.6680973904,POINT (-87.668097390368 41.830380692605)
e81fdf86cdcabb814515e25482a248f8ee8c21f3d38a1f4594d87ec15fb96fb8722b36b9213272020a3f4d8a05b536db913cb9244c9bae43e1e406bb0163dd56,,08/30/2019 04:30:00 PM,30,TRAFFIC SIGNAL,NO CONTROLS,CLEAR,DAYLIGHT,TURNING,NOT DIVIDED,,STRAIGHT AND LEVEL,DRY,NO DEFECTS,ON SCENE,INJURY AND / OR TOW DUE TO CRASH,,,,"OVER $1,500",08/30/2019 04:41:00 PM,IMPROPER OVERTAKING/PASSING,UNABLE TO DETERMINE,1704,S,CANAL ST,1235.0,,,,,,,2,NO INDICATION OF INJURY,0.0,0.0,0.0,0.0,0.0,3.0,0.0,16,6,8,41.8586796499,-87.6391162127,POINT (-87.639116212705 41.858679649868)
660ecd203ea6073e3c33e6acd5a4e58c3b4b4a2a5aa80833b5bd2b385dc3801b7b4488f64bfcafbd46b1d8ef82a5630d8455b8f023565b4ba970c8e382375617,Y,05/12/2023 06:09:00 PM,20,STOP SIGN/FLASHER,UNKNOWN,CLEAR,DUSK,HEAD ON,NOT DIVIDED,,STRAIGHT AND LEVEL,UNKNOWN,NO DEFECTS,ON SCENE,INJURY AND / OR TOW DUE TO CRASH,N,,Y,"OVER $1,500",05/12/2023 06:25:00 PM,IMPROPER LANE USAGE,NOT APPLICABLE,6237,W,WABANSIA AVE,2513.0,,,,,,,2,NONINCAPACITATING INJURY,3.0,0.0,0.0,2.0,1.0,1.0,0.0,18,6,5,41.9108939591,-87.7816903745,POINT (-87.781690374475 41.910893959127)
2c8e7c87b63c0b28254426172292aab4a6f963cae19767d8a62c7792eac128585efef2ec6cae4d6f155318c5c52d3f256fb51cfeb7c2ba236b3f3d6c37c775db,,01/19/2024 02:40:00 PM,30,NO CONTROLS,NO CONTROLS,CLEAR,DAYLIGHT,PARKED MOTOR VEHICLE,NOT DIVIDED,,STRAIGHT AND LEVEL,WET,NO DEFECTS,NOT ON SCENE (DESK REPORT),NO INJURY / DRIVE AWAY,,,,"OVER $1,500",01/19/2024 03:15:00 PM,UNABLE TO DETERMINE,NOT APPLICABLE,431,N,AUSTIN BLVD,1512.0,,,,,,,2,NO INDICATION OF INJURY,0.0,0.0,0.0,0.0,0.0,2.0,0.0,14,6,1,41.8879931145,-87.7747628316,POINT (-87.774762831621 41.887993114473)
b4ca0985e5390242c0f0665c2f56acf09a3aec8e400b5331af28163a6aa34478ffdd8ca1b61ee96a5562a5e34ab6b1fb2b471f59df005f728baf97aa49f3edb6,,05/07/2017 11:45:00 PM,30,UNKNOWN,UNKNOWN,CLEAR,"DARKNESS, LIGHTED ROAD",PARKED MOTOR VEHICLE,NOT DIVIDED,2,STRAIGHT AND LEVEL,DRY,UNKNOWN,NOT ON SCENE (DESK REPORT),NO INJURY / DRIVE AWAY,,,Y,"$501 - $1,500",05/07/2017 11:55:00 PM,UNABLE TO DETERMINE,NOT APPLICABLE,5311,S,KEDZIE AVE,923.0,,,,,,,2,NO INDICATION OF INJURY,0.0,0.0,0.0,0.0,0.0,1.0,0.0,23,1,5,41.7967806633,-87.7035023598,POINT (-87.703502359778 41.796780663327)
46ae937c66d9e1d9eca284fff6556cfaa63ac6af1a59fc99daa2cc8d8b5b887a38731af4411366cd1f09b69e090fe9372fa42b17f5b2f57a0034fb5a4930f2a9,,07/15/2019 03:20:00 PM,30,NO CONTROLS,NO CONTROLS,CLEAR,DAYLIGHT,REAR END,NOT DIVIDED,,STRAIGHT AND LEVEL,DRY,NO DEFECTS,ON SCENE,NO INJURY / DRIVE AWAY,,,,"OVER $1,500",07/15/2019 03:23:00 PM,FAILING TO REDUCE SPEED TO AVOID CRASH,DRIVING SKILLS/KNOWLEDGE/EXPERIENCE,3908,W,ARMITAGE AVE,2525.0,,,,,,,3,NO INDICATION OF INJURY,0.0,0.0,0.0,0.0,0.0,3.0,0.0,15,2,7,41.9173027919,-87.7245626534,POINT (-87.724562653424 41.917302791904)
a3e2490094cef1c7bed65def6cad98ba13062147c6bfcfb025bab16877e5e5431c35c15a881e3d63e7a60fbb48a63a3fb7700d891ae83eaa7149f3bada7358bb,,10/02/2017 03:45:00 PM,30,NO CONTROLS,NO CONTROLS,CLOUDY/OVERCAST,DAYLIGHT,TURNING,NOT DIVIDED,2,STRAIGHT AND LEVEL,DRY,NO DEFECTS,NOT ON SCENE (DESK REPORT),NO INJURY / DRIVE AWAY,N,,,"$501 - $1,500",10/02/2017 04:35:00 PM,FAILING TO YIELD RIGHT-OF-WAY,FAILING TO YIELD RIGHT-OF-WAY,250,W,83RD ST,622.0,,,,,,,2,NO INDICATION OF INJURY,0.0,0.0,0.0,0.0,0.0,2.0,0.0,15,2,10,41.7436620123,-87.6310542179,POINT (-87.631054217942 41.743662012335)
1bef387026565a7c4570f9e093d5271bca38edb48b99c8dac745f32da393f89d13f61dc144009f67312f2190c2c58e1d3bee806a550c8922c527ec17dc8872ed,,05/25/2019 04:15:00 PM,30,NO CONTROLS,NO CONTROLS,CLEAR,DAYLIGHT,REAR TO FRONT,PARKING LOT,,STRAIGHT AND LEVEL,DRY,NO DEFECTS,ON SCENE,NO INJURY / DRIVE AWAY,,,,$500 OR LESS,05/25/2019 04:20:00 PM,UNABLE TO DETERMINE,NOT APPLICABLE,4631,N,WESTERN AVE,1911.0,,,,,,,2,NO INDICATION OF INJURY,0.0,0.0,0.0,0.0,0.0,2.0,0.0,16,7,5,41.9657916722,-87.6886707654,POINT (-87.688670765375 41.965791672217)
4cce7077edbcefa727add481696f3fd80220a650ed81b4de6422c2791442f41420160083b137203d12b18919dbf0fd111170a2e56636cf829c201f5a3f381a89,,04/14/2017 03:30:00 PM,40,NO CONTROLS,NO CONTROLS,CLEAR,DAYLIGHT,REAR END,DIVIDED - W/MEDIAN (NOT RAISED),8,STRAIGHT AND LEVEL,UNKNOWN,UNKNOWN,NOT ON SCENE (DESK REPORT),NO INJURY / DRIVE AWAY,,,,"$501 - $1,500",04/14/2017 04:30:00 PM,FOLLOWING TOO CLOSELY,FOLLOWING TOO CLOSELY,800,N,LAKE SHORE DR SB,1833.0,,,,,,,2,NO INDICATION OF INJURY,0.0,0.0,0.0,0.0,0.0,3.0,0.0,15,6,4,41.8968049724,-87.6170274232,POINT (-87.617027423234 41.896804972416)
e2907aa209c8d31dbba0ec67a08491c3390baf7a00730d9101e414864d70b7afa2f6ad1d0c97467257a89417625228258e887cfd7a4b37e848fd4a7d25fa4403,,05/30/2021 01:25:00 PM,40,NO CONTROLS,NO CONTROLS,CLEAR,DAYLIGHT,REAR END,DIVIDED - W/MEDIAN BARRIER,,STRAIGHT AND LEVEL,DRY,NO DEFECTS,ON SCENE,NO INJURY / DRIVE AWAY,,,,"OVER $1,500",05/30/2021 01:27:00 PM,FOLLOWING TOO CLOSELY,NOT APPLICABLE,1400,N,LAKE SHORE DR SB,1824.0,,,,,,,2,NO INDICATION OF INJURY,0.0,0.0,0.0,0.0,0.0,4.0,0.0,13,1,5,41.9079099261,-87.6257410883,POINT (-87.625741088327 41.90790992609)
c75a5c2a0bd4be391f823ae9af30cf90472c898125f28e392a74dbdf2847922e80376fe165043cde0d1e950f8cd8a1f8f0760977343eab50e3f82f891bf54a67,,04/18/2017 01:15:00 PM,30,NO CONTROLS,NO CONTROLS,CLEAR,DAYLIGHT,TURNING,DIVIDED - W/MEDIAN (NOT RAISED),4,STRAIGHT AND LEVEL,DRY,UNKNOWN,NOT ON SCENE (DESK REPORT),NO INJURY / DRIVE AWAY,,,,"OVER $1,500",04/18/2017 01:20:00 PM,NOT APPLICABLE,NOT APPLICABLE,4007,W,IRVING PARK RD,1732.0,,,,,,,2,NO INDICATION OF INJURY,0.0,0.0,0.0,0.0,0.0,6.0,0.0,13,3,4,41.9535361047,-87.7278435718,POINT (-87.727843571811 41.953536104683)
226da783b3076f1e67563a44edf8f2da7b187815b2cc90950afa28bcde7eb6aab66c6fbd8aa6eb0d99f3db3e39593e2edca6871532d1b4ad2608414eefba0490,,09/11/2019 10:40:00 AM,30,TRAFFIC SIGNAL,FUNCTIONING PROPERLY,CLEAR,DAYLIGHT,ANGLE,FOUR WAY,,STRAIGHT AND LEVEL,DRY,NO DEFECTS,ON SCENE,INJURY AND / OR TOW DUE TO CRASH,Y,,,"OVER $1,500",09/11/2019 10:40:00 AM,DRIVING ON WRONG SIDE/WRONG WAY,FAILING TO YIELD RIGHT-OF-WAY,200,E,60TH ST,232.0,,,,,,,2,NONINCAPACITATING INJURY,2.0,0.0,0.0,2.0,0.0,1.0,0.0,10,4,9,41.7857280113,-87.6205391981,POINT (-87.620539198056 41.785728011257)
1cbf2974a0afb1a1ab15ebcecf04a25ecf4561a35c15ca511e3c85d1375427af32657e4f012fcbf6734975bb6d8eb139270c987927df21f3ac2486e428a36b3e,,10/12/2018 05:15:00 PM,30,NO CONTROLS,NO CONTROLS,CLEAR,DAYLIGHT,ANGLE,OTHER,4,STRAIGHT AND LEVEL,DRY,NO DEFECTS,ON SCENE,NO INJURY / DRIVE AWAY,Y,,,"OVER $1,500",10/12/2018 05:20:00 PM,UNABLE TO DETERMINE,UNABLE TO DETERMINE,6300,N,CALDWELL AVE,1621.0,,,,,,,2,NO INDICATION OF INJURY,0.0,0.0,0.0,0.0,0.0,4.0,0.0,17,6,10,41.9957186671,-87.7635893746,POINT (-87.763589374616 41.995718667113)
49bbb2224ea66a0878c709f9cafa0e8b55aeceb09400a4fd7727778a72032f876ea49d887870d8e8b017b7ad4f270c6c6de77c8e86236c41d9d42c7f8563f46d,,05/23/2021 03:00:00 AM,20,TRAFFIC SIGNAL,FUNCTIONING PROPERLY,CLEAR,"DARKNESS, LIGHTED ROAD",TURNING,DIVIDED - W/MEDIAN (NOT RAISED),,STRAIGHT AND LEVEL,DRY,NO DEFECTS,NOT ON SCENE (DESK REPORT),NO INJURY / DRIVE AWAY,,,Y,"OVER $1,500",05/23/2021 10:00:00 AM,UNABLE TO DETERMINE,NOT APPLICABLE,301,S,LAKE SHORE DR NB,114.0,,,,,,,2,NO INDICATION OF INJURY,0.0,0.0,0.0,0.0,0.0,2.0,0.0,3,1,5,41.8783170107,-87.6170521254,POINT (-87.617052125371 41.878317010667)
1a1f5f7acc35744802c862d3e890db141a9bc6f17060c1b369dbc483cc4572d10a1bf95951013af9c3b63b5dd2735d8e98701ae397f3be78df23a717aff6cc9f,,08/29/2021 05:00:00 PM,30,TRAFFIC SIGNAL,FUNCTIONING PROPERLY,CLEAR,DAYLIGHT,REAR END,NOT DIVIDED,,STRAIGHT AND LEVEL,DRY,NO DEFECTS,NOT ON SCENE (DESK REPORT),NO INJURY / DRIVE AWAY,,,,"OVER $1,500",08/29/2021 05:27:00 PM,FOLLOWING TOO CLOSELY,NOT APPLICABLE,2333,W,GRAND AVE,1221.0,,,,,,,2,NO INDICATION OF INJURY,0.0,0.0,0.0,0.0,0.0,2.0,0.0,17,1,8,41.8905693554,-87.6855742485,POINT (-87.685574248532 41.890569355413)
cc218536841126379b18b7fabdcc2ac29e7883cc92c43fd5ad8208bdc55a9506f824089805b74b6d2460e82be5506761bd08b8760f89ba2a02b015f5fdb08eeb,,05/26/2025 03:05:00 AM,30,NO CONTROLS,NO CONTROLS,CLEAR,"DARKNESS, LIGHTED ROAD",PARKED MOTOR VEHICLE,NOT DIVIDED,,STRAIGHT AND LEVEL,DRY,NO DEFECTS,ON SCENE,INJURY AND / OR TOW DUE TO CRASH,,,Y,"OVER $1,500",05/26/2025 03:21:00 AM,NOT APPLICABLE,NOT APPLICABLE,6121,N,WOLCOTT AVE,2413.0,,,,,,,2,NO INDICATION OF INJURY,0.0,0.0,0.0,0.0,0.0,1.0,0.0,3,2,5,41.9925938066,-87.6769787842,POINT (-87.676978784243 41.99259380661)