CRASH_RECORD_ID,CRASH_DATE_EST_I,CRASH_DATE,POSTED_SPEED_LIMIT,TRAFFIC_CONTROL_DEVICE,DEVICE_CONDITION,WEATHER_CONDITION,LIGHTING_CONDITION,FIRST_CRASH_TYPE,TRAFFICWAY_TYPE,LANE_CNT,ALIGNMENT,ROADWAY_SURFACE_COND,ROAD_DEFECT,REPORT_TYPE,CRASH_TYPE,INTERSECTION_RELATED_I,NOT_RIGHT_OF_WAY_I,HIT_AND_RUN_I,DAMAGE,DATE_POLICE_NOTIFIED,PRIM_CONTRIBUTORY_CAUSE,SEC_CONTRIBUTORY_CAUSE,STREET_NO,STREET_DIRECTION,STREET_NAME,BEAT_OF_OCCURRENCE,PHOTOS_TAKEN_I,STATEMENTS_TAKEN_I,DOORING_I,WORK_ZONE_I,WORK_ZONE_TYPE,WORKERS_PRESENT_I,NUM_UNITS,MOST_SEVERE_INJURY,INJURIES_TOTAL,INJURIES_FATAL,INJURIES_INCAPACITATING,INJURIES_NON_INCAPACITATING,INJURIES_REPORTED_NOT_EVIDENT,INJURIES_NO_INDICATION,INJURIES_UNKNOWN,CRASH_HOUR,CRASH_DAY_OF_WEEK,CRASH_MONTH,LATITUDE,LONGITUDE,LOCATION
edbc2d644a3844667988ce0c02990e214409d84772e7310cb0e33ad969c0f71c1eab5dde0e805774543fc7f71b312f3a1e006084dad0c5e6433bef72e62b4c3c,,12/28/2023 03:55:00 PM,35,TRAFFIC SIGNAL,FUNCTIONING PROPERLY,RAIN,DUSK,REAR END,NOT DIVIDED,,STRAIGHT AND LEVEL,WET,NO DEFECTS,NOT ON SCENE (DESK REPORT),NO INJURY / DRIVE AWAY,,,,$500 OR LESS,12/28/2023 04:10:00 PM,FOLLOWING TOO CLOSELY,FOLLOWING TOO CLOSELY,1718,S,STATE ST,131.0,,,,,,,2,NO INDICATION OF INJURY,0.0,0.0,0.0,0.0,0.0,3.0,0.0,15,5,12,41.8583725929,-87.627356171,POINT (-87.62735617097 41.858372592889)
15d17d71a5e483dcca012ecca482ca4cc961d6c5adf45b88d35cb95cfeb84ebd87eb3c4fa0585aa8fae2ebc79d01bea626ac039f664e8cf0f9b5589a80e3766e,,04/26/2021 07:15:00 AM,30,TRAFFIC SIGNAL,FUNCTIONING PROPERLY,CLEAR,DAYLIGHT,ANGLE,FOUR WAY,,STRAIGHT AND LEVEL,DRY,NO DEFECTS,ON SCENE,NO INJURY / DRIVE AWAY,Y,,,"OVER $1,500",04/26/2021 07:21:00 AM,"VISION OBSCURED (SIGNS, TREE LIMBS, BUILDINGS, ETC.)",DISREGARDING TRAFFIC SIGNALS,6300,S,CALIFORNIA AVE,823.0,,,,,,,2,NO INDICATION OF INJURY,0.0,0.0,0.0,0.0,0.0,2.0,0.0,7,2,4,41.7790199096,-87.6935354824,POINT (-87.69353548242 41.779019909594)
5bed335536bdb4aa7f4bf9e006252aa01628c27055b90a4e838ad3f27de1d1449b4c34552de8372053cf8e10bb95eff53e81052eb0d4029b12d51140dd11afd9,,08/16/2018 08:40:00 AM,25,NO CONTROLS,NO CONTROLS,CLEAR,DAYLIGHT,SIDESWIPE SAME DIRECTION,NOT DIVIDED,,STRAIGHT AND LEVEL,DRY,NO DEFECTS,NOT ON SCENE (DESK REPORT),NO INJURY / DRIVE AWAY,,,,"$501 - $1,500",08/16/2018 10:00:00 AM,UNABLE TO DETERMINE,UNABLE TO DETERMINE,500,N,LAKE SHORE DR NB,1834.0,,,,,,,2,NO INDICATION OF INJURY,0.0,0.0,0.0,0.0,0.0,2.0,0.0,8,5,8,41.8911470717,-87.6143750572,POINT (-87.61437505723 41.89114707171)
bde90fb39659993a6fcf5bb38ff087f405f20e5f4e8b4f5c0a0a10d35d34ec17634f3855cb3c2a87c1e6fce2847b98dd021d4358ca5588fbbc91eefdcd31f3c0,,09/04/2023 11:05:00 AM,30,TRAFFIC SIGNAL,FUNCTIONING PROPERLY,CLEAR,DAYLIGHT,ANGLE,NOT DIVIDED,,STRAIGHT AND LEVEL,DRY,NO DEFECTS,ON SCENE,NO INJURY / DRIVE AWAY,,,,"OVER $1,500",09/04/2023 11:30:00 AM,UNABLE TO DETERMINE,UNABLE TO DETERMINE,6301,S,HARLEM AVE,812.0,,,,,,,2,NO INDICATION OF INJURY,0.0,0.0,0.0,0.0,0.0,2.0,0.0,11,2,9,41.7772617725,-87.8007496292,POINT (-87.800749629191 41.77726177253)
8db70653b322455f206ea0fc39950192a62a42b2d1ba0432c6e03aa7e24a26b6db5fbee0eb4ee5728098aa6b2c4da601497d05de977bf06aa10dbaa880935e70,,08/30/2019 12:50:00 PM,30,TRAFFIC SIGNAL,FUNCTIONING PROPERLY,CLEAR,DAYLIGHT,PEDESTRIAN,DIVIDED - W/MEDIAN BARRIER,,STRAIGHT AND LEVEL,DRY,NO DEFECTS,ON SCENE,INJURY AND / OR TOW DUE TO CRASH,Y,,Y,$500 OR LESS,08/30/2019 12:55:00 PM,UNABLE TO DETERMINE,UNABLE TO DETERMINE,952,W,GARFIELD BLVD,934.0,,,,,,,2,INCAPACITATING INJURY,1.0,0.0,1.0,0.0,0.0,1.0,0.0,12,6,8,41.794349186,-87.6496745944,POINT (-87.649674594421 41.794349185993)
771d8f9622304b550a02c0b6453e712a694b61c2e1050b6cfbabd9b0a18a30a6e0f8121da2564f695a6bb54fc33bdeefbf2fea0e746f4bb35d266bf78c27cb1a,Y,07/11/2022 08:30:00 PM,30,NO CONTROLS,NO CONTROLS,CLEAR,"DARKNESS, LIGHTED ROAD",PARKED MOTOR VEHICLE,DIVIDED - W/MEDIAN (NOT RAISED),,STRAIGHT AND LEVEL,DRY,NO DEFECTS,NOT ON SCENE (DESK REPORT),NO INJURY / DRIVE AWAY,,,Y,"$501 - $1,500",07/12/2022 12:00:00 PM,DRIVING SKILLS/KNOWLEDGE/EXPERIENCE,UNABLE TO DETERMINE,4343,N,LINCOLN AVE,1911.0,,,,,,,2,NO INDICATION OF INJURY,0.0,0.0,0.0,0.0,0.0,1.0,0.0,20,2,7,41.9607481735,-87.6832195948,POINT (-87.683219594763 41.960748173453)
6cf40eac799f23b23022cd8e632cedbef0ea6e94122b57a265c8c7bf383aa2447ba5bc7e44b0473f5b294b191e8d8669fc88bab70f84a9fe3b66a3766354f630,,10/11/2024 10:00:00 AM,30,TRAFFIC SIGNAL,FUNCTIONING PROPERLY,CLEAR,DAYLIGHT,REAR END,NOT DIVIDED,,STRAIGHT AND LEVEL,DRY,NO DEFECTS,NOT ON SCENE (DESK REPORT),NO INJURY / DRIVE AWAY,,,,"OVER $1,500",10/11/2024 01:35:00 PM,FOLLOWING TOO CLOSELY,NOT APPLICABLE,1406,W,DIVERSEY PKWY,1932.0,,,,,,,2,NO INDICATION OF INJURY,0.0,0.0,0.0,0.0,0.0,2.0,0.0,10,6,10,41.9325850471,-87.6638814224,POINT (-87.663881422403 41.932585047138)
b6ee9206cb317f1df646159867352b7d6f6bfb1c28a9e05b98701585d2d6c9c46d946a666d83cbc12bdd343d006453c36d6d621ba2601ad2870c88958aa9603f,,07/12/2024 12:58:00 PM,35,NO CONTROLS,NO CONTROLS,CLEAR,DAYLIGHT,TURNING,NOT DIVIDED,,STRAIGHT AND LEVEL,DRY,NO DEFECTS,NOT ON SCENE (DESK REPORT),INJURY AND / OR TOW DUE TO CRASH,,,,"OVER $1,500",07/12/2024 01:30:00 PM,IMPROPER TURNING/NO SIGNAL,UNABLE TO DETERMINE,5105,S,PULASKI RD,822.0,,,,,,,2,"REPORTED, NOT EVIDENT",2.0,0.0,0.0,0.0,2.0,3.0,0.0,12,6,7,41.8002418036,-87.723218954,POINT (-87.723218953985 41.80024180359)
9d2dd69caba3852e8f01441738ec7f81d73e762bdc2cd36affe25119980718466a237644c85997bc0bf9e48a5be27e32efeccdf6fcf664e175862809c129174c,,01/02/2021 10:00:00 PM,25,NO CONTROLS,NO CONTROLS,CLEAR,"DARKNESS, LIGHTED ROAD",SIDESWIPE SAME DIRECTION,DIVIDED - W/MEDIAN (NOT RAISED),,STRAIGHT AND LEVEL,DRY,NO DEFECTS,NOT ON SCENE (DESK REPORT),NO INJURY / DRIVE AWAY,,,,$500 OR LESS,01/02/2021 10:15:00 PM,FAILING TO YIELD RIGHT-OF-WAY,IMPROPER TURNING/NO SIGNAL,2449,W,DEVON AVE,2413.0,,,,,,,2,NO INDICATION OF INJURY,0.0,0.0,0.0,0.0,0.0,3.0,0.0,22,7,1,41.9975891244,-87.6918369148,POINT (-87.691836914771 41.997589124404)
3bdfe644d89b3c63baf3d1d3e8df86404145775a649238de912edfa6f657d9ebb8122b3fa437c793c274ed586d9c65344022f635db223a444b5b0e2df7417e90,,11/29/2018 01:00:00 PM,30,TRAFFIC SIGNAL,FUNCTIONING PROPERLY,CLEAR,DAYLIGHT,PARKED MOTOR VEHICLE,DIVIDED - W/MEDIAN (NOT RAISED),4,STRAIGHT AND LEVEL,WET,NO DEFECTS,NOT ON SCENE (DESK REPORT),NO INJURY / DRIVE AWAY,,,Y,$500 OR LESS,11/29/2018 01:20:00 PM,NOT APPLICABLE,NOT APPLICABLE,1200,S,CANAL ST,124.0,,,,,,,2,NO INDICATION OF INJURY,0.0,0.0,0.0,0.0,0.0,1.0,0.0,13,5,11,41.8671751247,-87.6393758126,POINT (-87.639375812581 41.86717512472)
5c75abccb36f61600eb91e68db4058a9ca56595cc13ea22bfcf28e3501c9a89061afb11372881c87f1ba4423965455fe6ce5a66a0312015e0acec00278b1ddb1,,12/17/2018 12:02:00 AM,30,NO CONTROLS,NO CONTROLS,CLEAR,"DARKNESS, LIGHTED ROAD",SIDESWIPE SAME DIRECTION,NOT DIVIDED,,STRAIGHT AND LEVEL,DRY,NO DEFECTS,NOT ON SCENE (DESK REPORT),NO INJURY / DRIVE AWAY,,,,"OVER $1,500",12/17/2018 08:15:00 AM,UNABLE TO DETERMINE,UNABLE TO DETERMINE,306,E,75TH ST,323.0,,,,,,,2,NO INDICATION OF INJURY,0.0,0.0,0.0,0.0,0.0,2.0,0.0,0,2,12,41.758467431,-87.6179738017,POINT (-87.617973801735 41.758467431028)
c7a60831ce727db86e7842b46e9509830739805ce48eb0d86090a645302a527fd220740c77c74f607c7d0ab755d5590a8eaf51038db1a867da59f4771c382950,,05/12/2025 08:49:00 AM,30,NO CONTROLS,NO CONTROLS,CLEAR,DAYLIGHT,SIDESWIPE OPPOSITE DIRECTION,NOT DIVIDED,,STRAIGHT AND LEVEL,DRY,NO DEFECTS,ON SCENE,INJURY AND / OR TOW DUE TO CRASH,,,Y,"OVER $1,500",05/12/2025 08:49:00 AM,IMPROPER OVERTAKING/PASSING,DRIVING SKILLS/KNOWLEDGE/EXPERIENCE,639,W,111TH ST,2233.0,,,,,,,2,NONINCAPACITATING INJURY,2.0,0.0,0.0,2.0,0.0,2.0,0.0,8,2,5,41.6922856486,-87.6390538375,POINT (-87.639053837493 41.692285648642)
e73b86e926caf5f4665850e0b8cab3941d6bde43062171c5f14a38746cd4ae28fc4a78f1b1e81ab7274a5cbe1b1c71ac54898fb7286dd8ebd77a922de8b99cab,,02/03/2022 09:45:00 AM,30,NO CONTROLS,NO CONTROLS,CLEAR,DAYLIGHT,PARKED MOTOR VEHICLE,ONE-WAY,,STRAIGHT AND LEVEL,DRY,NO DEFECTS,NOT ON SCENE (DESK REPORT),NO INJURY / DRIVE AWAY,,,Y,"OVER $1,500",02/03/2022 09:55:00 AM,UNABLE TO DETERMINE,UNABLE TO DETERMINE,3955,W,LELAND AVE,1723.0,,,,,,,2,NO INDICATION OF INJURY,0.0,0.0,0.0,0.0,0.0,1.0,0.0,9,5,2,41.9663100788,-87.7277604999,POINT (-87.727760499854 41.966310078775)
0fe06e7acfa9e1f4e426a3dabbd42155d40c305fa32adc965996e96af06673714bee5a3ce3ee7c0915c411a16dc2a03a1e9c786273663de3d606cf15f664cc33,,05/24/2021 06:59:00 PM,35,NO CONTROLS,NO CONTROLS,CLEAR,DAYLIGHT,SIDESWIPE SAME DIRECTION,NOT DIVIDED,,STRAIGHT AND LEVEL,DRY,NO DEFECTS,ON SCENE,INJURY AND / OR TOW DUE TO CRASH,,,,"OVER $1,500",05/24/2021 07:00:00 PM,FOLLOWING TOO CLOSELY,NOT APPLICABLE,415,N,LARAMIE AVE,1532.0,,,,,,,2,NO INDICATION OF INJURY,0.0,0.0,0.0,0.0,0.0,2.0,0.0,18,2,5,41.8882660687,-87.7552076937,POINT (-87.755207693662 41.888266068733)
135bb762bcdc4f18e2e122a356ebcdaff3b3495d96f8ff7da0dce785b76773afc47a3d0e6fcc32546db7f3985d47e3db784a1627de03283a4990f8da4bc0cbda,,06/09/2020 09:04:00 PM,30,NO CONTROLS,NO CONTROLS,CLEAR,"DARKNESS, LIGHTED ROAD",PARKED MOTOR VEHICLE,ONE-WAY,,STRAIGHT AND LEVEL,DRY,NO DEFECTS,,INJURY AND / OR TOW DUE TO CRASH,,,Y,"OVER $1,500",06/09/2020 09:04:00 PM,"OPERATING VEHICLE IN ERRATIC, RECKLESS, CARELESS, NEGLIGENT OR AGGRESSIVE MANNER",FAILING TO REDUCE SPEED TO AVOID CRASH,4733,W,ADAMS ST,1113.0,,,,,,,5,"REPORTED, NOT EVIDENT",2.0,0.0,0.0,0.0,2.0,2.0,0.0,21,3,6,41.8779454654,-87.7440772769,POINT (-87.744077276948 41.877945465449)
99d2dcc7e8143fad001654f5835c0a13baa7c4001eab77baaaaaa512b9818552d282b12c6115a2156b96d0d76a5e2f2b4d3584a7b3868b25678d50641544243a,,08/17/2022 06:15:00 PM,35,STOP SIGN/FLASHER,FUNCTIONING PROPERLY,CLEAR,DAYLIGHT,SIDESWIPE SAME DIRECTION,FOUR WAY,,STRAIGHT AND LEVEL,DRY,NO DEFECTS,ON SCENE,INJURY AND / OR TOW DUE TO CRASH,Y,,,"OVER $1,500",08/17/2022 06:30:00 PM,IMPROPER OVERTAKING/PASSING,DRIVING SKILLS/KNOWLEDGE/EXPERIENCE,1702,W,79TH ST,611.0,N,,,,,,2,NO INDICATION OF INJURY,0.0,0.0,0.0,0.0,0.0,2.0,0.0,18,4,8,41.7504344811,-87.6660090597,POINT (-87.666009059712 41.750434481131)
ffdfe98f5d2110ba2099173f1a23b7389ff7c662f0de6c05c67715a3d0e4200438f71ae3808ab257dc6e347d07731ad0bdc9e920c4219ae63cd99a8216c7727e,,08/29/2016 11:17:00 AM,30,TRAFFIC SIGNAL,FUNCTIONING PROPERLY,CLEAR,DAYLIGHT,SIDESWIPE SAME DIRECTION,ONE-WAY,3,STRAIGHT AND LEVEL,DRY,NO DEFECTS,NOT ON SCENE (DESK REPORT),NO INJURY / DRIVE AWAY,,,,"OVER $1,500",08/29/2016 11:57:00 AM,IMPROPER LANE USAGE,FAILING TO YIELD RIGHT-OF-WAY,100,W,MONROE ST,122.0,,,,,,,2,NO INDICATION OF INJURY,0.0,0.0,0.0,0.0,0.0,2.0,0.0,11,2,8,41.8808052782,-87.6309293321,POINT (-87.630929332143 41.880805278204)
5ce080a5056911b3f89164a18b93691938b5d09b2752dfc5504d4bc31b8624b38d0446b62ae29f8032031c4a3b445cc5c762c7ae2bde43724f36f736cfb3494b,,08/10/2024 02:45:00 PM,30,TRAFFIC SIGNAL,FUNCTIONING PROPERLY,CLEAR,DAYLIGHT,SIDESWIPE SAME DIRECTION,NOT DIVIDED,,STRAIGHT AND LEVEL,DRY,NO DEFECTS,NOT ON SCENE (DESK REPORT),NO INJURY / DRIVE AWAY,,,Y,"$501 - $1,500",08/10/2024 03:37:00 PM,IMPROPER OVERTAKING/PASSING,UNABLE TO DETERMINE,5100,S,COTTAGE GROVE AVE,233.0,,,,,,,2,NO INDICATION OF INJURY,0.0,0.0,0.0,0.0,0.0,2.0,0.0,14,7,8,41.8022206334,-87.60655293,POINT (-87.606552929969 41.802220633425)
5e6a4f0c91118abc2f3d833aa66ab06fd50bdcc2c48e427c15721abe24a8251e0cb916906b8c8c55d231ededba6a2c0557f227605d17a15ad572b5042301ac8b,,06/13/2017 03:45:00 PM,30,NO CONTROLS,NO CONTROLS,CLEAR,DAYLIGHT,SIDESWIPE SAME DIRECTION,DIVIDED - W/MEDIAN (NOT RAISED),4,STRAIGHT AND LEVEL,DRY,NO DEFECTS,ON SCENE,NO INJURY / DRIVE AWAY,,,Y,"$501 - $1,500",06/13/2017 04:00:00 PM,UNABLE TO DETERMINE,NOT APPLICABLE,2301,W,FOSTER AVE,2031.0,,,,,,,2,NO INDICATION OF INJURY,0.0,0.0,0.0,0.0,0.0,2.0,0.0,15,3,6,41.9758163664,-87.6867902892,POINT (-87.686790289184 41.97581636639)
e62c39461987b0e657160f15d687da3b88e64694e03ef3096115a09d07fefd89a18d34da69bab241cfeaec5908a73d1f073993fe13dd845d9d515957aad509c6,,04/20/2024 01:30:00 PM,30,NO CONTROLS,NO CONTROLS,CLEAR,DAYLIGHT,SIDESWIPE SAME DIRECTION,DIVIDED - W/MEDIAN (NOT RAISED),,STRAIGHT AND LEVEL,DRY,NO DEFECTS,NOT ON SCENE (DESK REPORT),NO INJURY / DRIVE AWAY,,,,"OVER $1,500",04/20/2024 02:35:00 PM,FAILING TO YIELD RIGHT-OF-WAY,UNABLE TO DETERMINE,1359,N,MILWAUKEE AVE,1433.0,,,,,,,2,NO INDICATION OF INJURY,0.0,0.0,0.0,0.0,0.0,2.0,0.0,13,7,4,41.9066298967,-87.6713762392,POINT (-87.67137623923 41.906629896738)
6dd88b3c53582d785ad506e96788417c9ba26c5391b7d07cfec631a350cb4c07aab6ad1d8d0f4e6938b9c1547de7257bbd1a8f2b4e14e8db8efad990eee54f8e,,11/12/2023 11:09:00 PM,20,NO CONTROLS,NO CONTROLS,UNKNOWN,"DARKNESS, LIGHTED ROAD",PARKED MOTOR VEHICLE,NOT DIVIDED,,STRAIGHT AND LEVEL,UNKNOWN,UNKNOWN,ON SCENE,INJURY AND / OR TOW DUE TO CRASH,,,Y,"OVER $1,500",11/13/2023 10:05:00 AM,UNABLE TO DETERMINE,UNABLE TO DETERMINE,4755,S,DORCHESTER AVE,222.0,,,,,,,2,NO INDICATION OF INJURY,0.0,0.0,0.0,0.0,0.0,2.0,0.0,23,1,11,41.8082055592,-87.5918093496,POINT (-87.591809349631 41.808205559168)
6115d1bd739b1a30edbbb239b4309eef337ef817a53ffcc41515893fcf0efa8c5fac629ca6fab382c93a8fa00ed53b9edc7f5b464b3ad10d94f15f113eac1aec,,08/23/2018 12:30:00 PM,30,NO CONTROLS,UNKNOWN,CLEAR,DAYLIGHT,PEDALCYCLIST,DIVIDED - W/MEDIAN (NOT RAISED),,STRAIGHT AND LEVEL,DRY,UNKNOWN,ON SCENE,NO INJURY / DRIVE AWAY,,,,$500 OR LESS,08/23/2018 12:36:00 PM,IMPROPER BACKING,UNABLE TO DETERMINE,1142,W,LAWRENCE AVE,2033.0,,,,,,,2,NO INDICATION OF INJURY,0.0,0.0,0.0,0.0,0.0,2.0,0.0,12,5,8,41.969141112,-87.6593689477,POINT (-87.65936894773 41.969141112043)
18f6874b3588f649920f5d3c6e2d28d048ba91cfa20960bcd473e2763ac4e78b55a3fe39433102727370852b0f76fc62895f73e64707b1caac7300572bf055eb,,09/26/2019 08:40:00 AM,30,OTHER,OTHER,CLEAR,DAYLIGHT,SIDESWIPE SAME DIRECTION,OTHER,,STRAIGHT AND LEVEL,DRY,OTHER,NOT ON SCENE (DESK REPORT),NO INJURY / DRIVE AWAY,,,Y,"$501 - $1,500",09/26/2019 04:00:00 PM,IMPROPER OVERTAKING/PASSING,NOT APPLICABLE,2501,S,WESTERN AVE,1034.0,,,,,,,2,NO INDICATION OF INJURY,0.0,0.0,0.0,0.0,0.0,2.0,0.0,8,5,9,41.8464996569,-87.6853406962,POINT (-87.68534069617 41.846499656885)
68977b71d50f7e9c61ee315d4e0f8e43aed74fe763db35e7ca4cfd7a77b7202e51f694eda6b50399c27058d07ed9e7c44160aed973aa92172a7d3c72e03c0be2,,11/28/2017 06:15:00 PM,30,NO CONTROLS,NO CONTROLS,CLEAR,"DARKNESS, LIGHTED ROAD",SIDESWIPE SAME DIRECTION,DIVIDED - W/MEDIAN BARRIER,4,STRAIGHT AND LEVEL,DRY,UNKNOWN,NOT ON SCENE (DESK REPORT),NO INJURY / DRIVE AWAY,,,,"OVER $1,500",11/28/2017 07:05:00 PM,IMPROPER OVERTAKING/PASSING,FAILING TO YIELD RIGHT-OF-WAY,656,N,MICHIGAN AVE,1834.0,,,,,,,2,NO INDICATION OF INJURY,0.0,0.0,0.0,0.0,0.0,3.0,0.0,18,3,11,41.8940953161,-87.6243835709,POINT (-87.624383570948 41.894095316065)
27b1ad7cf4c63c09b2b245a3748d458107d5c35d58513e9047bb1e354be8a370f0f57af38d6b247d86577bb40233cfc3c9116e0899baf2300bd2cfda191ad9f7,,05/09/2023 03:10:00 PM,30,STOP SIGN/FLASHER,FUNCTIONING PROPERLY,CLEAR,DAYLIGHT,TURNING,NOT DIVIDED,,STRAIGHT AND LEVEL,DRY,NO DEFECTS,NOT ON SCENE (DESK REPORT),NO INJURY / DRIVE AWAY,,,,"$501 - $1,500",05/09/2023 05:32:00 PM,NOT APPLICABLE,NOT APPLICABLE,6500,W,56TH ST,811.0,,,,,,,2,NO INDICATION OF INJURY,0.0,0.0,0.0,0.0,0.0,3.0,0.0,15,3,5,41.7905781373,-87.7842481774,POINT (-87.784248177366 41.790578137348)
b2f7d4fafccf6afc0730c23ec147bfe4cf888fd04cc0582312a17950bebe6e9c48cd6a56e4e1e773c2e025245fe806cdb3c7f22f3e7559c540dcd055c722aa60,,02/09/2019 04:07:00 AM,35,NO CONTROLS,NO CONTROLS,CLEAR,"DARKNESS, LIGHTED ROAD",FIXED OBJECT,NOT DIVIDED,2,STRAIGHT AND LEVEL,ICE,NO DEFECTS,ON SCENE,INJURY AND / OR TOW DUE TO CRASH,,,,"OVER $1,500",02/09/2019 04:07:00 AM,NOT APPLICABLE,NOT APPLICABLE,8099,W,SERBIAN RD,1614.0,,,,,,,1,NONINCAPACITATING INJURY,1.0,0.0,0.0,1.0,0.0,0.0,0.0,4,7,2,,,
b05999238ae27d8398b261bd773ce92708ab2f039f7432330f08ec4d86cc229a965bf38d6cc0e4cab0c61cd4994aa7fe260b1ab7db1c2649e3451de7b844fe88,,04/23/2020 03:52:00 PM,30,TRAFFIC SIGNAL,FUNCTIONING PROPERLY,CLEAR,DAYLIGHT,ANGLE,ONE-WAY,,STRAIGHT AND LEVEL,DRY,NO DEFECTS,ON SCENE,NO INJURY / DRIVE AWAY,Y,,,"OVER $1,500",04/23/2020 03:58:00 PM,UNABLE TO DETERMINE,NOT APPLICABLE,300,W,JACKSON BLVD,122.0,,,,,,,2,NO INDICATION OF INJURY,0.0,0.0,0.0,0.0,0.0,2.0,0.0,15,5,4,41.8782129552,-87.6352787348,POINT (-87.635278734832 41.878212955241)
62357a1cd31f08822841edb54eb6d3c24f5b264df43dd0feb53046efaa330f93b6a902384baf6a86c52f1803fdb172e6f302210ce22a6322e4d664438ceaf7e7,,01/20/2021 09:30:00 PM,30,TRAFFIC SIGNAL,FUNCTIONING PROPERLY,CLEAR,"DARKNESS, LIGHTED ROAD",REAR END,NOT DIVIDED,,STRAIGHT AND LEVEL,UNKNOWN,UNKNOWN,NOT ON SCENE (DESK REPORT),NO INJURY / DRIVE AWAY,,,,"$501 - $1,500",01/21/2021 05:02:00 PM,FAILING TO REDUCE SPEED TO AVOID CRASH,NOT APPLICABLE,1142,W,DIVISION ST,1822.0,,,,,,,2,NO INDICATION OF INJURY,0.0,0.0,0.0,0.0,0.0,2.0,0.0,21,4,1,41.9036196261,-87.6573280265,POINT (-87.657328026542 41.903619626106)
915f3bdd61d0010b0c50ffd19e41e34b0598a06eb8222597dd5a04fc88dfdfe48479e052c7279f372b41f4122af456bcbdf2b29e0876e8eb4a935e179321d35c,,11/30/2022 11:30:00 PM,30,STOP SIGN/FLASHER,UNKNOWN,CLEAR,"DARKNESS, LIGHTED ROAD",REAR END,DIVIDED - W/MEDIAN (NOT RAISED),,STRAIGHT AND LEVEL,UNKNOWN,NO DEFECTS,NOT ON SCENE (DESK REPORT),INJURY AND / OR TOW DUE TO CRASH,,,,"OVER $1,500",12/01/2022 09:20:00 AM,FOLLOWING TOO CLOSELY,NOT APPLICABLE,352,S,CICERO AVE,1533.0,,,,,,,2,NONINCAPACITATING INJURY,2.0,0.0,0.0,2.0,0.0,0.0,0.0,23,4,11,41.8751782773,-87.745219034,POINT (-87.745219034005 41.87517827731)
2671f21e5e91a2f34b5bc77cc9f38e2ad750aedad1237fc6efe5154de1cf40c6fd2c90f64de5210901fa70f7cfe21aadd13140465e152fe119104a5f8ab160cf,,05/01/2020 12:15:00 PM,30,TRAFFIC SIGNAL,FUNCTIONING PROPERLY,CLEAR,DAYLIGHT,REAR END,CENTER TURN LANE,,STRAIGHT AND LEVEL,DRY,NO DEFECTS,NOT ON SCENE (DESK REPORT),INJURY AND / OR TOW DUE TO CRASH,Y,,,"OVER $1,500",05/07/2020 09:40:00 AM,UNABLE TO DETERMINE,UNABLE TO DETERMINE,6145,S,ARCHER AVE,811.0,N,,,,,,3,NONINCAPACITATING INJURY,1.0,0.0,0.0,1.0,0.0,3.0,0.0,12,6,5,41.7941348174,-87.7719455254,POINT (-87.771945525361 41.794134817396)
e5e75399fb8759a1a04836454f629372de285c20c9041e486a36b9faa9c2b9c3affcee05c63d14497a9def0d7858882a4cc4dda72de009c51528cc58262a145c,,07/19/2017 02:45:00 PM,30,TRAFFIC SIGNAL,FUNCTIONING PROPERLY,CLEAR,DAYLIGHT,REAR END,DIVIDED - W/MEDIAN (NOT RAISED),4,STRAIGHT AND LEVEL,UNKNOWN,UNKNOWN,NOT ON SCENE (DESK REPORT),NO INJURY / DRIVE AWAY,,,,"OVER $1,500",07/19/2017 03:40:00 PM,FOLLOWING TOO CLOSELY,DRIVING SKILLS/KNOWLEDGE/EXPERIENCE,6501,W,IRVING PARK RD,1632.0,,,,,,,2,NO INDICATION OF INJURY,0.0,0.0,0.0,0.0,0.0,2.0,0.0,14,4,7,41.9527647313,-87.7890768766,POINT (-87.789076876554 41.952764731289)
38b04864c2e5e5fe996c8eb00c191fd09e51b95f5d1d729661bf07be9918bbdd7f5dfa3ff1bd87c1d72395c08d569546fe762fb19cab7148aa75f7a97c0204c5,Y,11/24/2015 01:45:00 PM,30,NO CONTROLS,NO CONTROLS,CLEAR,UNKNOWN,PARKED MOTOR VEHICLE,ONE-WAY,1,STRAIGHT AND LEVEL,WET,NO DEFECTS,NOT ON SCENE (DESK REPORT),NO INJURY / DRIVE AWAY,,,Y,"$501 - $1,500",11/24/2015 04:30:00 PM,UNABLE TO DETERMINE,UNABLE TO DETERMINE,7703,S,GREEN ST,621.0,,,,,,,2,NO INDICATION OF INJURY,0.0,0.0,0.0,0.0,0.0,1.0,0.0,13,3,11,41.7541180146,-87.6451972334,POINT (-87.64519723335 41.754118014622)
ac9b098c9f86dfb252bf3982c866c9c9972798adfef35b04cb7be98c3db8071817e945b7ba0ab9c04ad303b27c1035ba31998b17e856a107ea05f32da1d322b0,,01/17/2024 03:32:00 PM,10,NO CONTROLS,UNKNOWN,CLEAR,DAYLIGHT,PARKED MOTOR VEHICLE,PARKING LOT,,STRAIGHT AND LEVEL,DRY,UNKNOWN,ON SCENE,NO INJURY / DRIVE AWAY,,Y,Y,"OVER $1,500",01/17/2024 03:45:00 PM,NOT APPLICABLE,NOT APPLICABLE,2200,S,WESTERN AVE,1034.0,,,,,,,2,NO INDICATION OF INJURY,0.0,0.0,0.0,0.0,0.0,1.0,0.0,15,4,1,41.8519838396,-87.6857857042,POINT (-87.685785704205 41.851983839573)