CRASH_RECORD_ID,CRASH_DATE_EST_I,CRASH_DATE,POSTED_SPEED_LIMIT,TRAFFIC_CONTROL_DEVICE,DEVICE_CONDITION,WEATHER_CONDITION,LIGHTING_CONDITION,FIRST_CRASH_TYPE,TRAFFICWAY_TYPE,LANE_CNT,ALIGNMENT,ROADWAY_SURFACE_COND,ROAD_DEFECT,REPORT_TYPE,CRASH_TYPE,INTERSECTION_RELATED_I,NOT_RIGHT_OF_WAY_I,HIT_AND_RUN_I,DAMAGE,DATE_POLICE_NOTIFIED,PRIM_CONTRIBUTORY_CAUSE,SEC_CONTRIBUTORY_CAUSE,STREET_NO,STREET_DIRECTION,STREET_NAME,BEAT_OF_OCCURRENCE,PHOTOS_TAKEN_I,STATEMENTS_TAKEN_I,DOORING_I,WORK_ZONE_I,WORK_ZONE_TYPE,WORKERS_PRESENT_I,NUM_UNITS,MOST_SEVERE_INJURY,INJURIES_TOTAL,INJURIES_FATAL,INJURIES_INCAPACITATING,INJURIES_NON_INCAPACITATING,INJURIES_REPORTED_NOT_EVIDENT,INJURIES_NO_INDICATION,INJURIES_UNKNOWN,CRASH_HOUR,CRASH_DAY_OF_WEEK,CRASH_MONTH,LATITUDE,LONGITUDE,LOCATION
1aa59968633e2468956f4d6dfb06cc81654ed6bd8fc74be84d13b2109e3643a6d8bf376f94b1fb2fce392abcf33f3d64a44bbbbe495136002a92eaa0ad43cd52,,09/23/2025 09:20:00 AM,30,UNKNOWN,UNKNOWN,CLEAR,DAYLIGHT,SIDESWIPE OPPOSITE DIRECTION,NOT DIVIDED,,STRAIGHT AND LEVEL,UNKNOWN,UNKNOWN,,INJURY AND / OR TOW DUE TO CRASH,,,,"OVER $1,500",09/23/2025 01:30:00 PM,UNABLE TO DETERMINE,UNABLE TO DETERMINE,450,W,BELMONT AVE,1925.0,,,,,,,2,"REPORTED, NOT EVIDENT",1.0,0.0,0.0,0.0,1.0,1.0,0.0,9,3,9,41.9401983227,-87.6415450199,POINT (-87.641545019915 41.940198322732)
55fbfcc7fa407cf25cfb94c77658bc269408c6c6d497b9d17b34aa943b25b23a6ba777ba6ea42ba557fb11ba05e3caac8aa1496b7372d7e0879b8b13fbdf1741,,10/29/2023 01:30:00 AM,30,TRAFFIC SIGNAL,UNKNOWN,CLEAR,"DARKNESS, LIGHTED ROAD",REAR END,CENTER TURN LANE,,STRAIGHT AND LEVEL,DRY,UNKNOWN,NOT ON SCENE (DESK REPORT),NO INJURY / DRIVE AWAY,,,Y,"$501 - $1,500",10/29/2023 12:05:00 PM,"OPERATING VEHICLE IN ERRATIC, RECKLESS, CARELESS, NEGLIGENT OR AGGRESSIVE MANNER",NOT APPLICABLE,4951,S,CICERO AVE,815.0,,,,,,,2,NO INDICATION OF INJURY,0.0,0.0,0.0,0.0,0.0,2.0,0.0,1,1,10,41.8024688565,-87.7428654385,POINT (-87.742865438544 41.802468856491)
e53e4ef6c4b2e9385c7a33ad629721c049c1c7b8d1ddd2ac5f693b28d8a698e4c13d32824a3217e5d447b4c23f54d3541b75b980bb876029103a4b804c12529c,,04/04/2024 08:20:00 AM,30,STOP SIGN/FLASHER,FUNCTIONING PROPERLY,CLEAR,DAYLIGHT,ANGLE,FOUR WAY,,STRAIGHT AND LEVEL,DRY,NO DEFECTS,NOT ON SCENE (DESK REPORT),NO INJURY / DRIVE AWAY,Y,,,"$501 - $1,500",04/04/2024 09:30:00 AM,"VISION OBSCURED (SIGNS, TREE LIMBS, BUILDINGS, ETC.)",NOT APPLICABLE,2900,W,MONTROSE AVE,1724.0,,,,,,,2,NO INDICATION OF INJURY,0.0,0.0,0.0,0.0,0.0,2.0,0.0,8,5,4,41.9613431533,-87.7009729822,POINT (-87.700972982187 41.961343153284)
74c335a9d57774972474c34664f812c5cdaf788a4f08dc417ddb4f7c0126e6af9d34fe6b8dcde311a0d24d6e269596c963a4dd842ea90f853c7326f4c3056b2f,,08/18/2022 08:00:00 PM,30,UNKNOWN,UNKNOWN,UNKNOWN,UNKNOWN,SIDESWIPE SAME DIRECTION,NOT DIVIDED,,STRAIGHT AND LEVEL,UNKNOWN,UNKNOWN,NOT ON SCENE (DESK REPORT),NO INJURY / DRIVE AWAY,,,,"OVER $1,500",08/18/2022 08:15:00 PM,UNABLE TO DETERMINE,UNABLE TO DETERMINE,601,S,KOSTNER AVE,1131.0,,,,,,,2,NO INDICATION OF INJURY,0.0,0.0,0.0,0.0,0.0,2.0,0.0,20,5,8,41.8735025271,-87.7350744849,POINT (-87.735074484905 41.87350252706)
4710387770493346e897fff290d457c6b3848c5f4486f7ceca284308bdfe05d602b5a18c305e4ed7932cf7896d9a2deecdca1281395b7f26c7b272bae2c1b1ba,,11/14/2016 03:40:00 PM,30,NO CONTROLS,NO CONTROLS,CLEAR,DAYLIGHT,SIDESWIPE SAME DIRECTION,DIVIDED - W/MEDIAN (NOT RAISED),4,STRAIGHT AND LEVEL,DRY,NO DEFECTS,NOT ON SCENE (DESK REPORT),NO INJURY / DRIVE AWAY,,,,"OVER $1,500",11/18/2016 06:15:00 PM,IMPROPER OVERTAKING/PASSING,DRIVING SKILLS/KNOWLEDGE/EXPERIENCE,5000,W,55TH ST,814.0,,,,,,,2,NO INDICATION OF INJURY,0.0,0.0,0.0,0.0,0.0,2.0,0.0,15,2,11,41.7930651015,-87.7478544152,POINT (-87.747854415231 41.793065101537)
d803b9b6a9e9fea76eb97e798ec853ed84972074d27ad05efeec0a33ca5fd8af716d6ff6662a811accc5adee2bf9bb6c035d73e784e79b247dc65fa25d7093a4,,05/17/2018 10:20:00 AM,30,TRAFFIC SIGNAL,FUNCTIONING PROPERLY,CLEAR,DAYLIGHT,REAR END,NOT DIVIDED,2,STRAIGHT AND LEVEL,DRY,NO DEFECTS,ON SCENE,NO INJURY / DRIVE AWAY,Y,,,"OVER $1,500",05/17/2018 10:38:00 AM,FOLLOWING TOO CLOSELY,DRIVING SKILLS/KNOWLEDGE/EXPERIENCE,2608,W,ADDISON ST,1921.0,,,,,,,2,NO INDICATION OF INJURY,0.0,0.0,0.0,0.0,0.0,2.0,0.0,10,5,5,41.9468233996,-87.6935326426,POINT (-87.693532642598 41.946823399559)
948d9ea6ebad772530b36b88a4fbe4ce44998ee61dc3fe2d74297b4213e8bb6a61c8dd7adf985742de5aff406c5cd1334c708f5ff1be897b4af5bb72053644d2,,09/22/2025 12:45:00 PM,15,NO CONTROLS,NO CONTROLS,CLEAR,DAYLIGHT,PARKED MOTOR VEHICLE,PARKING LOT,,STRAIGHT AND LEVEL,DRY,NO DEFECTS,NOT ON SCENE (DESK REPORT),NO INJURY / DRIVE AWAY,,,Y,"OVER $1,500",09/22/2025 01:25:00 PM,UNABLE TO DETERMINE,UNABLE TO DETERMINE,3250,W,87TH ST,834.0,,,,,,,2,NO INDICATION OF INJURY,0.0,0.0,0.0,0.0,0.0,1.0,0.0,12,2,9,41.7352740895,-87.7035112835,POINT (-87.703511283506 41.735274089541)
52384caa07cb4907c51ea0f2be58f2e675d1cd88c8d2e0405cdeb12e16639655a06c3d8fad66d9a2b975081e3212b9c34ad6b40fd46a0462781723b0454c2b57,,02/04/2023 07:50:00 PM,30,NO CONTROLS,NO CONTROLS,CLEAR,"DARKNESS, LIGHTED ROAD",PEDALCYCLIST,NOT DIVIDED,,STRAIGHT AND LEVEL,DRY,NO DEFECTS,NOT ON SCENE (DESK REPORT),INJURY AND / OR TOW DUE TO CRASH,,,,$500 OR LESS,02/04/2023 08:15:00 PM,FAILING TO YIELD RIGHT-OF-WAY,UNABLE TO DETERMINE,5681,N,ELSTON AVE,1621.0,,,,,,,2,"REPORTED, NOT EVIDENT",1.0,0.0,0.0,0.0,1.0,1.0,0.0,19,7,2,41.9847329931,-87.7675272877,POINT (-87.767527287728 41.984732993092)
6995e4f124c68623c9eb49c8884f2982b462149488a43b87bceb4c1137672ec6178a927ae414ee8421e95bdfb7122eb9abc9add50209860d45e259fb61af8945,,09/26/2020 09:00:00 AM,30,NO CONTROLS,NO CONTROLS,CLEAR,DAYLIGHT,SIDESWIPE SAME DIRECTION,ONE-WAY,,STRAIGHT AND LEVEL,DRY,NO DEFECTS,ON SCENE,NO INJURY / DRIVE AWAY,,,,"OVER $1,500",09/26/2020 09:10:00 AM,IMPROPER LANE USAGE,NOT APPLICABLE,1823,S,RUBLE ST,1235.0,,,,,,,2,NO INDICATION OF INJURY,0.0,0.0,0.0,0.0,0.0,3.0,0.0,9,7,9,41.8570079106,-87.6436186574,POINT (-87.64361865736 41.857007910599)
14725c62c84e6984dcf5264484cdad9eabd85c1678381f523d4c8d5c87c3056eefb0bebdb9ba501a083dd3a060c9f1586f558e2174ead92634687c023b82b30d,,10/05/2018 11:45:00 AM,30,NO CONTROLS,NO CONTROLS,CLEAR,DAYLIGHT,SIDESWIPE SAME DIRECTION,NOT DIVIDED,,STRAIGHT AND LEVEL,DRY,NO DEFECTS,NOT ON SCENE (DESK REPORT),NO INJURY / DRIVE AWAY,,,,"OVER $1,500",10/05/2018 12:30:00 PM,UNABLE TO DETERMINE,UNABLE TO DETERMINE,3400,N,DAMEN AVE,1921.0,,,,,,,2,NO INDICATION OF INJURY,0.0,0.0,0.0,0.0,0.0,2.0,0.0,11,6,10,41.9432585256,-87.6786013767,POINT (-87.678601376733 41.943258525646)
d2040ed7ef5106646751ef11159b59999d5845bdffc85ccd1947fa702b8e01af76c69782859b5f2c947bdc50790448c8cb4d12683f21213fa1e86a609f7049a9,,12/17/2018 06:15:00 PM,30,NO CONTROLS,NO CONTROLS,CLEAR,"DARKNESS, LIGHTED ROAD",ANGLE,NOT DIVIDED,,STRAIGHT AND LEVEL,DRY,NO DEFECTS,NOT ON SCENE (DESK REPORT),NO INJURY / DRIVE AWAY,,,,$500 OR LESS,12/17/2018 06:30:00 PM,NOT APPLICABLE,NOT APPLICABLE,1540,W,71ST ST,734.0,,,,,,,2,NO INDICATION OF INJURY,0.0,0.0,0.0,0.0,0.0,2.0,0.0,18,2,12,41.7650292336,-87.6629959837,POINT (-87.662995983708 41.765029233647)
8b9d1fe5712c03f8140e63171455e8495eb498e6b3ad964bf5fe3cf2e3bc4b43dc5340ab8944950f590b916db4fd99e5bfa2054aa299b1f6629a62f4f8d22b28,,02/06/2025 05:45:00 AM,30,NO CONTROLS,NO CONTROLS,FREEZING RAIN/DRIZZLE,DAYLIGHT,PARKED MOTOR VEHICLE,ONE-WAY,,STRAIGHT AND LEVEL,ICE,UNKNOWN,ON SCENE,NO INJURY / DRIVE AWAY,,,,"OVER $1,500",02/06/2025 06:43:00 AM,UNABLE TO DETERMINE,UNABLE TO DETERMINE,5158,S,LAMON AVE,814.0,,,,,,,3,NO INDICATION OF INJURY,0.0,0.0,0.0,0.0,0.0,1.0,0.0,5,5,2,41.79852708,-87.7455047966,POINT (-87.745504796554 41.79852708002)
1e515e680a8e1aa6bc56d73716dff03e3932cbfdbb0db457ad1ac784658fba549bd1147b456dcf73d4ad77f8489338e429285568faf7ca11edc979610b593a4a,,07/28/2019 02:30:00 PM,15,NO CONTROLS,NO CONTROLS,CLEAR,DAYLIGHT,REAR END,OTHER,,STRAIGHT AND LEVEL,DRY,NO DEFECTS,NOT ON SCENE (DESK REPORT),NO INJURY / DRIVE AWAY,,,Y,"OVER $1,500",07/30/2019 11:20:00 AM,UNABLE TO DETERMINE,NOT APPLICABLE,2438,W,CERMAK RD,1023.0,,,,,,,2,NO INDICATION OF INJURY,0.0,0.0,0.0,0.0,0.0,3.0,0.0,14,1,7,41.8521245314,-87.6872821649,POINT (-87.687282164902 41.852124531449)
f0f24bc575030430da087dd3847f932901dd1989112ee73d7e34843b6d183724e258481b4fcc7991b3dbd7c62bd5924f09d64bf65a20a9e88760f07bab5d973e,,04/10/2019 08:57:00 AM,30,NO CONTROLS,NO CONTROLS,CLEAR,DAYLIGHT,REAR END,DIVIDED - W/MEDIAN (NOT RAISED),,STRAIGHT AND LEVEL,DRY,NO DEFECTS,,INJURY AND / OR TOW DUE TO CRASH,Y,,,"OVER $1,500",04/10/2019 08:57:00 AM,FAILING TO REDUCE SPEED TO AVOID CRASH,NOT APPLICABLE,8128,W,FOREST PRESERVE AVE,1631.0,,,,,,,2,NONINCAPACITATING INJURY,1.0,0.0,0.0,1.0,0.0,1.0,0.0,8,4,4,41.9429785189,-87.8301660062,POINT (-87.830166006175 41.942978518949)
445cd6f4b8c6b251fbe6790f18ef3c4dc8b1f0514a8714befbd89f01e67da6997cb4a77a259b961f0f3289c2477412d783c59b0c209e7c02a53c5a464fa39dfa,,06/16/2024 06:55:00 AM,30,TRAFFIC SIGNAL,FUNCTIONING PROPERLY,CLEAR,DAYLIGHT,TURNING,FOUR WAY,,STRAIGHT AND LEVEL,DRY,NO DEFECTS,ON SCENE,INJURY AND / OR TOW DUE TO CRASH,Y,,,"OVER $1,500",06/16/2024 06:57:00 AM,UNABLE TO DETERMINE,UNABLE TO DETERMINE,2200,W,IRVING PARK RD,1911.0,,,,,,,2,NONINCAPACITATING INJURY,1.0,0.0,0.0,1.0,0.0,2.0,0.0,6,1,6,41.9541935847,-87.6836752695,POINT (-87.683675269525 41.954193584671)
c4931b2be89685cb7838483f46a9b849afdcef64a863bdd709ef90233093b9f4d392a9e87f0749f6f48e5c51ba5beb0c0b508fc3c3dee8d91ff389b78d3a9d96,Y,04/19/2022 10:15:00 PM,30,TRAFFIC SIGNAL,FUNCTIONING PROPERLY,CLEAR,"DARKNESS, LIGHTED ROAD",REAR END,FOUR WAY,,STRAIGHT AND LEVEL,DRY,NO DEFECTS,NOT ON SCENE (DESK REPORT),NO INJURY / DRIVE AWAY,Y,,Y,"OVER $1,500",04/19/2022 11:40:00 PM,UNABLE TO DETERMINE,NOT APPLICABLE,298,S,CICERO AVE,1533.0,,,,,,,2,NO INDICATION OF INJURY,0.0,0.0,0.0,0.0,0.0,2.0,0.0,22,3,4,41.8768502259,-87.7452938914,POINT (-87.745293891422 41.876850225901)
c5374c70f76ed887c5c5944e97d61dcefcd5f14bccdebc373c2c2089292c7ee7d673e0fd54ac137fa3e9d920e8e5a96b77f1733664a462455f8ef14422a2861c,,01/03/2025 12:25:00 PM,30,TRAFFIC SIGNAL,FUNCTIONING PROPERLY,CLEAR,DAYLIGHT,REAR END,TRAFFIC ROUTE,,STRAIGHT AND LEVEL,DRY,NO DEFECTS,,NO INJURY / DRIVE AWAY,,,,"$501 - $1,500",01/05/2025 04:18:00 PM,FOLLOWING TOO CLOSELY,NOT APPLICABLE,1401,N,CLYBOURN AVE,1822.0,,,,,,,2,NO INDICATION OF INJURY,0.0,0.0,0.0,0.0,0.0,2.0,0.0,12,6,1,41.9065551496,-87.6432375619,POINT (-87.643237561898 41.906555149588)
27446860f296b767a0f34f27b5f513811aa8076f4713f8f70c1aab2b4ac40efaf29608eb13c123bea593f8828fe26e50248d933ee982d4ac0a921a7d3ab70b7f,,03/09/2025 09:30:00 AM,20,NO CONTROLS,NO CONTROLS,UNKNOWN,UNKNOWN,PARKED MOTOR VEHICLE,NOT DIVIDED,,STRAIGHT AND LEVEL,UNKNOWN,UNKNOWN,ON SCENE,NO INJURY / DRIVE AWAY,,,Y,"OVER $1,500",03/09/2025 09:48:00 AM,UNABLE TO DETERMINE,NOT APPLICABLE,3810,N,PINE GROVE AVE,1925.0,,,,,,,2,NO INDICATION OF INJURY,0.0,0.0,0.0,0.0,0.0,1.0,0.0,9,1,3,41.9519804598,-87.6480337319,POINT (-87.648033731869 41.951980459818)
2bdd9bc7cffef801b1e8f29cec820e168266ae8f79e82e35470acb67a480d9f4212c4cb01c6087ff39b886094ebf93cf1928b703cf896cdf3f7fca2121fd2fbf,,03/28/2022 06:46:00 PM,30,NO CONTROLS,NO CONTROLS,CLEAR,DAYLIGHT,TURNING,FOUR WAY,,STRAIGHT AND LEVEL,DRY,NO DEFECTS,ON SCENE,NO INJURY / DRIVE AWAY,,,,"OVER $1,500",03/28/2022 07:05:00 PM,FAILING TO YIELD RIGHT-OF-WAY,IMPROPER TURNING/NO SIGNAL,399,W,83RD ST,622.0,,,,,,,2,NO INDICATION OF INJURY,0.0,0.0,0.0,0.0,0.0,3.0,0.0,18,2,3,41.7433933252,-87.6339917931,POINT (-87.633991793075 41.743393325186)
04047f6c39f82e47187a16fc77b0cd36f43cc9d7191479fa07767ea8bb6de1d8703891a1ea079b7e901bd1f8a5839c1c591b829f1245f6db1a87ca419ca3906e,,10/22/2016 01:17:00 PM,30,NO CONTROLS,NO CONTROLS,CLEAR,DAYLIGHT,PEDALCYCLIST,NOT DIVIDED,2,STRAIGHT AND LEVEL,DRY,NO DEFECTS,NOT ON SCENE (DESK REPORT),NO INJURY / DRIVE AWAY,,,,"OVER $1,500",10/22/2016 02:00:00 PM,IMPROPER OVERTAKING/PASSING,IMPROPER LANE USAGE,6658,S,SPRINGFIELD AVE,833.0,,,,,,,2,NO INDICATION OF INJURY,0.0,0.0,0.0,0.0,0.0,3.0,0.0,13,7,10,41.7714552359,-87.7202718998,POINT (-87.720271899754 41.771455235927)
9a352a4be2e448a9efdfa75b75ebd5010603b94c382c9b7e41fd5cbcf72abb4c61dae88b560427a28f151ecc1d0914148c8845ee11c1e70e13152021d251b181,,11/13/2017 06:40:00 PM,35,TRAFFIC SIGNAL,FUNCTIONING PROPERLY,CLEAR,"DARKNESS, LIGHTED ROAD",SIDESWIPE SAME DIRECTION,DIVIDED - W/MEDIAN (NOT RAISED),,STRAIGHT AND LEVEL,DRY,NO DEFECTS,ON SCENE,INJURY AND / OR TOW DUE TO CRASH,,,,"OVER $1,500",11/13/2017 06:50:00 PM,FAILING TO REDUCE SPEED TO AVOID CRASH,DRIVING SKILLS/KNOWLEDGE/EXPERIENCE,4700,W,87TH ST,834.0,,Y,,,,,2,NO INDICATION OF INJURY,0.0,0.0,0.0,0.0,0.0,3.0,0.0,18,2,11,41.734667421,-87.7384846997,POINT (-87.738484699694 41.734667420977)
177e5d94897eb9e7251b5b3af54b7ee9335a6c17cbbdfba09f30a5d5ce33225c7e373dc4e2fad8245cbec47dafa5135f99647ffd33564b7bcb734689d2976325,,04/07/2018 09:35:00 AM,30,TRAFFIC SIGNAL,FUNCTIONING PROPERLY,CLEAR,DAYLIGHT,SIDESWIPE SAME DIRECTION,NOT DIVIDED,4,STRAIGHT AND LEVEL,DRY,NO DEFECTS,NOT ON SCENE (DESK REPORT),NO INJURY / DRIVE AWAY,,,Y,"OVER $1,500",04/07/2018 11:20:00 AM,IMPROPER LANE USAGE,UNABLE TO DETERMINE,3859,S,WESTERN AVE,911.0,,,,,,,2,NO INDICATION OF INJURY,0.0,0.0,0.0,0.0,0.0,3.0,0.0,9,7,4,41.8230513047,-87.6847463682,POINT (-87.684746368215 41.823051304692)
f48fd89741b49323c97488b2e51e9bad5655a06d48aedabb4390ea32014a7984ec6115f2a3f839a6ccc5e0106e667fc71c6c3199e0c9efe918a745df93f3f3d9,Y,10/31/2015 04:00:00 PM,30,UNKNOWN,UNKNOWN,RAIN,DAYLIGHT,REAR END,DIVIDED - W/MEDIAN BARRIER,1,STRAIGHT AND LEVEL,WET,UNKNOWN,NOT ON SCENE (DESK REPORT),NO INJURY / DRIVE AWAY,Y,,,"OVER $1,500",10/31/2015 07:00:00 PM,NOT APPLICABLE,NOT APPLICABLE,2000,E,71ST ST,331.0,,,,,,,2,NO INDICATION OF INJURY,0.0,0.0,0.0,0.0,0.0,2.0,0.0,16,7,10,41.7663541571,-87.576243137,POINT (-87.576243136959 41.766354157076)
af7a3045fad959f4d98b67e669a509583d0e5a86c329a9703db698270da8a01741bd08dbb07e71bdcdc623a84f869d495573ad486ed6531fee99ff128d406e31,,01/21/2020 07:45:00 AM,25,NO CONTROLS,NO CONTROLS,CLEAR,DAYLIGHT,ANGLE,NOT DIVIDED,,STRAIGHT AND LEVEL,DRY,NO DEFECTS,ON SCENE,NO INJURY / DRIVE AWAY,,,Y,"OVER $1,500",01/21/2020 07:47:00 AM,FAILING TO YIELD RIGHT-OF-WAY,NOT APPLICABLE,5153,S,PULASKI RD,822.0,,,,,,,4,NO INDICATION OF INJURY,0.0,0.0,0.0,0.0,0.0,4.0,0.0,7,3,1,41.7989609801,-87.7231796444,POINT (-87.723179644423 41.798960980105)
51cefd317989bf1fd0446f1fe521cc53d61916e7d09121665b9886938cc0f388ebf85162b07d460ced9c9f5c800ee05781270d7232438c7dd6775e3fc1c59124,,05/30/2021 02:20:00 AM,30,TRAFFIC SIGNAL,FUNCTIONING PROPERLY,CLEAR,"DARKNESS, LIGHTED ROAD",ANGLE,FOUR WAY,,STRAIGHT AND LEVEL,DRY,NO DEFECTS,ON SCENE,INJURY AND / OR TOW DUE TO CRASH,Y,,,"OVER $1,500",05/30/2021 02:21:00 AM,DISREGARDING TRAFFIC SIGNALS,NOT APPLICABLE,3900,S,WESTERN AVE,921.0,,,,,,,2,NO INDICATION OF INJURY,0.0,0.0,0.0,0.0,0.0,3.0,0.0,2,1,5,41.8229542941,-87.685012986,POINT (-87.685012986006 41.822954294114)
c4c1cb111982811edbfe11a68e3e42d12a562ffbf05cb76c5657506ef712eee9742ee2cbb23f1f9d5745c36fa1c4893844fa38f466d7abcb08438b4043b82f36,Y,04/12/2016 07:00:00 AM,20,NO CONTROLS,NO CONTROLS,CLEAR,DAYLIGHT,PARKED MOTOR VEHICLE,ONE-WAY,1,STRAIGHT AND LEVEL,DRY,NO DEFECTS,NOT ON SCENE (DESK REPORT),NO INJURY / DRIVE AWAY,,,Y,"$501 - $1,500",04/12/2016 09:50:00 AM,UNABLE TO DETERMINE,NOT APPLICABLE,7118,S,EAST END AVE,324.0,,,,,,,2,NO INDICATION OF INJURY,0.0,0.0,0.0,0.0,0.0,1.0,0.0,7,3,4,41.7654254821,-87.583805631,POINT (-87.583805631046 41.765425482057)
8ff862461a0b31efa4a8c0257acb5b5a04dc5319daa4dfd437675f22ddebf102e4de8947b608dcabce57b48076a12407ea147af5d8ad2a50a31868f2c93e828a,,05/19/2019 02:30:00 PM,30,NO CONTROLS,NO CONTROLS,CLEAR,DAYLIGHT,REAR TO FRONT,ONE-WAY,,STRAIGHT AND LEVEL,DRY,UNKNOWN,NOT ON SCENE (DESK REPORT),NO INJURY / DRIVE AWAY,,,,"OVER $1,500",05/19/2019 06:20:00 PM,UNABLE TO DETERMINE,NOT APPLICABLE,8033,S,PERRY AVE,623.0,,,,,,,2,NO INDICATION OF INJURY,0.0,0.0,0.0,0.0,0.0,2.0,0.0,14,1,5,41.7480895369,-87.62680997,POINT (-87.626809970036 41.748089536905)
152edf4d0e259eb82d181030513165a66d35f05f85f266392e005bd1cdce7fc310ed76275415677c0a53f55538a7cfc0ebcc828adf7322b716e5f639c07c5817,,01/13/2020 10:15:00 AM,0,NO CONTROLS,NO CONTROLS,CLEAR,DAYLIGHT,PARKED MOTOR VEHICLE,PARKING LOT,,STRAIGHT AND LEVEL,DRY,NO DEFECTS,ON SCENE,NO INJURY / DRIVE AWAY,,Y,,"OVER $1,500",01/13/2020 10:22:00 AM,IMPROPER BACKING,IMPROPER BACKING,5501,W,GRAND AVE,2515.0,,,,,,,2,NO INDICATION OF INJURY,0.0,0.0,0.0,0.0,0.0,1.0,0.0,10,2,1,41.9182474465,-87.7636600856,POINT (-87.763660085587 41.918247446491)
bc9ffd0747b6ea2a160fc6438a4ca4a2249fe4fc6c51d879c0275927d58b1e5a0b54ff70f323411e24d28ac9a6f22bef54707b072fed8f7cc3fd7d92e273502a,,09/16/2019 03:00:00 PM,30,NO CONTROLS,NO CONTROLS,CLEAR,DAYLIGHT,REAR END,NOT DIVIDED,,STRAIGHT AND LEVEL,DRY,NO DEFECTS,NOT ON SCENE (DESK REPORT),NO INJURY / DRIVE AWAY,,,Y,"$501 - $1,500",09/16/2019 06:23:00 PM,UNABLE TO DETERMINE,UNABLE TO DETERMINE,9012,S,STONY ISLAND AVE,413.0,,,,,,,2,NO INDICATION OF INJURY,0.0,0.0,0.0,0.0,0.0,2.0,0.0,15,2,9,41.7310119362,-87.5856685832,POINT (-87.585668583159 41.731011936161)
1c7521b31a134cb29d14dafaeff25fff2cd40966232bae040e4a8b19aa6e139d20514a1b21dc921a1e01e912abea002daeff80c1e52e7e18af4fbaa8718862c0,,05/19/2021 11:40:00 AM,30,TRAFFIC SIGNAL,FUNCTIONING PROPERLY,CLEAR,DAYLIGHT,TURNING,DIVIDED - W/MEDIAN (NOT RAISED),,STRAIGHT AND LEVEL,DRY,NO DEFECTS,ON SCENE,NO INJURY / DRIVE AWAY,Y,,Y,"OVER $1,500",05/26/2021 12:05:00 PM,FOLLOWING TOO CLOSELY,NOT APPLICABLE,233,E,WACKER DR,114.0,,,,,,,2,NO INDICATION OF INJURY,0.0,0.0,0.0,0.0,0.0,3.0,0.0,11,4,5,41.8877901723,-87.6212787129,POINT (-87.621278712913 41.887790172258)
472449cf9059b8ca0c6762a77be4c203ea47c6d7f26f49ab31455383b8bf06f0a1df6bb3d184abb82490f160f2962b492481655c8da798db45dc8021dc1f09bf,,08/07/2022 04:00:00 PM,30,TRAFFIC SIGNAL,FUNCTIONING PROPERLY,CLEAR,DAYLIGHT,TURNING,NOT DIVIDED,,STRAIGHT ON GRADE,DRY,NO DEFECTS,NOT ON SCENE (DESK REPORT),NO INJURY / DRIVE AWAY,,,,"$501 - $1,500",08/07/2022 04:15:00 PM,FAILING TO YIELD RIGHT-OF-WAY,FAILING TO YIELD RIGHT-OF-WAY,1,N,WACKER DR,122.0,,,,,,,2,NO INDICATION OF INJURY,0.0,0.0,0.0,0.0,0.0,2.0,0.0,16,1,8,41.8819518765,-87.6366203494,POINT (-87.636620349402 41.881951876486)
f470b197e846484d88c48634c7d9a7044d825467c00f8c9e5644323924a8a3a47949045509116897857a1184d9c972d6337f840cf32faf26dba33a1db44a0f4b,,11/02/2017 09:15:00 AM,30,TRAFFIC SIGNAL,FUNCTIONING PROPERLY,CLEAR,DAYLIGHT,FIXED OBJECT,ONE-WAY,,STRAIGHT AND LEVEL,DRY,NO DEFECTS,ON SCENE,NO INJURY / DRIVE AWAY,,,,"OVER $1,500",11/09/2017 09:20:00 AM,DRIVING SKILLS/KNOWLEDGE/EXPERIENCE,NOT APPLICABLE,77,E,ADAMS ST,113.0,,,,,,,1,NO INDICATION OF INJURY,0.0,0.0,0.0,0.0,0.0,1.0,0.0,9,5,11,41.8794362428,-87.6248543591,POINT (-87.624854359052 41.87943624279)
64525d9bb2a28ae72acdd28f209fe004e353a988c8a556bd3882313ecc78f902289fa0750aaaeeec6ee4de7d2f00457d596f05d61ead61b19bf365916f019843,Y,07/14/2019 10:00:00 PM,35,TRAFFIC SIGNAL,FUNCTIONING PROPERLY,CLEAR,DUSK,TURNING,NOT DIVIDED,,STRAIGHT AND LEVEL,DRY,NO DEFECTS,ON SCENE,INJURY AND / OR TOW DUE TO CRASH,,,,"OVER $1,500",07/14/2019 10:00:00 PM,DISREGARDING TRAFFIC SIGNALS,NOT APPLICABLE,6441,N,NORTHWEST HWY,1611.0,,,,,,,2,NO INDICATION OF INJURY,0.0,0.0,0.0,0.0,0.0,2.0,0.0,22,1,7,41.9979033062,-87.8081014413,POINT (-87.808101441349 41.997903306185)
fed2f8eb8981b92f1250dc4cab98bd19efbb28162ced698f8752a7947eebc6fdb84b14a0fc27ea9ba4d7f7c5f9a770096dd2a8618e8dba7e89e8c0687b8decf3,,06/15/2023 10:00:00 AM,20,NO CONTROLS,NO CONTROLS,CLEAR,DAYLIGHT,PARKED MOTOR VEHICLE,NOT DIVIDED,,STRAIGHT AND LEVEL,DRY,NO DEFECTS,NOT ON SCENE (DESK REPORT),NO INJURY / DRIVE AWAY,,,Y,"$501 - $1,500",06/22/2023 03:52:00 PM,UNABLE TO DETERMINE,NOT APPLICABLE,1040,W,NORTH SHORE AVE,2432.0,,,,,,,2,NO INDICATION OF INJURY,0.0,0.0,0.0,0.0,0.0,1.0,0.0,10,5,6,42.0038392063,-87.6578109105,POINT (-87.657810910545 42.003839206297)