CRASH_RECORD_ID,CRASH_DATE_EST_I,CRASH_DATE,POSTED_SPEED_LIMIT,TRAFFIC_CONTROL_DEVICE,DEVICE_CONDITION,WEATHER_CONDITION,LIGHTING_CONDITION,FIRST_CRASH_TYPE,TRAFFICWAY_TYPE,LANE_CNT,ALIGNMENT,ROADWAY_SURFACE_COND,ROAD_DEFECT,REPORT_TYPE,CRASH_TYPE,INTERSECTION_RELATED_I,NOT_RIGHT_OF_WAY_I,HIT_AND_RUN_I,DAMAGE,DATE_POLICE_NOTIFIED,PRIM_CONTRIBUTORY_CAUSE,SEC_CONTRIBUTORY_CAUSE,STREET_NO,STREET_DIRECTION,STREET_NAME,BEAT_OF_OCCURRENCE,PHOTOS_TAKEN_I,STATEMENTS_TAKEN_I,DOORING_I,WORK_ZONE_I,WORK_ZONE_TYPE,WORKERS_PRESENT_I,NUM_UNITS,MOST_SEVERE_INJURY,INJURIES_TOTAL,INJURIES_FATAL,INJURIES_INCAPACITATING,INJURIES_NON_INCAPACITATING,INJURIES_REPORTED_NOT_EVIDENT,INJURIES_NO_INDICATION,INJURIES_UNKNOWN,CRASH_HOUR,CRASH_DAY_OF_WEEK,CRASH_MONTH,LATITUDE,LONGITUDE,LOCATION
2a1ab1f96130ae875fd0ffe0a118f0a14abae58a1edff6281c9f7f23c51334380377ac79160066e007061386bc2f2cc7354b9e6a4cb7172e5f92714166768f14,,06/07/2024 06:24:00 AM,30,TRAFFIC SIGNAL,FUNCTIONING PROPERLY,CLEAR,DAYLIGHT,HEAD ON,"FIVE POINT, OR MORE",,STRAIGHT AND LEVEL,DRY,NO DEFECTS,ON SCENE,INJURY AND / OR TOW DUE TO CRASH,Y,,,"OVER $1,500",06/07/2024 06:30:00 AM,UNABLE TO DETERMINE,UNABLE TO DETERMINE,999,W,RANDOLPH ST,1224.0,,,,,,,2,NO INDICATION OF INJURY,0.0,0.0,0.0,0.0,0.0,4.0,0.0,6,6,6,41.8842176577,-87.6520417608,POINT (-87.65204176079 41.884217657732)
d0c903bc8db68351e1cd8bc3ed65edcfc157264bce2e37adc87b1ab17aee5acee9787fdecda2a8d73c98995e469c60f2ebcc8c427c3c725c6b735c060cf778ac,,10/07/2018 11:10:00 AM,15,NO CONTROLS,NO CONTROLS,RAIN,DAYLIGHT,PARKED MOTOR VEHICLE,PARKING LOT,0,STRAIGHT AND LEVEL,WET,NO DEFECTS,NOT ON SCENE (DESK REPORT),NO INJURY / DRIVE AWAY,,,Y,"$501 - $1,500",10/07/2018 11:25:00 AM,UNABLE TO DETERMINE,UNABLE TO DETERMINE,5220,S,PULASKI RD,815.0,,,,,,,2,NO INDICATION OF INJURY,0.0,0.0,0.0,0.0,0.0,1.0,0.0,11,1,10,41.79799187,-87.7234437408,POINT (-87.723443740796 41.797991869962)
1cbc743fbcbb2165a87d08009c0628212fee96edbefb1aa3f0fe602578da7e5f182d60def5d04a5142d4110a3dedaf6d197b8eaa8a0548e00c4d6137564fdfee,,10/20/2017 04:00:00 PM,30,NO CONTROLS,NO CONTROLS,CLEAR,DAYLIGHT,REAR END,DIVIDED - W/MEDIAN BARRIER,4,STRAIGHT AND LEVEL,DRY,NO DEFECTS,NOT ON SCENE (DESK REPORT),NO INJURY / DRIVE AWAY,,,,"OVER $1,500",10/20/2017 06:00:00 PM,UNABLE TO DETERMINE,NOT APPLICABLE,1100,N,LAKE SHORE DR SB,1824.0,,,,,,,4,NO INDICATION OF INJURY,0.0,0.0,0.0,0.0,0.0,4.0,0.0,16,6,10,41.9024816462,-87.6242210436,POINT (-87.624221043591 41.902481646226)
082b6e88e8ea2fdd5fdc081c1271bfd8dc88b1ca295d1ced0bd528b153c3132fe82f6016f23d0d92b2012833f9dd6f3bd99752e770191fcf6bb28aa6f25fa4c8,,09/16/2023 06:30:00 PM,30,NO CONTROLS,NO CONTROLS,CLEAR,DAYLIGHT,ANGLE,NOT DIVIDED,,STRAIGHT AND LEVEL,DRY,NO DEFECTS,NOT ON SCENE (DESK REPORT),NO INJURY / DRIVE AWAY,,,,"OVER $1,500",09/18/2023 02:55:00 PM,NOT APPLICABLE,NOT APPLICABLE,5100,S,PULASKI RD,815.0,,,,,,,2,NO INDICATION OF INJURY,0.0,0.0,0.0,0.0,0.0,3.0,0.0,18,7,9,41.8005277021,-87.7235192748,POINT (-87.723519274799 41.80052770213)
7f77353d0d40d7c6edeee42ee109930b49fb4df8e4dc00e1ed3a195a5bcf2384bc86135cffdae4a610078a902e5c2312a7cbc53c439e3867b9e908b7bde26588,,11/10/2019 11:25:00 AM,30,NO CONTROLS,UNKNOWN,CLEAR,DAYLIGHT,SIDESWIPE SAME DIRECTION,NOT DIVIDED,,STRAIGHT AND LEVEL,DRY,NO DEFECTS,,NO INJURY / DRIVE AWAY,,,,"OVER $1,500",11/10/2019 11:35:00 AM,NOT APPLICABLE,NOT APPLICABLE,8847,S,ASHLAND AVE,2221.0,,,,,,,2,NO INDICATION OF INJURY,0.0,0.0,0.0,0.0,0.0,2.0,0.0,11,1,11,41.7325675235,-87.662826305,POINT (-87.662826304971 41.732567523517)
dca13d461ef02beef1257639b1246ecafd824eba390c863eb1b24b6617272423acace4bf6749c215d4d5e90074dbcfb0fe0259309307ec58745f93888d7c21e6,,07/20/2023 09:25:00 PM,10,OTHER,OTHER,CLEAR,DUSK,REAR TO REAR,PARKING LOT,,STRAIGHT AND LEVEL,DRY,NO DEFECTS,ON SCENE,NO INJURY / DRIVE AWAY,,,,"OVER $1,500",07/20/2023 09:34:00 PM,IMPROPER BACKING,IMPROPER BACKING,6355,W,BELMONT AVE,2511.0,,,,,,,2,NO INDICATION OF INJURY,0.0,0.0,0.0,0.0,0.0,3.0,0.0,21,5,7,41.9382133988,-87.7856085236,POINT (-87.785608523593 41.938213398816)
c98d3be0999a5786c3a1b90f5b20b12544711ecc9c87c07b138e3bef768b749051db8ff786574397f73fb0f71c48a3dc34f65455042c5e0073f93575389e0c2a,,01/11/2019 07:10:00 PM,30,TRAFFIC SIGNAL,FUNCTIONING PROPERLY,CLEAR,"DARKNESS, LIGHTED ROAD",ANGLE,NOT DIVIDED,,STRAIGHT AND LEVEL,DRY,NO DEFECTS,ON SCENE,INJURY AND / OR TOW DUE TO CRASH,,,Y,"OVER $1,500",01/11/2019 07:20:00 PM,DISREGARDING TRAFFIC SIGNALS,NOT APPLICABLE,1700,W,JACKSON BLVD,1231.0,,,,,,,2,NO INDICATION OF INJURY,0.0,0.0,0.0,0.0,0.0,4.0,0.0,19,6,1,41.8776940163,-87.6692255368,POINT (-87.669225536826 41.87769401626)
acfb28399305c5e4e8a1b2b37c3ceafc1b887261d91e48bce53423cf6a37f66356c2865491519cff707d5bdc87311a7a2fb731d0da46c7c0261539e1a4e49292,,07/16/2018 06:30:00 PM,30,TRAFFIC SIGNAL,FUNCTIONING PROPERLY,CLEAR,DAYLIGHT,REAR END,DIVIDED - W/MEDIAN BARRIER,,STRAIGHT AND LEVEL,DRY,NO DEFECTS,NOT ON SCENE (DESK REPORT),NO INJURY / DRIVE AWAY,,,,"OVER $1,500",07/16/2018 07:20:00 PM,UNABLE TO DETERMINE,UNABLE TO DETERMINE,701,S,MICHIGAN AVE,114.0,,,,,,,2,NO INDICATION OF INJURY,0.0,0.0,0.0,0.0,0.0,2.0,0.0,18,2,7,41.8730994148,-87.62405157,POINT (-87.624051569998 41.873099414846)
34e9ecbeeefee827275532aac65584485ca65ca8b4e754b929dafaf9b27405e25330786b3720c605a647663a0c47d2bc135e6613ece47608aa1b3dec2077e5d4,,12/20/2024 12:42:00 PM,30,TRAFFIC SIGNAL,UNKNOWN,CLEAR,DAYLIGHT,REAR END,FOUR WAY,,STRAIGHT AND LEVEL,UNKNOWN,UNKNOWN,,NO INJURY / DRIVE AWAY,,,,"OVER $1,500",12/20/2024 01:00:00 PM,UNABLE TO DETERMINE,UNABLE TO DETERMINE,3354,W,NORTH AVE,1422.0,,,,,,,2,NO INDICATION OF INJURY,0.0,0.0,0.0,0.0,0.0,2.0,0.0,12,6,12,41.9101671987,-87.7115347284,POINT (-87.711534728427 41.910167198669)
1977939abc22f72a9a6dfbf96c020ec4743a109f87a8ebe55f3b6233033584ef99658ae43246714cfbbcc4c1954dd702578ccdfc877ba112836ced3dbf8b1082,,03/25/2021 10:45:00 PM,20,NO CONTROLS,NO CONTROLS,RAIN,"DARKNESS, LIGHTED ROAD",PARKED MOTOR VEHICLE,NOT DIVIDED,,STRAIGHT AND LEVEL,WET,NO DEFECTS,ON SCENE,INJURY AND / OR TOW DUE TO CRASH,,,Y,"OVER $1,500",03/26/2021 12:06:00 AM,UNABLE TO DETERMINE,UNABLE TO DETERMINE,2807,E,78TH ST,421.0,,,,,,,3,NO INDICATION OF INJURY,0.0,0.0,0.0,0.0,0.0,1.0,0.0,22,5,3,41.7535616572,-87.5566906698,POINT (-87.556690669813 41.753561657203)
ee8149dae4dd7774a7f9cd6e6b38cfaa7b0deeba7e654517eb4e1f72b21f0f89abb5b5c29fb196b3e5b04446e619a6285c9180970c05df6c0ee69233c9bf581a,,05/28/2019 02:33:00 PM,30,NO CONTROLS,NO CONTROLS,CLEAR,DAYLIGHT,ANGLE,NOT DIVIDED,,STRAIGHT AND LEVEL,DRY,NO DEFECTS,NOT ON SCENE (DESK REPORT),NO INJURY / DRIVE AWAY,,,Y,"$501 - $1,500",05/28/2019 03:23:00 PM,NOT APPLICABLE,NOT APPLICABLE,5900,S,WESTERN AVE,824.0,,,,,,,2,NO INDICATION OF INJURY,0.0,0.0,0.0,0.0,0.0,2.0,0.0,14,3,5,41.7864371748,-87.6839752465,POINT (-87.683975246481 41.786437174774)
3bfa65be9c303f51df71120609285be60d6c1572c8ed63a68b395ddaee9dcc332d76ce3948832312993b358b5b3fdcab7af40265e40f4ac9daec790e57d32cfe,,11/28/2019 03:00:00 PM,30,NO CONTROLS,NO CONTROLS,CLEAR,DAYLIGHT,ANGLE,NOT DIVIDED,,STRAIGHT AND LEVEL,DRY,NO DEFECTS,NOT ON SCENE (DESK REPORT),NO INJURY / DRIVE AWAY,,,,"$501 - $1,500",11/28/2019 03:07:00 PM,NOT APPLICABLE,NOT APPLICABLE,5800,S,KEDZIE AVE,822.0,,,,,,,2,NO INDICATION OF INJURY,0.0,0.0,0.0,0.0,0.0,3.0,0.0,15,5,11,41.7879702014,-87.7035444651,POINT (-87.703544465118 41.787970201401)
12cee6d4a253b058ff5e05f5e2a476c55c3d8e764c2f6819aa1cc4c36cd1050c6c698add27f777e5019b6bc231c6b28eea77bb7a1b03d58b1192984da9c5a1ee,,11/13/2023 06:05:00 PM,30,TRAFFIC SIGNAL,FUNCTIONING PROPERLY,CLEAR,DARKNESS,REAR END,NOT DIVIDED,,STRAIGHT AND LEVEL,DRY,NO DEFECTS,ON SCENE,INJURY AND / OR TOW DUE TO CRASH,,,,"OVER $1,500",11/13/2023 06:19:00 PM,FOLLOWING TOO CLOSELY,UNABLE TO DETERMINE,3201,W,NORTH AVE,1422.0,,,,,,,2,NONINCAPACITATING INJURY,1.0,0.0,0.0,1.0,0.0,2.0,0.0,18,2,11,41.910004788,-87.7070323243,POINT (-87.707032324282 41.910004787995)
2f927007b9737728bd184afd3fd99afce60b4fc1cd26de987e8d42df549022034753d27e7858b7336cabd616bc6646c4c2c54daaae823225a781505f7cda1a5e,,02/24/2023 06:21:00 PM,30,TRAFFIC SIGNAL,FUNCTIONING PROPERLY,CLEAR,"DARKNESS, LIGHTED ROAD",ANGLE,FOUR WAY,,STRAIGHT AND LEVEL,DRY,NO DEFECTS,,INJURY AND / OR TOW DUE TO CRASH,,,N,"OVER $1,500",02/24/2023 07:01:00 PM,DISREGARDING TRAFFIC SIGNALS,UNABLE TO DETERMINE,6499,S,COTTAGE GROVE AVE,312.0,,,,,,,2,NONINCAPACITATING INJURY,2.0,0.0,0.0,2.0,0.0,0.0,0.0,18,6,2,41.7768705434,-87.6057050177,POINT (-87.605705017705 41.77687054339)
cba474a20f21d714ce58390dcdc0cef1af58f4e086639154a51b218f4526097946c168756f1eabd5df64b5101c95ca6251a79db5631135045cb43eedf3e91410,,07/03/2025 12:38:00 PM,30,TRAFFIC SIGNAL,FUNCTIONING PROPERLY,CLEAR,DAYLIGHT,SIDESWIPE SAME DIRECTION,NOT DIVIDED,,STRAIGHT AND LEVEL,DRY,NO DEFECTS,ON SCENE,NO INJURY / DRIVE AWAY,,,,"OVER $1,500",07/03/2025 12:43:00 PM,FAILING TO YIELD RIGHT-OF-WAY,FOLLOWING TOO CLOSELY,4147,W,GRAND AVE,2534.0,,N,,,,,2,NO INDICATION OF INJURY,0.0,0.0,0.0,0.0,0.0,3.0,0.0,12,5,7,41.9076998176,-87.7305728916,POINT (-87.730572891587 41.907699817606)
df5e5f66567254b7d3e69bea90dde68f8bcb87b5a9e8983b1fd44d144a7247c21949262f64a5b79aa41f844402b254e70555affe512a6b90223d2cc9ddce37d3,,10/05/2025 01:50:00 PM,15,UNKNOWN,UNKNOWN,CLEAR,DAYLIGHT,PARKED MOTOR VEHICLE,PARKING LOT,,STRAIGHT AND LEVEL,DRY,NO DEFECTS,NOT ON SCENE (DESK REPORT),NO INJURY / DRIVE AWAY,,,Y,$500 OR LESS,10/05/2025 03:20:00 PM,UNABLE TO DETERMINE,UNABLE TO DETERMINE,3145,S,ASHLAND AVE,912.0,,,,,,,2,NO INDICATION OF INJURY,0.0,0.0,0.0,0.0,0.0,1.0,0.0,13,1,10,41.8364683477,-87.6655669021,POINT (-87.665566902132 41.836468347729)
cce204c6569ef74591b33d14771ff14d6da745356962fae3a980bd67613ec5ba8e01530127e57e92584545ee5926579d0be343699e13ca58b60024790d13b529,,08/26/2024 06:33:00 PM,30,TRAFFIC SIGNAL,FUNCTIONING PROPERLY,CLEAR,DAYLIGHT,REAR END,NOT DIVIDED,,STRAIGHT AND LEVEL,DRY,UNKNOWN,NOT ON SCENE (DESK REPORT),NO INJURY / DRIVE AWAY,,,,"OVER $1,500",08/26/2024 06:44:00 PM,NOT APPLICABLE,FAILING TO REDUCE SPEED TO AVOID CRASH,5158,W,CHICAGO AVE,1531.0,,,,,,,2,NO INDICATION OF INJURY,0.0,0.0,0.0,0.0,0.0,2.0,0.0,18,2,8,41.8950473831,-87.7555430106,POINT (-87.755543010623 41.895047383085)
225608d89028024211b70015e926d861403b3c25eca72e395e1ac66db4e1ecf5be336f0997a09ba1ea989bcde2ed5d5cc9f04a2082d9aeaf17d6e499afef267f,,03/14/2020 11:00:00 PM,30,NO CONTROLS,NO CONTROLS,CLEAR,"DARKNESS, LIGHTED ROAD",SIDESWIPE SAME DIRECTION,ONE-WAY,,STRAIGHT AND LEVEL,DRY,NO DEFECTS,NOT ON SCENE (DESK REPORT),NO INJURY / DRIVE AWAY,,,,"OVER $1,500",03/14/2020 11:30:00 PM,UNABLE TO DETERMINE,NOT APPLICABLE,100,E,HURON ST,1834.0,,,,,,,2,NO INDICATION OF INJURY,0.0,0.0,0.0,0.0,0.0,4.0,0.0,23,7,3,41.8950340785,-87.6254043391,POINT (-87.625404339124 41.895034078528)
fcc0565e5cb0b295f0f3146de3a6fd0aaf9b905948ece9830a88b0cf319e0fbea76188c8a50072988d171d5fcb6beceb2cc7fdef501f3ba22e9d6a522c4596bb,,08/12/2025 04:45:00 PM,30,NO CONTROLS,NO CONTROLS,CLEAR,DAYLIGHT,SIDESWIPE SAME DIRECTION,NOT DIVIDED,,STRAIGHT AND LEVEL,DRY,NO DEFECTS,NOT ON SCENE (DESK REPORT),INJURY AND / OR TOW DUE TO CRASH,,,Y,"OVER $1,500",08/12/2025 11:10:00 PM,UNABLE TO DETERMINE,NOT APPLICABLE,5416,W,JACKSON BLVD,1522.0,,,,,,,2,NO INDICATION OF INJURY,0.0,0.0,0.0,0.0,0.0,5.0,0.0,16,3,8,41.8766948248,-87.7603106307,POINT (-87.760310630701 41.876694824793)
db8bba0352874146556ac44bb51434c68e7d711164fccf1a1eca10ecbfed4984ebc93e77743e05011da81e9baf9f990e322887799b148e2f1917066ece0df0c3,,12/02/2017 10:38:00 AM,30,NO CONTROLS,NO CONTROLS,CLEAR,DAYLIGHT,PARKED MOTOR VEHICLE,NOT DIVIDED,2,STRAIGHT AND LEVEL,DRY,NO DEFECTS,,INJURY AND / OR TOW DUE TO CRASH,,,,"OVER $1,500",12/02/2017 10:38:00 AM,UNABLE TO DETERMINE,NOT APPLICABLE,5619,W,BELMONT AVE,2514.0,,Y,,,,,5,NONINCAPACITATING INJURY,5.0,0.0,0.0,5.0,0.0,1.0,0.0,10,7,12,41.9384562505,-87.7672594088,POINT (-87.767259408825 41.93845625055)
abffa7a0a504a89801087fe78c997bb47b57252e9eb8e3dfdc72e8223ce2b21ca115fb60a305a1f3d765f696b6d29249f49b1883e8e3c163c7cd3f94d4e5483f,,12/01/2023 05:28:00 PM,30,STOP SIGN/FLASHER,UNKNOWN,RAIN,"DARKNESS, LIGHTED ROAD",ANGLE,NOT DIVIDED,,STRAIGHT AND LEVEL,WET,UNKNOWN,ON SCENE,INJURY AND / OR TOW DUE TO CRASH,Y,,,"$501 - $1,500",12/01/2023 05:30:00 PM,UNABLE TO DETERMINE,NOT APPLICABLE,2498,W,PERSHING RD,911.0,,,,,,,2,NO INDICATION OF INJURY,0.0,0.0,0.0,0.0,0.0,2.0,0.0,17,6,12,41.8230400142,-87.6872377183,POINT (-87.687237718339 41.823040014226)
8499f5510d73ae9ab0b3a227f17c867a6f5b15683e76ba982ca627b5edb247b634a8e7caa07ac0e51500ca3d2f418acfe4030a793abaf9995ec343a3a499da49,,09/27/2019 02:26:00 PM,30,TRAFFIC SIGNAL,FUNCTIONING PROPERLY,RAIN,DAYLIGHT,PEDESTRIAN,Y-INTERSECTION,,STRAIGHT AND LEVEL,WET,NO DEFECTS,ON SCENE,NO INJURY / DRIVE AWAY,,,,$500 OR LESS,09/27/2019 02:27:00 PM,UNABLE TO DETERMINE,NOT APPLICABLE,1299,N,MILWAUKEE AVE,1433.0,,,,,,,2,NO INDICATION OF INJURY,0.0,0.0,0.0,0.0,0.0,2.0,0.0,14,6,9,41.9053256309,-87.6693219967,POINT (-87.669321996738 41.905325630923)
6253d707ddefae038638f082fa738f0a7cb62ae8e54f5bfac5d56a988270d8c22e48b8124d93fc9a12cf78765047864c72db34da903dcb6d9ad1683a3a776b06,,11/05/2015 06:00:00 PM,30,TRAFFIC SIGNAL,FUNCTIONING PROPERLY,CLEAR,"DARKNESS, LIGHTED ROAD",TURNING,ONE-WAY,,STRAIGHT AND LEVEL,DRY,UNKNOWN,NOT ON SCENE (DESK REPORT),NO INJURY / DRIVE AWAY,,,,"$501 - $1,500",11/05/2015 06:15:00 PM,UNABLE TO DETERMINE,UNABLE TO DETERMINE,601,W,ADAMS ST,121.0,,,,,,,2,NO INDICATION OF INJURY,0.0,0.0,0.0,0.0,0.0,3.0,0.0,18,5,11,41.879163618,-87.6426499595,POINT (-87.642649959538 41.87916361804)
6a0f5dd81e0a27a284257f446b22a694994c3aa81c10602856cc40210520373f832aa23ada0ea143886309d69b4d58ad7ea0433324ebc6c651a7245b44f25668,,04/03/2018 05:00:00 PM,30,STOP SIGN/FLASHER,NO CONTROLS,CLEAR,DAYLIGHT,REAR END,ONE-WAY,1,STRAIGHT AND LEVEL,WET,NO DEFECTS,NOT ON SCENE (DESK REPORT),NO INJURY / DRIVE AWAY,,,,$500 OR LESS,04/05/2018 11:30:00 AM,FOLLOWING TOO CLOSELY,UNABLE TO DETERMINE,100,E,HURON ST,1834.0,,,,,,,2,NO INDICATION OF INJURY,0.0,0.0,0.0,0.0,0.0,2.0,0.0,17,3,4,41.8950340785,-87.6254043391,POINT (-87.625404339124 41.895034078528)
c628a21b2a6af0b04f8b08755a739f3c591cd01ca5ec2313bcb4dd8c386b37cba8b27a88d5db4d57095146b4f2c601aee683613e5010be615e33e88912faaaa8,,08/13/2023 01:40:00 PM,30,NO CONTROLS,NO CONTROLS,CLEAR,DAYLIGHT,PEDALCYCLIST,NOT DIVIDED,,STRAIGHT AND LEVEL,DRY,NO DEFECTS,NOT ON SCENE (DESK REPORT),INJURY AND / OR TOW DUE TO CRASH,,,,"OVER $1,500",08/13/2023 03:00:00 PM,FAILING TO YIELD RIGHT-OF-WAY,NOT APPLICABLE,3142,W,LAWRENCE AVE,1713.0,,,,,,,2,NONINCAPACITATING INJURY,1.0,0.0,0.0,1.0,0.0,2.0,0.0,13,1,8,41.9685727721,-87.7077877013,POINT (-87.707787701272 41.968572772124)
25881f1f31642d946de26062695f199eafd32a52e180979a2de38c28df08e1d8fd9c874761d9796c829dfd7cfd8d87c07676a84bbee560dfa2120bdef96b6290,,03/31/2024 12:30:00 PM,30,NO CONTROLS,NO CONTROLS,CLEAR,DAYLIGHT,PARKED MOTOR VEHICLE,ONE-WAY,,STRAIGHT AND LEVEL,DRY,NO DEFECTS,NOT ON SCENE (DESK REPORT),NO INJURY / DRIVE AWAY,,,,"OVER $1,500",04/02/2024 09:30:00 AM,FAILING TO REDUCE SPEED TO AVOID CRASH,NOT APPLICABLE,431,W,ADAMS ST,121.0,,,,,,,2,NO INDICATION OF INJURY,0.0,0.0,0.0,0.0,0.0,2.0,0.0,12,1,3,41.8792031111,-87.6395518214,POINT (-87.639551821383 41.879203111052)
33aaf702ef1c6316190ac07d3973e3f3eb6f177d12675d29d63787316ad8432aa612f04c91b8f7e1aac3086818c6f0ac5d2a89a92d921ad6dd70c60fb6e65bf4,,05/27/2025 03:00:00 PM,30,TRAFFIC SIGNAL,FUNCTIONING PROPERLY,CLEAR,DAYLIGHT,TURNING,CENTER TURN LANE,,STRAIGHT AND LEVEL,DRY,NO DEFECTS,NOT ON SCENE (DESK REPORT),NO INJURY / DRIVE AWAY,,,,"OVER $1,500",05/27/2025 04:20:00 PM,FAILING TO YIELD RIGHT-OF-WAY,IMPROPER TURNING/NO SIGNAL,5200,N,CICERO AVE,1621.0,,,,,,,2,NO INDICATION OF INJURY,0.0,0.0,0.0,0.0,0.0,2.0,0.0,15,3,5,41.9754383945,-87.7481451665,POINT (-87.748145166467 41.975438394487)
d9e07f02590f94cef034f42261e39c646e00c96c29fe1720d303e306e050e30d889caaf0f6accad306584e794360257de5e1fc19d6b6f8c0078c25ad71af8fa6,,05/12/2023 11:34:00 AM,30,TRAFFIC SIGNAL,FUNCTIONING PROPERLY,RAIN,DAWN,REAR END,DIVIDED - W/MEDIAN (NOT RAISED),,STRAIGHT AND LEVEL,WET,NO DEFECTS,ON SCENE,INJURY AND / OR TOW DUE TO CRASH,,,,"$501 - $1,500",05/12/2023 11:35:00 AM,DRIVING SKILLS/KNOWLEDGE/EXPERIENCE,DRIVING SKILLS/KNOWLEDGE/EXPERIENCE,4807,W,DEVON AVE,1621.0,,,,,,,2,NONINCAPACITATING INJURY,1.0,0.0,0.0,1.0,0.0,1.0,0.0,11,6,5,41.9971789801,-87.7486591844,POINT (-87.748659184389 41.997178980132)
382d8779d1189d080a4faba32c089dff18d3e77d1609d6435715ad792cbe302291db5a639a960399df072f1db1cf0cd49f9b1a9fda0cc0e9d6d59252fd3bbaf4,,06/17/2019 12:05:00 PM,35,NO CONTROLS,NO CONTROLS,CLEAR,DAYLIGHT,SIDESWIPE SAME DIRECTION,DIVIDED - W/MEDIAN (NOT RAISED),,STRAIGHT AND LEVEL,DRY,NO DEFECTS,ON SCENE,INJURY AND / OR TOW DUE TO CRASH,,,,"OVER $1,500",06/17/2019 12:07:00 PM,FOLLOWING TOO CLOSELY,NOT APPLICABLE,11320,S,PULASKI RD,2211.0,,,,,,,3,NO INDICATION OF INJURY,0.0,0.0,0.0,0.0,0.0,4.0,0.0,12,2,6,41.6869205538,-87.720302737,POINT (-87.720302736982 41.686920553766)
4fc76912e964e103d74fe33553601b776f20fd5a787449670aa22aca7282fcc2dbeb8daecf5ee39998181b0e6b3c71bb241a775f09b5c66679b7b2577cf595de,,09/10/2017 02:25:00 PM,10,NO CONTROLS,NO CONTROLS,CLEAR,DAYLIGHT,ANGLE,PARKING LOT,2,STRAIGHT AND LEVEL,DRY,NO DEFECTS,ON SCENE,NO INJURY / DRIVE AWAY,,Y,,"$501 - $1,500",09/10/2017 02:51:00 PM,"VISION OBSCURED (SIGNS, TREE LIMBS, BUILDINGS, ETC.)",UNABLE TO DETERMINE,2907,W,ADDISON ST,1733.0,,,,,,,2,NO INDICATION OF INJURY,0.0,0.0,0.0,0.0,0.0,4.0,0.0,14,1,9,41.9465465555,-87.7007728894,POINT (-87.700772889435 41.946546555506)
48c5e02c7d96dd20d31169be42514e049039a9e257b1526b336e1c3878c80a118a0b1ed5cb854b55e2fb8497462be7d903a9bf4d6fc16c8b432a9d9f852cb130,,10/18/2017 11:00:00 AM,30,NO CONTROLS,NO CONTROLS,CLEAR,DAYLIGHT,PARKED MOTOR VEHICLE,PARKING LOT,,STRAIGHT AND LEVEL,DRY,NO DEFECTS,NOT ON SCENE (DESK REPORT),NO INJURY / DRIVE AWAY,,,Y,"$501 - $1,500",10/18/2017 02:50:00 PM,UNABLE TO DETERMINE,NOT APPLICABLE,3562,E,118TH ST,433.0,,,,,,,2,NO INDICATION OF INJURY,0.0,0.0,0.0,0.0,0.0,1.0,0.0,11,4,10,41.6810521541,-87.5365162684,POINT (-87.536516268419 41.681052154067)
a5c532efd5734396469379fcb550136b54d780fbd982a6b4d5615f0432a1f27d786534c92355a376a975ef4db14c249692bed4984a21589e2f32096f884f3c6b,,06/29/2021 02:22:00 PM,30,TRAFFIC SIGNAL,FUNCTIONING PROPERLY,CLEAR,DAYLIGHT,REAR END,DIVIDED - W/MEDIAN (NOT RAISED),,STRAIGHT AND LEVEL,DRY,UNKNOWN,NOT ON SCENE (DESK REPORT),NO INJURY / DRIVE AWAY,,,,"OVER $1,500",06/29/2021 03:30:00 PM,UNABLE TO DETERMINE,UNABLE TO DETERMINE,1700,N,DAMEN AVE,1434.0,,,,,,,2,NO INDICATION OF INJURY,0.0,0.0,0.0,0.0,0.0,2.0,0.0,14,3,6,41.9123442167,-87.6776539387,POINT (-87.677653938686 41.912344216685)
bb626575894bf62a953dbd270d2a58536aae02450862a48eab07d5ce8c194363f4a86d91b270ee96b9f94e22b9b43debcffe4245dec54ea4500414fc531fdfda,,12/20/2023 08:00:00 PM,10,NO CONTROLS,NO CONTROLS,CLEAR,"DARKNESS, LIGHTED ROAD",SIDESWIPE SAME DIRECTION,PARKING LOT,,STRAIGHT AND LEVEL,DRY,NO DEFECTS,ON SCENE,NO INJURY / DRIVE AWAY,,,,"OVER $1,500",12/20/2023 08:30:00 PM,UNABLE TO DETERMINE,UNABLE TO DETERMINE,14,W,95TH ST,634.0,,,,,,,2,NO INDICATION OF INJURY,0.0,0.0,0.0,0.0,0.0,2.0,0.0,20,4,12,41.7217349653,-87.6245709203,POINT (-87.624570920334 41.721734965274)
d06c39ad7581aa949d16ad54bcc5511202c63ee98dcf6a34073f462e40f0055d4bd0cfda8023a6ae04f745fc4328766815cd148167ce70d21533ab1db86f99fd,,01/07/2023 09:30:00 AM,30,NO CONTROLS,NO CONTROLS,CLEAR,DAYLIGHT,PARKED MOTOR VEHICLE,NOT DIVIDED,,STRAIGHT AND LEVEL,DRY,NO DEFECTS,ON SCENE,NO INJURY / DRIVE AWAY,,,,"OVER $1,500",01/07/2023 09:30:00 AM,FAILING TO REDUCE SPEED TO AVOID CRASH,NOT APPLICABLE,862,N,HUDSON AVE,1823.0,N,N,,,,,3,NO INDICATION OF INJURY,0.0,0.0,0.0,0.0,0.0,1.0,0.0,9,7,1,41.8983284484,-87.6401056943,POINT (-87.640105694341 41.898328448377)