CRASH_RECORD_ID,CRASH_DATE_EST_I,CRASH_DATE,POSTED_SPEED_LIMIT,TRAFFIC_CONTROL_DEVICE,DEVICE_CONDITION,WEATHER_CONDITION,LIGHTING_CONDITION,FIRST_CRASH_TYPE,TRAFFICWAY_TYPE,LANE_CNT,ALIGNMENT,ROADWAY_SURFACE_COND,ROAD_DEFECT,REPORT_TYPE,CRASH_TYPE,INTERSECTION_RELATED_I,NOT_RIGHT_OF_WAY_I,HIT_AND_RUN_I,DAMAGE,DATE_POLICE_NOTIFIED,PRIM_CONTRIBUTORY_CAUSE,SEC_CONTRIBUTORY_CAUSE,STREET_NO,STREET_DIRECTION,STREET_NAME,BEAT_OF_OCCURRENCE,PHOTOS_TAKEN_I,STATEMENTS_TAKEN_I,DOORING_I,WORK_ZONE_I,WORK_ZONE_TYPE,WORKERS_PRESENT_I,NUM_UNITS,MOST_SEVERE_INJURY,INJURIES_TOTAL,INJURIES_FATAL,INJURIES_INCAPACITATING,INJURIES_NON_INCAPACITATING,INJURIES_REPORTED_NOT_EVIDENT,INJURIES_NO_INDICATION,INJURIES_UNKNOWN,CRASH_HOUR,CRASH_DAY_OF_WEEK,CRASH_MONTH,LATITUDE,LONGITUDE,LOCATION
4faf42bc03cd200119d5d1dc11079c5712542a1df6bef6166c962d0f19758ec4fdfc8f5b877d400d4f2c59029d097763e24907404f11d20b658f076d7d79cd54,,11/18/2018 01:30:00 AM,30,TRAFFIC SIGNAL,FUNCTIONING PROPERLY,SNOW,"DARKNESS, LIGHTED ROAD",SIDESWIPE SAME DIRECTION,ONE-WAY,3,STRAIGHT AND LEVEL,WET,NO DEFECTS,ON SCENE,NO INJURY / DRIVE AWAY,,,Y,"$501 - $1,500",11/18/2018 02:01:00 AM,IMPROPER LANE USAGE,IMPROPER OVERTAKING/PASSING,6300,S,YALE AVE,722.0,,,,,,,2,NO INDICATION OF INJURY,0.0,0.0,0.0,0.0,0.0,12.0,0.0,1,1,11,41.7799265177,-87.6319793256,POINT (-87.631979325574 41.779926517686)
f597b394e52e5e7d3e8e4f4e06627250ac6aae119d4530ce5057dec20d394900482da29be2179983c51996415547c259b9ab172410aa93715396994842b6caf0,,01/22/2024 10:07:00 AM,30,TRAFFIC SIGNAL,FUNCTIONING PROPERLY,UNKNOWN,DAYLIGHT,SIDESWIPE SAME DIRECTION,OTHER,,STRAIGHT AND LEVEL,WET,UNKNOWN,ON SCENE,NO INJURY / DRIVE AWAY,,,Y,$500 OR LESS,01/22/2024 10:08:00 AM,UNABLE TO DETERMINE,NOT APPLICABLE,6301,S,WESTERN AVE,825.0,,,,,,,2,NO INDICATION OF INJURY,0.0,0.0,0.0,0.0,0.0,2.0,0.0,10,2,1,41.7791287077,-87.683489884,POINT (-87.68348988405 41.779128707653)
c0b9c8c3825308221d1c048454d3fa45a9d75a776f867220cbc446d16e61c9eca5678a121c6c43924687a3c776c766bfb2f1802e28a9c57e804f1f7f214b3e4f,Y,09/05/2023 05:00:00 AM,30,NO CONTROLS,NO CONTROLS,CLEAR,"DARKNESS, LIGHTED ROAD",PARKED MOTOR VEHICLE,DIVIDED - W/MEDIAN BARRIER,,STRAIGHT AND LEVEL,DRY,NO DEFECTS,NOT ON SCENE (DESK REPORT),NO INJURY / DRIVE AWAY,,,Y,"OVER $1,500",09/06/2023 01:30:00 AM,UNABLE TO DETERMINE,UNABLE TO DETERMINE,3151,S,PULASKI RD,1031.0,,,,,,,2,NO INDICATION OF INJURY,0.0,0.0,0.0,0.0,0.0,1.0,0.0,5,3,9,41.8353819364,-87.7241689896,POINT (-87.72416898961 41.83538193638)
ceb06484301ec52de4893decaf7793f684eab12f03948fd6248865bfac6bcb2cdb2e19722287d8126b0165143ea52921ef8261e879dd4a34ce06aa161e6fda21,,12/07/2024 04:00:00 PM,30,NO CONTROLS,NO CONTROLS,CLEAR,"DARKNESS, LIGHTED ROAD",OTHER OBJECT,NOT DIVIDED,,STRAIGHT AND LEVEL,UNKNOWN,UNKNOWN,NOT ON SCENE (DESK REPORT),NO INJURY / DRIVE AWAY,,,,"OVER $1,500",12/07/2024 05:55:00 PM,DRIVING SKILLS/KNOWLEDGE/EXPERIENCE,DRIVING SKILLS/KNOWLEDGE/EXPERIENCE,1407,W,CORNELIA AVE,1922.0,,,,,,,2,NO INDICATION OF INJURY,0.0,0.0,0.0,0.0,0.0,2.0,0.0,16,7,12,41.9451281154,-87.6642770657,POINT (-87.664277065653 41.945128115402)
0079671e78f7a31bfea1c3567aebe547e48975542fd06cc5b7b1e714e67d52479415a5f21060025f2297d6bb29185c4dd3a7510230f8a539176b450bf39d3b8b,,06/05/2018 12:55:00 PM,30,TRAFFIC SIGNAL,FUNCTIONING PROPERLY,CLEAR,DAYLIGHT,REAR END,NOT DIVIDED,1,STRAIGHT AND LEVEL,DRY,NO DEFECTS,NOT ON SCENE (DESK REPORT),INJURY AND / OR TOW DUE TO CRASH,,,,"OVER $1,500",06/05/2018 03:20:00 PM,UNABLE TO DETERMINE,UNABLE TO DETERMINE,1056,W,FOSTER AVE,2023.0,,,,,,,2,NONINCAPACITATING INJURY,1.0,0.0,0.0,1.0,0.0,1.0,0.0,12,3,6,41.9764712068,-87.657276812,POINT (-87.657276811991 41.976471206843)
9f755108cedcdeb5cf1db17f92a4a13d99dbf2413a89957ecbcd855fb47593efce2035b7e489eee3139f4f2ce3039269593a279cdddecd1741ee1fe9195a05f7,,11/01/2023 06:00:00 AM,30,NO CONTROLS,NO CONTROLS,CLEAR,DAWN,REAR TO FRONT,NOT DIVIDED,,STRAIGHT AND LEVEL,DRY,NO DEFECTS,NOT ON SCENE (DESK REPORT),NO INJURY / DRIVE AWAY,,,,"$501 - $1,500",11/02/2023 07:10:00 PM,DRIVING SKILLS/KNOWLEDGE/EXPERIENCE,NOT APPLICABLE,4000,S,PULASKI RD,815.0,,,,,,,2,NO INDICATION OF INJURY,0.0,0.0,0.0,0.0,0.0,2.0,0.0,6,4,11,41.8190524663,-87.7241127025,POINT (-87.7241127025 41.819052466282)
b63223c410cf7800561c9cad1ef135893019002b6420b57e1178d0a7c55d850c9c754529c2846eb827529d7b465fa3291cbb783dd01e19a2aa4873c48c78b30c,,06/26/2018 03:30:00 PM,15,NO CONTROLS,NO CONTROLS,CLEAR,DAYLIGHT,PARKED MOTOR VEHICLE,PARKING LOT,,STRAIGHT AND LEVEL,DRY,NO DEFECTS,NOT ON SCENE (DESK REPORT),NO INJURY / DRIVE AWAY,,Y,Y,"OVER $1,500",06/26/2018 05:59:00 PM,NOT APPLICABLE,NOT APPLICABLE,2638,N,PULASKI RD,2524.0,Y,,,,,,2,NO INDICATION OF INJURY,0.0,0.0,0.0,0.0,0.0,1.0,0.0,15,3,6,41.9292745785,-87.7270538431,POINT (-87.727053843113 41.929274578513)
f979e867200d7ecb54b16af91157adc6b86bc2aa74059a6fe560dab5d13ef6c4d42dd2fbb890c134ced404fcb0c3cd8757101fa897fce1d86a8d35cb16c19448,,07/22/2024 04:00:00 AM,30,NO CONTROLS,UNKNOWN,CLEAR,DAYLIGHT,OTHER OBJECT,NOT DIVIDED,,STRAIGHT AND LEVEL,DRY,UNKNOWN,ON SCENE,INJURY AND / OR TOW DUE TO CRASH,,,,"OVER $1,500",07/22/2024 06:49:00 AM,NOT APPLICABLE,NOT APPLICABLE,9000,S,BUFFALO AVE,424.0,,,,,,,1,NO INDICATION OF INJURY,0.0,0.0,0.0,0.0,0.0,1.0,0.0,4,2,7,41.7318929556,-87.5444821209,POINT (-87.544482120872 41.731892955613)
9cfb50a7ffa262f1b22f556dd7be11e0cce477dbfc5f347baa5a0e5cccf6cea6c9a54e3bcc2d24bb0048ed1128cc66977844793fdc1d5087fa38612581024f7c,,08/13/2021 01:00:00 PM,30,NO CONTROLS,NO CONTROLS,CLEAR,DAYLIGHT,REAR END,DIVIDED - W/MEDIAN (NOT RAISED),,STRAIGHT AND LEVEL,DRY,NO DEFECTS,ON SCENE,INJURY AND / OR TOW DUE TO CRASH,,,Y,"$501 - $1,500",08/13/2021 01:08:00 PM,UNABLE TO DETERMINE,NOT APPLICABLE,524,S,LARAMIE AVE,1522.0,,,,,,,2,NO INDICATION OF INJURY,0.0,0.0,0.0,0.0,0.0,2.0,0.0,13,6,8,41.873123413,-87.7549557129,POINT (-87.754955712916 41.873123413001)
f62f58ce0d766d7438cf9bec2fcdffb35d30f7b99468124e20d14ad5cd94cd8d60a96007abe39009db937e81943e3b9b0df84cef426312b633ee4ac9b810f36d,,08/24/2020 06:40:00 AM,30,TRAFFIC SIGNAL,FUNCTIONING PROPERLY,CLEAR,DAYLIGHT,REAR TO FRONT,NOT DIVIDED,,STRAIGHT AND LEVEL,DRY,NO DEFECTS,ON SCENE,NO INJURY / DRIVE AWAY,Y,,,"$501 - $1,500",08/24/2020 06:40:00 AM,IMPROPER BACKING,UNABLE TO DETERMINE,414,S,KOSTNER AVE,1131.0,,,,,,,2,NO INDICATION OF INJURY,0.0,0.0,0.0,0.0,0.0,2.0,0.0,6,2,8,41.8746146053,-87.735407855,POINT (-87.735407854998 41.874614605274)
d72f1ae491d7b484da26f47d4bc62cf445b9f91a104434e1c307e1e03d4193281f5cbdd11062274351e5517db46ff12af4edba143cf5d4c86840949a8c1d9bb8,,11/17/2019 11:24:00 AM,35,TRAFFIC SIGNAL,FUNCTIONING PROPERLY,CLEAR,DAYLIGHT,REAR END,NOT DIVIDED,,STRAIGHT AND LEVEL,DRY,NO DEFECTS,NOT ON SCENE (DESK REPORT),NO INJURY / DRIVE AWAY,,,,$500 OR LESS,11/17/2019 11:48:00 AM,FOLLOWING TOO CLOSELY,FOLLOWING TOO CLOSELY,2001,W,63RD ST,726.0,,,,,,,2,NO INDICATION OF INJURY,0.0,0.0,0.0,0.0,0.0,2.0,0.0,11,1,11,41.7792051555,-87.6739634289,POINT (-87.673963428892 41.779205155483)
6b32303e888a3dd272565ba27cb83a31df6314bc792a15e0b1780b1dd29a373b3696faf73b7611a4d1ba4abddddf3d99762cc6025282f9ac434f1c4694938645,,09/28/2017 09:15:00 AM,30,STOP SIGN/FLASHER,NO CONTROLS,CLEAR,DAYLIGHT,ANGLE,NOT DIVIDED,,STRAIGHT AND LEVEL,DRY,NO DEFECTS,NOT ON SCENE (DESK REPORT),NO INJURY / DRIVE AWAY,Y,,,"OVER $1,500",09/28/2017 10:15:00 AM,UNABLE TO DETERMINE,UNABLE TO DETERMINE,2700,W,MONTROSE AVE,1724.0,,,,,,,2,NO INDICATION OF INJURY,0.0,0.0,0.0,0.0,0.0,2.0,0.0,9,5,9,41.9613738471,-87.6962232789,POINT (-87.69622327895 41.961373847081)
763376f1b0919730d5a27bc7a6335bf86fc6c6c80b1e49416aa0938e69d99a5f396b493fb08d31ddd95eb5a475a06e48c5dde9e75634051bc8987dfe36632f82,,01/21/2023 07:30:00 PM,30,STOP SIGN/FLASHER,FUNCTIONING PROPERLY,CLEAR,"DARKNESS, LIGHTED ROAD",HEAD ON,NOT DIVIDED,,STRAIGHT AND LEVEL,DRY,NO DEFECTS,NOT ON SCENE (DESK REPORT),NO INJURY / DRIVE AWAY,,,,"OVER $1,500",01/22/2023 01:08:00 PM,NOT APPLICABLE,NOT APPLICABLE,5001,W,52ND ST,814.0,,,,,,,2,NO INDICATION OF INJURY,0.0,0.0,0.0,0.0,0.0,2.0,0.0,19,7,1,41.7983223147,-87.7478559071,POINT (-87.747855907082 41.798322314676)
a2f30bed5c3961aa6d52e10a00029a6d11ab4afd79ce11f6e602e5d9835fff0ee9bf9851e3a85bf35e74dfd129b6c434f9aee4c13ee6eb26df304ad7c16d081b,,06/28/2024 12:00:00 PM,30,STOP SIGN/FLASHER,FUNCTIONING PROPERLY,RAIN,DAYLIGHT,ANGLE,NOT DIVIDED,,STRAIGHT AND LEVEL,WET,NO DEFECTS,ON SCENE,INJURY AND / OR TOW DUE TO CRASH,,,,"OVER $1,500",06/28/2024 12:03:00 PM,DISREGARDING STOP SIGN,UNABLE TO DETERMINE,5198,W,HURON ST,1531.0,,,,,,,2,"REPORTED, NOT EVIDENT",1.0,0.0,0.0,0.0,1.0,2.0,0.0,12,6,6,41.8931100248,-87.7554681028,POINT (-87.755468102846 41.89311002481)
aeb741af718cecb757cd6fb4de3433060ae7bfc8578d0d11081bfd007a81bd276b654945057b5ab415213a50d6e54532b2d3a0c24196aeed436c85e7436c0507,,04/20/2018 08:00:00 AM,20,SCHOOL ZONE,NO CONTROLS,CLEAR,DAYLIGHT,REAR END,NOT DIVIDED,2,STRAIGHT AND LEVEL,DRY,NO DEFECTS,ON SCENE,INJURY AND / OR TOW DUE TO CRASH,,,,"OVER $1,500",04/20/2018 08:14:00 AM,FOLLOWING TOO CLOSELY,EXCEEDING AUTHORIZED SPEED LIMIT,3838,W,111TH ST,2211.0,,,,,,,2,NO INDICATION OF INJURY,0.0,0.0,0.0,0.0,0.0,3.0,0.0,8,6,4,41.6914250398,-87.7170691749,POINT (-87.717069174912 41.691425039764)
359ee5275b05fab994bd461ce307c8ee80b2da96dd30814bd577489b650d6b26b2588a1c25c0fe14b5bb220ef4ed6ea02c6c98458d34e532c1677238a7517b7e,,06/30/2019 05:37:00 PM,30,NO CONTROLS,FUNCTIONING PROPERLY,CLEAR,DAYLIGHT,SIDESWIPE SAME DIRECTION,NOT DIVIDED,,STRAIGHT AND LEVEL,WET,NO DEFECTS,ON SCENE,NO INJURY / DRIVE AWAY,,,Y,"$501 - $1,500",06/30/2019 05:58:00 PM,IMPROPER LANE USAGE,NOT APPLICABLE,906,W,LAWRENCE AVE,2024.0,,,,,,,3,NO INDICATION OF INJURY,0.0,0.0,0.0,0.0,0.0,4.0,0.0,17,1,6,41.9692252766,-87.6528335066,POINT (-87.652833506559 41.969225276618)
159568cc5528e312001831f68399ad2a3ba619b6f46b8fa8f2adf95b3ba6d03d234b89b0c910a89b1b1830cd81d1e923825f5828a702871201a73b49a1a9ac18,,12/01/2023 07:58:00 PM,35,NO CONTROLS,NO CONTROLS,RAIN,"DARKNESS, LIGHTED ROAD",TURNING,NOT DIVIDED,,STRAIGHT AND LEVEL,WET,NO DEFECTS,ON SCENE,NO INJURY / DRIVE AWAY,,,,"OVER $1,500",12/01/2023 08:21:00 PM,UNABLE TO DETERMINE,UNABLE TO DETERMINE,7251,S,SOUTH SHORE DR,334.0,,Y,,,,,2,NO INDICATION OF INJURY,0.0,0.0,0.0,0.0,0.0,2.0,0.0,19,6,12,41.7646147089,-87.5609753232,POINT (-87.560975323163 41.764614708883)
515815f6416a0fea6a9381511cfbac13310c82d82e852da87b93c8674c71124cd3b0a0222c71dc003aea2806c6d867e12253866e59de60dffd51ca5eed38467b,,06/10/2019 12:25:00 PM,30,NO CONTROLS,NO CONTROLS,CLEAR,DAYLIGHT,PARKED MOTOR VEHICLE,NOT DIVIDED,,STRAIGHT AND LEVEL,DRY,NO DEFECTS,NOT ON SCENE (DESK REPORT),NO INJURY / DRIVE AWAY,,,Y,"OVER $1,500",06/17/2019 07:25:00 PM,UNABLE TO DETERMINE,UNABLE TO DETERMINE,7541,N,WESTERN AVE,2411.0,,,,,,,2,NO INDICATION OF INJURY,0.0,0.0,0.0,0.0,0.0,1.0,0.0,12,2,6,42.0187007686,-87.6900357187,POINT (-87.690035718694 42.018700768564)
a13cb30a13b300f38dfb1d0979f100714d826413364f851e84c3297475e7d055e37c67dbcdb0333688d61aba669fda2ecce54f6b312814f82678a640cbabc262,,09/13/2023 07:30:00 PM,25,TRAFFIC SIGNAL,FUNCTIONING PROPERLY,CLEAR,"DARKNESS, LIGHTED ROAD",REAR END,FOUR WAY,,STRAIGHT AND LEVEL,DRY,NO DEFECTS,ON SCENE,INJURY AND / OR TOW DUE TO CRASH,Y,,Y,"OVER $1,500",09/13/2023 07:30:00 PM,UNABLE TO DETERMINE,UNABLE TO DETERMINE,4700,S,DREXEL BLVD,223.0,,,,,,,2,NO INDICATION OF INJURY,0.0,0.0,0.0,0.0,0.0,2.0,0.0,19,4,9,41.8094665294,-87.6045192623,POINT (-87.604519262297 41.809466529413)
3cb5d1b769ebe453beeb98e788607f0b01cfd32427c072a6c4a1dcd266141c7794befac6503be6b8c0b37cd8021f12a753600fa37341c0df859a5ad73a1e9f22,N,02/28/2018 08:40:00 PM,30,NO CONTROLS,NO CONTROLS,CLEAR,"DARKNESS, LIGHTED ROAD",PARKED MOTOR VEHICLE,DIVIDED - W/MEDIAN (NOT RAISED),4,STRAIGHT AND LEVEL,DRY,UNKNOWN,ON SCENE,NO INJURY / DRIVE AWAY,,,Y,"$501 - $1,500",02/28/2018 08:42:00 PM,UNABLE TO DETERMINE,NOT APPLICABLE,5632,W,NORTH AVE,2531.0,,,,,,,2,NO INDICATION OF INJURY,0.0,0.0,0.0,0.0,0.0,1.0,0.0,20,4,2,41.9094745995,-87.7667619219,POINT (-87.766761921893 41.909474599529)
0c76bdbcc574b6ebcff7beb73c8625ef152bbfd11be55940165cc870785db5fa023e5ba527037a450ab25e32f5fd9f909df050449a4e0f0205a819af0164e7bf,,11/04/2023 05:00:00 PM,35,NO CONTROLS,NO CONTROLS,CLEAR,DAWN,PARKED MOTOR VEHICLE,OTHER,,STRAIGHT AND LEVEL,DRY,NO DEFECTS,ON SCENE,NO INJURY / DRIVE AWAY,,,Y,"OVER $1,500",11/04/2023 05:14:00 PM,UNABLE TO DETERMINE,UNABLE TO DETERMINE,7323,S,ABERDEEN ST,733.0,,,,,,,2,NO INDICATION OF INJURY,0.0,0.0,0.0,0.0,0.0,1.0,0.0,17,7,11,41.7607429528,-87.651429904,POINT (-87.651429904016 41.760742952787)
bc33c7fda6c5ebc87f7089e295b045dd7bc4a031802aaad22417885ce4e47c39191ed9bf9a72d28f5dadb585892f25983477a3fb47b643c5b7222063dba0881d,,06/13/2020 02:50:00 PM,30,TRAFFIC SIGNAL,FUNCTIONING PROPERLY,CLEAR,DAYLIGHT,TURNING,DIVIDED - W/MEDIAN (NOT RAISED),,STRAIGHT AND LEVEL,DRY,NO DEFECTS,NOT ON SCENE (DESK REPORT),NO INJURY / DRIVE AWAY,,,,"$501 - $1,500",06/13/2020 03:00:00 PM,UNABLE TO DETERMINE,UNABLE TO DETERMINE,10300,S,WESTERN AVE,2211.0,,,,,,,2,NO INDICATION OF INJURY,0.0,0.0,0.0,0.0,0.0,2.0,0.0,14,7,6,41.7062823319,-87.6817635946,POINT (-87.68176359458 41.706282331898)
874c2908a9bc4b4903a155f456a915d1d0cc085a72a3b37301490a9d4f672fc38237b3ba94110a40a83b89c9e9780ed740ef9adec443c572b873815a9f445cb8,,05/22/2020 07:30:00 PM,30,TRAFFIC SIGNAL,FUNCTIONING PROPERLY,CLEAR,DAYLIGHT,TURNING,FOUR WAY,,STRAIGHT AND LEVEL,DRY,NO DEFECTS,ON SCENE,NO INJURY / DRIVE AWAY,Y,,,"OVER $1,500",05/22/2020 07:40:00 PM,IMPROPER OVERTAKING/PASSING,IMPROPER LANE USAGE,534,W,TAYLOR ST,124.0,,,,,,,2,NO INDICATION OF INJURY,0.0,0.0,0.0,0.0,0.0,2.0,0.0,19,6,5,41.8698490018,-87.6407275365,POINT (-87.640727536464 41.869849001792)
b30f1640799f305df2b084597d055386b77fc167da424547b28dc0185d061b3da06596544b179035124290f0aed108128a2ffcde7015728657d278224b0b8d10,,02/23/2022 05:30:00 PM,30,TRAFFIC SIGNAL,FUNCTIONING PROPERLY,CLEAR,"DARKNESS, LIGHTED ROAD",TURNING,FOUR WAY,,STRAIGHT AND LEVEL,DRY,NO DEFECTS,,NO INJURY / DRIVE AWAY,Y,,,"OVER $1,500",02/23/2022 05:43:00 PM,UNABLE TO DETERMINE,NOT APPLICABLE,599,W,MADISON ST,121.0,,,,,,,2,NO INDICATION OF INJURY,0.0,0.0,0.0,0.0,0.0,2.0,0.0,17,4,2,41.8817285691,-87.642585602,POINT (-87.64258560198 41.88172856911)
44a75f2f89b026a6b29caf748f7f647e0b9b3a805144ee21385f0252ff7867da75cac1a1d9bfbd9b7be58375b7358b620c228846e16f08ad920a4f0ebb244c1e,,04/26/2025 08:11:00 PM,30,NO CONTROLS,NO CONTROLS,CLEAR,"DARKNESS, LIGHTED ROAD",SIDESWIPE SAME DIRECTION,NOT DIVIDED,,STRAIGHT AND LEVEL,DRY,UNKNOWN,NOT ON SCENE (DESK REPORT),NO INJURY / DRIVE AWAY,,,,"OVER $1,500",04/26/2025 09:05:00 PM,UNABLE TO DETERMINE,UNABLE TO DETERMINE,4359,N,PULASKI RD,1723.0,,,,,,,2,NO INDICATION OF INJURY,0.0,0.0,0.0,0.0,0.0,5.0,0.0,20,7,4,41.9608825137,-87.727679242,POINT (-87.727679241979 41.960882513674)
ca980b9c4402c9125291f3802cd636dbe183779a54069dad1dcc570026a3386f9ff0de583330beebe34924417d850d7aafd0179372415464507fa8d2008f0e76,,08/13/2024 12:30:00 PM,30,UNKNOWN,UNKNOWN,CLEAR,DAYLIGHT,TURNING,DIVIDED - W/MEDIAN BARRIER,,STRAIGHT AND LEVEL,UNKNOWN,UNKNOWN,NOT ON SCENE (DESK REPORT),NO INJURY / DRIVE AWAY,Y,,,"OVER $1,500",08/13/2024 02:00:00 PM,UNABLE TO DETERMINE,UNABLE TO DETERMINE,800,N,LAKE SHORE DR SB,1833.0,,,,,,,2,NO INDICATION OF INJURY,0.0,0.0,0.0,0.0,0.0,2.0,0.0,12,3,8,41.8968049724,-87.6170274232,POINT (-87.617027423234 41.896804972416)
6eb2379c0b2232408aa6341cb5bf117ce83848d7cb30b29e18a8613141324d7c9c12f27b8755bc94587e1ef5ea310037def5e3671164a95b2dade09794822f6d,,06/09/2021 04:47:00 PM,30,NO CONTROLS,NO CONTROLS,CLEAR,DAYLIGHT,PEDESTRIAN,ONE-WAY,,STRAIGHT AND LEVEL,DRY,NO DEFECTS,ON SCENE,INJURY AND / OR TOW DUE TO CRASH,,,Y,"OVER $1,500",06/09/2021 04:48:00 PM,"OPERATING VEHICLE IN ERRATIC, RECKLESS, CARELESS, NEGLIGENT OR AGGRESSIVE MANNER",NOT APPLICABLE,8719,S,MICHIGAN AVE,632.0,,,,,,,2,NONINCAPACITATING INJURY,1.0,0.0,0.0,1.0,0.0,1.0,0.0,16,4,6,41.7358064294,-87.6208296253,POINT (-87.620829625263 41.735806429393)
790944919a740cabb3e9021a1bc11a9d627b9ef92eb8324c7f07e0377ba9cdb56d1169c8998af679c26dfcb12f4c992c5de17d3cf0e31006644db0fc94c402db,,03/26/2021 03:06:00 AM,35,NO CONTROLS,NO CONTROLS,RAIN,"DARKNESS, LIGHTED ROAD",REAR END,ONE-WAY,,STRAIGHT AND LEVEL,WET,NO DEFECTS,ON SCENE,INJURY AND / OR TOW DUE TO CRASH,,,Y,"OVER $1,500",03/26/2021 03:30:00 AM,UNABLE TO DETERMINE,UNABLE TO DETERMINE,6840,S,CRANDON AVE,331.0,,,,,,,3,NO INDICATION OF INJURY,0.0,0.0,0.0,0.0,0.0,2.0,0.0,3,6,3,41.7704710755,-87.5700367664,POINT (-87.570036766365 41.770471075489)
64146787c488ee454bc76d63147ac46a79e1bd913e328e4faacfbe8d1ad279e330051fe1ea11152d88a70c63f83d641f5d0be73421ff62b2c8806e5375dbd535,Y,08/01/2016 12:22:00 PM,30,TRAFFIC SIGNAL,FUNCTIONING PROPERLY,CLEAR,DAYLIGHT,SIDESWIPE SAME DIRECTION,NOT DIVIDED,5,STRAIGHT AND LEVEL,DRY,NO DEFECTS,NOT ON SCENE (DESK REPORT),NO INJURY / DRIVE AWAY,Y,,Y,"OVER $1,500",08/01/2016 07:00:00 PM,IMPROPER LANE USAGE,IMPROPER OVERTAKING/PASSING,2400,N,CICERO AVE,2521.0,,,,,,,2,NO INDICATION OF INJURY,0.0,0.0,0.0,0.0,0.0,2.0,0.0,12,2,8,41.9242835898,-87.7464501903,POINT (-87.746450190289 41.924283589827)
82fc4c0f397b09cf0d3a9720a1c9e7c815110a79dfcaac7343ed1d4301ddb9be2136b9a805a1c5ffe408fb43ea2a829fc65c8b914c2d07e09cbc56e6ef09bbb8,,12/29/2017 03:30:00 PM,30,NO CONTROLS,NO CONTROLS,SNOW,DAYLIGHT,PARKED MOTOR VEHICLE,NOT DIVIDED,,STRAIGHT AND LEVEL,WET,NO DEFECTS,NOT ON SCENE (DESK REPORT),NO INJURY / DRIVE AWAY,,,,"OVER $1,500",12/30/2017 12:45:00 PM,WEATHER,WEATHER,5858,S,AUSTIN AVE,811.0,,,,,,,2,NO INDICATION OF INJURY,0.0,0.0,0.0,0.0,0.0,1.0,0.0,15,6,12,41.7852920708,-87.7719301434,POINT (-87.771930143359 41.785292070779)
e699e6fd5f8dd635973b4bb898e78ca2bd7e1baae920f5a30dad2fb30145c261760e082965ed8bef42e41136802302e8299c5ce5241cb78de02d90ac227dae38,,06/29/2025 12:36:00 AM,30,UNKNOWN,NO CONTROLS,CLEAR,DARKNESS,PARKED MOTOR VEHICLE,NOT DIVIDED,,STRAIGHT AND LEVEL,DRY,UNKNOWN,NOT ON SCENE (DESK REPORT),NO INJURY / DRIVE AWAY,,,Y,"OVER $1,500",06/29/2025 01:25:00 AM,UNABLE TO DETERMINE,NOT APPLICABLE,738,S,KOSTNER AVE,1131.0,,,,,,,2,NO INDICATION OF INJURY,0.0,0.0,0.0,0.0,0.0,1.0,0.0,0,1,6,41.8713302577,-87.7352981851,POINT (-87.735298185135 41.871330257687)
b0e374619bdd886c8eabd583a82da9095070a38e9359d9b86c99b866481563626caf73486b90e98ebb27672d37b23eba79a13b9253c54cdf981747bae2746d01,,11/21/2019 11:45:00 AM,30,NO CONTROLS,NO CONTROLS,CLEAR,DAYLIGHT,SIDESWIPE SAME DIRECTION,DIVIDED - W/MEDIAN (NOT RAISED),,STRAIGHT AND LEVEL,DRY,NO DEFECTS,ON SCENE,NO INJURY / DRIVE AWAY,,,Y,$500 OR LESS,11/21/2019 11:47:00 AM,UNABLE TO DETERMINE,NOT APPLICABLE,826,W,GRAND AVE,1214.0,,,,,,,2,NO INDICATION OF INJURY,0.0,0.0,0.0,0.0,0.0,2.0,0.0,11,5,11,41.8912795719,-87.6487336238,POINT (-87.64873362379 41.8912795719)
97393e9a8d0b6b4f6be32842c0e40bc376b86f18c99788f313e71f25a977194559549b18c065644458b107049af95ac7f08140e11ecccca8310e84da86e3e92b,,01/10/2022 02:48:00 PM,30,NO CONTROLS,NO CONTROLS,CLEAR,DAYLIGHT,SIDESWIPE SAME DIRECTION,NOT DIVIDED,,STRAIGHT AND LEVEL,ICE,UNKNOWN,ON SCENE,INJURY AND / OR TOW DUE TO CRASH,,,,"OVER $1,500",01/10/2022 02:53:00 PM,IMPROPER OVERTAKING/PASSING,WEATHER,802,W,59TH ST,712.0,,,,,,,5,NONINCAPACITATING INJURY,1.0,0.0,0.0,1.0,0.0,2.0,0.0,14,2,1,41.7871328393,-87.6451231279,POINT (-87.645123127878 41.787132839328)