CRASH_RECORD_ID,CRASH_DATE_EST_I,CRASH_DATE,POSTED_SPEED_LIMIT,TRAFFIC_CONTROL_DEVICE,DEVICE_CONDITION,WEATHER_CONDITION,LIGHTING_CONDITION,FIRST_CRASH_TYPE,TRAFFICWAY_TYPE,LANE_CNT,ALIGNMENT,ROADWAY_SURFACE_COND,ROAD_DEFECT,REPORT_TYPE,CRASH_TYPE,INTERSECTION_RELATED_I,NOT_RIGHT_OF_WAY_I,HIT_AND_RUN_I,DAMAGE,DATE_POLICE_NOTIFIED,PRIM_CONTRIBUTORY_CAUSE,SEC_CONTRIBUTORY_CAUSE,STREET_NO,STREET_DIRECTION,STREET_NAME,BEAT_OF_OCCURRENCE,PHOTOS_TAKEN_I,STATEMENTS_TAKEN_I,DOORING_I,WORK_ZONE_I,WORK_ZONE_TYPE,WORKERS_PRESENT_I,NUM_UNITS,MOST_SEVERE_INJURY,INJURIES_TOTAL,INJURIES_FATAL,INJURIES_INCAPACITATING,INJURIES_NON_INCAPACITATING,INJURIES_REPORTED_NOT_EVIDENT,INJURIES_NO_INDICATION,INJURIES_UNKNOWN,CRASH_HOUR,CRASH_DAY_OF_WEEK,CRASH_MONTH,LATITUDE,LONGITUDE,LOCATION
b4cfe161760eb2622f8088a76c0fee15e3e484999b889cc844d53995ac290fb8d3eb64f337a4bab8040ea4008b953a48b3abc0280d612996b74a0d07eafcb350,,06/01/2023 12:00:00 PM,30,NO CONTROLS,NO CONTROLS,CLEAR,DAYLIGHT,PARKED MOTOR VEHICLE,ONE-WAY,,STRAIGHT AND LEVEL,DRY,NO DEFECTS,NOT ON SCENE (DESK REPORT),NO INJURY / DRIVE AWAY,,,,"$501 - $1,500",06/14/2023 10:30:00 AM,FOLLOWING TOO CLOSELY,NOT APPLICABLE,3201,N,OAKLEY AVE,1921.0,,,,,,,2,NO INDICATION OF INJURY,0.0,0.0,0.0,0.0,0.0,2.0,0.0,12,5,6,41.9395311825,-87.6854766009,POINT (-87.685476600858 41.939531182483)
1df55d584a6a7eb74f2844d216a4a69731fdef6aa4eff361ce7b4842c65b949359eb5bdcf32b0106867bf80f0ee5f5f604b91c02f5bff0ffbb350460991d98b1,,09/22/2021 01:30:00 PM,25,NO CONTROLS,NO CONTROLS,CLOUDY/OVERCAST,DAYLIGHT,SIDESWIPE SAME DIRECTION,NOT DIVIDED,,STRAIGHT ON GRADE,DRY,NO DEFECTS,NOT ON SCENE (DESK REPORT),NO INJURY / DRIVE AWAY,,,Y,"$501 - $1,500",09/22/2021 06:41:00 PM,IMPROPER LANE USAGE,IMPROPER LANE USAGE,1900,S,KILBOURN AVE,1012.0,,,,,,,2,NO INDICATION OF INJURY,0.0,0.0,0.0,0.0,0.0,2.0,0.0,13,4,9,41.8548039672,-87.7372021469,POINT (-87.737202146945 41.854803967183)
2071232598231db2c21a3554defa791513c834107c178c53538b741b99d3a02a935cac78a79e5d5fe5b4d757f9618b762bbcc490d4e7024b476abe34ce602e2f,,08/11/2019 08:21:00 PM,30,NO CONTROLS,NO CONTROLS,CLEAR,DAYLIGHT,SIDESWIPE SAME DIRECTION,NOT DIVIDED,,STRAIGHT AND LEVEL,DRY,NO DEFECTS,NOT ON SCENE (DESK REPORT),NO INJURY / DRIVE AWAY,,,Y,"$501 - $1,500",08/23/2019 07:52:00 PM,IMPROPER LANE USAGE,NOT APPLICABLE,50,E,CONGRESS PKWY,113.0,,,,,,,2,NO INDICATION OF INJURY,0.0,0.0,0.0,0.0,0.0,3.0,0.0,20,1,8,41.8758025993,-87.6257344123,POINT (-87.625734412266 41.875802599285)
5799537b69dd6d721b5c4ddc655aa7cc5ddb7c4df10aa1d1311c6e5b884e9a94353a2b99a918811e4cd32ded91afc506d472a1022d4855c508c4db496659a866,,09/17/2021 08:37:00 PM,30,PEDESTRIAN CROSSING SIGN,FUNCTIONING PROPERLY,CLEAR,"DARKNESS, LIGHTED ROAD",PEDESTRIAN,FOUR WAY,,STRAIGHT AND LEVEL,WET,NO DEFECTS,ON SCENE,INJURY AND / OR TOW DUE TO CRASH,Y,,Y,"OVER $1,500",09/17/2021 09:04:00 PM,FAILING TO YIELD RIGHT-OF-WAY,UNABLE TO DETERMINE,599,N,DEARBORN ST,1831.0,,,,,,,2,INCAPACITATING INJURY,1.0,0.0,1.0,0.0,0.0,1.0,0.0,20,6,9,41.8924112397,-87.6295278454,POINT (-87.62952784544 41.892411239717)
4e41750a6d025895451a01cb06357600c2972aa5eda7ea6320a73a054fdf2ad63fb35e7392c7d266d06048e399148aa8b1c99f9766462747673ad983df3bf338,,07/16/2019 03:00:00 PM,30,TRAFFIC SIGNAL,FUNCTIONING PROPERLY,CLEAR,DAYLIGHT,REAR END,DIVIDED - W/MEDIAN (NOT RAISED),,STRAIGHT AND LEVEL,DRY,NO DEFECTS,NOT ON SCENE (DESK REPORT),NO INJURY / DRIVE AWAY,,,,"OVER $1,500",07/16/2019 04:20:00 PM,FOLLOWING TOO CLOSELY,UNABLE TO DETERMINE,7100,S,WESTERN AVE,832.0,,,,,,,2,NO INDICATION OF INJURY,0.0,0.0,0.0,0.0,0.0,2.0,0.0,15,3,7,41.7646089122,-87.6833870533,POINT (-87.683387053281 41.764608912236)
8e39aebcc852cd7c655ddf444c3d1994b8931217d07ae3b7ad7df12e5a535327264c30d8770b6a9b9c3ffd4ff92ccbd574bce90865154c0b0734f9a0047c464c,,11/12/2019 03:00:00 PM,30,TRAFFIC SIGNAL,FUNCTIONING PROPERLY,CLEAR,DAYLIGHT,TURNING,NOT DIVIDED,,STRAIGHT AND LEVEL,DRY,NO DEFECTS,NOT ON SCENE (DESK REPORT),NO INJURY / DRIVE AWAY,,,,"OVER $1,500",11/12/2019 04:25:00 PM,UNABLE TO DETERMINE,NOT APPLICABLE,1600,N,WESTERN AVE,1434.0,,,,,,,2,NO INDICATION OF INJURY,0.0,0.0,0.0,0.0,0.0,2.0,0.0,15,3,11,41.9104090236,-87.6873702684,POINT (-87.687370268401 41.910409023629)
dd749613e51d1a661d6070f726b41273a71defdec7e816bf03567865592f86585654f28362996ea61c4368893de573ae407d8da640995ed18ac615ddb3242f29,,03/09/2021 12:40:00 PM,30,NO CONTROLS,NO CONTROLS,CLEAR,DAYLIGHT,PARKED MOTOR VEHICLE,ONE-WAY,,STRAIGHT AND LEVEL,DRY,NO DEFECTS,ON SCENE,INJURY AND / OR TOW DUE TO CRASH,Y,,Y,"OVER $1,500",03/09/2021 12:50:00 PM,UNABLE TO DETERMINE,NOT APPLICABLE,7945,S,STATE ST,623.0,,,,,,,2,NO INDICATION OF INJURY,0.0,0.0,0.0,0.0,0.0,1.0,0.0,12,3,3,41.7496058881,-87.6243568002,POINT (-87.624356800182 41.749605888109)
213983533f79474819dbfbee215f51c172f104d66b4b79ad2dac2084a1701d1d576e5bc041a6b7adcfa2277771001ea7c6e63432b6533e7683b48cf7b646acab,,04/06/2018 08:30:00 AM,30,NO CONTROLS,NO CONTROLS,CLEAR,DAYLIGHT,PARKED MOTOR VEHICLE,DIVIDED - W/MEDIAN (NOT RAISED),,STRAIGHT AND LEVEL,DRY,UNKNOWN,NOT ON SCENE (DESK REPORT),NO INJURY / DRIVE AWAY,,,,"OVER $1,500",04/06/2018 02:25:00 PM,UNABLE TO DETERMINE,UNABLE TO DETERMINE,2432,S,CANAL ST,914.0,,,,,,,2,NO INDICATION OF INJURY,0.0,0.0,0.0,0.0,0.0,1.0,0.0,8,6,4,41.8481243576,-87.6385545695,POINT (-87.638554569457 41.848124357577)
02af7156e2df7a7d5e7af8c46e7cf44384b600ca25c524d61913c3741673f82dbbefb9d8705e939b30d5601a9ae6d449a1efa9d72d04306eab4fff8e5a56e6c5,,11/03/2025 03:20:00 PM,30,TRAFFIC SIGNAL,FUNCTIONING PROPERLY,CLEAR,DAYLIGHT,REAR END,DIVIDED - W/MEDIAN (NOT RAISED),,STRAIGHT AND LEVEL,DRY,UNKNOWN,NOT ON SCENE (DESK REPORT),INJURY AND / OR TOW DUE TO CRASH,,,,"OVER $1,500",11/03/2025 03:20:00 PM,FOLLOWING TOO CLOSELY,NOT APPLICABLE,3705,W,NORTH AVE,2535.0,Y,Y,,,,,3,"REPORTED, NOT EVIDENT",1.0,0.0,0.0,0.0,1.0,3.0,0.0,15,2,11,41.9098512399,-87.7194526245,POINT (-87.719452624498 41.909851239928)
a1d370b42c991a0096492caa6aa79a645e0e064b91cab0d3db53596ae4dfb3f4273eb8500079f036b2ac02a7cb460dbec01240cb4991c17ee6af6a0f6461c086,,01/21/2022 03:30:00 PM,30,TRAFFIC SIGNAL,UNKNOWN,UNKNOWN,DAYLIGHT,SIDESWIPE SAME DIRECTION,DIVIDED - W/MEDIAN (NOT RAISED),,STRAIGHT AND LEVEL,UNKNOWN,UNKNOWN,NOT ON SCENE (DESK REPORT),NO INJURY / DRIVE AWAY,,,,"$501 - $1,500",01/24/2022 01:30:00 PM,UNABLE TO DETERMINE,UNABLE TO DETERMINE,4060,S,ASHLAND AVE,924.0,,,,,,,2,NO INDICATION OF INJURY,0.0,0.0,0.0,0.0,0.0,2.0,0.0,15,6,1,41.8194930469,-87.6653767183,POINT (-87.665376718291 41.819493046863)
ea31607e7427922dfed5fe99ce1440c7359a9a459dc51f62d63ebd6c6f67a716f9520947d1554f28965c1a0de1f63180e65071e40287e0096e97314b588c996e,,07/07/2022 06:50:00 AM,30,UNKNOWN,UNKNOWN,UNKNOWN,DAYLIGHT,PARKED MOTOR VEHICLE,UNKNOWN,,STRAIGHT AND LEVEL,UNKNOWN,UNKNOWN,NOT ON SCENE (DESK REPORT),NO INJURY / DRIVE AWAY,,,Y,"OVER $1,500",07/07/2022 02:00:00 PM,UNABLE TO DETERMINE,UNABLE TO DETERMINE,3300,N,KILBOURN AVE,1731.0,,,,,,,2,NO INDICATION OF INJURY,0.0,0.0,0.0,0.0,0.0,1.0,0.0,6,5,7,41.9408402098,-87.7397004383,POINT (-87.739700438276 41.940840209826)
c48379389eca925ea4baef84497767ef6949e961507e6f0a585843e8852e0ac1d32537d1636c210ad05717ffb6b48fb38fd6227993a00bea7206fc782c9427d5,,04/04/2017 09:30:00 AM,30,NO CONTROLS,NO CONTROLS,RAIN,DAYLIGHT,REAR END,DIVIDED - W/MEDIAN (NOT RAISED),2,STRAIGHT AND LEVEL,WET,NO DEFECTS,NOT ON SCENE (DESK REPORT),NO INJURY / DRIVE AWAY,,,,$500 OR LESS,04/04/2017 10:00:00 AM,FOLLOWING TOO CLOSELY,UNABLE TO DETERMINE,11400,S,MICHIGAN AVE,531.0,,,,,,,2,NO INDICATION OF INJURY,0.0,0.0,0.0,0.0,0.0,3.0,0.0,9,3,4,41.6870217865,-87.6210641945,POINT (-87.621064194454 41.687021786472)
1e46b9e4ef24d729681bc86bc3cf9a1ca4f4da7c4efaf9f9c8ce8b18c11f0df2694f880adacb350d69ed390c252e87b55fe447edaae5bc93974042d0227c750a,,04/12/2023 11:38:00 AM,30,TRAFFIC SIGNAL,FUNCTIONING PROPERLY,CLEAR,DAYLIGHT,TURNING,FOUR WAY,,STRAIGHT AND LEVEL,DRY,UNKNOWN,ON SCENE,INJURY AND / OR TOW DUE TO CRASH,Y,,,"OVER $1,500",04/12/2023 12:30:00 PM,UNABLE TO DETERMINE,NOT APPLICABLE,7034,N,SHERIDAN RD,2423.0,,,,,,,2,NO INDICATION OF INJURY,0.0,0.0,0.0,0.0,0.0,3.0,0.0,11,4,4,42.0101504019,-87.662553854,POINT (-87.662553854034 42.010150401891)
b43150481a35b6aeb716944af649b35dc1af9f258aeaec59976698e3d62abb0c4fb30be6768fdc74d3a78365a8cfc30a7e07915339aaf81f6a02e93714096a2e,,08/05/2024 06:10:00 PM,25,NO CONTROLS,NO CONTROLS,CLEAR,DAYLIGHT,REAR END,ONE-WAY,,STRAIGHT AND LEVEL,DRY,NO DEFECTS,NOT ON SCENE (DESK REPORT),NO INJURY / DRIVE AWAY,,,Y,"OVER $1,500",08/05/2024 06:35:00 PM,UNABLE TO DETERMINE,UNABLE TO DETERMINE,4800,W,POLK ST,1533.0,,,,,,,2,NO INDICATION OF INJURY,0.0,0.0,0.0,0.0,0.0,2.0,0.0,18,2,8,41.8703772761,-87.7450108343,POINT (-87.74501083435 41.870377276117)
a7c5f233570b25e1c200bf4bf3951e817e36ef16a42107c8f060d251d8eb3112e8ba31b3a601935adce4d0508a665d4b746fef22b38a0853a4666433e78685f6,,09/22/2016 03:25:00 PM,30,NO CONTROLS,NO CONTROLS,CLEAR,DAYLIGHT,PARKED MOTOR VEHICLE,NOT DIVIDED,,STRAIGHT AND LEVEL,DRY,NO DEFECTS,NOT ON SCENE (DESK REPORT),NO INJURY / DRIVE AWAY,,,Y,"$501 - $1,500",09/22/2016 03:46:00 PM,UNABLE TO DETERMINE,NOT APPLICABLE,2598,W,DIVERSEY AVE,1411.0,,,,,,,2,NO INDICATION OF INJURY,0.0,0.0,0.0,0.0,0.0,1.0,0.0,15,5,9,41.9322404942,-87.6927143483,POINT (-87.69271434833 41.932240494217)
bbc2426c988f55cee84bdb86cf62ca7559b61c0eb5aa30196e25fd888ed42de28753ca1d33f99417379b3c5fee40ae7b188a138a9d283bf50dcbd6aa7e287988,,04/09/2025 03:18:00 PM,20,TRAFFIC SIGNAL,FUNCTIONING PROPERLY,CLEAR,DAYLIGHT,SIDESWIPE SAME DIRECTION,NOT DIVIDED,,STRAIGHT AND LEVEL,DRY,NO DEFECTS,ON SCENE,NO INJURY / DRIVE AWAY,,,Y,"$501 - $1,500",04/09/2025 03:18:00 PM,IMPROPER LANE USAGE,IMPROPER LANE USAGE,9812,S,HALSTED ST,2223.0,,,,,,,2,NO INDICATION OF INJURY,0.0,0.0,0.0,0.0,0.0,2.0,0.0,15,4,4,41.7154780854,-87.6432001905,POINT (-87.64320019054 41.715478085416)
5fd68aaea72ecc8dc48f09f0fcb55b0a2e2287072753c1ddd7263b1e1b9d8333ca02aa723f95ec64a0c0a799031c407c585cde97afc7649a73446e9b82a59899,,08/23/2024 11:30:00 PM,30,TRAFFIC SIGNAL,UNKNOWN,CLEAR,"DARKNESS, LIGHTED ROAD",TURNING,FOUR WAY,,STRAIGHT AND LEVEL,DRY,NO DEFECTS,ON SCENE,INJURY AND / OR TOW DUE TO CRASH,Y,,,"OVER $1,500",08/23/2024 11:41:00 PM,FAILING TO YIELD RIGHT-OF-WAY,FAILING TO YIELD RIGHT-OF-WAY,6427,N,HARLEM AVE,1611.0,,,,,,,2,NO INDICATION OF INJURY,0.0,0.0,0.0,0.0,0.0,2.0,0.0,23,6,8,41.997730287,-87.806645117,POINT (-87.806645117018 41.997730287008)
8c54b90ad8e808a84efb6eb1e6174b5b90d846fd833f17c755a0e9d14ce894bad0ef0e1d3ba8169b7c5ee7b9b7d2eaa54a2da6448b9f943f7087c4bf7b8f1b4c,,03/09/2020 07:35:00 PM,20,STOP SIGN/FLASHER,NO CONTROLS,RAIN,DARKNESS,PEDESTRIAN,ONE-WAY,,STRAIGHT AND LEVEL,WET,NO DEFECTS,ON SCENE,INJURY AND / OR TOW DUE TO CRASH,,,,$500 OR LESS,03/09/2020 07:36:00 PM,UNABLE TO DETERMINE,NOT APPLICABLE,1630,N,LEAVITT ST,1434.0,,,,,,,2,NONINCAPACITATING INJURY,1.0,0.0,0.0,1.0,0.0,1.0,0.0,19,2,3,41.911284373,-87.6825153386,POINT (-87.682515338551 41.911284372952)
969c40fa5a1668349cf99f7b6d8bde95aae66de699f3376941fcd5995947aba27aee7a03f8439569bbcd3cad368e10ddd33108152486bde451ba4beb055a6f8b,,07/19/2020 07:40:00 AM,30,TRAFFIC SIGNAL,FUNCTIONING PROPERLY,RAIN,DAYLIGHT,REAR END,NOT DIVIDED,,STRAIGHT AND LEVEL,WET,UNKNOWN,ON SCENE,INJURY AND / OR TOW DUE TO CRASH,N,,,"OVER $1,500",07/19/2020 07:49:00 AM,UNABLE TO DETERMINE,UNABLE TO DETERMINE,2210,W,TOUHY AVE,2411.0,,,,,,,2,"REPORTED, NOT EVIDENT",3.0,0.0,0.0,0.0,3.0,0.0,0.0,7,1,7,42.0123532615,-87.6866569784,POINT (-87.686656978416 42.012353261475)
9b7c0d56d2d61bd160f360d39cb6146aea7a3682812d519a1360ee650d27ff521dc1f7fd4c46921ef605695fda7c3f250be3d82c4d4a459297ccf9cc528f5bad,,12/06/2024 12:15:00 PM,30,NO CONTROLS,NO CONTROLS,CLEAR,DAYLIGHT,SIDESWIPE SAME DIRECTION,ONE-WAY,,STRAIGHT AND LEVEL,DRY,NO DEFECTS,ON SCENE,NO INJURY / DRIVE AWAY,,,Y,"OVER $1,500",12/06/2024 12:20:00 PM,FAILING TO YIELD RIGHT-OF-WAY,IMPROPER LANE USAGE,1153,W,BRYN MAWR AVE,2023.0,,,,,,,2,NO INDICATION OF INJURY,0.0,0.0,0.0,0.0,0.0,2.0,0.0,12,6,12,41.9835140538,-87.6599625488,POINT (-87.659962548787 41.983514053772)
e79474940f1601398b637623433b43965d81fe5d15b6e746ebae27460411ec5520e6f9982ed35f7e7182fd337b7e11f8f541d1032a3b5b2215ac94f1110a207d,,08/20/2025 03:42:00 PM,25,STOP SIGN/FLASHER,FUNCTIONING PROPERLY,CLEAR,DAYLIGHT,OTHER OBJECT,ONE-WAY,,STRAIGHT AND LEVEL,DRY,NO DEFECTS,ON SCENE,NO INJURY / DRIVE AWAY,,,,$500 OR LESS,08/20/2025 03:45:00 PM,UNABLE TO DETERMINE,UNABLE TO DETERMINE,5256,N,WINTHROP AVE,2023.0,,,,,,,2,NO INDICATION OF INJURY,0.0,0.0,0.0,0.0,0.0,3.0,0.0,15,4,8,41.9780269968,-87.6580080429,POINT (-87.658008042942 41.978026996765)
cc8dae18ef2dde719ff748de4cc2e906543cf5b70db1e7a193fdf9efa53882dfbc19a3864215daf0a69cfe2790e7136a01901cfbc8425bf07ff2cc13bee27629,,10/02/2025 07:10:00 AM,35,OTHER,FUNCTIONING PROPERLY,CLEAR,DAYLIGHT,REAR TO FRONT,DIVIDED - W/MEDIAN BARRIER,,"CURVE, LEVEL",OTHER,NO DEFECTS,ON SCENE,NO INJURY / DRIVE AWAY,,,,"OVER $1,500",10/02/2025 07:11:00 AM,IMPROPER BACKING,DRIVING SKILLS/KNOWLEDGE/EXPERIENCE,8700,S,CHICAGO SKYWAY IB,412.0,,,,,,,3,NO INDICATION OF INJURY,0.0,0.0,0.0,0.0,0.0,3.0,0.0,7,5,10,41.7370358388,-87.5685869615,POINT (-87.568586961549 41.73703583882)
26e578b5236c0d875b8a7f3543cf1a7f28a047957672106d0527184c4053dbdc5b0a65c1e9bceac26740ec15211485669f06e9d5a8eda04b6a3c84c109ae2ae5,,11/05/2021 01:30:00 PM,30,TRAFFIC SIGNAL,FUNCTIONING PROPERLY,CLEAR,DAYLIGHT,TURNING,ONE-WAY,,STRAIGHT AND LEVEL,DRY,NO DEFECTS,NOT ON SCENE (DESK REPORT),NO INJURY / DRIVE AWAY,,,,"OVER $1,500",11/05/2021 03:00:00 PM,UNABLE TO DETERMINE,UNABLE TO DETERMINE,121,W,CERMAK RD,131.0,,,,,,,2,NO INDICATION OF INJURY,0.0,0.0,0.0,0.0,0.0,2.0,0.0,13,6,11,41.852765062,-87.6302808879,POINT (-87.630280887932 41.852765062015)
216d3bda2d41c015cb8f9029c0a1e22d0576211d02248ef484180e0ff46ef231bc28011d5c57027e6db4f19f6803a9f5051bb9967517058c747c743a182d5245,,05/08/2018 07:30:00 AM,30,TRAFFIC SIGNAL,FUNCTIONING PROPERLY,CLEAR,DAYLIGHT,TURNING,NOT DIVIDED,2,STRAIGHT AND LEVEL,DRY,NO DEFECTS,NOT ON SCENE (DESK REPORT),NO INJURY / DRIVE AWAY,,,,"OVER $1,500",05/08/2018 10:27:00 AM,FAILING TO YIELD RIGHT-OF-WAY,FOLLOWING TOO CLOSELY,300,E,CERMAK RD,132.0,,,,,,,2,NO INDICATION OF INJURY,0.0,0.0,0.0,0.0,0.0,2.0,0.0,7,3,5,41.8530194786,-87.620611214,POINT (-87.620611213991 41.853019478634)
7258dc3ba0792b050bcfd82ff6f6da9002de59fa7987ffc7a5ba3eba681f4dc23dc1f9ed34ddc85e85c6e438da5567deb230d84375828fc76497fdfa0a36cc4d,,10/26/2024 10:31:00 AM,30,NO CONTROLS,NO CONTROLS,CLEAR,DAYLIGHT,REAR TO SIDE,PARKING LOT,,STRAIGHT AND LEVEL,DRY,NO DEFECTS,ON SCENE,NO INJURY / DRIVE AWAY,,,,"OVER $1,500",10/26/2024 10:32:00 AM,FAILING TO YIELD RIGHT-OF-WAY,FAILING TO YIELD RIGHT-OF-WAY,13037,S,DANIEL DR,533.0,,,,,,,2,NO INDICATION OF INJURY,0.0,0.0,0.0,0.0,0.0,2.0,0.0,10,7,10,41.6579312533,-87.6159174009,POINT (-87.615917400946 41.657931253306)
cb390c64cc21cd9d70bc7ed7e4fb86481247dee8e498c4dad70e2d0fbfbdd6a4477b576b2df1710699c7c8047d072cbf15b7f84dddc3d4ac43866b5d08343ad8,,10/01/2022 02:22:00 AM,25,STOP SIGN/FLASHER,FUNCTIONING PROPERLY,CLEAR,"DARKNESS, LIGHTED ROAD",REAR END,DIVIDED - W/MEDIAN (NOT RAISED),,STRAIGHT AND LEVEL,DRY,NO DEFECTS,ON SCENE,NO INJURY / DRIVE AWAY,,,,"$501 - $1,500",10/01/2022 02:24:00 AM,DISREGARDING TRAFFIC SIGNALS,FOLLOWING TOO CLOSELY,2400,W,DIVISION ST,1423.0,,,,,,,2,NO INDICATION OF INJURY,0.0,0.0,0.0,0.0,0.0,2.0,0.0,2,7,10,41.9031248989,-87.6870709642,POINT (-87.68707096423 41.903124898943)
d738df5b5c14f9ab625a5d350ab5ca43ee317eedd28cfdd54a78e35a4c82b112eda771b6a6e041eced199c9071ed748506fa99707dafb00e145a5213fdd53760,N,06/16/2025 01:40:00 PM,30,NO CONTROLS,NO CONTROLS,CLEAR,DAYLIGHT,PARKED MOTOR VEHICLE,ONE-WAY,,STRAIGHT AND LEVEL,DRY,NO DEFECTS,ON SCENE,NO INJURY / DRIVE AWAY,,,Y,"OVER $1,500",06/16/2025 06:38:00 PM,NOT APPLICABLE,UNABLE TO DETERMINE,6651,S,MAPLEWOOD AVE,832.0,,,,,,,2,NO INDICATION OF INJURY,0.0,0.0,0.0,0.0,0.0,1.0,0.0,13,2,6,41.7722404034,-87.6869698215,POINT (-87.686969821509 41.772240403396)
c2b79bf0e210ad6a1bf1516c5805190f04a65f3d17fe5b7f80ea633396c16ec6c49369c1ad570e7c1fac20cb62724070cbae29578f15318647157aca3bdb92b7,,05/21/2018 07:20:00 AM,30,TRAFFIC SIGNAL,UNKNOWN,RAIN,DAYLIGHT,REAR END,NOT DIVIDED,,STRAIGHT AND LEVEL,WET,UNKNOWN,ON SCENE,NO INJURY / DRIVE AWAY,,,,$500 OR LESS,05/21/2018 08:00:00 AM,UNABLE TO DETERMINE,UNABLE TO DETERMINE,4129,S,CICERO AVE,815.0,,,,,,,2,NO INDICATION OF INJURY,0.0,0.0,0.0,0.0,0.0,2.0,0.0,7,2,5,41.8174342414,-87.7432791424,POINT (-87.743279142402 41.817434241355)
782376f7874e1dc2af1f2e73692a522cd4090ce702068a659d601636bf95e09fefedc30374f9804cb58d96457b92b9918f643d63881755845f751011107ac893,,05/03/2019 07:13:00 AM,30,TRAFFIC SIGNAL,FUNCTIONING PROPERLY,CLEAR,DAYLIGHT,ANGLE,NOT DIVIDED,,STRAIGHT AND LEVEL,DRY,NO DEFECTS,ON SCENE,INJURY AND / OR TOW DUE TO CRASH,Y,,,"OVER $1,500",05/03/2019 07:15:00 AM,DRIVING SKILLS/KNOWLEDGE/EXPERIENCE,FAILING TO REDUCE SPEED TO AVOID CRASH,11101,S,MICHIGAN AVE,531.0,,,,Y,CONSTRUCTION,Y,3,NONINCAPACITATING INJURY,6.0,0.0,0.0,4.0,2.0,1.0,0.0,7,6,5,41.6925615848,-87.6209008036,POINT (-87.620900803585 41.692561584763)
12c33831ac870e5b4f3ac8804b45f7d084b43d3fb2b7de7020df4d33c5ffe871d2afa49777485c1c0241855740ddef84ab59fbeb480154f4ad286b2fa1c59647,,09/13/2017 08:20:00 AM,30,STOP SIGN/FLASHER,FUNCTIONING PROPERLY,CLEAR,DAYLIGHT,TURNING,NOT DIVIDED,2,STRAIGHT AND LEVEL,WET,NO DEFECTS,ON SCENE,INJURY AND / OR TOW DUE TO CRASH,Y,,,"OVER $1,500",09/13/2017 08:37:00 AM,DISREGARDING STOP SIGN,NOT APPLICABLE,4100,N,RAVENSWOOD AVE,1912.0,,,,,,,2,NO INDICATION OF INJURY,0.0,0.0,0.0,0.0,0.0,2.0,0.0,8,4,9,41.9560895654,-87.6744138118,POINT (-87.674413811845 41.956089565419)
e2201ace9a4f5f615dd08e05ebcddce9c337f385770d0e50eec4c239473ef6e56c80299e6640fb79a0386c51b772b3271c59cf13ffc864926b8b73334c9da27b,,11/22/2021 01:00:00 PM,30,TRAFFIC SIGNAL,FUNCTIONING PROPERLY,CLEAR,DAYLIGHT,ANGLE,FOUR WAY,,STRAIGHT AND LEVEL,DRY,NO DEFECTS,NOT ON SCENE (DESK REPORT),NO INJURY / DRIVE AWAY,Y,,,"OVER $1,500",11/23/2021 07:30:00 AM,DISREGARDING TRAFFIC SIGNALS,UNABLE TO DETERMINE,2400,W,VAN BUREN ST,1125.0,,,,,,,2,NO INDICATION OF INJURY,0.0,0.0,0.0,0.0,0.0,2.0,0.0,13,2,11,41.8761919752,-87.6863378519,POINT (-87.686337851936 41.876191975186)
558bb3f0c4f21c0ecbce74ca82b33c988730ff2f6d8b49b13016982192b010fa79370265567542d6acbfae38d9827dcdd6bddfe764a7cffd004e4e3550bc2e9e,,03/13/2022 03:56:00 PM,20,STOP SIGN/FLASHER,FUNCTIONING PROPERLY,CLEAR,DAYLIGHT,TURNING,ONE-WAY,,STRAIGHT AND LEVEL,DRY,NO DEFECTS,,NO INJURY / DRIVE AWAY,,,Y,"OVER $1,500",03/13/2022 03:56:00 PM,DRIVING ON WRONG SIDE/WRONG WAY,"OPERATING VEHICLE IN ERRATIC, RECKLESS, CARELESS, NEGLIGENT OR AGGRESSIVE MANNER",5159,W,CULLOM AVE,1624.0,,,,,,,2,NO INDICATION OF INJURY,0.0,0.0,0.0,0.0,0.0,2.0,0.0,15,1,3,41.958667712,-87.7572010152,POINT (-87.757201015157 41.958667712007)
6e1234144f4b279d0515e91ac76c30ee7f634759f90b30dd2226d54773c4b264d47be69ce0f44035196ba2560891cb2c0b9d2f2c2ef3912134d300044adb99fd,,02/07/2024 04:18:00 PM,30,STOP SIGN/FLASHER,FUNCTIONING PROPERLY,CLEAR,DAYLIGHT,ANGLE,T-INTERSECTION,,STRAIGHT AND LEVEL,DRY,NO DEFECTS,ON SCENE,NO INJURY / DRIVE AWAY,Y,,,"OVER $1,500",02/07/2024 04:22:00 PM,FAILING TO YIELD RIGHT-OF-WAY,NOT APPLICABLE,3700,S,MICHIGAN AVE,213.0,,,,,,,2,NO INDICATION OF INJURY,0.0,0.0,0.0,0.0,0.0,2.0,0.0,16,4,2,41.8273701902,-87.6233126619,POINT (-87.623312661896 41.827370190184)
1303ca5f0cf4c12df35373d36d3b3d6c89bfe46ab6269ff83c9eac608dfc3a2431333d8b8a4f4e7be3ddda69d9ac86f46913f6dd19e0b2c38bcb47bccfc66ce8,,04/09/2023 04:15:00 AM,30,NO CONTROLS,NO CONTROLS,CLEAR,"DARKNESS, LIGHTED ROAD",TURNING,NOT DIVIDED,,STRAIGHT AND LEVEL,DRY,NO DEFECTS,ON SCENE,NO INJURY / DRIVE AWAY,,,,"OVER $1,500",04/09/2023 04:25:00 AM,NOT APPLICABLE,NOT APPLICABLE,6900,S,CALIFORNIA AVE,831.0,,,,,,,2,NO INDICATION OF INJURY,0.0,0.0,0.0,0.0,0.0,3.0,0.0,4,1,4,41.768084201,-87.6932646416,POINT (-87.693264641648 41.768084200953)