CRASH_RECORD_ID,CRASH_DATE_EST_I,CRASH_DATE,POSTED_SPEED_LIMIT,TRAFFIC_CONTROL_DEVICE,DEVICE_CONDITION,WEATHER_CONDITION,LIGHTING_CONDITION,FIRST_CRASH_TYPE,TRAFFICWAY_TYPE,LANE_CNT,ALIGNMENT,ROADWAY_SURFACE_COND,ROAD_DEFECT,REPORT_TYPE,CRASH_TYPE,INTERSECTION_RELATED_I,NOT_RIGHT_OF_WAY_I,HIT_AND_RUN_I,DAMAGE,DATE_POLICE_NOTIFIED,PRIM_CONTRIBUTORY_CAUSE,SEC_CONTRIBUTORY_CAUSE,STREET_NO,STREET_DIRECTION,STREET_NAME,BEAT_OF_OCCURRENCE,PHOTOS_TAKEN_I,STATEMENTS_TAKEN_I,DOORING_I,WORK_ZONE_I,WORK_ZONE_TYPE,WORKERS_PRESENT_I,NUM_UNITS,MOST_SEVERE_INJURY,INJURIES_TOTAL,INJURIES_FATAL,INJURIES_INCAPACITATING,INJURIES_NON_INCAPACITATING,INJURIES_REPORTED_NOT_EVIDENT,INJURIES_NO_INDICATION,INJURIES_UNKNOWN,CRASH_HOUR,CRASH_DAY_OF_WEEK,CRASH_MONTH,LATITUDE,LONGITUDE,LOCATION
e289fb4d11fb726f4346ab7f501d8f298dbbd0227c191e92b1c64cb354e231c3950ed5130b0d98ea91034891e07e12f1e4c9754d4ca34898ec6185b7b12d1eec,,10/23/2016 12:30:00 AM,30,TRAFFIC SIGNAL,FUNCTIONING PROPERLY,CLEAR,"DARKNESS, LIGHTED ROAD",REAR END,NOT DIVIDED,2,STRAIGHT AND LEVEL,DRY,UNKNOWN,NOT ON SCENE (DESK REPORT),INJURY AND / OR TOW DUE TO CRASH,,,,"OVER $1,500",10/23/2016 02:00:00 AM,FOLLOWING TOO CLOSELY,NOT APPLICABLE,2820,N,LINCOLN AVE,1932.0,,,,,,,4,NONINCAPACITATING INJURY,3.0,0.0,0.0,1.0,2.0,4.0,0.0,0,1,10,41.9329777816,-87.6595099724,POINT (-87.659509972376 41.932977781598)
f39f23b74692cab583b16783dbca6b6e69bdc94a3251de5fa0231ec9494935a2798177ba6f048f034fa8503234779bf04fbf3964c63e363a8a0addadcb814d98,,09/01/2022 06:30:00 PM,30,NO CONTROLS,NO CONTROLS,CLEAR,DAYLIGHT,TURNING,DIVIDED - W/MEDIAN (NOT RAISED),,STRAIGHT AND LEVEL,DRY,NO DEFECTS,NOT ON SCENE (DESK REPORT),NO INJURY / DRIVE AWAY,,,,"OVER $1,500",09/01/2022 07:15:00 PM,UNABLE TO DETERMINE,UNABLE TO DETERMINE,405,N,AUSTIN BLVD,1512.0,,,,,,,2,NO INDICATION OF INJURY,0.0,0.0,0.0,0.0,0.0,2.0,0.0,18,5,9,41.8872581668,-87.7747394334,POINT (-87.774739433373 41.887258166759)
72f332b0c67ee85f03ec537069cd001358d4cc008d758bc31c21db77613f9b8d16221e2d7f193a78b5cccdf2100faf6dc39e5c4ca1f892a71fdce1d1ced45adb,,12/19/2020 08:37:00 AM,30,TRAFFIC SIGNAL,FUNCTIONING PROPERLY,CLEAR,DAYLIGHT,SIDESWIPE SAME DIRECTION,DIVIDED - W/MEDIAN (NOT RAISED),,STRAIGHT AND LEVEL,DRY,NO DEFECTS,ON SCENE,NO INJURY / DRIVE AWAY,,,,$500 OR LESS,12/19/2020 08:40:00 AM,IMPROPER LANE USAGE,NOT APPLICABLE,5620,W,FOSTER AVE,1622.0,,,,,,,2,NO INDICATION OF INJURY,0.0,0.0,0.0,0.0,0.0,2.0,0.0,8,7,12,41.9757914197,-87.7692768929,POINT (-87.769276892934 41.975791419681)
d2357120972414096575c70b8ccf7b9312aa1ba331580bc0f46a8a57bbb8b94c4544e7d96bde3aed1d7d6298c7c2abac8f681b8af961fce5969329f6173769ca,,08/02/2020 12:15:00 PM,30,NO CONTROLS,NO CONTROLS,CLEAR,DAYLIGHT,PARKED MOTOR VEHICLE,PARKING LOT,,STRAIGHT AND LEVEL,DRY,UNKNOWN,NOT ON SCENE (DESK REPORT),NO INJURY / DRIVE AWAY,,,,"OVER $1,500",08/02/2020 04:55:00 PM,IMPROPER BACKING,NOT APPLICABLE,3048,W,26TH ST,1033.0,,,,,,,2,NO INDICATION OF INJURY,0.0,0.0,0.0,0.0,0.0,2.0,0.0,12,1,8,41.8446873274,-87.702102936,POINT (-87.702102936024 41.844687327363)
a8c26d3fb280b0f1bfbdd38532a13f8301623c4d9e069c3411c92dd5977a438798df6517fbf95b432ffd74a50175a8de53906d74908849f5fd205bb16f2240d2,,07/23/2025 02:50:00 PM,30,UNKNOWN,UNKNOWN,CLEAR,DAYLIGHT,SIDESWIPE SAME DIRECTION,NOT DIVIDED,,STRAIGHT AND LEVEL,UNKNOWN,UNKNOWN,NOT ON SCENE (DESK REPORT),NO INJURY / DRIVE AWAY,,,,"OVER $1,500",07/23/2025 04:30:00 PM,UNABLE TO DETERMINE,UNABLE TO DETERMINE,190,E,WALTON PL,1833.0,,,,,,,2,NO INDICATION OF INJURY,0.0,0.0,0.0,0.0,0.0,2.0,0.0,14,4,7,41.9001488395,-87.6222172814,POINT (-87.622217281358 41.90014883953)
2d41d05cc451919e5fe9123b741ae0989a3afde3f6e7617030054109571a9d3930d36e0d034447e64c76179334e63137d1bc172407bac137ac9357e8de412c80,,08/25/2017 02:00:00 PM,30,TRAFFIC SIGNAL,FUNCTIONING PROPERLY,CLEAR,DAYLIGHT,REAR END,NOT DIVIDED,,STRAIGHT AND LEVEL,DRY,NO DEFECTS,ON SCENE,NO INJURY / DRIVE AWAY,Y,,,"OVER $1,500",08/25/2017 02:22:00 PM,FOLLOWING TOO CLOSELY,FOLLOWING TOO CLOSELY,1000,E,111TH ST,513.0,,,,,,,2,NO INDICATION OF INJURY,0.0,0.0,0.0,0.0,0.0,2.0,0.0,14,6,8,41.6926275636,-87.5987625633,POINT (-87.598762563332 41.692627563603)
c27740cff4e1ac60bd0d9d822ee60fdd67c0830ae91881891bd0175f3e2f828d9f20200b0fcdf1750e76e6ce772d31b485fe1ce3af5746910e44179f6207e215,,11/04/2018 01:00:00 PM,30,TRAFFIC SIGNAL,FUNCTIONING PROPERLY,RAIN,DAYLIGHT,REAR END,DIVIDED - W/MEDIAN (NOT RAISED),2,STRAIGHT AND LEVEL,WET,NO DEFECTS,NOT ON SCENE (DESK REPORT),NO INJURY / DRIVE AWAY,,,,"$501 - $1,500",11/04/2018 01:20:00 PM,DRIVING SKILLS/KNOWLEDGE/EXPERIENCE,NOT APPLICABLE,500,N,DAMEN AVE,1221.0,,,,,,,2,NO INDICATION OF INJURY,0.0,0.0,0.0,0.0,0.0,2.0,0.0,13,1,11,41.8908572143,-87.6770568685,POINT (-87.677056868483 41.890857214287)
a00187ec82ef4de6e17a1c3c0f9283c7c347b6b99611ef882b3d9e1d0404c3734b70e6b7892b7a74a643cb08bea2b736fd6209762aaff24b3e2a4f3a61f2663c,,07/22/2022 10:35:00 AM,30,NO CONTROLS,NO CONTROLS,CLEAR,DAYLIGHT,TURNING,NOT DIVIDED,,STRAIGHT AND LEVEL,DRY,NO DEFECTS,NOT ON SCENE (DESK REPORT),NO INJURY / DRIVE AWAY,,,Y,"$501 - $1,500",07/22/2022 11:00:00 AM,UNABLE TO DETERMINE,UNABLE TO DETERMINE,7800,S,ASHLAND AVE,611.0,,,,,,,2,NO INDICATION OF INJURY,0.0,0.0,0.0,0.0,0.0,2.0,0.0,10,6,7,41.7520811971,-87.6636244369,POINT (-87.663624436866 41.752081197063)
3c813c7b00ec2da22ec66516bcba27e058583aa69b87029726af1d53c0e6bab298f604740839c8bbc066788cf7f440cb9ae0e3a31c7aab1ecbcb1727c4320cbb,,08/20/2020 05:03:00 PM,30,NO CONTROLS,NO CONTROLS,CLEAR,DAYLIGHT,PARKED MOTOR VEHICLE,DIVIDED - W/MEDIAN (NOT RAISED),,STRAIGHT AND LEVEL,DRY,NO DEFECTS,NOT ON SCENE (DESK REPORT),NO INJURY / DRIVE AWAY,,,Y,"$501 - $1,500",08/20/2020 05:16:00 PM,UNABLE TO DETERMINE,UNABLE TO DETERMINE,7620,S,MORGAN ST,612.0,,,,,,,2,NO INDICATION OF INJURY,0.0,0.0,0.0,0.0,0.0,1.0,0.0,17,5,8,41.7553724586,-87.6491632666,POINT (-87.649163266553 41.755372458607)
030f200bdca0362f42e220f55b5dae993669e2f16e9d898daf43292eada4f78bdeaa9ca17f6e98e1ec9b35633a0a04194435da35ad2f886117e840cfee51115b,,07/17/2020 02:30:00 PM,15,NO CONTROLS,NO CONTROLS,CLEAR,DAYLIGHT,REAR END,OTHER,,STRAIGHT AND LEVEL,DRY,NO DEFECTS,NOT ON SCENE (DESK REPORT),NO INJURY / DRIVE AWAY,,Y,,"$501 - $1,500",07/18/2020 10:00:00 AM,UNABLE TO DETERMINE,UNABLE TO DETERMINE,3355,S,DR MARTIN LUTHER KING JR DR,211.0,,,,,,,2,NO INDICATION OF INJURY,0.0,0.0,0.0,0.0,0.0,2.0,0.0,14,6,7,41.833293769,-87.6168573403,POINT (-87.616857340318 41.833293768957)
b079bb2ebf01f92945ecec5851a0d3e797c07917326a85277a6e437bf998ced95caa12bacbf8a3eaf4b571623bd446890bbe83ec994bb26087451badf3eaab0b,,05/16/2025 01:29:00 PM,30,NO CONTROLS,FUNCTIONING PROPERLY,CLEAR,DAYLIGHT,SIDESWIPE SAME DIRECTION,NOT DIVIDED,,STRAIGHT AND LEVEL,DRY,NO DEFECTS,NOT ON SCENE (DESK REPORT),NO INJURY / DRIVE AWAY,,,,"OVER $1,500",05/16/2025 02:55:00 PM,NOT APPLICABLE,NOT APPLICABLE,4021,S,WESTERN BLVD,924.0,,,,,,,2,NO INDICATION OF INJURY,0.0,0.0,0.0,0.0,0.0,3.0,0.0,13,6,5,41.8204540888,-87.6840427516,POINT (-87.684042751615 41.820454088824)
bb58b04af4a1ef61e970ae6640f435a3ce88eb010ffcb24e6c351ef3303a247d30d7d4fae687baac6e57b39820d89ba5628d237f728b9c31180e09d1e1a2d5f6,Y,12/29/2018 06:45:00 PM,30,TRAFFIC SIGNAL,UNKNOWN,SNOW,"DARKNESS, LIGHTED ROAD",REAR END,NOT DIVIDED,,STRAIGHT AND LEVEL,SNOW OR SLUSH,UNKNOWN,NOT ON SCENE (DESK REPORT),NO INJURY / DRIVE AWAY,,,,"$501 - $1,500",12/29/2018 11:10:00 PM,WEATHER,DRIVING SKILLS/KNOWLEDGE/EXPERIENCE,1037,N,LARAMIE AVE,1531.0,,,,,,,2,NO INDICATION OF INJURY,0.0,0.0,0.0,0.0,0.0,2.0,0.0,18,7,12,41.8997011213,-87.7555690228,POINT (-87.755569022819 41.899701121278)
fc7051f0860ee530b21981092f758d14586bba8ebf2efd0374921f5a14e5622db4ad990510ebea9489cdfe8fb8fa4277d5175b1012bb8ebfe52b53f532b0337a,,08/09/2022 10:29:00 AM,30,NO CONTROLS,FUNCTIONING PROPERLY,CLEAR,DAYLIGHT,REAR END,NOT DIVIDED,,STRAIGHT AND LEVEL,DRY,NO DEFECTS,NOT ON SCENE (DESK REPORT),NO INJURY / DRIVE AWAY,,,Y,"OVER $1,500",08/09/2022 11:30:00 AM,FOLLOWING TOO CLOSELY,NOT APPLICABLE,4835,W,GRAND AVE,2533.0,,,,,,,2,NO INDICATION OF INJURY,0.0,0.0,0.0,0.0,0.0,2.0,0.0,10,3,8,41.9142300527,-87.7474166436,POINT (-87.747416643561 41.914230052699)
64353a1baf12fecaab21f8a22fae6a35f3535f742ae1f4ba04f3c80d954470b541e77c3ebd7ed3fc75e5f491cdc67acecc76fbfc2f51b9e8c77a274bee33d6e9,,06/10/2019 09:50:00 AM,30,TRAFFIC SIGNAL,FUNCTIONING PROPERLY,CLEAR,DAYLIGHT,SIDESWIPE SAME DIRECTION,NOT DIVIDED,,STRAIGHT AND LEVEL,DRY,NO DEFECTS,ON SCENE,NO INJURY / DRIVE AWAY,Y,,,"OVER $1,500",06/10/2019 09:54:00 AM,IMPROPER OVERTAKING/PASSING,NOT APPLICABLE,651,N,FAIRBANKS CT,1834.0,,,,,,,2,NO INDICATION OF INJURY,0.0,0.0,0.0,0.0,0.0,2.0,0.0,9,2,6,41.8941642825,-87.6201447292,POINT (-87.620144729206 41.89416428252)
a31aeeb3906e00912ec73e72fda7cc7a7a5dd24ec21d9639b302629d3570c578a0bee54e067e717da9d22fb816f672190a3d7c43b630d4432f9acef70f9ff128,Y,01/19/2021 10:28:00 AM,30,STOP SIGN/FLASHER,NO CONTROLS,CLEAR,DAYLIGHT,REAR TO FRONT,ONE-WAY,,STRAIGHT AND LEVEL,DRY,NO DEFECTS,ON SCENE,INJURY AND / OR TOW DUE TO CRASH,,,Y,"OVER $1,500",01/19/2021 10:46:00 AM,IMPROPER BACKING,"OPERATING VEHICLE IN ERRATIC, RECKLESS, CARELESS, NEGLIGENT OR AGGRESSIVE MANNER",2803,S,ST LOUIS AVE,1032.0,,,,,,,3,NO INDICATION OF INJURY,0.0,0.0,0.0,0.0,0.0,7.0,0.0,10,3,1,41.840612881,-87.7121022024,POINT (-87.712102202398 41.840612881022)
b70fc84bcf48223315532601fff8c3a9552eb6f9f30a4fbae06cbd63bbc999734cfc9404cfb088a664ca7acfef31136b675451dcc5e5d6b9270be7a9c65a8562,,06/09/2021 10:00:00 PM,30,NO CONTROLS,NO CONTROLS,CLEAR,DARKNESS,PARKED MOTOR VEHICLE,ONE-WAY,,STRAIGHT AND LEVEL,DRY,NO DEFECTS,NOT ON SCENE (DESK REPORT),NO INJURY / DRIVE AWAY,,,Y,"OVER $1,500",06/10/2021 11:15:00 AM,UNABLE TO DETERMINE,NOT APPLICABLE,5599,W,HADDON AVE,1524.0,,,,,,,2,NO INDICATION OF INJURY,0.0,0.0,0.0,0.0,0.0,1.0,0.0,22,4,6,41.9011243247,-87.7655275998,POINT (-87.76552759983 41.901124324656)
a7254b810bb620b87da9b0ea72dd25fe85126a25dda2d5c2a3ce6e33f87c7e83a2188096ea558475995be3206a09b5008704cf5dc6a7474b22a9c187e143ead6,,07/26/2022 05:01:00 PM,55,NO CONTROLS,NO CONTROLS,CLEAR,DAYLIGHT,SIDESWIPE SAME DIRECTION,DIVIDED - W/MEDIAN (NOT RAISED),,STRAIGHT AND LEVEL,DRY,NO DEFECTS,ON SCENE,NO INJURY / DRIVE AWAY,N,,,"$501 - $1,500",07/26/2022 05:10:00 PM,FAILING TO YIELD RIGHT-OF-WAY,NOT APPLICABLE,10000,W,OHARE ST,1651.0,,,,,,,2,NO INDICATION OF INJURY,0.0,0.0,0.0,0.0,0.0,2.0,0.0,17,3,7,41.976201139,-87.9053091251,POINT (-87.905309125103 41.976201139024)
084857b0b074ce14c6b7cef3557a285273c73fb22a9700767a358f1f213875c11aaaa2b1b221c73c8568387e056055b39eebd3efdc5329502b5557c759ea75c6,Y,10/07/2020 06:05:00 PM,30,NO CONTROLS,NO CONTROLS,CLEAR,DAWN,PEDALCYCLIST,NOT DIVIDED,,STRAIGHT AND LEVEL,DRY,NO DEFECTS,ON SCENE,INJURY AND / OR TOW DUE TO CRASH,,,Y,$500 OR LESS,10/07/2020 06:26:00 PM,UNABLE TO DETERMINE,NOT APPLICABLE,3799,W,FULLERTON AVE,2525.0,,,,,,,2,NONINCAPACITATING INJURY,1.0,0.0,0.0,1.0,0.0,1.0,0.0,18,4,10,41.9244334482,-87.7218177041,POINT (-87.721817704082 41.924433448175)
ed2f7a25b630c96ef77f02f2c02745abf99e2b2a52f17a4ab0201d1eb5f9af6cf0f2c1f9dd2b42415884dcfef194326a4021115deaca6409898f4482844dd6f2,Y,03/22/2025 01:37:00 PM,30,NO CONTROLS,NOT FUNCTIONING,CLEAR,DAYLIGHT,TURNING,FOUR WAY,,STRAIGHT AND LEVEL,DRY,NO DEFECTS,ON SCENE,NO INJURY / DRIVE AWAY,,,,"$501 - $1,500",03/22/2025 01:37:00 PM,IMPROPER TURNING/NO SIGNAL,IMPROPER LANE USAGE,1200,S,COLUMBUS DR,132.0,,,,,,,2,NO INDICATION OF INJURY,0.0,0.0,0.0,0.0,0.0,3.0,0.0,13,7,3,41.8673879139,-87.6204910341,POINT (-87.620491034097 41.867387913926)
1862580c8512fe9c4ca0605d4fb8b620f072e042cb2a2c8ebf62d5796b8a2dd48d31b21a0d79a9dc95d79c48b2d29a5793363622f9614beb0218228d836525b7,,09/24/2022 05:25:00 AM,35,TRAFFIC SIGNAL,FUNCTIONING PROPERLY,CLEAR,"DARKNESS, LIGHTED ROAD",REAR END,DIVIDED - W/MEDIAN (NOT RAISED),,STRAIGHT AND LEVEL,DRY,NO DEFECTS,ON SCENE,NO INJURY / DRIVE AWAY,,,Y,"OVER $1,500",09/24/2022 05:25:00 AM,NOT APPLICABLE,NOT APPLICABLE,2901,S,ARCHER AVE,913.0,,Y,,,,,3,NO INDICATION OF INJURY,0.0,0.0,0.0,0.0,0.0,5.0,0.0,5,7,9,41.841668177,-87.6576415167,POINT (-87.657641516692 41.841668176974)
57adcbad0f811b095338dea9ddd5c9e4fb793852fa698f075c9bdc4b98614334843894c74a717851786d00f03ff590179bb860fe88340f9582ff5c13307109f3,,01/23/2023 06:00:00 PM,30,NO CONTROLS,NO CONTROLS,CLEAR,"DARKNESS, LIGHTED ROAD",REAR END,DIVIDED - W/MEDIAN (NOT RAISED),,STRAIGHT AND LEVEL,DRY,NO DEFECTS,NOT ON SCENE (DESK REPORT),NO INJURY / DRIVE AWAY,,,,"OVER $1,500",01/23/2023 06:25:00 PM,FOLLOWING TOO CLOSELY,NOT APPLICABLE,6346,N,CLARK ST,2433.0,,,,,,,2,NO INDICATION OF INJURY,0.0,0.0,0.0,0.0,0.0,2.0,0.0,18,2,1,41.9975852619,-87.6706121554,POINT (-87.670612155364 41.997585261926)
b8de69ee339a067b2ce4a3febea1c98b5beec6e9ff0f8fa78971eb9dc8b8511772b682452e1742155a11859488f2240b79f6cbb0767d8264cd8eaf13c642f49c,,06/30/2024 02:00:00 PM,25,STOP SIGN/FLASHER,UNKNOWN,CLEAR,DAYLIGHT,ANGLE,FOUR WAY,,STRAIGHT AND LEVEL,DRY,UNKNOWN,ON SCENE,INJURY AND / OR TOW DUE TO CRASH,Y,,,"OVER $1,500",06/30/2024 02:08:00 PM,FAILING TO YIELD RIGHT-OF-WAY,NOT APPLICABLE,1900,W,CONGRESS PKWY,1225.0,,,,,,,2,NO INDICATION OF INJURY,0.0,0.0,0.0,0.0,0.0,3.0,0.0,14,1,6,41.8751657928,-87.674177083,POINT (-87.674177082984 41.875165792803)
b8cbe3afcb6d62acb0793c8847729bc09625fe0d28d529a83471641fc124d9a3631c79d00fff049e2aa4b772356e9b43187471dd647b16f4ed9c1a517ec2de3a,,10/19/2019 01:26:00 PM,30,TRAFFIC SIGNAL,FUNCTIONING PROPERLY,CLEAR,DAYLIGHT,TURNING,CENTER TURN LANE,,STRAIGHT AND LEVEL,DRY,NO DEFECTS,NOT ON SCENE (DESK REPORT),NO INJURY / DRIVE AWAY,Y,,,$500 OR LESS,10/19/2019 03:00:00 PM,IMPROPER TURNING/NO SIGNAL,IMPROPER LANE USAGE,2,N,WESTERN AVE,1222.0,,,,,,,2,NO INDICATION OF INJURY,0.0,0.0,0.0,0.0,0.0,2.0,0.0,13,7,10,41.8812049976,-87.6865794674,POINT (-87.686579467406 41.881204997639)
47873ad2fea210d4fdbe0a0e5c67e0e4bf3ec50815e05d2cce938f4be724bf56ca1b889679f23c1cecc3711e8fb5e84e753b4ab3047a9767daeaf667fb50b5db,,08/02/2017 05:40:00 PM,30,TRAFFIC SIGNAL,FUNCTIONING PROPERLY,CLEAR,DAYLIGHT,SIDESWIPE SAME DIRECTION,ONE-WAY,6,STRAIGHT AND LEVEL,DRY,NO DEFECTS,NOT ON SCENE (DESK REPORT),NO INJURY / DRIVE AWAY,N,,,"$501 - $1,500",08/02/2017 06:00:00 PM,IMPROPER LANE USAGE,NOT APPLICABLE,501,N,ORLEANS ST,1831.0,,,,,,,2,NO INDICATION OF INJURY,0.0,0.0,0.0,0.0,0.0,2.0,0.0,17,4,8,41.8907872058,-87.6368640171,POINT (-87.636864017122 41.890787205765)
81e42b2767c8674e29d405f68e22fa2ac5f7de518c536c21c5fa1d2d2f5ee8a4af66ec17fdfcf592c8a4f03198900f4defd98e83d352c007011124e3c57bdc42,,05/17/2021 06:57:00 AM,30,NO CONTROLS,NO CONTROLS,CLEAR,DAYLIGHT,REAR END,NOT DIVIDED,,STRAIGHT AND LEVEL,DRY,NO DEFECTS,NOT ON SCENE (DESK REPORT),NO INJURY / DRIVE AWAY,,,,"OVER $1,500",05/17/2021 07:28:00 AM,FOLLOWING TOO CLOSELY,FOLLOWING TOO CLOSELY,5020,S,WESTERN AVE,923.0,,,,,,,2,NO INDICATION OF INJURY,0.0,0.0,0.0,0.0,0.0,2.0,0.0,6,2,5,41.8022647612,-87.6844024945,POINT (-87.684402494495 41.802264761237)
65804e8cc32c6dc666b3563903c05e493b664fe4330585391701c3efe88cd84a564683e05630abc735543d75250e7836581f6d35eb09b9bd1b19ae343fa7d4d1,,08/28/2018 03:45:00 PM,30,NO CONTROLS,NO CONTROLS,CLEAR,DAYLIGHT,REAR END,DIVIDED - W/MEDIAN BARRIER,2,STRAIGHT AND LEVEL,DRY,NO DEFECTS,NOT ON SCENE (DESK REPORT),NO INJURY / DRIVE AWAY,,,,"$501 - $1,500",08/28/2018 04:50:00 PM,UNABLE TO DETERMINE,NOT APPLICABLE,6332,S,STATE ST,312.0,,,,,,,2,NO INDICATION OF INJURY,0.0,0.0,0.0,0.0,0.0,2.0,0.0,15,3,8,41.7791296227,-87.6255070375,POINT (-87.625507037499 41.779129622692)
6d625f7591f1a28888ae1f99044f1ab1b106cc0e128bd615cfa21e2e0fb496f732a0355428ff8d50d807a5c06b12eee409cb9d35e470c03cb5e5ac65e58711fd,,12/28/2020 05:41:00 PM,30,UNKNOWN,UNKNOWN,UNKNOWN,"DARKNESS, LIGHTED ROAD",REAR END,NOT DIVIDED,,STRAIGHT AND LEVEL,UNKNOWN,UNKNOWN,NOT ON SCENE (DESK REPORT),NO INJURY / DRIVE AWAY,,,Y,"OVER $1,500",12/28/2020 06:15:00 PM,FOLLOWING TOO CLOSELY,NOT APPLICABLE,3858,S,COTTAGE GROVE AVE,212.0,,,,,,,2,NO INDICATION OF INJURY,0.0,0.0,0.0,0.0,0.0,3.0,0.0,17,2,12,41.8244558085,-87.6073169807,POINT (-87.607316980718 41.824455808502)
5a432ffe133605a0d6033314b746840ddafe076797fed42d61cd88fc2f68450343e6cd23a52f9ab610ef92b67714622da9321a5bfbf6196be0671325b647b19a,,12/17/2020 08:20:00 PM,30,STOP SIGN/FLASHER,FUNCTIONING PROPERLY,CLEAR,"DARKNESS, LIGHTED ROAD",REAR END,NOT DIVIDED,,STRAIGHT AND LEVEL,DRY,NO DEFECTS,ON SCENE,NO INJURY / DRIVE AWAY,Y,,,$500 OR LESS,12/17/2020 08:27:00 PM,FAILING TO REDUCE SPEED TO AVOID CRASH,NOT APPLICABLE,700,N,LARAMIE AVE,1524.0,,,,,,,2,NO INDICATION OF INJURY,0.0,0.0,0.0,0.0,0.0,4.0,0.0,20,5,12,41.8930939169,-87.755677589,POINT (-87.755677589033 41.893093916881)
f56b8b16d50d94628a05df0813a06b7d07be8c8a4f2ae6d66e771fa0a26bf444898dc2cf78de8cb6e891111e26d021bb974d9aa5db137acddccbf7467982660f,,01/03/2017 05:30:00 PM,30,TRAFFIC SIGNAL,FUNCTIONING PROPERLY,CLEAR,"DARKNESS, LIGHTED ROAD",REAR END,NOT DIVIDED,2,STRAIGHT AND LEVEL,DRY,NO DEFECTS,NOT ON SCENE (DESK REPORT),NO INJURY / DRIVE AWAY,,,,"OVER $1,500",01/04/2017 05:37:00 PM,DRIVING SKILLS/KNOWLEDGE/EXPERIENCE,FAILING TO REDUCE SPEED TO AVOID CRASH,5545,W,DIVERSEY AVE,2514.0,,,,,,,2,NO INDICATION OF INJURY,0.0,0.0,0.0,0.0,0.0,2.0,0.0,17,3,1,41.9311759609,-87.7656294769,POINT (-87.765629476937 41.931175960946)
2b3593c830176e23c139a983d0eb030d5c27857ebd48232661848126d931089d0c3ddf32c2d7d597f7ddbd1a9cb6fd3177b2a61bae80e053ebca9a092ce94cb3,,04/21/2021 05:15:00 PM,35,TRAFFIC SIGNAL,FUNCTIONING PROPERLY,CLEAR,DAYLIGHT,REAR END,NOT DIVIDED,,STRAIGHT AND LEVEL,DRY,NO DEFECTS,NOT ON SCENE (DESK REPORT),NO INJURY / DRIVE AWAY,Y,,Y,"OVER $1,500",04/22/2021 05:20:00 PM,"OPERATING VEHICLE IN ERRATIC, RECKLESS, CARELESS, NEGLIGENT OR AGGRESSIVE MANNER",NOT APPLICABLE,600,E,79TH ST,624.0,,,,,,,2,NO INDICATION OF INJURY,0.0,0.0,0.0,0.0,0.0,3.0,0.0,17,4,4,41.7513101296,-87.6100253586,POINT (-87.610025358632 41.751310129597)
16c9c1f9e42f030bf35018edbfcdd2ce7e2135e961afdb2541e29e7c48cafd44cdf185c0a7419582a7e22cfac7e3073b12d8c96422c77922a72e23070a66c328,,11/18/2025 07:00:00 PM,25,STOP SIGN/FLASHER,NO CONTROLS,CLEAR,DAYLIGHT,SIDESWIPE SAME DIRECTION,NOT DIVIDED,,STRAIGHT AND LEVEL,DRY,NO DEFECTS,NOT ON SCENE (DESK REPORT),NO INJURY / DRIVE AWAY,,,,"OVER $1,500",11/19/2025 12:43:00 PM,DRIVING SKILLS/KNOWLEDGE/EXPERIENCE,NOT APPLICABLE,285,W,ILLINOIS ST,1831.0,,,,,,,2,NO INDICATION OF INJURY,0.0,0.0,0.0,0.0,0.0,2.0,0.0,19,3,11,41.8906567968,-87.6354766807,POINT (-87.635476680721 41.890656796781)
5d48a97d1e30447a717ac0106448aa30428c0032373bcc9f7147ac5473228057bce95a997efe9a1044a44914a9407a7bb727a76b7e5e5e79a6884a56e069b67b,,06/08/2021 12:30:00 PM,30,NO CONTROLS,NO CONTROLS,CLEAR,DAYLIGHT,PARKED MOTOR VEHICLE,DIVIDED - W/MEDIAN (NOT RAISED),,STRAIGHT AND LEVEL,DRY,NO DEFECTS,ON SCENE,INJURY AND / OR TOW DUE TO CRASH,,,Y,"OVER $1,500",06/08/2021 12:35:00 PM,UNABLE TO DETERMINE,NOT APPLICABLE,2057,N,WESTERN AVE,1432.0,,,,,,,2,NO INDICATION OF INJURY,0.0,0.0,0.0,0.0,0.0,1.0,0.0,12,3,6,41.9192416452,-87.6873183596,POINT (-87.687318359612 41.919241645244)
eb8dc6288dad2aa1090671afd96ff1fb2fa244755faf748b117bcb7d8079f3e9d781ee9bc9872f478b1d588b6e3dbf6f988eea1f5bd435339c7a018a85f61dde,,06/20/2022 07:01:00 PM,30,TRAFFIC SIGNAL,UNKNOWN,CLEAR,DAYLIGHT,ANGLE,NOT DIVIDED,,STRAIGHT AND LEVEL,UNKNOWN,UNKNOWN,NOT ON SCENE (DESK REPORT),INJURY AND / OR TOW DUE TO CRASH,Y,,,"OVER $1,500",06/20/2022 07:05:00 PM,DISREGARDING TRAFFIC SIGNALS,DISREGARDING TRAFFIC SIGNALS,34,N,KEDZIE AVE,1123.0,,,,,,,2,NONINCAPACITATING INJURY,1.0,0.0,0.0,1.0,0.0,2.0,0.0,19,2,6,41.8819243655,-87.7062965045,POINT (-87.706296504546 41.88192436546)