CRASH_RECORD_ID,CRASH_DATE_EST_I,CRASH_DATE,POSTED_SPEED_LIMIT,TRAFFIC_CONTROL_DEVICE,DEVICE_CONDITION,WEATHER_CONDITION,LIGHTING_CONDITION,FIRST_CRASH_TYPE,TRAFFICWAY_TYPE,LANE_CNT,ALIGNMENT,ROADWAY_SURFACE_COND,ROAD_DEFECT,REPORT_TYPE,CRASH_TYPE,INTERSECTION_RELATED_I,NOT_RIGHT_OF_WAY_I,HIT_AND_RUN_I,DAMAGE,DATE_POLICE_NOTIFIED,PRIM_CONTRIBUTORY_CAUSE,SEC_CONTRIBUTORY_CAUSE,STREET_NO,STREET_DIRECTION,STREET_NAME,BEAT_OF_OCCURRENCE,PHOTOS_TAKEN_I,STATEMENTS_TAKEN_I,DOORING_I,WORK_ZONE_I,WORK_ZONE_TYPE,WORKERS_PRESENT_I,NUM_UNITS,MOST_SEVERE_INJURY,INJURIES_TOTAL,INJURIES_FATAL,INJURIES_INCAPACITATING,INJURIES_NON_INCAPACITATING,INJURIES_REPORTED_NOT_EVIDENT,INJURIES_NO_INDICATION,INJURIES_UNKNOWN,CRASH_HOUR,CRASH_DAY_OF_WEEK,CRASH_MONTH,LATITUDE,LONGITUDE,LOCATION
92f47a1a493b0a5c87f4562ce0c4145572a7a06ea6dbe2137d1297076c78c7793090878007f079c84343c71d00a9fc91ed41f1e33ee9cf4b081813275e833d9d,,08/25/2021 07:47:00 AM,25,NO CONTROLS,NO CONTROLS,CLEAR,DAYLIGHT,SIDESWIPE SAME DIRECTION,DIVIDED - W/MEDIAN (NOT RAISED),,STRAIGHT AND LEVEL,DRY,NO DEFECTS,ON SCENE,NO INJURY / DRIVE AWAY,,,,"OVER $1,500",08/25/2021 07:51:00 AM,FAILING TO YIELD RIGHT-OF-WAY,UNABLE TO DETERMINE,4819,N,KENNETH AVE,1712.0,,,,,,,3,NO INDICATION OF INJURY,0.0,0.0,0.0,0.0,0.0,2.0,0.0,7,4,8,41.9686936521,-87.739047017,POINT (-87.739047016954 41.968693652076)
78cd4722b248b554c244fccb68c7d6891b370ccd3d4c37dca263912c64e03fac6d27fd457560bc692b1e1374ba965f7ffaccff00099f843c1c0e0dc8864f1609,,08/23/2024 11:17:00 AM,30,NO CONTROLS,NO CONTROLS,CLEAR,DAYLIGHT,FIXED OBJECT,DIVIDED - W/MEDIAN (NOT RAISED),,STRAIGHT AND LEVEL,DRY,NO DEFECTS,ON SCENE,INJURY AND / OR TOW DUE TO CRASH,,,,"OVER $1,500",08/23/2024 11:48:00 AM,UNABLE TO DETERMINE,NOT APPLICABLE,8759,S,SOUTH CHICAGO AVE,423.0,,,,,,,1,"REPORTED, NOT EVIDENT",1.0,0.0,0.0,0.0,1.0,0.0,0.0,11,6,8,41.7359690324,-87.5637794542,POINT (-87.563779454177 41.73596903239)
ce84abd17d4c9077b0147d70cdb268777798b51697eddb57772560c3b3f03df8774ce55b3f0e6f81f3809d76b4f12121817418e04e085238981ba2fd66f54285,,01/04/2018 09:50:00 AM,30,UNKNOWN,UNKNOWN,CLEAR,DAYLIGHT,PARKED MOTOR VEHICLE,NOT DIVIDED,4,STRAIGHT AND LEVEL,DRY,NO DEFECTS,ON SCENE,NO INJURY / DRIVE AWAY,,,Y,"OVER $1,500",01/04/2018 09:56:00 AM,NOT APPLICABLE,NOT APPLICABLE,4737,W,NORTH AVE,2533.0,,,,,,,2,NO INDICATION OF INJURY,0.0,0.0,0.0,0.0,0.0,1.0,0.0,9,5,1,41.9095290577,-87.7450805105,POINT (-87.745080510493 41.909529057746)
bc250400b16ad413e6e793ef48783815a41a375cfe24f9c4d7752816699d2f6bf704ca7ee67fdfaeda47666368729bc08fe4e7f9bea90a49b1fe4a63ac7d170b,,11/11/2017 12:44:00 AM,30,NO CONTROLS,NO CONTROLS,CLEAR,"DARKNESS, LIGHTED ROAD",PARKED MOTOR VEHICLE,NOT DIVIDED,2,STRAIGHT AND LEVEL,DRY,NO DEFECTS,ON SCENE,INJURY AND / OR TOW DUE TO CRASH,,,,"OVER $1,500",11/11/2017 12:44:00 AM,UNABLE TO DETERMINE,UNABLE TO DETERMINE,5914,S,CALIFORNIA AVE,824.0,,,,,,,2,NO INDICATION OF INJURY,0.0,0.0,0.0,0.0,0.0,1.0,0.0,0,7,11,41.7859176742,-87.6937271891,POINT (-87.693727189099 41.785917674175)
73a05d8ca81119fa4ab119461ef23739312fe41edf467e1f23ce564e84c4528f6203e7ed303cd57c8343686a2742aaf9b0790b231b7ccfee7118ad86c281e50a,,09/25/2022 04:00:00 PM,30,TRAFFIC SIGNAL,FUNCTIONING PROPERLY,CLEAR,DAYLIGHT,REAR END,FOUR WAY,,STRAIGHT AND LEVEL,DRY,NO DEFECTS,NOT ON SCENE (DESK REPORT),NO INJURY / DRIVE AWAY,Y,N,Y,"$501 - $1,500",09/25/2022 05:30:00 PM,FOLLOWING TOO CLOSELY,NOT APPLICABLE,1000,N,HAMLIN AVE,1112.0,,,,,,,2,NO INDICATION OF INJURY,0.0,0.0,0.0,0.0,0.0,2.0,0.0,16,1,9,41.8991505862,-87.721462286,POINT (-87.721462285974 41.899150586232)
99e0e7eda6495a90e4625e52e1d283657fc1d88f02fc57a2ea3a41e4fd5057434d5baaf3ed263221fe1896ff416d737fe06dcec3825a02b3864c2e26e0ee4a85,,01/23/2021 10:00:00 AM,30,NO CONTROLS,NO CONTROLS,CLEAR,DAYLIGHT,PARKED MOTOR VEHICLE,NOT DIVIDED,,STRAIGHT AND LEVEL,DRY,NO DEFECTS,NOT ON SCENE (DESK REPORT),NO INJURY / DRIVE AWAY,,,,"OVER $1,500",01/23/2021 01:45:00 PM,UNABLE TO DETERMINE,UNABLE TO DETERMINE,449,W,GOETHE ST,1821.0,,,,,,,2,NO INDICATION OF INJURY,0.0,0.0,0.0,0.0,0.0,1.0,0.0,10,7,1,41.9050111627,-87.6407075349,POINT (-87.640707534891 41.905011162745)
4abdab8a382229c6c569facd2fcbd8fd0d628bca56f5a1dd32535f04e7afe433b052fee69f690cced9b41701c5abba0dfb4f69d0dbcfeaf931a8aefbe6dda11c,,09/26/2018 08:50:00 AM,30,TRAFFIC SIGNAL,FUNCTIONING PROPERLY,CLEAR,DAYLIGHT,SIDESWIPE SAME DIRECTION,DIVIDED - W/MEDIAN (NOT RAISED),4,STRAIGHT AND LEVEL,DRY,NO DEFECTS,ON SCENE,NO INJURY / DRIVE AWAY,,,Y,"OVER $1,500",09/26/2018 09:00:00 AM,IMPROPER TURNING/NO SIGNAL,"VISION OBSCURED (SIGNS, TREE LIMBS, BUILDINGS, ETC.)",3200,N,CENTRAL AVE,1633.0,,,,,,,2,NO INDICATION OF INJURY,0.0,0.0,0.0,0.0,0.0,2.0,0.0,8,4,9,41.9386174633,-87.7666482968,POINT (-87.766648296838 41.938617463273)
1c2a3728936673eb524521a616ff7c9950bcf3aa8930299a6a3592e059647282d6ff8eb3bc88d7016f6861d9d3ec92a4d316a06be6de09d8f049504f5251e013,,11/02/2016 06:30:00 PM,30,TRAFFIC SIGNAL,FUNCTIONING PROPERLY,RAIN,DARKNESS,REAR END,NOT DIVIDED,4,STRAIGHT AND LEVEL,WET,NO DEFECTS,NOT ON SCENE (DESK REPORT),NO INJURY / DRIVE AWAY,Y,,,$500 OR LESS,11/02/2016 06:39:00 PM,FOLLOWING TOO CLOSELY,WEATHER,7600,S,HALSTED ST,621.0,,,,,,,2,NO INDICATION OF INJURY,0.0,0.0,0.0,0.0,0.0,2.0,0.0,18,4,11,41.7559957905,-87.6443282389,POINT (-87.644328238864 41.755995790481)
9bb53e36718637691f49277e119f824f36840b820b0f5183c7dd28fcc553f6f1b25013af95f8af2fdc971e12df602337fc0bb574b39f7b4455eaa477b1ed42d9,,05/12/2018 12:35:00 AM,30,NO CONTROLS,NO CONTROLS,RAIN,"DARKNESS, LIGHTED ROAD",REAR END,ONE-WAY,1,"CURVE, LEVEL",WET,NO DEFECTS,NOT ON SCENE (DESK REPORT),NO INJURY / DRIVE AWAY,,,,$500 OR LESS,05/13/2018 12:55:00 AM,IMPROPER BACKING,IMPROPER BACKING,800,N,MICHIGAN AVE,1833.0,,,,,,,2,NO INDICATION OF INJURY,0.0,0.0,0.0,0.0,0.0,2.0,0.0,0,7,5,41.896790572,-87.6243806554,POINT (-87.624380655444 41.896790572039)
2a73f8038a1661709f97e17c05b57cf8fc3abd2bbfff83e97e5b1a5332df914e18682b68d6641c8c6bc5a5e581118717d5d00e473d141f8067c9c3ff905aea61,,05/08/2020 03:20:00 PM,35,NO CONTROLS,NO CONTROLS,CLEAR,DAYLIGHT,SIDESWIPE SAME DIRECTION,DIVIDED - W/MEDIAN (NOT RAISED),,STRAIGHT AND LEVEL,DRY,NO DEFECTS,NOT ON SCENE (DESK REPORT),NO INJURY / DRIVE AWAY,,,,"OVER $1,500",05/08/2020 04:50:00 PM,DRIVING SKILLS/KNOWLEDGE/EXPERIENCE,UNABLE TO DETERMINE,8100,S,HALSTED ST,613.0,,,,,,,2,NO INDICATION OF INJURY,0.0,0.0,0.0,0.0,0.0,2.0,0.0,15,6,5,41.7469046074,-87.6440771516,POINT (-87.644077151581 41.746904607442)
1cdfbe6a3fd6a35762bcf9c59df387c6b9e4a3ed20ad8272e2043fa6081e3d66b661fdbe3d4adc017f95439dac4862b49d724a7d78afaa66d04bc4c518a63722,,09/24/2018 10:45:00 AM,30,TRAFFIC SIGNAL,FUNCTIONING PROPERLY,CLEAR,DAYLIGHT,SIDESWIPE SAME DIRECTION,ONE-WAY,3,STRAIGHT AND LEVEL,DRY,NO DEFECTS,,NO INJURY / DRIVE AWAY,,,,$500 OR LESS,09/24/2018 11:40:00 AM,UNABLE TO DETERMINE,NOT APPLICABLE,1615,W,CONGRESS PKWY,1231.0,,,,,,,2,NO INDICATION OF INJURY,0.0,0.0,0.0,0.0,0.0,2.0,0.0,10,2,9,41.8750555337,-87.667287369,POINT (-87.667287369048 41.875055533697)
cfe2fcb57ba5c6552fd98f80db08bd0595701a3ed01a0238e6b00237df5bffe4de9071b55f4731982a4331a9a085c4b4f05921afced6a6e76c49d6340f92adf8,,07/03/2022 02:32:00 AM,30,TRAFFIC SIGNAL,FUNCTIONING PROPERLY,CLEAR,"DARKNESS, LIGHTED ROAD",ANGLE,FOUR WAY,,STRAIGHT AND LEVEL,DRY,NO DEFECTS,NOT ON SCENE (DESK REPORT),NO INJURY / DRIVE AWAY,Y,,Y,"OVER $1,500",07/03/2022 03:30:00 AM,DISREGARDING TRAFFIC SIGNALS,FAILING TO YIELD RIGHT-OF-WAY,5600,W,DIVISION ST,2531.0,,,,,,,2,NO INDICATION OF INJURY,0.0,0.0,0.0,0.0,0.0,2.0,0.0,2,1,7,41.9022535342,-87.7657168889,POINT (-87.765716888859 41.902253534164)
31d7b5d746f68da7d8ffc0764ebc59330df3b9a70447cde938e854de82a4d0db45086d0dcdffddab1f60871b04ae71eb0f1e59d93ffba90ff0a61056590dbe00,,06/03/2018 12:15:00 PM,30,NO CONTROLS,NO CONTROLS,CLEAR,DAYLIGHT,PARKED MOTOR VEHICLE,ONE-WAY,1,STRAIGHT AND LEVEL,DRY,NO DEFECTS,NOT ON SCENE (DESK REPORT),NO INJURY / DRIVE AWAY,,,Y,"OVER $1,500",06/03/2018 12:30:00 PM,IMPROPER BACKING,NOT APPLICABLE,825,N,CAMBRIDGE AVE,1823.0,,,,,,,2,NO INDICATION OF INJURY,0.0,0.0,0.0,0.0,0.0,1.0,0.0,12,1,6,41.8972955438,-87.6416305209,POINT (-87.641630520893 41.897295543818)
abba7f0a833e856bf7233fbc4c294d9de1b508e4f0433231dac84a400c322d37c006999df7b1793d1a09697f948e99a6d75a1436324583a4dcca69106bbea5e4,,05/14/2023 02:00:00 PM,30,TRAFFIC SIGNAL,FUNCTIONING PROPERLY,CLOUDY/OVERCAST,DAYLIGHT,REAR END,NOT DIVIDED,,STRAIGHT AND LEVEL,DRY,NO DEFECTS,NOT ON SCENE (DESK REPORT),NO INJURY / DRIVE AWAY,,,,"OVER $1,500",05/18/2023 12:05:00 PM,UNABLE TO DETERMINE,NOT APPLICABLE,4267,N,ELSTON AVE,1723.0,,,,,,,2,NO INDICATION OF INJURY,0.0,0.0,0.0,0.0,0.0,2.0,0.0,14,1,5,41.9586851752,-87.7262219779,POINT (-87.7262219779 41.958685175178)
43d504e5e1cca2b6e2e8c3fb5f3c75d1cda0b015033617a6af0e45a9c59bb5653303495fa180bf84b5581b7c10ce2f47aa754aa5d03dac208321d5fabccb888e,N,11/24/2021 06:30:00 PM,30,NO CONTROLS,NO CONTROLS,CLEAR,"DARKNESS, LIGHTED ROAD",PARKED MOTOR VEHICLE,NOT DIVIDED,,STRAIGHT AND LEVEL,DRY,NO DEFECTS,ON SCENE,NO INJURY / DRIVE AWAY,,,Y,"OVER $1,500",11/24/2021 06:30:00 PM,UNABLE TO DETERMINE,UNABLE TO DETERMINE,1137,W,FOSTER AVE,2033.0,,,,,,,2,NO INDICATION OF INJURY,0.0,0.0,0.0,0.0,0.0,1.0,0.0,18,4,11,41.976219979,-87.6593597563,POINT (-87.659359756299 41.97621997903)
9defbfb9bca98ef313772c78eb51adbb0cd867e3a6da7c5c11fcb226116a92a028297ec64cd5d653d144efccc380e4f6fa93f16e050a15545164c59ee9c9e7d2,,10/19/2017 06:00:00 PM,30,NO CONTROLS,NO CONTROLS,CLEAR,DAYLIGHT,PARKED MOTOR VEHICLE,DIVIDED - W/MEDIAN (NOT RAISED),2,STRAIGHT AND LEVEL,DRY,NO DEFECTS,ON SCENE,INJURY AND / OR TOW DUE TO CRASH,,,,"$501 - $1,500",10/19/2017 06:02:00 PM,EQUIPMENT - VEHICLE CONDITION,NOT APPLICABLE,5631,S,COTTAGE GROVE AVE,235.0,,,,,,,2,NO INDICATION OF INJURY,0.0,0.0,0.0,0.0,0.0,1.0,0.0,18,5,10,41.792213182,-87.6060252467,POINT (-87.606025246688 41.792213181984)
aeba4a9e3b073ad21717e8eb250db4860d2a8880692929fb765afb83a1757e5d55b7b91f788f50d02088500d26374d0e5c44c513ffb595d83ce5fe53469ee9eb,,09/08/2016 06:30:00 PM,30,NO CONTROLS,NO CONTROLS,CLEAR,DAYLIGHT,FIXED OBJECT,NOT DIVIDED,2,STRAIGHT AND LEVEL,DRY,NO DEFECTS,NOT ON SCENE (DESK REPORT),NO INJURY / DRIVE AWAY,,,,"OVER $1,500",09/08/2016 06:45:00 PM,UNABLE TO DETERMINE,UNABLE TO DETERMINE,1160,N,LARRABEE ST,1822.0,,,,,,,2,NO INDICATION OF INJURY,0.0,0.0,0.0,0.0,0.0,1.0,0.0,18,5,9,41.9032416531,-87.6433521393,POINT (-87.643352139294 41.903241653118)
a0f2402d1746f39524d45105017e6d5339acad8775e51410a417d8536cd5a76816084efd807280e32ff5d41b9fa1736abf8c80fc6b57418009216ca60cf73eb2,,05/01/2022 05:55:00 AM,30,NO CONTROLS,NO CONTROLS,CLEAR,DAYLIGHT,FIXED OBJECT,T-INTERSECTION,,STRAIGHT AND LEVEL,DRY,DEBRIS ON ROADWAY,,INJURY AND / OR TOW DUE TO CRASH,Y,,,"OVER $1,500",05/01/2022 05:55:00 AM,UNDER THE INFLUENCE OF ALCOHOL/DRUGS (USE WHEN ARREST IS EFFECTED),"OPERATING VEHICLE IN ERRATIC, RECKLESS, CARELESS, NEGLIGENT OR AGGRESSIVE MANNER",4700,S,RIDGEWAY AVE,821.0,,,,Y,CONSTRUCTION,,1,NONINCAPACITATING INJURY,1.0,0.0,0.0,1.0,0.0,0.0,0.0,5,1,5,41.8078555552,-87.7175983727,POINT (-87.717598372689 41.807855555189)
d040aace790b8da12aa6be8344b06daf27d4fa98e25728ffd2f6437cc56076742fb9aaad137f294bc5a7e952769c8546328c2d0d7478cc06c88fe869468a1118,N,10/24/2018 05:20:00 PM,10,NO CONTROLS,NO CONTROLS,CLEAR,DAYLIGHT,PARKED MOTOR VEHICLE,PARKING LOT,1,STRAIGHT AND LEVEL,DRY,NO DEFECTS,NOT ON SCENE (DESK REPORT),NO INJURY / DRIVE AWAY,,,,"$501 - $1,500",10/24/2018 06:25:00 PM,UNABLE TO DETERMINE,UNABLE TO DETERMINE,4849,W,BELMONT AVE,2521.0,,,,,,,2,NO INDICATION OF INJURY,0.0,0.0,0.0,0.0,0.0,1.0,0.0,17,4,10,41.9386920633,-87.7488315697,POINT (-87.748831569737 41.938692063268)
c5ebb9da64f31f96c62e6750a92027259bd5dadd86435a52a30a5d96021388c68f83515da6dc7381e34a21c8d080fe211ad90564cb468372c8108fef749d8aa2,,08/01/2020 05:01:00 PM,15,NO CONTROLS,NO CONTROLS,CLEAR,DAYLIGHT,ANGLE,ONE-WAY,,STRAIGHT AND LEVEL,DRY,NO DEFECTS,NOT ON SCENE (DESK REPORT),NO INJURY / DRIVE AWAY,Y,,,"$501 - $1,500",08/01/2020 05:03:00 PM,FAILING TO YIELD RIGHT-OF-WAY,NOT APPLICABLE,2350,N,LECLAIRE AVE,2522.0,,,,,,,2,NO INDICATION OF INJURY,0.0,0.0,0.0,0.0,0.0,2.0,0.0,17,7,8,41.923858149,-87.7538216977,POINT (-87.75382169768 41.923858149012)
e7464162ba5b8ced0c2527e6211a1983beb07db31dcf2363265554982d5724dc4025b8fab2dd12db51336517712ba72f51f53abe9588350149d105a5c322e468,,08/18/2025 10:00:00 AM,30,NO CONTROLS,NO CONTROLS,CLEAR,DAYLIGHT,SIDESWIPE SAME DIRECTION,NOT DIVIDED,,STRAIGHT AND LEVEL,WET,NO DEFECTS,ON SCENE,INJURY AND / OR TOW DUE TO CRASH,,,,"OVER $1,500",08/18/2025 10:13:00 AM,IMPROPER OVERTAKING/PASSING,UNABLE TO DETERMINE,5941,N,CANFIELD AVE,1612.0,,,,,,,2,"REPORTED, NOT EVIDENT",1.0,0.0,0.0,0.0,1.0,1.0,0.0,10,2,8,41.9880133393,-87.822707782,POINT (-87.822707781986 41.988013339269)
05d4da353374e94df497f0f3cb598a8c35c57e1c551efb66b293393c45b775e21ebbd9a6d7cf57e352e026ee93051c19496645979fcc9b4d88dbe4bc241b03b9,,10/03/2016 07:50:00 AM,30,NO CONTROLS,NO CONTROLS,CLEAR,DAYLIGHT,ANGLE,NOT DIVIDED,2,STRAIGHT AND LEVEL,DRY,NO DEFECTS,ON SCENE,INJURY AND / OR TOW DUE TO CRASH,Y,,,"OVER $1,500",10/03/2016 07:52:00 AM,FAILING TO YIELD RIGHT-OF-WAY,UNABLE TO DETERMINE,1632,W,69TH ST,725.0,,,,,,,2,NO INDICATION OF INJURY,0.0,0.0,0.0,0.0,0.0,2.0,0.0,7,2,10,41.7686447908,-87.6651900952,POINT (-87.665190095176 41.768644790776)
618c9d9748ab35ac5b9fa08a48451dc27262100464670da895491f318b775761decf685a867d520ac83f7b7adc7eb17fea7880488de4ab3e78f95a3cb00c973b,,03/29/2023 10:15:00 PM,25,NO CONTROLS,NO CONTROLS,CLEAR,"DARKNESS, LIGHTED ROAD",ANGLE,NOT DIVIDED,,STRAIGHT AND LEVEL,DRY,UNKNOWN,NOT ON SCENE (DESK REPORT),NO INJURY / DRIVE AWAY,,,,"$501 - $1,500",03/29/2023 11:00:00 PM,FAILING TO YIELD RIGHT-OF-WAY,NOT APPLICABLE,5436,W,WABANSIA AVE,2532.0,,,,,,,2,NO INDICATION OF INJURY,0.0,0.0,0.0,0.0,0.0,2.0,0.0,22,4,3,41.9113575027,-87.7621377925,POINT (-87.762137792498 41.911357502691)
34169d6114866d91e072e4419e418d5170cf27311de8ff3343df8b9f4d55cb7d30daad6c1e1af515add627686893cc44b674f4974ca42cf54f98f36b812b9e61,,07/17/2020 11:30:00 PM,30,NO CONTROLS,NO CONTROLS,CLEAR,"DARKNESS, LIGHTED ROAD",REAR END,RAMP,,STRAIGHT AND LEVEL,DRY,NO DEFECTS,NOT ON SCENE (DESK REPORT),NO INJURY / DRIVE AWAY,Y,,,"OVER $1,500",07/18/2020 12:30:00 PM,FOLLOWING TOO CLOSELY,FOLLOWING TOO CLOSELY,4700,S,LAKE SHORE DR NB,222.0,,,,,,,2,NO INDICATION OF INJURY,0.0,0.0,0.0,0.0,0.0,2.0,0.0,23,6,7,41.8105924989,-87.5893711119,POINT (-87.589371111902 41.810592498867)
5fab7c85ca09a3c5a627c5177f39bb3efec30268cd82aee082f939daa9d9f6fdee912372990b7e7284b96e21bc775199f163c41c8d3c0b79ba6e20d327d9ef78,,05/01/2020 10:22:00 PM,30,TRAFFIC SIGNAL,FUNCTIONING PROPERLY,CLEAR,"DARKNESS, LIGHTED ROAD",ANGLE,NOT DIVIDED,,STRAIGHT AND LEVEL,DRY,NO DEFECTS,ON SCENE,INJURY AND / OR TOW DUE TO CRASH,Y,,,"OVER $1,500",05/01/2020 10:23:00 PM,UNDER THE INFLUENCE OF ALCOHOL/DRUGS (USE WHEN ARREST IS EFFECTED),DISREGARDING TRAFFIC SIGNALS,3300,W,DIVISION ST,1422.0,Y,,,,,,2,INCAPACITATING INJURY,2.0,0.0,1.0,1.0,0.0,0.0,0.0,22,6,5,41.9029163326,-87.7093426945,POINT (-87.709342694461 41.90291633256)
f876625432f9da33cfb3dbe395f2e5d0d95bf78ce34e7a91cde970387459dff14812353d6831521b66afe329a07c07bcb3ca2ca0d25458960685c120d3dcb88b,,12/30/2017 01:25:00 PM,30,TRAFFIC SIGNAL,FUNCTIONING PROPERLY,SNOW,DAYLIGHT,TURNING,NOT DIVIDED,2,STRAIGHT AND LEVEL,SNOW OR SLUSH,NO DEFECTS,ON SCENE,INJURY AND / OR TOW DUE TO CRASH,Y,,,"OVER $1,500",12/30/2017 01:30:00 PM,DRIVING SKILLS/KNOWLEDGE/EXPERIENCE,WEATHER,7600,S,DR MARTIN LUTHER KING JR DR,623.0,,,,,,,2,NO INDICATION OF INJURY,0.0,0.0,0.0,0.0,0.0,2.0,0.0,13,7,12,41.7564901494,-87.6152267936,POINT (-87.61522679361 41.756490149368)
b11ddf7d764510ef7a75a7ced2ce3bcb24cbf3350a08ad7b3b2eceee24d8aeb69c762d765fdf6c6314caf072e74b1785256e657bfd1ed7e281a95b0b830dbe43,,04/09/2023 10:30:00 AM,30,STOP SIGN/FLASHER,FUNCTIONING PROPERLY,CLEAR,DAYLIGHT,SIDESWIPE OPPOSITE DIRECTION,NOT DIVIDED,,STRAIGHT AND LEVEL,UNKNOWN,UNKNOWN,NOT ON SCENE (DESK REPORT),INJURY AND / OR TOW DUE TO CRASH,Y,,Y,"$501 - $1,500",04/09/2023 11:45:00 AM,UNABLE TO DETERMINE,NOT APPLICABLE,5308,S,RICHMOND ST,923.0,,,,,,,3,"REPORTED, NOT EVIDENT",1.0,0.0,0.0,0.0,1.0,1.0,0.0,10,1,4,41.7969537335,-87.6977008415,POINT (-87.697700841531 41.796953733454)
fc8fa8d445a0ccc50c974ffc49914f935f6ddbd13361cb4e008a1fd77701b7a169194815a45577a20d687c685febbb9266a5b46e0b759ee4264738491a930b4f,,08/30/2016 08:35:00 PM,30,NO CONTROLS,NO CONTROLS,CLEAR,DUSK,REAR END,NOT DIVIDED,,STRAIGHT AND LEVEL,DRY,NO DEFECTS,NOT ON SCENE (DESK REPORT),NO INJURY / DRIVE AWAY,,,,"OVER $1,500",08/30/2016 08:50:00 PM,NOT APPLICABLE,NOT APPLICABLE,6700,S,PULASKI RD,833.0,,,,,,,2,NO INDICATION OF INJURY,0.0,0.0,0.0,0.0,0.0,3.0,0.0,20,3,8,41.7713258652,-87.7227213773,POINT (-87.722721377294 41.771325865209)
d58ded937041507309fa2b05c4220bb2322838b3179a7db8874f69524b8d969abbbf78c51196d9f765c7d8c8d88622aaa395fce13299d5d14c226d4c8aa6ea68,,09/29/2023 08:30:00 PM,35,NO CONTROLS,NO CONTROLS,CLEAR,DUSK,FIXED OBJECT,DIVIDED - W/MEDIAN (NOT RAISED),,STRAIGHT AND LEVEL,DRY,NO DEFECTS,NOT ON SCENE (DESK REPORT),NO INJURY / DRIVE AWAY,N,,,$500 OR LESS,09/29/2023 08:31:00 PM,"VISION OBSCURED (SIGNS, TREE LIMBS, BUILDINGS, ETC.)",NOT APPLICABLE,9440,S,STONY ISLAND AVE,413.0,,,,,,,1,NO INDICATION OF INJURY,0.0,0.0,0.0,0.0,0.0,2.0,0.0,20,6,9,41.7228670788,-87.5852894796,POINT (-87.585289479627 41.722867078775)
38863c87d3952e813e488d125d0cd1c27fe9e9512dab92bb81fa2cb4df77373ea9df0437cc47631761ad8f45f1aea5698eb748e93c6de995ad4852f2fd420d97,,08/13/2020 05:01:00 PM,30,NO CONTROLS,NO CONTROLS,CLEAR,DAYLIGHT,SIDESWIPE SAME DIRECTION,ONE-WAY,,STRAIGHT AND LEVEL,DRY,NO DEFECTS,ON SCENE,NO INJURY / DRIVE AWAY,,,Y,"OVER $1,500",08/13/2020 05:06:00 PM,FAILING TO REDUCE SPEED TO AVOID CRASH,UNABLE TO DETERMINE,1844,S,ST LOUIS AVE,1021.0,,,,,,,3,NO INDICATION OF INJURY,0.0,0.0,0.0,0.0,0.0,2.0,0.0,17,5,8,41.8558696642,-87.7128304517,POINT (-87.712830451749 41.855869664165)
41dd2968e7b74ff3246d7214bccba7e89092675ca364ca0c9d8097eda8c483be6d6a0ba45161e9c3cfa95d9d8a601de7719eacd0e4656c7a67ef13eb9cd96aa1,,01/22/2021 03:11:00 PM,35,NO CONTROLS,NO CONTROLS,CLEAR,DAYLIGHT,ANGLE,NOT DIVIDED,,STRAIGHT AND LEVEL,DRY,NO DEFECTS,NOT ON SCENE (DESK REPORT),NO INJURY / DRIVE AWAY,,,,"$501 - $1,500",01/22/2021 03:40:00 PM,UNABLE TO DETERMINE,NOT APPLICABLE,5951,W,BERTEAU AVE,1624.0,,,,,,,2,NO INDICATION OF INJURY,0.0,0.0,0.0,0.0,0.0,2.0,0.0,15,6,1,41.9565965106,-87.7765220379,POINT (-87.776522037916 41.956596510622)
ab43197621cb493803ed6ac6aaed5f4238474b5da58109df102d01a902a3070427fb8c4a0506ad79ce67586efca76145ee44db83c10dfa8a50474c30e7923dd5,,01/15/2022 01:15:00 AM,25,NO CONTROLS,NO CONTROLS,FREEZING RAIN/DRIZZLE,"DARKNESS, LIGHTED ROAD",SIDESWIPE SAME DIRECTION,NOT DIVIDED,,STRAIGHT AND LEVEL,WET,NO DEFECTS,ON SCENE,INJURY AND / OR TOW DUE TO CRASH,,,Y,"OVER $1,500",01/15/2022 01:24:00 AM,IMPROPER OVERTAKING/PASSING,NOT APPLICABLE,440,W,BELMONT AVE,1925.0,,Y,,,,,2,NONINCAPACITATING INJURY,1.0,0.0,0.0,1.0,0.0,2.0,0.0,1,7,1,41.9401998242,-87.6414238678,POINT (-87.641423867813 41.94019982423)
284ec43a9072d1d58c5fd0362569ff90c1cd9d9806615166af89545618d1c4761faec2b7bb0ebb4ed850d727ca2862fdc90edf3d8213dc05da86d6efe906ac45,,08/07/2019 08:15:00 AM,30,NO CONTROLS,NO CONTROLS,CLEAR,DAYLIGHT,PEDALCYCLIST,ALLEY,,STRAIGHT AND LEVEL,DRY,NO DEFECTS,ON SCENE,INJURY AND / OR TOW DUE TO CRASH,,,,"$501 - $1,500",08/07/2019 08:15:00 AM,UNABLE TO DETERMINE,DRIVING SKILLS/KNOWLEDGE/EXPERIENCE,558,W,DIVERSEY PKWY,1934.0,,,,,,,2,NONINCAPACITATING INJURY,1.0,0.0,0.0,1.0,0.0,1.0,0.0,8,4,8,41.9329346991,-87.6436790858,POINT (-87.643679085781 41.932934699122)
dedbea98b36a2e467fd6229ba54877f98e75ab0dee6d8bc4f1450b41c1d7334bc8d868b80e88e8ce6a81e2bcd44860ae679525170b0935790ca65ca1f2ea05a1,,10/02/2015 08:00:00 PM,30,UNKNOWN,UNKNOWN,UNKNOWN,UNKNOWN,REAR END,DIVIDED - W/MEDIAN (NOT RAISED),4,STRAIGHT AND LEVEL,UNKNOWN,UNKNOWN,NOT ON SCENE (DESK REPORT),NO INJURY / DRIVE AWAY,Y,,,"$501 - $1,500",10/02/2015 08:58:00 PM,FOLLOWING TOO CLOSELY,NOT APPLICABLE,7300,S,STONY ISLAND AVE,324.0,,,,,,,2,NO INDICATION OF INJURY,0.0,0.0,0.0,0.0,0.0,4.0,0.0,20,6,10,41.7623619184,-87.5863772347,POINT (-87.586377234748 41.762361918371)