CRASH_RECORD_ID,CRASH_DATE_EST_I,CRASH_DATE,POSTED_SPEED_LIMIT,TRAFFIC_CONTROL_DEVICE,DEVICE_CONDITION,WEATHER_CONDITION,LIGHTING_CONDITION,FIRST_CRASH_TYPE,TRAFFICWAY_TYPE,LANE_CNT,ALIGNMENT,ROADWAY_SURFACE_COND,ROAD_DEFECT,REPORT_TYPE,CRASH_TYPE,INTERSECTION_RELATED_I,NOT_RIGHT_OF_WAY_I,HIT_AND_RUN_I,DAMAGE,DATE_POLICE_NOTIFIED,PRIM_CONTRIBUTORY_CAUSE,SEC_CONTRIBUTORY_CAUSE,STREET_NO,STREET_DIRECTION,STREET_NAME,BEAT_OF_OCCURRENCE,PHOTOS_TAKEN_I,STATEMENTS_TAKEN_I,DOORING_I,WORK_ZONE_I,WORK_ZONE_TYPE,WORKERS_PRESENT_I,NUM_UNITS,MOST_SEVERE_INJURY,INJURIES_TOTAL,INJURIES_FATAL,INJURIES_INCAPACITATING,INJURIES_NON_INCAPACITATING,INJURIES_REPORTED_NOT_EVIDENT,INJURIES_NO_INDICATION,INJURIES_UNKNOWN,CRASH_HOUR,CRASH_DAY_OF_WEEK,CRASH_MONTH,LATITUDE,LONGITUDE,LOCATION
516cac2aed02b017651763c5a602fb29e607118049722091cd6578fe114468a1eeba5d173163d6cfe70dc107f962256bc3eebe1e615b1944760b00606b451c2f,,07/09/2021 09:30:00 AM,25,NO CONTROLS,NO CONTROLS,CLEAR,DAYLIGHT,PARKED MOTOR VEHICLE,NOT DIVIDED,,STRAIGHT AND LEVEL,DRY,NO DEFECTS,NOT ON SCENE (DESK REPORT),NO INJURY / DRIVE AWAY,,,Y,"OVER $1,500",07/09/2021 09:54:00 AM,UNABLE TO DETERMINE,NOT APPLICABLE,312,N,HAMLIN AVE,1122.0,,,,,,,2,NO INDICATION OF INJURY,0.0,0.0,0.0,0.0,0.0,1.0,0.0,9,6,7,41.88564944,-87.7210736477,POINT (-87.721073647689 41.885649439962)
c2ed213109592cc810453553024e7b07e20d8a7dde4e77b0c4b34604e6e98bde02213a72de9c5f6e46ebd7d33b079b22e8c25cddff882ff3cdd1263a919d9464,,11/05/2016 03:00:00 PM,35,TRAFFIC SIGNAL,FUNCTIONING IMPROPERLY,CLEAR,DAYLIGHT,REAR END,DIVIDED - W/MEDIAN (NOT RAISED),4,STRAIGHT AND LEVEL,DRY,UNKNOWN,NOT ON SCENE (DESK REPORT),NO INJURY / DRIVE AWAY,Y,,,"$501 - $1,500",11/05/2016 04:10:00 PM,UNABLE TO DETERMINE,UNABLE TO DETERMINE,3201,N,CICERO AVE,1731.0,,,,,,,2,NO INDICATION OF INJURY,0.0,0.0,0.0,0.0,0.0,2.0,0.0,15,7,11,41.9388718612,-87.7467265365,POINT (-87.746726536548 41.938871861177)
dcb43daaf14a769a48b46b096722965e2ea8bdf823722c6d739effa004ecf2e3a6ebbdce3fa188bb91da5d633f9659c1eb2bbbe08c5af5095d2e48f756fae27c,,03/25/2019 02:00:00 PM,30,UNKNOWN,UNKNOWN,CLEAR,DAYLIGHT,SIDESWIPE SAME DIRECTION,UNKNOWN,,STRAIGHT AND LEVEL,DRY,NO DEFECTS,NOT ON SCENE (DESK REPORT),NO INJURY / DRIVE AWAY,,,Y,"OVER $1,500",03/25/2019 07:51:00 PM,UNABLE TO DETERMINE,UNABLE TO DETERMINE,2112,N,ASHLAND AVE,1432.0,,,,,,,2,NO INDICATION OF INJURY,0.0,0.0,0.0,0.0,0.0,2.0,0.0,14,2,3,41.9202454905,-87.6685729626,POINT (-87.668572962613 41.920245490489)
2bdbd13541499eccf7aecfa1bcfc0b957baac9567ce33ce0463126cb5231c176ae6240d5b6c4621ca18277bae5af9a6809ec0f9a6e14a4345de6eb5279c03fcb,,03/10/2023 04:45:00 PM,30,NO CONTROLS,NO CONTROLS,RAIN,DAYLIGHT,SIDESWIPE SAME DIRECTION,NOT DIVIDED,,STRAIGHT AND LEVEL,WET,NO DEFECTS,ON SCENE,NO INJURY / DRIVE AWAY,,,,"OVER $1,500",03/10/2023 05:00:00 PM,DRIVING SKILLS/KNOWLEDGE/EXPERIENCE,IMPROPER OVERTAKING/PASSING,4405,N,AUSTIN AVE,1622.0,,,,,,,2,NO INDICATION OF INJURY,0.0,0.0,0.0,0.0,0.0,3.0,0.0,16,6,3,41.9604945012,-87.7768765394,POINT (-87.776876539389 41.960494501154)
5a87d47b52d819f28389f45f1b53f7d814d330d7d48c86b5956f01ba2fb0b0c9d332fd1373463b13d0c900fed435bc6d1e9c22d4effd6991115acce4637f623f,,11/22/2023 09:51:00 AM,30,NO CONTROLS,NO CONTROLS,CLEAR,DAYLIGHT,OTHER OBJECT,PARKING LOT,,STRAIGHT AND LEVEL,DRY,NO DEFECTS,ON SCENE,NO INJURY / DRIVE AWAY,,Y,Y,"OVER $1,500",11/22/2023 10:14:00 AM,UNABLE TO DETERMINE,UNABLE TO DETERMINE,4629,S,CICERO AVE,815.0,,,,,,,1,NO INDICATION OF INJURY,0.0,0.0,0.0,0.0,0.0,1.0,0.0,9,4,11,41.8085650186,-87.7430257209,POINT (-87.743025720895 41.808565018607)
6ccda2343dacbd8a8a6401b5ec577f15c7a31180f6d32c6f9e3fc5c346b7e4d18628365c71d2ad37cf113a5eadd7b8234ced04a43ea176c8f01e512f80d47ad9,,07/31/2019 07:30:00 AM,30,TRAFFIC SIGNAL,FUNCTIONING PROPERLY,CLEAR,DAYLIGHT,PEDESTRIAN,FOUR WAY,,STRAIGHT AND LEVEL,DRY,NO DEFECTS,ON SCENE,INJURY AND / OR TOW DUE TO CRASH,Y,,,$500 OR LESS,07/31/2019 07:34:00 AM,NOT APPLICABLE,NOT APPLICABLE,11100,S,LONGWOOD DR,2212.0,,,,,,,2,NONINCAPACITATING INJURY,1.0,0.0,0.0,1.0,0.0,1.0,0.0,7,4,7,41.6919366088,-87.6720474475,POINT (-87.672047447541 41.691936608788)
c4ee7a4ee56a32c3e751b606b9c9bd8eed0a3eb4597cab71459e1dd5193291c17de7b0412389349763cb8f0c05d71d0b86414ad72b5d4e798a0df640438b17dc,,02/24/2019 05:40:00 PM,30,NO CONTROLS,NO CONTROLS,CLEAR,DAYLIGHT,PARKED MOTOR VEHICLE,NOT DIVIDED,2,STRAIGHT AND LEVEL,DRY,NO DEFECTS,ON SCENE,INJURY AND / OR TOW DUE TO CRASH,,,,"OVER $1,500",02/24/2019 05:40:00 PM,DRIVING ON WRONG SIDE/WRONG WAY,FAILING TO REDUCE SPEED TO AVOID CRASH,5407,W,AUGUSTA BLVD,1524.0,,,,,,,3,NONINCAPACITATING INJURY,1.0,0.0,0.0,1.0,0.0,0.0,0.0,17,1,2,41.898427071,-87.7611371724,POINT (-87.76113717243 41.898427071046)
f47f8ed2bd9fe9e8049cc14114cea289bb8cb67dabcdc73e168e1e93c866b39e9431988fa620f4a2a62286afb563001a3abdc65b6ee04ae68426773e8a0f5744,,08/07/2019 06:15:00 PM,30,NO CONTROLS,NO CONTROLS,CLEAR,DAYLIGHT,PARKED MOTOR VEHICLE,NOT DIVIDED,,STRAIGHT AND LEVEL,DRY,NO DEFECTS,NOT ON SCENE (DESK REPORT),NO INJURY / DRIVE AWAY,,,Y,"$501 - $1,500",08/07/2019 08:31:00 PM,UNABLE TO DETERMINE,NOT APPLICABLE,1000,N,ASHLAND AVE,1213.0,,,,,,,2,NO INDICATION OF INJURY,0.0,0.0,0.0,0.0,0.0,1.0,0.0,18,4,8,41.899751161,-87.6675406149,POINT (-87.667540614866 41.899751161011)
68e6e94afde3c960fa96283f2017f7ad396ee6abc368a2a3788ee92cd9c022dc40a627f907b7aa04e133d82fd2013c1529b8610ce301a3d6c68cd051fe4fb09c,,05/17/2025 08:00:00 AM,30,NO CONTROLS,NO CONTROLS,CLEAR,DAYLIGHT,PARKED MOTOR VEHICLE,NOT DIVIDED,,STRAIGHT AND LEVEL,DRY,NO DEFECTS,NOT ON SCENE (DESK REPORT),NO INJURY / DRIVE AWAY,,,,"$501 - $1,500",05/18/2025 07:04:00 PM,NOT APPLICABLE,NOT APPLICABLE,4054,W,59TH ST,813.0,,,,,,,2,NO INDICATION OF INJURY,0.0,0.0,0.0,0.0,0.0,1.0,0.0,8,7,5,41.7860234578,-87.72519134,POINT (-87.725191339989 41.786023457842)
43ca7e30d4dae61906d6d3dda6c1f12448974ce09fd734209563c693723675c47db326edc030f6e3abe9a4811d450e0e5877f3ad355946fec6c52e3c32811b89,,09/21/2024 10:04:00 AM,30,NO CONTROLS,NO CONTROLS,CLEAR,DAYLIGHT,SIDESWIPE SAME DIRECTION,ONE-WAY,,STRAIGHT AND LEVEL,DRY,NO DEFECTS,NOT ON SCENE (DESK REPORT),NO INJURY / DRIVE AWAY,,,Y,"$501 - $1,500",09/21/2024 11:30:00 AM,IMPROPER LANE USAGE,IMPROPER OVERTAKING/PASSING,5022,W,ADAMS ST,1533.0,,,,,,,2,NO INDICATION OF INJURY,0.0,0.0,0.0,0.0,0.0,2.0,0.0,10,7,9,41.8786406539,-87.7503936888,POINT (-87.750393688798 41.878640653947)
019f5f63d999134fbcd18a3686276adfaa00592910938f081a040c8d7b015142e34422d0e9afb6d283f0662edc824c6b36ff6cb5d29ed5a00f26fedd5c38e5a0,Y,10/06/2018 02:00:00 AM,30,NO CONTROLS,NO CONTROLS,RAIN,"DARKNESS, LIGHTED ROAD",PARKED MOTOR VEHICLE,NOT DIVIDED,2,STRAIGHT AND LEVEL,WET,NO DEFECTS,ON SCENE,NO INJURY / DRIVE AWAY,,,Y,"OVER $1,500",10/06/2018 08:00:00 AM,UNABLE TO DETERMINE,NOT APPLICABLE,5112,S,NARRAGANSETT AVE,811.0,,,,,,,3,NO INDICATION OF INJURY,0.0,0.0,0.0,0.0,0.0,1.0,0.0,2,7,10,41.7992370809,-87.7821647638,POINT (-87.782164763798 41.799237080931)
3729419c9cd13d1b142525033871831664e1a945eddbd1bc658b666423dba04dddcd911e50a3d5580cac8803805dda53e4e02334954839cd7a55ea77681374fe,,04/19/2021 06:35:00 AM,20,NO CONTROLS,NO CONTROLS,CLEAR,DAYLIGHT,PARKED MOTOR VEHICLE,NOT DIVIDED,,STRAIGHT AND LEVEL,DRY,NO DEFECTS,NOT ON SCENE (DESK REPORT),NO INJURY / DRIVE AWAY,,,Y,"OVER $1,500",04/22/2021 05:00:00 PM,DRIVING SKILLS/KNOWLEDGE/EXPERIENCE,NOT APPLICABLE,6237,S,WOODLAWN AVE,314.0,,,,,,,2,NO INDICATION OF INJURY,0.0,0.0,0.0,0.0,0.0,1.0,0.0,6,2,4,41.7812365848,-87.5960747468,POINT (-87.59607474677 41.781236584806)
497505b490033081f977df0a988c954f5fd84f9bbf662332a440db2dae179c3567601c1554ee9c67cbaf74ff9cebed20edc3012e08b0ea89d80e5f25a4a04528,,04/24/2023 04:33:00 PM,30,STOP SIGN/FLASHER,OTHER,CLEAR,DAYLIGHT,ANGLE,NOT DIVIDED,,STRAIGHT AND LEVEL,DRY,NO DEFECTS,NOT ON SCENE (DESK REPORT),NO INJURY / DRIVE AWAY,Y,,,$500 OR LESS,04/24/2023 04:50:00 PM,FAILING TO YIELD RIGHT-OF-WAY,UNABLE TO DETERMINE,6200,S,ASHLAND AVE,714.0,,,,,,,2,NO INDICATION OF INJURY,0.0,0.0,0.0,0.0,0.0,3.0,0.0,16,2,4,41.7812004499,-87.6644065393,POINT (-87.66440653932 41.781200449899)
cee4767f54f8c66a821a9e5f79924ec5826cbc3caa9d3244a12c0275a8925b59887d66434e5131aa5670a9c7821b1e7d6c7c5119e840655bef623b548f724d35,,03/01/2021 02:30:00 AM,30,STOP SIGN/FLASHER,FUNCTIONING PROPERLY,CLEAR,"DARKNESS, LIGHTED ROAD",REAR TO FRONT,NOT DIVIDED,,STRAIGHT AND LEVEL,DRY,NO DEFECTS,ON SCENE,NO INJURY / DRIVE AWAY,Y,,,"OVER $1,500",03/01/2021 02:33:00 AM,IMPROPER BACKING,UNABLE TO DETERMINE,5209,S,DREXEL AVE,233.0,,,,,,,2,NO INDICATION OF INJURY,0.0,0.0,0.0,0.0,0.0,2.0,0.0,2,2,3,41.8004893138,-87.6037934307,POINT (-87.603793430713 41.800489313769)
ec69c7ed7ae8e5d0d619fe12fc6ca5b73630e72d4a68cd8c0aaf8c2009de8a97921bb007150e94bd38d2cacebab503e3014af0491a0ed19c15ac5b78c7affd94,,01/28/2021 05:54:00 PM,10,NO CONTROLS,NO CONTROLS,CLEAR,"DARKNESS, LIGHTED ROAD",REAR TO SIDE,PARKING LOT,,STRAIGHT AND LEVEL,DRY,NO DEFECTS,NOT ON SCENE (DESK REPORT),NO INJURY / DRIVE AWAY,,Y,,$500 OR LESS,01/28/2021 06:30:00 PM,IMPROPER BACKING,NOT APPLICABLE,3644,S,ARCHER AVE,912.0,,,,,,,2,NO INDICATION OF INJURY,0.0,0.0,0.0,0.0,0.0,3.0,0.0,17,5,1,41.8275838968,-87.6824544425,POINT (-87.682454442461 41.827583896764)
28f6fc3051b355dd1833b75ee5ba48b66a7b7ab13b4d42c1c7fbf29fa439e5e8d224886c920869d337bb37c627ac0d2f306334de98eae8d6af7c51a7b0506a83,,05/18/2021 08:15:00 PM,30,TRAFFIC SIGNAL,FUNCTIONING PROPERLY,RAIN,"DARKNESS, LIGHTED ROAD",REAR END,NOT DIVIDED,,STRAIGHT AND LEVEL,WET,NO DEFECTS,NOT ON SCENE (DESK REPORT),NO INJURY / DRIVE AWAY,,,N,"$501 - $1,500",05/18/2021 08:30:00 PM,UNABLE TO DETERMINE,NOT APPLICABLE,5500,S,KEDZIE AVE,822.0,,,,,,,2,NO INDICATION OF INJURY,0.0,0.0,0.0,0.0,0.0,2.0,0.0,20,3,5,41.7934202368,-87.7036975085,POINT (-87.703697508454 41.793420236756)
a45273ac2b38572193427f16aefe457ac17f9d2ae05c7c9741ee74b8f6d688ac747d336bd729df7229749d7be81d75da816296136390ccd06f0c6dd7b6945aaa,,10/15/2021 11:30:00 PM,30,NO CONTROLS,NO CONTROLS,CLEAR,"DARKNESS, LIGHTED ROAD",REAR END,PARKING LOT,,STRAIGHT AND LEVEL,DRY,NO DEFECTS,NOT ON SCENE (DESK REPORT),NO INJURY / DRIVE AWAY,,,,"$501 - $1,500",10/17/2021 12:40:00 PM,UNABLE TO DETERMINE,UNABLE TO DETERMINE,3803,W,ROOSEVELT RD,1011.0,,,,,,,2,NO INDICATION OF INJURY,0.0,0.0,0.0,0.0,0.0,3.0,0.0,23,6,10,41.8661281298,-87.7202640083,POINT (-87.720264008274 41.866128129787)
c9f1aa414771dbb6b6824297489f8ed0611ed16d4b3dac11d1bd7a21d2bdc35ca121fef4a8b90a54aae244b816b5e539715e568a36285b7d414fde28e53a2622,,09/07/2024 03:24:00 PM,25,NO CONTROLS,NO CONTROLS,RAIN,DAYLIGHT,PARKED MOTOR VEHICLE,OTHER,,STRAIGHT AND LEVEL,DRY,NO DEFECTS,NOT ON SCENE (DESK REPORT),NO INJURY / DRIVE AWAY,,,,"$501 - $1,500",09/07/2024 04:32:00 PM,NOT APPLICABLE,NOT APPLICABLE,703,S,DAMEN AVE,1225.0,,,,,,,2,NO INDICATION OF INJURY,0.0,0.0,0.0,0.0,0.0,1.0,0.0,15,7,9,0.0,0.0,POINT (0 0)
2153a9fe66e28483eb9b38e60d705a7bfb672c2838345afeb2060d372a001432116e0a2fa5a54e806944def062cea6086a8d8fd5b71cee061a287066cdffdbf1,,04/18/2025 02:45:00 PM,30,NO CONTROLS,NO CONTROLS,CLEAR,DAYLIGHT,SIDESWIPE SAME DIRECTION,DIVIDED - W/MEDIAN (NOT RAISED),,STRAIGHT AND LEVEL,DRY,UNKNOWN,,NO INJURY / DRIVE AWAY,,,Y,"OVER $1,500",04/18/2025 04:30:00 PM,FAILING TO YIELD RIGHT-OF-WAY,FAILING TO YIELD RIGHT-OF-WAY,1156,N,KOSTNER AVE,1111.0,,,,,,,2,NO INDICATION OF INJURY,0.0,0.0,0.0,0.0,0.0,2.0,0.0,14,6,4,41.9023995226,-87.7362881677,POINT (-87.736288167714 41.902399522555)
dacbc21331f92f7e40ce82edf4833274af1c0f9d5838c0663cf111f088ecc221956b983ad30d4b65c92b122531d0c76d7bd66086e28c602ba8f4381848d10316,,08/14/2024 09:30:00 AM,30,NO CONTROLS,NO CONTROLS,CLEAR,DAYLIGHT,SIDESWIPE SAME DIRECTION,DIVIDED - W/MEDIAN (NOT RAISED),,STRAIGHT AND LEVEL,DRY,NO DEFECTS,NOT ON SCENE (DESK REPORT),NO INJURY / DRIVE AWAY,,,,"OVER $1,500",08/14/2024 10:00:00 AM,FAILING TO YIELD RIGHT-OF-WAY,UNABLE TO DETERMINE,2311,S,STATE ST,131.0,,,,,,,2,NO INDICATION OF INJURY,0.0,0.0,0.0,0.0,0.0,2.0,0.0,9,4,8,41.8506936129,-87.6268877647,POINT (-87.626887764709 41.850693612907)
8d62539f9007b025b5fb432185572603412a1a5919c2e91f76fd185cc5bbb8d687a5c27f0bab98283c87d941fbebc14b73afe25221ec4d7fdc1b2a0fb52db3b5,,05/23/2017 05:00:00 PM,30,TRAFFIC SIGNAL,FUNCTIONING PROPERLY,RAIN,DAYLIGHT,REAR END,NOT DIVIDED,2,STRAIGHT AND LEVEL,WET,NO DEFECTS,NOT ON SCENE (DESK REPORT),NO INJURY / DRIVE AWAY,,,,"OVER $1,500",05/23/2017 05:26:00 PM,FOLLOWING TOO CLOSELY,NOT APPLICABLE,6399,W,ADDISON ST,1633.0,,,,,,,2,NO INDICATION OF INJURY,0.0,0.0,0.0,0.0,0.0,3.0,0.0,17,3,5,41.945555092,-87.7861799674,POINT (-87.786179967376 41.945555091968)
bdd576397fd8ad36b43d067a07dc930982c2f3191738b14b20e418f1153ada0714ecff39ba8045cb8138a962bb25824672ad13b3bf95b318624bb23018b7b94b,,09/18/2019 11:30:00 PM,25,NO CONTROLS,NO CONTROLS,CLEAR,DARKNESS,PARKED MOTOR VEHICLE,FOUR WAY,,STRAIGHT AND LEVEL,DRY,UNKNOWN,NOT ON SCENE (DESK REPORT),NO INJURY / DRIVE AWAY,,,Y,"$501 - $1,500",09/18/2019 11:50:00 PM,UNABLE TO DETERMINE,NOT APPLICABLE,1300,W,ADDISON ST,1923.0,,,,,,,2,NO INDICATION OF INJURY,0.0,0.0,0.0,0.0,0.0,1.0,0.0,23,4,9,41.9472170023,-87.6616595815,POINT (-87.661659581481 41.947217002344)
7fb8431c9c2799b85fd06763fb5a7461faf5c30d21dcec92547c6c19a13ba1a94bed0c28541327ae569a09550afbdd0777a767354c1b6b2dff7205e4ca0c7fa1,,02/03/2025 12:45:00 PM,30,TRAFFIC SIGNAL,FUNCTIONING PROPERLY,CLEAR,DAYLIGHT,TURNING,NOT DIVIDED,,STRAIGHT AND LEVEL,DRY,UNKNOWN,NOT ON SCENE (DESK REPORT),NO INJURY / DRIVE AWAY,,,,$500 OR LESS,02/03/2025 01:15:00 PM,IMPROPER TURNING/NO SIGNAL,UNABLE TO DETERMINE,1402,W,TAYLOR ST,1231.0,,,,,,,2,NO INDICATION OF INJURY,0.0,0.0,0.0,0.0,0.0,3.0,0.0,12,2,2,41.8694469924,-87.6617915618,POINT (-87.661791561755 41.869446992447)
1c09bcd2add937c5dee3943248a7955a89b20f37811bdb97a5b8986c89a94ce6e566215e938301281f27b3a8ac611727f995c21ab7c875cef00adb1ed721d86f,,10/18/2020 02:35:00 AM,30,NO CONTROLS,NO CONTROLS,CLEAR,DARKNESS,PARKED MOTOR VEHICLE,ONE-WAY,,STRAIGHT AND LEVEL,DRY,NO DEFECTS,ON SCENE,NO INJURY / DRIVE AWAY,,,Y,"$501 - $1,500",10/18/2020 02:53:00 AM,UNABLE TO DETERMINE,UNABLE TO DETERMINE,3250,S,WENTWORTH AVE,915.0,,,,,,,2,NO INDICATION OF INJURY,0.0,0.0,0.0,0.0,0.0,1.0,0.0,2,1,10,41.8348990166,-87.6317534068,POINT (-87.631753406791 41.834899016578)
d61196aad8d501e9bec9de9c89dd5c6682fa29ae813e11c146f0ee392c23c4da6302b1e328dc9165879533e99eb4f677da2e2c874557ed9ac56a2373001c1368,,07/05/2019 10:00:00 AM,35,TRAFFIC SIGNAL,FUNCTIONING PROPERLY,CLEAR,DAYLIGHT,REAR END,NOT DIVIDED,,STRAIGHT AND LEVEL,DRY,NO DEFECTS,NOT ON SCENE (DESK REPORT),NO INJURY / DRIVE AWAY,,,,$500 OR LESS,07/05/2019 10:30:00 AM,UNABLE TO DETERMINE,UNABLE TO DETERMINE,7900,S,DR MARTIN LUTHER KING JR DR,623.0,Y,Y,,,,,2,NO INDICATION OF INJURY,0.0,0.0,0.0,0.0,0.0,2.0,0.0,10,6,7,41.7510204707,-87.6151022455,POINT (-87.615102245534 41.751020470682)
5ccabf718c8aa482535f149e85ef3ed52cae6db220a70fdcfef5415b5730c4c59c1fce8fe3c7cd43ef5aa69b7f16c3663a9da26d4571889bc1e383a8e519485f,,08/21/2017 08:14:00 AM,30,NO CONTROLS,NO CONTROLS,CLEAR,DAYLIGHT,PARKED MOTOR VEHICLE,PARKING LOT,,STRAIGHT AND LEVEL,DRY,NO DEFECTS,NOT ON SCENE (DESK REPORT),NO INJURY / DRIVE AWAY,,,,"OVER $1,500",08/22/2017 11:26:00 AM,IMPROPER BACKING,UNABLE TO DETERMINE,8103,S,HALSTED ST,622.0,,,,,,,2,NO INDICATION OF INJURY,0.0,0.0,0.0,0.0,0.0,2.0,0.0,8,2,8,41.7468533483,-87.6437820964,POINT (-87.643782096367 41.746853348302)
ead716b9205bb0516de7d6fdcea8e8507f93f479f9a1064bc57dbdb85f34c5d28c1f06c6084e3f99ca5c54c741c6ba6de106cf09b3f4027032f84540cf15ac83,,08/07/2022 12:34:00 AM,30,UNKNOWN,UNKNOWN,CLEAR,"DARKNESS, LIGHTED ROAD",ANGLE,UNKNOWN INTERSECTION TYPE,,STRAIGHT AND LEVEL,DRY,UNKNOWN,NOT ON SCENE (DESK REPORT),NO INJURY / DRIVE AWAY,Y,,,"OVER $1,500",08/07/2022 01:50:00 AM,DISREGARDING TRAFFIC SIGNALS,NOT APPLICABLE,8700,S,DR MARTIN LUTHER KING JR DR,632.0,,,,,,,2,NO INDICATION OF INJURY,0.0,0.0,0.0,0.0,0.0,5.0,0.0,0,1,8,41.7364550458,-87.6146729127,POINT (-87.614672912717 41.736455045812)
94058ebe9a0539881550b663f75f227ec6bcb0ca8a21343bf207865c08dc37b81899af3e000283fb66dcf97cc5b0c84302ae5adcf7837ebef8f797613493a752,,08/14/2017 07:01:00 PM,20,STOP SIGN/FLASHER,FUNCTIONING PROPERLY,CLEAR,DAYLIGHT,PEDALCYCLIST,NOT DIVIDED,2,STRAIGHT AND LEVEL,DRY,NO DEFECTS,NOT ON SCENE (DESK REPORT),INJURY AND / OR TOW DUE TO CRASH,Y,,Y,$500 OR LESS,08/14/2017 07:05:00 PM,UNABLE TO DETERMINE,UNABLE TO DETERMINE,3600,N,RECREATION DR,1925.0,,,Y,,,,2,NONINCAPACITATING INJURY,1.0,0.0,0.0,1.0,0.0,1.0,0.0,19,2,8,41.9488655712,-87.6430342452,POINT (-87.643034245157 41.948865571246)
475c615c277fa2c5347bddb259362d1a6ef89520ed3611ed97aacf0936209c702f7977e230e48886ef3d8533ddb708607f8df354de81be17a120bdcd3e8fbebc,,06/06/2018 03:50:00 PM,25,NO CONTROLS,NO CONTROLS,CLEAR,DAYLIGHT,PARKED MOTOR VEHICLE,NOT DIVIDED,2,STRAIGHT AND LEVEL,DRY,NO DEFECTS,ON SCENE,NO INJURY / DRIVE AWAY,,,,"$501 - $1,500",06/06/2018 04:30:00 PM,UNABLE TO DETERMINE,UNABLE TO DETERMINE,3647,W,58TH ST,822.0,,,,,,,2,NO INDICATION OF INJURY,0.0,0.0,0.0,0.0,0.0,14.0,0.0,15,4,6,41.7877675931,-87.7152465787,POINT (-87.715246578716 41.787767593131)
eb00bcf59eacdf12b2e5b5b9b1db0944c49acc05d005c007dc35fb8c68621923dd6a18e77124136ed704084c76fc2d8264828679536dbe8370d40dd89476997b,,05/17/2022 07:38:00 AM,30,NO CONTROLS,NO CONTROLS,CLEAR,DAYLIGHT,PARKED MOTOR VEHICLE,NOT DIVIDED,,STRAIGHT AND LEVEL,DRY,NO DEFECTS,ON SCENE,NO INJURY / DRIVE AWAY,,,Y,$500 OR LESS,05/17/2022 07:39:00 AM,UNABLE TO DETERMINE,UNABLE TO DETERMINE,3913,W,WASHINGTON BLVD,1122.0,,,,,,,2,NO INDICATION OF INJURY,0.0,0.0,0.0,0.0,0.0,2.0,0.0,7,3,5,41.8817515501,-87.7238420156,POINT (-87.723842015592 41.881751550127)
34c5ac1a998752b1ba4732a2c48ce838b2d05e407143f90d858b3d46b502b4be81a039a9df086056b3e4a435baa4b398ed60c1c78c59dcf6fe80135dce84a87b,Y,10/02/2018 08:30:00 PM,30,STOP SIGN/FLASHER,FUNCTIONING PROPERLY,CLEAR,"DARKNESS, LIGHTED ROAD",REAR END,NOT DIVIDED,2,STRAIGHT AND LEVEL,DRY,NO DEFECTS,NOT ON SCENE (DESK REPORT),NO INJURY / DRIVE AWAY,,,,$500 OR LESS,10/03/2018 08:41:00 PM,UNABLE TO DETERMINE,UNABLE TO DETERMINE,100,S,LEAVITT ST,1223.0,,,,,,,2,NO INDICATION OF INJURY,0.0,0.0,0.0,0.0,0.0,4.0,0.0,20,3,10,41.8798656809,-87.6816482323,POINT (-87.681648232346 41.879865680855)
5e0e36adc196f12054d533e668598648a02b2a9fb7e4d389e9a5309f711c735bf61558bd63bcb9074643be6cdac9e7e557691a051f8c27e00c414ea0c85a4026,,06/03/2024 02:25:00 PM,3,STOP SIGN/FLASHER,OTHER,CLEAR,DAYLIGHT,TURNING,FOUR WAY,,STRAIGHT AND LEVEL,DRY,NO DEFECTS,ON SCENE,INJURY AND / OR TOW DUE TO CRASH,Y,,,"OVER $1,500",06/03/2024 02:27:00 PM,UNABLE TO DETERMINE,UNABLE TO DETERMINE,936,S,PAULINA ST,1231.0,,,,,,,2,NO INDICATION OF INJURY,0.0,0.0,0.0,0.0,0.0,2.0,0.0,14,2,6,41.8693364114,-87.669116863,POINT (-87.669116862961 41.869336411414)
6d54983c3c5271ce877c0966f9467551a5fbdc3307e521987f9d2bfa426d5c52b96374b33127924ae1e1033fbcff49a28634d23a233499c0b47fa9407a992e75,,10/20/2023 07:01:00 AM,30,TRAFFIC SIGNAL,FUNCTIONING PROPERLY,CLEAR,DAYLIGHT,REAR END,DIVIDED - W/MEDIAN (NOT RAISED),,STRAIGHT AND LEVEL,UNKNOWN,NO DEFECTS,ON SCENE,INJURY AND / OR TOW DUE TO CRASH,,,,"OVER $1,500",10/20/2023 07:01:00 AM,UNABLE TO DETERMINE,UNABLE TO DETERMINE,4020,N,CALIFORNIA AVE,1724.0,,,,,,,2,"REPORTED, NOT EVIDENT",1.0,0.0,0.0,0.0,1.0,2.0,0.0,7,6,10,41.9546241981,-87.6984062969,POINT (-87.698406296947 41.954624198078)