CRASH_RECORD_ID,CRASH_DATE_EST_I,CRASH_DATE,POSTED_SPEED_LIMIT,TRAFFIC_CONTROL_DEVICE,DEVICE_CONDITION,WEATHER_CONDITION,LIGHTING_CONDITION,FIRST_CRASH_TYPE,TRAFFICWAY_TYPE,LANE_CNT,ALIGNMENT,ROADWAY_SURFACE_COND,ROAD_DEFECT,REPORT_TYPE,CRASH_TYPE,INTERSECTION_RELATED_I,NOT_RIGHT_OF_WAY_I,HIT_AND_RUN_I,DAMAGE,DATE_POLICE_NOTIFIED,PRIM_CONTRIBUTORY_CAUSE,SEC_CONTRIBUTORY_CAUSE,STREET_NO,STREET_DIRECTION,STREET_NAME,BEAT_OF_OCCURRENCE,PHOTOS_TAKEN_I,STATEMENTS_TAKEN_I,DOORING_I,WORK_ZONE_I,WORK_ZONE_TYPE,WORKERS_PRESENT_I,NUM_UNITS,MOST_SEVERE_INJURY,INJURIES_TOTAL,INJURIES_FATAL,INJURIES_INCAPACITATING,INJURIES_NON_INCAPACITATING,INJURIES_REPORTED_NOT_EVIDENT,INJURIES_NO_INDICATION,INJURIES_UNKNOWN,CRASH_HOUR,CRASH_DAY_OF_WEEK,CRASH_MONTH,LATITUDE,LONGITUDE,LOCATION
a17c26ebabcae491f73b316369145eee467b407d95129946edeced61ad31ec6c618f3399c7ac679d5dee03491de66d5b8356068b9724ff8929589b7117194611,,07/04/2024 09:40:00 PM,30,STOP SIGN/FLASHER,FUNCTIONING PROPERLY,CLEAR,"DARKNESS, LIGHTED ROAD",REAR END,NOT DIVIDED,,STRAIGHT AND LEVEL,DRY,NO DEFECTS,NOT ON SCENE (DESK REPORT),NO INJURY / DRIVE AWAY,,,Y,"$501 - $1,500",07/04/2024 10:00:00 PM,UNABLE TO DETERMINE,UNABLE TO DETERMINE,7100,S,MICHIGAN AVE,323.0,,,,,,,2,NO INDICATION OF INJURY,0.0,0.0,0.0,0.0,0.0,3.0,0.0,21,5,7,41.7654854118,-87.6218343511,POINT (-87.621834351116 41.765485411808)
fa2cb1c9d3b079984b158fe08ca7721d33b5a12a512843f20a9e26eaf38438172f42f34f2fddf3df758a9ef398c264561dc3e04b2d8f2940788299e92235d3e6,,06/05/2016 05:00:00 PM,30,NO CONTROLS,NO CONTROLS,CLEAR,DAYLIGHT,SIDESWIPE SAME DIRECTION,DIVIDED - W/MEDIAN (NOT RAISED),4,STRAIGHT AND LEVEL,UNKNOWN,UNKNOWN,NOT ON SCENE (DESK REPORT),NO INJURY / DRIVE AWAY,,,,"OVER $1,500",06/07/2016 02:55:00 PM,FOLLOWING TOO CLOSELY,FAILING TO REDUCE SPEED TO AVOID CRASH,6815,W,ARCHER AVE,811.0,,,,,,,2,NO INDICATION OF INJURY,0.0,0.0,0.0,0.0,0.0,2.0,0.0,17,1,6,41.7920336255,-87.7922244716,POINT (-87.792224471627 41.792033625528)
6caf0e2d50b476f40b50854d3d8401e809bf1e061641a4518f35665f784105194686cfca0b97b6a6d32def3e405cee023d9ef9bdd5e77b098ad75872cd5e4a75,,05/04/2023 01:00:00 PM,30,TRAFFIC SIGNAL,FUNCTIONING PROPERLY,CLEAR,DAYLIGHT,TURNING,NOT DIVIDED,,STRAIGHT AND LEVEL,DRY,NO DEFECTS,NOT ON SCENE (DESK REPORT),NO INJURY / DRIVE AWAY,,,,"OVER $1,500",05/04/2023 01:25:00 PM,UNABLE TO DETERMINE,UNABLE TO DETERMINE,800,W,MADISON ST,1224.0,,,,,,,2,NO INDICATION OF INJURY,0.0,0.0,0.0,0.0,0.0,2.0,0.0,13,5,5,41.8818870569,-87.6473928339,POINT (-87.647392833853 41.881887056886)
c0c2e7ba7ef2a77e78dce439ba8049d2689345b576c26c2d0deb00dc76cc692ea24b3eb26366de86e518cf28b83258005dc2ff03b11c30279a7835d2ef40813b,,11/22/2017 03:30:00 PM,15,TRAFFIC SIGNAL,FUNCTIONING PROPERLY,CLEAR,DAYLIGHT,ANGLE,NOT DIVIDED,2,STRAIGHT AND LEVEL,DRY,NO DEFECTS,NOT ON SCENE (DESK REPORT),NO INJURY / DRIVE AWAY,,,,"OVER $1,500",11/22/2017 04:20:00 PM,FAILING TO YIELD RIGHT-OF-WAY,UNABLE TO DETERMINE,6300,S,STATE ST,312.0,,,,,,,2,NO INDICATION OF INJURY,0.0,0.0,0.0,0.0,0.0,3.0,0.0,15,4,11,41.7800082774,-87.6255225119,POINT (-87.625522511916 41.780008277408)
c083f729e0c124cda0dd677fd05da6b65602d363acdd6634da1313e1a6f032fd01a492a2c237e06b8e15b3b3bf7886c34045d102643c05f679b445879ccc09ed,,05/28/2018 11:15:00 AM,30,NO CONTROLS,NO CONTROLS,CLEAR,DAYLIGHT,SIDESWIPE SAME DIRECTION,NOT DIVIDED,4,STRAIGHT AND LEVEL,DRY,NO DEFECTS,,NO INJURY / DRIVE AWAY,,,,"OVER $1,500",05/28/2018 11:25:00 AM,IMPROPER LANE USAGE,UNABLE TO DETERMINE,1100,W,87TH ST,613.0,,,,,,,2,NO INDICATION OF INJURY,0.0,0.0,0.0,0.0,0.0,3.0,0.0,11,2,5,41.736077949,-87.6509800101,POINT (-87.650980010112 41.736077949033)
973e7eda5ccbb7170730dabc645eacacc98bb22aeb62607382504713a6c92f6621648125c0287e2b681293404b45d4d7659365f03fb83083c582a404ad9e664d,,07/10/2022 09:00:00 PM,30,TRAFFIC SIGNAL,FUNCTIONING PROPERLY,CLEAR,DAYLIGHT,REAR END,NOT DIVIDED,,STRAIGHT AND LEVEL,DRY,NO DEFECTS,NOT ON SCENE (DESK REPORT),NO INJURY / DRIVE AWAY,,,,$500 OR LESS,07/11/2022 05:50:00 PM,FOLLOWING TOO CLOSELY,FAILING TO REDUCE SPEED TO AVOID CRASH,255,N,MICHIGAN AVE,114.0,,,,,,,2,NO INDICATION OF INJURY,0.0,0.0,0.0,0.0,0.0,3.0,0.0,21,1,7,41.8867581451,-87.6243883141,POINT (-87.624388314115 41.886758145105)
374fe7f050c912f15d2156d114288d2716b477896878a2bcb71be3b7840ca4d343caac3ba2d4715c70fa9039c3fc920f746bd501f27fd4512f9222b36600e20e,,08/29/2020 08:11:00 PM,30,NO CONTROLS,NO CONTROLS,CLEAR,"DARKNESS, LIGHTED ROAD",PARKED MOTOR VEHICLE,NOT DIVIDED,,STRAIGHT AND LEVEL,DRY,UNKNOWN,ON SCENE,INJURY AND / OR TOW DUE TO CRASH,,,,"OVER $1,500",08/29/2020 08:25:00 PM,UNABLE TO DETERMINE,UNABLE TO DETERMINE,1211,S,PULASKI RD,1011.0,,,,,,,3,INCAPACITATING INJURY,1.0,0.0,1.0,0.0,0.0,3.0,0.0,20,7,8,41.8657886226,-87.725006219,POINT (-87.725006219034 41.865788622625)
a4d13ef71ca6040f52c5dcf4ebde7716b1e835d4e8adddb45e0314b52dfb073675219b14db4c135b1344a3da67fa664d35f34ce0a36d9191346c0973d0220539,,11/18/2025 08:35:00 AM,20,STOP SIGN/FLASHER,FUNCTIONING PROPERLY,CLEAR,DAYLIGHT,SIDESWIPE SAME DIRECTION,DIVIDED - W/MEDIAN (NOT RAISED),,STRAIGHT AND LEVEL,WET,NO DEFECTS,ON SCENE,INJURY AND / OR TOW DUE TO CRASH,,,,"OVER $1,500",11/18/2025 08:38:00 AM,UNABLE TO DETERMINE,UNABLE TO DETERMINE,98,W,23RD ST,131.0,,,,,,,2,NO INDICATION OF INJURY,0.0,0.0,0.0,0.0,0.0,4.0,0.0,8,3,11,41.851179559,-87.6292468785,POINT (-87.629246878516 41.851179558954)
a52a7da4f8ff1274ee0572b31687a8f0f7dfcea6204e13fe9f2314ab98ce1618bd1a2b3c55c2480ecc178f3353249755ca11e4f7feabc81b33125eb80f681f65,,03/29/2023 04:59:00 PM,35,TRAFFIC SIGNAL,FUNCTIONING PROPERLY,CLEAR,DAYLIGHT,PEDESTRIAN,T-INTERSECTION,,STRAIGHT AND LEVEL,DRY,NO DEFECTS,ON SCENE,INJURY AND / OR TOW DUE TO CRASH,Y,,,"OVER $1,500",03/29/2023 04:59:00 PM,UNABLE TO DETERMINE,UNABLE TO DETERMINE,5401,W,DIVERSEY AVE,2514.0,,,,,,,2,NONINCAPACITATING INJURY,1.0,0.0,0.0,1.0,0.0,1.0,0.0,16,4,3,41.9312261584,-87.7613936082,POINT (-87.76139360816 41.931226158393)
f2c03a7f259034185398c5e911239fbbccc214f75d4435e7061943b22edc04434154ca63cb7d53a1754f5a9823eda0a608ff2bbdaba3e444913c2c38980fa74b,Y,03/15/2019 03:30:00 PM,20,UNKNOWN,UNKNOWN,UNKNOWN,UNKNOWN,PARKED MOTOR VEHICLE,ONE-WAY,1,STRAIGHT AND LEVEL,UNKNOWN,UNKNOWN,ON SCENE,NO INJURY / DRIVE AWAY,,,,"OVER $1,500",03/15/2019 04:57:00 PM,UNABLE TO DETERMINE,UNABLE TO DETERMINE,7833,S,ABERDEEN ST,612.0,,,,,,,2,NO INDICATION OF INJURY,0.0,0.0,0.0,0.0,0.0,1.0,0.0,15,6,3,41.7513606155,-87.6511887488,POINT (-87.651188748847 41.751360615503)
9727b8a83bc0980943cdc39b3635e562c99634c193282b3d57b18d5ea53e096e2db8e9cb801766696409a04b3f3cbd461171190350dae3504b9085834e3b8d15,,01/20/2020 12:30:00 PM,30,TRAFFIC SIGNAL,NO CONTROLS,CLEAR,"DARKNESS, LIGHTED ROAD",TURNING,NOT DIVIDED,,STRAIGHT AND LEVEL,DRY,NO DEFECTS,NOT ON SCENE (DESK REPORT),NO INJURY / DRIVE AWAY,Y,,,"$501 - $1,500",01/20/2020 06:30:00 PM,FOLLOWING TOO CLOSELY,DRIVING SKILLS/KNOWLEDGE/EXPERIENCE,400,W,DIVISION ST,1821.0,,,,,,,2,NO INDICATION OF INJURY,0.0,0.0,0.0,0.0,0.0,2.0,0.0,12,2,1,41.9039027427,-87.6383708862,POINT (-87.63837088624 41.903902742747)
81b187098b75c82af123a8ad26e92f8b1d01afab3e96ad3e0b2e8a87ceb782d2929c4bf06bc21e13d81bbafa4b9322ea14652666d9121a90517fd9338bafe2ea,,01/31/2020 11:08:00 PM,30,STOP SIGN/FLASHER,FUNCTIONING PROPERLY,SNOW,DARKNESS,ANGLE,NOT DIVIDED,,STRAIGHT AND LEVEL,WET,NO DEFECTS,ON SCENE,INJURY AND / OR TOW DUE TO CRASH,Y,,N,"OVER $1,500",01/31/2020 11:10:00 PM,DISREGARDING STOP SIGN,FAILING TO REDUCE SPEED TO AVOID CRASH,10204,S,STATE ST,511.0,,,,,,,4,NONINCAPACITATING INJURY,2.0,0.0,0.0,2.0,0.0,2.0,0.0,23,6,1,41.7088197271,-87.6237019175,POINT (-87.623701917508 41.708819727069)
8c75c0c8d502c794b874b0720bc2879f413ffe506db807475cec04fa1b6d3f511b963f563a495b22f7dbe94031155ee373d7279eb2a839c3dfb5f75c3fd04e65,,08/28/2021 06:45:00 PM,35,NO CONTROLS,NO CONTROLS,CLEAR,DUSK,SIDESWIPE SAME DIRECTION,ONE-WAY,,STRAIGHT AND LEVEL,DRY,UNKNOWN,NOT ON SCENE (DESK REPORT),NO INJURY / DRIVE AWAY,,,,"$501 - $1,500",08/28/2021 09:45:00 PM,IMPROPER LANE USAGE,UNABLE TO DETERMINE,530,E,GRAND AVE,1834.0,Y,,,,,,2,NO INDICATION OF INJURY,0.0,0.0,0.0,0.0,0.0,2.0,0.0,18,7,8,41.8920487489,-87.6129693996,POINT (-87.612969399591 41.8920487489)
0e2304159bbc435ca0c0e9176211b2a6e073bd62495679faee9b7bc2e604296ab460da6665fd39948a5b19eb5ad474d76c8d2aef57d39ebc829108e5afbefbed,,06/04/2020 06:00:00 PM,20,STOP SIGN/FLASHER,UNKNOWN,CLEAR,"DARKNESS, LIGHTED ROAD",TURNING,NOT DIVIDED,,STRAIGHT AND LEVEL,DRY,UNKNOWN,,NO INJURY / DRIVE AWAY,,,,"$501 - $1,500",06/04/2020 08:20:00 PM,NOT APPLICABLE,NOT APPLICABLE,10200,S,TORRENCE AVE,431.0,,,,,,,2,NO INDICATION OF INJURY,0.0,0.0,0.0,0.0,0.0,2.0,0.0,18,5,6,41.7098735323,-87.5598472951,POINT (-87.559847295114 41.709873532259)
deaafc35468514573d270f710fc135f0543532eabfeb0413ef9cd82c8c4b6ae0edefe5123e3fc9db33a35ec4bfb171596c3f88b66c0308df8ea3b418a71c6d49,,03/06/2019 06:45:00 AM,30,STOP SIGN/FLASHER,FUNCTIONING PROPERLY,CLEAR,DAYLIGHT,REAR END,ONE-WAY,1,STRAIGHT AND LEVEL,DRY,NO DEFECTS,ON SCENE,NO INJURY / DRIVE AWAY,,,,"OVER $1,500",03/06/2019 06:48:00 AM,FOLLOWING TOO CLOSELY,NOT APPLICABLE,2298,N,SACRAMENTO AVE,1414.0,,,,,,,3,NO INDICATION OF INJURY,0.0,0.0,0.0,0.0,0.0,3.0,0.0,6,4,3,41.9232117398,-87.702406132,POINT (-87.702406132026 41.923211739801)
7601cfeed7e7dc77a1bc0313482865a58fa228a8aa9b151b72ebf45753263d23d4e9748b2923a5b1972668617e82f089820c0cd8823c37d045d5f9ea5926c971,,08/23/2023 12:45:00 PM,30,TRAFFIC SIGNAL,FUNCTIONING PROPERLY,CLEAR,DAYLIGHT,TURNING,FOUR WAY,,STRAIGHT AND LEVEL,DRY,NO DEFECTS,ON SCENE,INJURY AND / OR TOW DUE TO CRASH,Y,,,"$501 - $1,500",08/23/2023 12:50:00 PM,UNABLE TO DETERMINE,UNABLE TO DETERMINE,800,W,CERMAK RD,1235.0,,,,,,,2,"REPORTED, NOT EVIDENT",1.0,0.0,0.0,0.0,1.0,2.0,0.0,12,4,8,41.8527551845,-87.6465798588,POINT (-87.64657985879 41.852755184496)
4f9f65ff498731e17f001892bd84b8ce0be3a06c509788c5b545955d5175b513281ab3de48f42d020ed04373affd069217ddb9879e7ae8d51c76b55f8df7a9c3,,11/17/2023 05:31:00 PM,30,NO CONTROLS,UNKNOWN,CLEAR,UNKNOWN,SIDESWIPE SAME DIRECTION,NOT DIVIDED,,STRAIGHT AND LEVEL,DRY,UNKNOWN,ON SCENE,NO INJURY / DRIVE AWAY,,,,$500 OR LESS,11/17/2023 05:41:00 PM,FOLLOWING TOO CLOSELY,NOT APPLICABLE,5440,S,CICERO AVE,815.0,,,,,,,2,NO INDICATION OF INJURY,0.0,0.0,0.0,0.0,0.0,2.0,0.0,17,6,11,41.7934915175,-87.7423900463,POINT (-87.742390046283 41.793491517459)
dfc8db540797d187cd01f1e98d2fd2d225a20574cc669d3fdbcf55d3b0a036d31cc580dce4702e081280e724b0ddc629c531e4210defb5a1ff98627c802797c3,Y,08/09/2020 10:00:00 AM,25,NO CONTROLS,NO CONTROLS,CLEAR,UNKNOWN,PARKED MOTOR VEHICLE,NOT DIVIDED,,STRAIGHT AND LEVEL,DRY,NO DEFECTS,ON SCENE,NO INJURY / DRIVE AWAY,,,Y,"$501 - $1,500",08/09/2020 10:04:00 AM,UNABLE TO DETERMINE,UNABLE TO DETERMINE,7609,N,MARSHFIELD AVE,2422.0,,,,,,,2,NO INDICATION OF INJURY,0.0,0.0,0.0,0.0,0.0,1.0,0.0,10,1,8,42.0196893628,-87.671766316,POINT (-87.671766316033 42.019689362764)
e3edc3e3dac14b759cff4016cb6d1c856b1e968b83ee991c4d3cf39b231b2fb295ddf0063e0d34921fd9005408806acda78b7f8f2fc4f18f2ddfad5d3371be9b,,05/12/2019 03:45:00 PM,30,TRAFFIC SIGNAL,FUNCTIONING PROPERLY,CLEAR,DAYLIGHT,TURNING,DIVIDED - W/MEDIAN BARRIER,,STRAIGHT AND LEVEL,DRY,NO DEFECTS,ON SCENE,NO INJURY / DRIVE AWAY,Y,,,"$501 - $1,500",05/12/2019 03:55:00 PM,FAILING TO YIELD RIGHT-OF-WAY,IMPROPER TURNING/NO SIGNAL,10000,W,BRYN MAWR AVE,1654.0,,,,,,,2,NO INDICATION OF INJURY,0.0,0.0,0.0,0.0,0.0,2.0,0.0,15,1,5,41.9750675611,-87.8759908276,POINT (-87.875990827645 41.975067561101)
04b88547cb8f278b5c8d6ce6d2b4675f32a9f91efb44de31fd8022fe1b4f4a4f4234d0f43eaa5931fddb375471fb46e44235384333078c2ebc5aa32612714e92,,10/25/2024 01:30:00 PM,30,NO CONTROLS,NO CONTROLS,CLEAR,DAYLIGHT,SIDESWIPE SAME DIRECTION,NOT DIVIDED,,STRAIGHT AND LEVEL,DRY,NO DEFECTS,NOT ON SCENE (DESK REPORT),NO INJURY / DRIVE AWAY,,,,"OVER $1,500",10/25/2024 02:30:00 PM,FOLLOWING TOO CLOSELY,FAILING TO REDUCE SPEED TO AVOID CRASH,4946,S,DAMEN AVE,931.0,,,,,,,2,NO INDICATION OF INJURY,0.0,0.0,0.0,0.0,0.0,2.0,0.0,13,6,10,41.8034676903,-87.6747100379,POINT (-87.67471003791 41.803467690347)
f2db13b94dc393145b32667a1a0f68c677f04429cc614fe8ccf297184bc011e2f98408a25cba73624d7dd6ffa1dfd4e92525d589106486860621e59ddcce23a3,,09/03/2025 04:30:00 PM,30,NO CONTROLS,NO CONTROLS,RAIN,DAYLIGHT,REAR END,NOT DIVIDED,,STRAIGHT AND LEVEL,WET,UNKNOWN,NOT ON SCENE (DESK REPORT),NO INJURY / DRIVE AWAY,,,Y,"OVER $1,500",09/03/2025 05:00:00 PM,FOLLOWING TOO CLOSELY,NOT APPLICABLE,5700,S,KEDZIE AVE,822.0,,,,,,,2,NO INDICATION OF INJURY,0.0,0.0,0.0,0.0,0.0,3.0,0.0,16,4,9,41.7897908215,-87.7035987697,POINT (-87.703598769655 41.789790821511)
161e90ba6bfee393b75ab450f73a48aa94553dc7e6007583ffad6bdb8a520cb08bd1d7ad640fb2b1c7251d8944ba65db4af0f89e04cdc62f2383be6c7b536120,,08/12/2017 03:48:00 PM,30,NO CONTROLS,NO CONTROLS,CLEAR,DAYLIGHT,REAR END,NOT DIVIDED,2,STRAIGHT AND LEVEL,DRY,NO DEFECTS,NOT ON SCENE (DESK REPORT),NO INJURY / DRIVE AWAY,,,,"$501 - $1,500",08/12/2017 04:00:00 PM,FAILING TO YIELD RIGHT-OF-WAY,IMPROPER BACKING,3155,N,KEATING AVE,2521.0,,,,,,,2,NO INDICATION OF INJURY,0.0,0.0,0.0,0.0,0.0,4.0,0.0,15,7,8,41.9386426832,-87.7454611746,POINT (-87.745461174604 41.938642683244)
75fb23013d2cabbb01241836565d0a05adca8341fd729220500de6e65a5e6b01ee1dbf83063b8706f2b8a5636357bb0eba8adac47ff3d79ce455f5d83b77ddf0,,11/20/2015 08:30:00 PM,40,TRAFFIC SIGNAL,FUNCTIONING PROPERLY,SNOW,DARKNESS,REAR END,DIVIDED - W/MEDIAN BARRIER,6,STRAIGHT AND LEVEL,SNOW OR SLUSH,NO DEFECTS,NOT ON SCENE (DESK REPORT),NO INJURY / DRIVE AWAY,,,,"OVER $1,500",11/22/2015 08:30:00 PM,UNABLE TO DETERMINE,PHYSICAL CONDITION OF DRIVER,8259,S,STONY ISLAND AVE,411.0,,,,,,,2,NO INDICATION OF INJURY,0.0,0.0,0.0,0.0,0.0,3.0,0.0,20,6,11,41.7442968461,-87.5852294684,POINT (-87.585229468376 41.744296846095)
92b7bed7f1c68911ca8a152210b59c331d222d1cecf7d1c339abbc9109789d91c55a090d6021b8a97b8945f798c9faada2dc5b4e617bee8df4c9d96134974eec,,02/07/2025 09:10:00 PM,30,STOP SIGN/FLASHER,FUNCTIONING PROPERLY,CLEAR,"DARKNESS, LIGHTED ROAD",ANGLE,DIVIDED - W/MEDIAN (NOT RAISED),,STRAIGHT AND LEVEL,DRY,NO DEFECTS,ON SCENE,INJURY AND / OR TOW DUE TO CRASH,,,,"OVER $1,500",02/07/2025 09:13:00 PM,NOT APPLICABLE,NOT APPLICABLE,9155,S,ASHLAND AVE,2221.0,,,,,,,2,"REPORTED, NOT EVIDENT",1.0,0.0,0.0,0.0,1.0,2.0,0.0,21,6,2,41.7268723632,-87.6626644514,POINT (-87.662664451358 41.726872363206)
ff97fe188523adbe3259fc8c5d6d039216040c9cff36b61f1112af67fb65eaf757718e7d4a9b1961d455de5489289299aa1990ef9362ea55f5e01737eed4835b,,05/30/2024 08:45:00 PM,45,NO CONTROLS,NO CONTROLS,CLEAR,"DARKNESS, LIGHTED ROAD",SIDESWIPE SAME DIRECTION,ONE-WAY,,STRAIGHT AND LEVEL,DRY,NO DEFECTS,ON SCENE,NO INJURY / DRIVE AWAY,,,Y,"$501 - $1,500",05/30/2024 08:53:00 PM,IMPROPER LANE USAGE,DRIVING SKILLS/KNOWLEDGE/EXPERIENCE,1465,E,47TH DR,222.0,,,,,,,2,NO INDICATION OF INJURY,0.0,0.0,0.0,0.0,0.0,2.0,0.0,20,5,5,41.8102620608,-87.590218705,POINT (-87.59021870496 41.810262060842)
5b26711539f39cb790f86fddfab0e607bf7623fe7bb025c79a9341bce5756d80855989f075fb439d9affb61cd138cf4ab39277c9517e87fd701bc9c151ed1fac,,02/13/2016 08:00:00 PM,30,NO CONTROLS,NO CONTROLS,CLEAR,"DARKNESS, LIGHTED ROAD",SIDESWIPE SAME DIRECTION,ONE-WAY,3,STRAIGHT AND LEVEL,DRY,NO DEFECTS,NOT ON SCENE (DESK REPORT),NO INJURY / DRIVE AWAY,,,,"$501 - $1,500",02/13/2016 08:52:00 PM,UNABLE TO DETERMINE,UNABLE TO DETERMINE,130,E,DELAWARE PL,1833.0,,,,,,,2,NO INDICATION OF INJURY,0.0,0.0,0.0,0.0,0.0,2.0,0.0,20,7,2,41.8993107274,-87.6247979232,POINT (-87.624797923236 41.899310727381)
ed7bbf9e6e4ebf90a9d12547ec7199674fabcf94d72bc685ae7b82ee5a8f9c614c671ae577c523bf5ddb0aba3ae8efd2dd723fe92bd8334a00ee2e6d69a77c3a,,10/30/2022 03:09:00 AM,30,FLASHING CONTROL SIGNAL,FUNCTIONING PROPERLY,CLEAR,"DARKNESS, LIGHTED ROAD",TURNING,"FIVE POINT, OR MORE",,STRAIGHT AND LEVEL,DRY,NO DEFECTS,ON SCENE,INJURY AND / OR TOW DUE TO CRASH,Y,,Y,"OVER $1,500",10/30/2022 03:18:00 AM,IMPROPER TURNING/NO SIGNAL,DRIVING SKILLS/KNOWLEDGE/EXPERIENCE,2359,W,BELMONT AVE,1931.0,,,,,,,2,NO INDICATION OF INJURY,0.0,0.0,0.0,0.0,0.0,6.0,0.0,3,1,10,41.9393499369,-87.6877972087,POINT (-87.687797208703 41.939349936946)
c1a938485cf88632ba5c12b57c7fc51ed45bd485b53d4844f1c444f994df5c2d6c60e428b69380dece28875276248187dd59a074636b70b4bf23a3dc6e911f6d,,03/07/2017 08:30:00 AM,25,NO CONTROLS,NO CONTROLS,CLEAR,DAYLIGHT,SIDESWIPE SAME DIRECTION,NOT DIVIDED,2,STRAIGHT AND LEVEL,DRY,NO DEFECTS,NOT ON SCENE (DESK REPORT),NO INJURY / DRIVE AWAY,,,,"OVER $1,500",03/07/2017 08:50:00 AM,UNABLE TO DETERMINE,NOT APPLICABLE,3455,W,73RD ST,835.0,,,,,,,2,NO INDICATION OF INJURY,0.0,0.0,0.0,0.0,0.0,2.0,0.0,8,3,3,41.7605226254,-87.7097633854,POINT (-87.709763385403 41.760522625371)
9ef42a4314539ce5a96a01e7701c9f13b4736237cbb35eaf9af9f5a198b8d832676e728dd013b937113b72510625373827a33acfe9ad46bb7561328d2ad07b57,,10/05/2018 10:48:00 AM,30,TRAFFIC SIGNAL,FUNCTIONING PROPERLY,CLEAR,DAYLIGHT,FIXED OBJECT,DIVIDED - W/MEDIAN BARRIER,4,STRAIGHT AND LEVEL,WET,NO DEFECTS,ON SCENE,INJURY AND / OR TOW DUE TO CRASH,,Y,,"OVER $1,500",10/05/2018 10:50:00 AM,IMPROPER TURNING/NO SIGNAL,IMPROPER OVERTAKING/PASSING,2158,N,ASHLAND AVE,1432.0,,,,,,,1,NO INDICATION OF INJURY,0.0,0.0,0.0,0.0,0.0,1.0,0.0,10,6,10,41.9214093625,-87.6687576295,POINT (-87.668757629451 41.921409362476)
72d418f56aeb618657013be6151535b367016b2894dc479f5036eb1aa057471d08656b0464747a5c4534034bf59a8d61726d584a36c600b0d6f24813bc9903a5,,03/09/2023 06:20:00 PM,30,NO CONTROLS,NO CONTROLS,CLEAR,DARKNESS,REAR END,NOT DIVIDED,,STRAIGHT AND LEVEL,WET,NO DEFECTS,NOT ON SCENE (DESK REPORT),NO INJURY / DRIVE AWAY,,,,"$501 - $1,500",03/09/2023 07:20:00 PM,FOLLOWING TOO CLOSELY,FOLLOWING TOO CLOSELY,5155,W,ADDISON ST,1634.0,,,,,,,2,NO INDICATION OF INJURY,0.0,0.0,0.0,0.0,0.0,2.0,0.0,18,5,3,41.9458951009,-87.7566458523,POINT (-87.756645852257 41.94589510087)
374c666ecc5abc473a8734cc7533782fd831ab1f171a668d14acf3a612e51896d607c09c50a7ea53f5d5cee9b85a1f1b3e78253f99447614eb55f12fbf68b5ce,,09/26/2025 10:30:00 AM,30,NO CONTROLS,NO CONTROLS,CLEAR,"DARKNESS, LIGHTED ROAD",PARKED MOTOR VEHICLE,DIVIDED - W/MEDIAN (NOT RAISED),,STRAIGHT AND LEVEL,DRY,NO DEFECTS,NOT ON SCENE (DESK REPORT),NO INJURY / DRIVE AWAY,,,,"OVER $1,500",09/26/2025 10:50:00 PM,FAILING TO YIELD RIGHT-OF-WAY,UNABLE TO DETERMINE,2437,W,DEVON AVE,2413.0,,,,,,,2,NO INDICATION OF INJURY,0.0,0.0,0.0,0.0,0.0,1.0,0.0,10,6,9,41.9975974036,-87.6913315164,POINT (-87.691331516354 41.99759740364)
c1fed424c6a7caca74e805d62fb1bd1f71e667615777c05373b78766c17aed67c5353ee19009c8d785bdca2a25f676fcc9705b40ddcec9739a308777322070bc,,01/30/2022 08:30:00 AM,30,NO CONTROLS,NO CONTROLS,SNOW,DAYLIGHT,TURNING,NOT DIVIDED,,STRAIGHT AND LEVEL,SNOW OR SLUSH,NO DEFECTS,NOT ON SCENE (DESK REPORT),INJURY AND / OR TOW DUE TO CRASH,,,Y,"OVER $1,500",01/30/2022 09:10:00 AM,FAILING TO YIELD RIGHT-OF-WAY,UNABLE TO DETERMINE,2307,S,KOSTNER AVE,1013.0,,,,,,,2,"REPORTED, NOT EVIDENT",1.0,0.0,0.0,0.0,1.0,1.0,0.0,8,1,1,41.8492602051,-87.734289534,POINT (-87.73428953396 41.849260205119)
bc54d0f302824258fe6a52f5edf1eb65ed4da93a7631c412e699b70ca7ee2bef5d294da7c0c7f3ce1f1accb0a04705744a84bb698a705b7b835f8512c0944160,,02/25/2018 01:35:00 AM,30,NO CONTROLS,NO CONTROLS,RAIN,"DARKNESS, LIGHTED ROAD",PARKED MOTOR VEHICLE,DIVIDED - W/MEDIAN (NOT RAISED),2,STRAIGHT AND LEVEL,WET,UNKNOWN,NOT ON SCENE (DESK REPORT),NO INJURY / DRIVE AWAY,,,,"$501 - $1,500",02/25/2018 04:50:00 AM,DRIVING SKILLS/KNOWLEDGE/EXPERIENCE,"OPERATING VEHICLE IN ERRATIC, RECKLESS, CARELESS, NEGLIGENT OR AGGRESSIVE MANNER",3724,N,CLARK ST,1923.0,,,,,,,3,NO INDICATION OF INJURY,0.0,0.0,0.0,0.0,0.0,1.0,0.0,1,1,2,41.9497061945,-87.6587014135,POINT (-87.658701413485 41.949706194517)
9f358e6ac8c25661e7394e570881230c51baee74998e6371e7bd633e0f5ecac9515a40c1fe740bcd460eecd2c37290ee54168cec0715934e15767d585880e4ff,,12/24/2023 10:15:00 AM,30,NO CONTROLS,NO CONTROLS,RAIN,DAYLIGHT,ANGLE,NOT DIVIDED,,STRAIGHT AND LEVEL,WET,NO DEFECTS,NOT ON SCENE (DESK REPORT),NO INJURY / DRIVE AWAY,N,,,$500 OR LESS,12/24/2023 11:38:00 AM,FAILING TO YIELD RIGHT-OF-WAY,FAILING TO YIELD RIGHT-OF-WAY,200,N,CICERO AVE,1532.0,,,,,,,2,NO INDICATION OF INJURY,0.0,0.0,0.0,0.0,0.0,2.0,0.0,10,1,12,41.8844734996,-87.7455707869,POINT (-87.745570786944 41.884473499553)