CRASH_RECORD_ID,CRASH_DATE_EST_I,CRASH_DATE,POSTED_SPEED_LIMIT,TRAFFIC_CONTROL_DEVICE,DEVICE_CONDITION,WEATHER_CONDITION,LIGHTING_CONDITION,FIRST_CRASH_TYPE,TRAFFICWAY_TYPE,LANE_CNT,ALIGNMENT,ROADWAY_SURFACE_COND,ROAD_DEFECT,REPORT_TYPE,CRASH_TYPE,INTERSECTION_RELATED_I,NOT_RIGHT_OF_WAY_I,HIT_AND_RUN_I,DAMAGE,DATE_POLICE_NOTIFIED,PRIM_CONTRIBUTORY_CAUSE,SEC_CONTRIBUTORY_CAUSE,STREET_NO,STREET_DIRECTION,STREET_NAME,BEAT_OF_OCCURRENCE,PHOTOS_TAKEN_I,STATEMENTS_TAKEN_I,DOORING_I,WORK_ZONE_I,WORK_ZONE_TYPE,WORKERS_PRESENT_I,NUM_UNITS,MOST_SEVERE_INJURY,INJURIES_TOTAL,INJURIES_FATAL,INJURIES_INCAPACITATING,INJURIES_NON_INCAPACITATING,INJURIES_REPORTED_NOT_EVIDENT,INJURIES_NO_INDICATION,INJURIES_UNKNOWN,CRASH_HOUR,CRASH_DAY_OF_WEEK,CRASH_MONTH,LATITUDE,LONGITUDE,LOCATION
c6af4d18a53914b213845c82c17aae0fea2c86e723091251d62e6add53fa625c1381d1186c41b10e20fa7eb3238d60eea570545bf994a22425f03953b709dc65,,02/17/2020 07:05:00 AM,30,NO CONTROLS,NOT FUNCTIONING,CLEAR,DAYLIGHT,TURNING,NOT DIVIDED,,STRAIGHT AND LEVEL,WET,NO DEFECTS,NOT ON SCENE (DESK REPORT),NO INJURY / DRIVE AWAY,,,,"OVER $1,500",02/17/2020 07:14:00 AM,UNABLE TO DETERMINE,UNABLE TO DETERMINE,1717,W,PERSHING RD,924.0,,,,,,,2,NO INDICATION OF INJURY,0.0,0.0,0.0,0.0,0.0,2.0,0.0,7,2,2,41.8230819211,-87.6685079798,POINT (-87.668507979793 41.823081921101)
cc9b5bd82c55a88bcdbe3f4cc3ed384311855abc5bfbbf4ea067a6cbb26408cfc5d1af11bfcbf234b3f315513c6c8daca544e16f57be04bec946727dffe9605f,,10/29/2022 09:55:00 PM,30,TRAFFIC SIGNAL,UNKNOWN,UNKNOWN,"DARKNESS, LIGHTED ROAD",TURNING,FOUR WAY,,STRAIGHT AND LEVEL,UNKNOWN,UNKNOWN,NOT ON SCENE (DESK REPORT),INJURY AND / OR TOW DUE TO CRASH,Y,,,"OVER $1,500",10/30/2022 01:15:00 AM,UNABLE TO DETERMINE,NOT APPLICABLE,4000,W,CERMAK RD,1012.0,,,,,,,2,NONINCAPACITATING INJURY,2.0,0.0,0.0,1.0,1.0,1.0,0.0,21,7,10,41.8516543687,-87.7248829753,POINT (-87.724882975308 41.851654368676)
93ee049d895e93cd7794511d0b0fb408df9348627930587e5575b38bc2d9bb26415d1830767ea3fc17870d04e890f92164756fd0f2bf6243f863bd3516421c84,,08/08/2025 02:15:00 PM,30,NO CONTROLS,NO CONTROLS,CLEAR,DAYLIGHT,REAR END,NOT DIVIDED,,STRAIGHT AND LEVEL,DRY,NO DEFECTS,NOT ON SCENE (DESK REPORT),NO INJURY / DRIVE AWAY,,,,$500 OR LESS,08/09/2025 02:40:00 PM,UNABLE TO DETERMINE,NOT APPLICABLE,176,N,GREEN ST,1224.0,,,,,,,2,NO INDICATION OF INJURY,0.0,0.0,0.0,0.0,0.0,2.0,0.0,14,6,8,41.8853423662,-87.6487786566,POINT (-87.648778656579 41.885342366209)
544016c6834cb045c04c94eb77048b8187dacb9201a7b45b23efe137e935653f4f72637b1207e0e85bf5b483535077feb994d89fc58131b1b18840e676e595b0,,10/20/2022 11:30:00 PM,30,TRAFFIC SIGNAL,FUNCTIONING PROPERLY,CLEAR,"DARKNESS, LIGHTED ROAD",ANGLE,FOUR WAY,,STRAIGHT AND LEVEL,DRY,NO DEFECTS,NOT ON SCENE (DESK REPORT),INJURY AND / OR TOW DUE TO CRASH,Y,,Y,"OVER $1,500",10/21/2022 10:30:00 AM,DISREGARDING TRAFFIC SIGNALS,NOT APPLICABLE,4179,W,MONTROSE AVE,1722.0,,,,,,,2,NO INDICATION OF INJURY,0.0,0.0,0.0,0.0,0.0,2.0,0.0,23,5,10,41.9607831963,-87.7326533619,POINT (-87.732653361906 41.960783196319)
1c632aa97729c9fc5aa56bfc63e40320c5b552a6ad75b1e3932c8d00daaffb01b67c4a7be2693e5b8176c458ab43b6338a0de57e74d1548f563a054bd1e394aa,,12/19/2015 09:00:00 PM,5,NO CONTROLS,NO CONTROLS,CLEAR,"DARKNESS, LIGHTED ROAD",PARKED MOTOR VEHICLE,PARKING LOT,0,STRAIGHT AND LEVEL,DRY,NO DEFECTS,NOT ON SCENE (DESK REPORT),NO INJURY / DRIVE AWAY,,,Y,"$501 - $1,500",12/20/2015 09:00:00 AM,UNABLE TO DETERMINE,UNABLE TO DETERMINE,112,W,87TH ST,622.0,,,,,,,2,NO INDICATION OF INJURY,0.0,0.0,0.0,0.0,0.0,1.0,0.0,21,7,12,41.7363800456,-87.627509219,POINT (-87.627509219026 41.736380045588)
f490a2c0e9cff227cfbaa3c19070fc6ae311029492e689c7592edf542147c5d9eafbd700003b9e4d7392a29fb0cebac13d5e759a58c870300aea202bd3a8adca,,12/26/2022 12:10:00 PM,30,TRAFFIC SIGNAL,FUNCTIONING PROPERLY,CLOUDY/OVERCAST,DAYLIGHT,REAR END,FOUR WAY,,STRAIGHT AND LEVEL,SNOW OR SLUSH,NO DEFECTS,ON SCENE,INJURY AND / OR TOW DUE TO CRASH,Y,,,"OVER $1,500",12/26/2022 12:14:00 PM,FOLLOWING TOO CLOSELY,UNABLE TO DETERMINE,4300,S,COTTAGE GROVE AVE,221.0,,,,,,,2,NO INDICATION OF INJURY,0.0,0.0,0.0,0.0,0.0,2.0,0.0,12,2,12,41.8167216261,-87.6068535651,POINT (-87.606853565078 41.816721626101)
dc31b270e419c799d298f9366c1becca822539ff06f3a0d1ef962bcc08c03dc2a53f458acf12c32352cd09c2e20c37d44c7e247465db9060dd9956fc6ce3b598,,10/25/2024 03:26:00 PM,30,NO CONTROLS,NO CONTROLS,CLEAR,DAYLIGHT,TURNING,FOUR WAY,,STRAIGHT AND LEVEL,DRY,UNKNOWN,NOT ON SCENE (DESK REPORT),NO INJURY / DRIVE AWAY,,,Y,"OVER $1,500",10/25/2024 03:26:00 PM,FAILING TO YIELD RIGHT-OF-WAY,NOT APPLICABLE,3929,W,MONTROSE AVE,1723.0,,,,,,,2,NO INDICATION OF INJURY,0.0,0.0,0.0,0.0,0.0,2.0,0.0,15,6,10,41.9608538492,-87.7265405304,POINT (-87.726540530385 41.96085384924)
196b9eb9e8fdfc2868e93eab266f0efdd93cbee797cb0bb32313086f3d8a8b8768b935523aa2bbfe275a1cb5f36388d3659fb09742ac1a7ad46a29ab6af74d30,,05/01/2025 07:10:00 PM,30,NO CONTROLS,NO CONTROLS,CLEAR,DAYLIGHT,PEDESTRIAN,NOT DIVIDED,,STRAIGHT AND LEVEL,DRY,NO DEFECTS,,INJURY AND / OR TOW DUE TO CRASH,,,,$500 OR LESS,05/01/2025 07:12:00 PM,FAILING TO REDUCE SPEED TO AVOID CRASH,NOT APPLICABLE,5940,S,PRAIRIE AVE,232.0,,,,,,,2,INCAPACITATING INJURY,1.0,0.0,1.0,0.0,0.0,2.0,0.0,19,5,5,41.786247408,-87.6191567976,POINT (-87.61915679762 41.786247408047)
1c32fe9e5efc749435a8f3fe5fdbfa4841006e35e17e3665eb576f774004770307178060bbc1cbff4f51789265d0600650983c732d7f2d3baf731080fb06833d,Y,06/12/2019 09:20:00 PM,30,NO CONTROLS,NO CONTROLS,RAIN,"DARKNESS, LIGHTED ROAD",PEDALCYCLIST,DIVIDED - W/MEDIAN (NOT RAISED),,STRAIGHT AND LEVEL,WET,NO DEFECTS,ON SCENE,INJURY AND / OR TOW DUE TO CRASH,,,Y,$500 OR LESS,06/12/2019 09:37:00 PM,FAILING TO YIELD RIGHT-OF-WAY,IMPROPER OVERTAKING/PASSING,5298,N,BROADWAY,2013.0,,,,,,,2,NONINCAPACITATING INJURY,1.0,0.0,0.0,1.0,0.0,1.0,0.0,21,4,6,41.9780507291,-87.6600625887,POINT (-87.660062588737 41.978050729073)
527b7734e828b4e7bf49264794b876a2d7feff00e851e58547d3491b075a7e7860ba970e247b668eb7167f802905e36372677f25970112de881db753d0554bf9,,09/13/2025 07:53:00 PM,30,NO CONTROLS,NO CONTROLS,CLEAR,"DARKNESS, LIGHTED ROAD",ANGLE,NOT DIVIDED,,STRAIGHT AND LEVEL,DRY,NO DEFECTS,NOT ON SCENE (DESK REPORT),NO INJURY / DRIVE AWAY,,,,"$501 - $1,500",09/13/2025 08:05:00 PM,UNABLE TO DETERMINE,NOT APPLICABLE,8,E,9TH ST,123.0,,,,,,,2,NO INDICATION OF INJURY,0.0,0.0,0.0,0.0,0.0,2.0,0.0,19,7,9,41.8706349908,-87.6272775301,POINT (-87.627277530121 41.870634990802)
76484e547391d5ce336a1b9b3404a363d7a79a7e671c1f637a5e574d05cf1a71e46457959dca5224a6a513eb2e01aa2a2d6b668cb820e9843d4c6fb9c8625cca,,06/19/2025 07:30:00 PM,30,NO CONTROLS,NO CONTROLS,RAIN,DARKNESS,SIDESWIPE SAME DIRECTION,DIVIDED - W/MEDIAN (NOT RAISED),,STRAIGHT AND LEVEL,WET,NO DEFECTS,NOT ON SCENE (DESK REPORT),NO INJURY / DRIVE AWAY,,,,"OVER $1,500",06/20/2025 07:56:00 PM,UNABLE TO DETERMINE,NOT APPLICABLE,3363,S,WALLACE ST,915.0,,,,,,,2,NO INDICATION OF INJURY,0.0,0.0,0.0,0.0,0.0,4.0,0.0,19,5,6,41.8327014466,-87.6411332355,POINT (-87.641133235504 41.832701446579)
13ce46b3a450b34a4142254a7ccf6a76d03903cb908f0be112d6b41f6e4a25b064fd54f419e0d66ad2378e4dffbbb6e61df3f734c04ecd2cc98160a2d82b8e9a,,08/01/2021 09:13:00 PM,30,TRAFFIC SIGNAL,FUNCTIONING PROPERLY,CLEAR,"DARKNESS, LIGHTED ROAD",ANGLE,DIVIDED - W/MEDIAN (NOT RAISED),,STRAIGHT AND LEVEL,DRY,NO DEFECTS,ON SCENE,NO INJURY / DRIVE AWAY,Y,,Y,"OVER $1,500",08/01/2021 09:20:00 PM,DISREGARDING TRAFFIC SIGNALS,UNABLE TO DETERMINE,800,N,HOMAN AVE,1121.0,,,,,,,2,NO INDICATION OF INJURY,0.0,0.0,0.0,0.0,0.0,3.0,0.0,21,1,8,41.8955501559,-87.7115841619,POINT (-87.711584161892 41.895550155913)
2dcd383a224711c8c35d94e44aa446f315585f5b97510c2d9eae9651760dbddf2cc36979029837552d2b435497d35299bd52ab08dbc114f4d1be0bf19134b6da,,06/26/2019 05:00:00 AM,20,NO CONTROLS,NO CONTROLS,CLEAR,"DARKNESS, LIGHTED ROAD",PARKED MOTOR VEHICLE,ONE-WAY,,STRAIGHT AND LEVEL,DRY,NO DEFECTS,NOT ON SCENE (DESK REPORT),NO INJURY / DRIVE AWAY,,,Y,$500 OR LESS,06/26/2019 04:45:00 PM,NOT APPLICABLE,NOT APPLICABLE,7346,S,WINCHESTER AVE,735.0,,,,,,,2,NO INDICATION OF INJURY,0.0,0.0,0.0,0.0,0.0,1.0,0.0,5,4,6,41.7597754988,-87.6723327019,POINT (-87.672332701938 41.759775498776)
3f7ec84138d65c267834a3684d0bedf5529a2256f6fb4c5953c664f28a424c83cc0ebdb67ddafb4361ce7f9fc97066580f5419ee3b94543226f1486f714751e5,,06/30/2023 08:00:00 PM,30,TRAFFIC SIGNAL,UNKNOWN,CLEAR,"DARKNESS, LIGHTED ROAD",REAR END,DIVIDED - W/MEDIAN (NOT RAISED),,STRAIGHT AND LEVEL,UNKNOWN,UNKNOWN,NOT ON SCENE (DESK REPORT),NO INJURY / DRIVE AWAY,,,,"OVER $1,500",06/30/2023 08:51:00 PM,UNABLE TO DETERMINE,NOT APPLICABLE,1801,W,IRVING PARK RD,1922.0,,,,,,,2,NO INDICATION OF INJURY,0.0,0.0,0.0,0.0,0.0,4.0,0.0,20,6,6,41.9541043402,-87.6743157688,POINT (-87.674315768797 41.95410434018)
3612a0749bb5ae961e40466761934c51dd8a69fa7b543800d7becceb63d53648d21f8ceb05f1911e983ccd369a8d1c1b92bee8a62d1c31a0b501cb12948cbe2e,,10/14/2021 10:05:00 AM,35,TRAFFIC SIGNAL,FUNCTIONING PROPERLY,CLEAR,DAYLIGHT,PEDESTRIAN,NOT DIVIDED,,STRAIGHT AND LEVEL,DRY,NO DEFECTS,ON SCENE,INJURY AND / OR TOW DUE TO CRASH,,,Y,"$501 - $1,500",10/14/2021 10:10:00 AM,FAILING TO YIELD RIGHT-OF-WAY,FAILING TO YIELD RIGHT-OF-WAY,7701,S,CICERO AVE,834.0,,,,,,,2,INCAPACITATING INJURY,1.0,0.0,1.0,0.0,0.0,1.0,0.0,10,5,10,41.7528220208,-87.7413544932,POINT (-87.741354493194 41.752822020767)
43b2405bc14fff537600004787c86cd230e2d939dc6a018b66a874f808005a8938f9cdf6c6d6334651509fb31d0e45837b71110157b5cab8d5bfda0f7673b075,,02/05/2022 02:22:00 PM,30,NO CONTROLS,NO CONTROLS,CLEAR,DAYLIGHT,REAR END,NOT DIVIDED,,STRAIGHT AND LEVEL,DRY,NO DEFECTS,NOT ON SCENE (DESK REPORT),NO INJURY / DRIVE AWAY,,,,"$501 - $1,500",02/05/2022 02:55:00 PM,NOT APPLICABLE,NOT APPLICABLE,6300,S,LEAMINGTON AVE,813.0,,,,,,,2,NO INDICATION OF INJURY,0.0,0.0,0.0,0.0,0.0,2.0,0.0,14,7,2,41.7782198863,-87.7509351427,POINT (-87.750935142723 41.778219886317)
717a0583b37fab2b45f17a4daa52ce67640ced498b11f31b6c358a4a1a733206149649e18fc4faa3f8995560f5acebaadc88d67a3eee14d57a294e1c3392798d,,06/14/2024 07:00:00 AM,35,TRAFFIC SIGNAL,FUNCTIONING PROPERLY,CLEAR,DAYLIGHT,REAR END,NOT DIVIDED,,STRAIGHT AND LEVEL,DRY,NO DEFECTS,NOT ON SCENE (DESK REPORT),NO INJURY / DRIVE AWAY,Y,,Y,"OVER $1,500",06/14/2024 01:35:00 PM,FAILING TO YIELD RIGHT-OF-WAY,NOT APPLICABLE,7101,S,KEDZIE AVE,831.0,,,,,,,2,NO INDICATION OF INJURY,0.0,0.0,0.0,0.0,0.0,3.0,0.0,7,6,6,41.7642989911,-87.702663979,POINT (-87.702663978997 41.764298991134)
f3bcf7768e2d5bc9cc4846da7c3fdc48d9f37952d33c0afb9ebfd00e657adae1abb2e74be973dcac6d352153f800b76fd7af60ef9b48cd551055e87184afda74,Y,03/16/2020 03:20:00 PM,30,NO CONTROLS,NO CONTROLS,CLEAR,DAYLIGHT,PARKED MOTOR VEHICLE,NOT DIVIDED,,STRAIGHT AND LEVEL,DRY,NO DEFECTS,NOT ON SCENE (DESK REPORT),NO INJURY / DRIVE AWAY,,,Y,$500 OR LESS,03/16/2020 03:45:00 PM,UNABLE TO DETERMINE,UNABLE TO DETERMINE,19,N,AUSTIN BLVD,1513.0,,,,,,,2,NO INDICATION OF INJURY,0.0,0.0,0.0,0.0,0.0,1.0,0.0,15,2,3,41.8807175939,-87.7745296844,POINT (-87.774529684383 41.880717593876)
f504ae2741b96657bc97089329cb933606f2fa5abee267ecfe3b76a21ea773e218b2c8e31f9c23342583088638a5270edab01f72deb23e4e325ce9cfbc2da76f,,01/23/2025 11:45:00 AM,30,STOP SIGN/FLASHER,FUNCTIONING PROPERLY,CLEAR,DAYLIGHT,ANGLE,FOUR WAY,,STRAIGHT AND LEVEL,DRY,NO DEFECTS,NOT ON SCENE (DESK REPORT),NO INJURY / DRIVE AWAY,Y,,,"$501 - $1,500",01/23/2025 12:15:00 PM,FAILING TO YIELD RIGHT-OF-WAY,UNABLE TO DETERMINE,5301,N,KIMBALL AVE,1712.0,,,,,,,2,NO INDICATION OF INJURY,0.0,0.0,0.0,0.0,0.0,2.0,0.0,11,5,1,41.9776202019,-87.7134432619,POINT (-87.713443261925 41.977620201903)
e5240c241ec5777ba804bf82837b1609d27dcd90b09d2d0b17873993669df2058d69d2735c5b8a0d611cf117aa16e2ee1a1bce54e9d182b46ab00e63effc2f1a,,12/01/2017 03:00:00 PM,30,NO CONTROLS,NO CONTROLS,CLEAR,DAYLIGHT,PARKED MOTOR VEHICLE,NOT DIVIDED,,STRAIGHT AND LEVEL,DRY,NO DEFECTS,NOT ON SCENE (DESK REPORT),NO INJURY / DRIVE AWAY,,,,"OVER $1,500",12/01/2017 06:22:00 PM,NOT APPLICABLE,NOT APPLICABLE,2643,S,CENTRAL PARK AVE,1032.0,,,,,,,2,NO INDICATION OF INJURY,0.0,0.0,0.0,0.0,0.0,2.0,0.0,15,6,12,41.8431000739,-87.7146034477,POINT (-87.714603447726 41.843100073865)
7004bf75c21587b47ba86b672bb3e37ac0181baf440c1b42fa13696b1747d66eeef7eef1d7c9ef64dfa7fc59ffe97ead4dd3bf5a7fbbd774ea065bcde5d74414,,02/05/2019 08:45:00 AM,25,NO CONTROLS,NO CONTROLS,CLEAR,DAYLIGHT,SIDESWIPE SAME DIRECTION,NOT DIVIDED,,STRAIGHT AND LEVEL,DRY,NO DEFECTS,NOT ON SCENE (DESK REPORT),NO INJURY / DRIVE AWAY,,,,"$501 - $1,500",02/05/2019 09:40:00 AM,UNABLE TO DETERMINE,UNABLE TO DETERMINE,401,E,ONTARIO ST,1834.0,,,,,,,2,NO INDICATION OF INJURY,0.0,0.0,0.0,0.0,0.0,2.0,0.0,8,3,2,41.8933412963,-87.6175891512,POINT (-87.617589151206 41.893341296312)
0fab5298372e6300765d04cb84ce815a0afae8c02374720c333194416e2025aa920672f54719ba882961d48d1076220dcf126e578ec82b6ed6b2aac362d87cbb,Y,03/01/2018 07:00:00 PM,20,NO CONTROLS,NO CONTROLS,CLEAR,"DARKNESS, LIGHTED ROAD",PARKED MOTOR VEHICLE,NOT DIVIDED,,STRAIGHT AND LEVEL,DRY,NO DEFECTS,NOT ON SCENE (DESK REPORT),NO INJURY / DRIVE AWAY,,,Y,"OVER $1,500",03/02/2018 01:00:00 PM,UNABLE TO DETERMINE,NOT APPLICABLE,1026,N,MASSASOIT AVE,1511.0,,,,,,,2,NO INDICATION OF INJURY,0.0,0.0,0.0,0.0,0.0,1.0,0.0,19,5,3,41.8992687477,-87.7693444492,POINT (-87.76934444917 41.899268747657)
465d7b8a60d96d2ed945543e85b6e59b50f60f2d0853d77763291a5a1d609eaaa7f88be77e4f2d9479d5f8f9db3d1761f322831b52822b0210e8ffd9e1414987,,11/24/2018 04:26:00 AM,0,NO CONTROLS,NO CONTROLS,RAIN,"DARKNESS, LIGHTED ROAD",FIXED OBJECT,PARKING LOT,,STRAIGHT AND LEVEL,WET,NO DEFECTS,ON SCENE,NO INJURY / DRIVE AWAY,,Y,,"OVER $1,500",11/24/2018 04:30:00 AM,EQUIPMENT - VEHICLE CONDITION,EQUIPMENT - VEHICLE CONDITION,3120,S,HALSTED ST,913.0,,,,,,,1,NO INDICATION OF INJURY,0.0,0.0,0.0,0.0,0.0,2.0,0.0,4,7,11,41.8373944311,-87.6464077068,POINT (-87.646407706756 41.837394431137)
e2b767748de41a27114cabba73daa191638395621bf2311a455ba9baf7441892ffc3813cd533e47c36772a740a9f1a88b8b6aaad995090267e243d2ae55fd7f6,,08/08/2025 01:12:00 PM,3,TRAFFIC SIGNAL,FUNCTIONING PROPERLY,CLEAR,DAYLIGHT,SIDESWIPE SAME DIRECTION,T-INTERSECTION,,STRAIGHT AND LEVEL,DRY,UNKNOWN,NOT ON SCENE (DESK REPORT),NO INJURY / DRIVE AWAY,Y,,Y,"OVER $1,500",08/08/2025 01:50:00 PM,IMPROPER OVERTAKING/PASSING,FAILING TO YIELD RIGHT-OF-WAY,700,S,ASHLAND AVE,1231.0,,,,,,,2,NO INDICATION OF INJURY,0.0,0.0,0.0,0.0,0.0,2.0,0.0,13,6,8,41.8728345407,-87.6667160697,POINT (-87.666716069722 41.872834540669)
c95c599ce8c0dbe4bfb15d4ec2695b342940897dbac14a04cc87b78dff86eb2f7d0a9723b1bd763142056cdd2bd3ff324bfa0f99f6acabc01b7251efe732b41e,,01/04/2021 09:45:00 PM,30,TRAFFIC SIGNAL,FUNCTIONING PROPERLY,CLEAR,DARKNESS,TURNING,DIVIDED - W/MEDIAN (NOT RAISED),,STRAIGHT AND LEVEL,WET,NO DEFECTS,ON SCENE,NO INJURY / DRIVE AWAY,Y,,,"OVER $1,500",01/04/2021 09:49:00 PM,UNABLE TO DETERMINE,NOT APPLICABLE,5300,S,HYDE PARK BLVD,234.0,,,,,,,2,NO INDICATION OF INJURY,0.0,0.0,0.0,0.0,0.0,2.0,0.0,21,2,1,41.7995420796,-87.5842010386,POINT (-87.584201038585 41.799542079576)
36aa26192292dbb34478b6a28847a48d94471c6f8c01546460379ce31513ffbd2802d12bdda7337e97ec642cd53096825b8053e8d982d5a37374b2acfbbe026b,,01/09/2018 10:50:00 AM,5,NO CONTROLS,NO CONTROLS,CLEAR,DAYLIGHT,PARKED MOTOR VEHICLE,PARKING LOT,,STRAIGHT AND LEVEL,DRY,NO DEFECTS,ON SCENE,NO INJURY / DRIVE AWAY,,,Y,"$501 - $1,500",01/09/2018 11:00:00 AM,IMPROPER BACKING,NOT APPLICABLE,1199,S,WABASH AVE,123.0,,,,,,,2,NO INDICATION OF INJURY,0.0,0.0,0.0,0.0,0.0,1.0,0.0,10,3,1,41.8675245555,-87.6256838262,POINT (-87.625683826157 41.867524555498)
842c537335323ed4973459a3b4b794f09c5a93e3730cb2d44cfb6a87366283a3c4fab63ad608fe9f8a34c6cdd5e7ab89b4c919bdb1412116caef056a48e1787e,,11/27/2021 06:04:00 PM,40,NO CONTROLS,NO CONTROLS,CLEAR,DARKNESS,OTHER OBJECT,ONE-WAY,,STRAIGHT AND LEVEL,OTHER,"RUT, HOLES",ON SCENE,INJURY AND / OR TOW DUE TO CRASH,,,,"OVER $1,500",11/27/2021 06:13:00 PM,ROAD ENGINEERING/SURFACE/MARKING DEFECTS,NOT APPLICABLE,3300,N,LAKE SHORE DR,1925.0,,,,,,,1,NO INDICATION OF INJURY,0.0,0.0,0.0,0.0,0.0,1.0,0.0,18,7,11,41.9423054194,-87.6401053568,POINT (-87.640105356834 41.942305419413)
91c527ddfa22a16cbffb90250e4ce0b23444b672e50cf4c5e3036ea75464cd9e82c02ce2013f8be70e2dbf0074dc65e7c66887e6735e96cc99a35493c3d964a8,,03/12/2020 12:45:00 PM,30,NO CONTROLS,NO CONTROLS,CLEAR,DAYLIGHT,PARKED MOTOR VEHICLE,ONE-WAY,,STRAIGHT AND LEVEL,DRY,UNKNOWN,ON SCENE,INJURY AND / OR TOW DUE TO CRASH,,,Y,"OVER $1,500",03/12/2020 02:02:00 PM,UNABLE TO DETERMINE,NOT APPLICABLE,11222,S,VERNON AVE,531.0,N,,,,,,2,NO INDICATION OF INJURY,0.0,0.0,0.0,0.0,0.0,1.0,0.0,12,5,3,41.6902443196,-87.6122309978,POINT (-87.612230997773 41.690244319601)
f8ce4f3963ede321cd9eb3f2a920c48c7ec2b90dad895dba39a35e822637b4cb2f3fd196749ec30e7e6c121b79679fd5a4f115a71085f174ee6ff74fba16f5b0,,06/27/2024 07:14:00 AM,0,NO CONTROLS,NO CONTROLS,RAIN,DAYLIGHT,TURNING,DIVIDED - W/MEDIAN (NOT RAISED),,STRAIGHT AND LEVEL,WET,NO DEFECTS,NOT ON SCENE (DESK REPORT),NO INJURY / DRIVE AWAY,,,Y,"OVER $1,500",06/27/2024 08:16:00 AM,IMPROPER TURNING/NO SIGNAL,NOT APPLICABLE,7641,S,JEFFERY BLVD,414.0,,,,,,,2,NO INDICATION OF INJURY,0.0,0.0,0.0,0.0,0.0,2.0,0.0,7,5,6,41.7558421168,-87.5759321378,POINT (-87.575932137817 41.755842116814)
c5ce277c9f87b7e22206f8a9b790ccd1ad544817b6b6285644cfe9de141154c5153f48a3f79d3aba48a63eb5ca706875909963e4cfe17c7edaa6ee9cddd85714,Y,10/11/2016 11:00:00 AM,30,NO CONTROLS,NO CONTROLS,UNKNOWN,UNKNOWN,PARKED MOTOR VEHICLE,NOT DIVIDED,2,"CURVE, LEVEL",UNKNOWN,UNKNOWN,NOT ON SCENE (DESK REPORT),NO INJURY / DRIVE AWAY,,,Y,"$501 - $1,500",10/11/2016 11:20:00 AM,UNABLE TO DETERMINE,UNABLE TO DETERMINE,7405,N,CALIFORNIA AVE,2411.0,,,,,,,2,NO INDICATION OF INJURY,0.0,0.0,0.0,0.0,0.0,1.0,0.0,11,3,10,42.0158698205,-87.699498473,POINT (-87.699498473002 42.015869820539)
2fe90097ba5fc93f0ea204630f6145124acaf52f2af0a492204887b02ce320bc83a332acedae8acd7135b6484a6b4fe7e21703d390e1f2588c530c7f8cf8018d,,01/07/2024 09:01:00 PM,30,NO CONTROLS,NO CONTROLS,CLEAR,"DARKNESS, LIGHTED ROAD",TURNING,DIVIDED - W/MEDIAN (NOT RAISED),,STRAIGHT AND LEVEL,DRY,NO DEFECTS,NOT ON SCENE (DESK REPORT),NO INJURY / DRIVE AWAY,,,,"OVER $1,500",01/07/2024 09:06:00 PM,IMPROPER TURNING/NO SIGNAL,DRIVING SKILLS/KNOWLEDGE/EXPERIENCE,2338,W,CERMAK RD,1234.0,,,,,,,3,NO INDICATION OF INJURY,0.0,0.0,0.0,0.0,0.0,3.0,0.0,21,1,1,41.8521468061,-87.6848108328,POINT (-87.684810832787 41.852146806138)
feab7646e89a46b519d31a0fa9e8c8082a63050438fd1f7c2cd2d26a4f3e4801baefb2c1d32e4076802416567faf97e9f82dea91d77c5d59ca77a1179ad36d0f,,04/05/2020 01:45:00 AM,35,OTHER,NO CONTROLS,CLEAR,"DARKNESS, LIGHTED ROAD",TURNING,DIVIDED - W/MEDIAN (NOT RAISED),,STRAIGHT AND LEVEL,DRY,NO DEFECTS,ON SCENE,INJURY AND / OR TOW DUE TO CRASH,,,,"OVER $1,500",04/05/2020 01:48:00 AM,IMPROPER TURNING/NO SIGNAL,IMPROPER TURNING/NO SIGNAL,6245,S,CICERO AVE,813.0,,,,,,,2,NO INDICATION OF INJURY,0.0,0.0,0.0,0.0,0.0,2.0,0.0,1,1,4,41.7789206654,-87.7421628634,POINT (-87.742162863387 41.778920665381)
7b549ebc6ce2e962fc5f70529ba79f8c73335a16518fe9f1fc722b83f8adad6d232b44d1739f7c6157ff1a455b5882d3d9af94caf113d3d825b3d34900b813f5,,12/30/2023 07:40:00 PM,30,NO CONTROLS,UNKNOWN,UNKNOWN,"DARKNESS, LIGHTED ROAD",SIDESWIPE SAME DIRECTION,ONE-WAY,,STRAIGHT AND LEVEL,UNKNOWN,UNKNOWN,NOT ON SCENE (DESK REPORT),NO INJURY / DRIVE AWAY,N,,,"OVER $1,500",12/30/2023 11:20:00 PM,FAILING TO YIELD RIGHT-OF-WAY,FAILING TO YIELD RIGHT-OF-WAY,129,N,WABASH AVE,111.0,,,,,,,2,NO INDICATION OF INJURY,0.0,0.0,0.0,0.0,0.0,3.0,0.0,19,7,12,41.8839557397,-87.6260902649,POINT (-87.626090264902 41.883955739654)