CRASH_RECORD_ID,CRASH_DATE_EST_I,CRASH_DATE,POSTED_SPEED_LIMIT,TRAFFIC_CONTROL_DEVICE,DEVICE_CONDITION,WEATHER_CONDITION,LIGHTING_CONDITION,FIRST_CRASH_TYPE,TRAFFICWAY_TYPE,LANE_CNT,ALIGNMENT,ROADWAY_SURFACE_COND,ROAD_DEFECT,REPORT_TYPE,CRASH_TYPE,INTERSECTION_RELATED_I,NOT_RIGHT_OF_WAY_I,HIT_AND_RUN_I,DAMAGE,DATE_POLICE_NOTIFIED,PRIM_CONTRIBUTORY_CAUSE,SEC_CONTRIBUTORY_CAUSE,STREET_NO,STREET_DIRECTION,STREET_NAME,BEAT_OF_OCCURRENCE,PHOTOS_TAKEN_I,STATEMENTS_TAKEN_I,DOORING_I,WORK_ZONE_I,WORK_ZONE_TYPE,WORKERS_PRESENT_I,NUM_UNITS,MOST_SEVERE_INJURY,INJURIES_TOTAL,INJURIES_FATAL,INJURIES_INCAPACITATING,INJURIES_NON_INCAPACITATING,INJURIES_REPORTED_NOT_EVIDENT,INJURIES_NO_INDICATION,INJURIES_UNKNOWN,CRASH_HOUR,CRASH_DAY_OF_WEEK,CRASH_MONTH,LATITUDE,LONGITUDE,LOCATION
3efa5aaacfa451bf625b0da6515512dc2782d84bf231c69cc94e71250593d5db8b73a2f1a488f76fba30cc74808723b192bee7a47ffae69ef8e4f26014f0f027,N,11/26/2018 08:28:00 AM,30,STOP SIGN/FLASHER,OTHER,UNKNOWN,DAYLIGHT,REAR END,UNKNOWN,,STRAIGHT AND LEVEL,SNOW OR SLUSH,UNKNOWN,NOT ON SCENE (DESK REPORT),NO INJURY / DRIVE AWAY,N,,N,"$501 - $1,500",11/30/2018 08:55:00 AM,FOLLOWING TOO CLOSELY,FAILING TO REDUCE SPEED TO AVOID CRASH,5756,W,WELLINGTON AVE,2514.0,N,,,,,,2,NO INDICATION OF INJURY,0.0,0.0,0.0,0.0,0.0,2.0,0.0,8,2,11,41.9349725661,-87.7710946925,POINT (-87.771094692502 41.934972566092)
1ef0bd2e68b2290e7722bcf09d0a34b283d9df58b7d407f2c58c62a3a9f30eccbf0f349b5592a24a2efa5d272dbb49950fbe02396ad41b2a4b22df774cb0caed,,11/04/2017 08:10:00 AM,30,NO CONTROLS,NO CONTROLS,CLOUDY/OVERCAST,DAYLIGHT,REAR END,DIVIDED - W/MEDIAN (NOT RAISED),,STRAIGHT AND LEVEL,WET,NO DEFECTS,NOT ON SCENE (DESK REPORT),NO INJURY / DRIVE AWAY,,,,"OVER $1,500",11/04/2017 09:06:00 AM,FAILING TO YIELD RIGHT-OF-WAY,FAILING TO YIELD RIGHT-OF-WAY,2323,W,111TH ST,2212.0,,,,,,,2,NO INDICATION OF INJURY,0.0,0.0,0.0,0.0,0.0,2.0,0.0,8,7,11,41.691679204,-87.6797791725,POINT (-87.679779172526 41.691679204031)
acb40e27a4e6c8a1834d337140bdece84de549314e3e30f74dffb498c94e8b57a19341484b268b6c48d68dcf04676035297ce871939480fa030a9ce226b57430,,04/23/2025 08:13:00 AM,30,UNKNOWN,UNKNOWN,RAIN,UNKNOWN,SIDESWIPE SAME DIRECTION,DIVIDED - W/MEDIAN (NOT RAISED),,STRAIGHT AND LEVEL,WET,UNKNOWN,ON SCENE,INJURY AND / OR TOW DUE TO CRASH,,,,"OVER $1,500",04/23/2025 08:13:00 AM,FAILING TO YIELD RIGHT-OF-WAY,NOT APPLICABLE,4746,N,BROADWAY,1913.0,,,,,,,2,NO INDICATION OF INJURY,0.0,0.0,0.0,0.0,0.0,2.0,0.0,8,4,4,41.9683479123,-87.6595251811,POINT (-87.6595251811 41.9683479123)
fe951dbf4b53ebbbad8b995faefd2bb68825f28829a16522c01bef4e12a0cfa02e3adffd3d2403fe290663a76e4b72171280902d3dca4ed63ae6db4bfc27f630,,11/28/2021 07:30:00 AM,35,TRAFFIC SIGNAL,FUNCTIONING PROPERLY,CLEAR,DAYLIGHT,TURNING,NOT DIVIDED,,STRAIGHT AND LEVEL,DRY,NO DEFECTS,ON SCENE,NO INJURY / DRIVE AWAY,N,,,"OVER $1,500",11/28/2021 07:32:00 AM,UNABLE TO DETERMINE,UNABLE TO DETERMINE,3158,W,51ST ST,923.0,,,,,,,2,NO INDICATION OF INJURY,0.0,0.0,0.0,0.0,0.0,2.0,0.0,7,1,11,41.8009313275,-87.7037074209,POINT (-87.703707420901 41.800931327505)
8b42264860bf437656db94682fb11c81de215d575976e2dd46e11c63ac0938345716a11f7155e953ac47684b49af6de714b7c488e608154d424e87e613708545,,07/09/2018 03:40:00 PM,30,NO CONTROLS,NO CONTROLS,CLEAR,DAYLIGHT,PARKED MOTOR VEHICLE,NOT DIVIDED,2,STRAIGHT AND LEVEL,DRY,NO DEFECTS,ON SCENE,NO INJURY / DRIVE AWAY,,,,"OVER $1,500",07/09/2018 05:07:00 PM,NOT APPLICABLE,NOT APPLICABLE,150,E,SOUTH WATER ST,114.0,,,,,,,2,NO INDICATION OF INJURY,0.0,0.0,0.0,0.0,0.0,1.0,0.0,15,2,7,41.8869384912,-87.6225547807,POINT (-87.622554780691 41.886938491225)
653bae0ec2af9d2d6fb4f6cb06b8a5e8a1260e868d0e16484c569aed62e8a94a637de14d4acbf92f080d828b4a9c9131588e07d4107738ac620f7f51521ec50d,,08/21/2020 08:00:00 PM,25,NO CONTROLS,NO CONTROLS,CLEAR,DUSK,PARKED MOTOR VEHICLE,NOT DIVIDED,,STRAIGHT AND LEVEL,UNKNOWN,UNKNOWN,NOT ON SCENE (DESK REPORT),INJURY AND / OR TOW DUE TO CRASH,,,,"OVER $1,500",08/21/2020 10:00:00 PM,DRIVING SKILLS/KNOWLEDGE/EXPERIENCE,NOT APPLICABLE,6432,W,WELLINGTON AVE,2511.0,,,,,,,2,NO INDICATION OF INJURY,0.0,0.0,0.0,0.0,0.0,1.0,0.0,20,6,8,41.9347512276,-87.7871769618,POINT (-87.787176961796 41.934751227619)
82ab7a6722f25a1d109be7ab53254b047540dedd53052a141fe545b682af8be8cefe88270950464e77e68936278cacfb5c33403662258b81cc9a2cecf1db92de,,09/22/2022 01:40:00 AM,30,STOP SIGN/FLASHER,FUNCTIONING PROPERLY,CLEAR,"DARKNESS, LIGHTED ROAD",PARKED MOTOR VEHICLE,FOUR WAY,,STRAIGHT AND LEVEL,DRY,NO DEFECTS,ON SCENE,NO INJURY / DRIVE AWAY,Y,,,$500 OR LESS,09/22/2022 01:40:00 AM,IMPROPER TURNING/NO SIGNAL,ROAD ENGINEERING/SURFACE/MARKING DEFECTS,3634,W,LE MOYNE ST,2535.0,Y,Y,,,,,2,NO INDICATION OF INJURY,0.0,0.0,0.0,0.0,0.0,1.0,0.0,1,5,9,41.9082797347,-87.7180080234,POINT (-87.718008023444 41.908279734668)
832fda507eae8665da1b3fc1162c95977586467b252b241344f7a4ce09ea9b71fa910e15297dbba2b9fa1c2c84b9769382465939e9a3135c06c84871a5880d74,,10/21/2025 05:40:00 PM,30,TRAFFIC SIGNAL,FUNCTIONING PROPERLY,RAIN,DAYLIGHT,REAR END,FOUR WAY,,STRAIGHT AND LEVEL,WET,UNKNOWN,NOT ON SCENE (DESK REPORT),NO INJURY / DRIVE AWAY,Y,,Y,"$501 - $1,500",10/21/2025 09:07:00 PM,FOLLOWING TOO CLOSELY,FOLLOWING TOO CLOSELY,654,N,CLARK ST,1832.0,,,,,,,2,NO INDICATION OF INJURY,0.0,0.0,0.0,0.0,0.0,2.0,0.0,17,3,10,41.8939894826,-87.6313328842,POINT (-87.631332884202 41.893989482591)
df5b1042ce6fa894dd3e3a35f5e76a84f584edac9f8cf901ee688e986040849d5662dab9c9bc7259e7c52da153e4c1e0b811f7f78cde29fd9f273e0b905c0256,,09/04/2016 01:00:00 AM,30,NO CONTROLS,NO CONTROLS,CLEAR,DAYLIGHT,PARKED MOTOR VEHICLE,UNKNOWN,0,STRAIGHT AND LEVEL,UNKNOWN,UNKNOWN,NOT ON SCENE (DESK REPORT),NO INJURY / DRIVE AWAY,,,,"$501 - $1,500",09/04/2016 02:45:00 PM,UNABLE TO DETERMINE,UNABLE TO DETERMINE,5417,S,KILBOURN AVE,815.0,,,,,,,2,NO INDICATION OF INJURY,0.0,0.0,0.0,0.0,0.0,1.0,0.0,1,1,9,41.7943262235,-87.7353050018,POINT (-87.735305001813 41.794326223457)
2672eae93c35945ba1b9ab79df94b4894bb13615d8ff9e1a29bbf06fb772d899f5b504e026cbe998f331fdbdb36dd0a5453fdb8626cedf549ef48d8467706d54,,04/26/2018 12:45:00 PM,30,NO CONTROLS,NO CONTROLS,CLEAR,DAYLIGHT,TURNING,NOT DIVIDED,2,STRAIGHT AND LEVEL,DRY,NO DEFECTS,NOT ON SCENE (DESK REPORT),NO INJURY / DRIVE AWAY,,,,"OVER $1,500",04/26/2018 04:25:00 PM,FOLLOWING TOO CLOSELY,NOT APPLICABLE,1000,S,ASHLAND AVE,1231.0,,,,,,,2,NO INDICATION OF INJURY,0.0,0.0,0.0,0.0,0.0,2.0,0.0,12,5,4,41.8692201639,-87.6666066762,POINT (-87.666606676226 41.869220163861)
89175f250259798e6360bf8b4fc3499e165cb7a7fd2a792e10b64509905ae341bfd0901344d3ee94d8ec970985247837631187637731274676dc3ef54c6e0af4,,05/07/2022 12:58:00 PM,30,TRAFFIC SIGNAL,FUNCTIONING PROPERLY,CLEAR,DAYLIGHT,FIXED OBJECT,DIVIDED - W/MEDIAN BARRIER,,STRAIGHT AND LEVEL,DRY,NO DEFECTS,ON SCENE,INJURY AND / OR TOW DUE TO CRASH,Y,,,"OVER $1,500",05/07/2022 01:20:00 PM,UNDER THE INFLUENCE OF ALCOHOL/DRUGS (USE WHEN ARREST IS EFFECTED),NOT APPLICABLE,10700,S,HALSTED ST,2233.0,,,,,,,1,NONINCAPACITATING INJURY,1.0,0.0,0.0,1.0,0.0,0.0,0.0,12,7,5,41.6995474147,-87.6427519151,POINT (-87.64275191512 41.699547414667)
c3c33ff807c0a3096b220f6150b34f88cf633fbb63e5e2c341d36e4a225334425c7378d712ecaa3e242347e7d573da9f5093e0f45b909a8dec4b8f19b7aacac6,,10/14/2022 10:00:00 AM,25,NO CONTROLS,NO CONTROLS,CLEAR,DAYLIGHT,REAR END,DIVIDED - W/MEDIAN (NOT RAISED),,STRAIGHT AND LEVEL,DRY,NO DEFECTS,NOT ON SCENE (DESK REPORT),NO INJURY / DRIVE AWAY,,,,"$501 - $1,500",10/14/2022 11:50:00 AM,UNABLE TO DETERMINE,UNABLE TO DETERMINE,2843,W,IRVING PARK RD,1733.0,,,,N,,,2,NO INDICATION OF INJURY,0.0,0.0,0.0,0.0,0.0,4.0,0.0,10,6,10,41.9538553284,-87.6999940478,POINT (-87.699994047796 41.953855328359)
fcfd0588be35e082acf0215ec657c2632ff518adb3bef49cce2b0204126b1f85420f67ea06b30c31bbd1d9e8d50314cb7357838decac6ad4865a4ee4b2da15a5,,07/16/2018 09:11:00 PM,30,TRAFFIC SIGNAL,FUNCTIONING PROPERLY,CLEAR,"DARKNESS, LIGHTED ROAD",REAR END,DIVIDED - W/MEDIAN BARRIER,,STRAIGHT AND LEVEL,DRY,NO DEFECTS,NOT ON SCENE (DESK REPORT),NO INJURY / DRIVE AWAY,,,,"OVER $1,500",07/16/2018 10:15:00 PM,UNABLE TO DETERMINE,UNABLE TO DETERMINE,7301,S,CICERO AVE,833.0,,,,,,,2,NO INDICATION OF INJURY,0.0,0.0,0.0,0.0,0.0,4.0,0.0,21,2,7,41.7603882393,-87.7416271687,POINT (-87.741627168712 41.76038823931)
4ac65d45284bbc4f6d107ec176dac26824c5bd5e13d475237c77cd17297180bab432a3f3c1e59e39450905ff24ac8e2179bb2da65ff2b765623286aa8394c1ee,,09/12/2017 01:00:00 PM,30,NO CONTROLS,NO CONTROLS,CLEAR,DAYLIGHT,PARKED MOTOR VEHICLE,DIVIDED - W/MEDIAN (NOT RAISED),2,STRAIGHT AND LEVEL,DRY,NO DEFECTS,NOT ON SCENE (DESK REPORT),NO INJURY / DRIVE AWAY,,,,"OVER $1,500",09/13/2017 02:00:00 PM,IMPROPER BACKING,NOT APPLICABLE,2358,N,DAMEN AVE,1432.0,,,,,,,2,NO INDICATION OF INJURY,0.0,0.0,0.0,0.0,0.0,2.0,0.0,13,3,9,41.9245131042,-87.6780159496,POINT (-87.678015949604 41.924513104195)
90966ad31fb1832216547c0d34bb6083451e54f31c08698e19ed6f3237b0b9650dc2943cff19172e1675626eb37cb808a11ec41657f16c4e2eddab92f0130a58,,05/29/2019 04:00:00 PM,30,NO CONTROLS,NO CONTROLS,CLEAR,DAYLIGHT,SIDESWIPE SAME DIRECTION,NOT DIVIDED,,STRAIGHT AND LEVEL,DRY,NO DEFECTS,NOT ON SCENE (DESK REPORT),NO INJURY / DRIVE AWAY,,,,"$501 - $1,500",05/29/2019 06:06:00 PM,UNABLE TO DETERMINE,UNABLE TO DETERMINE,3330,E,100TH ST,432.0,,,,,,,2,NO INDICATION OF INJURY,0.0,0.0,0.0,0.0,0.0,2.0,0.0,16,4,5,41.7139335637,-87.5421828922,POINT (-87.54218289219 41.713933563692)
ab0b230055450c77419e6055687f534ad150e863517996b8bd6ac0cf7014113d3c59a18eb86eef1cc98f208ebd8bad496212c8a26fc5fc0365ab46539862f467,,05/09/2018 08:37:00 AM,30,NO CONTROLS,NO CONTROLS,CLOUDY/OVERCAST,DAYLIGHT,ANGLE,NOT DIVIDED,2,STRAIGHT AND LEVEL,WET,NO DEFECTS,ON SCENE,NO INJURY / DRIVE AWAY,,,,"OVER $1,500",05/09/2018 08:39:00 AM,FAILING TO YIELD RIGHT-OF-WAY,"VISION OBSCURED (SIGNS, TREE LIMBS, BUILDINGS, ETC.)",1501,W,74TH ST,734.0,,,,,,,2,NO INDICATION OF INJURY,0.0,0.0,0.0,0.0,0.0,2.0,0.0,8,4,5,41.7593624197,-87.6621337739,POINT (-87.662133773901 41.759362419665)
0fbb8c3efa0ebbc74a788cf4d85c89cb05151bd91311fde045f12174cdb4c3607f583c606d1d3976843889f9595c0edd19b3ac1b694f258a71d5e1de51904be6,,05/10/2018 10:45:00 AM,30,TRAFFIC SIGNAL,FUNCTIONING PROPERLY,CLEAR,DAYLIGHT,REAR END,NOT DIVIDED,4,CURVE ON GRADE,DRY,NO DEFECTS,NOT ON SCENE (DESK REPORT),INJURY AND / OR TOW DUE TO CRASH,,,,"OVER $1,500",05/11/2018 12:50:00 PM,FOLLOWING TOO CLOSELY,UNABLE TO DETERMINE,7952,S,COTTAGE GROVE AVE,624.0,,,,,,,2,"REPORTED, NOT EVIDENT",1.0,0.0,0.0,0.0,1.0,2.0,0.0,10,5,5,41.7497165217,-87.6053434044,POINT (-87.605343404377 41.749716521718)
332cf763d8b4a11b1dc061d896af38e6f28aec748808ec8fa773fdaee6c36f6f50715b1f5af5180b8bc7a7d714f9e92af829ed3866a6774566693d3c71b59db6,,09/23/2024 07:04:00 PM,20,NO CONTROLS,NO CONTROLS,CLEAR,"DARKNESS, LIGHTED ROAD",REAR END,NOT DIVIDED,,STRAIGHT ON GRADE,DRY,NO DEFECTS,,INJURY AND / OR TOW DUE TO CRASH,Y,,,"$501 - $1,500",09/23/2024 07:50:00 PM,FOLLOWING TOO CLOSELY,FOLLOWING TOO CLOSELY,6900,S,WESTERN AVE,832.0,,,,,,,2,NONINCAPACITATING INJURY,2.0,0.0,0.0,2.0,0.0,1.0,0.0,19,2,9,41.7682384769,-87.6834869571,POINT (-87.68348695709 41.76823847692)
f3355a09f7f89908ca1aa781644f4589559db24839fbce7189dafeed9c402014d541198bafa88a12a8f5a34cd0a47bdab68453871470c899b3a84df9b3e42838,,09/07/2017 08:58:00 AM,30,NO CONTROLS,NO CONTROLS,CLEAR,DAYLIGHT,PARKED MOTOR VEHICLE,ONE-WAY,1,STRAIGHT AND LEVEL,DRY,NO DEFECTS,NOT ON SCENE (DESK REPORT),NO INJURY / DRIVE AWAY,,,,"OVER $1,500",09/07/2017 09:33:00 AM,UNABLE TO DETERMINE,NOT APPLICABLE,4403,N,HAMLIN AVE,1723.0,,,,,,,2,NO INDICATION OF INJURY,0.0,0.0,0.0,0.0,0.0,1.0,0.0,8,5,9,41.9611104589,-87.7227849967,POINT (-87.722784996665 41.961110458893)
373d0916157d66c230462f3fb3c26184dc00a5248bb3f145444f3b1f1d41c81a06e199b6976a596548c1ebac1bfaa0a1093c2b0893c9f67bf164d12eada44089,,02/06/2025 08:55:00 AM,30,STOP SIGN/FLASHER,FUNCTIONING PROPERLY,SLEET/HAIL,UNKNOWN,TURNING,FOUR WAY,,STRAIGHT AND LEVEL,ICE,UNKNOWN,NOT ON SCENE (DESK REPORT),NO INJURY / DRIVE AWAY,Y,,,"OVER $1,500",02/07/2025 08:15:00 AM,WEATHER,WEATHER,1516,W,HURON ST,1215.0,,,,,,,3,NO INDICATION OF INJURY,0.0,0.0,0.0,0.0,0.0,2.0,0.0,8,5,2,41.8943814477,-87.6663433218,POINT (-87.666343321814 41.894381447749)
1006d04cc120a055579b567edba7e4de622d375fa54344ccdf2e5ecd46bf13c68183f9c28998a770fc56a6e34071ed25802af1dbe842774ebb90cf53ef7b1b74,,09/14/2019 10:00:00 AM,30,NO CONTROLS,NO CONTROLS,CLEAR,DAYLIGHT,REAR END,NOT DIVIDED,,STRAIGHT AND LEVEL,DRY,NO DEFECTS,NOT ON SCENE (DESK REPORT),NO INJURY / DRIVE AWAY,,,,"OVER $1,500",09/14/2019 11:30:00 AM,FOLLOWING TOO CLOSELY,IMPROPER TURNING/NO SIGNAL,1640,W,CERMAK RD,1234.0,,,,,,,2,NO INDICATION OF INJURY,0.0,0.0,0.0,0.0,0.0,2.0,0.0,10,7,9,41.8524079972,-87.6676864318,POINT (-87.667686431816 41.852407997158)
9de1040575b0c3d8bb0c8c289a9104003b57472607848f6c332ca00a3f8aa30276120337d4ddab1b1c8557e4c1406b2e5b7e48ce88f5430e167c76ead3d5a97e,,05/16/2024 05:00:00 PM,30,UNKNOWN,UNKNOWN,CLEAR,DAYLIGHT,PARKED MOTOR VEHICLE,ONE-WAY,,STRAIGHT AND LEVEL,DRY,NO DEFECTS,NOT ON SCENE (DESK REPORT),NO INJURY / DRIVE AWAY,,,,"OVER $1,500",05/24/2024 02:57:00 PM,UNABLE TO DETERMINE,NOT APPLICABLE,2534,W,WINNEMAC AVE,2031.0,,,,,,,2,NO INDICATION OF INJURY,0.0,0.0,0.0,0.0,0.0,2.0,0.0,17,5,5,41.9730775202,-87.6927812197,POINT (-87.692781219666 41.97307752016)
9b36a6d8f42e3fa143230b73a27ab6cef9730d5fe401d35f5a23db0632c3bd68c2f184e7ae240fdcfdae6751f5b01b6922a24205762669be956319e25b255b06,,09/19/2025 06:20:00 PM,30,NO CONTROLS,NO CONTROLS,CLEAR,DAYLIGHT,REAR TO FRONT,DIVIDED - W/MEDIAN (NOT RAISED),,STRAIGHT AND LEVEL,DRY,UNKNOWN,NOT ON SCENE (DESK REPORT),NO INJURY / DRIVE AWAY,,Y,Y,"OVER $1,500",09/19/2025 08:30:00 PM,UNABLE TO DETERMINE,UNABLE TO DETERMINE,3139,W,16TH ST,1022.0,,,,,,,2,NO INDICATION OF INJURY,0.0,0.0,0.0,0.0,0.0,2.0,0.0,18,6,9,41.8589859663,-87.7045009693,POINT (-87.704500969338 41.858985966332)
411477f0554ba1dcd75cc3029e802619f4d8476ce492f87c41807d62d2218cf327c673d13748d3fd4dfbf770b404760513ad53399b199785e5b4966e5f684ffb,,08/31/2024 12:59:00 PM,25,NO CONTROLS,NO CONTROLS,CLEAR,DAYLIGHT,PARKED MOTOR VEHICLE,NOT DIVIDED,,STRAIGHT AND LEVEL,DRY,NO DEFECTS,ON SCENE,INJURY AND / OR TOW DUE TO CRASH,,,,"OVER $1,500",08/31/2024 01:00:00 PM,"VISION OBSCURED (SIGNS, TREE LIMBS, BUILDINGS, ETC.)",NOT APPLICABLE,2010,W,FULTON ST,1223.0,,,,,,,2,NO INDICATION OF INJURY,0.0,0.0,0.0,0.0,0.0,1.0,0.0,12,7,8,41.8868743396,-87.6772960558,POINT (-87.677296055772 41.886874339602)
f39e323cf80ed8c7232499dff8fb33a0f5fe66f58c01b8055c1498c3af00a106cd5698cef1650e74a57872a756f9c82a7773e804ca25cafe96492b67d7030c4e,,11/30/2023 05:00:00 PM,30,UNKNOWN,UNKNOWN,UNKNOWN,UNKNOWN,PARKED MOTOR VEHICLE,ONE-WAY,,STRAIGHT AND LEVEL,UNKNOWN,UNKNOWN,NOT ON SCENE (DESK REPORT),INJURY AND / OR TOW DUE TO CRASH,,N,Y,"OVER $1,500",12/01/2023 02:35:00 PM,DRIVING SKILLS/KNOWLEDGE/EXPERIENCE,UNABLE TO DETERMINE,2068,W,CONGRESS PKWY,1225.0,,,,,,,2,NO INDICATION OF INJURY,0.0,0.0,0.0,0.0,0.0,1.0,0.0,17,5,11,41.875092012,-87.6788314524,POINT (-87.678831452368 41.875092011965)
5b3187dd83c89a3a500f87298fd186301a239ee5a4bd901b814990620f13e0302a19925eb987a60a38867fa7e157a6a643ecbf7d3421901e2586de007426aa40,,10/21/2016 02:45:00 PM,30,NO CONTROLS,NO CONTROLS,CLEAR,DAYLIGHT,PARKED MOTOR VEHICLE,NOT DIVIDED,4,STRAIGHT AND LEVEL,DRY,NO DEFECTS,NOT ON SCENE (DESK REPORT),NO INJURY / DRIVE AWAY,,,,"OVER $1,500",10/22/2016 06:40:00 PM,IMPROPER OVERTAKING/PASSING,NOT APPLICABLE,1652,W,OGDEN AVE,1224.0,,,,,,,2,NO INDICATION OF INJURY,0.0,0.0,0.0,0.0,0.0,1.0,0.0,14,6,10,41.8797052127,-87.6683716292,POINT (-87.66837162915 41.879705212685)
a8d58a9d97b30e8b29c8b392e0645c293f6f830a07243972278db47098a07583ab25d03982705369b931e69f7fe6ca75d429fe68bc0e31c9d57332a2ec18fdb0,,12/09/2022 04:39:00 PM,30,NO CONTROLS,NO CONTROLS,CLEAR,"DARKNESS, LIGHTED ROAD",PARKED MOTOR VEHICLE,ONE-WAY,,STRAIGHT AND LEVEL,WET,NO DEFECTS,NOT ON SCENE (DESK REPORT),NO INJURY / DRIVE AWAY,,,Y,"OVER $1,500",12/09/2022 06:02:00 PM,DRIVING ON WRONG SIDE/WRONG WAY,UNABLE TO DETERMINE,5307,W,WELLINGTON AVE,2514.0,,,,,,,3,NO INDICATION OF INJURY,0.0,0.0,0.0,0.0,0.0,1.0,0.0,16,6,12,41.9349067977,-87.759345553,POINT (-87.759345553007 41.934906797734)
8e12bbff795a0b1ecfc72fb8f107575b7033a5aee197fa1410088efda854655757b3ab532cd4172c6ae08220033f30b9fc80c55b97c16d969889a2d094881075,,09/19/2015 05:45:00 PM,30,TRAFFIC SIGNAL,FUNCTIONING PROPERLY,UNKNOWN,UNKNOWN,TURNING,DIVIDED - W/MEDIAN (NOT RAISED),,STRAIGHT AND LEVEL,UNKNOWN,UNKNOWN,NOT ON SCENE (DESK REPORT),NO INJURY / DRIVE AWAY,,,,$500 OR LESS,09/28/2015 11:00:00 AM,IMPROPER BACKING,NOT APPLICABLE,599,W,WEBSTER AVE,1812.0,,,,,,,2,NO INDICATION OF INJURY,0.0,0.0,0.0,0.0,0.0,2.0,0.0,17,7,9,41.9217799744,-87.6436631419,POINT (-87.643663141885 41.921779974421)
f108a82e2b5d8d102b1dd59e51526d0d85a2860720e39b8fca55516f83310e4c3b981adbd23b3291aca3f27b646143c9c326053954a4e3205e5bfc8f092a3b83,,10/19/2019 12:03:00 PM,25,NO CONTROLS,NO CONTROLS,CLEAR,DAYLIGHT,TURNING,NOT DIVIDED,,STRAIGHT AND LEVEL,DRY,NO DEFECTS,ON SCENE,INJURY AND / OR TOW DUE TO CRASH,,,,"OVER $1,500",10/19/2019 12:05:00 PM,FAILING TO YIELD RIGHT-OF-WAY,NOT APPLICABLE,2356,W,107TH ST,2212.0,,,,,,,2,NO INDICATION OF INJURY,0.0,0.0,0.0,0.0,0.0,2.0,0.0,12,7,10,41.6991849111,-87.6813152845,POINT (-87.681315284502 41.699184911129)
48988f9d28672493a8540ce26af02facfd1b7d25428e075a0b590157c7d4474ba04907e9b9689090691d7187693c6f8d3e9ba58c476c8176550a643c23da07be,,12/13/2024 06:40:00 AM,25,NO CONTROLS,NO CONTROLS,CLEAR,DAWN,SIDESWIPE SAME DIRECTION,ONE-WAY,,"CURVE, LEVEL",DRY,NO DEFECTS,NOT ON SCENE (DESK REPORT),NO INJURY / DRIVE AWAY,,,Y,"OVER $1,500",12/18/2024 07:30:00 AM,IMPROPER LANE USAGE,NOT APPLICABLE,10000,W,OHARE ST,1651.0,,,,,,,2,NO INDICATION OF INJURY,0.0,0.0,0.0,0.0,0.0,2.0,0.0,6,6,12,41.976201139,-87.9053091251,POINT (-87.905309125103 41.976201139024)
8337bf2d9d7406f194c1dd5525c00a673fb30dae1757e333ad7601950a70da6393c44949df8c7d7f1edefd7fe2bc307950e27716bb80f42f14ff9c2fe6167ecc,,08/12/2022 06:00:00 PM,20,NO CONTROLS,NO CONTROLS,CLEAR,DAYLIGHT,PARKED MOTOR VEHICLE,ONE-WAY,,STRAIGHT AND LEVEL,DRY,NO DEFECTS,ON SCENE,NO INJURY / DRIVE AWAY,,,,"$501 - $1,500",08/12/2022 06:03:00 PM,NOT APPLICABLE,NOT APPLICABLE,6259,S,ARTESIAN AVE,825.0,,,,,,,2,NO INDICATION OF INJURY,0.0,0.0,0.0,0.0,0.0,2.0,0.0,18,6,8,41.7793344623,-87.6847192088,POINT (-87.684719208788 41.779334462322)
705120f82e6ce802b3106483a3678dda53a318a2a75460d4d4c81fc7df5d76b2b28a83340d52c711c48daa2870e95afddccff27641b2de30a190c8fa9005ffca,,12/18/2018 10:30:00 AM,30,UNKNOWN,UNKNOWN,UNKNOWN,UNKNOWN,REAR END,DIVIDED - W/MEDIAN (NOT RAISED),2,STRAIGHT AND LEVEL,UNKNOWN,UNKNOWN,NOT ON SCENE (DESK REPORT),NO INJURY / DRIVE AWAY,,,,"OVER $1,500",12/18/2018 12:15:00 PM,IMPROPER OVERTAKING/PASSING,FAILING TO REDUCE SPEED TO AVOID CRASH,7340,W,ADDISON ST,1631.0,,,,,,,2,NO INDICATION OF INJURY,0.0,0.0,0.0,0.0,0.0,2.0,0.0,10,3,12,41.9452953939,-87.8110407178,POINT (-87.811040717764 41.945295393933)
d0dabec3a26a0ee9df9aaf694ae7eca41a0628e1f478f1468cf55c13d8c970476d1dd51dcd9d62cc63babfdd172c0d719f00a0ab3c48fb65b3b7a91c3a2a04ee,,08/25/2025 10:06:00 PM,30,STOP SIGN/FLASHER,FUNCTIONING PROPERLY,CLEAR,"DARKNESS, LIGHTED ROAD",ANGLE,FOUR WAY,,STRAIGHT ON HILLCREST,DRY,NO DEFECTS,ON SCENE,INJURY AND / OR TOW DUE TO CRASH,Y,,,"OVER $1,500",08/25/2025 10:06:00 PM,FAILING TO YIELD RIGHT-OF-WAY,DISREGARDING STOP SIGN,100,E,108TH ST,513.0,Y,,,,,,2,NONINCAPACITATING INJURY,2.0,0.0,0.0,2.0,0.0,2.0,0.0,22,2,8,41.6981920851,-87.6208450473,POINT (-87.620845047265 41.698192085138)