CRASH_RECORD_ID,CRASH_DATE_EST_I,CRASH_DATE,POSTED_SPEED_LIMIT,TRAFFIC_CONTROL_DEVICE,DEVICE_CONDITION,WEATHER_CONDITION,LIGHTING_CONDITION,FIRST_CRASH_TYPE,TRAFFICWAY_TYPE,LANE_CNT,ALIGNMENT,ROADWAY_SURFACE_COND,ROAD_DEFECT,REPORT_TYPE,CRASH_TYPE,INTERSECTION_RELATED_I,NOT_RIGHT_OF_WAY_I,HIT_AND_RUN_I,DAMAGE,DATE_POLICE_NOTIFIED,PRIM_CONTRIBUTORY_CAUSE,SEC_CONTRIBUTORY_CAUSE,STREET_NO,STREET_DIRECTION,STREET_NAME,BEAT_OF_OCCURRENCE,PHOTOS_TAKEN_I,STATEMENTS_TAKEN_I,DOORING_I,WORK_ZONE_I,WORK_ZONE_TYPE,WORKERS_PRESENT_I,NUM_UNITS,MOST_SEVERE_INJURY,INJURIES_TOTAL,INJURIES_FATAL,INJURIES_INCAPACITATING,INJURIES_NON_INCAPACITATING,INJURIES_REPORTED_NOT_EVIDENT,INJURIES_NO_INDICATION,INJURIES_UNKNOWN,CRASH_HOUR,CRASH_DAY_OF_WEEK,CRASH_MONTH,LATITUDE,LONGITUDE,LOCATION
d3edf6e46b7eb3ca031b9efda777f3339aefd1e42219fc47db0f63361238d6fcacf01cbfa549012f35f8719f9a8155b07c6e02ea6911a57d8eeab4c64c4827ac,,07/27/2023 08:40:00 AM,30,NO CONTROLS,FUNCTIONING PROPERLY,CLEAR,DAYLIGHT,SIDESWIPE SAME DIRECTION,NOT DIVIDED,,STRAIGHT AND LEVEL,UNKNOWN,UNKNOWN,NOT ON SCENE (DESK REPORT),NO INJURY / DRIVE AWAY,,,,"$501 - $1,500",07/27/2023 09:45:00 PM,IMPROPER LANE USAGE,IMPROPER LANE USAGE,5217,N,HARLEM AVE,1613.0,,,,,,,2,NO INDICATION OF INJURY,0.0,0.0,0.0,0.0,0.0,2.0,0.0,8,5,7,41.9760761657,-87.8069031609,POINT (-87.80690316089 41.976076165687)
f29b9092a05b4e81521412c9144483d6c3e74dbfd4a16c1330529b10a673d3eb4eedf7010cab4a622aa1844d12250208d43909cbebf7d355b1e5dd6a090cdd09,,05/09/2024 04:00:00 PM,30,TRAFFIC SIGNAL,FUNCTIONING PROPERLY,CLEAR,DAYLIGHT,ANGLE,"FIVE POINT, OR MORE",,STRAIGHT AND LEVEL,DRY,NO DEFECTS,NOT ON SCENE (DESK REPORT),NO INJURY / DRIVE AWAY,,,,"$501 - $1,500",07/01/2024 11:25:00 AM,FAILING TO REDUCE SPEED TO AVOID CRASH,UNABLE TO DETERMINE,7901,S,STONY ISLAND AVE,411.0,,,,,,,2,NO INDICATION OF INJURY,0.0,0.0,0.0,0.0,0.0,2.0,0.0,16,5,5,41.7514429054,-87.5855058933,POINT (-87.585505893341 41.751442905351)
399273ed8dd1056ac6468d1864dbf5b3ceeb8b76caff37f85b2185c4c45b6b1a630e0438a5a6e69d20a5c69a302c125bb50f74c62c8fd39c1a97fe3bf62beeab,Y,05/16/2022 10:20:00 PM,30,NO CONTROLS,NO CONTROLS,CLEAR,"DARKNESS, LIGHTED ROAD",TURNING,DIVIDED - W/MEDIAN (NOT RAISED),,STRAIGHT AND LEVEL,DRY,NO DEFECTS,ON SCENE,INJURY AND / OR TOW DUE TO CRASH,,,,"OVER $1,500",05/16/2022 10:36:00 PM,FAILING TO YIELD RIGHT-OF-WAY,FAILING TO YIELD RIGHT-OF-WAY,9600,S,HALSTED ST,2223.0,Y,Y,,,,,2,NONINCAPACITATING INJURY,1.0,0.0,0.0,1.0,0.0,2.0,0.0,22,2,5,41.7192579801,-87.6433012241,POINT (-87.643301224122 41.719257980072)
01d8031d7c4a4dac0c13fa62da9e07e66b05b176071d9aaef3a0af1c6f5a760895e7dcfcb0be128b4dccc0146b0b772093007d9c991448617b644ce808eb3006,N,08/20/2017 04:50:00 AM,30,NO CONTROLS,NO CONTROLS,CLEAR,"DARKNESS, LIGHTED ROAD",OTHER OBJECT,NOT DIVIDED,2,STRAIGHT AND LEVEL,DRY,NO DEFECTS,ON SCENE,INJURY AND / OR TOW DUE TO CRASH,,Y,,"OVER $1,500",08/20/2017 04:55:00 AM,UNABLE TO DETERMINE,UNABLE TO DETERMINE,1462,N,MILWAUKEE AVE,1424.0,,,,,,,1,INCAPACITATING INJURY,2.0,0.0,2.0,0.0,0.0,0.0,0.0,4,1,8,41.9083783509,-87.6745692078,POINT (-87.674569207785 41.908378350898)
cbaee77923a9919c0f925c8731948384be40a0b785ee3f0b5798b89c9001df7abb0ca63d186c84ea99b9e5152f1c49a8c248674e7936d0c83ff6323a53795cea,,01/31/2020 07:00:00 AM,30,NO CONTROLS,NO CONTROLS,SNOW,DAYLIGHT,PARKED MOTOR VEHICLE,ONE-WAY,,STRAIGHT AND LEVEL,SNOW OR SLUSH,NO DEFECTS,NOT ON SCENE (DESK REPORT),NO INJURY / DRIVE AWAY,,,,"OVER $1,500",01/31/2020 12:00:00 PM,WEATHER,UNABLE TO DETERMINE,2702,W,WINONA ST,2031.0,,,,,,,2,NO INDICATION OF INJURY,0.0,0.0,0.0,0.0,0.0,1.0,0.0,7,6,1,41.9748896819,-87.6966135463,POINT (-87.696613546264 41.974889681879)
34228a8bdd293b010a78efbb7a27cd1064330123fd3842ae3d6b3b744de3f431addb0ab6af4a333b4e2c1982ef6f508d037f6801370b531b211bf8422434dfdc,,04/04/2018 06:55:00 AM,30,NO CONTROLS,NO CONTROLS,SNOW,DAYLIGHT,REAR END,DIVIDED - W/MEDIAN (NOT RAISED),2,STRAIGHT AND LEVEL,ICE,NO DEFECTS,NOT ON SCENE (DESK REPORT),INJURY AND / OR TOW DUE TO CRASH,,,,"OVER $1,500",04/04/2018 09:15:00 AM,FAILING TO REDUCE SPEED TO AVOID CRASH,UNABLE TO DETERMINE,6045,N,CICERO AVE,1711.0,,,,,,,2,NO INDICATION OF INJURY,0.0,0.0,0.0,0.0,0.0,2.0,0.0,6,4,4,41.9912150946,-87.7481797086,POINT (-87.748179708563 41.99121509459)
42b28bdd8d1055d378631c47c2f87dd8e9f014baba5a9fd1b091c35006143fdaa75dab3e23dfccde77c638825b983e786b8864294b47d806135a8731f2010034,,05/07/2017 02:00:00 PM,30,TRAFFIC SIGNAL,FUNCTIONING PROPERLY,CLEAR,DAYLIGHT,REAR END,DIVIDED - W/MEDIAN (NOT RAISED),2,STRAIGHT AND LEVEL,DRY,NO DEFECTS,NOT ON SCENE (DESK REPORT),NO INJURY / DRIVE AWAY,Y,,,"$501 - $1,500",05/07/2017 02:34:00 PM,FOLLOWING TOO CLOSELY,FAILING TO YIELD RIGHT-OF-WAY,645,N,MICHIGAN AVE,1834.0,,,,,,,2,NO INDICATION OF INJURY,0.0,0.0,0.0,0.0,0.0,3.0,0.0,14,1,5,41.893918609,-87.624085833,POINT (-87.624085832985 41.893918609004)
6b6e170c554a54d765fe380f1c7380f0fb4550ba2d714e7565a8468acb9fd0169d2ee03d79ebb0219c843244e23e68342c533bc84746d895da0a42f014260551,,02/07/2021 10:55:00 AM,15,NO CONTROLS,NO CONTROLS,CLEAR,DAYLIGHT,REAR END,NOT DIVIDED,,STRAIGHT AND LEVEL,SNOW OR SLUSH,NO DEFECTS,ON SCENE,NO INJURY / DRIVE AWAY,,,,"$501 - $1,500",02/07/2021 11:05:00 AM,FOLLOWING TOO CLOSELY,FOLLOWING TOO CLOSELY,3958,W,75TH PL,833.0,,,,,,,2,NO INDICATION OF INJURY,0.0,0.0,0.0,0.0,0.0,2.0,0.0,10,1,2,41.7564950014,-87.7220883849,POINT (-87.722088384942 41.756495001392)
85e6064b8206ea8015f50525b31b928b83ba06a661ac5b051fef88fb73cda91e05bbff4041d590355bb8b177c069840acc78b2fd560633f568d74dda3eee952a,,07/14/2018 09:45:00 AM,40,NO CONTROLS,NO CONTROLS,CLOUDY/OVERCAST,DAYLIGHT,REAR END,NOT DIVIDED,2,STRAIGHT AND LEVEL,WET,NO DEFECTS,ON SCENE,INJURY AND / OR TOW DUE TO CRASH,,,,"OVER $1,500",07/14/2018 09:50:00 AM,FOLLOWING TOO CLOSELY,FAILING TO REDUCE SPEED TO AVOID CRASH,2950,N,LINCOLN AVE,1932.0,,,,,,,2,"REPORTED, NOT EVIDENT",1.0,0.0,0.0,0.0,1.0,1.0,0.0,9,7,7,41.9353984986,-87.6628979213,POINT (-87.662897921268 41.935398498644)
8b58c721632ff890c5aefa948681d9dad92f1a50ddf8a09162528ba89b38b56dbb829cb657814d861d1cf6230b91a9d9b0424c0efddd9bfd0f9f4843944ca24a,,09/07/2018 01:43:00 PM,30,STOP SIGN/FLASHER,FUNCTIONING PROPERLY,CLOUDY/OVERCAST,DAYLIGHT,TURNING,NOT DIVIDED,,STRAIGHT AND LEVEL,DRY,NO DEFECTS,ON SCENE,INJURY AND / OR TOW DUE TO CRASH,,,Y,"OVER $1,500",09/07/2018 03:29:00 PM,FAILING TO YIELD RIGHT-OF-WAY,NOT APPLICABLE,4298,W,FULLERTON AVE,2524.0,,,,,,,2,NO INDICATION OF INJURY,0.0,0.0,0.0,0.0,0.0,2.0,0.0,13,6,9,41.9245067427,-87.7340592208,POINT (-87.734059220779 41.924506742713)
ea22066a5e67f706ded8a336a5f081424dbda55df4fe53ac6cafb060b27a23bb8bfff3029e9d0bde4752dc5e33212552542e3bb621aef1e61f9d43d435343fce,,11/02/2022 08:30:00 AM,30,NO CONTROLS,NO CONTROLS,CLEAR,DAYLIGHT,TURNING,NOT DIVIDED,,STRAIGHT AND LEVEL,DRY,NO DEFECTS,NOT ON SCENE (DESK REPORT),NO INJURY / DRIVE AWAY,,,,"OVER $1,500",11/02/2022 07:21:00 PM,IMPROPER OVERTAKING/PASSING,NOT APPLICABLE,707,E,67TH ST,321.0,,,,,,,2,NO INDICATION OF INJURY,0.0,0.0,0.0,0.0,0.0,2.0,0.0,8,4,11,41.7729935932,-87.6079063034,POINT (-87.60790630336 41.772993593193)
0c538e1dc4caf305325fe07131b341d55476afd152e04aacee5ee6efdc8ca855937700cf4f17d12b55db008e6da7efedb992fa03c59260c54decb0616dd06eff,,07/05/2019 07:30:00 PM,30,UNKNOWN,UNKNOWN,UNKNOWN,DAYLIGHT,SIDESWIPE SAME DIRECTION,NOT DIVIDED,,STRAIGHT AND LEVEL,UNKNOWN,UNKNOWN,NOT ON SCENE (DESK REPORT),NO INJURY / DRIVE AWAY,,,,"OVER $1,500",07/05/2019 08:03:00 PM,UNABLE TO DETERMINE,NOT APPLICABLE,6316,S,COTTAGE GROVE AVE,312.0,,,,,,,2,NO INDICATION OF INJURY,0.0,0.0,0.0,0.0,0.0,2.0,0.0,19,6,7,41.7798668526,-87.6060650722,POINT (-87.606065072175 41.779866852622)
29967a089dbda12fa08ef3bc3d58fdd6dd766e6af4c186cc56d32639c9d25d58d4407ebb4951b8397a51a4e64d8b27e82ef2fe5ba4ca155f8407acb4b08415a2,,01/23/2021 12:55:00 PM,30,NO CONTROLS,NO CONTROLS,CLEAR,DAYLIGHT,REAR END,NOT DIVIDED,,STRAIGHT AND LEVEL,DRY,NO DEFECTS,ON SCENE,INJURY AND / OR TOW DUE TO CRASH,,,,$500 OR LESS,01/23/2021 12:55:00 PM,DRIVING SKILLS/KNOWLEDGE/EXPERIENCE,UNABLE TO DETERMINE,3200,E,100TH ST,431.0,,,,,,,2,"REPORTED, NOT EVIDENT",1.0,0.0,0.0,0.0,1.0,1.0,0.0,12,7,1,41.7136447237,-87.5455906748,POINT (-87.545590674815 41.713644723683)
1384195ef9f60054d01b50aa868fedfcc10ae4a4e229e1c1620a9a8455cf5ee9516b08ef84214d0a5261790bf594b826a6b745dc7e27665d3953cacbf351b74f,,03/06/2025 01:24:00 PM,30,STOP SIGN/FLASHER,FUNCTIONING PROPERLY,CLEAR,DAYLIGHT,TURNING,NOT DIVIDED,,STRAIGHT AND LEVEL,DRY,NO DEFECTS,ON SCENE,INJURY AND / OR TOW DUE TO CRASH,Y,,,"$501 - $1,500",03/06/2025 01:24:00 PM,IMPROPER TURNING/NO SIGNAL,UNABLE TO DETERMINE,10200,S,LOWE AVE,2232.0,,,,,,,2,NONINCAPACITATING INJURY,1.0,0.0,0.0,1.0,0.0,1.0,0.0,13,5,3,41.7086988126,-87.6393838805,POINT (-87.639383880455 41.708698812567)
d3d01450860217433496f41a0739b429d1d7783b390536f4cf7e7fa020a00fecf8a59d2d5111802e5f89e18a62822fee3ddddd50f1b9d4bf8c755318b16e56ea,,05/15/2021 10:15:00 PM,25,NO CONTROLS,NO CONTROLS,UNKNOWN,UNKNOWN,PARKED MOTOR VEHICLE,NOT DIVIDED,,STRAIGHT AND LEVEL,UNKNOWN,UNKNOWN,NOT ON SCENE (DESK REPORT),NO INJURY / DRIVE AWAY,,,Y,"OVER $1,500",07/02/2021 10:15:00 AM,UNABLE TO DETERMINE,UNABLE TO DETERMINE,4345,S,ROCKWELL ST,922.0,,,,,,,2,NO INDICATION OF INJURY,0.0,0.0,0.0,0.0,0.0,1.0,0.0,22,7,5,41.8142923301,-87.6893422894,POINT (-87.689342289395 41.814292330117)
3ff9c1140f217fccecd1cd4fee007cd2be470db3c2a535b03ca6392500d565712c47922ed6172f51424ea449933f59a36be4d254cfc3e2597bdc1e652556e1c6,,03/07/2020 03:05:00 PM,40,NO CONTROLS,NO CONTROLS,CLEAR,DAYLIGHT,REAR END,OTHER,,CURVE ON GRADE,DRY,NO DEFECTS,ON SCENE,NO INJURY / DRIVE AWAY,,,,"$501 - $1,500",03/07/2020 03:10:00 PM,FOLLOWING TOO CLOSELY,NOT APPLICABLE,4400,N,LAKE SHORE DR SB,1914.0,,,,,,,2,NO INDICATION OF INJURY,0.0,0.0,0.0,0.0,0.0,2.0,0.0,15,7,3,41.9620271555,-87.6466396613,POINT (-87.64663966128 41.962027155537)
b885dc22725d35d24f5f5fee40bad6070f3d0827f7ea93947a0357585ceec8e6b473c6dbeca102db1f2e42b3cbf0c7225f59bfc9884dca083a38051ad222c245,,07/23/2024 12:00:00 PM,30,NO CONTROLS,NO CONTROLS,CLEAR,DAYLIGHT,PARKED MOTOR VEHICLE,ONE-WAY,,STRAIGHT AND LEVEL,DRY,NO DEFECTS,NOT ON SCENE (DESK REPORT),NO INJURY / DRIVE AWAY,,,Y,"OVER $1,500",07/23/2024 01:15:00 PM,IMPROPER OVERTAKING/PASSING,NOT APPLICABLE,3719,N,SEMINARY AVE,1923.0,,,,,,,2,NO INDICATION OF INJURY,0.0,0.0,0.0,0.0,0.0,1.0,0.0,12,3,7,41.9496062122,-87.6566429261,POINT (-87.656642926124 41.949606212224)
30d919971629136d9e6717858b6d157231268a3c5b60a64847474555a215f370d0054989f8490bcb935a1f9b1436fd6c86913f79e52b4562a62422ea8109dfc9,,01/09/2018 01:19:00 PM,30,NO CONTROLS,NO CONTROLS,CLEAR,DAYLIGHT,TURNING,NOT DIVIDED,2,STRAIGHT AND LEVEL,WET,NO DEFECTS,ON SCENE,INJURY AND / OR TOW DUE TO CRASH,,,,"OVER $1,500",01/09/2018 01:20:00 PM,IMPROPER TURNING/NO SIGNAL,NOT APPLICABLE,1439,W,BELMONT AVE,1933.0,,,,,,,2,NO INDICATION OF INJURY,0.0,0.0,0.0,0.0,0.0,3.0,0.0,13,3,1,41.9396326884,-87.6653673759,POINT (-87.665367375855 41.939632688372)
8f1ff3dab8dc10be0d3b532cf2eb80e90d1f78d8ec4b948a9ca07a7e1ed73e366a68a220bbc05ef14b606794b9e2ca305b8de28278b700b53ee544dd92702cf4,,10/15/2022 09:10:00 AM,30,NO CONTROLS,NO CONTROLS,CLEAR,DAYLIGHT,SIDESWIPE SAME DIRECTION,ONE-WAY,,STRAIGHT AND LEVEL,DRY,NO DEFECTS,ON SCENE,NO INJURY / DRIVE AWAY,,,,"OVER $1,500",10/15/2022 09:11:00 AM,UNABLE TO DETERMINE,UNABLE TO DETERMINE,4420,N,WHIPPLE ST,1724.0,,,,,,,4,NO INDICATION OF INJURY,0.0,0.0,0.0,0.0,0.0,4.0,0.0,9,7,10,41.9618684042,-87.704746426,POINT (-87.704746426049 41.961868404164)
1a61ed38c890d289f0449e74a66adc45e1bdd72de13a83bf63f08b7c1f8e6fbddc503d5339b5b28a31039b356aad35dcb47d43b2ae8a46ff69c5773c253a2f0c,,07/07/2024 07:15:00 PM,35,NO CONTROLS,NO CONTROLS,CLEAR,DAYLIGHT,REAR END,NOT DIVIDED,,STRAIGHT AND LEVEL,DRY,NO DEFECTS,NOT ON SCENE (DESK REPORT),NO INJURY / DRIVE AWAY,,,,"OVER $1,500",07/08/2024 03:50:00 PM,DRIVING SKILLS/KNOWLEDGE/EXPERIENCE,NOT APPLICABLE,6541,S,CICERO AVE,833.0,,,,,,,2,NO INDICATION OF INJURY,0.0,0.0,0.0,0.0,0.0,3.0,0.0,19,1,7,41.7735646961,-87.7419743118,POINT (-87.741974311795 41.773564696112)
8333e9c3518671b6149ea39141c38f1d679a6977e1eb8e5264de1141d1447590788ab7caa42bbddfbd1c2ceb5ec538255e2336b4ab0949a0e94420612981e581,,12/23/2016 03:45:00 PM,30,NO CONTROLS,NO CONTROLS,CLEAR,DAYLIGHT,REAR END,NOT DIVIDED,2,STRAIGHT AND LEVEL,DRY,NO DEFECTS,NOT ON SCENE (DESK REPORT),NO INJURY / DRIVE AWAY,,,Y,"$501 - $1,500",12/23/2016 04:00:00 PM,FOLLOWING TOO CLOSELY,DISREGARDING TRAFFIC SIGNALS,3628,N,PULASKI RD,1732.0,,,,,,,2,NO INDICATION OF INJURY,0.0,0.0,0.0,0.0,0.0,2.0,0.0,15,6,12,41.9472324527,-87.7275728038,POINT (-87.727572803815 41.947232452686)
b7319b4fe204e0987f35b43b9f6df5f93d8489965cac13181e7284ab51e35a56ba286429eeef8fd55039d7ebd98da63800e0ced7c7960c5a6c0a07962ab475fa,,12/28/2020 12:58:00 PM,30,TRAFFIC SIGNAL,FUNCTIONING PROPERLY,CLEAR,DAYLIGHT,TURNING,FOUR WAY,,STRAIGHT AND LEVEL,DRY,NO DEFECTS,ON SCENE,NO INJURY / DRIVE AWAY,Y,,,"$501 - $1,500",12/28/2020 01:50:00 PM,FOLLOWING TOO CLOSELY,NOT APPLICABLE,4802,W,MONTROSE AVE,1623.0,,,,,,,2,NO INDICATION OF INJURY,0.0,0.0,0.0,0.0,0.0,2.0,0.0,12,2,12,41.9608302412,-87.7476776958,POINT (-87.747677695844 41.960830241206)
314dae91bace1b3f889d717c8b0b6fabd3ed85774f54d0a806e3893c554427815086da0751066b5aa5cfb718acdb60829d6a843ce94cedbc90c7ce51e8ddfb84,,12/22/2016 05:17:00 PM,30,TRAFFIC SIGNAL,FUNCTIONING PROPERLY,CLEAR,DARKNESS,REAR END,DIVIDED - W/MEDIAN (NOT RAISED),3,STRAIGHT AND LEVEL,UNKNOWN,UNKNOWN,NOT ON SCENE (DESK REPORT),NO INJURY / DRIVE AWAY,,,,"$501 - $1,500",12/22/2016 06:00:00 PM,UNABLE TO DETERMINE,UNABLE TO DETERMINE,900,E,PERSHING RD,212.0,,,,,,,2,NO INDICATION OF INJURY,0.0,0.0,0.0,0.0,0.0,2.0,0.0,17,5,12,41.8250919623,-87.603907976,POINT (-87.603907975962 41.825091962315)
6989bfd95ab31aa798ff7b28a198e08c31aef0b0d82d30fa6a1f23eea344f16e5fe3db03fc648cba84ca003f89dd53b3cdeb10b353cbbbf7dfb015071cc37a30,Y,01/11/2018 12:00:00 PM,30,TRAFFIC SIGNAL,FUNCTIONING PROPERLY,RAIN,DAYLIGHT,SIDESWIPE SAME DIRECTION,NOT DIVIDED,,STRAIGHT AND LEVEL,WET,NO DEFECTS,NOT ON SCENE (DESK REPORT),NO INJURY / DRIVE AWAY,,,,"$501 - $1,500",01/11/2018 01:30:00 PM,FAILING TO YIELD RIGHT-OF-WAY,NOT APPLICABLE,5600,N,SHERIDAN RD,2022.0,,,,,,,2,NO INDICATION OF INJURY,0.0,0.0,0.0,0.0,0.0,2.0,0.0,12,5,1,41.9838860408,-87.6553423514,POINT (-87.655342351398 41.983886040841)
bd2a9d9c6493fe8d2d3ce5db9f4a6039c22988b8a1dbd5116b7891c06c44c6bda96ebf00c3f46942a0dd307eaf7083c780057193d67cba35a10fb2b8093a406c,,10/07/2020 05:21:00 AM,35,STOP SIGN/FLASHER,NO CONTROLS,CLEAR,"DARKNESS, LIGHTED ROAD",TURNING,NOT DIVIDED,,STRAIGHT AND LEVEL,DRY,NO DEFECTS,ON SCENE,INJURY AND / OR TOW DUE TO CRASH,,,Y,"OVER $1,500",10/07/2020 05:21:00 AM,UNABLE TO DETERMINE,NOT APPLICABLE,4927,W,MONTROSE AVE,1624.0,,,,,,,2,NO INDICATION OF INJURY,0.0,0.0,0.0,0.0,0.0,2.0,0.0,5,4,10,41.9605724233,-87.7509962541,POINT (-87.750996254079 41.960572423301)
81949d58b742129cfd8df5971a267293ae241603e12b06cf5be57651bd086981d34615b0bfca2ceb3db69c39d944f71d4627e1a41fb07ccb79b2218936595225,,03/19/2022 11:00:00 PM,20,STOP SIGN/FLASHER,FUNCTIONING PROPERLY,CLEAR,"DARKNESS, LIGHTED ROAD",SIDESWIPE OPPOSITE DIRECTION,NOT DIVIDED,,STRAIGHT AND LEVEL,DRY,UNKNOWN,NOT ON SCENE (DESK REPORT),NO INJURY / DRIVE AWAY,,,,"OVER $1,500",03/20/2022 06:58:00 AM,IMPROPER OVERTAKING/PASSING,NOT APPLICABLE,5114,N,WASHTENAW AVE,2031.0,,,,,,,2,NO INDICATION OF INJURY,0.0,0.0,0.0,0.0,0.0,3.0,0.0,23,7,3,41.9745366854,-87.6965587215,POINT (-87.696558721497 41.974536685359)
8abc7d249a440ebce865049bda84ae13297315b9a202b7c75828dad8dfade51418711fbe2b74d88b986e61e2409c428d0c6b76c1575efb360e7fe7521bdc91cb,,05/18/2024 09:45:00 PM,25,TRAFFIC SIGNAL,UNKNOWN,CLEAR,"DARKNESS, LIGHTED ROAD",SIDESWIPE SAME DIRECTION,NOT DIVIDED,,STRAIGHT AND LEVEL,DRY,UNKNOWN,NOT ON SCENE (DESK REPORT),NO INJURY / DRIVE AWAY,Y,,,"$501 - $1,500",05/18/2024 10:00:00 PM,IMPROPER BACKING,NOT APPLICABLE,2559,W,DEVON AVE,2413.0,,,,,,,2,NO INDICATION OF INJURY,0.0,0.0,0.0,0.0,0.0,2.0,0.0,21,7,5,41.9975378031,-87.6946996139,POINT (-87.694699613886 41.997537803101)
e7428a1e90026012c40cad3c5875c470148a41ceb897f7a14dbe4b251297c5e400540f15bd7c0e80ef21a288411d436302f65d06dcf06c5497b82de13c9c7e7c,,11/20/2019 02:05:00 PM,30,NO CONTROLS,NO CONTROLS,CLEAR,DAYLIGHT,SIDESWIPE SAME DIRECTION,NOT DIVIDED,,STRAIGHT AND LEVEL,DRY,NO DEFECTS,ON SCENE,NO INJURY / DRIVE AWAY,,,Y,"OVER $1,500",11/20/2019 02:34:00 PM,IMPROPER LANE USAGE,NOT APPLICABLE,4102,W,LAKE ST,1114.0,,,,,,,2,NO INDICATION OF INJURY,0.0,0.0,0.0,0.0,0.0,2.0,0.0,14,4,11,41.8857199658,-87.7284520172,POINT (-87.728452017155 41.885719965803)
2c316b30486d76d11dafadd04c716351fbdf39836072e4b0660307cac1e464c5572f94dd711174ec3b8c4d285f819337efb99e0c8ea814edc45f9156b610b7ea,,03/18/2020 06:47:00 PM,30,TRAFFIC SIGNAL,FUNCTIONING PROPERLY,CLEAR,"DARKNESS, LIGHTED ROAD",SIDESWIPE SAME DIRECTION,DIVIDED - W/MEDIAN BARRIER,,STRAIGHT AND LEVEL,WET,NO DEFECTS,ON SCENE,INJURY AND / OR TOW DUE TO CRASH,,,,"OVER $1,500",03/18/2020 06:50:00 PM,UNABLE TO DETERMINE,UNABLE TO DETERMINE,10650,S,HALSTED ST,2233.0,,,,,,,2,NO INDICATION OF INJURY,0.0,0.0,0.0,0.0,0.0,3.0,0.0,18,4,3,41.6999551302,-87.642763331,POINT (-87.642763331011 41.69995513018)
1d365963fe671ecf0f814d5cab46950be9626619e7d33668cfadc57e19c07ef810abd5ee5b7e806c361c924ba6a54f09526fe2c3dbc5660758060a74b2e19611,,02/08/2022 04:20:00 PM,30,NO CONTROLS,NO CONTROLS,CLEAR,DAYLIGHT,PEDESTRIAN,DRIVEWAY,,STRAIGHT AND LEVEL,SNOW OR SLUSH,UNKNOWN,ON SCENE,INJURY AND / OR TOW DUE TO CRASH,,,,"OVER $1,500",02/08/2022 04:28:00 PM,UNABLE TO DETERMINE,UNABLE TO DETERMINE,211,N,LOREL AVE,1523.0,,,,,,,2,NONINCAPACITATING INJURY,1.0,0.0,0.0,1.0,0.0,1.0,0.0,16,3,2,41.8847571368,-87.7587511912,POINT (-87.758751191163 41.884757136826)
3b3d551f99abaf31ea66065405a3f7bca7fdba7d5642641152908b3907b51f0505a5eb550d7f316fbd64c0bedee036117af7194513937451bd852ba6dee71f4b,,08/28/2024 05:15:00 AM,20,NO CONTROLS,NO CONTROLS,CLEAR,DAYLIGHT,PARKED MOTOR VEHICLE,PARKING LOT,,STRAIGHT AND LEVEL,DRY,UNKNOWN,NOT ON SCENE (DESK REPORT),NO INJURY / DRIVE AWAY,,,,"OVER $1,500",08/28/2024 07:07:00 PM,EQUIPMENT - VEHICLE CONDITION,UNABLE TO DETERMINE,10242,S,FAIRFIELD AVE,2211.0,,,,,,,2,NO INDICATION OF INJURY,0.0,0.0,0.0,0.0,0.0,1.0,0.0,5,4,8,41.7068201824,-87.690412976,POINT (-87.690412975996 41.70682018244)
3d41e1bf9f207edca34bfaef9596270dae871ee29e2bba3ebc53eca16a1a824b7d888d41f518a2107d8968f75df5ccb1f476fb72d9d98df032ff582559e6546d,,07/21/2017 06:59:00 AM,30,NO CONTROLS,NO CONTROLS,CLEAR,DAYLIGHT,TURNING,NOT DIVIDED,2,STRAIGHT AND LEVEL,DRY,NO DEFECTS,NOT ON SCENE (DESK REPORT),NO INJURY / DRIVE AWAY,,,,"OVER $1,500",07/21/2017 07:39:00 AM,FOLLOWING TOO CLOSELY,FAILING TO YIELD RIGHT-OF-WAY,208,W,CERMAK RD,914.0,,,,,,,2,NO INDICATION OF INJURY,0.0,0.0,0.0,0.0,0.0,2.0,0.0,6,6,7,41.8529554262,-87.6324584296,POINT (-87.632458429568 41.852955426247)
458d03372e68f5b299a4fc3e12edd70d6a237336a383b687d5bed77a4346ccba2e23156ade0ceb0e833fca7a804a2d6eaef8542727aaaa36b342d5c13bd47799,,12/09/2023 07:47:00 AM,30,NO CONTROLS,NO CONTROLS,RAIN,DAYLIGHT,OTHER OBJECT,NOT DIVIDED,,STRAIGHT AND LEVEL,WET,NO DEFECTS,ON SCENE,NO INJURY / DRIVE AWAY,,,,"OVER $1,500",12/09/2023 07:50:00 AM,"VISION OBSCURED (SIGNS, TREE LIMBS, BUILDINGS, ETC.)",NOT APPLICABLE,499,W,POLK ST,124.0,,,,,,,1,NO INDICATION OF INJURY,0.0,0.0,0.0,0.0,0.0,1.0,0.0,7,7,12,41.8719196729,-87.6392829096,POINT (-87.63928290956 41.87191967288)
5e64c12c83b7b06deb0351c5423942c5f3be779d1f7bdf366975ee2c186d8ec5dd9d65173b44a5bde61b101d33f16ea5c496edd28c5631adb88d5122450f9723,,12/10/2024 07:45:00 AM,25,STOP SIGN/FLASHER,FUNCTIONING PROPERLY,CLEAR,DAYLIGHT,REAR END,NOT DIVIDED,,STRAIGHT AND LEVEL,DRY,NO DEFECTS,NOT ON SCENE (DESK REPORT),NO INJURY / DRIVE AWAY,,,,"$501 - $1,500",12/10/2024 05:50:00 PM,FOLLOWING TOO CLOSELY,UNABLE TO DETERMINE,3600,N,AUSTIN AVE,1633.0,,,,,,,2,NO INDICATION OF INJURY,0.0,0.0,0.0,0.0,0.0,2.0,0.0,7,3,12,41.9458132147,-87.7766521616,POINT (-87.776652161564 41.94581321467)