CRASH_RECORD_ID,CRASH_DATE_EST_I,CRASH_DATE,POSTED_SPEED_LIMIT,TRAFFIC_CONTROL_DEVICE,DEVICE_CONDITION,WEATHER_CONDITION,LIGHTING_CONDITION,FIRST_CRASH_TYPE,TRAFFICWAY_TYPE,LANE_CNT,ALIGNMENT,ROADWAY_SURFACE_COND,ROAD_DEFECT,REPORT_TYPE,CRASH_TYPE,INTERSECTION_RELATED_I,NOT_RIGHT_OF_WAY_I,HIT_AND_RUN_I,DAMAGE,DATE_POLICE_NOTIFIED,PRIM_CONTRIBUTORY_CAUSE,SEC_CONTRIBUTORY_CAUSE,STREET_NO,STREET_DIRECTION,STREET_NAME,BEAT_OF_OCCURRENCE,PHOTOS_TAKEN_I,STATEMENTS_TAKEN_I,DOORING_I,WORK_ZONE_I,WORK_ZONE_TYPE,WORKERS_PRESENT_I,NUM_UNITS,MOST_SEVERE_INJURY,INJURIES_TOTAL,INJURIES_FATAL,INJURIES_INCAPACITATING,INJURIES_NON_INCAPACITATING,INJURIES_REPORTED_NOT_EVIDENT,INJURIES_NO_INDICATION,INJURIES_UNKNOWN,CRASH_HOUR,CRASH_DAY_OF_WEEK,CRASH_MONTH,LATITUDE,LONGITUDE,LOCATION
8e4e9f6e889c8f4652a4dee67e81525d290703917cf275ed83ac77a267cf232cbfe33b1804a4220e7f42a352023b1b2e4c6e990bb71fe17fd82f4d825e5a3172,Y,10/03/2016 04:20:00 PM,30,NO CONTROLS,NO CONTROLS,CLEAR,DAYLIGHT,ANGLE,NOT DIVIDED,2,STRAIGHT AND LEVEL,DRY,NO DEFECTS,NOT ON SCENE (DESK REPORT),NO INJURY / DRIVE AWAY,,,,"OVER $1,500",10/03/2016 05:12:00 PM,UNABLE TO DETERMINE,UNABLE TO DETERMINE,800,W,MADISON ST,1224.0,,,,,,,2,NO INDICATION OF INJURY,0.0,0.0,0.0,0.0,0.0,2.0,0.0,16,2,10,41.8818870569,-87.6473928339,POINT (-87.647392833853 41.881887056886)
d0b78f6442f62caf1939ae163168b4034d961d3706f902f21d89d67fccfe66649cef7ea32f4241991656b73306789e8036d6798ab008515d6768ef4f456b58b2,,07/03/2023 10:31:00 AM,10,NO CONTROLS,NO CONTROLS,CLEAR,DAYLIGHT,FIXED OBJECT,PARKING LOT,,STRAIGHT AND LEVEL,DRY,UNKNOWN,ON SCENE,NO INJURY / DRIVE AWAY,,,Y,"OVER $1,500",07/03/2023 11:03:00 AM,IMPROPER BACKING,NOT APPLICABLE,2355,W,CERMAK RD,1034.0,,,,,,,1,NO INDICATION OF INJURY,0.0,0.0,0.0,0.0,0.0,2.0,0.0,10,2,7,41.851922799,-87.6854381358,POINT (-87.685438135832 41.85192279897)
b992ee158eeaf5ffc0c32403645917f00f0cfcd62b5fca21ed87dd94b61f7ece97c8bfc1c198d1883363d9884cc2e2f8c0977fee3b45a0dca10cd2a836aabcdd,,11/14/2025 08:30:00 PM,30,NO CONTROLS,NO CONTROLS,CLEAR,"DARKNESS, LIGHTED ROAD",TURNING,NOT DIVIDED,,STRAIGHT AND LEVEL,WET,NO DEFECTS,NOT ON SCENE (DESK REPORT),NO INJURY / DRIVE AWAY,,,,"OVER $1,500",11/14/2025 10:00:00 PM,FAILING TO YIELD RIGHT-OF-WAY,UNABLE TO DETERMINE,1,E,LOWER WACKER DR,111.0,,,,,,,2,NO INDICATION OF INJURY,0.0,0.0,0.0,0.0,0.0,2.0,0.0,20,6,11,41.8866808297,-87.6279371691,POINT (-87.627937169137 41.886680829713)
700091f6d0797532944ca84a8eb30f10a4c781473a36a8641ea997c09dcb61dfe24142670fd50bc969e37d634b51e764cff252740990b61abac82058b98c4c8a,,08/11/2020 07:00:00 PM,30,TRAFFIC SIGNAL,UNKNOWN,CLEAR,DARKNESS,ANGLE,NOT DIVIDED,,STRAIGHT AND LEVEL,DRY,UNKNOWN,NOT ON SCENE (DESK REPORT),NO INJURY / DRIVE AWAY,,,Y,"OVER $1,500",08/11/2020 08:25:00 PM,DISREGARDING TRAFFIC SIGNALS,NOT APPLICABLE,7900,S,COTTAGE GROVE AVE,624.0,,,,,,,2,NO INDICATION OF INJURY,0.0,0.0,0.0,0.0,0.0,2.0,0.0,19,3,8,41.7511943382,-87.6053673263,POINT (-87.60536732633 41.751194338222)
b62e4c49b82147a8074839f4cc7864bba45f57d2df124da366c094ff81c66c1520748261e73a36eee880d8a247d85d6a610faa311f44a7ef9c1545e7da32b31f,,05/25/2016 08:30:00 AM,30,STOP SIGN/FLASHER,FUNCTIONING PROPERLY,CLEAR,DAYLIGHT,REAR END,ONE-WAY,3,STRAIGHT AND LEVEL,DRY,NO DEFECTS,NOT ON SCENE (DESK REPORT),NO INJURY / DRIVE AWAY,Y,,Y,"OVER $1,500",05/25/2016 08:55:00 AM,UNABLE TO DETERMINE,NOT APPLICABLE,3732,W,OGDEN SD,1014.0,,,,,,,2,NO INDICATION OF INJURY,0.0,0.0,0.0,0.0,0.0,3.0,0.0,8,4,5,,,
53c6e448aa744dfa2a82b5763e1b41efce3c1be6863cfb6bcb44c723f0d3fb3dbaf76ed70ff69a51b7d4b22e9789b6831059271f725f22ad54bbb890edfff6bf,,05/30/2020 02:11:00 AM,30,NO CONTROLS,FUNCTIONING PROPERLY,CLEAR,"DARKNESS, LIGHTED ROAD",ANGLE,NOT DIVIDED,,STRAIGHT AND LEVEL,DRY,UNKNOWN,NOT ON SCENE (DESK REPORT),NO INJURY / DRIVE AWAY,Y,,Y,"$501 - $1,500",05/30/2020 02:35:00 AM,FAILING TO YIELD RIGHT-OF-WAY,UNABLE TO DETERMINE,800,E,87TH ST,632.0,,,,,,,2,NO INDICATION OF INJURY,0.0,0.0,0.0,0.0,0.0,2.0,0.0,2,7,5,41.7367599578,-87.6047645676,POINT (-87.604764567582 41.736759957791)
6529f01404f0e6e656681a1950fa77e30711eb2a9362eeb953ac5bf0e107a28e2b66ede4b05a4e75a5357a50cf4eb43fc87643aa259b6e69dd741f8af773107e,,01/08/2020 03:50:00 PM,30,NO CONTROLS,NO CONTROLS,CLEAR,DAYLIGHT,FIXED OBJECT,NOT DIVIDED,,STRAIGHT AND LEVEL,DRY,"RUT, HOLES",NOT ON SCENE (DESK REPORT),NO INJURY / DRIVE AWAY,,,,"OVER $1,500",01/08/2020 04:00:00 PM,UNABLE TO DETERMINE,NOT APPLICABLE,6100,S,DAMEN AVE,714.0,,,,,,,1,NO INDICATION OF INJURY,0.0,0.0,0.0,0.0,0.0,1.0,0.0,15,4,1,41.7828886437,-87.6741446273,POINT (-87.674144627312 41.782888643678)
77eaabc4bc136fb9b18d139ea5caa4610f86f87f5e2f440ee8589b8ed46aa618b9078325344f11158a1bd3e9599f1e56b141107a7ab21b915430878db3fd1dff,,08/07/2019 12:00:00 PM,30,NO CONTROLS,NO CONTROLS,CLEAR,DAYLIGHT,SIDESWIPE SAME DIRECTION,CENTER TURN LANE,,STRAIGHT AND LEVEL,DRY,NO DEFECTS,NOT ON SCENE (DESK REPORT),NO INJURY / DRIVE AWAY,,,,"$501 - $1,500",08/07/2019 12:30:00 PM,NOT APPLICABLE,NOT APPLICABLE,7200,S,WESTERN AVE,832.0,,,,,,,2,NO INDICATION OF INJURY,0.0,0.0,0.0,0.0,0.0,2.0,0.0,12,4,8,41.7627838419,-87.6833369061,POINT (-87.683336906075 41.762783841947)
0d429b6f45a60bf21f278ad0f2072aaed23c7dcb5b75307f9fc5d2899b871b27eb2e21221eeeec229e2def2c262506ba92aada74530dd6be5ea16f997123179b,Y,06/08/2019 01:00:00 AM,15,NO CONTROLS,NO CONTROLS,CLEAR,DARKNESS,PARKED MOTOR VEHICLE,PARKING LOT,,STRAIGHT AND LEVEL,DRY,NO DEFECTS,NOT ON SCENE (DESK REPORT),NO INJURY / DRIVE AWAY,,,,"$501 - $1,500",06/08/2019 11:21:00 AM,UNABLE TO DETERMINE,UNABLE TO DETERMINE,6527,S,DREXEL AVE,321.0,,,,,,,2,NO INDICATION OF INJURY,0.0,0.0,0.0,0.0,0.0,1.0,0.0,1,7,6,41.7759820453,-87.6032486194,POINT (-87.603248619354 41.775982045279)
1b461697eb276ab5bb62091e3c7f315b7a37500ce481e3c039af3ae2bbda73e25395685815a3860b1a1934d6fd320c3a6c03809b875ba69a482893aeec387be3,,03/21/2020 10:20:00 PM,30,NO CONTROLS,NO CONTROLS,CLEAR,"DARKNESS, LIGHTED ROAD",REAR END,DIVIDED - W/MEDIAN (NOT RAISED),,STRAIGHT AND LEVEL,DRY,UNKNOWN,NOT ON SCENE (DESK REPORT),NO INJURY / DRIVE AWAY,,,,"OVER $1,500",03/22/2020 02:25:00 PM,CELL PHONE USE OTHER THAN TEXTING,UNABLE TO DETERMINE,532,W,79TH ST,621.0,,,,,,,2,NO INDICATION OF INJURY,0.0,0.0,0.0,0.0,0.0,2.0,0.0,22,7,3,41.7508352724,-87.6381453184,POINT (-87.638145318447 41.750835272367)
67a01fbc06a8733492190e77fa32fe2d486621df5bb0b5f6a0ef63b542f574130065e4a8053afcd2a7b37b1aa42b6196ebdc846c7c4a4d38577d334361d525f9,,10/01/2019 02:52:00 PM,30,NO CONTROLS,NO CONTROLS,CLEAR,DAYLIGHT,SIDESWIPE SAME DIRECTION,OTHER,,STRAIGHT AND LEVEL,DRY,NO DEFECTS,ON SCENE,INJURY AND / OR TOW DUE TO CRASH,,,,"OVER $1,500",10/01/2019 02:52:00 PM,IMPROPER OVERTAKING/PASSING,UNABLE TO DETERMINE,4758,S,MICHIGAN AVE,224.0,,,,,,,2,"REPORTED, NOT EVIDENT",1.0,0.0,0.0,0.0,1.0,2.0,0.0,14,3,10,41.8075550983,-87.6229359272,POINT (-87.622935927222 41.807555098327)
253c077ee6e0c989d147a21c1a4cba6d764ed0afa61c87160443b6b266fce27e7bfb0fe49dae57f0821b9eb6d7511df696b0287716df0a51cc7258af541f21b6,,12/11/2021 12:00:00 PM,30,NO CONTROLS,NO CONTROLS,CLEAR,DAYLIGHT,REAR END,DIVIDED - W/MEDIAN BARRIER,,STRAIGHT AND LEVEL,DRY,NO DEFECTS,NOT ON SCENE (DESK REPORT),NO INJURY / DRIVE AWAY,,,,"$501 - $1,500",12/11/2021 01:00:00 PM,FOLLOWING TOO CLOSELY,NOT APPLICABLE,801,W,HARRISON ST,1232.0,,,,,,,2,NO INDICATION OF INJURY,0.0,0.0,0.0,0.0,0.0,2.0,0.0,12,7,12,41.8742343988,-87.647241037,POINT (-87.647241037047 41.874234398808)
ca37a0845529e1b873a9577881763a1796cd311ec815a0f971d9faaf671cd95dbdafb33b4b4da7735b6b12cca118c4a5f79f4c4c064cc365a93f2b51f9bed7ea,,04/24/2018 12:59:00 PM,30,TRAFFIC SIGNAL,FUNCTIONING PROPERLY,CLEAR,DAYLIGHT,REAR END,NOT DIVIDED,4,STRAIGHT AND LEVEL,DRY,NO DEFECTS,NOT ON SCENE (DESK REPORT),NO INJURY / DRIVE AWAY,,,Y,"OVER $1,500",04/24/2018 06:03:00 PM,FOLLOWING TOO CLOSELY,NOT APPLICABLE,2358,W,ROOSEVELT RD,1225.0,,,,,,,2,NO INDICATION OF INJURY,0.0,0.0,0.0,0.0,0.0,2.0,0.0,12,3,4,41.866723906,-87.6859185544,POINT (-87.685918554362 41.866723906033)
7d577a4bcc561945555c1b2347dac226c6115dfb91991cc21fc0256868160df6ce6fd852fac30e190a4a6efac3e6501644a3e3a6d7c613afe2c796d3771719ff,,11/24/2015 07:40:00 PM,30,TRAFFIC SIGNAL,FUNCTIONING PROPERLY,CLEAR,"DARKNESS, LIGHTED ROAD",REAR END,NOT DIVIDED,4,STRAIGHT AND LEVEL,DRY,NO DEFECTS,NOT ON SCENE (DESK REPORT),NO INJURY / DRIVE AWAY,,,,$500 OR LESS,11/24/2015 08:30:00 PM,UNABLE TO DETERMINE,UNABLE TO DETERMINE,7500,S,JEFFERY BLVD,414.0,,,,,,,2,NO INDICATION OF INJURY,0.0,0.0,0.0,0.0,0.0,2.0,0.0,19,3,11,41.7587838191,-87.5762866492,POINT (-87.576286649151 41.758783819129)
f6256a410a0fd2b5d36191b9c0d1e671dd747fdab7851a302044c6884ba784c472a68253bbe1e30860f8a647ff44a380956c746c11003b4bfe955a6d35c39441,Y,06/09/2024 10:00:00 AM,30,STOP SIGN/FLASHER,FUNCTIONING PROPERLY,CLEAR,DAYLIGHT,PARKED MOTOR VEHICLE,NOT DIVIDED,,STRAIGHT AND LEVEL,DRY,NO DEFECTS,ON SCENE,INJURY AND / OR TOW DUE TO CRASH,,,Y,"OVER $1,500",06/09/2024 11:05:00 AM,UNABLE TO DETERMINE,UNABLE TO DETERMINE,5758,W,60TH ST,812.0,,,,,,,3,NO INDICATION OF INJURY,0.0,0.0,0.0,0.0,0.0,1.0,0.0,10,1,6,41.7835727997,-87.766765326,POINT (-87.766765326011 41.783572799708)
b26197bbb76d1dbb6e302c56bb8cfac3192a2de1e2ee98d7de11023c4df445496005378d75701a167ae9f9f6a8d55e595475685c2887b20e13759428a43ea517,,12/31/2020 01:30:00 AM,30,NO CONTROLS,NO CONTROLS,CLEAR,"DARKNESS, LIGHTED ROAD",FIXED OBJECT,NOT DIVIDED,,STRAIGHT AND LEVEL,ICE,NO DEFECTS,ON SCENE,INJURY AND / OR TOW DUE TO CRASH,,,,"OVER $1,500",12/31/2020 01:30:00 AM,WEATHER,UNABLE TO DETERMINE,2,E,87TH ST,632.0,,,,,,,1,INCAPACITATING INJURY,4.0,0.0,1.0,3.0,0.0,0.0,0.0,1,5,12,41.73641095,-87.6240871336,POINT (-87.624087133574 41.736410950037)
9fe08d5860c0f21d0fc1155341ba61414da387971e48e76b6bc6f2c29dc1ee55202a721a8f8d43cff9e2069a33229416a7b391ab95b40271c179fd64cd3adce8,Y,09/07/2019 09:30:00 AM,30,TRAFFIC SIGNAL,FUNCTIONING PROPERLY,CLEAR,DAYLIGHT,REAR END,NOT DIVIDED,,STRAIGHT AND LEVEL,DRY,WORN SURFACE,NOT ON SCENE (DESK REPORT),NO INJURY / DRIVE AWAY,Y,,,"OVER $1,500",09/07/2019 10:15:00 AM,FAILING TO REDUCE SPEED TO AVOID CRASH,UNABLE TO DETERMINE,1399,N,KOSTNER AVE,2534.0,,,,,,,2,NO INDICATION OF INJURY,0.0,0.0,0.0,0.0,0.0,2.0,0.0,9,7,9,41.9060908816,-87.7360915879,POINT (-87.736091587881 41.906090881596)
2f04b6e697c21b191292ed3399915a68a5eded0fe771a4d257dde50a18bffab52cebee7396ad78c728fbd9170dc7e0a3700b5b33ec256913327c5db1ef8634b1,Y,11/26/2024 06:36:00 PM,30,NO CONTROLS,NO CONTROLS,CLEAR,DARKNESS,SIDESWIPE SAME DIRECTION,PARKING LOT,,STRAIGHT AND LEVEL,DRY,NO DEFECTS,ON SCENE,NO INJURY / DRIVE AWAY,,,Y,"OVER $1,500",11/26/2024 06:36:00 PM,FAILING TO YIELD RIGHT-OF-WAY,FAILING TO YIELD RIGHT-OF-WAY,4535,W,FULLERTON AVE,2522.0,,Y,,,,,2,NO INDICATION OF INJURY,0.0,0.0,0.0,0.0,0.0,2.0,0.0,18,3,11,41.9242092625,-87.7403783554,POINT (-87.740378355409 41.924209262493)
c8d9008b32a6ecd7122f5203256671d95178cfa478d3ea40250859178893927b63bc4445c1c73bd933a273b3d37e10a1fb16c41e2a247193613d90bc5b605587,,10/16/2017 06:55:00 AM,30,NO CONTROLS,NO CONTROLS,CLEAR,DAYLIGHT,PARKED MOTOR VEHICLE,NOT DIVIDED,2,STRAIGHT AND LEVEL,DRY,NO DEFECTS,ON SCENE,INJURY AND / OR TOW DUE TO CRASH,,,,"OVER $1,500",10/16/2017 06:55:00 AM,UNABLE TO DETERMINE,UNABLE TO DETERMINE,915,E,61ST ST,313.0,,,,,,,2,NO INDICATION OF INJURY,0.0,0.0,0.0,0.0,0.0,1.0,0.0,6,2,10,41.7839750134,-87.6037378688,POINT (-87.603737868848 41.783975013399)
6580e64f5bf241f065e1f5dac108c364bd2c85db7257c5bd2bfac7b262bf3c71187a7aeb80ba964d88292b38d3204f9321d0982288e0c2cb115009e48450e16a,,11/18/2022 08:13:00 AM,30,NO CONTROLS,NO CONTROLS,OTHER,DAYLIGHT,SIDESWIPE SAME DIRECTION,NOT DIVIDED,,STRAIGHT AND LEVEL,ICE,NO DEFECTS,ON SCENE,NO INJURY / DRIVE AWAY,,,Y,"$501 - $1,500",11/18/2022 08:23:00 AM,WEATHER,UNABLE TO DETERMINE,1728,W,69TH ST,725.0,,,,,,,2,NO INDICATION OF INJURY,0.0,0.0,0.0,0.0,0.0,2.0,0.0,8,6,11,41.7686200349,-87.6675010663,POINT (-87.667501066317 41.768620034855)
dc98b73bdf627d366f40504ceee8fba329c0412824f654920cace0ea1f033df5b5f4acdf05b72225424ac26ccfea0c8ccecb6833ae29162706928ee440f3159d,,11/22/2022 05:00:00 PM,30,NO CONTROLS,NO CONTROLS,CLEAR,DAWN,SIDESWIPE SAME DIRECTION,NOT DIVIDED,,STRAIGHT AND LEVEL,DRY,NO DEFECTS,NOT ON SCENE (DESK REPORT),NO INJURY / DRIVE AWAY,,,,$500 OR LESS,11/22/2022 05:28:00 PM,UNABLE TO DETERMINE,UNABLE TO DETERMINE,5400,N,WESTERN AVE,2011.0,,,,,,,2,NO INDICATION OF INJURY,0.0,0.0,0.0,0.0,0.0,2.0,0.0,17,3,11,41.9796135254,-87.6894458316,POINT (-87.689445831646 41.979613525431)
3870cf563340954c7384b91ff9a2b17c2d3ff0ce3c46c1c746465f5920f0e46def11db69b928e89f961b015a4cb3ea161b042a8de5442ccc936f81e5fab3e164,,06/07/2018 12:37:00 PM,30,NO CONTROLS,NO CONTROLS,CLEAR,DAYLIGHT,TURNING,NOT DIVIDED,2,STRAIGHT AND LEVEL,DRY,NO DEFECTS,NOT ON SCENE (DESK REPORT),NO INJURY / DRIVE AWAY,,,,$500 OR LESS,06/07/2018 01:00:00 PM,IMPROPER LANE USAGE,NOT APPLICABLE,1164,S,CANAL ST,124.0,,,,,,,2,NO INDICATION OF INJURY,0.0,0.0,0.0,0.0,0.0,2.0,0.0,12,5,6,41.8673568541,-87.6393461403,POINT (-87.639346140344 41.867356854077)
9498937e37edb33d6346e64f9a2864d1f415e442947f26caffb5d6b6294aafd49df182b0cbb0ed1e9cf289967bb0bafefbd350f3d6302be3fef3cf0f015827fd,,12/13/2023 03:29:00 AM,30,NO CONTROLS,NO CONTROLS,CLEAR,DAYLIGHT,PARKED MOTOR VEHICLE,UNKNOWN,,STRAIGHT AND LEVEL,DRY,NO DEFECTS,ON SCENE,NO INJURY / DRIVE AWAY,,,,"$501 - $1,500",12/13/2023 03:32:00 AM,NOT APPLICABLE,NOT APPLICABLE,5705,W,NEWPORT AVE,1633.0,,,,,,,2,,,,,,,,,3,4,12,41.942997553,-87.769365902,POINT (-87.769365901983 41.942997552981)
525fe609ce374ceb9f5d5a433cc975441aa2606e38f2c94e6266d67d75f6583f400e2ed8e29ba28ef828c36cdbd06ce9f6dfc043be9f42810118c4090a76569a,,10/21/2019 07:40:00 AM,30,NO CONTROLS,NO CONTROLS,CLEAR,DAYLIGHT,REAR END,RAMP,,STRAIGHT ON HILLCREST,DRY,NO DEFECTS,ON SCENE,NO INJURY / DRIVE AWAY,,,,"$501 - $1,500",10/21/2019 07:50:00 AM,UNABLE TO DETERMINE,NOT APPLICABLE,3150,N,LAKE SHORE DR SB,1934.0,,,,,,,2,NO INDICATION OF INJURY,0.0,0.0,0.0,0.0,0.0,2.0,0.0,7,2,10,41.9396804515,-87.6379521263,POINT (-87.637952126316 41.939680451461)
3106ef5137dd2841124bfe33c94a12dc672be4ba0e5d48de84027917184cfcb4ff95a314e4a7258aec7f753e9bbe77e1d03a3d85f7ff25f98b05cf81400b5cc4,,06/06/2016 08:30:00 PM,30,TRAFFIC SIGNAL,FUNCTIONING PROPERLY,CLEAR,DARKNESS,REAR END,RAMP,2,STRAIGHT AND LEVEL,DRY,NO DEFECTS,NOT ON SCENE (DESK REPORT),NO INJURY / DRIVE AWAY,,,,$500 OR LESS,06/06/2016 09:40:00 PM,UNABLE TO DETERMINE,NOT APPLICABLE,1600,E,103RD ST,431.0,,,,,,,2,NO INDICATION OF INJURY,0.0,0.0,0.0,0.0,0.0,2.0,0.0,20,2,6,41.7078998865,-87.5848228888,POINT (-87.584822888781 41.707899886453)
8c9c9ef61d99e28387279201f926eeeca9c632e9380e3975893568a78ad91b837680252f3690c5fa16543b59f04dd0f213394c07f498ba0e61506f6fe98bda00,,04/23/2022 02:18:00 PM,30,NO CONTROLS,NO CONTROLS,CLEAR,DAYLIGHT,ANGLE,NOT DIVIDED,,STRAIGHT AND LEVEL,DRY,UNKNOWN,ON SCENE,INJURY AND / OR TOW DUE TO CRASH,,,Y,"OVER $1,500",04/23/2022 02:18:00 PM,FAILING TO YIELD RIGHT-OF-WAY,FAILING TO YIELD RIGHT-OF-WAY,5459,S,DAMEN AVE,932.0,,,,,,,2,NONINCAPACITATING INJURY,2.0,0.0,0.0,2.0,0.0,1.0,0.0,14,7,4,41.7940133348,-87.6741591019,POINT (-87.674159101906 41.794013334818)
b38f7063c065662bdacb5edb73941848c7f5f01f885b770f7d93443542887034a14be0a1747fc91f938a92a7bbdc027ebe9c86df63b535b46ffb5c09d5d1c1ac,,05/29/2017 02:00:00 AM,30,NO CONTROLS,NO CONTROLS,CLEAR,"DARKNESS, LIGHTED ROAD",SIDESWIPE SAME DIRECTION,NOT DIVIDED,2,STRAIGHT AND LEVEL,DRY,NO DEFECTS,ON SCENE,NO INJURY / DRIVE AWAY,,,Y,"OVER $1,500",05/29/2017 02:50:00 AM,IMPROPER OVERTAKING/PASSING,IMPROPER LANE USAGE,1249,N,AUSTIN BLVD,2531.0,,,,,,,4,NO INDICATION OF INJURY,0.0,0.0,0.0,0.0,0.0,3.0,0.0,2,2,5,41.903441856,-87.7752627831,POINT (-87.775262783068 41.903441856014)
acf5bacc445577a91046451698ec417ef56a36da6987d84afc95ed9a9da22a3400c7ae44208dd9e953d543990e21d527cc329c8b372f1c511d5030b9d981c63c,,10/18/2022 08:29:00 PM,30,TRAFFIC SIGNAL,FUNCTIONING PROPERLY,CLEAR,"DARKNESS, LIGHTED ROAD",PEDESTRIAN,DIVIDED - W/MEDIAN (NOT RAISED),,STRAIGHT AND LEVEL,DRY,NO DEFECTS,ON SCENE,INJURY AND / OR TOW DUE TO CRASH,Y,,,$500 OR LESS,10/18/2022 08:45:00 PM,FAILING TO YIELD RIGHT-OF-WAY,UNABLE TO DETERMINE,801,W,FULLERTON AVE,1812.0,,,,,,,2,NONINCAPACITATING INJURY,1.0,0.0,0.0,1.0,0.0,1.0,0.0,20,3,10,41.9253432955,-87.648818374,POINT (-87.648818374012 41.925343295498)
ee8874d9092beb5371bcccd04cc4b33fae36310e39148ea303050719d9ac4e8a04cbd2fbda4981c368de7a4570c30cad4eb8a2241e28ead7be49f77f790b1a5d,Y,08/29/2019 12:30:00 PM,30,NO CONTROLS,NO CONTROLS,CLEAR,DAYLIGHT,SIDESWIPE SAME DIRECTION,NOT DIVIDED,,STRAIGHT AND LEVEL,DRY,NO DEFECTS,ON SCENE,NO INJURY / DRIVE AWAY,,,,"$501 - $1,500",08/29/2019 12:35:00 PM,IMPROPER OVERTAKING/PASSING,DRIVING SKILLS/KNOWLEDGE/EXPERIENCE,5446,S,HALSTED ST,934.0,,Y,,,,,2,NO INDICATION OF INJURY,0.0,0.0,0.0,0.0,0.0,2.0,0.0,12,5,8,41.7947198161,-87.6453166756,POINT (-87.645316675556 41.794719816051)
37c5ec328ce0754722a920ea2bab047e6953dc27ee6b35882b68eb59902720c52f6e375cc79f8df2a35b936f9e0761475cb49949a0cd72db32aa5a0ebbd9c30a,,05/16/2022 09:00:00 AM,30,NO CONTROLS,NO CONTROLS,CLEAR,DAYLIGHT,PEDALCYCLIST,DIVIDED - W/MEDIAN (NOT RAISED),,STRAIGHT AND LEVEL,DRY,NO DEFECTS,,INJURY AND / OR TOW DUE TO CRASH,,,,"$501 - $1,500",05/16/2022 06:15:00 PM,UNABLE TO DETERMINE,UNABLE TO DETERMINE,116,S,HALSTED ST,1232.0,,,Y,,,,2,"REPORTED, NOT EVIDENT",1.0,0.0,0.0,0.0,1.0,1.0,0.0,9,2,5,41.879942323,-87.6474527438,POINT (-87.647452743828 41.879942323012)
ef300b225e699bbc11fe7eabaee27e9ff4b7c07fcaec11c88a1de2565b8bfed1abbad9d1d98afc00babd430e4836597c3b7dca68bf58e9600996243dc0463c36,,01/06/2018 03:45:00 PM,30,UNKNOWN,UNKNOWN,CLEAR,DAYLIGHT,ANGLE,PARKING LOT,,STRAIGHT AND LEVEL,WET,UNKNOWN,NOT ON SCENE (DESK REPORT),NO INJURY / DRIVE AWAY,,,,"OVER $1,500",01/06/2018 04:40:00 PM,UNABLE TO DETERMINE,NOT APPLICABLE,6420,W,FULLERTON AVE,2512.0,,,,,,,2,NO INDICATION OF INJURY,0.0,0.0,0.0,0.0,0.0,2.0,0.0,15,7,1,41.9237817967,-87.7862536744,POINT (-87.786253674433 41.92378179667)
1a427f630b2f3cda81b0ba3b10f1b440269ac1d5b62b609099713088c4b896852401abdc80da95c06af0f2d2e3dc3da71d887e4fb80ed80dd15b38abd620386a,,05/05/2019 08:00:00 PM,30,UNKNOWN,UNKNOWN,CLEAR,DUSK,TURNING,NOT DIVIDED,,STRAIGHT AND LEVEL,DRY,UNKNOWN,NOT ON SCENE (DESK REPORT),NO INJURY / DRIVE AWAY,,,,"$501 - $1,500",05/05/2019 09:00:00 PM,IMPROPER TURNING/NO SIGNAL,DISREGARDING ROAD MARKINGS,1800,S,RUBLE ST,1235.0,,,,,,,2,NO INDICATION OF INJURY,0.0,0.0,0.0,0.0,0.0,2.0,0.0,20,1,5,41.8575477459,-87.6439260927,POINT (-87.643926092669 41.857547745949)
f6aa61bcb57a52207b05965253bffcd4505970b321debc09f2f81a35ab382fb6dc0d0cb1064765203aac977c403eb7da11d5ff4c01c47f028b6e7b21d7095fa1,,05/23/2017 03:40:00 PM,30,NO CONTROLS,NO CONTROLS,RAIN,DAYLIGHT,REAR END,NOT DIVIDED,4,STRAIGHT AND LEVEL,WET,NO DEFECTS,ON SCENE,INJURY AND / OR TOW DUE TO CRASH,,,,"OVER $1,500",05/23/2017 03:56:00 PM,FAILING TO REDUCE SPEED TO AVOID CRASH,WEATHER,5905,N,SHERIDAN RD,2022.0,,,,,,,4,"REPORTED, NOT EVIDENT",2.0,0.0,0.0,0.0,2.0,4.0,0.0,15,3,5,41.9893706269,-87.6552159561,POINT (-87.655215956078 41.989370626894)
ba33cac69bce0f5d70d33a8a1be578670b53f2132c1d86205236f1b656cd18e411ec0af1b1ed15aff3504e4c9dfa76764616cb654ff8e62a82355eca22d7ffe2,,03/08/2024 07:56:00 PM,30,UNKNOWN,UNKNOWN,RAIN,"DARKNESS, LIGHTED ROAD",PARKED MOTOR VEHICLE,FOUR WAY,,STRAIGHT AND LEVEL,WET,UNKNOWN,ON SCENE,NO INJURY / DRIVE AWAY,,,,"OVER $1,500",03/08/2024 07:59:00 PM,UNABLE TO DETERMINE,NOT APPLICABLE,817,W,IRVING PARK RD,1923.0,,,,,,,2,NO INDICATION OF INJURY,0.0,0.0,0.0,0.0,0.0,1.0,0.0,19,6,3,41.9544383802,-87.6504873028,POINT (-87.65048730283 41.954438380169)