CRASH_RECORD_ID,CRASH_DATE_EST_I,CRASH_DATE,POSTED_SPEED_LIMIT,TRAFFIC_CONTROL_DEVICE,DEVICE_CONDITION,WEATHER_CONDITION,LIGHTING_CONDITION,FIRST_CRASH_TYPE,TRAFFICWAY_TYPE,LANE_CNT,ALIGNMENT,ROADWAY_SURFACE_COND,ROAD_DEFECT,REPORT_TYPE,CRASH_TYPE,INTERSECTION_RELATED_I,NOT_RIGHT_OF_WAY_I,HIT_AND_RUN_I,DAMAGE,DATE_POLICE_NOTIFIED,PRIM_CONTRIBUTORY_CAUSE,SEC_CONTRIBUTORY_CAUSE,STREET_NO,STREET_DIRECTION,STREET_NAME,BEAT_OF_OCCURRENCE,PHOTOS_TAKEN_I,STATEMENTS_TAKEN_I,DOORING_I,WORK_ZONE_I,WORK_ZONE_TYPE,WORKERS_PRESENT_I,NUM_UNITS,MOST_SEVERE_INJURY,INJURIES_TOTAL,INJURIES_FATAL,INJURIES_INCAPACITATING,INJURIES_NON_INCAPACITATING,INJURIES_REPORTED_NOT_EVIDENT,INJURIES_NO_INDICATION,INJURIES_UNKNOWN,CRASH_HOUR,CRASH_DAY_OF_WEEK,CRASH_MONTH,LATITUDE,LONGITUDE,LOCATION
504462173cfbcbeaaf6f61b2e19146caa77f81bd93fbe6af2f49dfaa1261d8618454824153c84ba63ec177254171efe494f9b9a10f1473286672559ca7ade729,,11/05/2022 06:05:00 AM,30,NO CONTROLS,NO CONTROLS,RAIN,"DARKNESS, LIGHTED ROAD",OTHER OBJECT,DIVIDED - W/MEDIAN BARRIER,,STRAIGHT AND LEVEL,WET,NO DEFECTS,NOT ON SCENE (DESK REPORT),NO INJURY / DRIVE AWAY,,,,"OVER $1,500",11/05/2022 06:20:00 AM,WEATHER,NOT APPLICABLE,1225,W,HARRISON ST,1231.0,,,,,,,1,NO INDICATION OF INJURY,0.0,0.0,0.0,0.0,0.0,1.0,0.0,6,7,11,41.8741541583,-87.6578709238,POINT (-87.657870923763 41.874154158281)
a6bc7ac3eab71712f5a7623673a481bc678ca4aac661002aa0f82739836a057d4be98d3f54bb68ee55954906f3e8f80c7d318763bdc67c3459d275c944f2b65e,,07/18/2022 11:45:00 PM,30,TRAFFIC SIGNAL,FUNCTIONING PROPERLY,CLEAR,"DARKNESS, LIGHTED ROAD",REAR END,DIVIDED - W/MEDIAN (NOT RAISED),,STRAIGHT AND LEVEL,DRY,NO DEFECTS,ON SCENE,NO INJURY / DRIVE AWAY,Y,,Y,"OVER $1,500",07/18/2022 11:51:00 PM,DISREGARDING OTHER TRAFFIC SIGNS,NOT APPLICABLE,4900,W,NORTH AVE,2533.0,,,,,,,2,NO INDICATION OF INJURY,0.0,0.0,0.0,0.0,0.0,2.0,0.0,23,2,7,41.9096941747,-87.7492956528,POINT (-87.749295652768 41.909694174654)
f73beba39ed1549c47b5e642ee13e81fad531e20b4bbf3cea503dc908e0aa045586d877dfce623ee73051748d2fdaaa43590829de51ae99ea6d51db64b86d3b8,,11/10/2019 02:02:00 PM,30,NO CONTROLS,NO CONTROLS,CLEAR,DAYLIGHT,SIDESWIPE SAME DIRECTION,NOT DIVIDED,,STRAIGHT AND LEVEL,UNKNOWN,UNKNOWN,NOT ON SCENE (DESK REPORT),NO INJURY / DRIVE AWAY,,,,"OVER $1,500",11/10/2019 02:02:00 PM,FAILING TO REDUCE SPEED TO AVOID CRASH,FAILING TO REDUCE SPEED TO AVOID CRASH,3943,N,BROADWAY,1923.0,,,,,,,2,NO INDICATION OF INJURY,0.0,0.0,0.0,0.0,0.0,2.0,0.0,14,1,11,41.9540376871,-87.6500333791,POINT (-87.65003337907 41.954037687106)
d3c7f1aec3b9f8a7642eadbd54df368a5de6ec63988f3e9fc01597a078eaedbd6079d75f472273a77d89895479133bdd9fd16c910c98ccc22f5e024bd1fa64e3,Y,06/03/2021 01:21:00 PM,30,STOP SIGN/FLASHER,FUNCTIONING PROPERLY,CLEAR,DAYLIGHT,ANGLE,FOUR WAY,,STRAIGHT AND LEVEL,DRY,NO DEFECTS,ON SCENE,NO INJURY / DRIVE AWAY,Y,,,"OVER $1,500",06/03/2021 01:23:00 PM,DISREGARDING TRAFFIC SIGNALS,FAILING TO YIELD RIGHT-OF-WAY,1100,N,WOLCOTT AVE,1212.0,,,,,,,2,NO INDICATION OF INJURY,0.0,0.0,0.0,0.0,0.0,2.0,0.0,13,5,6,41.9014726779,-87.6749153236,POINT (-87.674915323575 41.901472677904)
54d13351f34c3f45fc8fa73128111be995dd671c8f8b52f3e0bb24d742ddc8cd86745d77360829c666edc50e30f25b3a76bd0a7a1af55b7b44dabf64ecf6df5e,,12/08/2016 08:00:00 AM,30,NO CONTROLS,NO CONTROLS,CLEAR,DAYLIGHT,ANGLE,NOT DIVIDED,4,STRAIGHT AND LEVEL,DRY,NO DEFECTS,NOT ON SCENE (DESK REPORT),NO INJURY / DRIVE AWAY,,,Y,"OVER $1,500",12/08/2016 10:35:00 AM,UNABLE TO DETERMINE,NOT APPLICABLE,2452,S,ROCKWELL ST,1034.0,,,,,,,2,NO INDICATION OF INJURY,0.0,0.0,0.0,0.0,0.0,2.0,0.0,8,5,12,41.8467554016,-87.6905443309,POINT (-87.690544330905 41.846755401638)
61e75b08ef10885384da79bed732939839ed7e830539d529ff35f2591b34862c47361de3ffa2d745e65ded6812aa4de5588042886f650ad5c29101a4661f3d87,,06/29/2016 04:40:00 PM,30,TRAFFIC SIGNAL,FUNCTIONING PROPERLY,CLEAR,DAYLIGHT,TURNING,DIVIDED - W/MEDIAN (NOT RAISED),,STRAIGHT AND LEVEL,DRY,NO DEFECTS,ON SCENE,NO INJURY / DRIVE AWAY,,,Y,$500 OR LESS,06/29/2016 04:50:00 PM,UNABLE TO DETERMINE,UNABLE TO DETERMINE,6657,S,STONY ISLAND AVE,331.0,,,,,,,2,NO INDICATION OF INJURY,0.0,0.0,0.0,0.0,0.0,2.0,0.0,16,4,6,41.7734949045,-87.5859553471,POINT (-87.585955347059 41.773494904532)
ff6aae5536a69febdb9656b4737eaad7c55618b02168b224f600e1d21d970b91da7ee18b01f38115420c1bc12d8b93b984d52ba29f22fbfd6b08eec02b509698,,06/25/2019 11:15:00 AM,10,NO CONTROLS,NO CONTROLS,CLEAR,DAYLIGHT,TURNING,DRIVEWAY,,STRAIGHT AND LEVEL,DRY,NO DEFECTS,NOT ON SCENE (DESK REPORT),NO INJURY / DRIVE AWAY,,,,"$501 - $1,500",06/25/2019 05:50:00 PM,FOLLOWING TOO CLOSELY,UNABLE TO DETERMINE,3049,N,PULASKI RD,2523.0,,,,,,,2,NO INDICATION OF INJURY,0.0,0.0,0.0,0.0,0.0,2.0,0.0,11,3,6,41.9368711559,-87.7269755122,POINT (-87.726975512168 41.936871155869)
d017a9d31390564885312b0a9594ce2efcb22e063c03bd0bd26a9b0ba92a32e31bb3b69fbe29bd74b99ce4f68efe1d43220c5bd53ecf6eb305548203a77436b2,Y,06/18/2021 03:20:00 AM,30,UNKNOWN,UNKNOWN,UNKNOWN,UNKNOWN,PARKED MOTOR VEHICLE,ONE-WAY,,STRAIGHT AND LEVEL,UNKNOWN,UNKNOWN,NOT ON SCENE (DESK REPORT),NO INJURY / DRIVE AWAY,,,Y,"$501 - $1,500",06/18/2021 09:13:00 AM,UNABLE TO DETERMINE,NOT APPLICABLE,6555,S,ROCKWELL ST,832.0,,,,,,,2,NO INDICATION OF INJURY,0.0,0.0,0.0,0.0,0.0,1.0,0.0,3,6,6,41.7739135216,-87.6882374892,POINT (-87.688237489191 41.773913521568)
0d83bcff763b9cd65336903588ff9bfb531c27a8611124c97fb228766c2e5fcaec7a687c9c2ea0c1f9944589c17b541404a3c922edd376a94871f3214d8d547f,Y,09/11/2021 04:25:00 AM,30,TRAFFIC SIGNAL,FUNCTIONING PROPERLY,CLEAR,"DARKNESS, LIGHTED ROAD",TURNING,FOUR WAY,,STRAIGHT AND LEVEL,DRY,NO DEFECTS,ON SCENE,INJURY AND / OR TOW DUE TO CRASH,Y,,Y,"OVER $1,500",09/11/2021 04:29:00 AM,UNABLE TO DETERMINE,UNABLE TO DETERMINE,1955,N,CALIFORNIA AVE,1421.0,,,,,,,2,NO INDICATION OF INJURY,0.0,0.0,0.0,0.0,0.0,2.0,0.0,4,7,9,41.9172884074,-87.6970472201,POINT (-87.697047220136 41.917288407416)
0c15494d7386f1467bf93a8c3ed8d67d862f96ff8cea03dc2b16432f1e2476df55370b15cc20f593b2f9b92faaab2327de964078d55b8d432cde71305fc9ab38,,08/03/2019 03:53:00 PM,30,STOP SIGN/FLASHER,FUNCTIONING PROPERLY,CLEAR,DAYLIGHT,ANGLE,T-INTERSECTION,,STRAIGHT AND LEVEL,DRY,NO DEFECTS,ON SCENE,INJURY AND / OR TOW DUE TO CRASH,Y,,,"OVER $1,500",08/03/2019 03:56:00 PM,FAILING TO YIELD RIGHT-OF-WAY,NOT APPLICABLE,99,E,48TH ST,224.0,,,,,,,2,NO INDICATION OF INJURY,0.0,0.0,0.0,0.0,0.0,2.0,0.0,15,7,8,41.8073553665,-87.6228642017,POINT (-87.622864201714 41.807355366528)
fd9f528eb955b8ac462dcb90a84c979c168f8da79e051a60e6e59de8094b2bae42f5dd40a2659348d996ed1df9b81ea685028141afcf058ce2b788cdcd17b988,,03/29/2024 03:43:00 PM,30,NO CONTROLS,NO CONTROLS,CLEAR,DAYLIGHT,PARKED MOTOR VEHICLE,ONE-WAY,,STRAIGHT AND LEVEL,DRY,NO DEFECTS,NOT ON SCENE (DESK REPORT),NO INJURY / DRIVE AWAY,,,Y,"$501 - $1,500",03/29/2024 04:08:00 PM,NOT APPLICABLE,NOT APPLICABLE,6500,S,SPAULDING AVE,831.0,,,,,,,2,NO INDICATION OF INJURY,0.0,0.0,0.0,0.0,0.0,1.0,0.0,15,6,3,41.7752384878,-87.7056117548,POINT (-87.705611754822 41.775238487774)
c428012a9b6a8ffa554aaf435de8b499b8ef40f4bca4dc8cb7097f31432c9a5ee613d2f42a91bc681cc1b1b57a304b56d534f178ac3db50de15653e3ccaa8e66,,10/10/2023 02:30:00 PM,30,NO CONTROLS,NO CONTROLS,CLEAR,DAYLIGHT,PARKED MOTOR VEHICLE,PARKING LOT,,STRAIGHT AND LEVEL,DRY,NO DEFECTS,NOT ON SCENE (DESK REPORT),NO INJURY / DRIVE AWAY,,,,$500 OR LESS,10/10/2023 04:20:00 PM,IMPROPER OVERTAKING/PASSING,NOT APPLICABLE,2332,W,CHICAGO AVE,1212.0,,,,,,,2,NO INDICATION OF INJURY,0.0,0.0,0.0,0.0,0.0,4.0,0.0,14,3,10,41.8958712359,-87.6857370079,POINT (-87.685737007899 41.895871235895)
4e40c77148be5ea3128f8cba9d533eba89200989dedb01afce46cd1a060ced9b742977400a0b7a3745b62ba316e9a8c81e06e5ea946f675f928d26a507f83399,,02/09/2019 01:00:00 PM,30,NO CONTROLS,NO CONTROLS,CLEAR,DAYLIGHT,SIDESWIPE SAME DIRECTION,NOT DIVIDED,2,STRAIGHT AND LEVEL,DRY,NO DEFECTS,NOT ON SCENE (DESK REPORT),NO INJURY / DRIVE AWAY,,,,"OVER $1,500",02/09/2019 01:32:00 PM,UNABLE TO DETERMINE,NOT APPLICABLE,1400,W,CARROLL AVE,1215.0,,,,,,,2,NO INDICATION OF INJURY,0.0,0.0,0.0,0.0,0.0,3.0,0.0,13,7,2,41.8875591402,-87.6626022917,POINT (-87.662602291733 41.887559140184)
de130eda39dc37f437dab50d96ab90a9256ca233354ee2e84740833c19f34414b4b50c8cc8885ad72d8d98be17017582e54dcc65c3795d50a14ccaada4803d0f,,06/12/2018 06:26:00 PM,35,STOP SIGN/FLASHER,FUNCTIONING PROPERLY,CLEAR,DAYLIGHT,REAR END,ONE-WAY,,STRAIGHT AND LEVEL,DRY,NO DEFECTS,NOT ON SCENE (DESK REPORT),NO INJURY / DRIVE AWAY,,,Y,"OVER $1,500",06/12/2018 06:40:00 PM,DRIVING SKILLS/KNOWLEDGE/EXPERIENCE,NOT APPLICABLE,3137,N,RICHMOND ST,1411.0,,,,,,,2,NO INDICATION OF INJURY,0.0,0.0,0.0,0.0,0.0,2.0,0.0,18,3,6,41.9382832865,-87.7013250585,POINT (-87.701325058475 41.938283286504)
24eeb271193e03785513d2cfc574325c8acfca512c661587fedf958c495a83c6a6864eaa9be8b6ec69b979fbf52587f4bfe7475a4cf520f7556fe240744ee05c,,08/29/2019 11:10:00 PM,30,NO CONTROLS,NO CONTROLS,CLEAR,"DARKNESS, LIGHTED ROAD",FIXED OBJECT,DIVIDED - W/MEDIAN (NOT RAISED),,STRAIGHT AND LEVEL,DRY,NO DEFECTS,ON SCENE,INJURY AND / OR TOW DUE TO CRASH,,,,"OVER $1,500",08/29/2019 11:13:00 PM,UNABLE TO DETERMINE,NOT APPLICABLE,2720,S,WESTERN AVE,1034.0,,,,,,,1,NO INDICATION OF INJURY,0.0,0.0,0.0,0.0,0.0,1.0,0.0,23,5,8,41.8429002383,-87.6854784808,POINT (-87.685478480821 41.842900238273)
dfd1b62844da85bba472c5340488bc7e9c42be4a9e66e04fcb5f701d48bfaff502e2936f69485c26eb57241793c6a8c2ee1b84c5ce3579c008c90182c00cbdb5,,05/19/2024 01:45:00 PM,30,UNKNOWN,UNKNOWN,CLEAR,DAYLIGHT,PARKED MOTOR VEHICLE,PARKING LOT,,STRAIGHT AND LEVEL,DRY,NO DEFECTS,NOT ON SCENE (DESK REPORT),NO INJURY / DRIVE AWAY,,,Y,"$501 - $1,500",05/19/2024 03:18:00 PM,NOT APPLICABLE,NOT APPLICABLE,4697,N,LAWRENCE WILSON DR,1914.0,,,,,,,2,NO INDICATION OF INJURY,0.0,0.0,0.0,0.0,0.0,1.0,0.0,13,1,5,41.9686007915,-87.6435554508,POINT (-87.643555450815 41.968600791518)
62c660dddb5b0ecc826f08457087c055c7dc49cb3cac3c330f8f64ee2a5b1d1309f5c2e901bc26429d3957eb3e7198a49fcaa4530365d1ee8e7fd48657cd98e0,,08/15/2021 02:08:00 PM,15,NO CONTROLS,NO CONTROLS,CLEAR,DAYLIGHT,TURNING,NOT DIVIDED,,STRAIGHT AND LEVEL,DRY,NO DEFECTS,ON SCENE,INJURY AND / OR TOW DUE TO CRASH,,,Y,"OVER $1,500",08/15/2021 02:08:00 PM,UNABLE TO DETERMINE,NOT APPLICABLE,3700,N,RECREATION DR,1925.0,,,,,,,2,NO INDICATION OF INJURY,0.0,0.0,0.0,0.0,0.0,3.0,0.0,14,1,8,41.950676839,-87.643784743,POINT (-87.64378474303 41.950676838996)
21064c7ae02e3267d313889f114b685c941a13202b4c50fc795eacd3b66867019613826c008e3741bb8e5756d33d4e8dab6bb7b7b520bfd8cf6530331db9de0a,,05/31/2024 09:20:00 PM,30,UNKNOWN,UNKNOWN,CLEAR,"DARKNESS, LIGHTED ROAD",TURNING,DIVIDED - W/MEDIAN BARRIER,,STRAIGHT AND LEVEL,DRY,UNKNOWN,ON SCENE,INJURY AND / OR TOW DUE TO CRASH,,,,"OVER $1,500",06/01/2024 12:03:00 AM,IMPROPER TURNING/NO SIGNAL,IMPROPER LANE USAGE,799,N,MICHIGAN AVE,1833.0,,,,,,,2,NONINCAPACITATING INJURY,1.0,0.0,0.0,1.0,0.0,3.0,0.0,21,6,5,41.8966901866,-87.624102154,POINT (-87.624102154031 41.896690186648)
057103ef00e3cd80275bdd5acd01ca8ada6de9ede95ba04485fb7a64fc1f7fe2f307bf6d1bff1cc1ca8446c2ab974a92d006abb83abbed6c1bc84c20039aa1e9,,08/24/2023 12:00:00 PM,15,STOP SIGN/FLASHER,UNKNOWN,CLEAR,DAYLIGHT,ANGLE,UNKNOWN,,STRAIGHT AND LEVEL,UNKNOWN,UNKNOWN,NOT ON SCENE (DESK REPORT),NO INJURY / DRIVE AWAY,,,Y,"OVER $1,500",08/24/2023 01:41:00 PM,UNABLE TO DETERMINE,UNABLE TO DETERMINE,8600,S,LOOMIS BLVD,614.0,,,,,,,2,NO INDICATION OF INJURY,0.0,0.0,0.0,0.0,0.0,2.0,0.0,12,5,8,41.7375900277,-87.6583957359,POINT (-87.65839573594 41.737590027696)
9a6b1ff80a04e576f57403748e304c0c71521c7f630adda4fceef23e1559c7f3c72b58d75833e3ff75cd31e86b7f8e7f957367b00c6d8594b8f55f59f82053dc,,05/13/2018 05:00:00 AM,30,TRAFFIC SIGNAL,FUNCTIONING PROPERLY,RAIN,"DARKNESS, LIGHTED ROAD",REAR END,NOT DIVIDED,4,STRAIGHT AND LEVEL,WET,NO DEFECTS,ON SCENE,INJURY AND / OR TOW DUE TO CRASH,Y,,,"OVER $1,500",05/13/2018 05:15:00 AM,FAILING TO REDUCE SPEED TO AVOID CRASH,WEATHER,6000,N,CLARK ST,2433.0,,,,,,,2,NO INDICATION OF INJURY,0.0,0.0,0.0,0.0,0.0,2.0,0.0,5,1,5,41.9908401093,-87.6701729533,POINT (-87.670172953348 41.990840109284)
95f49a0c92d56d9cd278d28bb093f64fc0ee62a054aaee72b6206fe067b5242364e211e824646dd153c3caec4ca1522ecdd5b4956a0509b609b40a4cd15a947d,,06/26/2024 02:53:00 PM,30,NO CONTROLS,NO CONTROLS,CLEAR,DAYLIGHT,REAR TO SIDE,ONE-WAY,,STRAIGHT AND LEVEL,DRY,NO DEFECTS,ON SCENE,NO INJURY / DRIVE AWAY,,,,"$501 - $1,500",06/26/2024 03:50:00 PM,IMPROPER BACKING,IMPROPER LANE USAGE,943,W,RANDOLPH ST,1224.0,,,,,,,2,NO INDICATION OF INJURY,0.0,0.0,0.0,0.0,0.0,2.0,0.0,14,4,6,41.8842286644,-87.6514303588,POINT (-87.651430358828 41.884228664387)
faef01c7b5c7cfd18ee461b8855c1c74b07889d28bec1b7f53c7daf63129f4bf9713cf3ca72c7d638418d6ab4d86a89a8dfc7ed3fc2f50bda6a52d79d18abeac,,08/08/2025 03:00:00 PM,30,NO CONTROLS,NO CONTROLS,UNKNOWN,DAYLIGHT,SIDESWIPE SAME DIRECTION,DIVIDED - W/MEDIAN BARRIER,,STRAIGHT AND LEVEL,UNKNOWN,UNKNOWN,NOT ON SCENE (DESK REPORT),NO INJURY / DRIVE AWAY,,,,"OVER $1,500",08/11/2025 04:24:00 PM,UNABLE TO DETERMINE,UNABLE TO DETERMINE,2800,N,LAKE SHORE DR SB,1934.0,,,,,,,2,NO INDICATION OF INJURY,0.0,0.0,0.0,0.0,0.0,2.0,0.0,15,6,8,41.9326770087,-87.6322477083,POINT (-87.632247708301 41.932677008738)
3a6650ef34e48bbee53c1db2ac2295f070e03a1ccbe56c204a42fb4f79703a18edca2a46e7fad8060d4905d8a420ba6a388bafc275d516b40836b8b3291062c0,,01/11/2023 09:50:00 AM,30,NO CONTROLS,NO CONTROLS,CLEAR,DAYLIGHT,REAR END,NOT DIVIDED,,STRAIGHT AND LEVEL,DRY,NO DEFECTS,ON SCENE,NO INJURY / DRIVE AWAY,,,Y,$500 OR LESS,01/11/2023 09:55:00 AM,FAILING TO REDUCE SPEED TO AVOID CRASH,FOLLOWING TOO CLOSELY,599,W,NORTH AVE,1821.0,,,,,,,2,NO INDICATION OF INJURY,0.0,0.0,0.0,0.0,0.0,2.0,0.0,9,4,1,41.9109126497,-87.6433568231,POINT (-87.643356823131 41.910912649683)
edef16b8dfb68554fe343840dda5f66af7c74ccd47d59c52dae20ea63b64d3ba30f4107d8a27fa43c88b9a940cfa016bdb8b5e46451e735cb11e8cf918b4c3e4,,09/01/2022 09:49:00 AM,30,NO CONTROLS,NO CONTROLS,CLEAR,DAYLIGHT,REAR END,ONE-WAY,,STRAIGHT AND LEVEL,DRY,NO DEFECTS,ON SCENE,NO INJURY / DRIVE AWAY,Y,,,"OVER $1,500",09/01/2022 09:49:00 AM,UNABLE TO DETERMINE,NOT APPLICABLE,4255,W,51ST ST,815.0,,,,,,,3,NO INDICATION OF INJURY,0.0,0.0,0.0,0.0,0.0,3.0,0.0,9,5,9,41.8003246065,-87.7304836757,POINT (-87.73048367567 41.800324606471)
8467348c796b074012ec232f64e4cb0dc1f61ac40d3a2913d8c943042dc9fcd3723b67a9f5f3cdda312fbb1b6385368ffb9579b2beba29deac5a10580c1e03ed,Y,11/14/2017 06:00:00 AM,20,NO CONTROLS,NO CONTROLS,UNKNOWN,UNKNOWN,PARKED MOTOR VEHICLE,ONE-WAY,1,STRAIGHT AND LEVEL,UNKNOWN,UNKNOWN,NOT ON SCENE (DESK REPORT),NO INJURY / DRIVE AWAY,,,Y,"OVER $1,500",11/14/2017 07:45:00 AM,UNABLE TO DETERMINE,NOT APPLICABLE,9820,S,AVENUE H,432.0,,,,,,,2,NO INDICATION OF INJURY,0.0,0.0,0.0,0.0,0.0,1.0,0.0,6,3,11,41.7171357138,-87.5330155108,POINT (-87.533015510802 41.71713571378)
2b658e3403bb96cc2a7157155bddc2367f517d584ebb88912e2d6891c27bfc4a5ce3903ec2109cda2a18f093f443f63ffd99a09c6eb4ac0d15cac6fe3aba448e,,03/13/2025 07:30:00 AM,30,NO CONTROLS,NO CONTROLS,CLEAR,UNKNOWN,PARKED MOTOR VEHICLE,ONE-WAY,,STRAIGHT AND LEVEL,UNKNOWN,UNKNOWN,NOT ON SCENE (DESK REPORT),NO INJURY / DRIVE AWAY,,,Y,"OVER $1,500",03/13/2025 03:40:00 PM,DRIVING SKILLS/KNOWLEDGE/EXPERIENCE,NOT APPLICABLE,3411,W,53RD ST,822.0,,,,,,,2,NO INDICATION OF INJURY,0.0,0.0,0.0,0.0,0.0,1.0,0.0,7,5,3,41.7969802517,-87.7090134167,POINT (-87.709013416665 41.796980251668)
9e6941ab4e98c4948124d35a8fcb8d4a3bddd13b29fb7f9b289ea240d48f45da05f6365fc9425b55b7afaf488d44d31cbf9742401e707cde1a77a69a9c9f2159,N,09/30/2018 05:02:00 AM,30,TRAFFIC SIGNAL,FUNCTIONING PROPERLY,RAIN,"DARKNESS, LIGHTED ROAD",TURNING,NOT DIVIDED,4,STRAIGHT AND LEVEL,WET,UNKNOWN,ON SCENE,INJURY AND / OR TOW DUE TO CRASH,Y,,,"OVER $1,500",09/30/2018 05:02:00 AM,FAILING TO YIELD RIGHT-OF-WAY,FAILING TO REDUCE SPEED TO AVOID CRASH,1998,W,63RD ST,714.0,,,,,,,2,NO INDICATION OF INJURY,0.0,0.0,0.0,0.0,0.0,2.0,0.0,5,1,9,41.7794261429,-87.6738470351,POINT (-87.673847035122 41.779426142946)
747ffbd0fae9e3adfdad34d9f2181c480795043bf5c1aad3d984dfd783023c17e9ac16178d35ee77674a2e7fade50c97293a7bdfb4ea0f36caae39bff45980c7,,07/07/2018 03:00:00 PM,30,NO CONTROLS,NO CONTROLS,CLEAR,DAYLIGHT,SIDESWIPE OPPOSITE DIRECTION,DRIVEWAY,,STRAIGHT AND LEVEL,DRY,NO DEFECTS,NOT ON SCENE (DESK REPORT),NO INJURY / DRIVE AWAY,,,,"$501 - $1,500",07/07/2018 04:17:00 PM,IMPROPER BACKING,UNABLE TO DETERMINE,3117,S,ARCHER AVE,912.0,,,,,,,2,NO INDICATION OF INJURY,0.0,0.0,0.0,0.0,0.0,2.0,0.0,15,7,7,41.8372689394,-87.6661931569,POINT (-87.666193156912 41.837268939406)
f1464ff5b29dfb31f1f5f5184e93373f5272ecc724996cf40c07e03949df8442a657639db7d8bdd6352c8f2c11b8c46ba63036298cc50231f0233e89d384a57c,,05/04/2018 10:08:00 AM,0,STOP SIGN/FLASHER,FUNCTIONING PROPERLY,CLEAR,DAYLIGHT,ANGLE,DIVIDED - W/MEDIAN (NOT RAISED),2,STRAIGHT AND LEVEL,DRY,NO DEFECTS,NOT ON SCENE (DESK REPORT),NO INJURY / DRIVE AWAY,Y,,,"OVER $1,500",05/04/2018 12:00:00 PM,FAILING TO YIELD RIGHT-OF-WAY,NOT APPLICABLE,9099,S,DAUPHIN AVE,633.0,,,,,,,2,NO INDICATION OF INJURY,0.0,0.0,0.0,0.0,0.0,2.0,0.0,10,6,5,41.7294112715,-87.6026952949,POINT (-87.602695294857 41.729411271466)
96f6edb10af497050c2032eb0c425d780a433b516207837b03aa6eed074f94fdd566867588da47ef4f85a11a6f4649f3138c9924ecca724494084133181f9143,,03/06/2017 07:00:00 AM,30,NO CONTROLS,NO CONTROLS,CLEAR,DAYLIGHT,SIDESWIPE SAME DIRECTION,NOT DIVIDED,,STRAIGHT AND LEVEL,DRY,NO DEFECTS,NOT ON SCENE (DESK REPORT),NO INJURY / DRIVE AWAY,,,,"$501 - $1,500",03/07/2017 06:00:00 PM,UNABLE TO DETERMINE,UNABLE TO DETERMINE,2901,W,SUMMERDALE AVE,2011.0,,,,,,,2,NO INDICATION OF INJURY,0.0,0.0,0.0,0.0,0.0,2.0,0.0,7,2,3,41.9784326405,-87.7015558975,POINT (-87.701555897455 41.978432640539)
e58328b40ced9e2d4877d5ae0ad382b9fea7f669e374c96bed4ed190b2074c9393407c557346dde5e136be97fa16dcdf980b7a42bf279223d2b05e96291fd6b0,,06/04/2021 06:14:00 AM,30,OTHER,NO CONTROLS,CLEAR,DAYLIGHT,SIDESWIPE SAME DIRECTION,PARKING LOT,,STRAIGHT AND LEVEL,DRY,NO DEFECTS,ON SCENE,NO INJURY / DRIVE AWAY,,Y,,"OVER $1,500",06/04/2021 06:46:00 AM,UNABLE TO DETERMINE,NOT APPLICABLE,642,N,PULASKI RD,1111.0,,,,,,,2,NO INDICATION OF INJURY,0.0,0.0,0.0,0.0,0.0,2.0,0.0,6,6,6,41.8929311028,-87.7261568279,POINT (-87.726156827911 41.892931102846)
f9b8d58c635d97cf7c0f3279e97b50422a5005f0bf6fedb3b1291444d67e6f1df4daf2e6a6f255c41da0598bdd8b06d9e3a940291aa67fffb10823495d478fc4,,10/20/2024 09:56:00 PM,30,UNKNOWN,UNKNOWN,UNKNOWN,UNKNOWN,REAR END,UNKNOWN INTERSECTION TYPE,,STRAIGHT AND LEVEL,UNKNOWN,UNKNOWN,NOT ON SCENE (DESK REPORT),NO INJURY / DRIVE AWAY,Y,,Y,"OVER $1,500",10/20/2024 09:56:00 PM,FAILING TO REDUCE SPEED TO AVOID CRASH,NOT APPLICABLE,599,S,DEARBORN ST,123.0,,,,,,,2,NO INDICATION OF INJURY,0.0,0.0,0.0,0.0,0.0,2.0,0.0,21,1,10,41.8745954126,-87.6290639368,POINT (-87.629063936792 41.874595412566)
c4786a4657deb15aa84747613af7378ad400f5c3b94c210734bfcfaea019ee7b838f10f2cd158ea16aa6ea438f184b7170103dbf3c0f9828cee963caf8fa62c8,,04/21/2021 04:48:00 AM,30,TRAFFIC SIGNAL,FUNCTIONING PROPERLY,CLEAR,"DARKNESS, LIGHTED ROAD",PARKED MOTOR VEHICLE,NOT DIVIDED,,STRAIGHT AND LEVEL,DRY,NO DEFECTS,ON SCENE,INJURY AND / OR TOW DUE TO CRASH,,,Y,"OVER $1,500",04/21/2021 04:48:00 AM,UNABLE TO DETERMINE,UNABLE TO DETERMINE,4202,W,ADDISON ST,1731.0,,,,,,,3,NO INDICATION OF INJURY,0.0,0.0,0.0,0.0,0.0,2.0,0.0,4,4,4,41.9464168858,-87.7323949547,POINT (-87.732394954693 41.94641688583)
07cd1f60598f5acf001bf92d02cc86cf1856f07940a67a9920e6ca832f349730f5f1a57a6520e2d5e1d698d1d095f7b1c9917837bea3910e28f5fa7cec5102ee,,08/28/2020 12:10:00 PM,30,NO CONTROLS,NO CONTROLS,CLEAR,DAYLIGHT,FIXED OBJECT,DIVIDED - W/MEDIAN (NOT RAISED),,STRAIGHT AND LEVEL,DRY,NO DEFECTS,ON SCENE,NO INJURY / DRIVE AWAY,,N,,"OVER $1,500",08/28/2020 12:13:00 PM,UNABLE TO DETERMINE,UNABLE TO DETERMINE,4910,S,HALSTED ST,933.0,,,,,,,1,NO INDICATION OF INJURY,0.0,0.0,0.0,0.0,0.0,1.0,0.0,12,6,8,41.8047190537,-87.6455712072,POINT (-87.645571207166 41.804719053675)