CRASH_RECORD_ID,CRASH_DATE_EST_I,CRASH_DATE,POSTED_SPEED_LIMIT,TRAFFIC_CONTROL_DEVICE,DEVICE_CONDITION,WEATHER_CONDITION,LIGHTING_CONDITION,FIRST_CRASH_TYPE,TRAFFICWAY_TYPE,LANE_CNT,ALIGNMENT,ROADWAY_SURFACE_COND,ROAD_DEFECT,REPORT_TYPE,CRASH_TYPE,INTERSECTION_RELATED_I,NOT_RIGHT_OF_WAY_I,HIT_AND_RUN_I,DAMAGE,DATE_POLICE_NOTIFIED,PRIM_CONTRIBUTORY_CAUSE,SEC_CONTRIBUTORY_CAUSE,STREET_NO,STREET_DIRECTION,STREET_NAME,BEAT_OF_OCCURRENCE,PHOTOS_TAKEN_I,STATEMENTS_TAKEN_I,DOORING_I,WORK_ZONE_I,WORK_ZONE_TYPE,WORKERS_PRESENT_I,NUM_UNITS,MOST_SEVERE_INJURY,INJURIES_TOTAL,INJURIES_FATAL,INJURIES_INCAPACITATING,INJURIES_NON_INCAPACITATING,INJURIES_REPORTED_NOT_EVIDENT,INJURIES_NO_INDICATION,INJURIES_UNKNOWN,CRASH_HOUR,CRASH_DAY_OF_WEEK,CRASH_MONTH,LATITUDE,LONGITUDE,LOCATION
c0c923310c02f19dbafbb8ea79226c2e110e2684fb7ee6039f71e2025dffba3fb24f445bfc00ab7747753949f229209e430757f72305510d72095033f8ee4421,,02/10/2021 11:30:00 PM,30,NO CONTROLS,NO CONTROLS,CLEAR,DARKNESS,PARKED MOTOR VEHICLE,ONE-WAY,,STRAIGHT AND LEVEL,DRY,UNKNOWN,NOT ON SCENE (DESK REPORT),NO INJURY / DRIVE AWAY,,,,"OVER $1,500",02/11/2021 02:05:00 PM,UNABLE TO DETERMINE,UNABLE TO DETERMINE,1500,S,PULASKI RD,1012.0,,,,,,,2,NO INDICATION OF INJURY,0.0,0.0,0.0,0.0,0.0,1.0,0.0,23,4,2,41.8606010901,-87.7251526693,POINT (-87.725152669266 41.860601090054)
67654b940725c91f825027f9db17a0191a9ee79859e39d1c661ea92f1a245242561deaffa68f76e50ff159a838549f50c8e649c389e0a9ff2dab47ea8376073f,,12/01/2020 07:00:00 PM,30,NO CONTROLS,NO CONTROLS,CLEAR,"DARKNESS, LIGHTED ROAD",PARKED MOTOR VEHICLE,OTHER,,STRAIGHT AND LEVEL,DRY,NO DEFECTS,ON SCENE,NO INJURY / DRIVE AWAY,,,Y,"OVER $1,500",12/01/2020 07:16:00 PM,UNABLE TO DETERMINE,NOT APPLICABLE,9341,S,ASHLAND AVE,2221.0,,,,,,,2,NO INDICATION OF INJURY,0.0,0.0,0.0,0.0,0.0,1.0,0.0,19,3,12,41.7235984414,-87.6625853764,POINT (-87.662585376411 41.723598441394)
45e0784e307c9585e1c5badb598217fa7f463db06c1f24e5498b68d53f4a47dcaf1f7968578213e457bfd3d0d1de39435b8f3874522d227f6f719b5d7c01822d,,07/10/2020 09:44:00 PM,30,TRAFFIC SIGNAL,FUNCTIONING PROPERLY,CLEAR,"DARKNESS, LIGHTED ROAD",TURNING,DIVIDED - W/MEDIAN BARRIER,,STRAIGHT AND LEVEL,DRY,NO DEFECTS,ON SCENE,INJURY AND / OR TOW DUE TO CRASH,Y,,N,"OVER $1,500",07/10/2020 09:44:00 PM,DISREGARDING TRAFFIC SIGNALS,NOT APPLICABLE,5600,W,MADISON ST,1513.0,,,,,,,2,NO INDICATION OF INJURY,0.0,0.0,0.0,0.0,0.0,4.0,0.0,21,6,7,41.8803545563,-87.7649481363,POINT (-87.764948136348 41.880354556326)
8ece3145c7dcafdc3f97e540f7dcde5b53b41c6314ec1bfe14a1a70a2675c7d40ea9e88cf6e93b5547fe2623cd0227c8f16baa113998aac72ca94fe972693b54,,04/29/2021 07:00:00 AM,30,STOP SIGN/FLASHER,FUNCTIONING PROPERLY,CLEAR,DAYLIGHT,REAR END,NOT DIVIDED,,STRAIGHT AND LEVEL,DRY,NO DEFECTS,NOT ON SCENE (DESK REPORT),NO INJURY / DRIVE AWAY,,,,"$501 - $1,500",04/29/2021 07:30:00 AM,FOLLOWING TOO CLOSELY,NOT APPLICABLE,5777,N,MILWAUKEE AVE,1622.0,,,,,,,2,NO INDICATION OF INJURY,0.0,0.0,0.0,0.0,0.0,3.0,0.0,7,5,4,41.986578619,-87.777520352,POINT (-87.777520351994 41.986578618975)
ddfd4cee5d5e74f4b2e13e7d926c50e2bb9a627542300c100150acabcd66378e3fcdb51086c5a064465429181235acf375781bddeb45af3cdadce9f7985353c2,,07/20/2023 08:40:00 AM,30,NO CONTROLS,NO CONTROLS,CLEAR,DAYLIGHT,TURNING,NOT DIVIDED,,STRAIGHT AND LEVEL,DRY,NO DEFECTS,ON SCENE,NO INJURY / DRIVE AWAY,Y,,,"OVER $1,500",07/20/2023 08:45:00 AM,FAILING TO YIELD RIGHT-OF-WAY,"VISION OBSCURED (SIGNS, TREE LIMBS, BUILDINGS, ETC.)",13611,S,BRAINARD AVE,433.0,,,,,,,2,NO INDICATION OF INJURY,0.0,0.0,0.0,0.0,0.0,2.0,0.0,8,5,7,41.6480285167,-87.5451305603,POINT (-87.54513056028 41.648028516677)
c814f513f2a206ceb5acec0f6ae7a747dc559af6b0595b45b64643ba6e073b863352f311351c486205d09e65519b469d12f1c730b3a7c298bc82231c021e3c8c,,04/05/2022 05:45:00 PM,30,NO CONTROLS,NO CONTROLS,CLEAR,DAYLIGHT,PARKED MOTOR VEHICLE,DIVIDED - W/MEDIAN (NOT RAISED),,STRAIGHT AND LEVEL,DRY,NO DEFECTS,NOT ON SCENE (DESK REPORT),NO INJURY / DRIVE AWAY,,,Y,$500 OR LESS,04/05/2022 08:24:00 PM,UNABLE TO DETERMINE,UNABLE TO DETERMINE,3035,W,FOSTER AVE,1713.0,,,,,,,2,NO INDICATION OF INJURY,0.0,0.0,0.0,0.0,0.0,1.0,0.0,17,3,4,41.9756643369,-87.7048909465,POINT (-87.704890946491 41.975664336885)
a379d25dea308e255e73a4bceb44af320c8e60250d650d14bc8cb37ac3dfae03168795e62e66757c50cd8a697dfc9897020c793926875f0992d53d36e9a5298f,,01/31/2022 07:30:00 AM,25,UNKNOWN,UNKNOWN,UNKNOWN,DAYLIGHT,TURNING,UNKNOWN INTERSECTION TYPE,,STRAIGHT AND LEVEL,WET,UNKNOWN,NOT ON SCENE (DESK REPORT),NO INJURY / DRIVE AWAY,,,,"$501 - $1,500",01/31/2022 12:58:00 PM,UNABLE TO DETERMINE,UNABLE TO DETERMINE,12600,S,STATE ST,523.0,,,,,,,2,NO INDICATION OF INJURY,0.0,0.0,0.0,0.0,0.0,2.0,0.0,7,2,1,41.6644157849,-87.6222810072,POINT (-87.62228100724 41.664415784934)
c2496df341e7de391a6673767129bc68bf5708440ff99d572db5229a6e5ec9d9471913d6cb4eb5936ed11b219e4105447e45cb061d71f0d91c1ffa20af98cdec,,08/21/2020 02:20:00 PM,20,NO CONTROLS,NO CONTROLS,CLEAR,DAYLIGHT,SIDESWIPE OPPOSITE DIRECTION,NOT DIVIDED,,STRAIGHT AND LEVEL,DRY,NO DEFECTS,NOT ON SCENE (DESK REPORT),NO INJURY / DRIVE AWAY,,,,$500 OR LESS,08/28/2020 02:20:00 PM,IMPROPER LANE USAGE,UNABLE TO DETERMINE,5544,N,WASHTENAW AVE,2011.0,,,,,,,2,NO INDICATION OF INJURY,0.0,0.0,0.0,0.0,0.0,2.0,0.0,14,6,8,41.9826730657,-87.6968620951,POINT (-87.696862095137 41.982673065732)
1035abee1a11380edbcd541803f25ccac25e006f5f642044ffe9ba8a93494d9309879bff25390b08c30a42c1b41b51780379728fcd503099363b2513a1ce108e,,07/09/2023 05:57:00 AM,45,NO CONTROLS,NO CONTROLS,CLEAR,DAWN,HEAD ON,ONE-WAY,,STRAIGHT AND LEVEL,DRY,UNKNOWN,ON SCENE,INJURY AND / OR TOW DUE TO CRASH,,,,"OVER $1,500",07/09/2023 05:58:00 AM,DRIVING ON WRONG SIDE/WRONG WAY,"OPERATING VEHICLE IN ERRATIC, RECKLESS, CARELESS, NEGLIGENT OR AGGRESSIVE MANNER",4501,S,LAKE SHORE DR NB,222.0,Y,,,,,,2,FATAL,14.0,1.0,1.0,12.0,0.0,8.0,0.0,5,1,7,41.8144001818,-87.5924235251,POINT (-87.592423525095 41.814400181773)
864530208c17eb2932f49e2970f822392b682ef790a173cd2ee1387de586699582f44640821486965216415a8ca5698baa25ea5f9ce27d7c6c33a44716137313,,05/03/2023 02:02:00 PM,30,TRAFFIC SIGNAL,FUNCTIONING PROPERLY,CLEAR,DAYLIGHT,SIDESWIPE SAME DIRECTION,NOT DIVIDED,,STRAIGHT AND LEVEL,DRY,NO DEFECTS,NOT ON SCENE (DESK REPORT),NO INJURY / DRIVE AWAY,,,Y,"OVER $1,500",05/03/2023 02:25:00 PM,UNABLE TO DETERMINE,UNABLE TO DETERMINE,701,S,KOSTNER AVE,1131.0,,,,,,,2,NO INDICATION OF INJURY,0.0,0.0,0.0,0.0,0.0,3.0,0.0,14,4,5,41.8723981891,-87.7350380821,POINT (-87.735038082055 41.872398189082)
1418e8f24a224d0a80a9d1f81224a9a119578d62411730e365159d3195a3eb508ad4eab726aaf2f4fa53bd255f9e7c0a774353681db815ce31827ca38bdc1123,,09/27/2023 03:21:00 PM,15,NO CONTROLS,NO CONTROLS,CLEAR,DAYLIGHT,PARKED MOTOR VEHICLE,PARKING LOT,,STRAIGHT AND LEVEL,DRY,NO DEFECTS,NOT ON SCENE (DESK REPORT),INJURY AND / OR TOW DUE TO CRASH,,Y,,"OVER $1,500",09/27/2023 04:11:00 PM,FAILING TO REDUCE SPEED TO AVOID CRASH,FAILING TO REDUCE SPEED TO AVOID CRASH,7600,S,PULASKI RD,833.0,,,,,,,2,NO INDICATION OF INJURY,0.0,0.0,0.0,0.0,0.0,3.0,0.0,15,4,9,41.7550442797,-87.722315514,POINT (-87.722315514022 41.755044279733)
6f7929fe9f7432c6c145ad53a7ffae55cb828162249a38ae983b44da328ca6a0cc8084a795fc8a38e700bb9585775928329ed2a58eda3c8c81850f970b8391e9,,11/14/2023 12:06:00 PM,30,UNKNOWN,UNKNOWN,UNKNOWN,UNKNOWN,PARKED MOTOR VEHICLE,NOT DIVIDED,,STRAIGHT AND LEVEL,UNKNOWN,UNKNOWN,NOT ON SCENE (DESK REPORT),NO INJURY / DRIVE AWAY,,,Y,"OVER $1,500",11/14/2023 05:00:00 PM,UNABLE TO DETERMINE,NOT APPLICABLE,3814,N,HAMILTON AVE,1921.0,,,,,,,2,NO INDICATION OF INJURY,0.0,0.0,0.0,0.0,0.0,1.0,0.0,12,3,11,41.9509476922,-87.6824579494,POINT (-87.682457949352 41.950947692182)
6b2b66ebdbac0cf9b55d1b032cbb157950c7a8a45ec81ba8cd8777bc6ea773a86066529cee2182a88600da4cc95cbd40a43fddecf0847d4198a483b996806712,,10/28/2018 06:08:00 PM,30,TRAFFIC SIGNAL,FUNCTIONING PROPERLY,CLEAR,"DARKNESS, LIGHTED ROAD",REAR END,DIVIDED - W/MEDIAN BARRIER,2,STRAIGHT AND LEVEL,WET,NO DEFECTS,ON SCENE,INJURY AND / OR TOW DUE TO CRASH,,,,"OVER $1,500",10/28/2018 06:10:00 PM,FAILING TO REDUCE SPEED TO AVOID CRASH,DISREGARDING TRAFFIC SIGNALS,9200,S,EWING AVE,424.0,,,,,,,2,NONINCAPACITATING INJURY,1.0,0.0,0.0,1.0,0.0,4.0,0.0,18,1,10,41.7284164225,-87.5429248555,POINT (-87.54292485552 41.728416422524)
387b092207a7d9f903084f8575a6272de5103d365bc2e26089d04a1bf94db0d170bfe1f41fa74466d5a2bfcc56e68d2a57a78415905e6198b99f8c04602e2ccc,,02/19/2022 04:15:00 PM,30,NO CONTROLS,NO CONTROLS,CLEAR,DAYLIGHT,SIDESWIPE SAME DIRECTION,ONE-WAY,,STRAIGHT AND LEVEL,DRY,UNKNOWN,NOT ON SCENE (DESK REPORT),NO INJURY / DRIVE AWAY,,,,"OVER $1,500",02/20/2022 10:47:00 AM,UNABLE TO DETERMINE,UNABLE TO DETERMINE,1226,W,NORTH SHORE AVE,2432.0,,,,,,,2,NO INDICATION OF INJURY,0.0,0.0,0.0,0.0,0.0,2.0,0.0,16,7,2,42.0036365654,-87.6619354183,POINT (-87.661935418258 42.003636565434)
fd0cfeb6ac7637f6ab22977e5682d14e7b17c712073b3379939d9a94c336cdb15c096b1d60bbbd3aa3431a49b801c6153e22b042b1206ac954d51498660bfb53,,03/19/2022 01:00:00 PM,25,NO CONTROLS,NO CONTROLS,RAIN,DAYLIGHT,PARKED MOTOR VEHICLE,NOT DIVIDED,,STRAIGHT AND LEVEL,WET,NO DEFECTS,NOT ON SCENE (DESK REPORT),NO INJURY / DRIVE AWAY,,,,$500 OR LESS,03/19/2022 02:40:00 PM,"OPERATING VEHICLE IN ERRATIC, RECKLESS, CARELESS, NEGLIGENT OR AGGRESSIVE MANNER",NOT APPLICABLE,2320,W,113TH PL,2212.0,,,,,,,2,NO INDICATION OF INJURY,0.0,0.0,0.0,0.0,0.0,1.0,0.0,13,7,3,41.687228802,-87.6796468584,POINT (-87.679646858406 41.68722880203)
b63c79a1a95a4658bd1cefb24081db51bbd143405e33520101fbf246b3ebca98accb8d497d760bfd350a07d09926c33fe451ffe4d6914f9cdd6a40538b88ba77,,08/21/2024 08:15:00 AM,30,TRAFFIC SIGNAL,FUNCTIONING PROPERLY,CLEAR,DAYLIGHT,PEDALCYCLIST,NOT DIVIDED,,STRAIGHT AND LEVEL,DRY,NO DEFECTS,NOT ON SCENE (DESK REPORT),INJURY AND / OR TOW DUE TO CRASH,,,Y,$500 OR LESS,08/23/2024 08:30:00 AM,FAILING TO YIELD RIGHT-OF-WAY,NOT APPLICABLE,1225,W,CORTLAND ST,1811.0,,,,,,,2,"REPORTED, NOT EVIDENT",1.0,0.0,0.0,0.0,1.0,1.0,0.0,8,4,8,41.9170054716,-87.6592250865,POINT (-87.659225086537 41.917005471631)
ae306399d7dbf2cb2531aadeb477217878213d344f02872cf57c16db0497f0d794f835e19d9a72550a80f4a9c084876f69319fd01521a2ca4ab37b021c193a15,,04/16/2023 06:30:00 AM,30,TRAFFIC SIGNAL,FUNCTIONING PROPERLY,CLOUDY/OVERCAST,DAYLIGHT,REAR END,NOT DIVIDED,,STRAIGHT AND LEVEL,DRY,UNKNOWN,ON SCENE,INJURY AND / OR TOW DUE TO CRASH,Y,,,"OVER $1,500",04/16/2023 06:50:00 AM,FAILING TO YIELD RIGHT-OF-WAY,NOT APPLICABLE,6730,S,PULASKI RD,833.0,,,,,,,2,NO INDICATION OF INJURY,0.0,0.0,0.0,0.0,0.0,4.0,0.0,6,1,4,41.7704106369,-87.7226981402,POINT (-87.722698140233 41.770410636878)
4286e8870824c8c20f89cd0faa2d31c32d451d1639f58474b44ca93950cd059035a62c446c3c2c3566a7b591669e0aa07572ced21d05ea191fd7a5b6f3fed810,Y,08/08/2019 03:00:00 AM,20,NO CONTROLS,NO CONTROLS,CLEAR,"DARKNESS, LIGHTED ROAD",OTHER OBJECT,ONE-WAY,,STRAIGHT AND LEVEL,DRY,NO DEFECTS,ON SCENE,INJURY AND / OR TOW DUE TO CRASH,,,Y,"OVER $1,500",08/08/2019 03:01:00 AM,UNABLE TO DETERMINE,NOT APPLICABLE,2405,S,ALBANY AVE,1033.0,,,,,,,1,NO INDICATION OF INJURY,0.0,0.0,0.0,0.0,0.0,1.0,0.0,3,5,8,41.8479707882,-87.7025431957,POINT (-87.70254319569 41.847970788197)
5ba4b1921b7d6d509d34944d78a929bea98da8cdb1285b4f3edcf85842705ea00368ad278931d126f0c1b6a8cec472f69906445b202fc67cb6eaade8387900bf,,09/20/2021 07:13:00 PM,30,TRAFFIC SIGNAL,FUNCTIONING PROPERLY,CLEAR,DUSK,SIDESWIPE SAME DIRECTION,NOT DIVIDED,,STRAIGHT AND LEVEL,DRY,NO DEFECTS,ON SCENE,INJURY AND / OR TOW DUE TO CRASH,Y,,,"OVER $1,500",09/20/2021 07:14:00 PM,UNABLE TO DETERMINE,UNABLE TO DETERMINE,3199,S,HALSTED ST,915.0,,,,,,,4,NO INDICATION OF INJURY,0.0,0.0,0.0,0.0,0.0,3.0,0.0,19,2,9,41.8362328757,-87.6460873365,POINT (-87.646087336538 41.836232875681)
94422f36f05ba1f671d4ded02042a0df9ad08aabec1bafbd03e66cf72503370fa22c157b14ec1a8fd597b60da58c9c56dad3fe3000e8f375f57d61114de167cc,,05/23/2016 04:00:00 PM,20,STOP SIGN/FLASHER,FUNCTIONING PROPERLY,CLEAR,DAYLIGHT,ANGLE,OTHER,0,STRAIGHT AND LEVEL,DRY,NO DEFECTS,NOT ON SCENE (DESK REPORT),NO INJURY / DRIVE AWAY,,,,"OVER $1,500",05/23/2016 04:09:00 PM,DISREGARDING STOP SIGN,DRIVING SKILLS/KNOWLEDGE/EXPERIENCE,6000,S,LAWNDALE AVE,823.0,,,,,,,2,NO INDICATION OF INJURY,0.0,0.0,0.0,0.0,0.0,3.0,0.0,16,2,5,41.7841834355,-87.715698956,POINT (-87.715698955972 41.784183435512)
8392f40176e3f0701d34fcde081f7bc311099d42fbf394e23860ac5286c615dc2c2035db40a1a4139b73069554e009a56229b1c3c54886023b14bc4709b598f6,,03/19/2022 04:50:00 PM,30,NO CONTROLS,NO CONTROLS,RAIN,DAYLIGHT,SIDESWIPE SAME DIRECTION,DIVIDED - W/MEDIAN (NOT RAISED),,STRAIGHT AND LEVEL,WET,NO DEFECTS,NOT ON SCENE (DESK REPORT),NO INJURY / DRIVE AWAY,,,,"OVER $1,500",03/19/2022 05:49:00 PM,FAILING TO YIELD RIGHT-OF-WAY,NOT APPLICABLE,1611,N,CLYBOURN AVE,1813.0,,,,,,,2,NO INDICATION OF INJURY,0.0,0.0,0.0,0.0,0.0,2.0,0.0,16,7,3,41.9112339481,-87.6497537147,POINT (-87.649753714718 41.911233948093)
e96ca21216070d46c1272ac8fb1fdeb33bbaabc7172f55e324de5e2b8c89b4a00d85a1331afd6621e7273f3f24ee52d650ded01a3accefe1962e35aefce530dc,,11/03/2023 03:30:00 PM,30,NO CONTROLS,NO CONTROLS,CLEAR,DARKNESS,ANGLE,NOT DIVIDED,,STRAIGHT AND LEVEL,DRY,UNKNOWN,NOT ON SCENE (DESK REPORT),NO INJURY / DRIVE AWAY,,,,"OVER $1,500",11/03/2023 07:45:00 PM,FAILING TO YIELD RIGHT-OF-WAY,FAILING TO YIELD RIGHT-OF-WAY,3200,W,BELMONT AVE,1733.0,,,,,,,2,NO INDICATION OF INJURY,0.0,0.0,0.0,0.0,0.0,2.0,0.0,15,6,11,41.9394405612,-87.7077185163,POINT (-87.707718516309 41.939440561174)
f5e87b879bcf4fb624ab5ff779a4e4f53ad41f7e9fc3c37b688db29796c76dd6a85f3e748daad553e23d92678b17a0ef477a746a164545e21b00a22c93e14afc,,05/14/2021 02:15:00 PM,15,NO CONTROLS,NO CONTROLS,CLEAR,"DARKNESS, LIGHTED ROAD",FIXED OBJECT,PARKING LOT,,STRAIGHT AND LEVEL,DRY,NO DEFECTS,NOT ON SCENE (DESK REPORT),NO INJURY / DRIVE AWAY,,Y,,"OVER $1,500",05/14/2021 02:15:00 PM,UNABLE TO DETERMINE,NOT APPLICABLE,2741,S,WESTERN AVE,1034.0,,,,,,,1,NO INDICATION OF INJURY,0.0,0.0,0.0,0.0,0.0,1.0,0.0,14,6,5,41.8424994528,-87.6851708169,POINT (-87.685170816943 41.842499452804)
60cec176d94ff18b50b6dc14300eae267ce8767ecb478307dd91472ceb79b23fface88e029750e3fd8b24316c8bbf2280b04a10508f1cff2ef6beeac3be1b4cc,,11/22/2016 12:30:00 PM,30,NO CONTROLS,NO CONTROLS,CLEAR,DAYLIGHT,SIDESWIPE OPPOSITE DIRECTION,DIVIDED - W/MEDIAN (NOT RAISED),2,STRAIGHT AND LEVEL,DRY,UNKNOWN,NOT ON SCENE (DESK REPORT),NO INJURY / DRIVE AWAY,,,Y,"OVER $1,500",11/22/2016 01:45:00 PM,IMPROPER OVERTAKING/PASSING,FAILING TO REDUCE SPEED TO AVOID CRASH,5500,S,ALBANY AVE,824.0,,,,,,,2,NO INDICATION OF INJURY,0.0,0.0,0.0,0.0,0.0,2.0,0.0,12,3,11,41.7934677087,-87.7012631264,POINT (-87.70126312639 41.793467708748)
3715b1a48a52aef9d495065d3d754681fc8ea58a6c8072c53b22685e560c4a181ebc7e775c16e2e3afd57090c72285f09a01d088fb551a6f0a77719c2cc79dfb,,09/20/2024 03:45:00 PM,15,NO CONTROLS,NO CONTROLS,CLEAR,DAYLIGHT,REAR END,OTHER,,STRAIGHT AND LEVEL,UNKNOWN,UNKNOWN,NOT ON SCENE (DESK REPORT),NO INJURY / DRIVE AWAY,,Y,,"OVER $1,500",09/25/2024 01:30:00 PM,UNABLE TO DETERMINE,NOT APPLICABLE,2111,W,FULLERTON AVE,1432.0,,,,,,,2,NO INDICATION OF INJURY,0.0,0.0,0.0,0.0,0.0,3.0,0.0,15,6,9,41.9248805845,-87.6809368799,POINT (-87.680936879883 41.924880584505)
b689046e77a8b66ac0668664aaa3b2673d085c54cbbf4c846e7c4fa316a2c8715445501a98a72914390fb008c021c4c6ae615a2748abcb7880641247ef299b59,,05/02/2025 09:00:00 AM,30,NO CONTROLS,NO CONTROLS,CLEAR,DAYLIGHT,PARKED MOTOR VEHICLE,ONE-WAY,,STRAIGHT AND LEVEL,WET,UNKNOWN,ON SCENE,NO INJURY / DRIVE AWAY,,,,"OVER $1,500",05/02/2025 09:14:00 AM,EQUIPMENT - VEHICLE CONDITION,NOT APPLICABLE,6834,S,SOUTH CHICAGO AVE,322.0,,,,,,,2,NO INDICATION OF INJURY,0.0,0.0,0.0,0.0,0.0,2.0,0.0,9,6,5,41.770141354,-87.6117517558,POINT (-87.611751755772 41.770141353974)
c9b92eead998613072323ae2140b2fbf7dbf7fb1ef1ddad587bd4076834c86f9fbaedce5c9f87a8d633ccb820a0cd129e562ef970eddc98944cc43a22c88c8bd,,06/06/2018 12:12:00 PM,30,NO CONTROLS,NO CONTROLS,CLEAR,DAYLIGHT,ANGLE,DIVIDED - W/MEDIAN (NOT RAISED),,STRAIGHT AND LEVEL,DRY,NO DEFECTS,ON SCENE,NO INJURY / DRIVE AWAY,,,,"OVER $1,500",06/06/2018 12:14:00 PM,FAILING TO YIELD RIGHT-OF-WAY,NOT APPLICABLE,4121,S,PULASKI RD,821.0,,Y,,,,,2,NO INDICATION OF INJURY,0.0,0.0,0.0,0.0,0.0,5.0,0.0,12,4,6,41.8177941012,-87.7237823172,POINT (-87.723782317248 41.817794101201)
aaaf1296f15774942a8dba8a8a4b79a1cec74e4c7c2c9b1c9ab3039f785da0b2c5b4f12e7fc48a5fd13377b7e6f358604c91ad7a8dc5526f3941dc22284d01fc,,06/25/2025 04:00:00 PM,25,TRAFFIC SIGNAL,FUNCTIONING PROPERLY,CLEAR,DAYLIGHT,TURNING,DIVIDED - W/MEDIAN (NOT RAISED),,STRAIGHT AND LEVEL,DRY,NO DEFECTS,NOT ON SCENE (DESK REPORT),NO INJURY / DRIVE AWAY,Y,,Y,"OVER $1,500",06/29/2025 07:30:00 PM,FAILING TO YIELD RIGHT-OF-WAY,IMPROPER TURNING/NO SIGNAL,4000,N,MARINE DR,1915.0,,,,,,,2,NO INDICATION OF INJURY,0.0,0.0,0.0,0.0,0.0,2.0,0.0,16,4,6,41.9546672516,-87.6454106252,POINT (-87.645410625151 41.954667251623)
74e6d7531870c4fa05eff77fe2aa04277ee0785f1330a9d1eedba8ee93dfeb495ef778788d0d5bb970ec1f9fe201b0915c40bf9b5cb291e6c9fed148e3899183,,08/17/2018 06:30:00 PM,30,NO CONTROLS,NO CONTROLS,CLEAR,DUSK,SIDESWIPE SAME DIRECTION,DIVIDED - W/MEDIAN (NOT RAISED),,STRAIGHT AND LEVEL,DRY,NO DEFECTS,NOT ON SCENE (DESK REPORT),NO INJURY / DRIVE AWAY,,,,"OVER $1,500",08/18/2018 10:47:00 AM,EXCEEDING AUTHORIZED SPEED LIMIT,FAILING TO REDUCE SPEED TO AVOID CRASH,433,S,DEARBORN ST,113.0,,,,,,,2,NO INDICATION OF INJURY,0.0,0.0,0.0,0.0,0.0,2.0,0.0,18,6,8,41.8760978576,-87.6291038898,POINT (-87.629103889809 41.876097857649)
fecfffc1341924bee8cc9070138ffd9c4c1c74157a530ba364cdb09979e709fbafce4ca078cad459ac44c825c3f532e2c172f8d51acea724c35653a70145213b,,07/25/2025 04:00:00 PM,30,NO CONTROLS,NO CONTROLS,CLEAR,DAYLIGHT,SIDESWIPE SAME DIRECTION,FOUR WAY,,STRAIGHT AND LEVEL,DRY,NO DEFECTS,NOT ON SCENE (DESK REPORT),NO INJURY / DRIVE AWAY,Y,,,"OVER $1,500",07/25/2025 04:40:00 PM,IMPROPER LANE USAGE,UNABLE TO DETERMINE,2325,N,CICERO AVE,2522.0,,,,,,,2,NO INDICATION OF INJURY,0.0,0.0,0.0,0.0,0.0,2.0,0.0,16,6,7,41.9231650168,-87.7461247122,POINT (-87.746124712213 41.92316501684)
d6360d70f8d92d29de819f42af4bbbfab60373c4323e650957410d6bc10ae659ec971401dce1ca70922c7168e248966b819416a18907379640811e97dee6f96d,,04/13/2023 02:50:00 PM,20,NO CONTROLS,NO CONTROLS,CLEAR,DAYLIGHT,REAR TO FRONT,PARKING LOT,,STRAIGHT AND LEVEL,DRY,NO DEFECTS,NOT ON SCENE (DESK REPORT),NO INJURY / DRIVE AWAY,,N,,"OVER $1,500",04/13/2023 06:00:00 PM,IMPROPER BACKING,NOT APPLICABLE,1,W,PARKING LOT A ST,1654.0,,,,,,,2,NO INDICATION OF INJURY,0.0,0.0,0.0,0.0,0.0,2.0,0.0,14,5,4,,,
bdf394e3690f4c216db9ae7be62043df465c4d1df4db43f45dd1252fd8e9e5e387e5b250c2974981b08d67e0e795f1ed626235df1cb425be3be55e73483f8b74,,12/14/2019 07:34:00 PM,45,NO CONTROLS,NO CONTROLS,CLEAR,"DARKNESS, LIGHTED ROAD",REAR END,DIVIDED - W/MEDIAN (NOT RAISED),,STRAIGHT AND LEVEL,DRY,NO DEFECTS,ON SCENE,INJURY AND / OR TOW DUE TO CRASH,,,Y,"OVER $1,500",12/14/2019 08:22:00 PM,UNABLE TO DETERMINE,NOT APPLICABLE,9001,W,LAWRENCE AVE,1614.0,,,,,,,2,NO INDICATION OF INJURY,0.0,0.0,0.0,0.0,0.0,4.0,0.0,19,7,12,41.9661434637,-87.8511803493,POINT (-87.851180349347 41.966143463677)
29da68fcfa6304122a46ebf42607a162ac55e7a05a18d26afaaa24dcc6904080421e628f2f713ac1b533227e0691be9d24ed061c94a0a99530c773ca7514e9b5,,06/26/2020 10:40:00 PM,35,NO CONTROLS,NO CONTROLS,CLEAR,DARKNESS,TURNING,NOT DIVIDED,,STRAIGHT AND LEVEL,WET,NO DEFECTS,ON SCENE,INJURY AND / OR TOW DUE TO CRASH,,,,"OVER $1,500",06/26/2020 10:43:00 PM,IMPROPER LANE USAGE,NOT APPLICABLE,7331,S,HALSTED ST,732.0,,,,,,,2,NONINCAPACITATING INJURY,1.0,0.0,0.0,1.0,0.0,1.0,0.0,22,6,6,41.7606279251,-87.644150209,POINT (-87.644150208972 41.760627925067)