CRASH_RECORD_ID,CRASH_DATE_EST_I,CRASH_DATE,POSTED_SPEED_LIMIT,TRAFFIC_CONTROL_DEVICE,DEVICE_CONDITION,WEATHER_CONDITION,LIGHTING_CONDITION,FIRST_CRASH_TYPE,TRAFFICWAY_TYPE,LANE_CNT,ALIGNMENT,ROADWAY_SURFACE_COND,ROAD_DEFECT,REPORT_TYPE,CRASH_TYPE,INTERSECTION_RELATED_I,NOT_RIGHT_OF_WAY_I,HIT_AND_RUN_I,DAMAGE,DATE_POLICE_NOTIFIED,PRIM_CONTRIBUTORY_CAUSE,SEC_CONTRIBUTORY_CAUSE,STREET_NO,STREET_DIRECTION,STREET_NAME,BEAT_OF_OCCURRENCE,PHOTOS_TAKEN_I,STATEMENTS_TAKEN_I,DOORING_I,WORK_ZONE_I,WORK_ZONE_TYPE,WORKERS_PRESENT_I,NUM_UNITS,MOST_SEVERE_INJURY,INJURIES_TOTAL,INJURIES_FATAL,INJURIES_INCAPACITATING,INJURIES_NON_INCAPACITATING,INJURIES_REPORTED_NOT_EVIDENT,INJURIES_NO_INDICATION,INJURIES_UNKNOWN,CRASH_HOUR,CRASH_DAY_OF_WEEK,CRASH_MONTH,LATITUDE,LONGITUDE,LOCATION
20fcc14da5b49b712f1ac7781cb2f8c7e74f35a73b73c762ac17208a12ad1be29d6e21e4d09bd9a0755c093edfb9ec4ede154b817cc57224bdbc2442f8f1bd3a,,08/26/2025 01:00:00 PM,30,STOP SIGN/FLASHER,FUNCTIONING PROPERLY,CLEAR,DAYLIGHT,PARKED MOTOR VEHICLE,ONE-WAY,,STRAIGHT AND LEVEL,DRY,NO DEFECTS,NOT ON SCENE (DESK REPORT),INJURY AND / OR TOW DUE TO CRASH,,,Y,"OVER $1,500",08/26/2025 04:00:00 PM,UNABLE TO DETERMINE,UNABLE TO DETERMINE,1128,N,WALLER AVE,1511.0,,,,,,,2,NO INDICATION OF INJURY,0.0,0.0,0.0,0.0,0.0,1.0,0.0,13,3,8,41.9011639713,-87.7681931129,POINT (-87.768193112877 41.901163971315)
2f97152f85f3ba473e43e63e49f5e2f930ab8a57c97c0335fcc1b05e2cbc233e62b8074a03c59c64e0a261750ac06774cdaa5f43819c95fb8dc81740d258dd73,Y,06/02/2023 08:00:00 PM,30,UNKNOWN,UNKNOWN,UNKNOWN,DUSK,PEDESTRIAN,FOUR WAY,,STRAIGHT AND LEVEL,UNKNOWN,UNKNOWN,ON SCENE,INJURY AND / OR TOW DUE TO CRASH,Y,,,$500 OR LESS,06/03/2023 01:23:00 PM,UNABLE TO DETERMINE,NOT APPLICABLE,5701,N,BROADWAY,2022.0,,,,,,,2,NONINCAPACITATING INJURY,1.0,0.0,0.0,1.0,0.0,1.0,0.0,20,6,6,41.9854791879,-87.6599788425,POINT (-87.659978842493 41.985479187915)
d5535f7899571635cee49f41673ce2a3e82d2cfbb6a0caa93d1d8c2a537cea7d71be8ec3216709bea07e95349a58f9199c037b2cfcb0c21ad1623d21dd73dbf2,,09/18/2022 07:21:00 PM,35,NO CONTROLS,NO CONTROLS,CLEAR,"DARKNESS, LIGHTED ROAD",PARKED MOTOR VEHICLE,NOT DIVIDED,,STRAIGHT AND LEVEL,DRY,NO DEFECTS,ON SCENE,INJURY AND / OR TOW DUE TO CRASH,,,,"$501 - $1,500",09/18/2022 07:51:00 PM,UNABLE TO DETERMINE,UNABLE TO DETERMINE,5843,W,ERIE ST,1511.0,,,,,,,2,NONINCAPACITATING INJURY,1.0,0.0,0.0,1.0,0.0,1.0,0.0,19,1,9,41.8918042895,-87.771772083,POINT (-87.771772083005 41.891804289532)
2bf53ad2e2f1b3ed724c3fc3c7bf3715434ee53ab30f2656f1d1b038964232a19ae827f6ea3e0f18f31e9c9a0a36fb5ce4eb254709eaf4172cef3b1129cc5112,,01/26/2025 01:00:00 PM,30,NO CONTROLS,NO CONTROLS,CLEAR,DAYLIGHT,PARKED MOTOR VEHICLE,NOT DIVIDED,,STRAIGHT AND LEVEL,DRY,NO DEFECTS,NOT ON SCENE (DESK REPORT),NO INJURY / DRIVE AWAY,,,,"$501 - $1,500",01/26/2025 02:20:00 PM,FOLLOWING TOO CLOSELY,NOT APPLICABLE,5159,W,HIRSCH ST,2533.0,,,,,,,2,NO INDICATION OF INJURY,0.0,0.0,0.0,0.0,0.0,1.0,0.0,13,1,1,41.9057654497,-87.7557969906,POINT (-87.755796990618 41.905765449686)
adc5dba8667de47d2779543c5fc040bdafa463b6692ec346644d88d3598cc3a95c3739fb49ff4bfe583741d79d28a4b01b3842db836c61ea2f4c4afdd8fcea1c,,03/31/2022 07:10:00 PM,30,NO CONTROLS,NO CONTROLS,CLEAR,DAYLIGHT,REAR END,ONE-WAY,,STRAIGHT AND LEVEL,DRY,NO DEFECTS,NOT ON SCENE (DESK REPORT),NO INJURY / DRIVE AWAY,,,,"OVER $1,500",04/01/2022 07:55:00 PM,UNABLE TO DETERMINE,NOT APPLICABLE,6934,S,TALMAN AVE,831.0,,,,,,,2,NO INDICATION OF INJURY,0.0,0.0,0.0,0.0,0.0,2.0,0.0,19,5,3,41.7671830602,-87.6895709632,POINT (-87.689570963152 41.767183060202)
9664588a1156e2841c2079595a71ef016bc3f15106bd135ca398e29bece41f21fd093be85c29046a446fc1998527c288a7a38f8a78ed0acbed7a83b324beb23e,,01/02/2023 02:00:00 AM,10,NO CONTROLS,NO CONTROLS,UNKNOWN,UNKNOWN,TURNING,PARKING LOT,,STRAIGHT AND LEVEL,UNKNOWN,UNKNOWN,NOT ON SCENE (DESK REPORT),NO INJURY / DRIVE AWAY,,Y,,"OVER $1,500",01/02/2023 05:00:00 PM,FAILING TO YIELD RIGHT-OF-WAY,NOT APPLICABLE,437,N,ORLEANS ST,1831.0,,,,,,,2,NO INDICATION OF INJURY,0.0,0.0,0.0,0.0,0.0,2.0,0.0,2,2,1,41.8902024618,-87.6368469746,POINT (-87.636846974582 41.89020246182)
a5cd096919d7adc7ddb5f24cbf44814f9d81586bf0307639b96f44f47e599effca3295e888ee0b15b8e269480d11dac7cc2fc72b9821bb7512f0762506748b1d,,01/16/2016 04:35:00 PM,30,STOP SIGN/FLASHER,FUNCTIONING PROPERLY,CLEAR,"DARKNESS, LIGHTED ROAD",ANGLE,DIVIDED - W/MEDIAN (NOT RAISED),2,STRAIGHT AND LEVEL,DRY,NO DEFECTS,NOT ON SCENE (DESK REPORT),NO INJURY / DRIVE AWAY,Y,,Y,"OVER $1,500",01/16/2016 05:40:00 PM,FAILING TO YIELD RIGHT-OF-WAY,UNABLE TO DETERMINE,3600,N,SPAULDING AVE,1733.0,,,,,,,2,NO INDICATION OF INJURY,0.0,0.0,0.0,0.0,0.0,2.0,0.0,16,7,1,,,
f2bf6edc35a9bb83594b4e9e37fe0ecf9a15bf48716ac4585743a0cd8aeca168eef442130930539b7575908fb05a5c8ae71d2c4e5a2ad4696905040e10801f4c,,04/22/2022 01:30:00 PM,30,TRAFFIC SIGNAL,FUNCTIONING PROPERLY,RAIN,DAYLIGHT,TURNING,NOT DIVIDED,,STRAIGHT AND LEVEL,WET,NO DEFECTS,ON SCENE,INJURY AND / OR TOW DUE TO CRASH,Y,,,"OVER $1,500",04/22/2022 01:47:00 PM,FAILING TO YIELD RIGHT-OF-WAY,WEATHER,6151,N,ELSTON AVE,1611.0,,,,,,,2,NONINCAPACITATING INJURY,1.0,0.0,0.0,1.0,0.0,3.0,0.0,13,6,4,41.9926007409,-87.7827219272,POINT (-87.782721927165 41.992600740929)
7d7b66e8157e766954573ed27ff7560ea77bedee527a6ba40d4a90f3dd499ffc845fc7a6450b2a5f62dcc622b6fd974afa886c0867b1959b9bda13e22c6a8718,,06/01/2023 01:50:00 PM,30,STOP SIGN/FLASHER,NO CONTROLS,CLEAR,DAYLIGHT,SIDESWIPE OPPOSITE DIRECTION,NOT DIVIDED,,STRAIGHT AND LEVEL,DRY,NO DEFECTS,ON SCENE,INJURY AND / OR TOW DUE TO CRASH,,,,"OVER $1,500",06/01/2023 03:57:00 PM,DRIVING SKILLS/KNOWLEDGE/EXPERIENCE,NOT APPLICABLE,7600,S,PAXTON AVE,414.0,,,,,,,2,"REPORTED, NOT EVIDENT",2.0,0.0,0.0,0.0,2.0,1.0,0.0,13,5,6,41.7570234412,-87.5713765466,POINT (-87.571376546642 41.757023441235)
275e627c6f00d3a5d52df1db27b4acca675e30f08da6ba4b25673273490abf5e5229a0558a21feda465ac9164c4e56ff81d339f8a6db838ba162ac5f86999422,,06/13/2020 08:00:00 PM,30,NO CONTROLS,NO CONTROLS,CLEAR,"DARKNESS, LIGHTED ROAD",REAR TO FRONT,DIVIDED - W/MEDIAN (NOT RAISED),,STRAIGHT AND LEVEL,DRY,NO DEFECTS,NOT ON SCENE (DESK REPORT),NO INJURY / DRIVE AWAY,,,,"$501 - $1,500",06/13/2020 08:30:00 PM,DRIVING SKILLS/KNOWLEDGE/EXPERIENCE,UNABLE TO DETERMINE,9041,S,ASHLAND AVE,2221.0,,,,,,,2,NO INDICATION OF INJURY,0.0,0.0,0.0,0.0,0.0,3.0,0.0,20,7,6,41.7290822889,-87.6627210724,POINT (-87.662721072382 41.729082288923)
0e6019c0665ed28480c24c3e094b24a9f18cbdba6eac20928dfab670d0f10b0b50633c5ce4c7600a836000bda811636ea0f8d6066d59d05674820c03a03ae559,,06/03/2022 05:49:00 PM,25,NO CONTROLS,NO CONTROLS,CLEAR,DAYLIGHT,TURNING,NOT DIVIDED,,STRAIGHT AND LEVEL,DRY,NO DEFECTS,ON SCENE,NO INJURY / DRIVE AWAY,,,Y,"OVER $1,500",06/03/2022 05:49:00 PM,UNABLE TO DETERMINE,UNABLE TO DETERMINE,3201,W,54TH ST,822.0,,,,,,,2,NO INDICATION OF INJURY,0.0,0.0,0.0,0.0,0.0,3.0,0.0,17,6,6,41.7952297428,-87.7036705711,POINT (-87.703670571082 41.795229742845)
468eb206263eb4f3e629e26451dbc35df1fc5d015964fe54b905eb2301af2d893f8fd28ee12633de302dea75a20c16b6066e79dd5000d440a0786ce14ef91fa5,,11/17/2025 08:00:00 AM,25,NO CONTROLS,NO CONTROLS,CLEAR,DAYLIGHT,REAR END,ONE-WAY,,STRAIGHT AND LEVEL,DRY,NO DEFECTS,NOT ON SCENE (DESK REPORT),NO INJURY / DRIVE AWAY,,,,"OVER $1,500",11/17/2025 08:35:00 AM,FOLLOWING TOO CLOSELY,NOT APPLICABLE,158,N,KOSTNER AVE,1113.0,,,,,,,2,NO INDICATION OF INJURY,0.0,0.0,0.0,0.0,0.0,2.0,0.0,8,2,11,41.8831776497,-87.7357046927,POINT (-87.735704692673 41.883177649677)
e8a53e7d08cd8116cda5dea0273eebb47b6cd693b3ed7c89860f7cc49ee4a3c6a77fc367245d7233b18fe1723226df83d878b46c37eb82f1811849360d022fa2,,10/11/2021 08:30:00 AM,30,NO CONTROLS,NO CONTROLS,CLOUDY/OVERCAST,DAYLIGHT,SIDESWIPE SAME DIRECTION,ONE-WAY,,STRAIGHT AND LEVEL,DRY,NO DEFECTS,NOT ON SCENE (DESK REPORT),NO INJURY / DRIVE AWAY,,,,$500 OR LESS,10/11/2021 12:15:00 PM,UNABLE TO DETERMINE,UNABLE TO DETERMINE,1540,W,VAN BUREN ST,1231.0,,,,,,,2,NO INDICATION OF INJURY,0.0,0.0,0.0,0.0,0.0,2.0,0.0,8,2,10,41.8764686014,-87.6659644014,POINT (-87.665964401396 41.876468601388)
708ddf8e2be4f79c5e1dcc9314793e8f090793a5007b6187e9dd5feabe22b43ac412cb2fe971c4e0730245cd99f764aaa1c1225773576e151618b27f5e44a95a,,03/11/2021 08:29:00 AM,30,NO CONTROLS,NO CONTROLS,CLEAR,DAYLIGHT,REAR END,DIVIDED - W/MEDIAN (NOT RAISED),,STRAIGHT AND LEVEL,DRY,NO DEFECTS,ON SCENE,NO INJURY / DRIVE AWAY,,,,"$501 - $1,500",03/11/2021 08:29:00 AM,UNABLE TO DETERMINE,NOT APPLICABLE,5301,S,HARLEM AVE,811.0,,,,,,,2,NO INDICATION OF INJURY,0.0,0.0,0.0,0.0,0.0,2.0,0.0,8,5,3,41.7956880528,-87.8014596705,POINT (-87.801459670523 41.795688052768)
21d96d86070dd6fde8e80705c019e4be720835909e8fc833b65843289790ae6fbd76db0b7cba8b8099beb0a42f92c7dc65189959bb7dee4581dbbd6ee77c5fd1,,03/03/2021 07:00:00 PM,20,NO CONTROLS,NO CONTROLS,CLEAR,"DARKNESS, LIGHTED ROAD",PARKED MOTOR VEHICLE,ONE-WAY,,STRAIGHT AND LEVEL,DRY,NO DEFECTS,ON SCENE,NO INJURY / DRIVE AWAY,,,,$500 OR LESS,03/03/2021 07:02:00 PM,PHYSICAL CONDITION OF DRIVER,NOT APPLICABLE,3,W,TERMINAL ST,1653.0,,,,,,,2,NO INDICATION OF INJURY,0.0,0.0,0.0,0.0,0.0,1.0,0.0,19,4,3,,,
8de970bfa55da9f78db0d08cd25a5f182af54c78605ca5885bbc437552d5195b49eb97238424d70756e052f34aa86226371b76211a1c11a86a30b9f832f27fac,,11/29/2024 08:00:00 PM,30,NO CONTROLS,NO CONTROLS,CLEAR,"DARKNESS, LIGHTED ROAD",SIDESWIPE SAME DIRECTION,NOT DIVIDED,,STRAIGHT AND LEVEL,DRY,NO DEFECTS,NOT ON SCENE (DESK REPORT),NO INJURY / DRIVE AWAY,,,Y,"$501 - $1,500",12/01/2024 03:00:00 PM,UNABLE TO DETERMINE,NOT APPLICABLE,4555,W,KINZIE ST,1113.0,,,,,,,2,NO INDICATION OF INJURY,0.0,0.0,0.0,0.0,0.0,2.0,0.0,20,6,11,41.8875008631,-87.7401661421,POINT (-87.740166142126 41.887500863056)
1ab270e29fcfacf43de8c00f4048a5e1c61f57911c32ce20306507674179ae89aa25a205e5bb837a5d968baabd6cb0465aeaf3ab35782f35a3b876b1e17283f8,Y,08/24/2019 08:00:00 AM,30,NO CONTROLS,NO CONTROLS,CLEAR,UNKNOWN,PARKED MOTOR VEHICLE,ONE-WAY,,STRAIGHT AND LEVEL,DRY,NO DEFECTS,NOT ON SCENE (DESK REPORT),NO INJURY / DRIVE AWAY,,,Y,"$501 - $1,500",08/24/2019 09:25:00 PM,UNABLE TO DETERMINE,UNABLE TO DETERMINE,7526,N,DAMEN AVE,2424.0,,,,,,,2,NO INDICATION OF INJURY,0.0,0.0,0.0,0.0,0.0,1.0,0.0,8,7,8,42.0187428181,-87.6806006897,POINT (-87.680600689715 42.018742818095)
ef62996da2994847f03efe992dbdbf7a1e92d18d654baf03e708a8b75acbd8f2afdef7d910cc9ee89c419b6ae47c9b2b8f5f579906b87b6ffb299f5205c89d27,,06/10/2024 02:58:00 AM,30,STOP SIGN/FLASHER,FUNCTIONING PROPERLY,RAIN,"DARKNESS, LIGHTED ROAD",ANGLE,FOUR WAY,,STRAIGHT AND LEVEL,WET,NO DEFECTS,ON SCENE,INJURY AND / OR TOW DUE TO CRASH,Y,,,"OVER $1,500",06/10/2024 03:04:00 AM,DISREGARDING STOP SIGN,NOT APPLICABLE,7500,S,VERNON AVE,624.0,N,Y,,,,,2,NO INDICATION OF INJURY,0.0,0.0,0.0,0.0,0.0,3.0,0.0,2,2,6,41.7583372044,-87.6140251648,POINT (-87.614025164832 41.758337204433)
82df4e5834b7110086d09f6a62b9b47a29786c68ad7258b76f61b959e3f827b7724bd35a76418b3aaf0c544ebf412c51c7baea352f0f178c2f19f97af2c2c0b7,,11/18/2020 10:40:00 AM,30,NO CONTROLS,NO CONTROLS,CLEAR,DAYLIGHT,SIDESWIPE SAME DIRECTION,NOT DIVIDED,,STRAIGHT AND LEVEL,DRY,NO DEFECTS,NOT ON SCENE (DESK REPORT),NO INJURY / DRIVE AWAY,,,,"$501 - $1,500",11/18/2020 11:50:00 AM,FAILING TO YIELD RIGHT-OF-WAY,NOT APPLICABLE,1700,W,DIVISION ST,1424.0,,,,,,,2,NO INDICATION OF INJURY,0.0,0.0,0.0,0.0,0.0,2.0,0.0,10,4,11,41.9034073742,-87.6704656135,POINT (-87.670465613518 41.903407374175)
bab36dffc4fcdaa8abc111e17eadf1035e0e986c9fdd7b88d8aff14099f0a9784ba18aec00d1294bf9a17378f19d93892a324a11dee34f1dd87a3f5a80014e53,,11/23/2023 12:50:00 PM,25,NO CONTROLS,NO CONTROLS,CLEAR,DAYLIGHT,PEDESTRIAN,T-INTERSECTION,,STRAIGHT AND LEVEL,DRY,NO DEFECTS,ON SCENE,INJURY AND / OR TOW DUE TO CRASH,Y,,,"$501 - $1,500",11/23/2023 12:55:00 PM,DRIVING SKILLS/KNOWLEDGE/EXPERIENCE,UNABLE TO DETERMINE,2300,N,SHEFFIELD AVE,1811.0,,,,,,,2,NONINCAPACITATING INJURY,1.0,0.0,0.0,1.0,0.0,2.0,0.0,12,5,11,41.9236443623,-87.653697613,POINT (-87.653697613025 41.923644362327)
31fed24752463199e668d762e3fdf0ab39f51159533ff705a8c71c05ff205bf81a370790065b4c5fa4b845ff3beb765cf18b2d2260cc74541da8a9d2c1a515a8,,11/10/2017 03:40:00 PM,25,NO CONTROLS,NO CONTROLS,CLEAR,DAYLIGHT,ANGLE,DIVIDED - W/MEDIAN (NOT RAISED),2,STRAIGHT AND LEVEL,DRY,NO DEFECTS,NOT ON SCENE (DESK REPORT),NO INJURY / DRIVE AWAY,,,,"$501 - $1,500",11/10/2017 04:17:00 PM,UNABLE TO DETERMINE,UNABLE TO DETERMINE,4700,S,KEELER AVE,815.0,,,,,,,2,NO INDICATION OF INJURY,0.0,0.0,0.0,0.0,0.0,2.0,0.0,15,6,11,41.8077168138,-87.7286198954,POINT (-87.728619895431 41.807716813824)
18a4811e4937e025b69248dd3bd0e2fe08bb634aa6fc1f6acc79f469ed5c333fe8aa8558a74f537cfcf99df65e8b770ad142b2bf8e3ed04169731a2112a406f0,,06/26/2019 03:20:00 PM,10,NO CONTROLS,NO CONTROLS,CLEAR,DAYLIGHT,SIDESWIPE OPPOSITE DIRECTION,ALLEY,,STRAIGHT AND LEVEL,DRY,NO DEFECTS,NOT ON SCENE (DESK REPORT),NO INJURY / DRIVE AWAY,,,,$500 OR LESS,06/26/2019 05:15:00 PM,UNABLE TO DETERMINE,NOT APPLICABLE,8812,S,WALLACE ST,2223.0,,,,,,,2,NO INDICATION OF INJURY,0.0,0.0,0.0,0.0,0.0,2.0,0.0,15,4,6,41.7339109281,-87.6388385278,POINT (-87.638838527781 41.733910928094)
0ad2014c92567a3132afb92b52fb01ac0b4c9b50a217b237e858b5068b9ff983946ec8f81b749f78154b2c1e193b16268f2fc6e2dc03237bfc2731685271bff6,,07/18/2024 05:56:00 PM,30,NO CONTROLS,NO CONTROLS,UNKNOWN,DAYLIGHT,ANGLE,DIVIDED - W/MEDIAN (NOT RAISED),,STRAIGHT AND LEVEL,UNKNOWN,UNKNOWN,NOT ON SCENE (DESK REPORT),NO INJURY / DRIVE AWAY,,,,"OVER $1,500",07/18/2024 07:12:00 PM,FAILING TO YIELD RIGHT-OF-WAY,NOT APPLICABLE,5491,S,SHORE DR,234.0,,,,,,,2,NO INDICATION OF INJURY,0.0,0.0,0.0,0.0,0.0,2.0,0.0,17,5,7,41.7955136407,-87.580733262,POINT (-87.580733262038 41.795513640742)
0277e384c5c5e0e7a949c513e47491d901c0cbe5cddbd0d458dcb9f54d0740302362094e42739de058e4d8bb1a8bbf32d6bcd72978f4023a16f28c02a38e12e6,Y,02/03/2021 09:35:00 PM,30,NO CONTROLS,NO CONTROLS,SNOW,"DARKNESS, LIGHTED ROAD",PARKED MOTOR VEHICLE,DRIVEWAY,,STRAIGHT AND LEVEL,SNOW OR SLUSH,UNKNOWN,ON SCENE,NO INJURY / DRIVE AWAY,,,,"$501 - $1,500",02/03/2021 09:43:00 PM,IMPROPER BACKING,WEATHER,5510,S,KOLMAR AVE,813.0,,,,,,,2,NO INDICATION OF INJURY,0.0,0.0,0.0,0.0,0.0,1.0,0.0,21,4,2,41.7927096469,-87.736774904,POINT (-87.736774904036 41.792709646875)
a7ae7e817df55abd6662d82bbf7f727f6e7b9873293de26b5a4e8cde541873025e9ddf78a833dced32ea091be9c00d6cde85b8e82ff006cd551f5174b55ad23c,,11/02/2021 12:00:00 PM,30,NO CONTROLS,NO CONTROLS,CLEAR,DAYLIGHT,TURNING,NOT DIVIDED,,STRAIGHT AND LEVEL,DRY,NO DEFECTS,NOT ON SCENE (DESK REPORT),NO INJURY / DRIVE AWAY,,,,"OVER $1,500",11/02/2021 12:00:00 PM,IMPROPER TURNING/NO SIGNAL,IMPROPER TURNING/NO SIGNAL,1600,W,43RD ST,924.0,,,,,,,2,NO INDICATION OF INJURY,0.0,0.0,0.0,0.0,0.0,3.0,0.0,12,3,11,41.8159798186,-87.6652119176,POINT (-87.665211917584 41.815979818564)
ac4f0f75d83abc446c3c025a58448eed95a6d24784c6f7bf6f4a23b59693e9265edb06d005e7dae92f7407c883cfd938095ec4c593c6d5a80d6b489d03ef4ae2,,11/08/2023 04:15:00 PM,30,UNKNOWN,UNKNOWN,UNKNOWN,UNKNOWN,REAR END,NOT DIVIDED,,STRAIGHT AND LEVEL,UNKNOWN,UNKNOWN,NOT ON SCENE (DESK REPORT),NO INJURY / DRIVE AWAY,,,,$500 OR LESS,11/08/2023 04:45:00 PM,UNABLE TO DETERMINE,UNABLE TO DETERMINE,6401,N,CLARK ST,2432.0,,,,,,,2,NO INDICATION OF INJURY,0.0,0.0,0.0,0.0,0.0,2.0,0.0,16,4,11,41.9981457245,-87.6704630237,POINT (-87.670463023676 41.998145724489)
db029fe78858d24d9440b8b772eee1add00a5a3be9b0048f7b7f1a0296e30dad706409a005733bf4c6b20334e6204fe519b2a25bc6ffdcfb02ca86a7afc5f953,,07/28/2020 03:39:00 PM,15,NO CONTROLS,NO CONTROLS,CLEAR,DAYLIGHT,PARKED MOTOR VEHICLE,ONE-WAY,,STRAIGHT AND LEVEL,DRY,NO DEFECTS,ON SCENE,NO INJURY / DRIVE AWAY,,,Y,"OVER $1,500",07/28/2020 03:39:00 PM,UNABLE TO DETERMINE,UNABLE TO DETERMINE,2519,W,LELAND AVE,1911.0,,,,,,,2,NO INDICATION OF INJURY,0.0,0.0,0.0,0.0,0.0,1.0,0.0,15,3,7,41.9666489846,-87.6920638738,POINT (-87.692063873754 41.966648984551)
d2dc592aa99ca095157ce9fe69f267f1c869ddf51ca947345be097041df2ce81de3b768a2d45453523bb3878e5fb38296f2fb5536566c06b357e45a22049d7c9,,03/15/2022 12:25:00 PM,15,NO CONTROLS,NO CONTROLS,CLEAR,DAYLIGHT,PARKED MOTOR VEHICLE,OTHER,,STRAIGHT AND LEVEL,DRY,NO DEFECTS,NOT ON SCENE (DESK REPORT),NO INJURY / DRIVE AWAY,,Y,,$500 OR LESS,03/15/2022 12:40:00 PM,FAILING TO REDUCE SPEED TO AVOID CRASH,NOT APPLICABLE,2746,N,CLYBOURN AVE,1931.0,,,,,,,2,NO INDICATION OF INJURY,0.0,0.0,0.0,0.0,0.0,3.0,0.0,12,3,3,41.9310210058,-87.6768640181,POINT (-87.676864018134 41.931021005798)
592213e6159ac954af8ed53b64ecaef91b70f6abbca6f37b40ca9b1e1f6f22176dbabd213cb642a41cc17ae7d50422b49a9408aa742a75d108e6eab22d2ba37a,,12/01/2022 07:00:00 PM,30,TRAFFIC SIGNAL,FUNCTIONING PROPERLY,CLEAR,DAYLIGHT,TURNING,FOUR WAY,,STRAIGHT AND LEVEL,DRY,NO DEFECTS,NOT ON SCENE (DESK REPORT),INJURY AND / OR TOW DUE TO CRASH,,,,"OVER $1,500",12/01/2022 08:15:00 PM,UNABLE TO DETERMINE,NOT APPLICABLE,1600,N,CENTRAL AVE,2531.0,,,,,,,2,NO INDICATION OF INJURY,0.0,0.0,0.0,0.0,0.0,2.0,0.0,19,5,12,41.9094969973,-87.7658323884,POINT (-87.765832388395 41.909496997284)
437e93ae7f6c695b2314ec81a65a0566f1990568977e9f2822b45cf4b081c4335e4768b7165d9b6ae940d3d433e51a1caeaaabfc96b175618f2420a2283c2f96,,01/11/2019 07:10:00 PM,35,TRAFFIC SIGNAL,FUNCTIONING PROPERLY,CLEAR,"DARKNESS, LIGHTED ROAD",REAR END,NOT DIVIDED,,STRAIGHT AND LEVEL,DRY,NO DEFECTS,NOT ON SCENE (DESK REPORT),NO INJURY / DRIVE AWAY,Y,,,"$501 - $1,500",01/11/2019 08:20:00 PM,"OPERATING VEHICLE IN ERRATIC, RECKLESS, CARELESS, NEGLIGENT OR AGGRESSIVE MANNER",NOT APPLICABLE,742,N,HOMAN AVE,1121.0,,,,,,,2,NO INDICATION OF INJURY,0.0,0.0,0.0,0.0,0.0,2.0,0.0,19,6,1,41.8949579446,-87.7115665113,POINT (-87.711566511349 41.894957944562)
12d6d89d30fb379ef4927c16ab892308b7c04cea88294072dd17c14aa8a2eafb0673aba54bd1996ca8336994094cfbf3f83ddb841ff244965c448daf6f4302b4,,08/06/2019 12:30:00 PM,35,NO CONTROLS,NO CONTROLS,CLEAR,DAYLIGHT,PEDESTRIAN,NOT DIVIDED,,STRAIGHT AND LEVEL,DRY,UNKNOWN,ON SCENE,INJURY AND / OR TOW DUE TO CRASH,,,Y,$500 OR LESS,08/06/2019 02:10:00 PM,UNABLE TO DETERMINE,NOT APPLICABLE,2740,W,PETERSON AVE,2413.0,,,,,,,2,NONINCAPACITATING INJURY,1.0,0.0,0.0,1.0,0.0,1.0,0.0,12,3,8,41.9905571452,-87.6986358545,POINT (-87.698635854536 41.990557145215)
aa84c5dedcaaeefea55194891668ee7a7a3330a4186aabd6bd5c5499b68635d3ade0f8553fe77b941799a4095cf31b5da209f676007a9c259b78b017885bfc5c,,07/03/2023 05:34:00 PM,30,STOP SIGN/FLASHER,NO CONTROLS,CLEAR,DAYLIGHT,TURNING,DIVIDED - W/MEDIAN (NOT RAISED),,STRAIGHT AND LEVEL,DRY,NO DEFECTS,NOT ON SCENE (DESK REPORT),NO INJURY / DRIVE AWAY,,,,"OVER $1,500",07/03/2023 06:20:00 PM,FAILING TO YIELD RIGHT-OF-WAY,NOT APPLICABLE,4131,W,DIVISION ST,1111.0,,,,,,,2,NO INDICATION OF INJURY,0.0,0.0,0.0,0.0,0.0,2.0,0.0,17,2,7,41.9025025712,-87.729926543,POINT (-87.729926543041 41.902502571191)
75524ac80e9e6d400d202b5ffeb55bc957c0db7795d3e7863efb659614e876b1eeaf3697fb51c5aaa396f7557de437a0ea2e18d92d03e4ba9bf1ab2a0b37effd,,08/22/2024 05:30:00 PM,30,NO CONTROLS,NO CONTROLS,CLEAR,DAYLIGHT,REAR END,DIVIDED - W/MEDIAN (NOT RAISED),,STRAIGHT AND LEVEL,DRY,NO DEFECTS,NOT ON SCENE (DESK REPORT),NO INJURY / DRIVE AWAY,,,,"OVER $1,500",08/22/2024 06:30:00 PM,FOLLOWING TOO CLOSELY,UNABLE TO DETERMINE,1730,W,FULLERTON AVE,1931.0,,,,,,,2,NO INDICATION OF INJURY,0.0,0.0,0.0,0.0,0.0,2.0,0.0,17,5,8,41.9252123276,-87.6719254251,POINT (-87.671925425136 41.925212327594)
8f7880dbc6a1ff091efee62610043f1f0973ce47d9a14ba6e3c4edb097cbbce5f7fd811763a3f10da2e29d12353a20a0ccfbbfa586a7db597d11a4d7b169f9fa,,09/10/2021 05:30:00 PM,30,STOP SIGN/FLASHER,FUNCTIONING PROPERLY,CLEAR,DAYLIGHT,ANGLE,NOT DIVIDED,,STRAIGHT AND LEVEL,DRY,NO DEFECTS,NOT ON SCENE (DESK REPORT),NO INJURY / DRIVE AWAY,,,,"$501 - $1,500",09/10/2021 06:26:00 PM,NOT APPLICABLE,NOT APPLICABLE,3302,W,63RD ST,823.0,,,,,,,2,NO INDICATION OF INJURY,0.0,0.0,0.0,0.0,0.0,2.0,0.0,17,6,9,41.7790406398,-87.7057600297,POINT (-87.705760029737 41.779040639848)