CRASH_RECORD_ID,CRASH_DATE_EST_I,CRASH_DATE,POSTED_SPEED_LIMIT,TRAFFIC_CONTROL_DEVICE,DEVICE_CONDITION,WEATHER_CONDITION,LIGHTING_CONDITION,FIRST_CRASH_TYPE,TRAFFICWAY_TYPE,LANE_CNT,ALIGNMENT,ROADWAY_SURFACE_COND,ROAD_DEFECT,REPORT_TYPE,CRASH_TYPE,INTERSECTION_RELATED_I,NOT_RIGHT_OF_WAY_I,HIT_AND_RUN_I,DAMAGE,DATE_POLICE_NOTIFIED,PRIM_CONTRIBUTORY_CAUSE,SEC_CONTRIBUTORY_CAUSE,STREET_NO,STREET_DIRECTION,STREET_NAME,BEAT_OF_OCCURRENCE,PHOTOS_TAKEN_I,STATEMENTS_TAKEN_I,DOORING_I,WORK_ZONE_I,WORK_ZONE_TYPE,WORKERS_PRESENT_I,NUM_UNITS,MOST_SEVERE_INJURY,INJURIES_TOTAL,INJURIES_FATAL,INJURIES_INCAPACITATING,INJURIES_NON_INCAPACITATING,INJURIES_REPORTED_NOT_EVIDENT,INJURIES_NO_INDICATION,INJURIES_UNKNOWN,CRASH_HOUR,CRASH_DAY_OF_WEEK,CRASH_MONTH,LATITUDE,LONGITUDE,LOCATION
96052f47eca80b33d40511641894dd948a278cfb1225337892b10b2123cc1f4e1270f2eb94d6f4d83b7813e58ba14a5022a13b5dfd5b02af74ebdc1602929c5f,,10/01/2020 07:45:00 PM,30,NO CONTROLS,NO CONTROLS,RAIN,DUSK,ANGLE,NOT DIVIDED,,STRAIGHT AND LEVEL,WET,UNKNOWN,NOT ON SCENE (DESK REPORT),NO INJURY / DRIVE AWAY,,,Y,"$501 - $1,500",10/01/2020 08:37:00 PM,FAILING TO YIELD RIGHT-OF-WAY,NOT APPLICABLE,4015,N,CUMBERLAND AVE,1614.0,,,,,,,2,NO INDICATION OF INJURY,0.0,0.0,0.0,0.0,0.0,4.0,0.0,19,5,10,41.9525413417,-87.8365254605,POINT (-87.836525460452 41.952541341673)
caa709d4964f599b1f899f44de58d6498afde831d53053175c2b4c5442adf9200dbda72247123672d5aac12a05184a57cf4ac1e51c62f2e4bc29e92a9aa668dd,,06/12/2019 03:00:00 PM,20,UNKNOWN,UNKNOWN,CLEAR,DAYLIGHT,PARKED MOTOR VEHICLE,ONE-WAY,,STRAIGHT AND LEVEL,DRY,NO DEFECTS,NOT ON SCENE (DESK REPORT),NO INJURY / DRIVE AWAY,,,,"$501 - $1,500",06/12/2019 03:50:00 PM,UNABLE TO DETERMINE,UNABLE TO DETERMINE,4400,N,SPAULDING AVE,1724.0,,,,,,,2,NO INDICATION OF INJURY,0.0,0.0,0.0,0.0,0.0,1.0,0.0,15,4,6,41.9612504365,-87.7108370398,POINT (-87.710837039779 41.961250436454)
ddee9e39cc63f032ba0238e8cdbc3b7296b5141f0e870b68c24bf1b7dc2d0fdc59a4bddfa7c23553c9584d4c4cbed135aa0cb1e9a1b746f93c8186bf426c15a9,,07/27/2023 12:00:00 PM,30,TRAFFIC SIGNAL,FUNCTIONING PROPERLY,CLEAR,DAYLIGHT,TURNING,NOT DIVIDED,,STRAIGHT AND LEVEL,DRY,NO DEFECTS,NOT ON SCENE (DESK REPORT),INJURY AND / OR TOW DUE TO CRASH,,,,"OVER $1,500",07/27/2023 04:30:00 PM,UNABLE TO DETERMINE,NOT APPLICABLE,346,E,95TH ST,633.0,,,,,,,2,"REPORTED, NOT EVIDENT",4.0,0.0,0.0,0.0,4.0,1.0,0.0,12,5,7,41.7219918725,-87.6147098121,POINT (-87.614709812077 41.721991872532)
3748abcb684be01113ad683eb22cde563c7d8b0d0110340d6b1aca1a510805215bbe51f25e9eef8d8f4f0b1368955c5094116301f9da920f73e47f807d19d573,,10/31/2016 08:08:00 PM,30,NO CONTROLS,NO CONTROLS,CLEAR,DARKNESS,REAR END,NOT DIVIDED,3,STRAIGHT AND LEVEL,DRY,NO DEFECTS,NOT ON SCENE (DESK REPORT),NO INJURY / DRIVE AWAY,,,,"$501 - $1,500",11/02/2016 03:45:00 PM,UNABLE TO DETERMINE,UNABLE TO DETERMINE,1201,W,GARFIELD BLVD,713.0,,,,,,,2,NO INDICATION OF INJURY,0.0,0.0,0.0,0.0,0.0,2.0,0.0,20,2,10,41.7936928456,-87.6549273964,POINT (-87.654927396438 41.793692845642)
792a8f8451707202c938e09a7db767381188eccc17cf3bc8418cb5990449d4defc7dcb6f170a572bbd53a82c9b665c67da73ba622cb8ebea6e3d6ae54851d856,,02/02/2024 07:00:00 PM,30,UNKNOWN,UNKNOWN,UNKNOWN,UNKNOWN,SIDESWIPE SAME DIRECTION,DIVIDED - W/MEDIAN BARRIER,,STRAIGHT AND LEVEL,UNKNOWN,UNKNOWN,,NO INJURY / DRIVE AWAY,,,Y,"OVER $1,500",02/02/2024 08:20:00 PM,DRIVING SKILLS/KNOWLEDGE/EXPERIENCE,UNABLE TO DETERMINE,400,S,LAKE SHORE DR SB,114.0,,,,,,,2,NO INDICATION OF INJURY,0.0,0.0,0.0,0.0,0.0,2.0,0.0,19,6,2,41.8770366926,-87.6175463867,POINT (-87.617546386744 41.877036692607)
763c7ecf8aa2baca2f6c9dd9ae6e1b622c7c139107da8f4c11a24a361b0722288b9ab7e85da8f954e11a3654951b97742207a15dea4d06a71a92431459b6500c,,07/05/2018 06:30:00 PM,30,NO CONTROLS,NO CONTROLS,CLEAR,DAYLIGHT,REAR END,DIVIDED - W/MEDIAN (NOT RAISED),2,STRAIGHT AND LEVEL,DRY,NO DEFECTS,NOT ON SCENE (DESK REPORT),NO INJURY / DRIVE AWAY,,,,"OVER $1,500",07/05/2018 07:40:00 PM,UNABLE TO DETERMINE,UNABLE TO DETERMINE,1400,N,CENTRAL AVE,2531.0,,,,,,,2,NO INDICATION OF INJURY,0.0,0.0,0.0,0.0,0.0,2.0,0.0,18,5,7,41.9058460549,-87.7659352507,POINT (-87.765935250667 41.905846054894)
af368b0a6ec68b247ffab7b339e338e1db7e13b2b100e95444a572a0bbc5c70034fdafa54a2178cf960d8571c3b5fddb76848d024d5112d82d79609abe97a04a,,10/06/2023 05:00:00 PM,35,NO CONTROLS,NO CONTROLS,CLEAR,DAYLIGHT,REAR END,DIVIDED - W/MEDIAN (NOT RAISED),,STRAIGHT AND LEVEL,WET,NO DEFECTS,ON SCENE,INJURY AND / OR TOW DUE TO CRASH,,,,"OVER $1,500",10/06/2023 05:46:00 PM,FOLLOWING TOO CLOSELY,DISTRACTION - FROM OUTSIDE VEHICLE,8450,W,IRVING PARK RD,1614.0,,,,,,,3,"REPORTED, NOT EVIDENT",1.0,0.0,0.0,0.0,1.0,2.0,0.0,17,6,10,41.952277771,-87.8386468134,POINT (-87.838646813416 41.952277770984)
7e90a53ff1ffe7d6e03df38f129acd80ea8f0fe6423c0d1c24250b0c4b5b2aa1120ec19ab2475d81b05fcce5b772527ccb27916c35e4a2f8634dafafdd422e07,,11/18/2025 08:12:00 AM,25,NO CONTROLS,NO CONTROLS,RAIN,DAYLIGHT,OTHER OBJECT,ALLEY,,STRAIGHT AND LEVEL,WET,NO DEFECTS,ON SCENE,NO INJURY / DRIVE AWAY,,,,"$501 - $1,500",11/18/2025 08:13:00 AM,UNABLE TO DETERMINE,NOT APPLICABLE,6427,N,ALBANY AVE,2412.0,,,,,,,1,NO INDICATION OF INJURY,0.0,0.0,0.0,0.0,0.0,1.0,0.0,8,3,11,41.9982577167,-87.7068445121,POINT (-87.70684451212 41.998257716708)
28b2810fe2250c1d71e0fb068bfca019a37fe1ef3e222f49c559c1ce418fb6ab4985beb9ed03bcaa1f54516b9f6fd7c1350670ba79a87067663dacc5448bb55c,,01/08/2019 03:03:00 PM,5,NO CONTROLS,NO CONTROLS,CLEAR,DAYLIGHT,PEDALCYCLIST,DRIVEWAY,1,STRAIGHT AND LEVEL,DRY,UNKNOWN,NOT ON SCENE (DESK REPORT),INJURY AND / OR TOW DUE TO CRASH,,,,$500 OR LESS,01/08/2019 06:00:00 PM,UNABLE TO DETERMINE,UNABLE TO DETERMINE,2722,W,PRATT BLVD,2411.0,,,Y,,,,2,NONINCAPACITATING INJURY,1.0,0.0,0.0,1.0,0.0,1.0,0.0,15,3,1,42.0049892439,-87.6982495705,POINT (-87.698249570464 42.004989243873)
4c4796fc4d596cfe1d6267e0c85fa4ea7440f6bbb1443333af2b37e73376c064983061e8a757668ef7fe1b2c2743e3326325b34e2980ed1814e7efc1fa6b302e,,09/30/2022 07:30:00 AM,20,NO CONTROLS,NO CONTROLS,CLEAR,DAYLIGHT,SIDESWIPE SAME DIRECTION,DIVIDED - W/MEDIAN BARRIER,,STRAIGHT AND LEVEL,DRY,NO DEFECTS,NOT ON SCENE (DESK REPORT),NO INJURY / DRIVE AWAY,,,,"OVER $1,500",09/30/2022 08:30:00 AM,FAILING TO YIELD RIGHT-OF-WAY,NOT APPLICABLE,5100,W,LAKE ST,1532.0,,,,,,,2,NO INDICATION OF INJURY,0.0,0.0,0.0,0.0,0.0,2.0,0.0,7,6,9,41.887174096,-87.7531325807,POINT (-87.753132580667 41.887174095951)
8c0cf11a9f9daf928e61f0467b0972de0b08230cc27ab31d2edf5c4f151c0cae2fc216a265513b7bacee871c48f1f00118ecc43c106f9a5567b28286dadf033a,,08/15/2023 07:40:00 PM,30,UNKNOWN,UNKNOWN,UNKNOWN,UNKNOWN,REAR END,NOT DIVIDED,,STRAIGHT AND LEVEL,UNKNOWN,UNKNOWN,NOT ON SCENE (DESK REPORT),NO INJURY / DRIVE AWAY,,,,$500 OR LESS,08/16/2023 06:47:00 PM,UNABLE TO DETERMINE,UNABLE TO DETERMINE,1723,W,DEVON AVE,2433.0,,,,,,,3,NO INDICATION OF INJURY,0.0,0.0,0.0,0.0,0.0,3.0,0.0,19,3,8,41.9979236429,-87.6729149842,POINT (-87.672914984215 41.997923642893)
22c798e835a6f65e7e48186b2b9fc348498658abe4bd4c9ab98110e523ed23b787f11a4566a8cdf32fe272ae0af4dde28a331b637ee8ee9040d79d15bd5c8f1f,Y,02/10/2023 11:47:00 PM,30,NO CONTROLS,NO CONTROLS,CLEAR,"DARKNESS, LIGHTED ROAD",PARKED MOTOR VEHICLE,NOT DIVIDED,,STRAIGHT AND LEVEL,DRY,NO DEFECTS,ON SCENE,INJURY AND / OR TOW DUE TO CRASH,,,,"OVER $1,500",02/10/2023 11:47:00 PM,UNABLE TO DETERMINE,UNABLE TO DETERMINE,198,N,CICERO AVE,1532.0,,,,,,,2,NO INDICATION OF INJURY,0.0,0.0,0.0,0.0,0.0,3.0,0.0,23,6,2,41.8843836505,-87.7455682611,POINT (-87.745568261111 41.884383650484)
419bd7ea0e722c93691a1bdca076a5d79823af3a9886e2dd9750df4fbfad74477649e1c492a5e52fc4e46cb75d59f9994e47f19df2e1b36cf166f37f8b3ef071,,01/17/2025 12:50:00 PM,30,STOP SIGN/FLASHER,NO CONTROLS,CLEAR,DAYLIGHT,ANGLE,FOUR WAY,,STRAIGHT AND LEVEL,UNKNOWN,NO DEFECTS,NOT ON SCENE (DESK REPORT),INJURY AND / OR TOW DUE TO CRASH,Y,,Y,"OVER $1,500",01/17/2025 01:50:00 PM,FAILING TO YIELD RIGHT-OF-WAY,NOT APPLICABLE,7400,S,RHODES AVE,323.0,,,,,,,3,NO INDICATION OF INJURY,0.0,0.0,0.0,0.0,0.0,2.0,0.0,12,6,1,41.7602070134,-87.611652118,POINT (-87.611652117998 41.760207013358)
c0f0d9ae35165cf3340d5a8903fa06bb22a25465f0adbfc0bfaabbcbd5db48e81391397127fa5881812b78b59f406dd07a6e6cc7195691c12988af047d4e4115,,04/22/2017 04:25:00 PM,30,NO CONTROLS,NO CONTROLS,CLEAR,DAYLIGHT,REAR END,NOT DIVIDED,2,STRAIGHT AND LEVEL,DRY,NO DEFECTS,NOT ON SCENE (DESK REPORT),NO INJURY / DRIVE AWAY,,,Y,"OVER $1,500",04/23/2017 07:49:00 AM,UNABLE TO DETERMINE,UNABLE TO DETERMINE,9501,S,HALSTED ST,2223.0,,,,,,,2,NO INDICATION OF INJURY,0.0,0.0,0.0,0.0,0.0,2.0,0.0,16,7,4,41.7213688223,-87.6430650519,POINT (-87.643065051892 41.721368822306)
4194a42cb32495b83836131b54a089f01df8364006ad8233c8a58ed9fa0836cc6821dea21355442fe11e6a99c330522c2a09f4323b3ac5ce5e5c6557ac365830,,08/30/2025 11:00:00 AM,30,NO CONTROLS,NO CONTROLS,CLEAR,DAYLIGHT,ANGLE,NOT DIVIDED,,STRAIGHT AND LEVEL,DRY,UNKNOWN,NOT ON SCENE (DESK REPORT),NO INJURY / DRIVE AWAY,,,,"OVER $1,500",08/30/2025 02:40:00 PM,FAILING TO YIELD RIGHT-OF-WAY,NOT APPLICABLE,3140,N,DAMEN AVE,1931.0,,,,,,,2,NO INDICATION OF INJURY,0.0,0.0,0.0,0.0,0.0,2.0,0.0,11,7,8,41.9389557667,-87.6784849346,POINT (-87.678484934616 41.938955766739)
70812df325b2a7c0d5bdd4628b57b904da8b91ff06cd705a1d0aadee84cf2b812a388aead518e49e0635c4879a5494a703da3f744da375a093ec192608105931,,01/05/2024 08:10:00 PM,25,NO CONTROLS,NO CONTROLS,CLEAR,"DARKNESS, LIGHTED ROAD",REAR TO SIDE,NOT DIVIDED,,STRAIGHT AND LEVEL,WET,NO DEFECTS,ON SCENE,NO INJURY / DRIVE AWAY,,,,"OVER $1,500",01/05/2024 08:15:00 PM,IMPROPER BACKING,UNABLE TO DETERMINE,10000,W,OHARE ST,1651.0,,,,,,,2,NO INDICATION OF INJURY,0.0,0.0,0.0,0.0,0.0,2.0,0.0,20,6,1,41.976201139,-87.9053091251,POINT (-87.905309125103 41.976201139024)
9fff0584f518d91901e9951a158fca42c6d7931b5624b04d201730481fe61d076b593e863130ab1b1db81fc0a20e7041ca81c8c066ac1f56f95572907a2da13f,,11/08/2021 04:19:00 PM,20,STOP SIGN/FLASHER,FUNCTIONING PROPERLY,CLEAR,DAYLIGHT,PARKED MOTOR VEHICLE,NOT DIVIDED,,STRAIGHT AND LEVEL,DRY,NO DEFECTS,ON SCENE,NO INJURY / DRIVE AWAY,,,,"$501 - $1,500",11/08/2021 04:30:00 PM,IMPROPER BACKING,NOT APPLICABLE,2222,N,SPRINGFIELD AVE,2525.0,,,,,,,2,NO INDICATION OF INJURY,0.0,0.0,0.0,0.0,0.0,1.0,0.0,16,2,11,41.9215656701,-87.724387788,POINT (-87.724387787985 41.921565670098)
f11df8ea5911d0f3a351d97598ee9b1210fb040184d3f39814c478ec5e934f2b76a09774bd0633a1a813f678ab08b254c8ee58d10c9e39f07988be9d2af12cce,,03/30/2020 01:17:00 PM,30,NO CONTROLS,NO CONTROLS,CLEAR,DAYLIGHT,PARKED MOTOR VEHICLE,ONE-WAY,,STRAIGHT AND LEVEL,DRY,UNKNOWN,ON SCENE,NO INJURY / DRIVE AWAY,,,Y,"$501 - $1,500",03/30/2020 01:18:00 PM,NOT APPLICABLE,NOT APPLICABLE,1215,N,MENARD AVE,2531.0,,,,,,,2,NO INDICATION OF INJURY,0.0,0.0,0.0,0.0,0.0,1.0,0.0,13,2,3,41.9025582194,-87.7703775495,POINT (-87.770377549517 41.902558219429)
fec89b8f465ae4ca961a7ce5a5daa606c0b7b090099b3344733d2422b73c84129f6342c3ab0035895a5546440c3ed043ffc40adc3bb3aa079fc928b95903a579,,01/16/2023 04:00:00 PM,20,NO CONTROLS,NO CONTROLS,RAIN,DAYLIGHT,PARKED MOTOR VEHICLE,NOT DIVIDED,,STRAIGHT AND LEVEL,WET,SHOULDER DEFECT,NOT ON SCENE (DESK REPORT),NO INJURY / DRIVE AWAY,,,Y,$500 OR LESS,01/16/2023 07:20:00 PM,UNABLE TO DETERMINE,UNABLE TO DETERMINE,6001,N,CENTRAL PARK AVE,1711.0,,,,,,,2,NO INDICATION OF INJURY,0.0,0.0,0.0,0.0,0.0,1.0,0.0,16,2,1,41.990350833,-87.7187169846,POINT (-87.71871698464 41.99035083304)
c006a74d776d1b5b2c916ca15b3a48fecec318eceb43a07339961ccd57a44b3ea5aec006242b9f2460232f47326c267559676325e88038deabd439f8eb99e0d6,,07/11/2018 05:15:00 PM,30,NO CONTROLS,NO CONTROLS,CLEAR,DAYLIGHT,TURNING,NOT DIVIDED,4,STRAIGHT AND LEVEL,DRY,NO DEFECTS,ON SCENE,INJURY AND / OR TOW DUE TO CRASH,Y,,,"OVER $1,500",07/11/2018 05:15:00 PM,FAILING TO REDUCE SPEED TO AVOID CRASH,"OPERATING VEHICLE IN ERRATIC, RECKLESS, CARELESS, NEGLIGENT OR AGGRESSIVE MANNER",10258,S,YATES AVE,431.0,,,,,,,2,NO INDICATION OF INJURY,0.0,0.0,0.0,0.0,0.0,2.0,0.0,17,4,7,41.7081913916,-87.5646588829,POINT (-87.564658882925 41.708191391556)
0d3b8d3ff6403332912cdfcec0a35135686a5efd3a3b703a27dff9f195458b5000e77a006f219cd8510fc05d1cb08b2a0de61141899596fa9ca8854faf5d3998,,02/18/2021 10:00:00 AM,35,TRAFFIC SIGNAL,FUNCTIONING PROPERLY,CLEAR,DAYLIGHT,SIDESWIPE SAME DIRECTION,DIVIDED - W/MEDIAN (NOT RAISED),,STRAIGHT AND LEVEL,SNOW OR SLUSH,NO DEFECTS,NOT ON SCENE (DESK REPORT),NO INJURY / DRIVE AWAY,,,Y,"OVER $1,500",02/18/2021 02:05:00 PM,UNABLE TO DETERMINE,NOT APPLICABLE,6200,S,LAKE SHORE DR,331.0,,,,,,,2,NO INDICATION OF INJURY,0.0,0.0,0.0,0.0,0.0,2.0,0.0,10,5,2,41.7824286294,-87.5758922137,POINT (-87.575892213744 41.782428629351)
7ef2f39ee1575c1a523f44d9dd36fd211aa69bd98008b8001027d51fdd01a3582792d4252225b2e7fa9ea046d0e7ca849f0b6dca1aaf28825c3de819ed46c4a0,,08/01/2025 11:15:00 AM,25,NO CONTROLS,NO CONTROLS,CLEAR,DAYLIGHT,PARKED MOTOR VEHICLE,ONE-WAY,,"CURVE, LEVEL",DRY,NO DEFECTS,ON SCENE,NO INJURY / DRIVE AWAY,,,Y,$500 OR LESS,08/01/2025 08:09:00 PM,UNABLE TO DETERMINE,UNABLE TO DETERMINE,2851,N,ORCHARD ST,1934.0,,,,,,,2,NO INDICATION OF INJURY,0.0,0.0,0.0,0.0,0.0,1.0,0.0,11,6,8,41.93422525,-87.6465659029,POINT (-87.646565902891 41.934225250045)
aab4e6674763d42313ab4c35e03143113c22e7d21e44f626e7198c40beab4555730acaa66989285e56091a161a28065c12cf23b7940af0504c589927e306f8c5,,08/07/2021 06:50:00 PM,30,UNKNOWN,UNKNOWN,CLEAR,DAYLIGHT,ANGLE,UNKNOWN,,STRAIGHT AND LEVEL,DRY,UNKNOWN,NOT ON SCENE (DESK REPORT),NO INJURY / DRIVE AWAY,Y,,Y,"OVER $1,500",08/08/2021 03:30:00 PM,UNABLE TO DETERMINE,UNABLE TO DETERMINE,5600,S,WABASH AVE,225.0,,,,,,,2,NO INDICATION OF INJURY,0.0,0.0,0.0,0.0,0.0,2.0,0.0,18,7,8,41.7927800362,-87.6241840004,POINT (-87.624184000384 41.792780036175)
4bc149f98f536d7043bbeeffd4d81f20b4f46cf4f7485a88afd1c43e9baa62a0dc4a14573ab920e08fdd197d506f1a825dcd144ff05dd7a84fa3436425b0f1dd,,02/11/2016 02:14:00 PM,30,NO CONTROLS,NO CONTROLS,CLEAR,DAYLIGHT,ANGLE,DIVIDED - W/MEDIAN (NOT RAISED),2,STRAIGHT AND LEVEL,DRY,NO DEFECTS,NOT ON SCENE (DESK REPORT),NO INJURY / DRIVE AWAY,Y,,,$500 OR LESS,02/11/2016 02:55:00 PM,"VISION OBSCURED (SIGNS, TREE LIMBS, BUILDINGS, ETC.)",NOT APPLICABLE,3614,W,AUGUSTA BLVD,1112.0,,,,,,,2,NO INDICATION OF INJURY,0.0,0.0,0.0,0.0,0.0,2.0,0.0,14,5,2,41.8992106127,-87.7171372312,POINT (-87.717137231193 41.899210612683)
1e495c4d47328bc505ef32d8a10e81619a76cb30274fccb73d4eeb57cb6b0158150b208f6666f0eac7df50dfaf2472948e62c998db00651195b5d1f4c2331afb,,02/23/2018 11:20:00 PM,30,NO CONTROLS,NO CONTROLS,CLEAR,"DARKNESS, LIGHTED ROAD",SIDESWIPE SAME DIRECTION,DIVIDED - W/MEDIAN (NOT RAISED),2,STRAIGHT AND LEVEL,DRY,NO DEFECTS,NOT ON SCENE (DESK REPORT),NO INJURY / DRIVE AWAY,,,Y,"OVER $1,500",02/23/2018 11:40:00 PM,NOT APPLICABLE,NOT APPLICABLE,353,W,HUBBARD ST,1831.0,,,,,,,2,NO INDICATION OF INJURY,0.0,0.0,0.0,0.0,0.0,3.0,0.0,23,6,2,41.8898257521,-87.6376023722,POINT (-87.637602372238 41.889825752055)
e3155996520c9a4335e8254e1df1352cd98a45e89f5db13fd0a29b538acf2df72abe3ea827e4bec22089c687c0232091de7ac4e1878050049d418eb156e86456,,01/11/2019 11:50:00 PM,30,UNKNOWN,NO CONTROLS,CLEAR,"DARKNESS, LIGHTED ROAD",SIDESWIPE SAME DIRECTION,DIVIDED - W/MEDIAN (NOT RAISED),,STRAIGHT AND LEVEL,DRY,NO DEFECTS,NOT ON SCENE (DESK REPORT),NO INJURY / DRIVE AWAY,,,Y,"$501 - $1,500",01/12/2019 12:15:00 AM,IMPROPER OVERTAKING/PASSING,DRIVING SKILLS/KNOWLEDGE/EXPERIENCE,1904,W,BELMONT AVE,1922.0,,,,,,,2,NO INDICATION OF INJURY,0.0,0.0,0.0,0.0,0.0,2.0,0.0,23,6,1,41.9397084689,-87.6762050094,POINT (-87.67620500936 41.939708468854)
592615fcbfa05b06cf7e064fab938d8118cf6a25e9a4d39b253c51fa1870cb6a50db0823d83ec5cf470a33ba283ed19d7de787d9cccef1c907a75e8d978a331d,,02/04/2023 12:51:00 PM,30,TRAFFIC SIGNAL,FUNCTIONING PROPERLY,CLEAR,DAYLIGHT,TURNING,FOUR WAY,,STRAIGHT AND LEVEL,DRY,NO DEFECTS,ON SCENE,INJURY AND / OR TOW DUE TO CRASH,Y,,,"$501 - $1,500",02/04/2023 01:00:00 PM,UNABLE TO DETERMINE,UNABLE TO DETERMINE,3600,W,115TH ST,2211.0,,,,,,,3,NONINCAPACITATING INJURY,1.0,0.0,0.0,1.0,0.0,3.0,0.0,12,7,2,41.684220303,-87.7103528762,POINT (-87.710352876184 41.684220303012)
6583010b6698151d4ad000d0d4a8b6949e5889b602a44ad30aa0b72a642b8b48eefe9c2c8e4272fb91fc3f7c6ba299825f107433f305582e8601dc6f54ae236d,,08/02/2025 02:40:00 AM,30,TRAFFIC SIGNAL,NO CONTROLS,CLEAR,"DARKNESS, LIGHTED ROAD",REAR END,DIVIDED - W/MEDIAN (NOT RAISED),,STRAIGHT AND LEVEL,DRY,NO DEFECTS,ON SCENE,INJURY AND / OR TOW DUE TO CRASH,,,,"OVER $1,500",08/02/2025 02:46:00 AM,"DISTRACTION - OTHER ELECTRONIC DEVICE (NAVIGATION DEVICE, DVD PLAYER, ETC.)",FAILING TO REDUCE SPEED TO AVOID CRASH,2,E,63RD ST,311.0,N,,,,,,2,"REPORTED, NOT EVIDENT",1.0,0.0,0.0,0.0,1.0,1.0,0.0,2,7,8,41.7801686309,-87.6252922674,POINT (-87.625292267357 41.780168630918)
5f127b19b076623b716bed5234725cfb2c92c68d0c1bb64c668debe41ef19f74dc701f24d9f9a06ca20d037350dc4bbeb62caf2be6aac9bcd8e0cc7cad66de03,,01/12/2020 03:00:00 PM,5,NO CONTROLS,NO CONTROLS,CLEAR,DAYLIGHT,PARKED MOTOR VEHICLE,PARKING LOT,,STRAIGHT AND LEVEL,WET,NO DEFECTS,NOT ON SCENE (DESK REPORT),NO INJURY / DRIVE AWAY,,,,"$501 - $1,500",01/12/2020 08:45:00 PM,DRIVING SKILLS/KNOWLEDGE/EXPERIENCE,UNABLE TO DETERMINE,6312,N,NAGLE AVE,1611.0,,,,,,,2,NO INDICATION OF INJURY,0.0,0.0,0.0,0.0,0.0,1.0,0.0,15,1,1,41.9959852861,-87.7876371171,POINT (-87.787637117071 41.995985286062)
c08466ec627bb1782714f12ecc18fb87a7a4335d7bcdd98afe5a57c375fb6a90414f674ca9e28dc338390570da23430a012dc7b791a9572bfd53b945bbb8b17e,,11/12/2025 10:07:00 AM,30,NO CONTROLS,NO CONTROLS,CLEAR,DAYLIGHT,REAR END,NOT DIVIDED,,STRAIGHT AND LEVEL,DRY,NO DEFECTS,ON SCENE,INJURY AND / OR TOW DUE TO CRASH,,,,"OVER $1,500",11/12/2025 10:08:00 AM,IMPROPER OVERTAKING/PASSING,NOT APPLICABLE,6445,W,51ST ST,811.0,,,,,,,2,NONINCAPACITATING INJURY,1.0,0.0,0.0,1.0,0.0,1.0,0.0,10,4,11,41.7995559686,-87.7838179026,POINT (-87.783817902601 41.79955596858)
18ff7f27c0fd286e3ff44472a1d8185e984630a5d547de193bdb586cfe55d3398f3ee49065b4d169877f079299e7ca8397e83a527110991ffca552c5743deb4c,,01/18/2022 05:58:00 PM,20,STOP SIGN/FLASHER,FUNCTIONING PROPERLY,CLEAR,"DARKNESS, LIGHTED ROAD",TURNING,NOT DIVIDED,,STRAIGHT AND LEVEL,DRY,NO DEFECTS,ON SCENE,INJURY AND / OR TOW DUE TO CRASH,,,Y,"OVER $1,500",01/18/2022 06:01:00 PM,DISREGARDING STOP SIGN,"OPERATING VEHICLE IN ERRATIC, RECKLESS, CARELESS, NEGLIGENT OR AGGRESSIVE MANNER",7212,N,WOLCOTT AVE,2424.0,,,,,,,2,"REPORTED, NOT EVIDENT",1.0,0.0,0.0,0.0,1.0,2.0,0.0,17,3,1,42.0129884223,-87.6783486673,POINT (-87.678348667256 42.012988422271)
4dfd39150b4db45a3006c1148c2a0c4f812a342f3a2cb3e591c5836bd3a82f3a38536ba898f0efd172413521ed338b625e7a024f81107b306ac77f4d7cb7bc3a,Y,04/14/2025 08:30:00 AM,25,NO CONTROLS,FUNCTIONING PROPERLY,CLEAR,DAYLIGHT,PARKED MOTOR VEHICLE,ONE-WAY,,STRAIGHT AND LEVEL,DRY,NO DEFECTS,ON SCENE,NO INJURY / DRIVE AWAY,,,Y,"OVER $1,500",04/14/2025 08:45:00 AM,DRIVING SKILLS/KNOWLEDGE/EXPERIENCE,NOT APPLICABLE,8418,S,EXCHANGE AVE,423.0,,,,,,,2,NO INDICATION OF INJURY,0.0,0.0,0.0,0.0,0.0,1.0,0.0,8,2,4,41.742257677,-87.5528792729,POINT (-87.552879272892 41.742257677016)
355d98f106288a6e92babc406c96627196f51c073e92fa52cf8f06a80288876fe88b73128f568d15f86e84faea85a1b5e908ac3303689e7c28e70b78b7fed8d2,,02/05/2018 12:40:00 PM,30,NO CONTROLS,NO CONTROLS,SNOW,DAYLIGHT,REAR END,NOT DIVIDED,,STRAIGHT AND LEVEL,WET,NO DEFECTS,ON SCENE,NO INJURY / DRIVE AWAY,,,,"$501 - $1,500",02/05/2018 12:45:00 PM,WEATHER,NOT APPLICABLE,3021,W,TOUHY AVE,2411.0,,,,,,,2,NO INDICATION OF INJURY,0.0,0.0,0.0,0.0,0.0,2.0,0.0,12,2,2,42.0118342644,-87.7053026458,POINT (-87.705302645841 42.011834264437)