CRASH_RECORD_ID,CRASH_DATE_EST_I,CRASH_DATE,POSTED_SPEED_LIMIT,TRAFFIC_CONTROL_DEVICE,DEVICE_CONDITION,WEATHER_CONDITION,LIGHTING_CONDITION,FIRST_CRASH_TYPE,TRAFFICWAY_TYPE,LANE_CNT,ALIGNMENT,ROADWAY_SURFACE_COND,ROAD_DEFECT,REPORT_TYPE,CRASH_TYPE,INTERSECTION_RELATED_I,NOT_RIGHT_OF_WAY_I,HIT_AND_RUN_I,DAMAGE,DATE_POLICE_NOTIFIED,PRIM_CONTRIBUTORY_CAUSE,SEC_CONTRIBUTORY_CAUSE,STREET_NO,STREET_DIRECTION,STREET_NAME,BEAT_OF_OCCURRENCE,PHOTOS_TAKEN_I,STATEMENTS_TAKEN_I,DOORING_I,WORK_ZONE_I,WORK_ZONE_TYPE,WORKERS_PRESENT_I,NUM_UNITS,MOST_SEVERE_INJURY,INJURIES_TOTAL,INJURIES_FATAL,INJURIES_INCAPACITATING,INJURIES_NON_INCAPACITATING,INJURIES_REPORTED_NOT_EVIDENT,INJURIES_NO_INDICATION,INJURIES_UNKNOWN,CRASH_HOUR,CRASH_DAY_OF_WEEK,CRASH_MONTH,LATITUDE,LONGITUDE,LOCATION
f2e855da5f8414bb1522a3abd447c8d0103bff6ffb55a9af59f7b769ba08f2f3059d7e64f008cccb14481908f7acc77d09690c3fc1f558a919c336c25e72ae07,Y,12/21/2023 06:20:00 PM,30,NO CONTROLS,NO CONTROLS,CLEAR,"DARKNESS, LIGHTED ROAD",PEDESTRIAN,T-INTERSECTION,,STRAIGHT AND LEVEL,DRY,NO DEFECTS,ON SCENE,INJURY AND / OR TOW DUE TO CRASH,Y,,Y,"OVER $1,500",12/21/2023 08:56:00 PM,UNABLE TO DETERMINE,NOT APPLICABLE,500,S,CENTRAL AVE,1513.0,,,,,,,2,NONINCAPACITATING INJURY,1.0,0.0,0.0,1.0,0.0,1.0,0.0,18,5,12,41.8737732515,-87.7647697044,POINT (-87.764769704361 41.873773251493)
bc7d30ddfe2ea62a643ae820662f02c5d4360b54b789d8c149ef9e9879f99e2831bf1735d5fad7bce94c21282582aa0bc87fcdfcb519b2e41efd3b8beec4a718,,05/14/2021 04:57:00 PM,30,NO CONTROLS,NO CONTROLS,CLEAR,DAYLIGHT,TURNING,NOT DIVIDED,,STRAIGHT AND LEVEL,DRY,NO DEFECTS,ON SCENE,NO INJURY / DRIVE AWAY,,,,"$501 - $1,500",05/14/2021 04:57:00 PM,IMPROPER OVERTAKING/PASSING,UNABLE TO DETERMINE,756,N,CICERO AVE,1531.0,,,,,,,2,NO INDICATION OF INJURY,0.0,0.0,0.0,0.0,0.0,2.0,0.0,16,6,5,41.8948883304,-87.7459506671,POINT (-87.745950667106 41.894888330427)
5079c2a43cb339b0199a257d60154773193167c3ea1795bf7f66ae05ad1196f63e74caca107d982ed02dc28a11225cacc840877bfc217c650756443f8bfb0368,,10/19/2018 11:20:00 AM,30,NO CONTROLS,NO CONTROLS,RAIN,DAYLIGHT,PARKED MOTOR VEHICLE,ONE-WAY,3,STRAIGHT AND LEVEL,WET,NO DEFECTS,NOT ON SCENE (DESK REPORT),NO INJURY / DRIVE AWAY,,,,$500 OR LESS,10/19/2018 01:50:00 PM,UNABLE TO DETERMINE,NOT APPLICABLE,149,W,ADAMS ST,122.0,,,,,,,2,NO INDICATION OF INJURY,0.0,0.0,0.0,0.0,0.0,3.0,0.0,11,6,10,41.8792915261,-87.6322162693,POINT (-87.632216269286 41.87929152614)
ae8418b03cb7ae98c4e5c8d1adb52f7e960ff425be81b2ef401504cf34a324d5b0b0f77f99c1cbb27a787b6a6db2ac6cef09050077ae47c11e9937922c2e6e58,,01/18/2016 08:45:00 PM,30,NO CONTROLS,NO CONTROLS,CLEAR,"DARKNESS, LIGHTED ROAD",SIDESWIPE SAME DIRECTION,NOT DIVIDED,,STRAIGHT AND LEVEL,DRY,NO DEFECTS,NOT ON SCENE (DESK REPORT),NO INJURY / DRIVE AWAY,,,,"OVER $1,500",01/18/2016 09:10:00 PM,IMPROPER OVERTAKING/PASSING,NOT APPLICABLE,6631,S,WESTERN AVE,832.0,,,,,,,2,NO INDICATION OF INJURY,0.0,0.0,0.0,0.0,0.0,2.0,0.0,20,2,1,41.772854574,-87.6833216396,POINT (-87.683321639589 41.772854573988)
da1bf859160848b617c08328394cab08717e63c3573ae1f016092d80b77c1ff809006d0104d251352e7082d87688d20e93f563adfe93b3c0ac94b0e8fa385032,,01/10/2021 12:31:00 AM,30,TRAFFIC SIGNAL,FUNCTIONING PROPERLY,CLEAR,"DARKNESS, LIGHTED ROAD",REAR TO FRONT,DIVIDED - W/MEDIAN BARRIER,,STRAIGHT AND LEVEL,DRY,NO DEFECTS,ON SCENE,INJURY AND / OR TOW DUE TO CRASH,Y,,,"OVER $1,500",01/10/2021 12:33:00 AM,FAILING TO REDUCE SPEED TO AVOID CRASH,FOLLOWING TOO CLOSELY,4300,S,LA SALLE ST,215.0,,,,,,,2,"REPORTED, NOT EVIDENT",1.0,0.0,0.0,0.0,1.0,0.0,0.0,0,1,1,41.8164388049,-87.6295865961,POINT (-87.629586596136 41.816438804918)
bfaf0d283b1241bf77122adf69796c0339d07730f48717ec6c1c8ae7b2cbc31789ee1d267b09b83999bf4617e37088a5b691c3a02af6bd8867f4b5f52f4af940,,03/10/2023 09:15:00 AM,25,STOP SIGN/FLASHER,NO CONTROLS,RAIN,DAYLIGHT,PARKED MOTOR VEHICLE,ONE-WAY,,STRAIGHT AND LEVEL,WET,NO DEFECTS,ON SCENE,NO INJURY / DRIVE AWAY,,,Y,$500 OR LESS,03/10/2023 09:20:00 AM,NOT APPLICABLE,NOT APPLICABLE,1501,N,LECLAIRE AVE,2533.0,,,,,,,2,NO INDICATION OF INJURY,0.0,0.0,0.0,0.0,0.0,1.0,0.0,9,6,3,41.9078091283,-87.7533056412,POINT (-87.75330564117 41.907809128252)
db9c796dd1de3c4d56fbbb03ea29da85ecce220f8d20414693de3aa8a78fc8000d5d16cef1ee07a77bd922834665fa76780188a415195f28f01ee0e1faa0dfd1,,05/25/2018 07:55:00 AM,30,NO CONTROLS,NO CONTROLS,CLEAR,DAYLIGHT,SIDESWIPE SAME DIRECTION,NOT DIVIDED,,STRAIGHT AND LEVEL,DRY,NO DEFECTS,NOT ON SCENE (DESK REPORT),NO INJURY / DRIVE AWAY,,,Y,"OVER $1,500",05/25/2018 07:50:00 PM,FAILING TO YIELD RIGHT-OF-WAY,NOT APPLICABLE,2322,N,COMMONWEALTH AVE,1814.0,,,,,,,2,NO INDICATION OF INJURY,0.0,0.0,0.0,0.0,0.0,2.0,0.0,7,6,5,41.9245080534,-87.6382228877,POINT (-87.638222887702 41.92450805337)
717a2d1d5d451104495c41fc9495ffc406f123571739db977bcd4c78854a20f09fa05f3c72707b3bdfd43dabf37ca442ed5a53d9498cb38f2ecbd6a947962b39,,07/15/2024 03:35:00 PM,30,TRAFFIC SIGNAL,FUNCTIONING PROPERLY,CLEAR,DAYLIGHT,TURNING,FOUR WAY,,STRAIGHT AND LEVEL,DRY,NO DEFECTS,NOT ON SCENE (DESK REPORT),INJURY AND / OR TOW DUE TO CRASH,Y,,,"OVER $1,500",07/15/2024 03:35:00 PM,FAILING TO YIELD RIGHT-OF-WAY,FAILING TO REDUCE SPEED TO AVOID CRASH,1599,W,MARQUETTE RD,725.0,,,,,,,2,NO INDICATION OF INJURY,0.0,0.0,0.0,0.0,0.0,2.0,0.0,15,2,7,41.7720832688,-87.6639568574,POINT (-87.663956857364 41.772083268831)
503efdf763b0c805ec680fb656f98581cba824ae7e7aabb19e378922f2dd80861cdacf6e44e71f08594475d8a7d1a24903448a2363cd354234579e0efc247e6f,,11/26/2018 12:00:00 AM,30,TRAFFIC SIGNAL,FUNCTIONING PROPERLY,SNOW,DARKNESS,TURNING,NOT DIVIDED,,STRAIGHT AND LEVEL,SNOW OR SLUSH,NO DEFECTS,NOT ON SCENE (DESK REPORT),NO INJURY / DRIVE AWAY,Y,,,"OVER $1,500",11/26/2018 12:50:00 AM,UNABLE TO DETERMINE,UNABLE TO DETERMINE,5500,S,CENTRAL AVE,811.0,,,,,,,2,NO INDICATION OF INJURY,0.0,0.0,0.0,0.0,0.0,2.0,0.0,0,2,11,41.7926423369,-87.7624466007,POINT (-87.762446600716 41.792642336891)
a03672d9dffafc770260d4530655c2283fe0d79ba924efb3bf942c3dee402165e7c72076a2771c2da5d060f1fa8c99fdf86503c55460c3043238602f59816f2b,,06/30/2017 02:45:00 PM,35,NO CONTROLS,NO CONTROLS,CLEAR,DAYLIGHT,PARKED MOTOR VEHICLE,ONE-WAY,3,STRAIGHT AND LEVEL,DRY,NO DEFECTS,NOT ON SCENE (DESK REPORT),NO INJURY / DRIVE AWAY,,,Y,"OVER $1,500",06/30/2017 07:30:00 PM,IMPROPER BACKING,UNABLE TO DETERMINE,56,W,RANDOLPH ST,111.0,,,,,,,2,NO INDICATION OF INJURY,0.0,0.0,0.0,0.0,0.0,2.0,0.0,14,6,6,41.884590839,-87.6299974857,POINT (-87.629997485689 41.884590838987)
6b07e3bc9eb5607ff4ebd931aeabeb11d62d749e2d4597dd6fcc7d40fca965c07bea446dc723fde39c1a2f2dba9a625c82f5727d1f3821b852814edb90429ca8,,03/26/2018 01:15:00 PM,30,NO CONTROLS,NO CONTROLS,CLEAR,DAYLIGHT,REAR END,NOT DIVIDED,2,STRAIGHT AND LEVEL,DRY,NO DEFECTS,NOT ON SCENE (DESK REPORT),NO INJURY / DRIVE AWAY,,,Y,$500 OR LESS,03/26/2018 03:10:00 PM,FOLLOWING TOO CLOSELY,NOT APPLICABLE,4700,S,ROCKWELL ST,922.0,,,,,,,2,NO INDICATION OF INJURY,0.0,0.0,0.0,0.0,0.0,2.0,0.0,13,2,3,41.8082689824,-87.6894680996,POINT (-87.6894680996 41.808268982399)
d116d8473d129a6ea9eb7485a3ac4df52b84eda8e833a5a139a74991590fe7acf9dcf1e0cb4349a335d0883f4b060e221c23783aede5b36caf681e1fb1b64186,,09/01/2021 09:10:00 AM,30,NO CONTROLS,NO CONTROLS,CLEAR,DAYLIGHT,PARKED MOTOR VEHICLE,NOT DIVIDED,,STRAIGHT AND LEVEL,DRY,NO DEFECTS,NOT ON SCENE (DESK REPORT),NO INJURY / DRIVE AWAY,,,Y,"OVER $1,500",09/01/2021 11:00:00 AM,IMPROPER OVERTAKING/PASSING,NOT APPLICABLE,2030,S,STATE ST,131.0,,,,,,,2,NO INDICATION OF INJURY,0.0,0.0,0.0,0.0,0.0,1.0,0.0,9,4,9,41.854535033,-87.6272677388,POINT (-87.627267738803 41.854535032965)
4291efe9322b95c7323110dd5a1740423e6abffc488b603ca2abafae551395de37b28f7faea982eb86e1d9a33637fb816a1ea68a012edde207029f8cdb5139a8,,11/23/2018 04:20:00 AM,45,NO CONTROLS,NO CONTROLS,CLEAR,"DARKNESS, LIGHTED ROAD",FIXED OBJECT,DIVIDED - W/MEDIAN BARRIER,8,STRAIGHT AND LEVEL,DRY,NO DEFECTS,ON SCENE,INJURY AND / OR TOW DUE TO CRASH,,,N,"OVER $1,500",11/23/2018 04:36:00 AM,UNABLE TO DETERMINE,NOT APPLICABLE,4602,N,LAKE SHORE DR NB,1914.0,,,,,,,1,NONINCAPACITATING INJURY,1.0,0.0,0.0,1.0,0.0,1.0,0.0,4,6,11,41.9657659198,-87.6474869364,POINT (-87.647486936397 41.965765919821)
9c1aa74bb1011fd0637501e143b0e1f5c720dd0f6c7d5e5e92d42d49359b8be4aa2b7e83ce11080eeb2aba76c4dd9cc74356721175c940b618b4f0eceaa8eec7,,03/21/2020 11:14:00 PM,30,TRAFFIC SIGNAL,UNKNOWN,CLEAR,"DARKNESS, LIGHTED ROAD",SIDESWIPE SAME DIRECTION,NOT DIVIDED,,STRAIGHT AND LEVEL,DRY,NO DEFECTS,ON SCENE,INJURY AND / OR TOW DUE TO CRASH,,,,"OVER $1,500",03/21/2020 11:14:00 PM,FAILING TO REDUCE SPEED TO AVOID CRASH,IMPROPER LANE USAGE,5524,W,ROOSEVELT RD,1522.0,,,,,,,2,NONINCAPACITATING INJURY,2.0,0.0,0.0,2.0,0.0,0.0,0.0,23,7,3,41.8657378028,-87.7627801288,POINT (-87.762780128815 41.865737802838)
26e21e5fbc78107f759a11b0f04a7829e4391feac949add7a6a68920bf71aac1c5df1aa76f574bb8c7f566e398b623c8dca186ddc1decc129258926eb1ae6e92,,04/09/2021 01:28:00 AM,30,NO CONTROLS,NO CONTROLS,RAIN,"DARKNESS, LIGHTED ROAD",FIXED OBJECT,DIVIDED - W/MEDIAN BARRIER,,STRAIGHT AND LEVEL,WET,NO DEFECTS,ON SCENE,INJURY AND / OR TOW DUE TO CRASH,,,,"OVER $1,500",04/09/2021 01:28:00 AM,UNABLE TO DETERMINE,NOT APPLICABLE,450,W,87TH ST,622.0,,,,,,,1,INCAPACITATING INJURY,2.0,0.0,1.0,1.0,0.0,0.0,0.0,1,6,4,41.7362886386,-87.6359188607,POINT (-87.635918860689 41.736288638611)
730c4c5933621a1089e5f8e28a07f511a83ebee513788159ab67d944386c53deba8e6a35985bc7d2a665406791f0ada22fca26aefbc5557d5efeff316ebc80e9,,04/30/2019 04:35:00 PM,5,NO CONTROLS,NO CONTROLS,RAIN,DAYLIGHT,REAR TO SIDE,PARKING LOT,,STRAIGHT AND LEVEL,WET,NO DEFECTS,ON SCENE,NO INJURY / DRIVE AWAY,,,,"$501 - $1,500",04/30/2019 05:17:00 PM,IMPROPER BACKING,FAILING TO YIELD RIGHT-OF-WAY,2840,W,NORTH AVE,1421.0,,,,,,,2,NO INDICATION OF INJURY,0.0,0.0,0.0,0.0,0.0,3.0,0.0,16,3,4,41.9103126838,-87.6986450567,POINT (-87.698645056731 41.910312683792)
5c7f235d6b1ff678bb66f8381fc93f0437a6b963eac0562ebaebb74a8188aff56fce9da7b55cdceb355b26af540672b16013c55e0036bd544b88f87a12e334a8,,06/18/2021 07:00:00 PM,30,NO CONTROLS,NO CONTROLS,CLEAR,DARKNESS,PARKED MOTOR VEHICLE,NOT DIVIDED,,STRAIGHT AND LEVEL,DRY,UNKNOWN,NOT ON SCENE (DESK REPORT),NO INJURY / DRIVE AWAY,,,Y,"OVER $1,500",06/25/2021 08:10:00 PM,UNABLE TO DETERMINE,UNABLE TO DETERMINE,2815,W,HARRISON ST,1135.0,,,,,,,2,NO INDICATION OF INJURY,0.0,0.0,0.0,0.0,0.0,1.0,0.0,19,6,6,41.8736797152,-87.696755802,POINT (-87.696755801986 41.873679715196)
92a4327fa5bfda30c7282a87e0b25e2624b7db7d83abbb936f266d54671a4830601cc0f9a5aeb3c41fadd59c9e053ccfd03f81519661ec32f3ab4265de54d2fd,,06/15/2024 05:20:00 AM,30,TRAFFIC SIGNAL,FUNCTIONING PROPERLY,CLEAR,DAYLIGHT,REAR END,NOT DIVIDED,,STRAIGHT AND LEVEL,DRY,NO DEFECTS,NOT ON SCENE (DESK REPORT),NO INJURY / DRIVE AWAY,,,Y,"OVER $1,500",06/15/2024 06:50:00 AM,FOLLOWING TOO CLOSELY,FOLLOWING TOO CLOSELY,5500,S,WESTERN AVE,824.0,,,,,,,2,NO INDICATION OF INJURY,0.0,0.0,0.0,0.0,0.0,2.0,0.0,5,7,6,41.7933705543,-87.6841753768,POINT (-87.684175376759 41.79337055433)
f4499c4c58ee157a0eba66ba5862a3b89509060fe0e8e1379a852db50db200eded1c491cc9269816f3e41df35b41c578b9da2392e06ea3797dc5a7dc599f8587,,09/04/2018 05:25:00 PM,30,TRAFFIC SIGNAL,FUNCTIONING PROPERLY,CLEAR,DAYLIGHT,REAR END,NOT DIVIDED,2,STRAIGHT AND LEVEL,DRY,NO DEFECTS,NOT ON SCENE (DESK REPORT),NO INJURY / DRIVE AWAY,,,,"$501 - $1,500",09/04/2018 05:45:00 PM,FOLLOWING TOO CLOSELY,FOLLOWING TOO CLOSELY,3100,W,CERMAK RD,1022.0,,,,,,,2,NO INDICATION OF INJURY,0.0,0.0,0.0,0.0,0.0,3.0,0.0,17,3,9,41.8519083675,-87.702875989,POINT (-87.702875988997 41.851908367483)
b392c3ebd7f9506c12869f85138d692b62bdb13943025599da2256352a1e049a05ca18c2860d14c85bb6b043070855c984c7e9b4e8234013f875e1cc953eab34,,02/06/2017 08:40:00 AM,30,TRAFFIC SIGNAL,FUNCTIONING PROPERLY,CLEAR,DAYLIGHT,REAR END,NOT DIVIDED,4,STRAIGHT AND LEVEL,DRY,NO DEFECTS,NOT ON SCENE (DESK REPORT),NO INJURY / DRIVE AWAY,,,,"$501 - $1,500",02/06/2017 09:18:00 AM,FOLLOWING TOO CLOSELY,UNABLE TO DETERMINE,8379,W,FOREST PRESERVE AVE,1631.0,,,,,,,2,NO INDICATION OF INJURY,0.0,0.0,0.0,0.0,0.0,2.0,0.0,8,2,2,41.9403089435,-87.8360984362,POINT (-87.836098436177 41.940308943526)
c2bc48e11353bcdfaa79321dcf3cdc9679703c99a82f9e21cb9d26777d3d0585a9c38decf7336c226998879a886e410415fc53182fe2157b062b54c476960f94,,05/27/2021 05:00:00 PM,30,TRAFFIC SIGNAL,FUNCTIONING PROPERLY,CLEAR,DAYLIGHT,ANIMAL,NOT DIVIDED,,STRAIGHT AND LEVEL,DRY,NO DEFECTS,NOT ON SCENE (DESK REPORT),NO INJURY / DRIVE AWAY,,,,"$501 - $1,500",05/29/2021 11:15:00 AM,ANIMAL,ANIMAL,4700,S,ELLIS AVE,222.0,,,,,,,1,NO INDICATION OF INJURY,0.0,0.0,0.0,0.0,0.0,2.0,0.0,17,5,5,41.8094954617,-87.6018453161,POINT (-87.601845316078 41.809495461748)
c1bc9cc92160be6b1036a9f4a0aba737ec9916f269a44e7dc0d41a127fda204ef627f3595b04f1e8e258bf8077f21f9971fd2e3594912f50705c960867f64105,,05/04/2018 11:35:00 AM,35,NO CONTROLS,NO CONTROLS,CLEAR,DAYLIGHT,ANGLE,NOT DIVIDED,,STRAIGHT AND LEVEL,DRY,NO DEFECTS,,NO INJURY / DRIVE AWAY,,,,"$501 - $1,500",05/04/2018 12:10:00 PM,UNABLE TO DETERMINE,UNABLE TO DETERMINE,3655,N,CICERO AVE,1731.0,,,,,,,2,NO INDICATION OF INJURY,0.0,0.0,0.0,0.0,0.0,2.0,0.0,11,6,5,41.9477827708,-87.7469932718,POINT (-87.746993271791 41.94778277077)
b1b86e4ded42bce24e285b6e7e93d74374e941643c3a24495436491dad65f273f9c7bfeb269f3dea35f7ecef0789c08de4608b0fc7a7e9d73fa386d8fbf82166,,06/09/2024 06:39:00 PM,30,STOP SIGN/FLASHER,FUNCTIONING PROPERLY,CLEAR,DAYLIGHT,TURNING,NOT DIVIDED,,STRAIGHT AND LEVEL,DRY,NO DEFECTS,NOT ON SCENE (DESK REPORT),INJURY AND / OR TOW DUE TO CRASH,,,Y,"OVER $1,500",06/10/2024 07:00:00 AM,UNABLE TO DETERMINE,UNABLE TO DETERMINE,1729,W,74TH ST,735.0,,,,,,,2,NONINCAPACITATING INJURY,2.0,0.0,0.0,2.0,0.0,1.0,0.0,18,1,6,41.7593025043,-87.6672576195,POINT (-87.667257619498 41.759302504349)
c5db6cf05eb66094f3693700a8a1ccf38cb11fc92e10f3c9cabae4f9205915390e8b1ad2271c61b192073f3c485e2cad7fccd624cfcd6e05b29de3b581d422a1,,08/15/2019 08:50:00 AM,30,TRAFFIC SIGNAL,FUNCTIONING PROPERLY,CLEAR,DAYLIGHT,TURNING,Y-INTERSECTION,,STRAIGHT AND LEVEL,DRY,NO DEFECTS,ON SCENE,INJURY AND / OR TOW DUE TO CRASH,Y,,Y,"OVER $1,500",08/15/2019 08:55:00 AM,DISREGARDING TRAFFIC SIGNALS,FAILING TO YIELD RIGHT-OF-WAY,601,W,127TH ST,523.0,,,,,,,2,INCAPACITATING INJURY,3.0,0.0,1.0,2.0,0.0,1.0,0.0,8,5,8,41.6631495177,-87.6366813193,POINT (-87.636681319298 41.663149517661)
b5f428b19a28f12971fbb64db21216b3f4ac99fb90c4552918f5bed27451d2522fa4b5ef3d5ac07fe5d55b6f0075ce14349ad8c09b973522c965cab41ecd07bb,,11/17/2024 03:30:00 PM,30,STOP SIGN/FLASHER,FUNCTIONING PROPERLY,CLEAR,DAYLIGHT,ANGLE,PARKING LOT,,STRAIGHT AND LEVEL,DRY,NO DEFECTS,NOT ON SCENE (DESK REPORT),NO INJURY / DRIVE AWAY,,Y,Y,"OVER $1,500",11/17/2024 09:10:00 PM,FAILING TO YIELD RIGHT-OF-WAY,NOT APPLICABLE,4501,W,NORTH AVE,2533.0,,,,,,,2,NO INDICATION OF INJURY,0.0,0.0,0.0,0.0,0.0,3.0,0.0,15,1,11,41.909600386,-87.7393564665,POINT (-87.739356466533 41.909600386011)
ffa7e4b2d936b78bae7ebc1773ab0a9e32f30049ae0fc9b3c775d650fe6b5106c2ac7ef47387d79387a1a7c5442aab8e9f67c799a11b5db0696e97cb45d622af,,05/08/2021 04:40:00 PM,30,TRAFFIC SIGNAL,FUNCTIONING PROPERLY,CLOUDY/OVERCAST,DAYLIGHT,TURNING,FOUR WAY,,STRAIGHT AND LEVEL,DRY,NO DEFECTS,ON SCENE,INJURY AND / OR TOW DUE TO CRASH,Y,,,"OVER $1,500",05/08/2021 04:44:00 PM,UNABLE TO DETERMINE,NOT APPLICABLE,299,W,CHICAGO AVE,1831.0,,,,,,,2,NO INDICATION OF INJURY,0.0,0.0,0.0,0.0,0.0,3.0,0.0,16,7,5,41.896473417,-87.6356108614,POINT (-87.635610861369 41.896473416952)
c1bafc9341456a8f301d40e56103ce09243a21c19d4683ea6315517ff2e6423d63e28975f9b2f1ac9cfa2fd3ab1d6f7140bc4be87a89923549226224cc185463,,05/03/2024 09:15:00 PM,30,NO CONTROLS,NO CONTROLS,CLEAR,"DARKNESS, LIGHTED ROAD",FIXED OBJECT,NOT DIVIDED,,STRAIGHT AND LEVEL,DRY,NO DEFECTS,ON SCENE,NO INJURY / DRIVE AWAY,,,,"$501 - $1,500",05/03/2024 09:26:00 PM,"VISION OBSCURED (SIGNS, TREE LIMBS, BUILDINGS, ETC.)","VISION OBSCURED (SIGNS, TREE LIMBS, BUILDINGS, ETC.)",1857,S,KOSTNER AVE,1012.0,,,,,,,1,NO INDICATION OF INJURY,0.0,0.0,0.0,0.0,0.0,1.0,0.0,21,6,5,41.8552988922,-87.7344780209,POINT (-87.734478020923 41.855298892225)
a8d58d97db0bbdf8fb48017681278fa38240d9c3997a33ae64bb42063c81b74e26c3906746a8fb710fe79dbbcb4f3d47ea1aab79fb3d01bcfae77b33dbadf505,,03/15/2019 02:15:00 PM,30,TRAFFIC SIGNAL,FUNCTIONING PROPERLY,CLEAR,"DARKNESS, LIGHTED ROAD",TURNING,DIVIDED - W/MEDIAN BARRIER,4,STRAIGHT AND LEVEL,DRY,NO DEFECTS,NOT ON SCENE (DESK REPORT),NO INJURY / DRIVE AWAY,Y,,,"$501 - $1,500",03/15/2019 07:15:00 PM,IMPROPER TURNING/NO SIGNAL,NOT APPLICABLE,100,W,FULLERTON DR,1935.0,,,,,,,2,NO INDICATION OF INJURY,0.0,0.0,0.0,0.0,0.0,3.0,0.0,14,6,3,41.9262127962,-87.6314053214,POINT (-87.631405321446 41.926212796177)
d5d0929bc0b99c8aced3c12e3397ace3eeb2ef55579eed3e608f3bd95e55a29b52483050d218dae21ebf7bf707f5f6ea82c777813818227cd93f17daed767dc1,,08/04/2017 04:15:00 PM,30,UNKNOWN,UNKNOWN,UNKNOWN,UNKNOWN,TURNING,DIVIDED - W/MEDIAN (NOT RAISED),4,STRAIGHT AND LEVEL,UNKNOWN,UNKNOWN,NOT ON SCENE (DESK REPORT),NO INJURY / DRIVE AWAY,Y,,,"$501 - $1,500",08/04/2017 05:30:00 PM,IMPROPER TURNING/NO SIGNAL,NOT APPLICABLE,6600,W,NORTH AVE,2513.0,,,,,,,2,NO INDICATION OF INJURY,0.0,0.0,0.0,0.0,0.0,2.0,0.0,16,6,8,41.9092011616,-87.7899146263,POINT (-87.789914626251 41.909201161636)
d9b6d511e07a3c6766d1b01e0cbb176ce6a2e5bbfa4096961b678ab68c278e620d304a8d29705ea89fecb6b48f7e720621b089d2bc6f8868788105535d325a12,,06/17/2023 09:35:00 AM,35,TRAFFIC SIGNAL,FUNCTIONING PROPERLY,CLEAR,DAYLIGHT,REAR END,DIVIDED - W/MEDIAN (NOT RAISED),,STRAIGHT AND LEVEL,DRY,NO DEFECTS,NOT ON SCENE (DESK REPORT),NO INJURY / DRIVE AWAY,,,,$500 OR LESS,06/17/2023 11:00:00 AM,TEXTING,DISTRACTION - FROM INSIDE VEHICLE,926,W,HOLLYWOOD AVE,2022.0,,,,,,,2,NO INDICATION OF INJURY,0.0,0.0,0.0,0.0,0.0,2.0,0.0,9,7,6,41.9856802483,-87.6550676257,POINT (-87.655067625654 41.985680248346)
53fbb5b9c1427b4ad9124654f8359929abbcdd2ece0e2d98a21b59454226c0c7863afeddacbf6b32686f062c24d47b7f8d777ab51f8a58325bc5d68a5e482b50,,08/29/2018 12:08:00 PM,30,TRAFFIC SIGNAL,FUNCTIONING PROPERLY,CLEAR,DAYLIGHT,ANGLE,NOT DIVIDED,4,STRAIGHT AND LEVEL,DRY,NO DEFECTS,NOT ON SCENE (DESK REPORT),NO INJURY / DRIVE AWAY,Y,,,"OVER $1,500",08/29/2018 01:10:00 PM,IMPROPER OVERTAKING/PASSING,FAILING TO YIELD RIGHT-OF-WAY,600,W,TAYLOR ST,124.0,,,,,,,2,NO INDICATION OF INJURY,0.0,0.0,0.0,0.0,0.0,2.0,0.0,12,4,8,41.8698257468,-87.6423489575,POINT (-87.642348957484 41.869825746793)
6e4c87db569dbba6e1995c61aa9d0fbd97d62fc62595596ba5ff4715186a340074dafec75362e8b8bdf56fdf159bd69a8987fa2f17a3c1effb313cf07554f557,,02/08/2024 10:55:00 PM,15,NO CONTROLS,NO CONTROLS,CLEAR,"DARKNESS, LIGHTED ROAD",PARKED MOTOR VEHICLE,ONE-WAY,,STRAIGHT AND LEVEL,WET,NO DEFECTS,NOT ON SCENE (DESK REPORT),NO INJURY / DRIVE AWAY,,,,"OVER $1,500",02/09/2024 02:30:00 PM,UNABLE TO DETERMINE,NOT APPLICABLE,7502,S,GREEN ST,621.0,,,,,,,2,NO INDICATION OF INJURY,0.0,0.0,0.0,0.0,0.0,1.0,0.0,22,5,2,41.7575778651,-87.6455784767,POINT (-87.645578476737 41.757577865087)
c456b90e0a001ab038b1030e0485b596038f9cb83589512817283d8f2ebfe5b59a0d5e0d9c552f66b904ae6d4b2164264ff65c6e17d0fb342dcb0f40d1a2038d,,03/08/2021 06:30:00 PM,10,NO CONTROLS,NO CONTROLS,CLEAR,DUSK,PARKED MOTOR VEHICLE,PARKING LOT,,STRAIGHT AND LEVEL,DRY,NO DEFECTS,NOT ON SCENE (DESK REPORT),NO INJURY / DRIVE AWAY,,,Y,"OVER $1,500",03/08/2021 06:41:00 PM,UNABLE TO DETERMINE,UNABLE TO DETERMINE,5006,N,PULASKI RD,1712.0,,,,,,,2,NO INDICATION OF INJURY,0.0,0.0,0.0,0.0,0.0,1.0,0.0,18,2,3,41.9721382124,-87.7282847385,POINT (-87.728284738504 41.972138212358)
6167e606a9164263881caab2fcc9aec8ce0b580e7fe4e5483c31da50ec2a2d76f6c15431d28abba257d50b00ae0f0aee81dc7083964c102e79753db33fad2420,,02/19/2022 02:00:00 PM,30,NO CONTROLS,NO CONTROLS,CLEAR,DAYLIGHT,PARKED MOTOR VEHICLE,UNKNOWN,,STRAIGHT AND LEVEL,UNKNOWN,UNKNOWN,NOT ON SCENE (DESK REPORT),NO INJURY / DRIVE AWAY,,,Y,"$501 - $1,500",02/19/2022 03:30:00 PM,IMPROPER OVERTAKING/PASSING,IMPROPER OVERTAKING/PASSING,1855,S,CALIFORNIA AVE,1023.0,,,,,,,2,NO INDICATION OF INJURY,0.0,0.0,0.0,0.0,0.0,1.0,0.0,14,7,2,41.8557603392,-87.6954294985,POINT (-87.695429498471 41.855760339226)