CRASH_RECORD_ID,CRASH_DATE_EST_I,CRASH_DATE,POSTED_SPEED_LIMIT,TRAFFIC_CONTROL_DEVICE,DEVICE_CONDITION,WEATHER_CONDITION,LIGHTING_CONDITION,FIRST_CRASH_TYPE,TRAFFICWAY_TYPE,LANE_CNT,ALIGNMENT,ROADWAY_SURFACE_COND,ROAD_DEFECT,REPORT_TYPE,CRASH_TYPE,INTERSECTION_RELATED_I,NOT_RIGHT_OF_WAY_I,HIT_AND_RUN_I,DAMAGE,DATE_POLICE_NOTIFIED,PRIM_CONTRIBUTORY_CAUSE,SEC_CONTRIBUTORY_CAUSE,STREET_NO,STREET_DIRECTION,STREET_NAME,BEAT_OF_OCCURRENCE,PHOTOS_TAKEN_I,STATEMENTS_TAKEN_I,DOORING_I,WORK_ZONE_I,WORK_ZONE_TYPE,WORKERS_PRESENT_I,NUM_UNITS,MOST_SEVERE_INJURY,INJURIES_TOTAL,INJURIES_FATAL,INJURIES_INCAPACITATING,INJURIES_NON_INCAPACITATING,INJURIES_REPORTED_NOT_EVIDENT,INJURIES_NO_INDICATION,INJURIES_UNKNOWN,CRASH_HOUR,CRASH_DAY_OF_WEEK,CRASH_MONTH,LATITUDE,LONGITUDE,LOCATION
ef571b9cf77434ff52d54cc70eae87f6d650416cf446eb70c821737051f0b7023add7e789e43ece6e7511cd215a9eb28fd7e1712934f2f977fe494c4d6986be6,,11/08/2024 02:56:00 PM,25,NO CONTROLS,NO CONTROLS,CLEAR,DAYLIGHT,SIDESWIPE SAME DIRECTION,DIVIDED - W/MEDIAN (NOT RAISED),,STRAIGHT AND LEVEL,DRY,NO DEFECTS,NOT ON SCENE (DESK REPORT),NO INJURY / DRIVE AWAY,,,Y,"OVER $1,500",11/15/2024 09:50:00 AM,IMPROPER OVERTAKING/PASSING,NOT APPLICABLE,4031,W,55TH ST,813.0,,,,,,,2,NO INDICATION OF INJURY,0.0,0.0,0.0,0.0,0.0,6.0,0.0,14,6,11,41.7930850303,-87.7243256281,POINT (-87.724325628131 41.793085030264)
568ae1b38739389847ad853768a60c99fafb515ba716261751e27bbad7b2d57750c28c38f1f2c7ad58b50b6c7906f8d2738e61dab4437ec5c3933697a6c25132,,12/04/2022 10:00:00 AM,30,TRAFFIC SIGNAL,FUNCTIONING PROPERLY,CLEAR,DAYLIGHT,REAR END,DIVIDED - W/MEDIAN (NOT RAISED),,STRAIGHT AND LEVEL,DRY,NO DEFECTS,ON SCENE,INJURY AND / OR TOW DUE TO CRASH,Y,,,"OVER $1,500",12/04/2022 10:04:00 AM,FOLLOWING TOO CLOSELY,NOT APPLICABLE,3826,S,WESTERN AVE,911.0,,,,,,,2,"REPORTED, NOT EVIDENT",2.0,0.0,0.0,0.0,2.0,1.0,0.0,10,1,12,41.8240030308,-87.6849990765,POINT (-87.684999076524 41.824003030753)
8a981a7b2b372acd6760267838614328682d87b803f492f964c151b3096b1630c5402074f7cb74b0f99fa4ee8410180fbda1fa18dcfc902f30eeb96c73b0cc0c,,11/06/2020 10:05:00 AM,30,TRAFFIC SIGNAL,FUNCTIONING PROPERLY,CLEAR,DAYLIGHT,ANGLE,ONE-WAY,,STRAIGHT AND LEVEL,DRY,NO DEFECTS,ON SCENE,NO INJURY / DRIVE AWAY,Y,,,"OVER $1,500",11/06/2020 10:06:00 AM,IMPROPER LANE USAGE,FAILING TO YIELD RIGHT-OF-WAY,2344,W,WARREN BLVD,1223.0,,,,,,,2,NO INDICATION OF INJURY,0.0,0.0,0.0,0.0,0.0,2.0,0.0,10,6,11,41.8822006657,-87.6857992474,POINT (-87.685799247449 41.882200665734)
785832f8418b894803d0361c2c99c5b91fbffb03b99ef7b1173f66f36cfebb9521d04be8a2dda28e13788c4f7eeb3426a3cb6a6690e1bfff806ba36ab19069c5,,11/18/2017 11:15:00 AM,0,NO CONTROLS,NO CONTROLS,RAIN,DAYLIGHT,ANGLE,DRIVEWAY,,STRAIGHT AND LEVEL,WET,NO DEFECTS,ON SCENE,NO INJURY / DRIVE AWAY,,,,"$501 - $1,500",11/18/2017 11:20:00 AM,WEATHER,NOT APPLICABLE,1533,W,LELAND AVE,1912.0,,,,,,,2,NO INDICATION OF INJURY,0.0,0.0,0.0,0.0,0.0,5.0,0.0,11,7,11,41.9669502833,-87.6684447486,POINT (-87.668444748617 41.966950283251)
7d04438ad5c7e073c40aa4d1f0053ab0d4c4a6e8b7ca28bd473858f1ec70d880f736be11ea3f83761cab1a6ebf25e1e37b2734761a02f919e9876881ddf39d07,,08/10/2025 12:35:00 PM,30,STOP SIGN/FLASHER,FUNCTIONING PROPERLY,CLEAR,DAYLIGHT,SIDESWIPE SAME DIRECTION,FOUR WAY,,STRAIGHT AND LEVEL,UNKNOWN,UNKNOWN,NOT ON SCENE (DESK REPORT),NO INJURY / DRIVE AWAY,Y,,,"OVER $1,500",08/10/2025 01:25:00 PM,UNABLE TO DETERMINE,UNABLE TO DETERMINE,1301,S,KEDZIE AVE,1022.0,,,,,,,2,NO INDICATION OF INJURY,0.0,0.0,0.0,0.0,0.0,2.0,0.0,12,1,8,41.8644955183,-87.7054652044,POINT (-87.705465204434 41.864495518315)
ee3086e216181dc19d895dcc834d0817a589e03c0503caf6e3bd5564bcf5e75c59067c2d5a87e05e9a60ea470d9f5857107fce4489dcdcccf56f85342b4d5cd1,,12/19/2022 08:00:00 AM,30,NO CONTROLS,NO CONTROLS,CLEAR,DAYLIGHT,PEDESTRIAN,NOT DIVIDED,,STRAIGHT AND LEVEL,DRY,NO DEFECTS,ON SCENE,INJURY AND / OR TOW DUE TO CRASH,,,Y,$500 OR LESS,12/19/2022 08:19:00 AM,FAILING TO YIELD RIGHT-OF-WAY,UNABLE TO DETERMINE,1741,W,TAYLOR ST,1231.0,,,,,,,2,NONINCAPACITATING INJURY,1.0,0.0,0.0,1.0,0.0,1.0,0.0,8,2,12,41.8690914169,-87.6705928447,POINT (-87.670592844736 41.869091416934)
5cd03aa37ab340ac13b17dcefc071fb0327841e66a6437ee9f75bec249725924284f91015acf8f043030f6e62079fbede5328f22262a126fc127a793776f83eb,,01/06/2022 06:00:00 PM,30,NO CONTROLS,UNKNOWN,CLEAR,DARKNESS,TURNING,NOT DIVIDED,,STRAIGHT AND LEVEL,DRY,UNKNOWN,NOT ON SCENE (DESK REPORT),NO INJURY / DRIVE AWAY,,,Y,"OVER $1,500",01/06/2022 08:20:00 PM,UNABLE TO DETERMINE,NOT APPLICABLE,3152,S,CALIFORNIA AVE,1033.0,,,,,,,2,NO INDICATION OF INJURY,0.0,0.0,0.0,0.0,0.0,2.0,0.0,18,5,1,41.83514681,-87.6951117632,POINT (-87.695111763208 41.835146810007)
c07d0125fb043816fb65ae16b4294008d9005c24bef8797a916e8c36840d5ac1a59b6824c8d53c8c773c0076305a5b4e226ee3b0809a70aa363f4c82917ca526,,12/28/2018 04:15:00 AM,20,UNKNOWN,UNKNOWN,CLEAR,"DARKNESS, LIGHTED ROAD",PARKED MOTOR VEHICLE,DRIVEWAY,,STRAIGHT AND LEVEL,DRY,NO DEFECTS,ON SCENE,INJURY AND / OR TOW DUE TO CRASH,,,,"OVER $1,500",12/28/2018 04:32:00 AM,"OPERATING VEHICLE IN ERRATIC, RECKLESS, CARELESS, NEGLIGENT OR AGGRESSIVE MANNER",UNABLE TO DETERMINE,8156,S,CHAMPLAIN AVE,631.0,,,,,,,3,NO INDICATION OF INJURY,0.0,0.0,0.0,0.0,0.0,1.0,0.0,4,6,12,41.7458853823,-87.6088698069,POINT (-87.608869806877 41.745885382335)
26754a6eb2677b21cf602eae5e0d5559e52b032f887bf6a11a6fd8f16ef3bc852891b576b06d4131440473af7a267d532f43be133dc96c4edf6888b4e18d76d0,,05/08/2018 10:10:00 PM,35,NO CONTROLS,NO CONTROLS,CLEAR,"DARKNESS, LIGHTED ROAD",PEDALCYCLIST,NOT DIVIDED,2,STRAIGHT AND LEVEL,DRY,NO DEFECTS,NOT ON SCENE (DESK REPORT),NO INJURY / DRIVE AWAY,,,Y,$500 OR LESS,05/08/2018 10:10:00 PM,UNABLE TO DETERMINE,UNABLE TO DETERMINE,2140,W,ADDISON ST,1921.0,,,Y,,,,2,NO INDICATION OF INJURY,0.0,0.0,0.0,0.0,0.0,3.0,0.0,22,3,5,41.9469203963,-87.6825931412,POINT (-87.682593141198 41.946920396342)
58d8d3282bbf77ec82c62e179c7ea3e644456fcfde256cde7479aa1bc1f9a683397b147db067b6f51fceef6e7a4040e63f50fd6b1878cfbd7b59996e7931538f,Y,07/10/2022 02:17:00 AM,25,NO CONTROLS,NO CONTROLS,CLEAR,"DARKNESS, LIGHTED ROAD",PEDESTRIAN,NOT DIVIDED,,STRAIGHT AND LEVEL,DRY,NO DEFECTS,NOT ON SCENE (DESK REPORT),INJURY AND / OR TOW DUE TO CRASH,,,Y,$500 OR LESS,08/16/2022 04:00:00 PM,UNABLE TO DETERMINE,NOT APPLICABLE,5010,W,45TH ST,814.0,,,,,,,2,INCAPACITATING INJURY,1.0,0.0,1.0,0.0,0.0,1.0,0.0,2,1,7,41.8113135822,-87.748667855,POINT (-87.748667854978 41.811313582228)
1edf2bebfc9d3dee3fe6d2b00681042d6d1efce4a4067b3b80cd6442d583e36d019663f19e93b448c5080da2b881258cac40e1b50199789711b3ec9f48af61bb,,04/15/2021 11:10:00 AM,15,NO CONTROLS,NO CONTROLS,CLEAR,DAYLIGHT,FIXED OBJECT,ALLEY,,STRAIGHT AND LEVEL,DRY,NO DEFECTS,ON SCENE,NO INJURY / DRIVE AWAY,,Y,,"$501 - $1,500",04/15/2021 11:40:00 AM,UNABLE TO DETERMINE,NOT APPLICABLE,615,E,100TH PL,511.0,,,,,,,1,NO INDICATION OF INJURY,0.0,0.0,0.0,0.0,0.0,1.0,0.0,11,5,4,41.7118476911,-87.6083576763,POINT (-87.608357676331 41.711847691097)
fbe3374f2ecfa7ca6cac891a284df58d5363d745570276dfa233d843a70e747d2e2e321e15bf8fdcfc2ff1dbd16c1a6c0fd11f2f207cd7e0e50bd2dd6cb5acd8,,12/05/2022 04:15:00 PM,10,NO CONTROLS,NO CONTROLS,CLEAR,DAYLIGHT,PARKED MOTOR VEHICLE,PARKING LOT,,STRAIGHT AND LEVEL,DRY,NO DEFECTS,NOT ON SCENE (DESK REPORT),NO INJURY / DRIVE AWAY,,Y,Y,"OVER $1,500",12/05/2022 04:55:00 PM,UNABLE TO DETERMINE,UNABLE TO DETERMINE,4821,W,NORTH AVE,2533.0,,,,,,,2,NO INDICATION OF INJURY,0.0,0.0,0.0,0.0,0.0,1.0,0.0,16,2,12,41.9095051477,-87.7469599363,POINT (-87.746959936272 41.909505147743)
ce50e4f3261bce46d7014cdb4c32b694daf4979724f5b5c79f66f28784766303eb3e7be7624c5b01122cb7ac2b5d092de7a4e4627af185252b1c9dd611e2f0b7,,04/14/2024 06:45:00 PM,30,TRAFFIC SIGNAL,FUNCTIONING PROPERLY,CLEAR,DUSK,TURNING,NOT DIVIDED,,STRAIGHT AND LEVEL,DRY,NO DEFECTS,NOT ON SCENE (DESK REPORT),NO INJURY / DRIVE AWAY,Y,,,"OVER $1,500",04/14/2024 08:20:00 PM,FOLLOWING TOO CLOSELY,DRIVING SKILLS/KNOWLEDGE/EXPERIENCE,1950,N,MILWAUKEE AVE,1434.0,,,,,,,2,NO INDICATION OF INJURY,0.0,0.0,0.0,0.0,0.0,4.0,0.0,18,1,4,41.9167958302,-87.6876008647,POINT (-87.687600864663 41.916795830173)
c13b5a899a3ae6e60286e783264a3382ffa599f1be9469293066f020004243de67a067f28ed7ba428cdf0a5a14600723ca698f47c39a123c889b3cd531a2bd7c,,09/30/2019 05:50:00 PM,35,TRAFFIC SIGNAL,FUNCTIONING PROPERLY,CLEAR,DAWN,SIDESWIPE SAME DIRECTION,NOT DIVIDED,,STRAIGHT AND LEVEL,DRY,NO DEFECTS,NOT ON SCENE (DESK REPORT),NO INJURY / DRIVE AWAY,,,,"OVER $1,500",09/30/2019 06:40:00 PM,IMPROPER OVERTAKING/PASSING,UNABLE TO DETERMINE,800,N,CICERO AVE,1531.0,,,,,,,2,NO INDICATION OF INJURY,0.0,0.0,0.0,0.0,0.0,3.0,0.0,17,2,9,41.895049038,-87.7459555163,POINT (-87.745955516269 41.895049037964)
474f1cb91c370ada8b830752ec868dcb2909823011ea595e93a0e8abbaa95fbf66608b98d63c9753c3cfc5b7fdf351cc7bbc5c1600756d07f7673d8f1fe4c53e,,04/15/2016 11:45:00 AM,20,TRAFFIC SIGNAL,FUNCTIONING PROPERLY,CLEAR,DAYLIGHT,SIDESWIPE SAME DIRECTION,NOT DIVIDED,3,STRAIGHT AND LEVEL,DRY,NO DEFECTS,NOT ON SCENE (DESK REPORT),NO INJURY / DRIVE AWAY,,,Y,"OVER $1,500",04/16/2016 10:33:00 AM,UNABLE TO DETERMINE,UNABLE TO DETERMINE,2018,W,ADAMS ST,1223.0,,,,,,,2,NO INDICATION OF INJURY,0.0,0.0,0.0,0.0,0.0,2.0,0.0,11,6,4,41.8788486886,-87.6774065013,POINT (-87.677406501267 41.878848688614)
675856d8af1ac9a33b0edce7cfe733914b1305a5c0ee69853329bb8434b710bb40381074df2d93df687e58f6144c101ce2210234fe402badc00e5bbded9cde9f,,04/09/2020 03:25:00 PM,30,TRAFFIC SIGNAL,FUNCTIONING PROPERLY,CLEAR,DAYLIGHT,PEDESTRIAN,FOUR WAY,,STRAIGHT AND LEVEL,DRY,UNKNOWN,ON SCENE,INJURY AND / OR TOW DUE TO CRASH,Y,,,$500 OR LESS,04/09/2020 03:27:00 PM,FAILING TO YIELD RIGHT-OF-WAY,FAILING TO YIELD RIGHT-OF-WAY,4845,S,WESTERN BLVD,931.0,,,,,,,2,"REPORTED, NOT EVIDENT",1.0,0.0,0.0,0.0,1.0,1.0,0.0,15,5,4,41.8053101773,-87.6836299382,POINT (-87.683629938172 41.805310177252)
4d594219398ca5892c892e2d961efa01642cc501d69463e7d1405794f59a09fcace18ac47b544f50b09685b3176b8428638b0ec7b1bfb434ceb4fca13e9d76b8,,06/03/2019 10:25:00 AM,30,TRAFFIC SIGNAL,FUNCTIONING PROPERLY,CLEAR,DAYLIGHT,TURNING,NOT DIVIDED,,STRAIGHT AND LEVEL,DRY,NO DEFECTS,ON SCENE,INJURY AND / OR TOW DUE TO CRASH,Y,,,"$501 - $1,500",06/10/2019 10:30:00 AM,UNABLE TO DETERMINE,UNABLE TO DETERMINE,10659,S,MICHIGAN AVE,512.0,,,,,,,3,NO INDICATION OF INJURY,0.0,0.0,0.0,0.0,0.0,3.0,0.0,10,2,6,41.6999905092,-87.6207835336,POINT (-87.620783533576 41.699990509168)
5048673574e888c12ef92164b29840cd4ac7262e75365aa40c4bd0ef0ed71d20ca27f037213d3f1de6b412f4b9088b3ff222bfe2991adf0fa85a7fcd091a173b,Y,06/12/2018 02:00:00 PM,15,NO CONTROLS,NO CONTROLS,CLOUDY/OVERCAST,DAYLIGHT,PARKED MOTOR VEHICLE,PARKING LOT,1,STRAIGHT AND LEVEL,DRY,NO DEFECTS,NOT ON SCENE (DESK REPORT),NO INJURY / DRIVE AWAY,,,Y,"OVER $1,500",06/12/2018 03:00:00 PM,UNABLE TO DETERMINE,UNABLE TO DETERMINE,1551,W,95TH ST,2213.0,,,,,,,2,NO INDICATION OF INJURY,0.0,0.0,0.0,0.0,0.0,1.0,0.0,14,3,6,41.7211092136,-87.6624003583,POINT (-87.662400358257 41.721109213625)
309b76d83b30eff324f54fda2f0ac2e1cb502f4e30632e495631dfc1ed8370ff6a7345602a6de9a69b7592441cc0aa64459a36afb556263f25f5e14d1041ec14,,12/22/2021 07:10:00 PM,30,TRAFFIC SIGNAL,FUNCTIONING PROPERLY,UNKNOWN,"DARKNESS, LIGHTED ROAD",REAR END,DIVIDED - W/MEDIAN (NOT RAISED),,STRAIGHT AND LEVEL,UNKNOWN,UNKNOWN,NOT ON SCENE (DESK REPORT),NO INJURY / DRIVE AWAY,,,Y,"$501 - $1,500",12/22/2021 07:48:00 PM,UNABLE TO DETERMINE,NOT APPLICABLE,8898,S,JEFFERY BLVD,412.0,,,,,,,2,NO INDICATION OF INJURY,0.0,0.0,0.0,0.0,0.0,2.0,0.0,19,4,12,41.7334986248,-87.5757794988,POINT (-87.575779498763 41.733498624774)
487315d3e9eaf3e2e829686240119082174e19593d20a5614f6a09a9c798292f9630eac1025773423d113eb41dca84f69a4f28b717fc80334546a124390497b5,,01/27/2025 06:52:00 PM,30,TRAFFIC SIGNAL,UNKNOWN,CLEAR,"DARKNESS, LIGHTED ROAD",TURNING,NOT DIVIDED,,STRAIGHT AND LEVEL,DRY,UNKNOWN,ON SCENE,NO INJURY / DRIVE AWAY,,,,"OVER $1,500",01/27/2025 06:52:00 PM,FAILING TO YIELD RIGHT-OF-WAY,FAILING TO REDUCE SPEED TO AVOID CRASH,6010,N,CALIFORNIA AVE,2413.0,,,,,,,3,NO INDICATION OF INJURY,0.0,0.0,0.0,0.0,0.0,3.0,0.0,18,2,1,41.9907986164,-87.6995595078,POINT (-87.699559507776 41.990798616365)
6226865a42f5e2720107e31d4021bdee825da1c74f17a655f62da174b068bef79e0b365853200a4a1d8fd6d05fa94522ac996bd466dc16e116f86780ed4163e7,,12/04/2016 02:15:00 PM,30,STOP SIGN/FLASHER,FUNCTIONING PROPERLY,SNOW,DAYLIGHT,ANGLE,OTHER,0,STRAIGHT AND LEVEL,SNOW OR SLUSH,NO DEFECTS,NOT ON SCENE (DESK REPORT),NO INJURY / DRIVE AWAY,,,,"OVER $1,500",12/04/2016 02:40:00 PM,DRIVING SKILLS/KNOWLEDGE/EXPERIENCE,"VISION OBSCURED (SIGNS, TREE LIMBS, BUILDINGS, ETC.)",7100,S,LAWNDALE AVE,833.0,,,,,,,2,NO INDICATION OF INJURY,0.0,0.0,0.0,0.0,0.0,2.0,0.0,14,1,12,41.7641110506,-87.7151911432,POINT (-87.71519114319 41.764111050584)
025154c55d7fb7f0fc3bf6e37bf8466dcce7fe570fd07ff7273c67117c191d550c2960fadc86cbcab90f699e3ba08c9af1cfe084263ea08c7c3289262f84a38c,,02/07/2021 04:02:00 AM,30,TRAFFIC SIGNAL,NOT FUNCTIONING,CLEAR,DAYLIGHT,REAR END,NOT DIVIDED,,STRAIGHT AND LEVEL,WET,NO DEFECTS,NOT ON SCENE (DESK REPORT),NO INJURY / DRIVE AWAY,,,,"OVER $1,500",02/07/2021 02:40:00 PM,FOLLOWING TOO CLOSELY,UNABLE TO DETERMINE,15,W,83RD ST,622.0,,,,,,,2,NO INDICATION OF INJURY,0.0,0.0,0.0,0.0,0.0,2.0,0.0,4,1,2,41.7435354998,-87.6249782227,POINT (-87.624978222666 41.743535499805)
fa13bdf03b5417405bcaed36e2308580d0107978db7e6a2084cf723f4c49f38ae448dd1a6177aeef480bf95cd8fbb0547dc3488bae5c0df0a1fd593cdc25453f,,10/28/2022 09:00:00 PM,30,TRAFFIC SIGNAL,FUNCTIONING PROPERLY,CLEAR,"DARKNESS, LIGHTED ROAD",REAR END,NOT DIVIDED,,STRAIGHT AND LEVEL,DRY,NO DEFECTS,NOT ON SCENE (DESK REPORT),NO INJURY / DRIVE AWAY,Y,,,"OVER $1,500",10/28/2022 10:10:00 PM,FAILING TO REDUCE SPEED TO AVOID CRASH,NOT APPLICABLE,600,W,ROOSEVELT RD,124.0,,,,,,,2,NO INDICATION OF INJURY,0.0,0.0,0.0,0.0,0.0,6.0,0.0,21,6,10,41.8673283915,-87.6422642382,POINT (-87.642264238244 41.867328391469)
72014ef8345fcbcc6565eab83e7e80c4cc88602606fe0b49662f9204093524eb916b03595faa7e25a49d27c534ea5a00be3ac0fdbb3eb9f6cf5fd466feece726,,09/17/2018 10:10:00 AM,30,TRAFFIC SIGNAL,FUNCTIONING PROPERLY,CLEAR,DAYLIGHT,SIDESWIPE SAME DIRECTION,DIVIDED - W/MEDIAN (NOT RAISED),4,STRAIGHT AND LEVEL,DRY,NO DEFECTS,NOT ON SCENE (DESK REPORT),NO INJURY / DRIVE AWAY,,,,"OVER $1,500",09/18/2018 03:15:00 PM,FAILING TO REDUCE SPEED TO AVOID CRASH,UNABLE TO DETERMINE,1600,N,CICERO AVE,2533.0,,,,,,,2,NO INDICATION OF INJURY,0.0,0.0,0.0,0.0,0.0,2.0,0.0,10,2,9,41.9096720015,-87.7462613036,POINT (-87.74626130363 41.90967200151)
093f1503d48bf3d5e2a7ae9b42ebd729c6c26bf6453a5530a79bcb65d937c53b131f53e16ec9ff464fa9218aab46003d14c266b8f39d7d602b87ff4e601d44c5,,02/05/2021 07:34:00 PM,30,TRAFFIC SIGNAL,FUNCTIONING PROPERLY,CLEAR,"DARKNESS, LIGHTED ROAD",REAR END,DIVIDED - W/MEDIAN (NOT RAISED),,STRAIGHT AND LEVEL,DRY,UNKNOWN,NOT ON SCENE (DESK REPORT),NO INJURY / DRIVE AWAY,N,,N,"OVER $1,500",02/11/2021 09:45:00 PM,FAILING TO REDUCE SPEED TO AVOID CRASH,NOT APPLICABLE,6,N,CICERO AVE,1533.0,,,,,,,2,NO INDICATION OF INJURY,0.0,0.0,0.0,0.0,0.0,2.0,0.0,19,6,2,41.8806927576,-87.7454317592,POINT (-87.745431759172 41.880692757567)
2c64816a98ddd7ef1762f773338c7005d474d7ba069a495f486b2b6111c855fb67957ef8764e69713a06f3595aeb73a83f09555e50795b97a937f2aa69a6ea59,,01/12/2022 03:30:00 PM,30,TRAFFIC SIGNAL,FUNCTIONING PROPERLY,CLEAR,DAYLIGHT,REAR END,NOT DIVIDED,,STRAIGHT AND LEVEL,DRY,NO DEFECTS,NOT ON SCENE (DESK REPORT),NO INJURY / DRIVE AWAY,,,,"$501 - $1,500",01/12/2022 03:46:00 PM,UNABLE TO DETERMINE,NOT APPLICABLE,1430,W,FOSTER AVE,2013.0,,,,,,,2,NO INDICATION OF INJURY,0.0,0.0,0.0,0.0,0.0,2.0,0.0,15,4,1,41.9763388212,-87.6660377246,POINT (-87.666037724643 41.976338821152)
7b96f3061ae5d2e816126fc32fb1973cadeb5fe4426500d62bbab6829db53f7e579708a4640640669474c39e55b73399bd92c05c08ce20305daab7937843774f,N,01/24/2022 07:40:00 PM,40,NO CONTROLS,NO CONTROLS,CLEAR,"DARKNESS, LIGHTED ROAD",FIXED OBJECT,DIVIDED - W/MEDIAN BARRIER,,STRAIGHT AND LEVEL,WET,NO DEFECTS,ON SCENE,INJURY AND / OR TOW DUE TO CRASH,,,,"OVER $1,500",01/24/2022 07:40:00 PM,UNABLE TO DETERMINE,NOT APPLICABLE,4000,N,LAKE SHORE DR NB,1915.0,,,,,,,1,NO INDICATION OF INJURY,0.0,0.0,0.0,0.0,0.0,1.0,0.0,19,2,1,41.9546892413,-87.6449746442,POINT (-87.644974644209 41.954689241342)
939d4c499cc9658fde51f3df236a0bb70e742a8a591bde6a0cc4e56b7dc1bfb56fb3b96c2d375dc80bc3450a004a1b581835579db5a071c19b749fc2d8459285,,05/23/2019 05:00:00 PM,30,NO CONTROLS,NO CONTROLS,CLEAR,DAYLIGHT,REAR END,NOT DIVIDED,,STRAIGHT AND LEVEL,DRY,NO DEFECTS,NOT ON SCENE (DESK REPORT),NO INJURY / DRIVE AWAY,,,,"$501 - $1,500",05/23/2019 07:30:00 PM,FOLLOWING TOO CLOSELY,NOT APPLICABLE,26,S,KEDZIE AVE,1124.0,,,,,,,2,NO INDICATION OF INJURY,0.0,0.0,0.0,0.0,0.0,2.0,0.0,17,5,5,41.8801517271,-87.7062410452,POINT (-87.706241045193 41.880151727102)
048f06dad3dffd171035e3833b650cb889f8f76a81e8134bb4a92526d975f6ec15d45951cc10eeeedb79b5e1fb9b28b3a1d84fa688ad33baa77a66b7f9a8f2ff,,01/19/2024 01:35:00 PM,30,TRAFFIC SIGNAL,FUNCTIONING PROPERLY,CLEAR,DAYLIGHT,REAR END,NOT DIVIDED,,STRAIGHT AND LEVEL,DRY,NO DEFECTS,NOT ON SCENE (DESK REPORT),NO INJURY / DRIVE AWAY,,,,"OVER $1,500",01/22/2024 11:50:00 AM,FOLLOWING TOO CLOSELY,NOT APPLICABLE,3699,S,WESTERN BLVD,912.0,,,,,,,2,NO INDICATION OF INJURY,0.0,0.0,0.0,0.0,0.0,2.0,0.0,13,6,1,41.8263405307,-87.6842039492,POINT (-87.684203949162 41.826340530656)
216298992777c2a5dc98b6e0abfe56d8771396fc62903d8cdc85c68cfa0f92806f5f2fc3eaeefca8f8945033fe3e12e3f4ce1cdd32b2ea29ab8f912e2cb0d9e7,,02/16/2020 06:38:00 PM,30,TRAFFIC SIGNAL,FUNCTIONING PROPERLY,CLEAR,"DARKNESS, LIGHTED ROAD",TURNING,NOT DIVIDED,,STRAIGHT AND LEVEL,DRY,NO DEFECTS,NOT ON SCENE (DESK REPORT),NO INJURY / DRIVE AWAY,Y,,,"OVER $1,500",02/16/2020 07:22:00 PM,UNABLE TO DETERMINE,NOT APPLICABLE,149,N,OGDEN AVE,1224.0,,,,,,,2,NO INDICATION OF INJURY,0.0,0.0,0.0,0.0,0.0,3.0,0.0,18,1,2,41.8840697094,-87.6632700154,POINT (-87.663270015382 41.884069709437)
3c34536ab47816c7e4c7a82fcb39e1facaea044da1c1e50dd75e22235f95f07b63e7a05b0ac64e52bc778b98e0049d8f4d2a2bdd6a3721c7be6ddd9e32f9a63b,,09/24/2022 10:50:00 AM,30,UNKNOWN,UNKNOWN,CLEAR,DAYLIGHT,SIDESWIPE SAME DIRECTION,DIVIDED - W/MEDIAN (NOT RAISED),,STRAIGHT AND LEVEL,DRY,UNKNOWN,ON SCENE,INJURY AND / OR TOW DUE TO CRASH,,,,"OVER $1,500",09/24/2022 11:00:00 AM,IMPROPER OVERTAKING/PASSING,IMPROPER OVERTAKING/PASSING,4537,N,LINCOLN AVE,1911.0,,,,,,,2,NONINCAPACITATING INJURY,1.0,0.0,0.0,1.0,0.0,2.0,0.0,10,7,9,41.9642222825,-87.685510289,POINT (-87.685510288978 41.964222282523)
d91f941bba4c36727cd0401cd46e01576569bb6d62cde4f5dedd907182afd4698a75b11047361dd4e637f77f622bb76615665d6e5d4307aeddb87034c523051e,,05/21/2024 04:20:00 PM,30,NO CONTROLS,NO CONTROLS,CLEAR,DAYLIGHT,REAR END,NOT DIVIDED,,STRAIGHT AND LEVEL,DRY,NO DEFECTS,NOT ON SCENE (DESK REPORT),INJURY AND / OR TOW DUE TO CRASH,,,,"OVER $1,500",05/22/2024 05:10:00 PM,FOLLOWING TOO CLOSELY,UNABLE TO DETERMINE,1219,N,DAMEN AVE,1424.0,,,,,,,2,"REPORTED, NOT EVIDENT",1.0,0.0,0.0,0.0,1.0,1.0,0.0,16,3,5,41.9038680587,-87.6771302946,POINT (-87.677130294628 41.903868058703)
45db63604df9a988ef3fcf38a75621bfef2b7876f1edc8d7872701084c564c90602982cff7023f953a677269f26b8dcc4886b13ec6b7f1edc14735f9c3b3cc07,,01/04/2022 07:00:00 PM,25,NO CONTROLS,NO CONTROLS,CLEAR,DAYLIGHT,ANGLE,NOT DIVIDED,,STRAIGHT AND LEVEL,DRY,NO DEFECTS,NOT ON SCENE (DESK REPORT),NO INJURY / DRIVE AWAY,,,,"$501 - $1,500",01/04/2022 07:30:00 PM,UNABLE TO DETERMINE,NOT APPLICABLE,8100,S,STONY ISLAND AVE,411.0,,,,,,,2,NO INDICATION OF INJURY,0.0,0.0,0.0,0.0,0.0,3.0,0.0,19,3,1,41.7477492117,-87.5860374164,POINT (-87.586037416392 41.74774921172)