CRASH_RECORD_ID,CRASH_DATE_EST_I,CRASH_DATE,POSTED_SPEED_LIMIT,TRAFFIC_CONTROL_DEVICE,DEVICE_CONDITION,WEATHER_CONDITION,LIGHTING_CONDITION,FIRST_CRASH_TYPE,TRAFFICWAY_TYPE,LANE_CNT,ALIGNMENT,ROADWAY_SURFACE_COND,ROAD_DEFECT,REPORT_TYPE,CRASH_TYPE,INTERSECTION_RELATED_I,NOT_RIGHT_OF_WAY_I,HIT_AND_RUN_I,DAMAGE,DATE_POLICE_NOTIFIED,PRIM_CONTRIBUTORY_CAUSE,SEC_CONTRIBUTORY_CAUSE,STREET_NO,STREET_DIRECTION,STREET_NAME,BEAT_OF_OCCURRENCE,PHOTOS_TAKEN_I,STATEMENTS_TAKEN_I,DOORING_I,WORK_ZONE_I,WORK_ZONE_TYPE,WORKERS_PRESENT_I,NUM_UNITS,MOST_SEVERE_INJURY,INJURIES_TOTAL,INJURIES_FATAL,INJURIES_INCAPACITATING,INJURIES_NON_INCAPACITATING,INJURIES_REPORTED_NOT_EVIDENT,INJURIES_NO_INDICATION,INJURIES_UNKNOWN,CRASH_HOUR,CRASH_DAY_OF_WEEK,CRASH_MONTH,LATITUDE,LONGITUDE,LOCATION
688cc21b38da294dd6179918bf6f7208ade20f954095b3d1c314f6c7751479f7491a393f51ae49031d1b2e51d5e7114a0e7e904fbd33a5ede84d82298899c7ef,,12/25/2019 12:20:00 PM,30,NO CONTROLS,NO CONTROLS,CLEAR,DAYLIGHT,SIDESWIPE SAME DIRECTION,DIVIDED - W/MEDIAN (NOT RAISED),,STRAIGHT AND LEVEL,DRY,NO DEFECTS,NOT ON SCENE (DESK REPORT),NO INJURY / DRIVE AWAY,,,,"$501 - $1,500",12/25/2019 06:35:00 PM,FAILING TO YIELD RIGHT-OF-WAY,NOT APPLICABLE,4446,W,MONTROSE AVE,1722.0,,,,,,,2,NO INDICATION OF INJURY,0.0,0.0,0.0,0.0,0.0,5.0,0.0,12,4,12,41.9609175692,-87.74022952,POINT (-87.740229519955 41.960917569174)
c34f6d5df52ac3f3ddcb2b73c3faef37832719fba6f57da6119a1ac5bead7f19931ed4ef59d50edb980bb1f9b6a5d3f15c1e7977a547af563a4cf3a275bdfd7d,,08/02/2020 02:00:00 PM,30,NO CONTROLS,NO CONTROLS,CLEAR,DAYLIGHT,PARKED MOTOR VEHICLE,DIVIDED - W/MEDIAN (NOT RAISED),,STRAIGHT AND LEVEL,DRY,NO DEFECTS,NOT ON SCENE (DESK REPORT),NO INJURY / DRIVE AWAY,,,,$500 OR LESS,08/06/2020 10:30:00 AM,IMPROPER BACKING,UNABLE TO DETERMINE,2446,S,WESTERN AVE,1034.0,,,,,,,2,NO INDICATION OF INJURY,0.0,0.0,0.0,0.0,0.0,1.0,0.0,14,1,8,41.8470044594,-87.6856473229,POINT (-87.685647322851 41.847004459378)
30cb43a18f04132d80aa35db50e58174989be180fbea5d3e2a655e726aaa6c66c156aa405a865e2d31de66f809a101f868b82d87c0570b09ce98c5e3adb20603,,12/21/2017 09:06:00 PM,30,TRAFFIC SIGNAL,FUNCTIONING PROPERLY,CLEAR,"DARKNESS, LIGHTED ROAD",REAR END,DIVIDED - W/MEDIAN (NOT RAISED),2,STRAIGHT AND LEVEL,DRY,NO DEFECTS,NOT ON SCENE (DESK REPORT),NO INJURY / DRIVE AWAY,,,,"$501 - $1,500",12/21/2017 10:49:00 PM,FAILING TO REDUCE SPEED TO AVOID CRASH,NOT APPLICABLE,39,W,DIVISION ST,1824.0,,,,,,,2,NO INDICATION OF INJURY,0.0,0.0,0.0,0.0,0.0,2.0,0.0,21,5,12,41.903812639,-87.6300569031,POINT (-87.630056903054 41.903812639002)
2fb6fa41525693f25b77cb0879c4dafb32c18fcb5ef2548a8e39839766751333e68df08f1eae5baf457f9fea01fe45e67d6ff5b0014ee9862af5936d6387fc64,,05/18/2024 01:45:00 AM,30,TRAFFIC SIGNAL,FUNCTIONING PROPERLY,CLEAR,"DARKNESS, LIGHTED ROAD",REAR END,DIVIDED - W/MEDIAN (NOT RAISED),,STRAIGHT AND LEVEL,DRY,UNKNOWN,NOT ON SCENE (DESK REPORT),INJURY AND / OR TOW DUE TO CRASH,,,,"OVER $1,500",05/18/2024 11:00:00 PM,DRIVING SKILLS/KNOWLEDGE/EXPERIENCE,DRIVING SKILLS/KNOWLEDGE/EXPERIENCE,2046,N,ASHLAND AVE,1432.0,,,,,,,2,"REPORTED, NOT EVIDENT",1.0,0.0,0.0,0.0,1.0,1.0,0.0,1,7,5,41.9193033908,-87.6684245577,POINT (-87.668424557679 41.919303390827)
df142e4b4e2fe463c2f04cf82c2fe2fd7544065a35249eaffde5ac8c4e2fe40c3f19d28b4624ecd2009ee4d8d0a73481efc5ba8c1f6dcef55aff0cc0ec47ecfb,,09/19/2018 06:30:00 PM,35,TRAFFIC SIGNAL,FUNCTIONING PROPERLY,CLEAR,DAYLIGHT,HEAD ON,NOT DIVIDED,2,STRAIGHT AND LEVEL,DRY,NO DEFECTS,NOT ON SCENE (DESK REPORT),NO INJURY / DRIVE AWAY,,,Y,"$501 - $1,500",09/19/2018 06:50:00 PM,UNABLE TO DETERMINE,UNABLE TO DETERMINE,3200,W,DOUGLAS BLVD,1022.0,,,,,,,2,NO INDICATION OF INJURY,0.0,0.0,0.0,0.0,0.0,2.0,0.0,18,4,9,41.8630710041,-87.7056351921,POINT (-87.705635192091 41.863071004083)
e17ab306e0d4cdf40adbdda0d2fecf07a7f07e5e65e3281de40643fc08d589000eda28d2c1f11caa67c578527e435ccbf3050998e3691175b19ae9cc2b7279a3,,12/09/2019 05:35:00 AM,30,STOP SIGN/FLASHER,FUNCTIONING PROPERLY,RAIN,"DARKNESS, LIGHTED ROAD",FIXED OBJECT,NOT DIVIDED,,STRAIGHT AND LEVEL,WET,UNKNOWN,ON SCENE,INJURY AND / OR TOW DUE TO CRASH,N,,,"OVER $1,500",12/09/2019 05:40:00 AM,WEATHER,UNABLE TO DETERMINE,2932,W,SCHOOL ST,1733.0,,,,,,,1,NO INDICATION OF INJURY,0.0,0.0,0.0,0.0,0.0,1.0,0.0,5,2,12,41.9413463188,-87.70137967,POINT (-87.701379670008 41.941346318772)
9e504728619da49ede989490e772cbe7f74ee0bdb882df21ad0ddb90e7f38fedb994e6a3bc11a6d54278dc96d97c424989a3996b93f67041473c7d12ef6d6880,Y,09/05/2022 03:00:00 PM,25,UNKNOWN,UNKNOWN,UNKNOWN,UNKNOWN,PARKED MOTOR VEHICLE,NOT DIVIDED,,STRAIGHT AND LEVEL,UNKNOWN,UNKNOWN,NOT ON SCENE (DESK REPORT),NO INJURY / DRIVE AWAY,,,Y,"OVER $1,500",10/27/2022 11:00:00 AM,UNABLE TO DETERMINE,UNABLE TO DETERMINE,4240,N,CLARENDON AVE,1915.0,,,,,,,2,NO INDICATION OF INJURY,0.0,0.0,0.0,0.0,0.0,1.0,0.0,15,2,9,41.9596909688,-87.6499987677,POINT (-87.649998767695 41.959690968848)
c3830c3eed91f35db0a10d51b3225d17dfc2f97c6bdb2398dec26e10f1b42f2b505cf419fe1200c2053e9d20bbc77d3e67e755539bc064c49dfcfd32bb3ac209,,05/09/2021 01:32:00 PM,40,TRAFFIC SIGNAL,FUNCTIONING PROPERLY,CLEAR,DAYLIGHT,ANGLE,DIVIDED - W/MEDIAN BARRIER,,STRAIGHT AND LEVEL,DRY,NO DEFECTS,ON SCENE,NO INJURY / DRIVE AWAY,,,Y,"OVER $1,500",05/09/2021 01:32:00 PM,IMPROPER OVERTAKING/PASSING,UNABLE TO DETERMINE,626,N,LAKE SHORE DR,1834.0,,,,,,,2,NO INDICATION OF INJURY,0.0,0.0,0.0,0.0,0.0,5.0,0.0,13,1,5,41.8933922831,-87.6149778838,POINT (-87.614977883848 41.893392283134)
4c6d2aecfb302b1c6ec85cee90e7d007726697212d64218f48caeda15400b508f2d86a686149aa81fab15eec66007b8f566013a865bd1a00da861d7217558601,,07/19/2020 12:34:00 AM,30,NO CONTROLS,NO CONTROLS,CLEAR,"DARKNESS, LIGHTED ROAD",FIXED OBJECT,NOT DIVIDED,,STRAIGHT AND LEVEL,DRY,NO DEFECTS,ON SCENE,INJURY AND / OR TOW DUE TO CRASH,,,Y,"OVER $1,500",07/19/2020 12:35:00 AM,UNABLE TO DETERMINE,NOT APPLICABLE,1410,E,79TH ST,411.0,,,,,,,1,NO INDICATION OF INJURY,0.0,0.0,0.0,0.0,0.0,1.0,0.0,0,1,7,41.7515519367,-87.5901703034,POINT (-87.590170303379 41.751551936743)
d39aef6ff6757ee01b402113d8925846ad8d66056a1ce16654c1db399989d80989437257338ac8cf5016934c372845a5354621203b79a9cfbfd7559a55080176,,09/24/2018 08:37:00 PM,30,NO CONTROLS,NO CONTROLS,CLEAR,"DARKNESS, LIGHTED ROAD",PARKED MOTOR VEHICLE,NOT DIVIDED,,STRAIGHT AND LEVEL,DRY,NO DEFECTS,ON SCENE,INJURY AND / OR TOW DUE TO CRASH,,,Y,"OVER $1,500",09/24/2018 09:05:00 PM,UNABLE TO DETERMINE,UNABLE TO DETERMINE,1741,W,38TH ST,912.0,,,,,,,5,,,,,,,,,20,2,9,41.8248668789,-87.6694315673,POINT (-87.669431567309 41.824866878859)
e00ca135d0cb1305efaafee98ab2de47b1a682521dd5701070a2b5b14249c8a45934ca553e8770a61cd92ed79f7a095984e8933ab4ad3a0561c1fdcaa9ed09c2,,03/12/2016 02:30:00 PM,25,NO CONTROLS,NO CONTROLS,CLEAR,DAYLIGHT,PARKED MOTOR VEHICLE,ONE-WAY,1,STRAIGHT AND LEVEL,DRY,NO DEFECTS,NOT ON SCENE (DESK REPORT),NO INJURY / DRIVE AWAY,,,,"OVER $1,500",03/12/2016 11:20:00 PM,UNABLE TO DETERMINE,UNABLE TO DETERMINE,3859,W,70TH PL,833.0,,,,,,,2,NO INDICATION OF INJURY,0.0,0.0,0.0,0.0,0.0,1.0,0.0,14,7,3,41.7649310268,-87.7198423165,POINT (-87.719842316481 41.764931026759)
eefaaffbeb3a3922e43487e806aa0346347aead0ea514c95a9c7fde4100a9ea4908f146bdbfe317f41045e951357c9cebc58337ef473751a583eb0b7b8f66af0,,04/03/2021 11:55:00 AM,10,NO CONTROLS,NO CONTROLS,CLEAR,DAYLIGHT,PARKED MOTOR VEHICLE,ALLEY,,STRAIGHT AND LEVEL,UNKNOWN,UNKNOWN,NOT ON SCENE (DESK REPORT),NO INJURY / DRIVE AWAY,,,,"$501 - $1,500",04/03/2021 01:00:00 PM,UNABLE TO DETERMINE,UNABLE TO DETERMINE,8642,S,KEATING AVE,834.0,,,,,,,2,NO INDICATION OF INJURY,0.0,0.0,0.0,0.0,0.0,13.0,0.0,11,7,4,41.7350560499,-87.7397996555,POINT (-87.739799655496 41.735056049857)
217b68a0929675bd4d0cc50b4b3f498c2fe093dce1901bd3b21937b6a98928672691c42970a6210e7680d061c5e17a9cf4a8237d19045b477cdcb2a255502602,,08/29/2019 07:10:00 PM,30,NO CONTROLS,NO CONTROLS,RAIN,DAYLIGHT,REAR END,PARKING LOT,,STRAIGHT AND LEVEL,DRY,NO DEFECTS,NOT ON SCENE (DESK REPORT),NO INJURY / DRIVE AWAY,,,,"OVER $1,500",09/02/2019 04:00:00 PM,UNABLE TO DETERMINE,UNABLE TO DETERMINE,6034,S,ARCHER AVE,811.0,,,,,,,2,NO INDICATION OF INJURY,0.0,0.0,0.0,0.0,0.0,2.0,0.0,19,5,8,41.7949594831,-87.7680283977,POINT (-87.76802839771 41.794959483104)
5b1e36c298673f60c811dcef654780208e175ffbbd0c8b613ea235352971144f79f63983e6a89603b8430c01b905b1156bdb4ab131abda8312cf2ba778279247,,03/25/2018 05:55:00 AM,30,TRAFFIC SIGNAL,FUNCTIONING PROPERLY,CLEAR,"DARKNESS, LIGHTED ROAD",REAR END,CENTER TURN LANE,,STRAIGHT AND LEVEL,DRY,NO DEFECTS,ON SCENE,INJURY AND / OR TOW DUE TO CRASH,Y,,,"OVER $1,500",03/25/2018 06:01:00 AM,FAILING TO REDUCE SPEED TO AVOID CRASH,FAILING TO REDUCE SPEED TO AVOID CRASH,3815,S,KEDZIE AVE,911.0,,,,,,,3,NO INDICATION OF INJURY,0.0,0.0,0.0,0.0,0.0,3.0,0.0,5,1,3,41.8238864001,-87.7042872535,POINT (-87.704287253468 41.823886400059)
f3d0cf9b5dfd88a1afa2974b934eeb37ff017fc3073aea2c7095d458b65c5bfd3501c11fd2dea8352424a8e20b0ed8b67fa9f477a68f9da07e9663a67dd2dd3a,,05/31/2025 02:56:00 PM,30,NO CONTROLS,NO CONTROLS,CLEAR,DAYLIGHT,PEDESTRIAN,NOT DIVIDED,,STRAIGHT AND LEVEL,DRY,NO DEFECTS,ON SCENE,INJURY AND / OR TOW DUE TO CRASH,Y,,,"OVER $1,500",05/31/2025 02:58:00 PM,FAILING TO YIELD RIGHT-OF-WAY,FAILING TO YIELD RIGHT-OF-WAY,5030,N,BROADWAY,2033.0,,,,,,,2,"REPORTED, NOT EVIDENT",1.0,0.0,0.0,0.0,1.0,1.0,0.0,14,7,5,41.9736223427,-87.6599412437,POINT (-87.659941243732 41.973622342666)
7cce199ffaccc1a5fafbffc86e6866cb5bde22f5aee6444951b8795b0863b4eae5bfbe5fc67db45df23822eb6c79795d8409e4a6242b6f213fb7a6209f1aad43,,04/25/2018 09:00:00 AM,30,NO CONTROLS,NO CONTROLS,CLEAR,DAYLIGHT,PARKED MOTOR VEHICLE,NOT DIVIDED,2,STRAIGHT AND LEVEL,DRY,NO DEFECTS,NOT ON SCENE (DESK REPORT),NO INJURY / DRIVE AWAY,,,Y,"$501 - $1,500",04/30/2018 03:04:00 PM,UNABLE TO DETERMINE,UNABLE TO DETERMINE,8148,S,EVANS AVE,631.0,,,,,,,2,NO INDICATION OF INJURY,0.0,0.0,0.0,0.0,0.0,1.0,0.0,9,4,4,41.7461514436,-87.6064521238,POINT (-87.606452123769 41.74615144361)
917b48ee8a084c4c13a826ea5453bf999f1758572cf48f6d9bda17333c207a88808f8c681b368f047b534a6e6509b182a7f4ac704f618b85295d13866ef7a975,,10/13/2016 06:15:00 PM,30,UNKNOWN,UNKNOWN,UNKNOWN,UNKNOWN,PARKED MOTOR VEHICLE,NOT DIVIDED,,STRAIGHT AND LEVEL,UNKNOWN,UNKNOWN,NOT ON SCENE (DESK REPORT),NO INJURY / DRIVE AWAY,,,Y,"$501 - $1,500",10/13/2016 06:20:00 PM,NOT APPLICABLE,NOT APPLICABLE,3131,N,CLARK ST,1933.0,,,,,,,2,NO INDICATION OF INJURY,0.0,0.0,0.0,0.0,0.0,2.0,0.0,18,5,10,41.9385878726,-87.6493959945,POINT (-87.649395994549 41.938587872628)
57a841c5c6d184f4f07c6d1c0bb14a6d4e436f9e8563445fba69350d744402a82d09ce19a00f936699073d10333e3da2fc584c0d406bc8500fe496e91f43b54b,,01/08/2023 07:25:00 AM,30,TRAFFIC SIGNAL,FUNCTIONING PROPERLY,CLOUDY/OVERCAST,DAYLIGHT,TURNING,NOT DIVIDED,,STRAIGHT AND LEVEL,DRY,NO DEFECTS,NOT ON SCENE (DESK REPORT),NO INJURY / DRIVE AWAY,Y,,,"OVER $1,500",01/08/2023 08:10:00 AM,FAILING TO YIELD RIGHT-OF-WAY,NOT APPLICABLE,800,N,LAKE SHORE DR,1833.0,,,,,,,2,NO INDICATION OF INJURY,0.0,0.0,0.0,0.0,0.0,2.0,0.0,7,1,1,41.896828045,-87.6172077033,POINT (-87.617207703311 41.896828045009)
19fc7652544bc4f0d69f840e699aadfdf815aa1b4a6c99eeac6373af873526c0129888c8d0c6d198f190b89ca573cfa9cb07b47a5f0a31f542e5ec35f9a378fd,Y,08/28/2016 02:15:00 PM,30,NO CONTROLS,NO CONTROLS,CLEAR,DAYLIGHT,REAR END,NOT DIVIDED,2,STRAIGHT AND LEVEL,DRY,NO DEFECTS,NOT ON SCENE (DESK REPORT),NO INJURY / DRIVE AWAY,,,,"OVER $1,500",08/28/2016 03:16:00 PM,FOLLOWING TOO CLOSELY,FOLLOWING TOO CLOSELY,4700,S,WINCHESTER AVE,931.0,,,,,,,2,NO INDICATION OF INJURY,0.0,0.0,0.0,0.0,0.0,2.0,0.0,14,1,8,41.8084273416,-87.6736149714,POINT (-87.673614971436 41.808427341621)
a0140bfcaa59c0bba700333283d461411a98bf4c1cb8100f292efef4237f85bc91f65dd92df6942c87859d371d32a34ab70f793c5629c2c74dd6fca1e3cf883b,,08/31/2023 03:11:00 PM,25,STOP SIGN/FLASHER,NO CONTROLS,CLEAR,DAYLIGHT,PEDALCYCLIST,NOT DIVIDED,,STRAIGHT AND LEVEL,DRY,NO DEFECTS,ON SCENE,INJURY AND / OR TOW DUE TO CRASH,,,,"OVER $1,500",08/31/2023 03:11:00 PM,DISREGARDING STOP SIGN,NOT APPLICABLE,7900,S,NORMAL AVE,621.0,,,N,,,,2,NONINCAPACITATING INJURY,1.0,0.0,0.0,1.0,0.0,1.0,0.0,15,5,8,41.7506940441,-87.636872551,POINT (-87.636872551049 41.7506940441)
46a5ac6caa4f0c480716300c52a4262d2f9b1baa3cc49471bd52d2e79b65d27cc7409ac02c3411917fda8dd82a6e38bad9d5bcd6dd6999f76bf9993468e503bf,,03/28/2022 09:00:00 PM,30,TRAFFIC SIGNAL,FUNCTIONING PROPERLY,CLEAR,"DARKNESS, LIGHTED ROAD",REAR END,NOT DIVIDED,,STRAIGHT AND LEVEL,UNKNOWN,NO DEFECTS,NOT ON SCENE (DESK REPORT),INJURY AND / OR TOW DUE TO CRASH,Y,,Y,"OVER $1,500",03/28/2022 09:30:00 PM,FOLLOWING TOO CLOSELY,FOLLOWING TOO CLOSELY,3155,N,CENTRAL AVE,2514.0,,,,,,,2,"REPORTED, NOT EVIDENT",1.0,0.0,0.0,0.0,1.0,1.0,0.0,21,2,3,41.9383733871,-87.7663454863,POINT (-87.766345486342 41.938373387115)
57ef71d48c52268ffdf52140d570befe707503429db69227b1194eb79043cdf9820e33c17679f57215d209e3721117bb8f8521321515340ea9c6ddd5db67bdb3,Y,11/03/2022 02:50:00 PM,30,NO CONTROLS,UNKNOWN,CLEAR,DAYLIGHT,REAR END,NOT DIVIDED,,STRAIGHT AND LEVEL,DRY,UNKNOWN,ON SCENE,INJURY AND / OR TOW DUE TO CRASH,,,,"OVER $1,500",11/03/2022 03:00:00 PM,UNABLE TO DETERMINE,UNABLE TO DETERMINE,3800,W,111TH ST,2211.0,,,,,,,2,NONINCAPACITATING INJURY,2.0,0.0,0.0,2.0,0.0,0.0,0.0,14,5,11,41.691448489,-87.7154997611,POINT (-87.715499761091 41.691448488991)
758558034bc943b841a2c020e1b3dab607a5b930aef82a98f89ada6b5c2b38dbe4c9052fb19200a22977aab17ff19690a8e07a1ea9f099e7936cec9349bfb532,,08/13/2025 09:35:00 PM,30,NO CONTROLS,NO CONTROLS,CLEAR,DARKNESS,PEDESTRIAN,NOT DIVIDED,,STRAIGHT AND LEVEL,DRY,UNKNOWN,ON SCENE,INJURY AND / OR TOW DUE TO CRASH,,,Y,"$501 - $1,500",08/13/2025 09:45:00 PM,UNABLE TO DETERMINE,NOT APPLICABLE,5140,W,MADISON ST,1533.0,,,,,,,2,NONINCAPACITATING INJURY,1.0,0.0,0.0,1.0,0.0,1.0,0.0,21,4,8,41.8804922763,-87.7542725312,POINT (-87.754272531204 41.880492276328)
27292db74ecb90b7ff59f2f769df2474a0cd054ff3ecab04f82881bd965eff637613bc2a2ed5f8670454a1226a4970eba2f507e99161a294bca60cc49ae47397,,08/19/2024 01:00:00 PM,30,NO CONTROLS,NO CONTROLS,CLEAR,DAYLIGHT,FIXED OBJECT,NOT DIVIDED,,STRAIGHT AND LEVEL,DRY,NO DEFECTS,ON SCENE,NO INJURY / DRIVE AWAY,,,,"OVER $1,500",08/19/2024 01:05:00 PM,UNABLE TO DETERMINE,UNABLE TO DETERMINE,450,S,FEDERAL ST,113.0,,,,,,,1,NO INDICATION OF INJURY,0.0,0.0,0.0,0.0,0.0,2.0,0.0,13,2,8,41.8756829497,-87.629844677,POINT (-87.629844676996 41.875682949661)
0b6eb46207cf6977a6a8aa7138a3ca8dd615cc5cb229abddb7a354010ad8e65965903c6b0f14883f3d82601c744412f1431caaaab6421d473945bb1b343ea441,,03/23/2023 02:35:00 PM,30,TRAFFIC SIGNAL,UNKNOWN,CLOUDY/OVERCAST,DAYLIGHT,REAR END,FOUR WAY,,STRAIGHT AND LEVEL,DRY,UNKNOWN,ON SCENE,INJURY AND / OR TOW DUE TO CRASH,,,,"OVER $1,500",03/23/2023 02:35:00 PM,FAILING TO REDUCE SPEED TO AVOID CRASH,UNABLE TO DETERMINE,452,W,63RD ST,711.0,,,,,,,3,NONINCAPACITATING INJURY,3.0,0.0,0.0,3.0,0.0,1.0,0.0,14,5,3,41.779983497,-87.6372130274,POINT (-87.637213027409 41.779983497008)
fcfc23b1d965d6015906a15e4b24355ae574ae2d31af276884e82111dbd30d2d2345ececc16e615efb9eae04ffecb892e3252f66e66c1a2784cd6e20b630df13,,12/26/2024 07:30:00 PM,30,NO CONTROLS,NO CONTROLS,RAIN,"DARKNESS, LIGHTED ROAD",REAR END,NOT DIVIDED,,STRAIGHT AND LEVEL,WET,NO DEFECTS,NOT ON SCENE (DESK REPORT),NO INJURY / DRIVE AWAY,,,Y,"OVER $1,500",12/26/2024 08:13:00 PM,NOT APPLICABLE,NOT APPLICABLE,3900,S,KEDZIE AVE,821.0,,,,,,,2,NO INDICATION OF INJURY,0.0,0.0,0.0,0.0,0.0,2.0,0.0,19,5,12,41.8225767875,-87.7045975728,POINT (-87.704597572764 41.822576787534)
1ce2988d414c40151fb26187b645d4dcfb8d0e957a4ffe44942e875ffa81c9c65dedc7a2aa2a91713fb0087b237f5af0a71b4118b9e404fb400c194f06abeadf,,03/18/2024 05:37:00 PM,30,STOP SIGN/FLASHER,FUNCTIONING PROPERLY,CLEAR,DAYLIGHT,REAR END,DIVIDED - W/MEDIAN (NOT RAISED),,STRAIGHT AND LEVEL,DRY,NO DEFECTS,ON SCENE,NO INJURY / DRIVE AWAY,Y,,,"OVER $1,500",03/18/2024 05:37:00 PM,FAILING TO REDUCE SPEED TO AVOID CRASH,NOT APPLICABLE,898,W,71ST ST,733.0,,,,,,,2,NO INDICATION OF INJURY,0.0,0.0,0.0,0.0,0.0,4.0,0.0,17,2,3,41.7652758848,-87.646783582,POINT (-87.646783581951 41.765275884828)
8c715a04c39b47b87fe4b351301d7b43d20fcef7cf1ea968f0cb893f1826b0c4ac55d6cfbe3ab1d6529a4651a87359df15003c346a918ce3dbe44519649f20fd,,10/11/2019 05:15:00 PM,30,NO CONTROLS,NO CONTROLS,CLEAR,UNKNOWN,PARKED MOTOR VEHICLE,ONE-WAY,,STRAIGHT AND LEVEL,UNKNOWN,UNKNOWN,NOT ON SCENE (DESK REPORT),NO INJURY / DRIVE AWAY,,,Y,"$501 - $1,500",10/14/2019 03:20:00 PM,UNABLE TO DETERMINE,UNABLE TO DETERMINE,6340,N,WINTHROP AVE,2433.0,,,,,,,2,NO INDICATION OF INJURY,0.0,0.0,0.0,0.0,0.0,1.0,0.0,17,6,10,41.9976078556,-87.6586033861,POINT (-87.658603386113 41.997607855644)
82362bfadd959cf7175cb2c771fa11ad7c0970aa190cf1dc79ff0a4ec9b4975044a63494ab5e9ea5945b0e17228f2ee3b256af367940d00370011d95d1f08301,,05/16/2019 11:30:00 AM,10,NO CONTROLS,NO CONTROLS,CLEAR,DAYLIGHT,PARKED MOTOR VEHICLE,PARKING LOT,,STRAIGHT AND LEVEL,DRY,NO DEFECTS,ON SCENE,NO INJURY / DRIVE AWAY,,Y,Y,"$501 - $1,500",05/16/2019 11:58:00 AM,IMPROPER BACKING,NOT APPLICABLE,4446,W,NORTH AVE,2533.0,,,,,,,2,NO INDICATION OF INJURY,0.0,0.0,0.0,0.0,0.0,2.0,0.0,11,5,5,41.9098388291,-87.7380106202,POINT (-87.738010620203 41.909838829132)
608f7a44dd248a84c5dc1ecd0626c2f96304fc4e6e9d21841bfd295954c8ad43c94cc798f275509fe2a65fe90f8796ec52f1c69f7019c8dcb1a68f30a8bb7af7,,06/24/2025 04:50:00 PM,30,NO CONTROLS,NO CONTROLS,CLEAR,DAYLIGHT,ANGLE,NOT DIVIDED,,STRAIGHT AND LEVEL,WET,NO DEFECTS,NOT ON SCENE (DESK REPORT),NO INJURY / DRIVE AWAY,,,,"$501 - $1,500",06/24/2025 05:30:00 PM,UNABLE TO DETERMINE,UNABLE TO DETERMINE,10029,S,COTTAGE GROVE AVE,511.0,,,,,,,2,NO INDICATION OF INJURY,0.0,0.0,0.0,0.0,0.0,6.0,0.0,16,3,6,41.7123393657,-87.6052580513,POINT (-87.605258051262 41.712339365694)
9c0e578d04308eee5c66007b189b4c58c2ab45bf72fffc65b134cf4f17246a4f8a84cf3f75a046d79fee6c61d8122d2d06c18051e1ca1ada8a51f76bd522898b,,09/24/2017 09:05:00 AM,30,NO CONTROLS,NO CONTROLS,CLEAR,DAYLIGHT,PARKED MOTOR VEHICLE,NOT DIVIDED,2,STRAIGHT AND LEVEL,DRY,NO DEFECTS,NOT ON SCENE (DESK REPORT),NO INJURY / DRIVE AWAY,,,Y,"OVER $1,500",09/24/2017 03:05:00 PM,IMPROPER OVERTAKING/PASSING,NOT APPLICABLE,1328,S,HALSTED ST,1232.0,,,,,,,2,NO INDICATION OF INJURY,0.0,0.0,0.0,0.0,0.0,1.0,0.0,9,1,9,41.8647500245,-87.6469927696,POINT (-87.646992769625 41.864750024522)
4fec70aaddacfe19c792ba24fbed140d06d58e429700dffa029bdb28da02ce57eb8d7b9284fabd0830b9832e0a4aad945af95a5cd453e9be719a861c65cc05ce,,06/16/2024 12:00:00 PM,30,NO CONTROLS,NO CONTROLS,CLEAR,DAYLIGHT,PARKED MOTOR VEHICLE,DIVIDED - W/MEDIAN (NOT RAISED),,STRAIGHT AND LEVEL,DRY,NO DEFECTS,NOT ON SCENE (DESK REPORT),NO INJURY / DRIVE AWAY,,,Y,"OVER $1,500",06/17/2024 12:30:00 PM,UNABLE TO DETERMINE,NOT APPLICABLE,4750,N,KIMBALL AVE,1723.0,,,,,,,2,NO INDICATION OF INJURY,0.0,0.0,0.0,0.0,0.0,1.0,0.0,12,1,6,41.9680833653,-87.7135002148,POINT (-87.713500214846 41.968083365319)
ac93f4e95aeebfc9353d58ff279bee8ad1ae78eba5930e59f6a39f568719bd1a340887650823cac897dab329601680615b2085250d0aa6658986fd30af4f914f,,02/05/2023 01:25:00 PM,30,UNKNOWN,UNKNOWN,UNKNOWN,UNKNOWN,ANGLE,UNKNOWN,,STRAIGHT AND LEVEL,UNKNOWN,UNKNOWN,NOT ON SCENE (DESK REPORT),NO INJURY / DRIVE AWAY,,,,"OVER $1,500",02/05/2023 02:00:00 PM,UNABLE TO DETERMINE,NOT APPLICABLE,4600,N,CICERO AVE,1623.0,,,,,,,2,NO INDICATION OF INJURY,0.0,0.0,0.0,0.0,0.0,3.0,0.0,13,1,2,41.9644511676,-87.7477764313,POINT (-87.747776431281 41.964451167552)
cc0b06b29140d93ab5bac494c685fd7b8306aef22335fe3712ed44c662d7abc043b93b95ed351647749d8f8890b8e2cce1cf5a04b60094714f9edc619df1f315,Y,12/25/2023 05:40:00 PM,30,TRAFFIC SIGNAL,FUNCTIONING PROPERLY,RAIN,"DARKNESS, LIGHTED ROAD",ANGLE,DIVIDED - W/MEDIAN (NOT RAISED),,STRAIGHT AND LEVEL,WET,UNKNOWN,ON SCENE,INJURY AND / OR TOW DUE TO CRASH,Y,,,"OVER $1,500",12/25/2023 05:47:00 PM,UNABLE TO DETERMINE,UNABLE TO DETERMINE,5101,W,MONTROSE AVE,1624.0,,,,,,,2,"REPORTED, NOT EVIDENT",1.0,0.0,0.0,0.0,1.0,2.0,0.0,17,2,12,41.9605209151,-87.7546200582,POINT (-87.75462005816 41.960520915127)