CRASH_RECORD_ID,CRASH_DATE_EST_I,CRASH_DATE,POSTED_SPEED_LIMIT,TRAFFIC_CONTROL_DEVICE,DEVICE_CONDITION,WEATHER_CONDITION,LIGHTING_CONDITION,FIRST_CRASH_TYPE,TRAFFICWAY_TYPE,LANE_CNT,ALIGNMENT,ROADWAY_SURFACE_COND,ROAD_DEFECT,REPORT_TYPE,CRASH_TYPE,INTERSECTION_RELATED_I,NOT_RIGHT_OF_WAY_I,HIT_AND_RUN_I,DAMAGE,DATE_POLICE_NOTIFIED,PRIM_CONTRIBUTORY_CAUSE,SEC_CONTRIBUTORY_CAUSE,STREET_NO,STREET_DIRECTION,STREET_NAME,BEAT_OF_OCCURRENCE,PHOTOS_TAKEN_I,STATEMENTS_TAKEN_I,DOORING_I,WORK_ZONE_I,WORK_ZONE_TYPE,WORKERS_PRESENT_I,NUM_UNITS,MOST_SEVERE_INJURY,INJURIES_TOTAL,INJURIES_FATAL,INJURIES_INCAPACITATING,INJURIES_NON_INCAPACITATING,INJURIES_REPORTED_NOT_EVIDENT,INJURIES_NO_INDICATION,INJURIES_UNKNOWN,CRASH_HOUR,CRASH_DAY_OF_WEEK,CRASH_MONTH,LATITUDE,LONGITUDE,LOCATION
a6dd729c8024fecb9b3ff9ee6b48b484307fb9c2135063b2a83b92b4b70626141ab76b5c50d364dc414ca67efa3a891b4b2946fab69e459ffabd05943b1b9a29,,10/31/2021 04:55:00 PM,30,NO CONTROLS,NO CONTROLS,CLEAR,"DARKNESS, LIGHTED ROAD",PARKED MOTOR VEHICLE,NOT DIVIDED,,STRAIGHT AND LEVEL,DRY,NO DEFECTS,ON SCENE,NO INJURY / DRIVE AWAY,,,Y,"$501 - $1,500",10/31/2021 07:20:00 PM,UNABLE TO DETERMINE,UNABLE TO DETERMINE,750,W,128TH PL,523.0,,,,,,,2,NO INDICATION OF INJURY,0.0,0.0,0.0,0.0,0.0,1.0,0.0,16,1,10,41.6605760018,-87.6409120191,POINT (-87.640912019068 41.660576001825)
78b9ede68f58d6468b3236b5b8237f0317201b6119524fc8fef5709f1baba9e239068b3d92d842b1b0a3bf30b189ec39303a252910b72a102bbd197e77e8cf13,,05/23/2022 04:20:00 AM,30,NO CONTROLS,NO CONTROLS,CLEAR,DAWN,PARKED MOTOR VEHICLE,NOT DIVIDED,,STRAIGHT AND LEVEL,DRY,NO DEFECTS,ON SCENE,NO INJURY / DRIVE AWAY,,,Y,"OVER $1,500",05/23/2022 04:20:00 AM,FAILING TO REDUCE SPEED TO AVOID CRASH,UNABLE TO DETERMINE,5225,S,COTTAGE GROVE AVE,233.0,,,,,,,3,NO INDICATION OF INJURY,0.0,0.0,0.0,0.0,0.0,2.0,0.0,4,2,5,41.7996883702,-87.6061928357,POINT (-87.606192835723 41.79968837022)
f8e8747132ef2ab863a88ee443c7248286afdcc08c30daf8384da5d1c5befbf3dd5230204eea6c4b501fda0bece252605b38a611cea3b91669981607a152a564,,07/22/2019 04:40:00 PM,30,STOP SIGN/FLASHER,FUNCTIONING PROPERLY,CLEAR,DAYLIGHT,REAR END,NOT DIVIDED,,STRAIGHT AND LEVEL,UNKNOWN,UNKNOWN,ON SCENE,INJURY AND / OR TOW DUE TO CRASH,Y,,,"OVER $1,500",07/22/2019 04:52:00 PM,FAILING TO REDUCE SPEED TO AVOID CRASH,UNABLE TO DETERMINE,6901,N,CALIFORNIA AVE,2411.0,,,,,,,2,"REPORTED, NOT EVIDENT",2.0,0.0,0.0,0.0,2.0,0.0,0.0,16,2,7,42.0066994627,-87.6996534953,POINT (-87.699653495336 42.006699462683)
0bf8478173ba54aefffeaccdcec94eec0fe80cc643fbca0f580e1d0c2d98e1dbe6c41d53b1aaabddf7ef8a59d7a3e4a44d8f32a7bd0a6ad0458d20b580e6ebe8,,02/15/2024 05:30:00 PM,30,NO CONTROLS,NO CONTROLS,CLEAR,"DARKNESS, LIGHTED ROAD",REAR END,NOT DIVIDED,,STRAIGHT AND LEVEL,DRY,NO DEFECTS,NOT ON SCENE (DESK REPORT),NO INJURY / DRIVE AWAY,,,Y,"OVER $1,500",02/16/2024 07:00:00 PM,UNABLE TO DETERMINE,UNABLE TO DETERMINE,4332,W,CONGRESS PKWY,1131.0,,,,,,,2,NO INDICATION OF INJURY,0.0,0.0,0.0,0.0,0.0,7.0,0.0,17,5,2,41.8743577947,-87.7340713766,POINT (-87.734071376553 41.874357794742)
772e90aef561ac0529c98de4669a5108acfd435f49e09d606fcb2aed7d1c71f954e6b7c23015e990e4c5b4ea03ba1e18366a2855e6d7254aa0f12535cd207f8d,,10/22/2017 06:20:00 PM,30,NO CONTROLS,NO CONTROLS,RAIN,DARKNESS,REAR END,NOT DIVIDED,2,STRAIGHT AND LEVEL,WET,NO DEFECTS,NOT ON SCENE (DESK REPORT),NO INJURY / DRIVE AWAY,,,,"OVER $1,500",10/22/2017 07:05:00 PM,EXCEEDING AUTHORIZED SPEED LIMIT,FOLLOWING TOO CLOSELY,4000,N,CUMBERLAND AVE,1614.0,,,,,,,3,NO INDICATION OF INJURY,0.0,0.0,0.0,0.0,0.0,5.0,0.0,18,1,10,41.9521425871,-87.8368142669,POINT (-87.836814266937 41.952142587107)
184b664680e0cc20b560281e272165c526ad71803a2162b60a37fc61ec5a3309103d495401b3f88fcba7f2cbe27a8e1bc269902e136386a21ea08b37f8fff503,,08/04/2018 08:30:00 AM,30,NO CONTROLS,NO CONTROLS,CLEAR,DAYLIGHT,SIDESWIPE SAME DIRECTION,DIVIDED - W/MEDIAN (NOT RAISED),,STRAIGHT AND LEVEL,DRY,NO DEFECTS,NOT ON SCENE (DESK REPORT),NO INJURY / DRIVE AWAY,,,,"OVER $1,500",08/04/2018 09:05:00 AM,"EVASIVE ACTION DUE TO ANIMAL, OBJECT, NONMOTORIST",ROAD ENGINEERING/SURFACE/MARKING DEFECTS,12800,S,HALSTED ST,523.0,,,,,,,2,NO INDICATION OF INJURY,0.0,0.0,0.0,0.0,0.0,2.0,0.0,8,7,8,41.6613205098,-87.6415029745,POINT (-87.641502974491 41.661320509783)
0717697f81202b4f1d1ba34078ab29398c5eb4ed969856b95b71b6e5339a185348715ccf15e8eece7dff281abb9c9fcdd1f0388089bbc65e474687819a8e0ad3,,12/12/2018 09:00:00 AM,25,NO CONTROLS,NO CONTROLS,CLEAR,DAYLIGHT,SIDESWIPE SAME DIRECTION,DIVIDED - W/MEDIAN BARRIER,,STRAIGHT AND LEVEL,DRY,NO DEFECTS,NOT ON SCENE (DESK REPORT),NO INJURY / DRIVE AWAY,,,,"$501 - $1,500",12/12/2018 10:00:00 AM,UNABLE TO DETERMINE,UNABLE TO DETERMINE,1660,N,LA SALLE DR,1814.0,,,,,,,2,NO INDICATION OF INJURY,0.0,0.0,0.0,0.0,0.0,2.0,0.0,9,4,12,41.9128644207,-87.6332926524,POINT (-87.63329265238 41.912864420684)
fd82fa2cb140530908ff6a69c8628a8040c18094b061294e4c2d2d51baf7f046c10a424b36d95cb2295f69588c4375c2484b9895be478a328e522943f3eb729b,,04/29/2018 03:30:00 PM,30,NO CONTROLS,NO CONTROLS,CLEAR,DAYLIGHT,TURNING,DIVIDED - W/MEDIAN (NOT RAISED),1,STRAIGHT AND LEVEL,DRY,NO DEFECTS,NOT ON SCENE (DESK REPORT),NO INJURY / DRIVE AWAY,,,,"OVER $1,500",04/29/2018 04:20:00 PM,UNABLE TO DETERMINE,UNABLE TO DETERMINE,1151,S,CANAL ST,124.0,,,,,,,2,NO INDICATION OF INJURY,0.0,0.0,0.0,0.0,0.0,2.0,0.0,15,1,4,41.8675538793,-87.6390537272,POINT (-87.639053727195 41.867553879262)
f0ba9d39f2c766314e2fbea55ef1036c5c5599958181b81c2baf0965f89cc64c2a438ebf5dfdc249a23fa06915bbb0cc01654a74ea9284df8aa7eece99f2267a,,02/08/2021 04:42:00 PM,30,TRAFFIC SIGNAL,FUNCTIONING PROPERLY,SNOW,DUSK,ANGLE,FOUR WAY,,STRAIGHT AND LEVEL,SNOW OR SLUSH,NO DEFECTS,ON SCENE,NO INJURY / DRIVE AWAY,Y,,Y,"OVER $1,500",02/08/2021 04:48:00 PM,FAILING TO YIELD RIGHT-OF-WAY,WEATHER,7400,S,RACINE AVE,734.0,,,,,,,2,NO INDICATION OF INJURY,0.0,0.0,0.0,0.0,0.0,2.0,0.0,16,2,2,41.7595469084,-87.6541177478,POINT (-87.654117747793 41.759546908416)
d7177d281662446af9ba19bbdc9bbc44590359aae6597a2e68759fb720f66598e12df4b98d7e61ce8c22a0e1ac0d49bfcb6d2674270f2e97ec46c811a13e7dd4,Y,08/02/2019 04:00:00 AM,35,TRAFFIC SIGNAL,FUNCTIONING PROPERLY,CLEAR,"DARKNESS, LIGHTED ROAD",FIXED OBJECT,DIVIDED - W/MEDIAN BARRIER,,STRAIGHT AND LEVEL,UNKNOWN,UNKNOWN,ON SCENE,INJURY AND / OR TOW DUE TO CRASH,Y,,Y,"$501 - $1,500",08/02/2019 08:00:00 AM,UNABLE TO DETERMINE,UNABLE TO DETERMINE,3500,S,CALIFORNIA AVE,911.0,,,,,,,1,NONINCAPACITATING INJURY,1.0,0.0,0.0,1.0,0.0,0.0,0.0,4,6,8,41.8300272836,-87.6949378391,POINT (-87.69493783907 41.830027283593)
c77f564e535edd303dd9b7dcfa5cb0c619b657dbf4d41f710fb595552624740ab347d026312be96b112829d05d986314b743d1753d4e3e6dee9f8b56bd72fc50,,05/06/2021 07:00:00 AM,15,NO CONTROLS,NO CONTROLS,RAIN,DAYLIGHT,REAR TO SIDE,PARKING LOT,,STRAIGHT AND LEVEL,WET,NO DEFECTS,ON SCENE,NO INJURY / DRIVE AWAY,,,,$500 OR LESS,05/06/2021 07:11:00 AM,IMPROPER BACKING,NOT APPLICABLE,1380,W,LAKE ST,1215.0,,,,,,,2,NO INDICATION OF INJURY,0.0,0.0,0.0,0.0,0.0,2.0,0.0,7,5,5,41.885535212,-87.6618972478,POINT (-87.66189724784 41.885535211997)
b5048c3699cefee63837eb79433e6b377c7dd1f904219040f6cae686dfb28be01c3458c0c945552e7acbeca99a8846310f2a50f6b939b49ce85b9a77feb938ec,,11/05/2022 08:00:00 PM,30,STOP SIGN/FLASHER,FUNCTIONING PROPERLY,CLEAR,DUSK,PEDESTRIAN,T-INTERSECTION,,STRAIGHT AND LEVEL,DRY,UNKNOWN,ON SCENE,INJURY AND / OR TOW DUE TO CRASH,,,Y,$500 OR LESS,11/05/2022 08:04:00 PM,UNABLE TO DETERMINE,UNABLE TO DETERMINE,401,W,BLACKHAWK ST,1821.0,,,,,,,2,INCAPACITATING INJURY,1.0,0.0,1.0,0.0,0.0,1.0,0.0,20,7,11,41.909131442,-87.6385925684,POINT (-87.638592568369 41.909131441994)
2322a40280f3cf1d109c62e0c2abd6beb40441794aa80618bdf8fd5e6a89afe3c0831df81015e744e7a5c8deef20fb11d8236462da70db98f08217979f696293,,04/22/2018 12:35:00 AM,30,TRAFFIC SIGNAL,FUNCTIONING PROPERLY,CLEAR,"DARKNESS, LIGHTED ROAD",ANGLE,DIVIDED - W/MEDIAN (NOT RAISED),2,STRAIGHT AND LEVEL,DRY,NO DEFECTS,NOT ON SCENE (DESK REPORT),NO INJURY / DRIVE AWAY,Y,,,"OVER $1,500",04/22/2018 01:00:00 AM,DISREGARDING TRAFFIC SIGNALS,NOT APPLICABLE,1000,N,CALIFORNIA AVE,1211.0,,,,,,,2,NO INDICATION OF INJURY,0.0,0.0,0.0,0.0,0.0,2.0,0.0,0,1,4,41.8993269856,-87.696938725,POINT (-87.696938725048 41.899326985577)
1a673353ab03a316d38afb9a50c01e8a677c92c3c5baef4a0a53c1673a6afdf481fc83d61db7bf02accd6a8a6375571ccd5c8b0dd1569a2ba454b44090fd8467,,08/30/2018 01:10:00 AM,30,NO CONTROLS,NO CONTROLS,CLEAR,"DARKNESS, LIGHTED ROAD",PARKED MOTOR VEHICLE,NOT DIVIDED,2,STRAIGHT AND LEVEL,DRY,NO DEFECTS,ON SCENE,INJURY AND / OR TOW DUE TO CRASH,,,,"OVER $1,500",08/30/2018 01:14:00 AM,UNABLE TO DETERMINE,NOT APPLICABLE,1270,N,MILWAUKEE AVE,1424.0,,,,,,,2,NO INDICATION OF INJURY,0.0,0.0,0.0,0.0,0.0,1.0,0.0,1,5,8,41.904774866,-87.6689142962,POINT (-87.668914296211 41.904774866005)
e0886a17c4d7ec8428c4df25053e77e3b5f349d56a575994a73ce03efe790e32f54088ed0d7128aea3e3e91ae633355107d9e836cf82e4d804a56bfe8a62486b,,04/10/2022 08:50:00 PM,30,NO CONTROLS,NO CONTROLS,CLEAR,"DARKNESS, LIGHTED ROAD",PARKED MOTOR VEHICLE,DIVIDED - W/MEDIAN BARRIER,,STRAIGHT AND LEVEL,DRY,NO DEFECTS,ON SCENE,INJURY AND / OR TOW DUE TO CRASH,,,Y,"OVER $1,500",04/10/2022 09:19:00 PM,UNABLE TO DETERMINE,UNABLE TO DETERMINE,214,S,HAMLIN BLVD,1122.0,,,,,,,3,NO INDICATION OF INJURY,0.0,0.0,0.0,0.0,0.0,1.0,0.0,20,1,4,41.8775278002,-87.720784545,POINT (-87.720784544985 41.877527800181)
7bfaf555833b054ae8dcbf4e33c220bcda9bcccff99872c63b12eee791c9957fdcf65802019264e466b4b6897d188812df06f081d33bf324c1d3d25b260c07a7,,03/24/2022 10:15:00 AM,30,NO CONTROLS,NO CONTROLS,CLEAR,DAYLIGHT,ANGLE,FOUR WAY,,STRAIGHT AND LEVEL,WET,NO DEFECTS,NOT ON SCENE (DESK REPORT),NO INJURY / DRIVE AWAY,Y,,,"OVER $1,500",03/24/2022 10:45:00 AM,UNABLE TO DETERMINE,UNABLE TO DETERMINE,1945,W,SUNNYSIDE AVE,1912.0,,,,,,,2,NO INDICATION OF INJURY,0.0,0.0,0.0,0.0,0.0,2.0,0.0,10,5,3,41.963181917,-87.6777796146,POINT (-87.677779614586 41.963181916999)
3232f5e74726574ed86a384ac8032dbe10ae5e35d9fc2b3c0cf1cf6fb23173c42d1f16f49f1435b81ad3a3b111737734305eea61d5bce3feb30811c7515af155,,01/22/2023 04:56:00 AM,30,NO CONTROLS,NO CONTROLS,CLEAR,"DARKNESS, LIGHTED ROAD",FIXED OBJECT,DIVIDED - W/MEDIAN BARRIER,,STRAIGHT AND LEVEL,DRY,WORN SURFACE,ON SCENE,INJURY AND / OR TOW DUE TO CRASH,,,,"OVER $1,500",01/22/2023 05:06:00 AM,PHYSICAL CONDITION OF DRIVER,UNABLE TO DETERMINE,7900,S,WALLACE ST,621.0,,,,,,,1,NO INDICATION OF INJURY,0.0,0.0,0.0,0.0,0.0,1.0,0.0,4,1,1,41.7506032001,-87.6393875805,POINT (-87.639387580489 41.750603200105)
0ff64318922e00a8cc85cb51069587139022c7b51afd5d83cec35b9d4a2cdfa703aceb5d247fddde2b026c5e483303e80e170dd7442a85777cb5f76a575cc55c,,04/26/2021 10:00:00 PM,30,STOP SIGN/FLASHER,NO CONTROLS,CLEAR,"DARKNESS, LIGHTED ROAD",TURNING,Y-INTERSECTION,,STRAIGHT AND LEVEL,DRY,NO DEFECTS,NOT ON SCENE (DESK REPORT),NO INJURY / DRIVE AWAY,Y,,,"OVER $1,500",04/26/2021 10:30:00 PM,DISREGARDING STOP SIGN,NOT APPLICABLE,845,E,115TH ST,532.0,,,,,,,2,NO INDICATION OF INJURY,0.0,0.0,0.0,0.0,0.0,2.0,0.0,22,2,4,41.6860586616,-87.6022184341,POINT (-87.602218434087 41.686058661568)
6cd95545e13d6d2db122f8f9a8813100503d4e2c8a60895e9d055aa0fc1f5312ec96a6874e190846300cc6bb92c7d15e8569e87fdf623a0f3554243262d8ad6e,,06/29/2020 01:00:00 PM,30,NO CONTROLS,NO CONTROLS,CLEAR,DAYLIGHT,REAR TO SIDE,PARKING LOT,,STRAIGHT AND LEVEL,DRY,UNKNOWN,NOT ON SCENE (DESK REPORT),NO INJURY / DRIVE AWAY,,,,"$501 - $1,500",06/29/2020 01:10:00 PM,FAILING TO YIELD RIGHT-OF-WAY,UNABLE TO DETERMINE,1404,W,PRATT BLVD,2431.0,,,,,,,2,NO INDICATION OF INJURY,0.0,0.0,0.0,0.0,0.0,2.0,0.0,13,2,6,42.0055607164,-87.6660707958,POINT (-87.666070795813 42.005560716387)
0b07c9ad4ff0c16f12efd755e7280673f81e888a993a48b5bb2b17172a03b1b7c84e859029e082e4e8e08e8c4536bb522f87fed10e9d20ded17adeb25fed3168,,11/10/2022 11:00:00 AM,30,NO CONTROLS,NO CONTROLS,CLEAR,DAYLIGHT,PEDALCYCLIST,ONE-WAY,,STRAIGHT AND LEVEL,DRY,NO DEFECTS,ON SCENE,INJURY AND / OR TOW DUE TO CRASH,,,,"OVER $1,500",11/10/2022 11:41:00 AM,FAILING TO YIELD RIGHT-OF-WAY,NOT APPLICABLE,217,W,WASHINGTON ST,122.0,,,,,,,2,"REPORTED, NOT EVIDENT",1.0,0.0,0.0,0.0,1.0,1.0,0.0,11,5,11,41.8831000298,-87.6343782452,POINT (-87.634378245247 41.883100029814)
9dbc7df8a57f075b0177ea8c38d878ac0b9fc4c45a453e1871fb17b32b0bf57d564eeb6c465cb9a2cf9ad0084be4381cfafd7d4ace1a5bd54ff12b828dfd5b81,,12/23/2022 03:24:00 PM,30,UNKNOWN,UNKNOWN,SNOW,DAYLIGHT,PARKED MOTOR VEHICLE,NOT DIVIDED,,STRAIGHT AND LEVEL,SNOW OR SLUSH,UNKNOWN,,NO INJURY / DRIVE AWAY,,,Y,"OVER $1,500",12/23/2022 05:27:00 PM,UNABLE TO DETERMINE,UNABLE TO DETERMINE,4809,N,SEELEY AVE,2032.0,,,,,,,2,NO INDICATION OF INJURY,0.0,0.0,0.0,0.0,0.0,1.0,0.0,15,6,12,41.9690581112,-87.6802718853,POINT (-87.680271885321 41.969058111164)
6e44d186478fb09d8d4e59f32d1f5ec654b53859d58704ef1a8a357cf4f8f19945a1016bb090a096ff338c403a3d90a2fcd0b23db626a1971afa67d1d71cc58f,,01/12/2025 02:03:00 AM,30,STOP SIGN/FLASHER,FUNCTIONING PROPERLY,SNOW,"DARKNESS, LIGHTED ROAD",FIXED OBJECT,FOUR WAY,,STRAIGHT AND LEVEL,ICE,NO DEFECTS,ON SCENE,NO INJURY / DRIVE AWAY,Y,,,"OVER $1,500",01/12/2025 02:15:00 AM,WEATHER,WEATHER,472,W,ERIE ST,1831.0,,,,,,,1,NO INDICATION OF INJURY,0.0,0.0,0.0,0.0,0.0,2.0,0.0,2,1,1,41.8940082266,-87.641395717,POINT (-87.641395716983 41.894008226649)
0cd7d6bd269a9dfd85e43fdd468ab8a74f55000ed9c4748f6d0781b94225f205863c81fe28d3b6f907403f5869fc1f5984b114626ecf7414f4a8195c64a2a2fc,,08/17/2024 01:09:00 PM,30,STOP SIGN/FLASHER,FUNCTIONING PROPERLY,CLOUDY/OVERCAST,DUSK,REAR END,NOT DIVIDED,,STRAIGHT AND LEVEL,WET,WORN SURFACE,ON SCENE,NO INJURY / DRIVE AWAY,,,,"OVER $1,500",08/17/2024 01:13:00 PM,FOLLOWING TOO CLOSELY,FAILING TO REDUCE SPEED TO AVOID CRASH,630,W,74TH ST,732.0,,,,,,,2,NO INDICATION OF INJURY,0.0,0.0,0.0,0.0,0.0,2.0,0.0,13,7,8,41.7599108712,-87.6405643642,POINT (-87.640564364182 41.759910871196)
5575c9f1acd839ceff6e1d493fcc78a4e22981722e65c8b05437b3e91a94ec641c4de6a97c7f94f612570d8d0d1d9c7d7c3cf17bca34d0e70a6656d42febb130,,12/16/2024 03:45:00 AM,25,STOP SIGN/FLASHER,FUNCTIONING PROPERLY,UNKNOWN,"DARKNESS, LIGHTED ROAD",PARKED MOTOR VEHICLE,ONE-WAY,,STRAIGHT AND LEVEL,UNKNOWN,UNKNOWN,NOT ON SCENE (DESK REPORT),NO INJURY / DRIVE AWAY,,,Y,"OVER $1,500",12/16/2024 04:20:00 AM,UNABLE TO DETERMINE,UNABLE TO DETERMINE,3702,W,DICKENS AVE,2525.0,,,,,,,2,NO INDICATION OF INJURY,0.0,0.0,0.0,0.0,0.0,1.0,0.0,3,2,12,41.9191896567,-87.7194734709,POINT (-87.71947347088 41.919189656707)
8d327dafdca8aeb88055acd9ae64b58ee8eb582ef876efe6e6bfb477a667f80ba4574ab897a34378821eed6f40c0f3e77a2c2e02aa93aa7a11ecd48ed3ab0cb7,,10/24/2018 06:30:00 PM,30,OTHER,OTHER,CLEAR,"DARKNESS, LIGHTED ROAD",SIDESWIPE SAME DIRECTION,NOT DIVIDED,6,STRAIGHT AND LEVEL,DRY,NO DEFECTS,ON SCENE,NO INJURY / DRIVE AWAY,,,,$500 OR LESS,10/24/2018 06:30:00 PM,UNABLE TO DETERMINE,NOT APPLICABLE,654,N,LA SALLE DR,1832.0,,,,,,,2,NO INDICATION OF INJURY,0.0,0.0,0.0,0.0,0.0,2.0,0.0,18,4,10,41.8939693996,-87.6328072823,POINT (-87.632807282324 41.893969399572)
a90f932b1d552b6d417891f81dc0c8780d8621f16ffbc816a64443edaa8eb30d559bc7d095d41cf38485e35280fadbaf09da28fa5ddfe2ec899f3799f854a041,,03/31/2017 05:30:00 PM,30,STOP SIGN/FLASHER,FUNCTIONING PROPERLY,CLEAR,DAYLIGHT,SIDESWIPE SAME DIRECTION,NOT DIVIDED,4,STRAIGHT AND LEVEL,DRY,UNKNOWN,NOT ON SCENE (DESK REPORT),NO INJURY / DRIVE AWAY,,,,"OVER $1,500",03/31/2017 07:00:00 PM,IMPROPER OVERTAKING/PASSING,UNABLE TO DETERMINE,6351,W,DEVON AVE,1611.0,,,,,,,2,NO INDICATION OF INJURY,0.0,0.0,0.0,0.0,0.0,3.0,0.0,17,6,3,41.9972472842,-87.7873345187,POINT (-87.787334518712 41.997247284223)
60f12d26e205f3e25c76390fba96d1c2537cde66df2a41e83820ee54e326393f47124a16ed79ae3f509dfdaeccb4947f13e928146b96631f20efc0b7a995a894,,08/20/2024 09:00:00 AM,15,NO CONTROLS,NO CONTROLS,CLEAR,DAYLIGHT,REAR END,ALLEY,,STRAIGHT AND LEVEL,UNKNOWN,UNKNOWN,NOT ON SCENE (DESK REPORT),NO INJURY / DRIVE AWAY,,,,"OVER $1,500",08/21/2024 09:25:00 AM,NOT APPLICABLE,NOT APPLICABLE,2502,S,CALIFORNIA AVE,1033.0,,,,,,,2,NO INDICATION OF INJURY,0.0,0.0,0.0,0.0,0.0,2.0,0.0,9,3,8,41.8463345516,-87.6954122356,POINT (-87.695412235617 41.846334551612)
421d2417779ee3f51e547471f8795a9ea17ef14180b946772f4e3c63490051ecb1333a6891b870e364495471e58362bdcdf613dbbcdc4772e4068ba94683a68d,,06/03/2019 12:56:00 PM,15,NO CONTROLS,NO CONTROLS,CLEAR,DAYLIGHT,TURNING,PARKING LOT,,STRAIGHT AND LEVEL,DRY,NO DEFECTS,ON SCENE,NO INJURY / DRIVE AWAY,,,,"$501 - $1,500",06/03/2019 01:04:00 PM,UNABLE TO DETERMINE,NOT APPLICABLE,4201,S,ASHLAND AVE,924.0,,,,,,,3,NO INDICATION OF INJURY,0.0,0.0,0.0,0.0,0.0,2.0,0.0,12,2,6,41.817683733,-87.6650402,POINT (-87.665040200043 41.817683733038)
3b9c47caca361677a945bce90344ef7c3e591f6efbabe9f9995eaa5f9bc81ba02735dd7e4148abaae6228cc6d6cc38705ed361b54b70b138622c049a3a132c65,,08/30/2021 11:00:00 PM,30,NO CONTROLS,NO CONTROLS,CLEAR,DUSK,PARKED MOTOR VEHICLE,NOT DIVIDED,,STRAIGHT AND LEVEL,DRY,NO DEFECTS,NOT ON SCENE (DESK REPORT),NO INJURY / DRIVE AWAY,,,Y,"$501 - $1,500",08/31/2021 10:37:00 AM,UNABLE TO DETERMINE,UNABLE TO DETERMINE,1804,S,AVERS AVE,1014.0,,,,,,,2,NO INDICATION OF INJURY,0.0,0.0,0.0,0.0,0.0,1.0,0.0,23,2,8,41.856866626,-87.7212983603,POINT (-87.721298360263 41.856866626047)
5e545e4af18d923f09d6c8d9d798aa1df5c2e432b80244da2d21b51822f514ee868f92eed52f187c6c99334f5504129fdd7858dd489045a76058e6c94c43de5f,,03/15/2023 01:15:00 PM,30,NO CONTROLS,NO CONTROLS,CLEAR,DAYLIGHT,SIDESWIPE SAME DIRECTION,NOT DIVIDED,,STRAIGHT AND LEVEL,DRY,NO DEFECTS,NOT ON SCENE (DESK REPORT),NO INJURY / DRIVE AWAY,,,,"OVER $1,500",03/17/2023 08:30:00 PM,UNABLE TO DETERMINE,NOT APPLICABLE,300,W,OHIO ST,1831.0,,,,,,,2,NO INDICATION OF INJURY,0.0,0.0,0.0,0.0,0.0,2.0,0.0,13,4,3,41.8924773219,-87.6356711601,POINT (-87.635671160097 41.892477321905)
ac081e097e8c63a1b574416d1dccf47eddf921cf2f14754ecbd88c195c5826d2c520b42678258d54174d5ba728408659a06c49b3a422da3b4a3b885a9c5bbb62,,06/30/2019 09:55:00 PM,20,NO CONTROLS,NO CONTROLS,CLEAR,"DARKNESS, LIGHTED ROAD",PARKED MOTOR VEHICLE,NOT DIVIDED,,STRAIGHT AND LEVEL,DRY,NO DEFECTS,ON SCENE,INJURY AND / OR TOW DUE TO CRASH,,,,"OVER $1,500",06/30/2019 10:58:00 PM,FAILING TO REDUCE SPEED TO AVOID CRASH,UNABLE TO DETERMINE,2898,W,73RD ST,831.0,,,,,,,3,NO INDICATION OF INJURY,0.0,0.0,0.0,0.0,0.0,1.0,0.0,21,1,6,41.7609635473,-87.6953157283,POINT (-87.695315728252 41.760963547336)
02ace7f060954b54803b87642d36421d84a556a03226375b3f3dc3d8b54d3992a3c3b0944ae4deabd7d60c7e8918702887a5ddd3aa4e8e96a1c2e2f8dcfbc6c7,,11/21/2024 09:15:00 AM,30,NO CONTROLS,NO CONTROLS,SNOW,DAYLIGHT,REAR END,NOT DIVIDED,,STRAIGHT AND LEVEL,SNOW OR SLUSH,UNKNOWN,NOT ON SCENE (DESK REPORT),NO INJURY / DRIVE AWAY,,,,"OVER $1,500",11/21/2024 11:44:00 AM,UNABLE TO DETERMINE,UNABLE TO DETERMINE,2240,W,ARMITAGE AVE,1432.0,,,,,,,2,NO INDICATION OF INJURY,0.0,0.0,0.0,0.0,0.0,2.0,0.0,9,5,11,41.9177389548,-87.6841589184,POINT (-87.684158918384 41.917738954815)
7b09927a9628c58dc4aa013d381f339bbae593214499c4ceac099261559c08b19c4afd2f751eebb2e053ea737721ba14e075153a92e8151b14af149ac8927362,,05/13/2021 11:30:00 AM,30,NO CONTROLS,NO CONTROLS,CLEAR,DAYLIGHT,REAR END,NOT DIVIDED,,STRAIGHT AND LEVEL,DRY,UNKNOWN,NOT ON SCENE (DESK REPORT),NO INJURY / DRIVE AWAY,,,,"OVER $1,500",05/13/2021 12:10:00 PM,FOLLOWING TOO CLOSELY,FAILING TO REDUCE SPEED TO AVOID CRASH,1464,N,ASHLAND AVE,1433.0,,,,,,,2,NO INDICATION OF INJURY,0.0,0.0,0.0,0.0,0.0,2.0,0.0,11,5,5,41.9088306715,-87.6677887529,POINT (-87.667788752899 41.908830671454)