CRASH_RECORD_ID,CRASH_DATE_EST_I,CRASH_DATE,POSTED_SPEED_LIMIT,TRAFFIC_CONTROL_DEVICE,DEVICE_CONDITION,WEATHER_CONDITION,LIGHTING_CONDITION,FIRST_CRASH_TYPE,TRAFFICWAY_TYPE,LANE_CNT,ALIGNMENT,ROADWAY_SURFACE_COND,ROAD_DEFECT,REPORT_TYPE,CRASH_TYPE,INTERSECTION_RELATED_I,NOT_RIGHT_OF_WAY_I,HIT_AND_RUN_I,DAMAGE,DATE_POLICE_NOTIFIED,PRIM_CONTRIBUTORY_CAUSE,SEC_CONTRIBUTORY_CAUSE,STREET_NO,STREET_DIRECTION,STREET_NAME,BEAT_OF_OCCURRENCE,PHOTOS_TAKEN_I,STATEMENTS_TAKEN_I,DOORING_I,WORK_ZONE_I,WORK_ZONE_TYPE,WORKERS_PRESENT_I,NUM_UNITS,MOST_SEVERE_INJURY,INJURIES_TOTAL,INJURIES_FATAL,INJURIES_INCAPACITATING,INJURIES_NON_INCAPACITATING,INJURIES_REPORTED_NOT_EVIDENT,INJURIES_NO_INDICATION,INJURIES_UNKNOWN,CRASH_HOUR,CRASH_DAY_OF_WEEK,CRASH_MONTH,LATITUDE,LONGITUDE,LOCATION
7809a938f1c3417762b7ee0fce409a2e46eb7b4829a7e65f887befcedece885a2b7cf62a91949eca41481014bdff61713b14e3df026814103d8c0d4aa94feaad,,03/18/2025 11:50:00 PM,30,NO CONTROLS,NO CONTROLS,CLEAR,"DARKNESS, LIGHTED ROAD",REAR END,NOT DIVIDED,,STRAIGHT AND LEVEL,DRY,NO DEFECTS,NOT ON SCENE (DESK REPORT),NO INJURY / DRIVE AWAY,,,Y,"OVER $1,500",03/19/2025 12:10:00 AM,ANIMAL,FOLLOWING TOO CLOSELY,3801,W,PETERSON AVE,1711.0,,,,,,,2,NO INDICATION OF INJURY,0.0,0.0,0.0,0.0,0.0,3.0,0.0,23,3,3,41.9900829756,-87.7240918901,POINT (-87.724091890119 41.990082975589)
72330c6cfb5a10a7353db9e3f67f9559331e9e74463744e040a81b68e2c99f069bb18969855611ab601f4831a5cf3c31e5910cc85c28423f85e6e75439b95b13,,11/03/2019 07:20:00 PM,30,NO CONTROLS,NO CONTROLS,CLEAR,"DARKNESS, LIGHTED ROAD",SIDESWIPE SAME DIRECTION,NOT DIVIDED,,STRAIGHT AND LEVEL,DRY,NO DEFECTS,NOT ON SCENE (DESK REPORT),NO INJURY / DRIVE AWAY,,,,"$501 - $1,500",11/03/2019 08:07:00 PM,UNABLE TO DETERMINE,UNABLE TO DETERMINE,760,W,ARMITAGE AVE,1812.0,,,,,,,2,NO INDICATION OF INJURY,0.0,0.0,0.0,0.0,0.0,2.0,0.0,19,1,11,41.9182899615,-87.6484506348,POINT (-87.648450634795 41.918289961483)
3b319470db624eb803deb4b2c8b75a9578f6b960d75f067816aa2bcb902e2992d9b04c7666fccea7ce272d5afa283116c7f30213cc50f93a3248ef25bc3a763d,,05/30/2019 01:20:00 PM,25,TRAFFIC SIGNAL,FUNCTIONING PROPERLY,CLEAR,DAYLIGHT,TURNING,NOT DIVIDED,,STRAIGHT AND LEVEL,DRY,NO DEFECTS,NOT ON SCENE (DESK REPORT),NO INJURY / DRIVE AWAY,Y,,,"$501 - $1,500",05/30/2019 02:30:00 PM,IMPROPER TURNING/NO SIGNAL,NOT APPLICABLE,9101,S,STONY ISLAND AVE,413.0,,,,,,,2,NO INDICATION OF INJURY,0.0,0.0,0.0,0.0,0.0,3.0,0.0,13,5,5,41.7295896721,-87.5849004101,POINT (-87.58490041009 41.729589672062)
be721a22e50aa83dafed490546c32fc3ac6bd6318b9378f840c4005b22fefaf08b46ea667b3957b508802351e09003e5e959b68dd5568cd87f6b133b8a127512,,12/27/2018 03:30:00 PM,30,NO CONTROLS,NO CONTROLS,CLEAR,DAYLIGHT,TURNING,UNKNOWN,0,STRAIGHT AND LEVEL,DRY,NO DEFECTS,NOT ON SCENE (DESK REPORT),NO INJURY / DRIVE AWAY,,Y,,$500 OR LESS,12/27/2018 04:30:00 PM,UNABLE TO DETERMINE,DRIVING SKILLS/KNOWLEDGE/EXPERIENCE,1154,S,CLARK ST,123.0,,,,,,,2,NO INDICATION OF INJURY,0.0,0.0,0.0,0.0,0.0,2.0,0.0,15,5,12,41.8675710154,-87.6305864739,POINT (-87.630586473861 41.867571015433)
8be9b15571fa5645877874f92cd9bb45ac1525c8e52658aa70a739df420252ee997cded9a8b96ded218991af024a6d2acac29801c7c4f0776bb579288b7b3352,,07/30/2022 11:40:00 AM,25,STOP SIGN/FLASHER,FUNCTIONING PROPERLY,CLEAR,DAYLIGHT,TURNING,DIVIDED - W/MEDIAN (NOT RAISED),,STRAIGHT AND LEVEL,DRY,UNKNOWN,ON SCENE,NO INJURY / DRIVE AWAY,,,,"OVER $1,500",07/30/2022 12:55:00 PM,UNABLE TO DETERMINE,UNABLE TO DETERMINE,6830,W,WRIGHTWOOD AVE,2512.0,,,,,,,2,NO INDICATION OF INJURY,0.0,0.0,0.0,0.0,0.0,2.0,0.0,11,7,7,41.9273375903,-87.7966399035,POINT (-87.796639903487 41.927337590349)
073eb67c35f80fa6783f25cbae01a776c73302712ec1ca6788458ce14c9918a012d7b7d80bd810244ac678404d76493dc099076d5d47cedb5cc3d247954bcace,,11/28/2019 06:33:00 PM,35,TRAFFIC SIGNAL,FUNCTIONING PROPERLY,CLEAR,"DARKNESS, LIGHTED ROAD",TURNING,NOT DIVIDED,,STRAIGHT AND LEVEL,DRY,NO DEFECTS,ON SCENE,NO INJURY / DRIVE AWAY,,,,"OVER $1,500",11/28/2019 06:35:00 PM,NOT APPLICABLE,NOT APPLICABLE,6000,W,BELMONT AVE,1633.0,,,,,,,2,NO INDICATION OF INJURY,0.0,0.0,0.0,0.0,0.0,2.0,0.0,18,5,11,41.9385562651,-87.7763387581,POINT (-87.776338758084 41.93855626509)
e6f81dec5dc3202bb215a4e669998ba49990f2fc4c46c17a7b8024db58356fe9b1b080081df4166b617c9c013f7dc0cbd403ad1b6ede65c16e83d76b054108a4,,02/20/2016 12:05:00 PM,30,TRAFFIC SIGNAL,FUNCTIONING PROPERLY,CLEAR,DAYLIGHT,TURNING,NOT DIVIDED,,STRAIGHT AND LEVEL,DRY,NO DEFECTS,NOT ON SCENE (DESK REPORT),NO INJURY / DRIVE AWAY,,,,"OVER $1,500",02/20/2016 12:20:00 PM,FAILING TO YIELD RIGHT-OF-WAY,NOT APPLICABLE,4759,W,WASHINGTON BLVD,1113.0,,,,,,,2,NO INDICATION OF INJURY,0.0,0.0,0.0,0.0,0.0,5.0,0.0,12,7,2,41.8817066058,-87.7452170734,POINT (-87.745217073369 41.881706605804)
9e2dd3bb7f45fffcd40a5fcf780b82db362e3e5b77e0dc8c283515220b5b03a49687e59ce7122037b41337ab51f454e59e818eb139a744189c32a57ba9c9e5d7,,07/19/2017 06:50:00 PM,0,NO CONTROLS,NO CONTROLS,CLEAR,DAYLIGHT,REAR END,UNKNOWN,,STRAIGHT AND LEVEL,UNKNOWN,UNKNOWN,NOT ON SCENE (DESK REPORT),NO INJURY / DRIVE AWAY,,,Y,"OVER $1,500",07/19/2017 08:50:00 PM,NOT APPLICABLE,NOT APPLICABLE,4301,S,CALIFORNIA AVE,922.0,,,,,,,2,NO INDICATION OF INJURY,0.0,0.0,0.0,0.0,0.0,3.0,0.0,18,4,7,41.8154571033,-87.6942761082,POINT (-87.69427610822 41.815457103305)
c5ffcefc9f6babd06441f615ecee82bf10fe9c5f731ad142342f8aab901d7fc78edd376e7d32706732273d10c96b706d02ddc27605ad4fb46a688987d85bc140,,05/14/2020 08:45:00 PM,30,NO CONTROLS,NO CONTROLS,RAIN,"DARKNESS, LIGHTED ROAD",REAR END,NOT DIVIDED,,STRAIGHT AND LEVEL,WET,NO DEFECTS,NOT ON SCENE (DESK REPORT),INJURY AND / OR TOW DUE TO CRASH,,,,"OVER $1,500",05/15/2020 12:42:00 PM,FOLLOWING TOO CLOSELY,UNABLE TO DETERMINE,1400,W,NORTH AVE,1433.0,,,,,,,2,NONINCAPACITATING INJURY,1.0,0.0,0.0,1.0,0.0,1.0,0.0,20,5,5,41.9108068192,-87.6631049341,POINT (-87.66310493406 41.910806819199)
0eac6a853344c938667d0d261406793ed3009a3e23d127ed0be791191df792c567841a01f27bb982e753abff17f31db5cb3e719973a6559a2321b6c1c78f1b45,,10/21/2024 05:17:00 PM,30,NO CONTROLS,NO CONTROLS,CLEAR,DAYLIGHT,TURNING,NOT DIVIDED,,STRAIGHT AND LEVEL,DRY,NO DEFECTS,ON SCENE,NO INJURY / DRIVE AWAY,,,,"$501 - $1,500",10/21/2024 05:19:00 PM,UNABLE TO DETERMINE,NOT APPLICABLE,4001,W,GRAND AVE,2534.0,,,,,,,2,NO INDICATION OF INJURY,0.0,0.0,0.0,0.0,0.0,2.0,0.0,17,2,10,41.9060654738,-87.7264925453,POINT (-87.7264925453 41.906065473819)
cd71566c412e18fbf37298c4ed151ac14716b24b8f4ac16e41b3090fd9be29ffa353cf2d668d0bb1d9edb296a8f595a7e5070745a03c5552605194e5825eba8d,,07/06/2018 11:00:00 AM,30,NO CONTROLS,NO CONTROLS,CLEAR,DAYLIGHT,PARKED MOTOR VEHICLE,NOT DIVIDED,,STRAIGHT AND LEVEL,DRY,NO DEFECTS,NOT ON SCENE (DESK REPORT),NO INJURY / DRIVE AWAY,,,,"OVER $1,500",07/06/2018 11:50:00 AM,UNABLE TO DETERMINE,UNABLE TO DETERMINE,5711,W,63RD ST,812.0,,,,,,,2,NO INDICATION OF INJURY,0.0,0.0,0.0,0.0,0.0,1.0,0.0,11,6,7,41.7778867982,-87.7646174363,POINT (-87.764617436277 41.777886798195)
5ee80cfc97241b04dc0844da61242855571a25620ab411be264738adfa940c6db8fb27ef8250b290a0e868fabc240228944959f7aac4c89450828e07f81cf0ce,,06/12/2025 04:00:00 PM,30,NO CONTROLS,NO CONTROLS,CLEAR,DAYLIGHT,PARKED MOTOR VEHICLE,DIVIDED - W/MEDIAN (NOT RAISED),,STRAIGHT AND LEVEL,DRY,NO DEFECTS,NOT ON SCENE (DESK REPORT),NO INJURY / DRIVE AWAY,,,,$500 OR LESS,06/20/2025 03:15:00 PM,DRIVING SKILLS/KNOWLEDGE/EXPERIENCE,NOT APPLICABLE,1400,W,MONROE ST,1224.0,,,,,,,2,NO INDICATION OF INJURY,0.0,0.0,0.0,0.0,0.0,1.0,0.0,16,5,6,41.8803569119,-87.6620824148,POINT (-87.662082414818 41.880356911878)
4f9179e65c719aa443de3c5d8b5416f358f541b9bd0092deb6982ecbd5e656f447dcec9ddee33075c747326bcafa7f58e2dbad62494f706a86bf5d2b6439dddb,,09/24/2018 08:00:00 AM,30,TRAFFIC SIGNAL,FUNCTIONING PROPERLY,CLEAR,DAYLIGHT,REAR END,ONE-WAY,,STRAIGHT AND LEVEL,DRY,UNKNOWN,NOT ON SCENE (DESK REPORT),NO INJURY / DRIVE AWAY,Y,,,"$501 - $1,500",09/24/2018 01:30:00 PM,UNABLE TO DETERMINE,UNABLE TO DETERMINE,7500,S,WENTWORTH AVE,623.0,,,,,,,2,NO INDICATION OF INJURY,0.0,0.0,0.0,0.0,0.0,2.0,0.0,8,2,9,41.7580622505,-87.6297792597,POINT (-87.629779259686 41.758062250528)
4154d15dcba984923953807a7478d733dc9fd5ddf46736b50c7719b7cfab43db90828b90aa8e5a111838e3bb0be4c291b0b9af3d9772a34b69531d91e4bf3f1c,,07/30/2021 07:30:00 AM,20,NO CONTROLS,NO CONTROLS,CLEAR,DAYLIGHT,PARKED MOTOR VEHICLE,NOT DIVIDED,,STRAIGHT AND LEVEL,DRY,NO DEFECTS,NOT ON SCENE (DESK REPORT),NO INJURY / DRIVE AWAY,,,Y,"OVER $1,500",07/30/2021 07:26:00 PM,UNABLE TO DETERMINE,NOT APPLICABLE,2621,W,15TH PL,1023.0,,,,,,,2,NO INDICATION OF INJURY,0.0,0.0,0.0,0.0,0.0,1.0,0.0,7,6,7,41.8600805801,-87.6916667811,POINT (-87.691666781125 41.860080580063)
b3f984ac38157c0813cb888419e839139b3ef04fd5556009315a36fbf8489208b857701ea245c0fb781d513da4354f738200ca00abf6516c56f8721f51c76f33,,01/14/2022 01:24:00 PM,30,TRAFFIC SIGNAL,UNKNOWN,UNKNOWN,DAYLIGHT,REAR END,DIVIDED - W/MEDIAN (NOT RAISED),,STRAIGHT AND LEVEL,UNKNOWN,UNKNOWN,NOT ON SCENE (DESK REPORT),NO INJURY / DRIVE AWAY,,,,"$501 - $1,500",01/14/2022 03:00:00 PM,UNABLE TO DETERMINE,NOT APPLICABLE,5952,N,CLARK ST,2012.0,,,,,,,2,NO INDICATION OF INJURY,0.0,0.0,0.0,0.0,0.0,2.0,0.0,13,6,1,41.9900600051,-87.6701451196,POINT (-87.6701451196 41.990060005077)
70a0ed6b2ff35ce209e6f7090c5aedd837ca64a1f5b5e606852119c074753f416cd1f4dd67ac0df2f5a853d796184cd4d23edb09b14219a638f71d0e26319428,,06/03/2018 05:00:00 PM,30,TRAFFIC SIGNAL,FUNCTIONING PROPERLY,CLEAR,DAYLIGHT,TURNING,DIVIDED - W/MEDIAN (NOT RAISED),4,STRAIGHT AND LEVEL,DRY,NO DEFECTS,ON SCENE,INJURY AND / OR TOW DUE TO CRASH,Y,,,"OVER $1,500",06/03/2018 05:15:00 PM,DISREGARDING TRAFFIC SIGNALS,FAILING TO YIELD RIGHT-OF-WAY,1600,N,HUMBOLDT BLVD,1421.0,,,,,,,2,NO INDICATION OF INJURY,0.0,0.0,0.0,0.0,0.0,3.0,0.0,17,1,6,41.9102690337,-87.7020158725,POINT (-87.702015872469 41.910269033664)
01dbb000ef9c345c4e383a0af4331aec2eb2f30ad60d6e6e9459b0c01cccacec34d4bb5f7214ae1bb41a7663b6ad4dd62fdb4fd5301ddf9a14ba213c20cc2e3e,,09/28/2018 06:20:00 PM,30,NO CONTROLS,NO CONTROLS,RAIN,DUSK,TURNING,NOT DIVIDED,,STRAIGHT AND LEVEL,WET,NO DEFECTS,NOT ON SCENE (DESK REPORT),NO INJURY / DRIVE AWAY,,,,"OVER $1,500",09/28/2018 06:50:00 PM,FAILING TO YIELD RIGHT-OF-WAY,UNABLE TO DETERMINE,600,W,CERMAK RD,1235.0,,,,,,,2,NO INDICATION OF INJURY,0.0,0.0,0.0,0.0,0.0,3.0,0.0,18,6,9,41.8528095306,-87.641890932,POINT (-87.641890932045 41.852809530581)
368c4060af4faed33d6d4801925dc9a625ffef0b7e18f85b626904c8afb440cdcdcbb615305ab5cef9d11fd5a62d8dc739208f663ebe5de97230c6a2340ccd04,,05/08/2018 10:10:00 AM,30,TRAFFIC SIGNAL,NO CONTROLS,CLEAR,DAYLIGHT,TURNING,NOT DIVIDED,5,STRAIGHT AND LEVEL,DRY,NO DEFECTS,NOT ON SCENE (DESK REPORT),NO INJURY / DRIVE AWAY,Y,,,"$501 - $1,500",05/08/2018 10:55:00 AM,UNABLE TO DETERMINE,UNABLE TO DETERMINE,1200,W,DEVON AVE,2432.0,,,,,,,2,NO INDICATION OF INJURY,0.0,0.0,0.0,0.0,0.0,9.0,0.0,10,3,5,41.9982982277,-87.6606116606,POINT (-87.660611660635 41.998298227719)
cd425cc96eea803d76c22a6e250389ba5a34b4dfe12134b62ef6105d3633e25d6389d9d2643c2cccfece9caf05d171cbdc52b20ea914fff15f53ef38f0d4350f,,06/01/2019 12:30:00 AM,30,NO CONTROLS,NO CONTROLS,CLEAR,"DARKNESS, LIGHTED ROAD",TURNING,ONE-WAY,,STRAIGHT AND LEVEL,UNKNOWN,UNKNOWN,NOT ON SCENE (DESK REPORT),NO INJURY / DRIVE AWAY,,,,"OVER $1,500",06/01/2019 01:10:00 AM,DRIVING SKILLS/KNOWLEDGE/EXPERIENCE,UNABLE TO DETERMINE,123,N,DESPLAINES ST,121.0,,,,,,,2,NO INDICATION OF INJURY,0.0,0.0,0.0,0.0,0.0,2.0,0.0,0,7,6,41.8839095299,-87.6440424108,POINT (-87.644042410805 41.883909529934)
909fc438fc1806c4b9d3f7b2632be40adbcb74e8a8cb1130739c08059d65adfb0f804e0f576b185f4652f19bdbad68396941ef4a9c5cd5aac05333d27b4046d8,,02/21/2020 11:30:00 AM,20,NO CONTROLS,NO CONTROLS,CLEAR,DAYLIGHT,OTHER OBJECT,OTHER,,"CURVE, LEVEL",DRY,UNKNOWN,NOT ON SCENE (DESK REPORT),NO INJURY / DRIVE AWAY,,,,"OVER $1,500",02/27/2020 07:22:00 PM,UNABLE TO DETERMINE,UNABLE TO DETERMINE,3000,N,HALSTED ST,1933.0,,,,,,,1,NO INDICATION OF INJURY,0.0,0.0,0.0,0.0,0.0,1.0,0.0,11,6,2,41.9364480108,-87.6492907515,POINT (-87.649290751512 41.936448010798)
1fe0289899873cefa356793086c873b59e4dbbbd302611281fd95e7adc11fbe854e50889025a172452ab103c27fb4279fffea62663edd132ed583b51010b7a40,,02/22/2024 12:12:00 AM,35,NO CONTROLS,NO CONTROLS,CLEAR,"DARKNESS, LIGHTED ROAD",TURNING,FOUR WAY,,STRAIGHT AND LEVEL,DRY,NO DEFECTS,ON SCENE,NO INJURY / DRIVE AWAY,Y,,,"OVER $1,500",02/22/2024 12:12:00 AM,FAILING TO YIELD RIGHT-OF-WAY,UNABLE TO DETERMINE,1504,W,63RD ST,713.0,,,,,,,2,NO INDICATION OF INJURY,0.0,0.0,0.0,0.0,0.0,6.0,0.0,0,5,2,41.7796147887,-87.6620292374,POINT (-87.662029237411 41.779614788665)
1c9a4bcdba3b75e5cd63372fce4cea9f698792e0c99fac69dc423c53940e06b76425311b990eb42bdb87bea49826f3fb92630cd4b25e3bd4fd8a295eb465f7ec,,04/30/2018 01:00:00 PM,30,NO CONTROLS,NO CONTROLS,CLEAR,DAYLIGHT,REAR END,NOT DIVIDED,2,STRAIGHT AND LEVEL,DRY,NO DEFECTS,ON SCENE,NO INJURY / DRIVE AWAY,,,,"OVER $1,500",04/30/2018 01:51:00 PM,FOLLOWING TOO CLOSELY,NOT APPLICABLE,6900,W,BELMONT AVE,1632.0,,,,,,,3,NO INDICATION OF INJURY,0.0,0.0,0.0,0.0,0.0,3.0,0.0,13,2,4,41.9382314019,-87.7981969297,POINT (-87.798196929745 41.938231401942)
f348bb770167955a421c8b6f4de8ae0b2ed2613fd918d18ee9728a2f3ea1c888878b3b80a58e9cee53af61bd042d97b9ca06fda0d60fe48e8a25db3b3432f1b8,,03/19/2022 03:39:00 AM,30,OTHER WARNING SIGN,OTHER,RAIN,"DARKNESS, LIGHTED ROAD",FIXED OBJECT,DIVIDED - W/MEDIAN BARRIER,,"CURVE, LEVEL",WET,NO DEFECTS,ON SCENE,INJURY AND / OR TOW DUE TO CRASH,,,,"OVER $1,500",03/19/2022 03:39:00 AM,PHYSICAL CONDITION OF DRIVER,UNABLE TO DETERMINE,7750,N,SHERIDAN RD,2422.0,,,,,,,2,NO INDICATION OF INJURY,0.0,0.0,0.0,0.0,0.0,1.0,0.0,3,7,3,42.0225803453,-87.6665553548,POINT (-87.666555354848 42.022580345275)
6122eaba718af90872566c4cdee4fdced9bdc3df81704e5c8210af51c269b48161ca29e855b16520aaaaed2960143c1f7b6879735c6cb1b427e8b4f21ba1928c,,06/15/2016 03:45:00 PM,30,STOP SIGN/FLASHER,FUNCTIONING PROPERLY,CLEAR,DAYLIGHT,ANGLE,NOT DIVIDED,2,STRAIGHT AND LEVEL,DRY,NO DEFECTS,NOT ON SCENE (DESK REPORT),NO INJURY / DRIVE AWAY,,,,"OVER $1,500",06/16/2016 04:30:00 PM,UNABLE TO DETERMINE,NOT APPLICABLE,1400,W,77TH ST,612.0,Y,Y,,,,,2,NO INDICATION OF INJURY,0.0,0.0,0.0,0.0,0.0,2.0,0.0,15,4,6,41.7541731616,-87.6587667126,POINT (-87.658766712561 41.754173161559)
1a18095804f71b9c7b3c08e794abd9d860156d221e2e4f1b2cd1c9a9f037cea7b766491c8ff0089cf9fe007deaaf1a5340486d06a108d81740a9ca223b8cbb26,,07/09/2019 12:40:00 PM,15,NO CONTROLS,NO CONTROLS,CLEAR,DAYLIGHT,REAR TO FRONT,PARKING LOT,,STRAIGHT AND LEVEL,DRY,NO DEFECTS,NOT ON SCENE (DESK REPORT),NO INJURY / DRIVE AWAY,,Y,,"$501 - $1,500",07/09/2019 01:05:00 PM,IMPROPER BACKING,NOT APPLICABLE,5301,W,LEXINGTON ST,1522.0,,,,,,,2,NO INDICATION OF INJURY,0.0,0.0,0.0,0.0,0.0,2.0,0.0,12,3,7,41.8709082192,-87.7574278194,POINT (-87.757427819415 41.870908219163)
9cf2432d69e253572ff019b09c11620a8f12674a8b923766fa43415949d5925da2413a1866e65d076e9b717975cbafbc186934ce410a970977f686ec2b024040,,07/17/2021 04:47:00 PM,30,TRAFFIC SIGNAL,FUNCTIONING PROPERLY,CLEAR,DAYLIGHT,ANGLE,FOUR WAY,,STRAIGHT AND LEVEL,DRY,NO DEFECTS,ON SCENE,INJURY AND / OR TOW DUE TO CRASH,Y,,,"OVER $1,500",07/17/2021 04:48:00 PM,DISREGARDING TRAFFIC SIGNALS,UNABLE TO DETERMINE,400,E,47TH ST,221.0,,,,,,,2,NONINCAPACITATING INJURY,2.0,0.0,0.0,2.0,0.0,1.0,0.0,16,7,7,41.8095004652,-87.6162063994,POINT (-87.616206399384 41.809500465169)
7f7f71b1f7e507acc4797ec79e648fb7bd53fd234131dccfcd12d1c5755530a2505f5847677b8c3f2b5435026626a2730e384170f1f7c671c11f153fa788a45f,,05/08/2019 05:06:00 PM,30,NO CONTROLS,NO CONTROLS,CLEAR,DAYLIGHT,REAR END,DIVIDED - W/MEDIAN (NOT RAISED),,STRAIGHT AND LEVEL,DRY,NO DEFECTS,ON SCENE,NO INJURY / DRIVE AWAY,,,,"$501 - $1,500",05/08/2019 05:17:00 PM,FAILING TO REDUCE SPEED TO AVOID CRASH,NOT APPLICABLE,2420,W,COLUMBUS AVE,835.0,,,,,,,2,NO INDICATION OF INJURY,0.0,0.0,0.0,0.0,0.0,3.0,0.0,17,4,5,41.7588560408,-87.6839078103,POINT (-87.683907810334 41.758856040833)
20ecf95b9973b64a23b5c2c48460ae9754385bce43f5190d018bb42ba4402d0f673c45f526822134c306f063f36cc3ed723e2d7524593f92c4f0a87268a9c042,,08/27/2021 07:10:00 PM,30,UNKNOWN,UNKNOWN,UNKNOWN,UNKNOWN,PARKED MOTOR VEHICLE,NOT DIVIDED,,STRAIGHT AND LEVEL,UNKNOWN,UNKNOWN,ON SCENE,NO INJURY / DRIVE AWAY,,,Y,$500 OR LESS,08/27/2021 07:50:00 PM,UNABLE TO DETERMINE,UNABLE TO DETERMINE,1811,W,MAYPOLE AVE,1223.0,,,,,,,2,NO INDICATION OF INJURY,0.0,0.0,0.0,0.0,0.0,1.0,0.0,19,6,8,41.8840565458,-87.6723204038,POINT (-87.672320403796 41.884056545775)
082fc8b8355f9921a8b34ef5a4c008b14aefb40ed69e60392f427b679177c15edfc8d687cbb7a76e5d5581950c521382148600b5dee64f4d45dac644e776243e,,04/11/2018 10:15:00 AM,30,TRAFFIC SIGNAL,FUNCTIONING PROPERLY,CLEAR,"DARKNESS, LIGHTED ROAD",TURNING,DIVIDED - W/MEDIAN BARRIER,4,STRAIGHT AND LEVEL,DRY,NO DEFECTS,ON SCENE,NO INJURY / DRIVE AWAY,Y,,,"OVER $1,500",04/11/2018 10:15:00 AM,IMPROPER OVERTAKING/PASSING,FAILING TO YIELD RIGHT-OF-WAY,400,N,LOWER MICHIGAN AVE,1834.0,,,,,,,2,NO INDICATION OF INJURY,0.0,0.0,0.0,0.0,0.0,3.0,0.0,10,4,4,41.8894037757,-87.6244262679,POINT (-87.624426267883 41.889403775694)
70298477bbfb9b37e22880e534006e95044e6768eef72fa2eb6b4ac1cdc10b86399a284c09dc370de0a4bae4a2607f4c8bb2b02dadbbeb2c3b0c937340ef347a,,06/15/2019 09:00:00 PM,10,NO CONTROLS,NO CONTROLS,RAIN,"DARKNESS, LIGHTED ROAD",PARKED MOTOR VEHICLE,PARKING LOT,,STRAIGHT AND LEVEL,WET,UNKNOWN,NOT ON SCENE (DESK REPORT),NO INJURY / DRIVE AWAY,,,,"OVER $1,500",06/15/2019 09:15:00 PM,UNABLE TO DETERMINE,UNABLE TO DETERMINE,3682,N,ELSTON AVE,1733.0,,,,,,,2,NO INDICATION OF INJURY,0.0,0.0,0.0,0.0,0.0,2.0,0.0,21,7,6,41.9481677288,-87.7113160271,POINT (-87.711316027081 41.94816772877)
ab04ab6b32ba8ad7ff27fe2a4a9797642ba44da1256cfaa76b676a3870e37d02cd418e6140ab0e5d3f70cef2a6dca342a5d179808c34ab4240dd28c6653cc1c3,,03/23/2022 08:30:00 AM,30,NO CONTROLS,NO CONTROLS,RAIN,DAYLIGHT,SIDESWIPE SAME DIRECTION,DIVIDED - W/MEDIAN BARRIER,,STRAIGHT AND LEVEL,WET,NO DEFECTS,NOT ON SCENE (DESK REPORT),NO INJURY / DRIVE AWAY,,,,"OVER $1,500",03/23/2022 09:10:00 AM,UNABLE TO DETERMINE,UNABLE TO DETERMINE,532,W,87TH ST,622.0,,,,,,,2,NO INDICATION OF INJURY,0.0,0.0,0.0,0.0,0.0,2.0,0.0,8,4,3,41.7362784924,-87.6376017772,POINT (-87.637601777249 41.736278492359)
d300b4e41bde7b84080f1d8a814d5beb3fedbd1d4f566f23749877b29668d630513051bf20809f3fce8aa9b70c135ac4b7b8dde458fc24ec090401617ce7e8c1,,07/22/2024 03:10:00 PM,30,NO CONTROLS,NO CONTROLS,CLEAR,DAYLIGHT,SIDESWIPE SAME DIRECTION,DIVIDED - W/MEDIAN BARRIER,,STRAIGHT AND LEVEL,DRY,NO DEFECTS,ON SCENE,NO INJURY / DRIVE AWAY,,,,"OVER $1,500",07/22/2024 03:20:00 PM,UNABLE TO DETERMINE,UNABLE TO DETERMINE,250,W,47TH ST,925.0,,,,,,,2,NO INDICATION OF INJURY,0.0,0.0,0.0,0.0,0.0,2.0,0.0,15,2,7,41.8092022351,-87.63286103,POINT (-87.632861029976 41.809202235112)
a4154df6aa0a4cb3ee0433f4672a71f4dd02f6115827e94bf26f36108caf11c83aba872f89ff0043d880e01a19de2a30908d2f63738642191ccb7d832e525f36,,03/12/2019 07:55:00 AM,30,TRAFFIC SIGNAL,FUNCTIONING PROPERLY,CLEAR,DAYLIGHT,TURNING,CENTER TURN LANE,4,STRAIGHT AND LEVEL,DRY,NO DEFECTS,NOT ON SCENE (DESK REPORT),NO INJURY / DRIVE AWAY,Y,,,"$501 - $1,500",03/12/2019 01:00:00 PM,IMPROPER TURNING/NO SIGNAL,NOT APPLICABLE,111,W,CERMAK RD,131.0,,,,,,,2,NO INDICATION OF INJURY,0.0,0.0,0.0,0.0,0.0,2.0,0.0,7,3,3,41.8527683835,-87.6298418422,POINT (-87.629841842191 41.852768383549)
9882d33b614c504cf329796c357c66b1e616f8c881583bc6b7de181acbc1b6fd446724e311d7877eeb578142b41674ccbe100cb9463a171d85a3555fd35429e5,N,02/05/2019 04:10:00 PM,15,NO CONTROLS,NO CONTROLS,CLEAR,DAYLIGHT,PARKED MOTOR VEHICLE,PARKING LOT,,STRAIGHT AND LEVEL,DRY,NO DEFECTS,ON SCENE,NO INJURY / DRIVE AWAY,,,Y,$500 OR LESS,02/05/2019 04:18:00 PM,UNABLE TO DETERMINE,UNABLE TO DETERMINE,6743,S,OGLESBY AVE,331.0,,,,,,,2,NO INDICATION OF INJURY,0.0,0.0,0.0,0.0,0.0,1.0,0.0,16,3,2,41.7722626766,-87.5681637673,POINT (-87.56816376735 41.772262676599)