CRASH_RECORD_ID,CRASH_DATE_EST_I,CRASH_DATE,POSTED_SPEED_LIMIT,TRAFFIC_CONTROL_DEVICE,DEVICE_CONDITION,WEATHER_CONDITION,LIGHTING_CONDITION,FIRST_CRASH_TYPE,TRAFFICWAY_TYPE,LANE_CNT,ALIGNMENT,ROADWAY_SURFACE_COND,ROAD_DEFECT,REPORT_TYPE,CRASH_TYPE,INTERSECTION_RELATED_I,NOT_RIGHT_OF_WAY_I,HIT_AND_RUN_I,DAMAGE,DATE_POLICE_NOTIFIED,PRIM_CONTRIBUTORY_CAUSE,SEC_CONTRIBUTORY_CAUSE,STREET_NO,STREET_DIRECTION,STREET_NAME,BEAT_OF_OCCURRENCE,PHOTOS_TAKEN_I,STATEMENTS_TAKEN_I,DOORING_I,WORK_ZONE_I,WORK_ZONE_TYPE,WORKERS_PRESENT_I,NUM_UNITS,MOST_SEVERE_INJURY,INJURIES_TOTAL,INJURIES_FATAL,INJURIES_INCAPACITATING,INJURIES_NON_INCAPACITATING,INJURIES_REPORTED_NOT_EVIDENT,INJURIES_NO_INDICATION,INJURIES_UNKNOWN,CRASH_HOUR,CRASH_DAY_OF_WEEK,CRASH_MONTH,LATITUDE,LONGITUDE,LOCATION
17f4ce19dbcccc8d55ca17553dc74a0daed506ada8796e63fe3eb01f5ce4d850c2a7fcc844e69c6758b7fdb36aeaa7d2610798df1530c231f7f798182c728ba4,,09/29/2023 09:00:00 AM,30,TRAFFIC SIGNAL,UNKNOWN,UNKNOWN,DAYLIGHT,REAR END,NOT DIVIDED,,STRAIGHT AND LEVEL,UNKNOWN,UNKNOWN,NOT ON SCENE (DESK REPORT),NO INJURY / DRIVE AWAY,,,N,"$501 - $1,500",09/29/2023 09:25:00 AM,UNABLE TO DETERMINE,UNABLE TO DETERMINE,4798,W,MARQUETTE RD,833.0,,,,,,,2,NO INDICATION OF INJURY,0.0,0.0,0.0,0.0,0.0,4.0,0.0,9,6,9,41.7712394955,-87.7419980162,POINT (-87.741998016158 41.771239495484)
e8210dd93a4a141a0a8b2fac2de8be36e8ea63dc7a579781c80007e0be88ab4841906379fb83549a2e058497dc5a52da38204eda9426e84154f3af52fb392021,,09/04/2025 10:52:00 AM,30,STOP SIGN/FLASHER,FUNCTIONING PROPERLY,CLEAR,DAYLIGHT,TURNING,FOUR WAY,,STRAIGHT AND LEVEL,DRY,NO DEFECTS,NOT ON SCENE (DESK REPORT),NO INJURY / DRIVE AWAY,Y,,,"OVER $1,500",09/04/2025 11:10:00 AM,FAILING TO REDUCE SPEED TO AVOID CRASH,IMPROPER TURNING/NO SIGNAL,222,W,NORTH AVE,1814.0,,,,,,,2,NO INDICATION OF INJURY,0.0,0.0,0.0,0.0,0.0,2.0,0.0,10,5,9,41.9112638962,-87.6356539954,POINT (-87.63565399535 41.911263896198)
502d20a38f0025c7e3b4ce40ac84f32023dc5c18a88fe4997ef3c9d7bd65e9773ce3b2f53f04cd58e07c6109b5bf0341fcb73157ba96a6e7b49e6587fde0b40f,,06/21/2017 01:43:00 PM,30,TRAFFIC SIGNAL,FUNCTIONING PROPERLY,CLEAR,DAYLIGHT,ANGLE,NOT DIVIDED,2,STRAIGHT AND LEVEL,DRY,NO DEFECTS,ON SCENE,INJURY AND / OR TOW DUE TO CRASH,Y,,,"OVER $1,500",06/21/2017 01:44:00 PM,DISREGARDING TRAFFIC SIGNALS,EXCEEDING AUTHORIZED SPEED LIMIT,5500,S,RACINE AVE,713.0,,Y,,,,,2,NONINCAPACITATING INJURY,2.0,0.0,0.0,1.0,1.0,2.0,0.0,13,4,6,41.7937276923,-87.6550099829,POINT (-87.655009982896 41.793727692254)
0d4854a2f2f9268ffa06c05da7c8f9c9533b59146617c6234e811f530f175d3d6197aa95ca80f4b15b6ea8dc5b9aeea1f8a10ded78b14fa64ed9272d0bf82356,,03/19/2025 05:03:00 PM,30,NO CONTROLS,NO CONTROLS,RAIN,DAYLIGHT,TURNING,NOT DIVIDED,,STRAIGHT AND LEVEL,WET,NO DEFECTS,NOT ON SCENE (DESK REPORT),NO INJURY / DRIVE AWAY,,,,"OVER $1,500",03/19/2025 06:56:00 PM,NOT APPLICABLE,NOT APPLICABLE,7000,S,WESTERN AVE,832.0,,,,,,,2,NO INDICATION OF INJURY,0.0,0.0,0.0,0.0,0.0,2.0,0.0,17,4,3,41.7664234931,-87.6834375585,POINT (-87.683437558517 41.766423493079)
8d0f89aaeb523a9377ba75824560e4d1391c89c6fb130a16ce443a96002357ece32bdf2d69d23d5cb99eb0ec8c481cd718c01bab31426b4ff77fc3cd48ce53d0,,07/03/2021 06:40:00 AM,30,NO CONTROLS,NO CONTROLS,CLEAR,DAYLIGHT,PARKED MOTOR VEHICLE,DIVIDED - W/MEDIAN (NOT RAISED),,STRAIGHT AND LEVEL,DRY,NO DEFECTS,ON SCENE,INJURY AND / OR TOW DUE TO CRASH,,,,"OVER $1,500",07/03/2021 06:45:00 AM,PHYSICAL CONDITION OF DRIVER,IMPROPER LANE USAGE,10540,S,WESTERN AVE,2211.0,,,,,,,2,NO INDICATION OF INJURY,0.0,0.0,0.0,0.0,0.0,1.0,0.0,6,7,7,41.7015052147,-87.6816127025,POINT (-87.681612702508 41.701505214696)
27fb486c4e55e1eb9f54ec1f0ab349e9e14ff96e662bc25b9260d44e419ad5710d3a19791210828731b019bc15531b2b9a8400c7b56c8bf85501da7502c78898,,10/02/2023 10:45:00 PM,30,UNKNOWN,UNKNOWN,CLEAR,"DARKNESS, LIGHTED ROAD",TURNING,RAMP,,STRAIGHT AND LEVEL,DRY,NO DEFECTS,NOT ON SCENE (DESK REPORT),NO INJURY / DRIVE AWAY,N,,,"OVER $1,500",10/02/2023 10:45:00 PM,IMPROPER LANE USAGE,NOT APPLICABLE,15,W,71ST ST,731.0,,,,,,,2,NO INDICATION OF INJURY,0.0,0.0,0.0,0.0,0.0,2.0,0.0,22,2,10,41.7653392958,-87.6255346761,POINT (-87.625534676109 41.765339295817)
572d2ee4bdffdd0cad32ced70bfd613d302ad73094ec0789b8425504c73f146e401d0d5ac4866e04bdf5511ea34e9b87b2b86a6a1baa1d50e2760d765facdb96,,09/29/2017 09:30:00 AM,30,NO CONTROLS,NO CONTROLS,CLEAR,DAYLIGHT,SIDESWIPE SAME DIRECTION,DIVIDED - W/MEDIAN (NOT RAISED),4,STRAIGHT AND LEVEL,DRY,NO DEFECTS,ON SCENE,NO INJURY / DRIVE AWAY,,,,"OVER $1,500",09/29/2017 09:45:00 AM,FAILING TO YIELD RIGHT-OF-WAY,UNABLE TO DETERMINE,4848,W,NORTH AVE,2533.0,,,,,,,2,NO INDICATION OF INJURY,0.0,0.0,0.0,0.0,0.0,2.0,0.0,9,6,9,41.9097131042,-87.7478250177,POINT (-87.747825017713 41.909713104192)
d6122870966ff1b248b5c3bdae6e098ad0cbb12bcd4a2172fab0d42f2af75b5b90fb3a5e1b9c98c2b39ad3fe7e170ad42ab3c38b62c23b1d95e3ebcee80dbd84,,03/23/2025 11:30:00 AM,30,NO CONTROLS,NO CONTROLS,UNKNOWN,DAYLIGHT,PARKED MOTOR VEHICLE,UNKNOWN,,STRAIGHT AND LEVEL,UNKNOWN,UNKNOWN,NOT ON SCENE (DESK REPORT),NO INJURY / DRIVE AWAY,,,,$500 OR LESS,03/23/2025 02:30:00 PM,UNABLE TO DETERMINE,NOT APPLICABLE,10119,S,PAXTON AVE,431.0,,,,,,,2,NO INDICATION OF INJURY,0.0,0.0,0.0,0.0,0.0,1.0,0.0,11,1,3,41.7110754599,-87.5692461425,POINT (-87.569246142541 41.711075459883)
43f4c33cf01e7621557f12357c1224365965b163863970b8c7f73bf907512cc8c5ad13a286b49cf871b96a75004d5417e57ba397a18953d0069dff1c862e0132,,01/13/2021 02:45:00 PM,30,STOP SIGN/FLASHER,FUNCTIONING PROPERLY,CLOUDY/OVERCAST,DAYLIGHT,REAR END,NOT DIVIDED,,STRAIGHT AND LEVEL,DRY,NO DEFECTS,NOT ON SCENE (DESK REPORT),NO INJURY / DRIVE AWAY,,,,"OVER $1,500",01/13/2021 05:40:00 PM,FOLLOWING TOO CLOSELY,DRIVING SKILLS/KNOWLEDGE/EXPERIENCE,4225,S,HALSTED ST,925.0,,,,,,,2,NO INDICATION OF INJURY,0.0,0.0,0.0,0.0,0.0,2.0,0.0,14,4,1,41.8167875976,-87.6455969536,POINT (-87.645596953575 41.816787597624)
3c49380a1328a8a8b1d1f3878196c7eb9f7cdbf3192f3718db5173d326ffdb312225780d3cdd8dd583e3ea912bd6295464a059f3592ffe88c5d6a60cff6a7cf2,,06/14/2022 12:05:00 PM,30,NO CONTROLS,NO CONTROLS,CLEAR,DAYLIGHT,REAR END,NOT DIVIDED,,STRAIGHT AND LEVEL,DRY,NO DEFECTS,ON SCENE,NO INJURY / DRIVE AWAY,,,,"$501 - $1,500",06/14/2022 12:08:00 PM,UNABLE TO DETERMINE,UNABLE TO DETERMINE,2301,W,FOSTER AVE,2031.0,,,,,,,2,NO INDICATION OF INJURY,0.0,0.0,0.0,0.0,0.0,2.0,0.0,12,3,6,41.9758163664,-87.6867902892,POINT (-87.686790289184 41.97581636639)
666fcc05f48531e6f6e934101c05ee4f7cec7708811b57f908cfdfe3924d4830918c94722bed78d7da85b348df03701f0746a0c773c017a56730c7e62f1f6a34,,08/04/2020 11:39:00 PM,30,TRAFFIC SIGNAL,FUNCTIONING PROPERLY,CLEAR,"DARKNESS, LIGHTED ROAD",REAR END,NOT DIVIDED,,STRAIGHT AND LEVEL,DRY,NO DEFECTS,NOT ON SCENE (DESK REPORT),NO INJURY / DRIVE AWAY,,,,"$501 - $1,500",08/05/2020 12:01:00 AM,UNABLE TO DETERMINE,UNABLE TO DETERMINE,2350,W,111TH ST,2212.0,,,,,,,2,NO INDICATION OF INJURY,0.0,0.0,0.0,0.0,0.0,2.0,0.0,23,3,8,41.6918855586,-87.6807607569,POINT (-87.680760756862 41.691885558555)
541a47a411f7641e67e2d743847feb4682e51bf4d06fcf0478860bc0fb3f0fcf9947d5dc374c09bbbede51d39e8d0490dabee420f83e173abac411d012b2759c,,06/14/2019 11:00:00 PM,55,UNKNOWN,UNKNOWN,UNKNOWN,DARKNESS,REAR END,DIVIDED - W/MEDIAN BARRIER,,STRAIGHT AND LEVEL,UNKNOWN,UNKNOWN,NOT ON SCENE (DESK REPORT),NO INJURY / DRIVE AWAY,,,,$500 OR LESS,06/15/2019 10:00:00 AM,UNABLE TO DETERMINE,UNABLE TO DETERMINE,400,N,LAKE SHORE DR NB,1834.0,,,,,,,2,NO INDICATION OF INJURY,0.0,0.0,0.0,0.0,0.0,2.0,0.0,23,6,6,41.8896563295,-87.6143595501,POINT (-87.614359550067 41.889656329459)
e8b7d295c451d6b21d7f33cb5b212cc064b00d66540a76d9ec557d25b8b93540c73e6fe26cafbf2c85f606ab300201faa6a5c55f87f05b5468fe390b77c0bc8d,,12/15/2024 03:00:00 PM,30,NO CONTROLS,NO CONTROLS,CLOUDY/OVERCAST,DAYLIGHT,PARKED MOTOR VEHICLE,ONE-WAY,,STRAIGHT AND LEVEL,WET,NO DEFECTS,NOT ON SCENE (DESK REPORT),NO INJURY / DRIVE AWAY,,,Y,"OVER $1,500",12/15/2024 07:30:00 PM,UNABLE TO DETERMINE,NOT APPLICABLE,3306,W,PENSACOLA AVE,1724.0,,,,,,,2,NO INDICATION OF INJURY,0.0,0.0,0.0,0.0,0.0,1.0,0.0,15,1,12,41.9603600195,-87.7110184782,POINT (-87.711018478206 41.960360019461)
736deb275553058d2117f4a769dc528bfee0760dea623f45c465895964e010788ed5190f40230c43007a6a1652f6647f0f9adf7d9c8d3f75a8b70b75f8e60da3,,03/20/2024 02:40:00 PM,35,NO CONTROLS,NO CONTROLS,CLEAR,DAYLIGHT,PEDESTRIAN,DIVIDED - W/MEDIAN BARRIER,,STRAIGHT AND LEVEL,DRY,NO DEFECTS,NOT ON SCENE (DESK REPORT),INJURY AND / OR TOW DUE TO CRASH,Y,,,$500 OR LESS,03/20/2024 02:40:00 PM,UNABLE TO DETERMINE,NOT APPLICABLE,7300,S,EXCHANGE AVE,334.0,,,,,,,2,INCAPACITATING INJURY,1.0,0.0,1.0,0.0,0.0,1.0,0.0,14,4,3,41.762497024,-87.5635561356,POINT (-87.563556135607 41.762497024005)
92840c0bee1e42560a68582c75d1e323cfeedab1ac6e2f19b483e67bf5deb1d55e2c1b4edd52a715c58f11e42623802a6fc0e8a8daa76bfdec695a0f924858d9,,11/14/2017 02:29:00 PM,30,TRAFFIC SIGNAL,FUNCTIONING PROPERLY,CLEAR,DAYLIGHT,REAR END,NOT DIVIDED,2,STRAIGHT AND LEVEL,DRY,NO DEFECTS,ON SCENE,NO INJURY / DRIVE AWAY,Y,,,$500 OR LESS,11/14/2017 02:30:00 PM,UNABLE TO DETERMINE,UNABLE TO DETERMINE,400,W,KINZIE ST,1831.0,,,,,,,2,NO INDICATION OF INJURY,0.0,0.0,0.0,0.0,0.0,2.0,0.0,14,3,11,41.8891932791,-87.638150695,POINT (-87.63815069502 41.889193279096)
baa6c6e24d4260d563f45f07f7d9232d3a283c6c527dea5328f50c0d03f53059f7787a32669e8c34d6e3a5d786df1f20f302c3658ac5931c26c932c10942e720,,07/04/2022 01:55:00 PM,30,TRAFFIC SIGNAL,FUNCTIONING PROPERLY,RAIN,DAYLIGHT,TURNING,NOT DIVIDED,,STRAIGHT AND LEVEL,WET,NO DEFECTS,ON SCENE,INJURY AND / OR TOW DUE TO CRASH,Y,,,"OVER $1,500",07/04/2022 02:57:00 PM,UNABLE TO DETERMINE,NOT APPLICABLE,800,E,86TH ST,632.0,,,,,,,2,INCAPACITATING INJURY,3.0,0.0,2.0,1.0,0.0,0.0,0.0,13,2,7,41.7385731643,-87.604816307,POINT (-87.604816307006 41.738573164295)
db793f08b81f40ee21838df4d0e286d551e003201c1318f6077b3fb1d29dff3a64be1d2ac062fbdf218c10101bb48b8bb7dcc4ab5d4adb9ae408dc0d3352e819,,01/02/2020 12:30:00 PM,30,STOP SIGN/FLASHER,FUNCTIONING PROPERLY,CLEAR,DAYLIGHT,ANGLE,FOUR WAY,,STRAIGHT AND LEVEL,DRY,NO DEFECTS,ON SCENE,INJURY AND / OR TOW DUE TO CRASH,Y,,,"OVER $1,500",01/02/2020 12:40:00 PM,DISREGARDING STOP SIGN,NOT APPLICABLE,3900,W,JACKSON BLVD,1122.0,,N,,,,,2,NO INDICATION OF INJURY,0.0,0.0,0.0,0.0,0.0,2.0,0.0,12,5,1,41.8772264074,-87.7232306793,POINT (-87.723230679316 41.877226407364)
6b47001ff6bcc604b766fe845eb93f31a462d60b25e8c871b630b6f9dcbd9e4085812d6ffe91aabdc95d147ed27ad96a1490bf66975afcdaaea95a6499c2bc5c,Y,12/09/2019 09:00:00 AM,30,STOP SIGN/FLASHER,FUNCTIONING PROPERLY,RAIN,UNKNOWN,PARKED MOTOR VEHICLE,NOT DIVIDED,,STRAIGHT AND LEVEL,WET,NO DEFECTS,ON SCENE,NO INJURY / DRIVE AWAY,,,Y,"OVER $1,500",12/09/2019 11:26:00 AM,UNABLE TO DETERMINE,NOT APPLICABLE,7258,S,COLES AVE,334.0,,,,,,,2,NO INDICATION OF INJURY,0.0,0.0,0.0,0.0,0.0,1.0,0.0,9,2,12,41.7637464667,-87.5624643165,POINT (-87.562464316466 41.763746466741)
e8d281d9b3cff0264666821da35e9af3837addf29179b9a409500c51c2e8f19d4e5a602edcc97d7713a70d9409d77b5dd3b8cf84f4193c55732e75597ca00b74,,04/08/2019 12:55:00 PM,30,NO CONTROLS,NO CONTROLS,CLEAR,DAYLIGHT,REAR END,DIVIDED - W/MEDIAN (NOT RAISED),4,STRAIGHT AND LEVEL,DRY,NO DEFECTS,ON SCENE,NO INJURY / DRIVE AWAY,,,Y,"OVER $1,500",04/08/2019 01:00:00 PM,FOLLOWING TOO CLOSELY,FAILING TO REDUCE SPEED TO AVOID CRASH,11201,S,PULASKI RD,2211.0,,,,,,,2,NO INDICATION OF INJURY,0.0,0.0,0.0,0.0,0.0,2.0,0.0,12,2,4,41.6889785912,-87.7200929612,POINT (-87.720092961159 41.688978591204)
915e7c3fc214ec1f923a905bce12909cc0384b02141e9c5a6c04fc45234e62fb5a8b603441388280b3414a4e56bcd402e8567519117a456afbefd564b7284c00,,03/20/2018 05:23:00 PM,30,TRAFFIC SIGNAL,FUNCTIONING PROPERLY,CLEAR,DAYLIGHT,TURNING,NOT DIVIDED,,STRAIGHT AND LEVEL,DRY,NO DEFECTS,ON SCENE,NO INJURY / DRIVE AWAY,Y,,,"OVER $1,500",03/20/2018 05:30:00 PM,FAILING TO YIELD RIGHT-OF-WAY,UNABLE TO DETERMINE,2400,W,35TH ST,911.0,,,,,,,2,NO INDICATION OF INJURY,0.0,0.0,0.0,0.0,0.0,2.0,0.0,17,3,3,41.8303903161,-87.6850999234,POINT (-87.685099923426 41.830390316125)
4658c41b597e023ad9f4c65039b1ad66d73f9c8426d0c64bfaacebb8ee8c2268fda9771dc41ce931b659522c745531dec4245f58b133e8385c0605c46925fdf1,,03/27/2019 08:11:00 AM,10,NO CONTROLS,NO CONTROLS,CLEAR,DAYLIGHT,PARKED MOTOR VEHICLE,PARKING LOT,,STRAIGHT AND LEVEL,DRY,NO DEFECTS,ON SCENE,NO INJURY / DRIVE AWAY,,,Y,$500 OR LESS,03/27/2019 08:20:00 AM,UNABLE TO DETERMINE,NOT APPLICABLE,6900,S,LAFAYETTE AVE,731.0,,,,,,,2,NO INDICATION OF INJURY,0.0,0.0,0.0,0.0,0.0,5.0,0.0,8,4,3,41.7691553353,-87.6268126763,POINT (-87.626812676272 41.769155335336)
a391f41b9f2bdfcfabd2b759d782338357f69937e14a39f2efd2699b9d855f34b544a59b2d06f7ce24a816f7ccbe141796ad7de161c72a4321d01a70c10d74f0,,06/10/2022 06:55:00 PM,35,TRAFFIC SIGNAL,FUNCTIONING PROPERLY,CLEAR,DAYLIGHT,REAR END,DIVIDED - W/MEDIAN (NOT RAISED),,STRAIGHT AND LEVEL,DRY,NO DEFECTS,ON SCENE,INJURY AND / OR TOW DUE TO CRASH,,,Y,"OVER $1,500",06/10/2022 07:19:00 PM,FOLLOWING TOO CLOSELY,UNABLE TO DETERMINE,4159,S,CICERO AVE,815.0,,,,,,,2,NO INDICATION OF INJURY,0.0,0.0,0.0,0.0,0.0,2.0,0.0,18,6,6,41.8167693609,-87.7432450592,POINT (-87.743245059168 41.816769360882)
c1fd2a41e1d06f50b585d4852f5c4087834e1ec23817be34919d4f404d7e0977211b1fd5a1070adfef322b54faf5c1c18624ce69f295352d398ec216ac430a57,,12/03/2023 01:30:00 AM,35,UNKNOWN,UNKNOWN,UNKNOWN,UNKNOWN,FIXED OBJECT,DIVIDED - W/MEDIAN BARRIER,,STRAIGHT AND LEVEL,UNKNOWN,UNKNOWN,NOT ON SCENE (DESK REPORT),INJURY AND / OR TOW DUE TO CRASH,,,,"$501 - $1,500",12/03/2023 04:20:00 PM,UNABLE TO DETERMINE,UNABLE TO DETERMINE,1999,E,HAYES DR,331.0,,,,,,,1,NO INDICATION OF INJURY,0.0,0.0,0.0,0.0,0.0,1.0,0.0,1,1,12,41.7802386572,-87.5776359087,POINT (-87.577635908711 41.780238657237)
cbac0c3b4c0621eb1a3d02d1a16fd82fb4888718a0cca7c8e67a71a7380d06f44b76579bd02a99b8ee1d4887989cc2f382ff7de6c2365b4f7190816ef6540d4e,,12/06/2023 09:59:00 AM,30,NO CONTROLS,NO CONTROLS,CLEAR,DAYLIGHT,PARKED MOTOR VEHICLE,ONE-WAY,,STRAIGHT AND LEVEL,DRY,NO DEFECTS,ON SCENE,NO INJURY / DRIVE AWAY,,,,$500 OR LESS,12/06/2023 10:10:00 AM,NOT APPLICABLE,NOT APPLICABLE,3419,W,53RD PL,822.0,,,,,,,2,NO INDICATION OF INJURY,0.0,0.0,0.0,0.0,0.0,1.0,0.0,9,4,12,41.7960605869,-87.7093355228,POINT (-87.709335522839 41.796060586884)
78f9ea0571662584d7d651bd2286b620c1bdb7ccf6869657185c5f3133632dcb8cde8f52e3f7677250cd8c931dc9b0ab52696b30a5047bac684f59ea01cbcf8e,,04/30/2022 01:10:00 PM,25,NO CONTROLS,NO CONTROLS,CLEAR,DAYLIGHT,TURNING,FOUR WAY,,STRAIGHT AND LEVEL,DRY,NO DEFECTS,ON SCENE,INJURY AND / OR TOW DUE TO CRASH,Y,,Y,"OVER $1,500",04/30/2022 01:11:00 PM,IMPROPER OVERTAKING/PASSING,"OPERATING VEHICLE IN ERRATIC, RECKLESS, CARELESS, NEGLIGENT OR AGGRESSIVE MANNER",2000,W,99TH ST,2213.0,,,,,,,2,NO INDICATION OF INJURY,0.0,0.0,0.0,0.0,0.0,3.0,0.0,13,7,4,41.7139156198,-87.6722221028,POINT (-87.672222102784 41.713915619797)
c758de6623734313c7dba9bef3a855da9a42fa42e3f5508b7e9f98fd007c7a7c6ed659fd00258ef8ba54b6210082e24ad3e686c54045a98d0664cb1bbc5f74f8,,12/21/2016 06:00:00 PM,20,STOP SIGN/FLASHER,NO CONTROLS,UNKNOWN,"DARKNESS, LIGHTED ROAD",ANGLE,DIVIDED - W/MEDIAN (NOT RAISED),1,STRAIGHT AND LEVEL,UNKNOWN,UNKNOWN,NOT ON SCENE (DESK REPORT),NO INJURY / DRIVE AWAY,Y,,,"OVER $1,500",12/21/2016 06:15:00 PM,FAILING TO YIELD RIGHT-OF-WAY,UNABLE TO DETERMINE,2932,W,ADDISON ST,1733.0,,,,,,,2,NO INDICATION OF INJURY,0.0,0.0,0.0,0.0,0.0,2.0,0.0,18,4,12,41.9467581889,-87.7018497678,POINT (-87.701849767776 41.946758188865)
87a371691a5f6a8417407300c42219475604b1fc6c1047b50fb7052cc58bb4516baa2aa6e57013d1a096231fe008792e98b98cd454335c7e8b48758cfaa0a8f9,,05/23/2017 03:00:00 PM,10,NO CONTROLS,NO CONTROLS,UNKNOWN,UNKNOWN,SIDESWIPE SAME DIRECTION,PARKING LOT,0,STRAIGHT AND LEVEL,UNKNOWN,UNKNOWN,NOT ON SCENE (DESK REPORT),NO INJURY / DRIVE AWAY,,,N,$500 OR LESS,05/23/2017 04:30:00 PM,UNABLE TO DETERMINE,UNABLE TO DETERMINE,10238,S,VINCENNES AVE,2213.0,,,,,,,2,NO INDICATION OF INJURY,0.0,0.0,0.0,0.0,0.0,2.0,0.0,15,3,5,41.7074890012,-87.6559125577,POINT (-87.655912557703 41.70748900121)
35eadc9abcfa9e4234b75c2a47c51da7aa7a359d4c3f0dbb2682fd4400a4379931630deed080bdbf45fc6af0110281a8d6afcd3a8675d399ff5f9b2d59d26162,Y,08/07/2025 03:35:00 AM,30,NO CONTROLS,NO CONTROLS,CLEAR,DARKNESS,PARKED MOTOR VEHICLE,NOT DIVIDED,,STRAIGHT AND LEVEL,DRY,UNKNOWN,NOT ON SCENE (DESK REPORT),NO INJURY / DRIVE AWAY,,,Y,"OVER $1,500",08/07/2025 10:30:00 AM,UNABLE TO DETERMINE,NOT APPLICABLE,5720,W,LAKE ST,1512.0,,,,,,,2,NO INDICATION OF INJURY,0.0,0.0,0.0,0.0,0.0,1.0,0.0,3,5,8,41.8879347827,-87.7684499996,POINT (-87.768449999594 41.887934782683)
795014c3bf0816ba562cf6ddcfa95e424f6f500cd05ee9a60983bf67defa53904bcbdb4cdb9ebd31f681c046e02a74d3141cd6cd3f3a9277b8cc615ce88b6abf,,07/04/2020 07:10:00 PM,25,TRAFFIC SIGNAL,FUNCTIONING PROPERLY,CLEAR,DAYLIGHT,SIDESWIPE OPPOSITE DIRECTION,NOT DIVIDED,,STRAIGHT AND LEVEL,DRY,NO DEFECTS,NOT ON SCENE (DESK REPORT),NO INJURY / DRIVE AWAY,,,Y,"OVER $1,500",07/04/2020 07:20:00 PM,UNABLE TO DETERMINE,UNABLE TO DETERMINE,400,S,SACRAMENTO BLVD,1134.0,,,,,,,2,NO INDICATION OF INJURY,0.0,0.0,0.0,0.0,0.0,2.0,0.0,19,7,7,41.8758939409,-87.7012249646,POINT (-87.701224964612 41.875893940871)
315432585b4685e9679b5d8829d9dc999e9227c18434fa65f54c308a2fe7441bcc71b8ffe96492196d6f089e3bb90c630fd38d0a0ed490c600dce1dfe2851edd,,12/26/2024 10:40:00 PM,30,NO CONTROLS,NO CONTROLS,RAIN,"DARKNESS, LIGHTED ROAD",SIDESWIPE OPPOSITE DIRECTION,NOT DIVIDED,,STRAIGHT AND LEVEL,WET,UNKNOWN,ON SCENE,INJURY AND / OR TOW DUE TO CRASH,,,Y,"OVER $1,500",12/26/2024 10:41:00 PM,NOT APPLICABLE,NOT APPLICABLE,2528,W,70TH ST,832.0,Y,,,,,,2,NO INDICATION OF INJURY,0.0,0.0,0.0,0.0,0.0,2.0,0.0,22,5,12,41.7665691443,-87.6869031832,POINT (-87.686903183212 41.766569144329)
82682d7afc0d089fd89e526d0dee9f2a3e69cc88e6d2e3b25cff2d3f47dc4b7a53890b15bb271b8470684e94c538148bf7ad3eb0e3864b183b78df46656d0046,,06/05/2018 05:54:00 PM,30,OTHER WARNING SIGN,NO CONTROLS,CLEAR,DAYLIGHT,FIXED OBJECT,NOT DIVIDED,2,STRAIGHT AND LEVEL,DRY,NO DEFECTS,ON SCENE,INJURY AND / OR TOW DUE TO CRASH,,,,"OVER $1,500",06/05/2018 05:55:00 PM,DISREGARDING ROAD MARKINGS,DRIVING SKILLS/KNOWLEDGE/EXPERIENCE,620,W,71ST ST,732.0,,,,,,,1,NO INDICATION OF INJURY,0.0,0.0,0.0,0.0,0.0,1.0,0.0,17,3,6,41.7653762204,-87.6404185905,POINT (-87.640418590548 41.765376220427)
491749c09291f484acda746e64da441885140f6a0cc7bb0cef8100271ccb784b8eedbd3b3ffae694a07d52bd6ca12e4584bf6a3a95caa684cb32922e57fb7a63,,05/20/2017 01:35:00 PM,40,TRAFFIC SIGNAL,FUNCTIONING PROPERLY,CLOUDY/OVERCAST,DAYLIGHT,REAR END,DIVIDED - W/MEDIAN BARRIER,8,STRAIGHT AND LEVEL,WET,NO DEFECTS,NOT ON SCENE (DESK REPORT),NO INJURY / DRIVE AWAY,Y,,,"OVER $1,500",05/20/2017 02:10:00 PM,FOLLOWING TOO CLOSELY,NOT APPLICABLE,200,S,LAKE SHORE DR NB,114.0,,,,,,,2,NO INDICATION OF INJURY,0.0,0.0,0.0,0.0,0.0,2.0,0.0,13,7,5,41.8795834575,-87.6176071169,POINT (-87.617607116909 41.879583457474)
2d23b2c50f2b8f0b9bef5c1ff41d556f2bf864a11a0f9f0d709a959b687688f4c3acb81955f780c4e57fca0c9aace0d94b05508c83716298edc5eb265e4a614f,,06/22/2023 12:06:00 PM,30,RAILROAD CROSSING GATE,FUNCTIONING PROPERLY,CLEAR,DAYLIGHT,SIDESWIPE SAME DIRECTION,NOT DIVIDED,,STRAIGHT AND LEVEL,DRY,NO DEFECTS,ON SCENE,INJURY AND / OR TOW DUE TO CRASH,,,,"OVER $1,500",06/22/2023 12:15:00 PM,FAILING TO YIELD RIGHT-OF-WAY,FOLLOWING TOO CLOSELY,6420,N,HARLEM AVE,1611.0,,,,,,,2,NO INDICATION OF INJURY,0.0,0.0,0.0,0.0,0.0,2.0,0.0,12,5,6,41.9976129474,-87.8069404961,POINT (-87.80694049613 41.997612947406)
a3a0d83031d7d0ba40ea0dd27943c6af1614bfb50c6f36e9e1b9f7dc387d4538164ffa975164fd8c18d9e55bdf650c8d50bf9b003c694374f30379a125149424,,02/25/2016 04:40:00 PM,0,NO CONTROLS,NO CONTROLS,CLEAR,DAYLIGHT,ANGLE,DIVIDED - W/MEDIAN (NOT RAISED),2,STRAIGHT AND LEVEL,DRY,OTHER,NOT ON SCENE (DESK REPORT),NO INJURY / DRIVE AWAY,,,,"OVER $1,500",02/26/2016 09:30:00 AM,UNABLE TO DETERMINE,UNABLE TO DETERMINE,645,N,MC CLURG CT,1834.0,,,,,,,2,NO INDICATION OF INJURY,0.0,0.0,0.0,0.0,0.0,6.0,0.0,16,5,2,41.8940665114,-87.6176075137,POINT (-87.617607513688 41.894066511365)