CRASH_RECORD_ID,CRASH_DATE_EST_I,CRASH_DATE,POSTED_SPEED_LIMIT,TRAFFIC_CONTROL_DEVICE,DEVICE_CONDITION,WEATHER_CONDITION,LIGHTING_CONDITION,FIRST_CRASH_TYPE,TRAFFICWAY_TYPE,LANE_CNT,ALIGNMENT,ROADWAY_SURFACE_COND,ROAD_DEFECT,REPORT_TYPE,CRASH_TYPE,INTERSECTION_RELATED_I,NOT_RIGHT_OF_WAY_I,HIT_AND_RUN_I,DAMAGE,DATE_POLICE_NOTIFIED,PRIM_CONTRIBUTORY_CAUSE,SEC_CONTRIBUTORY_CAUSE,STREET_NO,STREET_DIRECTION,STREET_NAME,BEAT_OF_OCCURRENCE,PHOTOS_TAKEN_I,STATEMENTS_TAKEN_I,DOORING_I,WORK_ZONE_I,WORK_ZONE_TYPE,WORKERS_PRESENT_I,NUM_UNITS,MOST_SEVERE_INJURY,INJURIES_TOTAL,INJURIES_FATAL,INJURIES_INCAPACITATING,INJURIES_NON_INCAPACITATING,INJURIES_REPORTED_NOT_EVIDENT,INJURIES_NO_INDICATION,INJURIES_UNKNOWN,CRASH_HOUR,CRASH_DAY_OF_WEEK,CRASH_MONTH,LATITUDE,LONGITUDE,LOCATION
ea0b351dc1269d057737a96a502123c067612e539523b0b70752aa910399aff7ceee0f9c52f272a5643a29e9c53a3ca3566c6de5467043bc47273d4dea0eb9f0,,05/29/2023 12:05:00 AM,30,NO CONTROLS,NO CONTROLS,CLEAR,"DARKNESS, LIGHTED ROAD",PARKED MOTOR VEHICLE,NOT DIVIDED,,STRAIGHT AND LEVEL,DRY,NO DEFECTS,ON SCENE,INJURY AND / OR TOW DUE TO CRASH,,,N,"OVER $1,500",05/29/2023 12:12:00 AM,UNABLE TO DETERMINE,NOT APPLICABLE,5610,S,COTTAGE GROVE AVE,233.0,,,,,,,4,NONINCAPACITATING INJURY,1.0,0.0,0.0,1.0,0.0,0.0,0.0,0,2,5,41.792777855,-87.6063293775,POINT (-87.606329377518 41.792777855022)
0a063e507f5858df77b74c8ce42ab3a5255b8ad52d6e6bde1cb801a604eaa7ef930af57f64e42546160af6f5e8fb30e114d679249c0fb68c90390373c06a31cb,,09/26/2020 12:00:00 AM,5,NO CONTROLS,NO CONTROLS,CLEAR,UNKNOWN,REAR TO FRONT,PARKING LOT,,STRAIGHT AND LEVEL,UNKNOWN,UNKNOWN,,NO INJURY / DRIVE AWAY,,Y,,"OVER $1,500",09/26/2020 12:03:00 AM,IMPROPER BACKING,NOT APPLICABLE,5200,S,COTTAGE GROVE AVE,233.0,,,,,,,2,NO INDICATION OF INJURY,0.0,0.0,0.0,0.0,0.0,3.0,0.0,0,7,9,41.8003414792,-87.6064981445,POINT (-87.606498144493 41.800341479197)
59c113562b89e17565188fa2b0e968a0932624fb56a833da36f5068927266d9cfac826880e9e3ad7cbfb4acd3b9f56474a1f33b5f1b76adbc1ef8adecd90490b,,08/21/2024 08:05:00 AM,30,NO CONTROLS,NO CONTROLS,OTHER,DAYLIGHT,FIXED OBJECT,ONE-WAY,,STRAIGHT AND LEVEL,WET,UNKNOWN,ON SCENE,INJURY AND / OR TOW DUE TO CRASH,,N,,"OVER $1,500",08/21/2024 08:27:00 AM,UNABLE TO DETERMINE,NOT APPLICABLE,818,S,CICERO AVE,1533.0,,,,,,,1,NONINCAPACITATING INJURY,1.0,0.0,0.0,1.0,0.0,0.0,0.0,8,4,8,41.8697369512,-87.7450226977,POINT (-87.745022697676 41.869736951221)
9f94b4ddfdd38d2f6ba86c78599ae2e3bef2c58bbe7a612865760d7c1a815082c7d6f680076017505f2232bb09aa3d48030989d71f0da1597eb3f6b780b20d82,,01/05/2018 01:30:00 PM,30,NO CONTROLS,NO CONTROLS,CLEAR,DAYLIGHT,PARKED MOTOR VEHICLE,DIVIDED - W/MEDIAN BARRIER,,STRAIGHT AND LEVEL,UNKNOWN,UNKNOWN,NOT ON SCENE (DESK REPORT),NO INJURY / DRIVE AWAY,,,Y,"OVER $1,500",01/05/2018 02:30:00 PM,UNABLE TO DETERMINE,UNABLE TO DETERMINE,4844,S,ASHLAND AVE,931.0,,,,,,,2,NO INDICATION OF INJURY,0.0,0.0,0.0,0.0,0.0,4.0,0.0,13,6,1,41.8054474456,-87.6650316868,POINT (-87.665031686798 41.805447445608)
07cc404ba9fe16b1df04a7aa24a4f0f7a78e724dda35deb661fbdab007b62a7413c5bbf1d7e4e9c33c426e9e09091538cff9a5d1ee837d9b07253dfd45e7d72e,,02/14/2021 08:45:00 AM,30,TRAFFIC SIGNAL,FUNCTIONING PROPERLY,CLEAR,DAYLIGHT,ANGLE,FOUR WAY,,STRAIGHT AND LEVEL,WET,NO DEFECTS,ON SCENE,INJURY AND / OR TOW DUE TO CRASH,Y,,,"OVER $1,500",02/14/2021 08:59:00 AM,FAILING TO YIELD RIGHT-OF-WAY,NOT APPLICABLE,300,W,WASHINGTON ST,122.0,,,,,,,2,NO INDICATION OF INJURY,0.0,0.0,0.0,0.0,0.0,4.0,0.0,8,1,2,41.8833149123,-87.6354160364,POINT (-87.635416036381 41.883314912259)
756184d601b57d1df37571578604a6267cce389d02a5d0f714ecff4a507d36718fafb3a93f6a6ab2f20e3dd40e3c6ab75d4093d5fe396f2e5ab001c13193151e,,12/28/2017 04:00:00 PM,30,STOP SIGN/FLASHER,OTHER,SNOW,DAYLIGHT,ANGLE,NOT DIVIDED,,STRAIGHT AND LEVEL,SNOW OR SLUSH,NO DEFECTS,NOT ON SCENE (DESK REPORT),NO INJURY / DRIVE AWAY,,,,"$501 - $1,500",12/29/2017 10:13:00 AM,FAILING TO YIELD RIGHT-OF-WAY,FAILING TO REDUCE SPEED TO AVOID CRASH,8900,S,WINCHESTER AVE,2221.0,,,,,,,2,NO INDICATION OF INJURY,0.0,0.0,0.0,0.0,0.0,2.0,0.0,16,5,12,41.7318038916,-87.6682240873,POINT (-87.668224087319 41.73180389163)
1e091a06701c8ad54efda6834c2de228bea9ad2d81c96a41c89081f1225a79aed76cf0d173e95419fe1108c17c964a470bdfb72f6d6752eb1c9caad097b01c93,,05/19/2016 06:00:00 PM,30,NO CONTROLS,NO CONTROLS,CLEAR,DAYLIGHT,SIDESWIPE SAME DIRECTION,NOT DIVIDED,4,STRAIGHT AND LEVEL,DRY,NO DEFECTS,NOT ON SCENE (DESK REPORT),NO INJURY / DRIVE AWAY,,,,"OVER $1,500",05/19/2016 06:40:00 PM,IMPROPER LANE USAGE,UNABLE TO DETERMINE,55,E,CONGRESS PKWY,123.0,,,,,,,2,NO INDICATION OF INJURY,0.0,0.0,0.0,0.0,0.0,2.0,0.0,18,5,5,41.875586728,-87.6255195182,POINT (-87.625519518153 41.875586728012)
c127ba6e6aabd5ee60d193c9c4b43b101b8874c664db6d3a9330c147e24c3c22c912b5cad0f1280acdf385420d12e6fec7cfac441a3fe435bba1ccfd1f3af536,,05/01/2025 09:35:00 PM,30,TRAFFIC SIGNAL,FUNCTIONING PROPERLY,CLEAR,"DARKNESS, LIGHTED ROAD",TURNING,FOUR WAY,,STRAIGHT AND LEVEL,UNKNOWN,UNKNOWN,NOT ON SCENE (DESK REPORT),NO INJURY / DRIVE AWAY,Y,,Y,"OVER $1,500",05/01/2025 10:40:00 PM,FAILING TO YIELD RIGHT-OF-WAY,UNABLE TO DETERMINE,3202,W,FULLERTON AVE,1413.0,,,,,,,2,NO INDICATION OF INJURY,0.0,0.0,0.0,0.0,0.0,2.0,0.0,21,5,5,41.9248226169,-87.7077214294,POINT (-87.707721429368 41.924822616947)
fa1af65d6d115cb53dd64add921df014e8dd03835467276300564350224de52d61fc731f7e6ea66001062b27ddd4917149c32057e17395e525fbe821cbd316bd,,03/31/2023 08:30:00 AM,30,STOP SIGN/FLASHER,FUNCTIONING PROPERLY,CLEAR,DAYLIGHT,TURNING,DIVIDED - W/MEDIAN (NOT RAISED),,STRAIGHT AND LEVEL,DRY,NO DEFECTS,NOT ON SCENE (DESK REPORT),NO INJURY / DRIVE AWAY,Y,,,"$501 - $1,500",04/07/2023 04:00:00 PM,FOLLOWING TOO CLOSELY,IMPROPER TURNING/NO SIGNAL,11000,S,ASHLAND AVE,2234.0,,,,,,,2,NO INDICATION OF INJURY,0.0,0.0,0.0,0.0,0.0,2.0,0.0,8,6,3,41.6938617272,-87.662039609,POINT (-87.662039609013 41.693861727188)
459d4bff8b00a1d01820e3c56d48abff5d96ce81ea842becc962895aaadb659f200c71a8c752ef3a77fa268287c061711ede98346e3fbac0ce024f0702b94a27,,03/31/2025 04:30:00 PM,30,NO CONTROLS,NO CONTROLS,CLEAR,DAYLIGHT,TURNING,NOT DIVIDED,,STRAIGHT AND LEVEL,DRY,NO DEFECTS,NOT ON SCENE (DESK REPORT),NO INJURY / DRIVE AWAY,,,,"OVER $1,500",03/31/2025 05:30:00 PM,UNABLE TO DETERMINE,UNABLE TO DETERMINE,4216,N,ASHLAND AVE,1912.0,,,,,,,2,NO INDICATION OF INJURY,0.0,0.0,0.0,0.0,0.0,2.0,0.0,16,2,3,41.9584899871,-87.6693146216,POINT (-87.66931462156 41.958489987139)
c7c64d325830fd0d7cd7fa63e0bbbf199cf1cafde99b2385185cf9998061cfb128f81e482b40d4011e4090337ae219d63ca4345ad3321a706531bb5f1af637c5,,02/18/2022 02:15:00 AM,30,NO CONTROLS,NO CONTROLS,CLEAR,"DARKNESS, LIGHTED ROAD",PARKED MOTOR VEHICLE,DIVIDED - W/MEDIAN (NOT RAISED),,STRAIGHT AND LEVEL,SNOW OR SLUSH,NO DEFECTS,ON SCENE,INJURY AND / OR TOW DUE TO CRASH,,,,"OVER $1,500",02/18/2022 02:17:00 AM,UNABLE TO DETERMINE,NOT APPLICABLE,4101,N,KEDZIE AVE,1724.0,,,,,,,3,NO INDICATION OF INJURY,0.0,0.0,0.0,0.0,0.0,2.0,0.0,2,6,2,41.9557858466,-87.7079227106,POINT (-87.707922710588 41.955785846603)
ce1d66b957c8511ee10bd91eb5175d5ef2bf7df4e8ac5d0994a7c4ba992eb393879861dc9a3fcd546bdcdad8e728ec45abe627dccccd49ba29df86086e459673,,09/29/2024 12:37:00 AM,30,NO CONTROLS,NO CONTROLS,UNKNOWN,"DARKNESS, LIGHTED ROAD",OVERTURNED,NOT DIVIDED,,STRAIGHT AND LEVEL,DRY,NO DEFECTS,ON SCENE,INJURY AND / OR TOW DUE TO CRASH,,,,"OVER $1,500",09/29/2024 12:38:00 AM,UNABLE TO DETERMINE,NOT APPLICABLE,4100,S,CICERO AVE,814.0,,,,,,,1,NO INDICATION OF INJURY,0.0,0.0,0.0,0.0,0.0,1.0,0.0,0,1,9,41.8181780969,-87.7436118562,POINT (-87.743611856242 41.818178096923)
c4283b926c745a7797c279566c524f844be7ef06b10e2b1b4de6b87487c772b75a5209c30a12542373f078467054031e9fbfbe7941b48f08ae428f3d253d11cb,,07/08/2019 07:10:00 AM,30,NO CONTROLS,NO CONTROLS,CLEAR,DAYLIGHT,TURNING,NOT DIVIDED,,STRAIGHT AND LEVEL,DRY,NO DEFECTS,NOT ON SCENE (DESK REPORT),NO INJURY / DRIVE AWAY,,,Y,$500 OR LESS,07/08/2019 07:49:00 AM,UNABLE TO DETERMINE,UNABLE TO DETERMINE,3832,S,PULASKI RD,815.0,,,,,,,2,NO INDICATION OF INJURY,0.0,0.0,0.0,0.0,0.0,2.0,0.0,7,2,7,41.8232811808,-87.7242037824,POINT (-87.724203782428 41.823281180829)
ef2c7ec0c878558524a5e06dc8e9d592633be57955ef2fccd1fb7fc45c096198e9bf3ce7dca67eacc76ea5111e60f35f3bd12989cca35c37898343e8474929a6,,04/05/2021 02:00:00 PM,30,NO CONTROLS,NO CONTROLS,CLEAR,DAYLIGHT,PARKED MOTOR VEHICLE,PARKING LOT,,STRAIGHT AND LEVEL,DRY,UNKNOWN,NOT ON SCENE (DESK REPORT),NO INJURY / DRIVE AWAY,,,Y,"$501 - $1,500",04/05/2021 02:57:00 PM,UNABLE TO DETERMINE,NOT APPLICABLE,8510,S,COTTAGE GROVE AVE,632.0,,,,,,,2,NO INDICATION OF INJURY,0.0,0.0,0.0,0.0,0.0,1.0,0.0,14,2,4,41.7399059536,-87.6050618444,POINT (-87.605061844387 41.739905953574)
d7aa66f30c543625fb0c1caf7a4fc609a3052a8a387b063e018c07579b8383bb23539a7a1d7d20af8d582ff53f65c1e8332714d96adf80f30d69deb93b5d256a,,11/20/2020 10:15:00 PM,35,STOP SIGN/FLASHER,FUNCTIONING PROPERLY,CLEAR,"DARKNESS, LIGHTED ROAD",ANGLE,FOUR WAY,,STRAIGHT AND LEVEL,DRY,NO DEFECTS,NOT ON SCENE (DESK REPORT),NO INJURY / DRIVE AWAY,Y,,Y,"OVER $1,500",11/20/2020 11:15:00 PM,UNABLE TO DETERMINE,NOT APPLICABLE,7600,S,KINGSTON AVE,421.0,,,,,,,2,NO INDICATION OF INJURY,0.0,0.0,0.0,0.0,0.0,2.0,0.0,22,6,11,41.7571263683,-87.5628449231,POINT (-87.562844923082 41.757126368344)
4816a1ef321ccb3f56f4b0966775bfa6e95f00073f03142a085777f5d2d1386d9f599383c26072abc1d478e3cf22ec9e96889b30a2c34afae75e12e12826819a,Y,10/26/2022 09:30:00 PM,25,NO CONTROLS,NO CONTROLS,CLEAR,"DARKNESS, LIGHTED ROAD",PARKED MOTOR VEHICLE,NOT DIVIDED,,STRAIGHT AND LEVEL,DRY,NO DEFECTS,NOT ON SCENE (DESK REPORT),NO INJURY / DRIVE AWAY,,,Y,"OVER $1,500",10/27/2022 12:00:00 PM,UNABLE TO DETERMINE,NOT APPLICABLE,1130,W,OHIO ST,1214.0,,,,,,,2,NO INDICATION OF INJURY,0.0,0.0,0.0,0.0,0.0,1.0,0.0,21,4,10,41.8923011155,-87.6558041897,POINT (-87.655804189715 41.892301115535)
5b3e1e7109857dd9b142eaf916c21792b88daf79c9736b67e933dc0463ce637874746b08edb378feb14668b0da472f19e91e9e3f1c42d233d7aed15afa56c67c,,09/20/2021 10:34:00 AM,25,TRAFFIC SIGNAL,FUNCTIONING IMPROPERLY,CLEAR,DAYLIGHT,REAR END,NOT DIVIDED,,STRAIGHT AND LEVEL,DRY,NO DEFECTS,NOT ON SCENE (DESK REPORT),NO INJURY / DRIVE AWAY,,,,"$501 - $1,500",09/20/2021 10:46:00 AM,UNABLE TO DETERMINE,UNABLE TO DETERMINE,359,E,115TH ST,532.0,,,,,,,2,NO INDICATION OF INJURY,0.0,0.0,0.0,0.0,0.0,2.0,0.0,10,2,9,41.6853159939,-87.6132107719,POINT (-87.613210771896 41.685315993874)
0f3afa36e2713bdc4e24c1235fc09ddc6d18d31e1f501714dcfe5762ee90123b46a5fee2ca7088e77a3b23be3b9ac4295735b3cf176a0985afb1af9d150d7fbd,,08/20/2021 03:30:00 PM,30,NO CONTROLS,NO CONTROLS,CLEAR,DAYLIGHT,REAR END,NOT DIVIDED,,STRAIGHT AND LEVEL,DRY,NO DEFECTS,ON SCENE,NO INJURY / DRIVE AWAY,,,,"OVER $1,500",08/20/2021 03:35:00 PM,FOLLOWING TOO CLOSELY,NOT APPLICABLE,5616,N,CUMBERLAND AVE,1614.0,,,,,,,2,NO INDICATION OF INJURY,0.0,0.0,0.0,0.0,0.0,2.0,0.0,15,6,8,41.9814536124,-87.836728528,POINT (-87.836728527987 41.981453612429)
93dd71d82a0ca25d1cfa715d6029fe9c631feb9b8f9750a0eefc0813c2476a031d77fbed636e0558b05b608de8774db9bee8009b16cc338d4d14a2cbbdde5010,,09/28/2019 01:43:00 AM,30,NO CONTROLS,NO CONTROLS,RAIN,"DARKNESS, LIGHTED ROAD",SIDESWIPE SAME DIRECTION,NOT DIVIDED,,STRAIGHT AND LEVEL,WET,NO DEFECTS,ON SCENE,NO INJURY / DRIVE AWAY,,,,"$501 - $1,500",09/28/2019 01:46:00 AM,DRIVING SKILLS/KNOWLEDGE/EXPERIENCE,UNDER THE INFLUENCE OF ALCOHOL/DRUGS (USE WHEN ARREST IS EFFECTED),724,W,MAXWELL ST,1232.0,Y,,,,,,2,NO INDICATION OF INJURY,0.0,0.0,0.0,0.0,0.0,3.0,0.0,1,7,9,41.8649038259,-87.6460589903,POINT (-87.646058990283 41.864903825932)
f13c95a1bbb090149683b747f7a5562fc0ae8ce83485441d3e828dc4a94ea7b598c9e493656386064d18265b795eba90f03f0fa1504d6bd595e338ef96775b94,,03/24/2016 08:00:00 AM,30,STOP SIGN/FLASHER,FUNCTIONING PROPERLY,RAIN,DAYLIGHT,TURNING,NOT DIVIDED,4,STRAIGHT AND LEVEL,WET,UNKNOWN,NOT ON SCENE (DESK REPORT),NO INJURY / DRIVE AWAY,Y,,,"OVER $1,500",03/24/2016 08:25:00 AM,"VISION OBSCURED (SIGNS, TREE LIMBS, BUILDINGS, ETC.)",UNABLE TO DETERMINE,2100,W,NORTH AVE,1434.0,,,,,,,2,NO INDICATION OF INJURY,0.0,0.0,0.0,0.0,0.0,2.0,0.0,8,5,3,41.9105469808,-87.6801080616,POINT (-87.6801080616 41.910546980784)
ca59db64f95d0274898a61092623a3e1014171deedcddd0119dda1829541c63e7b2a663de842bd12334e1855e3d8396a4db497a8136c13330c8ade78a10f3618,,07/22/2017 10:30:00 AM,30,NO CONTROLS,NO CONTROLS,CLEAR,DAYLIGHT,PARKED MOTOR VEHICLE,PARKING LOT,,STRAIGHT AND LEVEL,UNKNOWN,UNKNOWN,NOT ON SCENE (DESK REPORT),NO INJURY / DRIVE AWAY,,Y,,"$501 - $1,500",07/22/2017 01:47:00 PM,UNABLE TO DETERMINE,NOT APPLICABLE,5220,S,PULASKI RD,815.0,,,,,,,2,NO INDICATION OF INJURY,0.0,0.0,0.0,0.0,0.0,2.0,0.0,10,7,7,41.79799187,-87.7234437408,POINT (-87.723443740796 41.797991869962)
8de593abe8d24cdc8bc8ff9b8739e77218d22ce214d2efad8f2114c6b97fb1dae80bc23bee37090098e52b7783bcb196edbb8c090df61f1f3660e099e8a0dcff,,02/02/2020 10:59:00 PM,30,TRAFFIC SIGNAL,FUNCTIONING PROPERLY,CLEAR,"DARKNESS, LIGHTED ROAD",REAR END,ONE-WAY,,STRAIGHT AND LEVEL,DRY,UNKNOWN,,INJURY AND / OR TOW DUE TO CRASH,,,,"OVER $1,500",02/02/2020 11:28:00 PM,UNABLE TO DETERMINE,UNDER THE INFLUENCE OF ALCOHOL/DRUGS (USE WHEN ARREST IS EFFECTED),8501,S,HALSTED ST,622.0,,,,,,,2,NONINCAPACITATING INJURY,1.0,0.0,0.0,1.0,0.0,2.0,0.0,22,1,2,41.7396650407,-87.6435778749,POINT (-87.643577874916 41.739665040705)
cd5ac9f49af3a3a15ed45323022d50fb6ebc3098b116dcb220085bd35391834e9a5e6794591fe254eb926174857b82dd70b03c9d9b4ec10a82318d11f72f6abc,,11/06/2022 10:55:00 PM,30,NO CONTROLS,NO CONTROLS,CLEAR,"DARKNESS, LIGHTED ROAD",REAR END,FOUR WAY,,STRAIGHT AND LEVEL,DRY,NO DEFECTS,NOT ON SCENE (DESK REPORT),NO INJURY / DRIVE AWAY,,,Y,"OVER $1,500",11/06/2022 11:15:00 PM,UNABLE TO DETERMINE,NOT APPLICABLE,8002,S,KEDZIE AVE,834.0,,,,,,,2,NO INDICATION OF INJURY,0.0,0.0,0.0,0.0,0.0,2.0,0.0,22,1,11,41.7478699687,-87.7024868543,POINT (-87.702486854316 41.747869968653)
3041ebb845ffb5453d93ccbc9dc086f347f55ab08dc5afda48abd95cd81e2404b7526e1bfd013b3dff36ccd97bb578685db3364e74cdc84fcfb31ad791634e97,,08/11/2023 02:00:00 PM,30,NO CONTROLS,NO CONTROLS,CLEAR,DAYLIGHT,SIDESWIPE OPPOSITE DIRECTION,NOT DIVIDED,,STRAIGHT AND LEVEL,DRY,NO DEFECTS,NOT ON SCENE (DESK REPORT),NO INJURY / DRIVE AWAY,,,N,$500 OR LESS,08/11/2023 03:30:00 PM,IMPROPER OVERTAKING/PASSING,NOT APPLICABLE,7012,N,SACRAMENTO AVE,2411.0,,,,,,,2,NO INDICATION OF INJURY,0.0,0.0,0.0,0.0,0.0,2.0,0.0,14,6,8,42.008752759,-87.7046662114,POINT (-87.704666211426 42.008752758964)
95144f4cc02c564d539e1e179af11312a865daa4eacc8cf49c8110137ebaf887ef6ef14a09777597d58204f885a08927a67b4c4592b6a71b39496a3e988bde99,,02/12/2025 08:30:00 AM,25,NO CONTROLS,NO CONTROLS,CLEAR,DAYLIGHT,TURNING,NOT DIVIDED,,STRAIGHT AND LEVEL,WET,NO DEFECTS,ON SCENE,INJURY AND / OR TOW DUE TO CRASH,Y,,,"OVER $1,500",02/12/2025 08:45:00 AM,FAILING TO YIELD RIGHT-OF-WAY,NOT APPLICABLE,8607,W,CATALPA AVE,1614.0,,,,,,,4,NO INDICATION OF INJURY,0.0,0.0,0.0,0.0,0.0,3.0,0.0,8,4,2,41.9791024653,-87.8418659565,POINT (-87.841865956529 41.97910246531)
bb6cdd84b1150aed72b5c1f6f3ef6fee74c069faf4ce442070c0903cfa648480eac020af03c976c478c9cfdedcf625bc711009c954e9029bbc48116edcbfb9f3,,01/10/2025 05:01:00 PM,25,NO CONTROLS,NO CONTROLS,UNKNOWN,"DARKNESS, LIGHTED ROAD",PARKED MOTOR VEHICLE,ONE-WAY,,STRAIGHT AND LEVEL,UNKNOWN,UNKNOWN,NOT ON SCENE (DESK REPORT),NO INJURY / DRIVE AWAY,,,Y,"OVER $1,500",01/12/2025 08:00:00 PM,UNABLE TO DETERMINE,UNABLE TO DETERMINE,2205,N,MAJOR AVE,2515.0,,,,,,,2,NO INDICATION OF INJURY,0.0,0.0,0.0,0.0,0.0,1.0,0.0,17,6,1,41.9205024715,-87.768147416,POINT (-87.768147415996 41.920502471468)
bc9545a52b03ba2fea76fc6dffb0d5aeed874c32530a40bdd454b71931153eef843d27c5070d26848c95d82b249abf030e6245f0a0b6dd73b5991d96d0d155ea,,09/12/2016 05:45:00 AM,25,NO CONTROLS,NO CONTROLS,CLEAR,"DARKNESS, LIGHTED ROAD",SIDESWIPE SAME DIRECTION,ONE-WAY,3,STRAIGHT AND LEVEL,DRY,NO DEFECTS,AMENDED,NO INJURY / DRIVE AWAY,,,,"OVER $1,500",09/12/2016 06:40:00 AM,IMPROPER LANE USAGE,IMPROPER LANE USAGE,100,S,FRANKLIN ST,122.0,,,,,,,2,NO INDICATION OF INJURY,0.0,0.0,0.0,0.0,0.0,2.0,0.0,5,2,9,41.8805745897,-87.6354261484,POINT (-87.635426148449 41.880574589715)
2a63db0a19fdf223fb40fa4f391f455e18632196b750fd6c9b00ecd87077950c5783e6d72ecfe0b475ebedf79d77e6402d9142e2d66e51695a227bf957a211ac,Y,04/16/2023 06:30:00 AM,40,NO CONTROLS,NO CONTROLS,CLEAR,DAYLIGHT,REAR END,DIVIDED - W/MEDIAN (NOT RAISED),,STRAIGHT AND LEVEL,DRY,NO DEFECTS,ON SCENE,INJURY AND / OR TOW DUE TO CRASH,,,,"OVER $1,500",04/16/2023 06:30:00 AM,EQUIPMENT - VEHICLE CONDITION,NOT APPLICABLE,11600,W,IRVING PARK RD,1654.0,,,,,,,2,NO INDICATION OF INJURY,0.0,0.0,0.0,0.0,0.0,2.0,0.0,6,1,4,41.9537660771,-87.9141970727,POINT (-87.914197072743 41.953766077129)
0a0ab33a8e983b233fc443e7496d11fe6d4d722cae0bbb5100a56228de402934dcf785aa6844ad2626d148007291893b1fc2208dc4fe79a0e03838b8a8fb2fc9,,12/22/2017 06:17:00 PM,30,NO CONTROLS,NO CONTROLS,CLEAR,"DARKNESS, LIGHTED ROAD",PARKED MOTOR VEHICLE,NOT DIVIDED,,STRAIGHT AND LEVEL,DRY,NO DEFECTS,NOT ON SCENE (DESK REPORT),NO INJURY / DRIVE AWAY,,,,"$501 - $1,500",12/22/2017 07:18:00 PM,IMPROPER BACKING,UNABLE TO DETERMINE,1166,N,STATE ST,1824.0,,,,,,,2,NO INDICATION OF INJURY,0.0,0.0,0.0,0.0,0.0,2.0,0.0,18,6,12,41.9038356597,-87.6288261075,POINT (-87.628826107452 41.903835659732)
d652a586bed46680685dfb390ae7920d1047fa93d137ea612d9751ddce3a85f366269838defb46164b1c48c8bb9898e56eabcfbf9452e490c2f6fedeaa751a27,,04/02/2023 11:00:00 PM,30,NO CONTROLS,NO CONTROLS,CLEAR,"DARKNESS, LIGHTED ROAD",PARKED MOTOR VEHICLE,NOT DIVIDED,,STRAIGHT AND LEVEL,DRY,NO DEFECTS,NOT ON SCENE (DESK REPORT),NO INJURY / DRIVE AWAY,,,Y,"OVER $1,500",04/03/2023 11:45:00 AM,UNABLE TO DETERMINE,UNABLE TO DETERMINE,6235,W,BLOOMINGDALE AVE,2513.0,,,,,,,2,NO INDICATION OF INJURY,0.0,0.0,0.0,0.0,0.0,1.0,0.0,23,1,4,41.9127185106,-87.7816831765,POINT (-87.781683176483 41.912718510642)
5cb2453eeed2dbb6fb1fb56a2c0ee3f72d50c8366bda0da75d57bcca2d178d5c9f60fdcd77a76e522bdaa8dd89892fff98cfa7ff75f4ff43892087a7d9cc583e,,02/18/2021 02:33:00 PM,30,STOP SIGN/FLASHER,NO CONTROLS,SNOW,DAYLIGHT,TURNING,NOT DIVIDED,,STRAIGHT AND LEVEL,WET,NO DEFECTS,ON SCENE,NO INJURY / DRIVE AWAY,,,,"$501 - $1,500",02/18/2021 03:10:00 PM,FAILING TO REDUCE SPEED TO AVOID CRASH,IMPROPER TURNING/NO SIGNAL,5601,W,BARRY AVE,2514.0,,,,,,,2,NO INDICATION OF INJURY,0.0,0.0,0.0,0.0,0.0,2.0,0.0,14,5,2,41.9366420163,-87.7664932452,POINT (-87.766493245179 41.936642016304)
00f400c50cf3c2f501386908220065f6d2f2670947e5b8025071be7bcea945930a32fc9ad979c7cb435526a920b7def8df4abfc0a68d08789f364a4893782892,Y,09/17/2022 10:20:00 AM,30,TRAFFIC SIGNAL,FUNCTIONING PROPERLY,CLEAR,DAYLIGHT,SIDESWIPE SAME DIRECTION,NOT DIVIDED,,STRAIGHT AND LEVEL,DRY,NO DEFECTS,NOT ON SCENE (DESK REPORT),NO INJURY / DRIVE AWAY,Y,,,"OVER $1,500",09/17/2022 11:30:00 AM,IMPROPER LANE USAGE,NOT APPLICABLE,1200,S,WABASH AVE,131.0,,,,,,,2,NO INDICATION OF INJURY,0.0,0.0,0.0,0.0,0.0,3.0,0.0,10,7,9,41.8673464175,-87.6259747641,POINT (-87.625974764137 41.86734641752)
aa2686058013ef112c8be9a6e9bebc73fac9e383ff20aa06aa5f7c36c4f5bd410d780f49a17915449b4a4374085bbd9078c4d7c8081dc07cc2c702494737305b,,09/20/2019 10:22:00 AM,30,NO CONTROLS,NO CONTROLS,CLEAR,DAYLIGHT,TURNING,ONE-WAY,,STRAIGHT AND LEVEL,DRY,NO DEFECTS,NOT ON SCENE (DESK REPORT),NO INJURY / DRIVE AWAY,,,,$500 OR LESS,09/24/2019 11:18:00 AM,UNABLE TO DETERMINE,UNABLE TO DETERMINE,65,E,GRAND AVE,1834.0,,,,,,,2,NO INDICATION OF INJURY,0.0,0.0,0.0,0.0,0.0,2.0,0.0,10,6,9,41.8916006499,-87.6254331099,POINT (-87.625433109893 41.891600649869)