CRASH_RECORD_ID,CRASH_DATE_EST_I,CRASH_DATE,POSTED_SPEED_LIMIT,TRAFFIC_CONTROL_DEVICE,DEVICE_CONDITION,WEATHER_CONDITION,LIGHTING_CONDITION,FIRST_CRASH_TYPE,TRAFFICWAY_TYPE,LANE_CNT,ALIGNMENT,ROADWAY_SURFACE_COND,ROAD_DEFECT,REPORT_TYPE,CRASH_TYPE,INTERSECTION_RELATED_I,NOT_RIGHT_OF_WAY_I,HIT_AND_RUN_I,DAMAGE,DATE_POLICE_NOTIFIED,PRIM_CONTRIBUTORY_CAUSE,SEC_CONTRIBUTORY_CAUSE,STREET_NO,STREET_DIRECTION,STREET_NAME,BEAT_OF_OCCURRENCE,PHOTOS_TAKEN_I,STATEMENTS_TAKEN_I,DOORING_I,WORK_ZONE_I,WORK_ZONE_TYPE,WORKERS_PRESENT_I,NUM_UNITS,MOST_SEVERE_INJURY,INJURIES_TOTAL,INJURIES_FATAL,INJURIES_INCAPACITATING,INJURIES_NON_INCAPACITATING,INJURIES_REPORTED_NOT_EVIDENT,INJURIES_NO_INDICATION,INJURIES_UNKNOWN,CRASH_HOUR,CRASH_DAY_OF_WEEK,CRASH_MONTH,LATITUDE,LONGITUDE,LOCATION
84057de8c85342ec6ca0ff1f70171f52b40e87ebd63fe2acf8d5851005412248836013ec2df39f9dd70759fd68b2d4b8a853419b83b0c53e04ab1452dd4a9dc9,,02/18/2017 06:00:00 PM,30,OTHER,OTHER,UNKNOWN,UNKNOWN,PARKED MOTOR VEHICLE,OTHER,2,STRAIGHT AND LEVEL,UNKNOWN,UNKNOWN,NOT ON SCENE (DESK REPORT),NO INJURY / DRIVE AWAY,,,Y,"$501 - $1,500",02/20/2017 01:20:00 PM,UNABLE TO DETERMINE,NOT APPLICABLE,3754,W,MARQUETTE RD,833.0,,,,,,,2,NO INDICATION OF INJURY,0.0,0.0,0.0,0.0,0.0,1.0,0.0,18,7,2,41.7715641598,-87.717401629,POINT (-87.717401628976 41.771564159799)
90a1bb3cec1f261c5abcf32b9089ec308e87f910f433b7686fe6bf26162c4e2470a69349e8e22e0cc44e700361ff48fc31a2d48d7440b38685c4ed7bd297c337,,05/12/2020 01:45:00 PM,15,NO CONTROLS,NO CONTROLS,CLEAR,DAYLIGHT,ANGLE,ALLEY,,STRAIGHT AND LEVEL,DRY,NO DEFECTS,ON SCENE,NO INJURY / DRIVE AWAY,,,Y,"OVER $1,500",05/12/2020 01:46:00 PM,FAILING TO YIELD RIGHT-OF-WAY,NOT APPLICABLE,3832,W,24TH ST,1013.0,,,,,,,2,NO INDICATION OF INJURY,0.0,0.0,0.0,0.0,0.0,3.0,0.0,13,3,5,41.8480770572,-87.7209338093,POINT (-87.720933809309 41.848077057246)
df730e8c0522ed094cc648860d6d94bfc937b75722510bab3b0fe33fbe3f4a36d248cef15d3660320d29d8566762933759b6877ebd6844d361e4e7dff11fe238,,10/02/2019 10:30:00 AM,15,NO CONTROLS,NO CONTROLS,RAIN,DAYLIGHT,PEDALCYCLIST,ONE-WAY,,STRAIGHT AND LEVEL,WET,NO DEFECTS,NOT ON SCENE (DESK REPORT),NO INJURY / DRIVE AWAY,,,,"$501 - $1,500",10/03/2019 12:07:00 PM,FAILING TO YIELD RIGHT-OF-WAY,RELATED TO BUS STOP,3942,N,LAVERGNE AVE,1634.0,,,,,,,2,NO INDICATION OF INJURY,0.0,0.0,0.0,0.0,0.0,2.0,0.0,10,4,10,41.9528231543,-87.7523641685,POINT (-87.752364168548 41.952823154278)
8dd151677ccfc33123eb1170fc3dfb0c42b16902685b7870f3a6d3337dd9c0a4268431a88721b3a65fe6dbc51bdf155cd4cd20f5dde0f2898023b504ba70b480,,12/10/2017 06:30:00 PM,35,NO CONTROLS,NO CONTROLS,CLEAR,"DARKNESS, LIGHTED ROAD",SIDESWIPE SAME DIRECTION,DIVIDED - W/MEDIAN BARRIER,,STRAIGHT ON GRADE,DRY,NO DEFECTS,NOT ON SCENE (DESK REPORT),NO INJURY / DRIVE AWAY,,,,"OVER $1,500",12/10/2017 09:45:00 PM,FAILING TO YIELD RIGHT-OF-WAY,FAILING TO REDUCE SPEED TO AVOID CRASH,7047,S,CICERO AVE,833.0,,,,,,,2,NO INDICATION OF INJURY,0.0,0.0,0.0,0.0,0.0,2.0,0.0,18,1,12,41.7646914711,-87.7417614368,POINT (-87.741761436821 41.76469147114)
a7b2d552f057bb99811d6dc02cd3bfb26a219f940d8b1c89a449df7049f85f64f1887eae8acc2631c84ec4d6ed579eb1567d5444e813a23e0761390bd4981caf,Y,06/15/2023 06:05:00 AM,25,NO CONTROLS,NO CONTROLS,CLEAR,DAYLIGHT,PARKED MOTOR VEHICLE,NOT DIVIDED,,STRAIGHT AND LEVEL,DRY,NO DEFECTS,ON SCENE,NO INJURY / DRIVE AWAY,,,,$500 OR LESS,06/15/2023 06:11:00 AM,UNABLE TO DETERMINE,NOT APPLICABLE,5615,W,EDDY ST,1633.0,,,,,,,2,NO INDICATION OF INJURY,0.0,0.0,0.0,0.0,0.0,1.0,0.0,6,5,6,41.9448461391,-87.7673731352,POINT (-87.76737313516 41.944846139062)
d7fa35837bbbe3ea97e1b35bf2ab8c45d02e66953da579195a388e758e00b7786d7ad976e867c673cd49e13e5e31fe08dfe79f8941a373ff6e8479fe5889ffb5,,11/14/2021 05:31:00 PM,30,TRAFFIC SIGNAL,FUNCTIONING PROPERLY,CLEAR,"DARKNESS, LIGHTED ROAD",REAR END,NOT DIVIDED,,STRAIGHT AND LEVEL,DRY,NO DEFECTS,ON SCENE,INJURY AND / OR TOW DUE TO CRASH,Y,,,"OVER $1,500",11/14/2021 05:47:00 PM,FAILING TO REDUCE SPEED TO AVOID CRASH,NOT APPLICABLE,5042,N,CICERO AVE,1623.0,,,,,,,2,NO INDICATION OF INJURY,0.0,0.0,0.0,0.0,0.0,3.0,0.0,17,1,11,41.9728583665,-87.7480570936,POINT (-87.748057093561 41.972858366514)
572633f2be386e77c9fa2c8241be5c7e287174851621d9a1fcf8d3d179c8d123e35a22cc9dd088a62e71cfa394c58e8444bf4842b34f1be3abb058098034b6bb,,10/10/2018 07:00:00 PM,30,NO CONTROLS,NO CONTROLS,CLOUDY/OVERCAST,"DARKNESS, LIGHTED ROAD",REAR END,DIVIDED - W/MEDIAN (NOT RAISED),2,STRAIGHT AND LEVEL,WET,NO DEFECTS,ON SCENE,NO INJURY / DRIVE AWAY,,,Y,$500 OR LESS,10/10/2018 07:14:00 PM,FOLLOWING TOO CLOSELY,NOT APPLICABLE,3539,W,FOSTER AVE,1712.0,,,,,,,4,NO INDICATION OF INJURY,0.0,0.0,0.0,0.0,0.0,4.0,0.0,19,4,10,41.9755367581,-87.7175605358,POINT (-87.717560535828 41.975536758054)
57ef343c0e1b76a1de25f8df3d8d49b4dd60fa588321b56302804e4aa2327c754cac1813b28896ddd34f7fe105270ced29f431d23c908680a6265704b20b82f3,,04/27/2018 11:20:00 PM,30,NO CONTROLS,NO CONTROLS,RAIN,"DARKNESS, LIGHTED ROAD",REAR END,NOT DIVIDED,1,STRAIGHT AND LEVEL,WET,NO DEFECTS,NOT ON SCENE (DESK REPORT),NO INJURY / DRIVE AWAY,,,,"OVER $1,500",05/02/2018 10:00:00 PM,DISTRACTION - FROM OUTSIDE VEHICLE,NOT APPLICABLE,1410,S,MUSEUM CAMPUS DR,132.0,,,,,,,2,NO INDICATION OF INJURY,0.0,0.0,0.0,0.0,0.0,2.0,0.0,23,6,4,41.862628294,-87.6150310941,POINT (-87.615031094113 41.862628294038)
b6b19cf0efae970144b626d55124610b7c15083d8a6b8e1da7a5ce8bb414ea2182c3135463e1bdd117ece2cfd2d56c9678ba6278277ee06323c210f201629319,,11/03/2017 01:45:00 PM,30,NO CONTROLS,NO CONTROLS,CLEAR,DAYLIGHT,SIDESWIPE SAME DIRECTION,DIVIDED - W/MEDIAN (NOT RAISED),2,STRAIGHT AND LEVEL,DRY,NO DEFECTS,NOT ON SCENE (DESK REPORT),NO INJURY / DRIVE AWAY,,,,"OVER $1,500",11/03/2017 02:10:00 PM,UNABLE TO DETERMINE,UNABLE TO DETERMINE,4802,W,ARMITAGE AVE,2522.0,,,,,,,2,NO INDICATION OF INJURY,0.0,0.0,0.0,0.0,0.0,2.0,0.0,13,6,11,41.9170413167,-87.746264583,POINT (-87.74626458302 41.917041316662)
cefa762ba5dc8b17ccf2b3f01379d18a6f69c76b05442aa813eb3e1905efc3dca6890700c32d5b85c2f063e8277ee6942cd9dcd89f9862dc3c0d00fcfd563171,,06/22/2021 10:00:00 PM,30,TRAFFIC SIGNAL,FUNCTIONING PROPERLY,CLEAR,DUSK,ANGLE,FOUR WAY,,STRAIGHT AND LEVEL,DRY,NO DEFECTS,NOT ON SCENE (DESK REPORT),INJURY AND / OR TOW DUE TO CRASH,Y,,,"OVER $1,500",06/22/2021 10:07:00 PM,DISREGARDING TRAFFIC SIGNALS,NOT APPLICABLE,4032,S,ARCHER AVE,921.0,,,,,,,2,NO INDICATION OF INJURY,0.0,0.0,0.0,0.0,0.0,2.0,0.0,22,3,6,41.8204898916,-87.6940389324,POINT (-87.694038932416 41.820489891619)
9a74397a63f011141453b3a1f3490fb8205da06eb96772592443ab4c0a0d27320c186bf7839db4f6db31600a1b8ba50a82340eb7e7165bb6bf694ecd21b49ec1,,11/13/2017 12:45:00 PM,30,NO CONTROLS,NO CONTROLS,CLEAR,DAYLIGHT,PARKED MOTOR VEHICLE,DIVIDED - W/MEDIAN (NOT RAISED),4,CURVE ON HILLCREST,DRY,NO DEFECTS,ON SCENE,INJURY AND / OR TOW DUE TO CRASH,,,Y,"OVER $1,500",11/13/2017 12:50:00 PM,"OPERATING VEHICLE IN ERRATIC, RECKLESS, CARELESS, NEGLIGENT OR AGGRESSIVE MANNER",FAILING TO REDUCE SPEED TO AVOID CRASH,1620,S,ASHLAND AVE,1234.0,,,,,,,3,NO INDICATION OF INJURY,0.0,0.0,0.0,0.0,0.0,1.0,0.0,12,2,11,41.8589323803,-87.6663305715,POINT (-87.666330571507 41.85893238032)
73aece5ad36a08d4cec71e848bf71427b4146454c1f2d5c6feb43898d6f49210c400ec2242018c19cf76978b308b1e4c5d288c58f836c8be28eda12b9c44a1ae,,10/22/2020 11:07:00 PM,30,UNKNOWN,NO CONTROLS,CLEAR,"DARKNESS, LIGHTED ROAD",SIDESWIPE SAME DIRECTION,NOT DIVIDED,,STRAIGHT AND LEVEL,DRY,NO DEFECTS,NOT ON SCENE (DESK REPORT),NO INJURY / DRIVE AWAY,,,Y,"OVER $1,500",10/22/2020 11:30:00 PM,UNABLE TO DETERMINE,NOT APPLICABLE,98,E,119TH ST,532.0,,,,,,,2,NO INDICATION OF INJURY,0.0,0.0,0.0,0.0,0.0,2.0,0.0,23,5,10,41.6781665516,-87.6206204927,POINT (-87.620620492658 41.678166551581)
1bf1fdd906bcaeecfc07bf5e62bb19438b6dba9ebac85eda3a823f535cd54dffcf4b17b707fb571ef2c5244f9dc7e6136a91fd1e0386659b6a0e752428243120,,01/09/2018 08:54:00 AM,30,NO CONTROLS,NO CONTROLS,CLEAR,DAYLIGHT,TURNING,NOT DIVIDED,2,STRAIGHT AND LEVEL,SNOW OR SLUSH,NO DEFECTS,ON SCENE,INJURY AND / OR TOW DUE TO CRASH,,,,"OVER $1,500",01/09/2018 08:54:00 AM,FAILING TO YIELD RIGHT-OF-WAY,NOT APPLICABLE,841,W,63RD ST,723.0,,,,,,,2,NONINCAPACITATING INJURY,2.0,0.0,0.0,2.0,0.0,0.0,0.0,8,3,1,41.7796147501,-87.6464404886,POINT (-87.646440488597 41.779614750096)
f352bf47dce21d6cc4478c2c8b3585f7e1af18a428f2284c7e7925b48dac328b1b9be7bd679ac46d53ca3790bea07db66be84c399fef6179ae2f121363abd817,,02/28/2019 12:30:00 PM,30,NO CONTROLS,NO CONTROLS,CLEAR,DAYLIGHT,ANGLE,NOT DIVIDED,4,STRAIGHT AND LEVEL,DRY,NO DEFECTS,NOT ON SCENE (DESK REPORT),INJURY AND / OR TOW DUE TO CRASH,,,Y,"OVER $1,500",02/28/2019 12:33:00 PM,IMPROPER LANE USAGE,IMPROPER OVERTAKING/PASSING,2244,W,OGDEN AVE,1225.0,,,,,,,2,"REPORTED, NOT EVIDENT",1.0,0.0,0.0,0.0,1.0,1.0,0.0,12,5,2,41.8677900839,-87.6825663609,POINT (-87.68256636092 41.867790083864)
4a8d6ebfdde69f3771f2e8b98d6889fbc15538a44118c349a1b937e39d0c0531b29d597b38068cb5cabe34b1561a76e0674791e8cafad72dda9dc974a89bac2d,,10/22/2020 12:00:00 PM,35,TRAFFIC SIGNAL,FUNCTIONING PROPERLY,RAIN,DAYLIGHT,REAR END,NOT DIVIDED,,STRAIGHT AND LEVEL,WET,NO DEFECTS,NOT ON SCENE (DESK REPORT),NO INJURY / DRIVE AWAY,Y,,,$500 OR LESS,10/22/2020 12:31:00 PM,UNABLE TO DETERMINE,UNABLE TO DETERMINE,659,N,CLARK ST,1832.0,,,,,,,2,NO INDICATION OF INJURY,0.0,0.0,0.0,0.0,0.0,2.0,0.0,12,5,10,41.8940733431,-87.6310408935,POINT (-87.631040893538 41.894073343081)
0aa1b74613033a266cf37bbccb58052e056cb923ef6f2c6eef4c30199df104a10e026e4e6a209b0c1cb698d2324b3ed2104443be36d8a936d23eae7564201efc,,08/14/2023 09:45:00 AM,30,STOP SIGN/FLASHER,FUNCTIONING PROPERLY,CLEAR,DAYLIGHT,TURNING,FOUR WAY,,STRAIGHT AND LEVEL,DRY,NO DEFECTS,ON SCENE,INJURY AND / OR TOW DUE TO CRASH,Y,,Y,"OVER $1,500",08/14/2023 09:47:00 AM,UNABLE TO DETERMINE,UNABLE TO DETERMINE,760,W,72ND ST,732.0,,,,,,,2,NO INDICATION OF INJURY,0.0,0.0,0.0,0.0,0.0,3.0,0.0,9,2,8,41.7634995577,-87.6439451047,POINT (-87.643945104687 41.763499557654)
a542d843c714b43db5bd49f1343bc6bb06bcf603247a920bfa70f756e469a660abed44bcfc735aead22e3d52298d8aa7bc848745674862dc67ae9960720509fd,,10/11/2019 09:59:00 AM,30,NO CONTROLS,NO CONTROLS,RAIN,DAYLIGHT,TURNING,T-INTERSECTION,,STRAIGHT AND LEVEL,WET,UNKNOWN,ON SCENE,NO INJURY / DRIVE AWAY,Y,,,"OVER $1,500",10/11/2019 10:18:00 AM,FAILING TO YIELD RIGHT-OF-WAY,WEATHER,5857,W,NORTH AVE,2531.0,,,,,,,2,NO INDICATION OF INJURY,0.0,0.0,0.0,0.0,0.0,2.0,0.0,9,6,10,41.9091748505,-87.773049351,POINT (-87.773049351026 41.909174850492)
65679912bb1c8b6baf4fec049aecbb4435f4d06b60642856b7c05f71c867e86390a23cfef963b8726984f9c038e3aae6415ca633c3dde02d3877ce94365b4330,,03/11/2025 07:56:00 AM,30,TRAFFIC SIGNAL,FUNCTIONING PROPERLY,CLEAR,DAYLIGHT,REAR END,NOT DIVIDED,,STRAIGHT AND LEVEL,DRY,NO DEFECTS,NOT ON SCENE (DESK REPORT),INJURY AND / OR TOW DUE TO CRASH,,,Y,"OVER $1,500",03/11/2025 08:30:00 AM,FOLLOWING TOO CLOSELY,FOLLOWING TOO CLOSELY,6700,S,HALSTED ST,723.0,,,,,,,2,"REPORTED, NOT EVIDENT",1.0,0.0,0.0,0.0,1.0,1.0,0.0,7,3,3,41.7723796165,-87.6447416419,POINT (-87.644741641913 41.772379616506)
dded338794241ab593625d453f9977e4ccfb7917b369c610297008c4087b78a7fed0b3b00020cdcba3216f8dfca64a4c357b06f5fe4b680e36b51535abaa24cb,,06/19/2022 02:21:00 PM,30,UNKNOWN,UNKNOWN,CLEAR,UNKNOWN,TURNING,OTHER,,STRAIGHT AND LEVEL,UNKNOWN,UNKNOWN,NOT ON SCENE (DESK REPORT),NO INJURY / DRIVE AWAY,,,Y,"OVER $1,500",06/19/2022 02:30:00 PM,UNABLE TO DETERMINE,UNABLE TO DETERMINE,4301,N,PULASKI RD,1723.0,,,,,,,2,NO INDICATION OF INJURY,0.0,0.0,0.0,0.0,0.0,4.0,0.0,14,1,6,41.9591510162,-87.7276288122,POINT (-87.727628812162 41.959151016193)
044a541568e6993f1794a3736e70b3cc2e0bc6e10242e7b7a4f47adad66ecbd91a4be9f015b2edbfcc8fddffd832a0b65c0b4f5b5499576112c0c7bf1d4732f8,,06/20/2020 03:30:00 PM,30,TRAFFIC SIGNAL,FUNCTIONING PROPERLY,CLEAR,DAYLIGHT,HEAD ON,FOUR WAY,,STRAIGHT AND LEVEL,DRY,NO DEFECTS,ON SCENE,INJURY AND / OR TOW DUE TO CRASH,Y,,,"OVER $1,500",06/20/2020 03:32:00 PM,FAILING TO YIELD RIGHT-OF-WAY,NOT APPLICABLE,550,E,PERSHING RD,212.0,,,,,,,2,NONINCAPACITATING INJURY,1.0,0.0,0.0,1.0,0.0,1.0,0.0,15,7,6,41.8239935146,-87.6131610238,POINT (-87.613161023791 41.823993514612)
489a99dac323b8b52298921e73d3f3200af278950a9b0fd57732db9b6e120234add108ef0c669cddb1c6ad2be2849e0a7255216605ce8188029040606027b5fa,,04/07/2016 01:30:00 PM,25,STOP SIGN/FLASHER,FUNCTIONING PROPERLY,SNOW,DAYLIGHT,ANGLE,NOT DIVIDED,2,STRAIGHT AND LEVEL,WET,NO DEFECTS,NOT ON SCENE (DESK REPORT),INJURY AND / OR TOW DUE TO CRASH,Y,,,"OVER $1,500",04/07/2016 03:50:00 PM,FAILING TO YIELD RIGHT-OF-WAY,DRIVING SKILLS/KNOWLEDGE/EXPERIENCE,2432,W,GRANVILLE AVE,2413.0,,,,,,,2,NO INDICATION OF INJURY,0.0,0.0,0.0,0.0,0.0,4.0,0.0,13,5,4,41.994186653,-87.6911300938,POINT (-87.691130093788 41.994186652951)
56e130e85efa218417d0283e0885194d7ac17185ac0156e15faf8a81a7196709d5536d0050edde2cfab7920a7979232dede196bc7cd310a331fa4908c4006779,,04/11/2022 09:29:00 AM,30,TRAFFIC SIGNAL,FUNCTIONING PROPERLY,CLEAR,DAYLIGHT,ANGLE,T-INTERSECTION,,STRAIGHT AND LEVEL,DRY,NO DEFECTS,ON SCENE,INJURY AND / OR TOW DUE TO CRASH,,,,"OVER $1,500",04/11/2022 09:34:00 AM,DISREGARDING TRAFFIC SIGNALS,NOT APPLICABLE,1700,W,WARREN BLVD,1224.0,,,,,,,3,NONINCAPACITATING INJURY,2.0,0.0,0.0,2.0,0.0,5.0,0.0,9,2,4,41.8824545117,-87.6693717117,POINT (-87.669371711668 41.882454511677)
f131826159e0776e6e7b9d057c6d2548fd5eeb7111ccba652b8caeffb8e7c48426939d2a6f559a7cb9d4f909a34ecce5c31bfe356b59866e8683b3b8c886394a,,11/08/2022 02:48:00 PM,30,TRAFFIC SIGNAL,FUNCTIONING PROPERLY,CLEAR,DAYLIGHT,REAR END,NOT DIVIDED,,STRAIGHT AND LEVEL,DRY,NO DEFECTS,,NO INJURY / DRIVE AWAY,,,N,"OVER $1,500",11/08/2022 02:49:00 PM,UNABLE TO DETERMINE,UNABLE TO DETERMINE,11101,S,PRINCETON AVE,522.0,,,,,,,2,NO INDICATION OF INJURY,0.0,0.0,0.0,0.0,0.0,3.0,0.0,14,3,11,41.6924534845,-87.6301668973,POINT (-87.630166897285 41.692453484547)
1ed30c19638eb03a41d9fc04e1839ed95ed4b4cc557c2e58c279abef2de650b2eac8e76c7fa8260277b58f3d23187144df8c1abf4a5069bd65aa18ec208f9f70,,06/18/2025 07:44:00 PM,30,UNKNOWN,UNKNOWN,RAIN,DARKNESS,SIDESWIPE SAME DIRECTION,NOT DIVIDED,,STRAIGHT AND LEVEL,UNKNOWN,UNKNOWN,ON SCENE,NO INJURY / DRIVE AWAY,,,,"OVER $1,500",06/18/2025 07:45:00 PM,UNABLE TO DETERMINE,NOT APPLICABLE,6700,S,WESTERN AVE,832.0,,,,,,,2,NO INDICATION OF INJURY,0.0,0.0,0.0,0.0,0.0,2.0,0.0,19,4,6,41.7718840277,-87.6835884021,POINT (-87.683588402063 41.771884027712)
eba70545d90ca79889a2a6b6c8a8f599044c040e6211f1f86f0db7b1b83433165792dcc63913f58f16d32cb638bb616ce24e712e1b6d8c41203ddfb65324197a,,07/13/2022 08:30:00 AM,30,TRAFFIC SIGNAL,FUNCTIONING PROPERLY,CLEAR,DAYLIGHT,REAR END,DIVIDED - W/MEDIAN (NOT RAISED),,STRAIGHT AND LEVEL,UNKNOWN,UNKNOWN,NOT ON SCENE (DESK REPORT),NO INJURY / DRIVE AWAY,,,,"OVER $1,500",07/13/2022 09:00:00 AM,UNABLE TO DETERMINE,UNABLE TO DETERMINE,8300,S,DAMEN AVE,614.0,,,,,,,2,NO INDICATION OF INJURY,0.0,0.0,0.0,0.0,0.0,2.0,0.0,8,4,7,41.7428499806,-87.673107363,POINT (-87.673107362988 41.742849980643)
55419e09951e33b7e0a92e5b0fd005b90bb08109b64f6041e4bc59d0a32abc505f764ba7ec473d6fb4dd7bcee7a3dcc4d9545ffffed6988bba4b2b18d07481fb,,09/12/2018 11:30:00 AM,30,TRAFFIC SIGNAL,FUNCTIONING PROPERLY,CLEAR,DAYLIGHT,REAR END,NOT DIVIDED,2,STRAIGHT AND LEVEL,UNKNOWN,UNKNOWN,NOT ON SCENE (DESK REPORT),NO INJURY / DRIVE AWAY,,,,"$501 - $1,500",09/14/2018 06:28:00 PM,FOLLOWING TOO CLOSELY,FOLLOWING TOO CLOSELY,3000,N,AUSTIN AVE,2511.0,,,,,,,2,NO INDICATION OF INJURY,0.0,0.0,0.0,0.0,0.0,5.0,0.0,11,4,9,41.9348373353,-87.7762380967,POINT (-87.776238096666 41.934837335313)
2449c7bec8176bcc47cf0d78c3a550c8faabbe762693a2bd1eb89f515212e8e223f43042f1af4e733d1fd31d3351779975eb3b661457c1811eb0801affe07bab,,03/28/2023 09:00:00 AM,30,STOP SIGN/FLASHER,UNKNOWN,UNKNOWN,UNKNOWN,REAR END,NOT DIVIDED,,STRAIGHT AND LEVEL,UNKNOWN,UNKNOWN,NOT ON SCENE (DESK REPORT),NO INJURY / DRIVE AWAY,Y,,,"OVER $1,500",03/28/2023 09:00:00 PM,UNABLE TO DETERMINE,UNABLE TO DETERMINE,1600,S,UNION AVE,1235.0,,,,,,,2,NO INDICATION OF INJURY,0.0,0.0,0.0,0.0,0.0,2.0,0.0,9,3,3,41.859931601,-87.6450206965,POINT (-87.645020696476 41.859931601037)
ac1b4879812f29841bb4f425aea3aacce3e30f7bb5af0d198986b9f8da3bab32a4089fada9267362b6043ea4cffbd9d73e3fadd54b0ab2b98b50d06ddf5528bf,,11/26/2019 08:30:00 AM,20,NO CONTROLS,NO CONTROLS,CLEAR,DAYLIGHT,REAR TO SIDE,PARKING LOT,,STRAIGHT AND LEVEL,DRY,NO DEFECTS,NOT ON SCENE (DESK REPORT),NO INJURY / DRIVE AWAY,,,,"$501 - $1,500",11/29/2019 10:15:00 AM,UNABLE TO DETERMINE,UNABLE TO DETERMINE,9400,S,ASHLAND AVE,2221.0,,,,,,,2,NO INDICATION OF INJURY,0.0,0.0,0.0,0.0,0.0,2.0,0.0,8,3,11,41.7229412182,-87.6628628713,POINT (-87.662862871273 41.72294121821)
a4b4c1aabcea0da1373b1bf22b12dcbcf7edd4ec0dcba6bb2379bc7b36f01d565be218a205b75216652a2bb3b7dd08aab9a3b62cc16b7dc3676ef4052b54cbf7,,11/12/2020 02:49:00 PM,30,NO CONTROLS,NO CONTROLS,CLEAR,DAYLIGHT,TURNING,NOT DIVIDED,,STRAIGHT AND LEVEL,DRY,NO DEFECTS,NOT ON SCENE (DESK REPORT),NO INJURY / DRIVE AWAY,,,,"$501 - $1,500",11/13/2020 03:09:00 PM,NOT APPLICABLE,NOT APPLICABLE,6500,S,PULASKI RD,833.0,,,,,,,2,NO INDICATION OF INJURY,0.0,0.0,0.0,0.0,0.0,2.0,0.0,14,5,11,41.7749649984,-87.7228122268,POINT (-87.722812226815 41.774964998435)
22d8832f4ea7d98482f83bc4851fdf377e92d22f135c48e68b58e1be57b240f41a6bb44d5c8322b7b3fad51ccbbc557000bc1c6c07ae306a0ed374abb0c45502,,10/11/2022 07:55:00 PM,30,TRAFFIC SIGNAL,FUNCTIONING PROPERLY,RAIN,"DARKNESS, LIGHTED ROAD",REAR END,NOT DIVIDED,,STRAIGHT AND LEVEL,WET,NO DEFECTS,ON SCENE,NO INJURY / DRIVE AWAY,Y,,,$500 OR LESS,10/11/2022 07:55:00 PM,"VISION OBSCURED (SIGNS, TREE LIMBS, BUILDINGS, ETC.)",DRIVING SKILLS/KNOWLEDGE/EXPERIENCE,4628,S,DAMEN AVE,924.0,,,,,,,2,NO INDICATION OF INJURY,0.0,0.0,0.0,0.0,0.0,2.0,0.0,19,3,10,41.8094427085,-87.675108361,POINT (-87.675108360962 41.809442708535)
18afdff731e0dd5e82f5f6a5f3093f94c7aed385140ee3931b8c7a1ed7925650bc1bbd784e76dd8ad6471314653e7fa1740cd24ce150254cd12b4def0e7f7b7e,,02/21/2017 09:33:00 AM,30,NO CONTROLS,NO CONTROLS,CLEAR,DAYLIGHT,PARKED MOTOR VEHICLE,NOT DIVIDED,2,STRAIGHT AND LEVEL,DRY,NO DEFECTS,NOT ON SCENE (DESK REPORT),NO INJURY / DRIVE AWAY,,,N,"OVER $1,500",02/23/2017 09:00:00 AM,UNABLE TO DETERMINE,NOT APPLICABLE,4847,W,MONTROSE AVE,1624.0,,,,,,,2,NO INDICATION OF INJURY,0.0,0.0,0.0,0.0,0.0,1.0,0.0,9,3,2,41.9605911571,-87.7494409615,POINT (-87.749440961518 41.960591157133)
2b5ebb347a1dcd9d39c9131ea46b7c5a4f4a73956aa22ca0db3bb95ee8072e4de567a5107d883139b7c626ba5441fef53e8fec61c98e6301a28fdb3b4a8e1551,,08/09/2019 03:00:00 PM,40,NO CONTROLS,NO CONTROLS,CLEAR,DAYLIGHT,SIDESWIPE SAME DIRECTION,DIVIDED - W/MEDIAN BARRIER,,STRAIGHT AND LEVEL,DRY,NO DEFECTS,NOT ON SCENE (DESK REPORT),NO INJURY / DRIVE AWAY,,,,"OVER $1,500",08/09/2019 04:40:00 PM,UNABLE TO DETERMINE,UNABLE TO DETERMINE,2399,N,LAKE SHORE DR NB,1814.0,,,,,,,2,NO INDICATION OF INJURY,0.0,0.0,0.0,0.0,0.0,3.0,0.0,15,6,8,41.9260875299,-87.630992552,POINT (-87.630992552046 41.926087529895)
8c267d40efab201509e354fbeca67462f4505fd970804b96da6844cdc7736645ec109cf8c89fb78fc9456b7b0f491f54ed5a8d9dc7e6d1cb1bfe4a3f3666633b,,10/22/2023 09:15:00 PM,30,NO CONTROLS,NO CONTROLS,CLEAR,"DARKNESS, LIGHTED ROAD",ANGLE,NOT DIVIDED,,STRAIGHT AND LEVEL,UNKNOWN,OTHER,NOT ON SCENE (DESK REPORT),NO INJURY / DRIVE AWAY,,,Y,"OVER $1,500",11/02/2023 06:20:00 PM,UNABLE TO DETERMINE,NOT APPLICABLE,7138,N,SHERIDAN RD,2423.0,,,,,,,2,NO INDICATION OF INJURY,0.0,0.0,0.0,0.0,0.0,2.0,0.0,21,1,10,42.012356581,-87.6633812953,POINT (-87.663381295283 42.012356581038)
762f74d8154a86777d080e679d664cb7c90d0685dd97e942cc8e37a2837f54778fb3141542f97837b053d7b9484e31c18d35adb0f1202568ff7109424f4cb3cf,,04/26/2024 12:36:00 PM,25,NO CONTROLS,NO CONTROLS,CLEAR,DAYLIGHT,PEDALCYCLIST,DIVIDED - W/MEDIAN (NOT RAISED),,STRAIGHT AND LEVEL,DRY,NO DEFECTS,ON SCENE,NO INJURY / DRIVE AWAY,,,,$500 OR LESS,04/26/2024 12:40:00 PM,UNABLE TO DETERMINE,NOT APPLICABLE,1200,N,LA SALLE DR,1821.0,,,,,,,2,NO INDICATION OF INJURY,0.0,0.0,0.0,0.0,0.0,2.0,0.0,12,6,4,41.9039692113,-87.6330707107,POINT (-87.633070710665 41.903969211265)