CRASH_RECORD_ID,CRASH_DATE_EST_I,CRASH_DATE,POSTED_SPEED_LIMIT,TRAFFIC_CONTROL_DEVICE,DEVICE_CONDITION,WEATHER_CONDITION,LIGHTING_CONDITION,FIRST_CRASH_TYPE,TRAFFICWAY_TYPE,LANE_CNT,ALIGNMENT,ROADWAY_SURFACE_COND,ROAD_DEFECT,REPORT_TYPE,CRASH_TYPE,INTERSECTION_RELATED_I,NOT_RIGHT_OF_WAY_I,HIT_AND_RUN_I,DAMAGE,DATE_POLICE_NOTIFIED,PRIM_CONTRIBUTORY_CAUSE,SEC_CONTRIBUTORY_CAUSE,STREET_NO,STREET_DIRECTION,STREET_NAME,BEAT_OF_OCCURRENCE,PHOTOS_TAKEN_I,STATEMENTS_TAKEN_I,DOORING_I,WORK_ZONE_I,WORK_ZONE_TYPE,WORKERS_PRESENT_I,NUM_UNITS,MOST_SEVERE_INJURY,INJURIES_TOTAL,INJURIES_FATAL,INJURIES_INCAPACITATING,INJURIES_NON_INCAPACITATING,INJURIES_REPORTED_NOT_EVIDENT,INJURIES_NO_INDICATION,INJURIES_UNKNOWN,CRASH_HOUR,CRASH_DAY_OF_WEEK,CRASH_MONTH,LATITUDE,LONGITUDE,LOCATION
7f5f68ec294aa4b3e3f5026ebf61cd4d4db6ffd4cd094268a052b5b6e0be1f6cab879efc1d385c422ac8c7b9eeacd2699adecfba26c7980e52f920bf9c05cac3,,08/08/2019 02:00:00 PM,35,NO CONTROLS,NO CONTROLS,CLEAR,DAYLIGHT,SIDESWIPE SAME DIRECTION,NOT DIVIDED,,STRAIGHT AND LEVEL,DRY,NO DEFECTS,NOT ON SCENE (DESK REPORT),NO INJURY / DRIVE AWAY,,,,"$501 - $1,500",08/08/2019 02:40:00 PM,UNABLE TO DETERMINE,UNABLE TO DETERMINE,1401,S,CALIFORNIA BLVD,1023.0,,,,,,,2,NO INDICATION OF INJURY,0.0,0.0,0.0,0.0,0.0,2.0,0.0,14,5,8,41.862519666,-87.6956445338,POINT (-87.695644533841 41.862519665974)
116e77253f7a1e5e57319f70af7ba211ad1f8c81483296f6be87dc87a09326664ee91739bd81b4043591d0d333a211598f0efa2eda8a7761ff295ef0f22e680a,,06/23/2017 05:35:00 PM,40,NO CONTROLS,NO CONTROLS,CLEAR,DAYLIGHT,SIDESWIPE SAME DIRECTION,DIVIDED - W/MEDIAN BARRIER,4,STRAIGHT AND LEVEL,DRY,NO DEFECTS,ON SCENE,INJURY AND / OR TOW DUE TO CRASH,,,,"OVER $1,500",06/23/2017 07:20:00 PM,EQUIPMENT - VEHICLE CONDITION,IMPROPER LANE USAGE,2500,N,LAKE SHORE DR SB,1935.0,,,,,,,4,INCAPACITATING INJURY,1.0,0.0,1.0,0.0,0.0,4.0,0.0,17,6,6,41.9277139357,-87.6320148144,POINT (-87.632014814397 41.927713935716)
542f4dff36250191c1171ad9e79d17a8ee1a66de850fd7de2798f2b7bcefc1754e5271654ce20f2ff1075b3e9250c029febafc3aeb50d649185e76f9b2f7843d,,12/05/2018 09:00:00 PM,30,NO CONTROLS,NO CONTROLS,UNKNOWN,"DARKNESS, LIGHTED ROAD",PARKED MOTOR VEHICLE,NOT DIVIDED,,STRAIGHT AND LEVEL,UNKNOWN,UNKNOWN,NOT ON SCENE (DESK REPORT),NO INJURY / DRIVE AWAY,,,,$500 OR LESS,12/06/2018 12:50:00 PM,UNABLE TO DETERMINE,NOT APPLICABLE,2611,W,64TH ST,825.0,,,,,,,2,NO INDICATION OF INJURY,0.0,0.0,0.0,0.0,0.0,1.0,0.0,21,4,12,41.777181045,-87.6889831355,POINT (-87.688983135468 41.777181045011)
8609a4f034d9cab1a9641eb8216d08254909871d24a2f6ab3e28accd0705b8db81ef1ac4a4a1cdce15c639ac6cdcdf526544c4b3ab1bd633efc637941a263829,,04/25/2020 12:01:00 AM,30,NO CONTROLS,NO CONTROLS,UNKNOWN,"DARKNESS, LIGHTED ROAD",PARKED MOTOR VEHICLE,ONE-WAY,,STRAIGHT AND LEVEL,UNKNOWN,NO DEFECTS,ON SCENE,NO INJURY / DRIVE AWAY,,,Y,"OVER $1,500",04/25/2020 09:05:00 AM,UNABLE TO DETERMINE,UNABLE TO DETERMINE,8760,S,BURLEY AVE,424.0,,,,,,,2,NO INDICATION OF INJURY,0.0,0.0,0.0,0.0,0.0,1.0,0.0,0,7,4,41.7358108468,-87.5459495855,POINT (-87.545949585475 41.735810846843)
90be190d840807d71a6f38453ca35fd8a5e431839f7989937b3d25ecda812e0e43c48d3f65e32411956200919461e606a923aae343176f06bf8a1ce01bdd7ca9,,01/18/2019 06:00:00 PM,30,NO CONTROLS,NO CONTROLS,CLEAR,DARKNESS,TURNING,DIVIDED - W/MEDIAN (NOT RAISED),2,STRAIGHT AND LEVEL,DRY,NO DEFECTS,NOT ON SCENE (DESK REPORT),NO INJURY / DRIVE AWAY,,,,"OVER $1,500",01/18/2019 06:27:00 PM,FAILING TO YIELD RIGHT-OF-WAY,DRIVING SKILLS/KNOWLEDGE/EXPERIENCE,3952,N,TRIPP AVE,1731.0,,,,,,,2,NO INDICATION OF INJURY,0.0,0.0,0.0,0.0,0.0,2.0,0.0,18,6,1,41.9533160147,-87.73410997,POINT (-87.734109969984 41.953316014662)
83410a47f868c9b3c284e0d4c25f27753eddf23a9e38669946876bfa7c6036082bb05bbf9bb7116fa278dc2112b7b3125d0a494eedd7af459ba424788e45c933,,07/14/2020 11:45:00 AM,30,STOP SIGN/FLASHER,FUNCTIONING PROPERLY,CLEAR,DAYLIGHT,REAR END,ONE-WAY,,STRAIGHT AND LEVEL,DRY,NO DEFECTS,NOT ON SCENE (DESK REPORT),NO INJURY / DRIVE AWAY,,,Y,"OVER $1,500",07/14/2020 01:35:00 PM,FOLLOWING TOO CLOSELY,UNABLE TO DETERMINE,1426,E,55TH PL,235.0,,,,,,,2,NO INDICATION OF INJURY,0.0,0.0,0.0,0.0,0.0,2.0,0.0,11,3,7,41.7949002164,-87.5904839616,POINT (-87.590483961649 41.794900216371)
76395549135df4bd560c8f331cfc96c249a2abb9898e254b227dcf5ff65c3d65d37b9c2d1f5d4b7d03f15a4041fcbe6323054c6dbddf8fabb9a42df2868b1cf1,,12/11/2024 03:20:00 PM,30,NO CONTROLS,NO CONTROLS,CLEAR,DAYLIGHT,REAR END,NOT DIVIDED,,STRAIGHT AND LEVEL,DRY,NO DEFECTS,NOT ON SCENE (DESK REPORT),NO INJURY / DRIVE AWAY,,,Y,"OVER $1,500",12/11/2024 04:53:00 PM,FOLLOWING TOO CLOSELY,NOT APPLICABLE,5401,S,WESTERN BLVD,932.0,,,,,,,2,NO INDICATION OF INJURY,0.0,0.0,0.0,0.0,0.0,4.0,0.0,15,4,12,41.7955523454,-87.6833722856,POINT (-87.683372285592 41.795552345378)
40c7663f9e587c43796ca51618c5b30a26ac3a0583693bf2daf6b094531ed5e0bb9d74846f659f62936c9e0a9821a772732ca2d52add5cfadfa5d1f330f78f00,,02/24/2024 02:35:00 PM,30,NO CONTROLS,NO CONTROLS,CLEAR,DAYLIGHT,TURNING,NOT DIVIDED,,STRAIGHT AND LEVEL,DRY,NO DEFECTS,,NO INJURY / DRIVE AWAY,,,,"OVER $1,500",02/24/2024 06:00:00 PM,UNABLE TO DETERMINE,NOT APPLICABLE,5700,N,SHERIDAN RD,2022.0,,,,,,,2,NO INDICATION OF INJURY,0.0,0.0,0.0,0.0,0.0,2.0,0.0,14,7,2,41.9856410954,-87.6553885441,POINT (-87.655388544127 41.985641095429)
cf2fcbfd3773075804429291d298bad4650e32240a487f69ea17f1ef7df4cf4d65073f8de00dc7dbb4f9b7664468f57752df04b2340df3333a8d9fe407fc17e1,,09/25/2021 11:30:00 AM,30,NO CONTROLS,NO CONTROLS,CLEAR,DAYLIGHT,TURNING,NOT DIVIDED,,STRAIGHT AND LEVEL,DRY,NO DEFECTS,NOT ON SCENE (DESK REPORT),NO INJURY / DRIVE AWAY,,,Y,"$501 - $1,500",09/25/2021 05:18:00 PM,NOT APPLICABLE,NOT APPLICABLE,4800,W,65TH ST,813.0,,,,,,,2,NO INDICATION OF INJURY,0.0,0.0,0.0,0.0,0.0,2.0,0.0,11,7,9,41.7748873726,-87.7422345192,POINT (-87.74223451918 41.774887372605)
4f094eaa635a88ac5f3fbfd41a5f5a21effae7136576cd58aaee21e23d53ed20dafa226830781568a4477afd0c75b8fafc33a8bf1d284af50c7bd340024cb6fd,,04/08/2019 07:15:00 PM,30,TRAFFIC SIGNAL,FUNCTIONING PROPERLY,CLEAR,DUSK,TURNING,NOT DIVIDED,4,STRAIGHT AND LEVEL,DRY,NO DEFECTS,ON SCENE,INJURY AND / OR TOW DUE TO CRASH,Y,,,"OVER $1,500",04/08/2019 07:16:00 PM,FAILING TO YIELD RIGHT-OF-WAY,NOT APPLICABLE,3900,S,DR MARTIN LUTHER KING JR DR,213.0,,Y,,,,,2,NO INDICATION OF INJURY,0.0,0.0,0.0,0.0,0.0,3.0,0.0,19,2,4,41.8237727478,-87.6171420204,POINT (-87.617142020372 41.823772747763)
9bcb0c19db37a55798da9ecfa6dbfd80648c5fc51e877496ea7276244c990298480409c615ba753264a0d27f4b18418caddf594fea3e14941d4e167529be3c39,,06/07/2019 05:15:00 PM,30,NO CONTROLS,NO CONTROLS,CLEAR,DAYLIGHT,REAR END,ONE-WAY,,STRAIGHT AND LEVEL,DRY,NO DEFECTS,NOT ON SCENE (DESK REPORT),NO INJURY / DRIVE AWAY,,,,"OVER $1,500",06/07/2019 06:20:00 PM,UNABLE TO DETERMINE,UNABLE TO DETERMINE,170,W,ONTARIO ST,1832.0,,,,,,,2,NO INDICATION OF INJURY,0.0,0.0,0.0,0.0,0.0,2.0,0.0,17,6,6,41.8932993468,-87.6340394579,POINT (-87.634039457919 41.893299346846)
a97a0af9e062e07eb5ce2fbbc5f2795f3693b4913e224906e5e2305d7aa8d0ac5f5151eadf484c75f5979f98957ba375f88af7f71052a20f981d8f02563b8705,,03/25/2025 05:00:00 PM,30,NO CONTROLS,NO CONTROLS,CLEAR,DAYLIGHT,SIDESWIPE SAME DIRECTION,NOT DIVIDED,,STRAIGHT AND LEVEL,DRY,NO DEFECTS,ON SCENE,NO INJURY / DRIVE AWAY,,,,"OVER $1,500",03/25/2025 05:08:00 PM,DRIVING SKILLS/KNOWLEDGE/EXPERIENCE,DRIVING SKILLS/KNOWLEDGE/EXPERIENCE,1636,W,CHICAGO AVE,1213.0,,,,,,,2,NO INDICATION OF INJURY,0.0,0.0,0.0,0.0,0.0,2.0,0.0,17,3,3,41.89616061,-87.6686628057,POINT (-87.668662805708 41.896160609979)
46c8a1fb00318b4afa66a6d7c5ce0d37068525824bf775c695f3c502474840160ee879097e27685d2059f60eb1659774612700d9385a0bb8401bd7f3838b6bbc,,11/18/2017 01:43:00 PM,25,TRAFFIC SIGNAL,FUNCTIONING PROPERLY,RAIN,DAYLIGHT,PARKED MOTOR VEHICLE,NOT DIVIDED,2,STRAIGHT AND LEVEL,WET,NO DEFECTS,NOT ON SCENE (DESK REPORT),NO INJURY / DRIVE AWAY,,,Y,"$501 - $1,500",11/18/2017 03:30:00 PM,UNABLE TO DETERMINE,UNABLE TO DETERMINE,6219,N,CALIFORNIA AVE,2413.0,,,,,,,2,NO INDICATION OF INJURY,0.0,0.0,0.0,0.0,0.0,1.0,0.0,13,7,11,41.9945883579,-87.6993914744,POINT (-87.69939147444 41.994588357901)
5582fe9f69c7de6332aa5d0e0170888229de4b25ea53d03b3a9e92e59ff06676d9b2e88a448c8997e7ecf2ed0d12cc96a5db94ba5c8c01aa996df36503429083,,05/25/2023 02:55:00 PM,15,STOP SIGN/FLASHER,UNKNOWN,CLEAR,DAYLIGHT,PEDESTRIAN,OTHER,,STRAIGHT AND LEVEL,DRY,NO DEFECTS,ON SCENE,INJURY AND / OR TOW DUE TO CRASH,,,,"OVER $1,500",05/25/2023 02:55:00 PM,UNABLE TO DETERMINE,UNABLE TO DETERMINE,5100,W,CONCORD PL,2533.0,,Y,,,,,2,NONINCAPACITATING INJURY,2.0,0.0,0.0,2.0,0.0,0.0,0.0,14,5,5,41.9105648144,-87.7528302963,POINT (-87.752830296335 41.910564814364)
655bd2e19ab6f5dfda13877349476ea6402437314d19a797c4000f09197a816c26dbf0d15a30f772b4c04eff3708d00ee50bd34c38bab47908d0df16ce4acaab,,05/20/2017 02:15:00 PM,30,NO CONTROLS,NO CONTROLS,CLEAR,DAYLIGHT,REAR END,DIVIDED - W/MEDIAN (NOT RAISED),4,STRAIGHT AND LEVEL,DRY,NO DEFECTS,ON SCENE,INJURY AND / OR TOW DUE TO CRASH,,,,"OVER $1,500",05/20/2017 02:20:00 PM,FOLLOWING TOO CLOSELY,NOT APPLICABLE,5140,N,ASHLAND AVE,2032.0,,,,,,,2,NO INDICATION OF INJURY,0.0,0.0,0.0,0.0,0.0,3.0,0.0,14,7,5,41.975548096,-87.669750241,POINT (-87.66975024096 41.975548095966)
8c12e8129fa84b22ff2d70a9bbba2687d3923edf69beb6c81724bac5528e45f9283bdf1eafad0a80d1ef9d8e5b8a432de0d3b1d7994e14b34b6b6588fb820be2,,09/29/2019 05:00:00 PM,15,NO CONTROLS,NO CONTROLS,CLOUDY/OVERCAST,DAYLIGHT,PARKED MOTOR VEHICLE,UNKNOWN,,STRAIGHT AND LEVEL,DRY,NO DEFECTS,NOT ON SCENE (DESK REPORT),NO INJURY / DRIVE AWAY,,,,"$501 - $1,500",09/29/2019 05:25:00 PM,UNABLE TO DETERMINE,NOT APPLICABLE,5021,W,ADAMS ST,1533.0,,,,,,,2,NO INDICATION OF INJURY,0.0,0.0,0.0,0.0,0.0,1.0,0.0,17,1,9,41.8784220939,-87.7503128311,POINT (-87.750312831129 41.878422093914)
c83f31809432601ec4970620ba1bd21f7209d92e6bc2b4cc2a6b637e157a0f4968375aa82ca135183ce79a849e6060656857ca73a26f3062a88ab8456827d5f7,,11/17/2017 08:45:00 AM,30,STOP SIGN/FLASHER,FUNCTIONING PROPERLY,CLEAR,DAYLIGHT,REAR END,NOT DIVIDED,2,STRAIGHT AND LEVEL,DRY,NO DEFECTS,ON SCENE,NO INJURY / DRIVE AWAY,,,Y,$500 OR LESS,11/17/2017 08:50:00 AM,NOT APPLICABLE,NOT APPLICABLE,8300,S,LANGLEY AVE,632.0,,,,,,,2,NO INDICATION OF INJURY,0.0,0.0,0.0,0.0,0.0,2.0,0.0,8,6,11,41.7438599227,-87.6075757785,POINT (-87.607575778526 41.743859922748)
dc7c612abc8c837a9bc14364b3e8626965e7808de42e8dbd847e363331c39dc15cfab7e8daed66da925fb0f1827a7443b9db75807916832dac09f30514a929bb,,12/13/2023 08:39:00 PM,30,STOP SIGN/FLASHER,FUNCTIONING PROPERLY,CLEAR,DARKNESS,HEAD ON,NOT DIVIDED,,STRAIGHT AND LEVEL,DRY,NO DEFECTS,NOT ON SCENE (DESK REPORT),NO INJURY / DRIVE AWAY,,,Y,"OVER $1,500",12/14/2023 10:15:00 AM,UNABLE TO DETERMINE,UNABLE TO DETERMINE,5258,S,CORNELL AVE,234.0,,,,,,,2,NO INDICATION OF INJURY,0.0,0.0,0.0,0.0,0.0,3.0,0.0,20,4,12,41.7996465449,-87.5856589034,POINT (-87.585658903353 41.799646544922)
9dd6253f97904f2cbf99cd11c08c6836f4e63b41e303e0d1560dbbec67b704297ead9473d22a6419e283795048bbea25290487e0bdf8780ed158395ef2a571f8,,06/30/2022 06:05:00 PM,30,NO CONTROLS,NO CONTROLS,CLEAR,DAYLIGHT,SIDESWIPE SAME DIRECTION,NOT DIVIDED,,STRAIGHT AND LEVEL,DRY,UNKNOWN,NOT ON SCENE (DESK REPORT),NO INJURY / DRIVE AWAY,,,,"OVER $1,500",06/30/2022 06:25:00 PM,FAILING TO YIELD RIGHT-OF-WAY,UNABLE TO DETERMINE,5998,N,LINCOLN AVE,2011.0,,,,,,,2,NO INDICATION OF INJURY,0.0,0.0,0.0,0.0,0.0,3.0,0.0,18,5,6,41.9902611766,-87.7074037832,POINT (-87.707403783183 41.990261176576)
357eed08a664c9fb2f78cd546d403d1d7e1f3a1fb93a884d7f6145d27adbdf28e606221e7af523f1493842fd27a9ec18b4194d40c320f194b59d4a1ef6d589f2,,06/26/2019 11:40:00 AM,30,NO CONTROLS,NO CONTROLS,CLEAR,DAYLIGHT,REAR END,NOT DIVIDED,,STRAIGHT AND LEVEL,DRY,NO DEFECTS,ON SCENE,NO INJURY / DRIVE AWAY,,,Y,"$501 - $1,500",06/26/2019 11:40:00 AM,FOLLOWING TOO CLOSELY,NOT APPLICABLE,2405,W,CERMAK RD,1034.0,,,,,,,2,NO INDICATION OF INJURY,0.0,0.0,0.0,0.0,0.0,3.0,0.0,11,4,6,41.8519212477,-87.6859122544,POINT (-87.685912254379 41.851921247691)
c225710189d9db1eb11247918fec8583de1306c3f0253e0f36c0c5dd820e6385c7a2c70f66dc3c55882183cf6398fcb0da149e2fd35b1e3b51b25787fe94665d,,09/27/2024 05:24:00 PM,30,NO CONTROLS,UNKNOWN,CLEAR,DAWN,PARKED MOTOR VEHICLE,NOT DIVIDED,,STRAIGHT AND LEVEL,DRY,NO DEFECTS,ON SCENE,NO INJURY / DRIVE AWAY,,,Y,$500 OR LESS,09/27/2024 06:52:00 PM,FOLLOWING TOO CLOSELY,UNABLE TO DETERMINE,2909,N,AUSTIN AVE,2514.0,,,,,,,2,NO INDICATION OF INJURY,0.0,0.0,0.0,0.0,0.0,1.0,0.0,17,6,9,41.9332848948,-87.7758904455,POINT (-87.775890445508 41.933284894835)
e2d309c1bf8f840678a88375ea85675d6aacbd0557e58bf167524b4f5515d9b0124374054d793b8353d9dfb594d5b5e83a29959c33f4347ab084ada5b85ab32b,,09/18/2021 05:36:00 AM,30,RAILROAD CROSSING GATE,FUNCTIONING PROPERLY,CLEAR,DAYLIGHT,TRAIN,NOT DIVIDED,,STRAIGHT AND LEVEL,DRY,UNKNOWN,ON SCENE,INJURY AND / OR TOW DUE TO CRASH,,,,"OVER $1,500",09/18/2021 05:36:00 AM,DISREGARDING TRAFFIC SIGNALS,PHYSICAL CONDITION OF DRIVER,4337,W,63RD ST,813.0,,,,,,,2,NO INDICATION OF INJURY,0.0,0.0,0.0,0.0,0.0,3.0,0.0,5,7,9,41.7784446796,-87.7315318725,POINT (-87.731531872452 41.778444679633)
030e096f08cad46719c99bf5c490e47b653ecc1657e30693e21bb38785030560485c68159eabfcd11a85ac3619516c6d62b850d1b196f4c634cc313fb1a63c05,,11/14/2017 08:10:00 AM,25,STOP SIGN/FLASHER,NO CONTROLS,CLEAR,DAYLIGHT,HEAD ON,NOT DIVIDED,,STRAIGHT AND LEVEL,DRY,NO DEFECTS,NOT ON SCENE (DESK REPORT),NO INJURY / DRIVE AWAY,,,,"OVER $1,500",11/14/2017 08:30:00 AM,IMPROPER BACKING,NOT APPLICABLE,4791,N,NARRAGANSETT AVE,1622.0,,,,,,,2,NO INDICATION OF INJURY,0.0,0.0,0.0,0.0,0.0,2.0,0.0,8,3,11,41.9683916157,-87.7866124812,POINT (-87.786612481187 41.968391615671)
a767970dfeef4d99933e61c80713957406e94f5766c892f0bc9f35573675f4b10e84e9eed3421c0fdce3ec734a29caa52689bbd84accc3a17e130bd22d270541,,05/16/2024 01:35:00 PM,30,NO CONTROLS,NO CONTROLS,CLEAR,DAYLIGHT,REAR END,NOT DIVIDED,,STRAIGHT AND LEVEL,DRY,NO DEFECTS,,NO INJURY / DRIVE AWAY,,,Y,"OVER $1,500",05/16/2024 02:26:00 PM,NOT APPLICABLE,NOT APPLICABLE,1601,E,HAYES DR,331.0,,,,,,,3,NO INDICATION OF INJURY,0.0,0.0,0.0,0.0,0.0,4.0,0.0,13,5,5,41.780513164,-87.586356874,POINT (-87.58635687401 41.780513163973)
2a6d2bf2b3332ef1af6a7248ce9d4e227acc62627d956d3f4e03c4b83aaf0c7bea748ad14d6201f2bd0a10c1643ef45880ba67f7b89ecbb2a67291ed02870217,,12/06/2018 12:00:00 PM,30,STOP SIGN/FLASHER,FUNCTIONING PROPERLY,CLEAR,DAYLIGHT,REAR END,NOT DIVIDED,,STRAIGHT AND LEVEL,DRY,NO DEFECTS,NOT ON SCENE (DESK REPORT),NO INJURY / DRIVE AWAY,,,,"OVER $1,500",12/06/2018 02:00:00 PM,FOLLOWING TOO CLOSELY,UNABLE TO DETERMINE,7550,N,HARLEM AVE,1611.0,,,,,,,3,NO INDICATION OF INJURY,0.0,0.0,0.0,0.0,0.0,3.0,0.0,12,5,12,42.0186515138,-87.8066998762,POINT (-87.806699876241 42.018651513822)
c0e0530b68b7d32691ba709a69ec19db6861c889425d067526c561a0ba7c8fc42f1dd74782feffaecba7966db397b9dd88ac000fe5959555aa10492c3449e04f,,03/26/2025 01:01:00 PM,30,NO CONTROLS,NO CONTROLS,CLEAR,DAYLIGHT,ANGLE,NOT DIVIDED,,STRAIGHT AND LEVEL,DRY,NO DEFECTS,ON SCENE,INJURY AND / OR TOW DUE TO CRASH,Y,,,"OVER $1,500",03/26/2025 01:07:00 PM,FAILING TO YIELD RIGHT-OF-WAY,NOT APPLICABLE,5928,W,HIGGINS AVE,1622.0,,,,,,,2,"REPORTED, NOT EVIDENT",1.0,0.0,0.0,0.0,1.0,1.0,0.0,13,4,3,41.9729350026,-87.7769139504,POINT (-87.776913950413 41.972935002584)
ccf12c267b345c2b0e6ee7572752eb1c8adce25bd4eb6bd3f96c533d98aac3b4f6011384b51c29c271efe3869c07716fa28432c7f90c514362b407a7e9b10123,,05/09/2020 05:45:00 PM,30,TRAFFIC SIGNAL,FUNCTIONING PROPERLY,CLEAR,DAWN,ANGLE,FOUR WAY,,STRAIGHT AND LEVEL,DRY,NO DEFECTS,NOT ON SCENE (DESK REPORT),NO INJURY / DRIVE AWAY,Y,,,"OVER $1,500",05/11/2020 02:20:00 PM,UNABLE TO DETERMINE,NOT APPLICABLE,100,S,SACRAMENTO BLVD,1124.0,,,,,,,2,NO INDICATION OF INJURY,0.0,0.0,0.0,0.0,0.0,2.0,0.0,17,7,5,41.8796911994,-87.7013138183,POINT (-87.701313818298 41.879691199436)
a98dd9c2aea0d47ecebb70923e979cc63b984f36781040b03a651d1c1b130941251cc00af0791d2d4cd669f2e528b4b829992ae50d0ee74c803b64690e1de57d,,09/16/2024 08:00:00 AM,30,NO CONTROLS,NO CONTROLS,CLEAR,DAYLIGHT,REAR END,DIVIDED - W/MEDIAN (NOT RAISED),,STRAIGHT AND LEVEL,DRY,NO DEFECTS,ON SCENE,NO INJURY / DRIVE AWAY,,,,"OVER $1,500",09/16/2024 08:06:00 AM,FAILING TO REDUCE SPEED TO AVOID CRASH,UNABLE TO DETERMINE,322,N,SACRAMENTO BLVD,1222.0,,,,,,,2,NO INDICATION OF INJURY,0.0,0.0,0.0,0.0,0.0,2.0,0.0,8,2,9,41.8872606168,-87.7015274737,POINT (-87.701527473737 41.887260616802)
95b6e5bd8a0b7d210d2ac4013aca4084717c7f1b78b8d5842e229c9e7a64b1a1bdedc8f86735cb6a38f38170164a26e8dc60806eda5e154fce53278cd40c77b8,,06/17/2022 09:30:00 AM,30,NO CONTROLS,NO CONTROLS,CLEAR,DAYLIGHT,TURNING,NOT DIVIDED,,STRAIGHT AND LEVEL,DRY,NO DEFECTS,NOT ON SCENE (DESK REPORT),NO INJURY / DRIVE AWAY,,,Y,"OVER $1,500",06/17/2022 10:40:00 AM,IMPROPER TURNING/NO SIGNAL,UNABLE TO DETERMINE,3516,S,CALIFORNIA AVE,911.0,,,,,,,2,NO INDICATION OF INJURY,0.0,0.0,0.0,0.0,0.0,5.0,0.0,9,6,6,41.8296043444,-87.6949238239,POINT (-87.69492382392 41.829604344371)
7e24694c692646c4d3d7221959402e3b303a22135b6c7bce7d17c6be35fb00cbc8b4cd8b626d99431e0c7ba3d9f7c6dc75474401546fc0b1233a9956745fc8fc,,10/02/2021 08:46:00 AM,30,STOP SIGN/FLASHER,FUNCTIONING PROPERLY,CLEAR,DAYLIGHT,PARKED MOTOR VEHICLE,DIVIDED - W/MEDIAN (NOT RAISED),,STRAIGHT AND LEVEL,DRY,NO DEFECTS,NOT ON SCENE (DESK REPORT),NO INJURY / DRIVE AWAY,,,Y,"$501 - $1,500",10/02/2021 12:00:00 PM,UNABLE TO DETERMINE,UNABLE TO DETERMINE,4100,W,WEST END AVE,1114.0,,,,,,,2,NO INDICATION OF INJURY,0.0,0.0,0.0,0.0,0.0,1.0,0.0,8,7,10,41.8834426368,-87.7283239373,POINT (-87.728323937335 41.883442636817)
629de2ebbdc527313be57bf70f4730c6a23374614d3e1d7c7fe6610c36355d8700e5ed8ed1011c1d9f24e2bc2bbd17758e7cf2ce31ff4999c42e66bcc4334193,,04/02/2024 12:45:00 PM,30,NO CONTROLS,NO CONTROLS,RAIN,DAYLIGHT,PARKED MOTOR VEHICLE,NOT DIVIDED,,STRAIGHT AND LEVEL,WET,UNKNOWN,NOT ON SCENE (DESK REPORT),NO INJURY / DRIVE AWAY,,,,$500 OR LESS,04/02/2024 01:00:00 PM,IMPROPER BACKING,NOT APPLICABLE,924,W,BELMONT AVE,1924.0,,,,,,,2,NO INDICATION OF INJURY,0.0,0.0,0.0,0.0,0.0,2.0,0.0,12,3,4,41.940044507,-87.6525392611,POINT (-87.652539261086 41.940044507047)
e50331531caadcef1bb931e01458fe5f255840e3ed20ba2af71c40ff27db8f6658368f884baa1ac9dab3ac6e83041a4306d910bfb17153816e94e5ccf14448fe,,08/03/2023 07:50:00 PM,30,TRAFFIC SIGNAL,FUNCTIONING PROPERLY,CLEAR,DAYLIGHT,TURNING,NOT DIVIDED,,STRAIGHT AND LEVEL,DRY,NO DEFECTS,,INJURY AND / OR TOW DUE TO CRASH,Y,,,"$501 - $1,500",08/03/2023 08:00:00 PM,IMPROPER TURNING/NO SIGNAL,UNABLE TO DETERMINE,400,E,33RD PL,211.0,,,,,,,2,NO INDICATION OF INJURY,0.0,0.0,0.0,0.0,0.0,3.0,0.0,19,5,8,41.8337263242,-87.616981745,POINT (-87.616981744961 41.833726324218)
73d3646568998ce85d1b6997fa0e982c03e09b7d1f65986110c46b9857c3b8cf58a86fe94e00b7f7a35b9ed2b52e5bcf772d13dcfc526be1cb9044dccb0a91cb,,09/19/2025 07:45:00 AM,30,NO CONTROLS,NO CONTROLS,CLEAR,DAYLIGHT,REAR END,DIVIDED - W/MEDIAN BARRIER,,STRAIGHT AND LEVEL,DRY,NO DEFECTS,ON SCENE,INJURY AND / OR TOW DUE TO CRASH,,,,"$501 - $1,500",09/19/2025 08:00:00 AM,FOLLOWING TOO CLOSELY,NOT APPLICABLE,3341,N,WESTERN AVE,1921.0,,,,,,,2,"REPORTED, NOT EVIDENT",1.0,0.0,0.0,0.0,1.0,1.0,0.0,7,6,9,41.9425188714,-87.6878825462,POINT (-87.687882546192 41.942518871394)
77119501a4b701a5fd591c48008ced1e7e7d00c2e1b9de9dfe6b6e22696a8e58cb7b5c08a9978e1fbe8b5de32e10527b17def92b10c8021a8a4d13836be58655,,01/28/2018 01:46:00 PM,30,STOP SIGN/FLASHER,NOT FUNCTIONING,CLEAR,DAYLIGHT,ANGLE,NOT DIVIDED,4,STRAIGHT AND LEVEL,DRY,NO DEFECTS,ON SCENE,INJURY AND / OR TOW DUE TO CRASH,Y,,Y,"OVER $1,500",01/28/2018 01:57:00 PM,FAILING TO YIELD RIGHT-OF-WAY,UNABLE TO DETERMINE,732,W,95TH ST,2223.0,,,,,,,2,NONINCAPACITATING INJURY,2.0,0.0,0.0,2.0,0.0,1.0,0.0,13,1,1,41.7215857229,-87.6420633958,POINT (-87.642063395849 41.721585722896)