CRASH_RECORD_ID,CRASH_DATE_EST_I,CRASH_DATE,POSTED_SPEED_LIMIT,TRAFFIC_CONTROL_DEVICE,DEVICE_CONDITION,WEATHER_CONDITION,LIGHTING_CONDITION,FIRST_CRASH_TYPE,TRAFFICWAY_TYPE,LANE_CNT,ALIGNMENT,ROADWAY_SURFACE_COND,ROAD_DEFECT,REPORT_TYPE,CRASH_TYPE,INTERSECTION_RELATED_I,NOT_RIGHT_OF_WAY_I,HIT_AND_RUN_I,DAMAGE,DATE_POLICE_NOTIFIED,PRIM_CONTRIBUTORY_CAUSE,SEC_CONTRIBUTORY_CAUSE,STREET_NO,STREET_DIRECTION,STREET_NAME,BEAT_OF_OCCURRENCE,PHOTOS_TAKEN_I,STATEMENTS_TAKEN_I,DOORING_I,WORK_ZONE_I,WORK_ZONE_TYPE,WORKERS_PRESENT_I,NUM_UNITS,MOST_SEVERE_INJURY,INJURIES_TOTAL,INJURIES_FATAL,INJURIES_INCAPACITATING,INJURIES_NON_INCAPACITATING,INJURIES_REPORTED_NOT_EVIDENT,INJURIES_NO_INDICATION,INJURIES_UNKNOWN,CRASH_HOUR,CRASH_DAY_OF_WEEK,CRASH_MONTH,LATITUDE,LONGITUDE,LOCATION
590a4ad32cd21861622945f9f52a221a8e0666ff1d91d47242c404a9ea1dcfae5511eda3ffec9df890d189a1b5c86f69bac7cf38e9e6ab0f5a4efbd60437005c,,05/02/2018 08:30:00 PM,35,TRAFFIC SIGNAL,FUNCTIONING PROPERLY,CLEAR,DARKNESS,REAR END,NOT DIVIDED,2,STRAIGHT AND LEVEL,DRY,NO DEFECTS,ON SCENE,NO INJURY / DRIVE AWAY,,,,$500 OR LESS,05/02/2018 08:42:00 PM,NOT APPLICABLE,NOT APPLICABLE,813,W,76TH ST,621.0,,,,,,,2,NO INDICATION OF INJURY,0.0,0.0,0.0,0.0,0.0,2.0,0.0,20,4,5,41.7559836921,-87.6447438207,POINT (-87.644743820728 41.7559836921)
57601c4940373ebee273428b4b7052c02a4631761698cdd79aec142b5e50e388862d0867a8367ecb8673ad458cd85d85a03fd0f2f2fed99e69c6b1a40c1a189c,,03/05/2018 12:00:00 PM,20,NO CONTROLS,NO CONTROLS,CLEAR,DAYLIGHT,PARKED MOTOR VEHICLE,NOT DIVIDED,,STRAIGHT AND LEVEL,DRY,NO DEFECTS,ON SCENE,NO INJURY / DRIVE AWAY,,,,"$501 - $1,500",03/05/2018 01:25:00 PM,UNABLE TO DETERMINE,NOT APPLICABLE,1609,W,CORNELIA AVE,1922.0,,,,,,,2,NO INDICATION OF INJURY,0.0,0.0,0.0,0.0,0.0,1.0,0.0,12,2,3,41.9450513125,-87.6692368203,POINT (-87.669236820311 41.94505131252)
be1a289ce8f26a74577b7a308481db82281f0cb9dad21d5e26bc2df7e60b526e1d3848c0b148b8a9161a049af83063b166a48cdd1debc6bf297808a8878725a7,,09/22/2024 02:43:00 PM,40,NO CONTROLS,NO CONTROLS,CLEAR,DAYLIGHT,SIDESWIPE SAME DIRECTION,DIVIDED - W/MEDIAN BARRIER,,STRAIGHT AND LEVEL,WET,NO DEFECTS,NOT ON SCENE (DESK REPORT),NO INJURY / DRIVE AWAY,,,Y,"$501 - $1,500",09/22/2024 03:10:00 PM,IMPROPER OVERTAKING/PASSING,IMPROPER LANE USAGE,3205,N,LAKE SHORE DR NB,1925.0,,,,,,,2,NO INDICATION OF INJURY,0.0,0.0,0.0,0.0,0.0,4.0,0.0,14,1,9,41.9407054289,-87.6382663507,POINT (-87.638266350699 41.940705428858)
9cd2780a7af20481dc70950b153a6eaf96fda29afeaca10226991940d521152af8b1cb054b8dbfdcfcadd9f54dfa9812ae6bd8096f2c55a300b38616a5ebf232,,06/15/2024 10:20:00 AM,35,STOP SIGN/FLASHER,FUNCTIONING PROPERLY,CLEAR,DAYLIGHT,ANGLE,UNKNOWN INTERSECTION TYPE,,STRAIGHT AND LEVEL,DRY,NO DEFECTS,NOT ON SCENE (DESK REPORT),NO INJURY / DRIVE AWAY,,,,"OVER $1,500",06/15/2024 11:20:00 AM,DRIVING SKILLS/KNOWLEDGE/EXPERIENCE,UNABLE TO DETERMINE,7600,S,EXCHANGE AVE,421.0,,N,,,,,2,NO INDICATION OF INJURY,0.0,0.0,0.0,0.0,0.0,2.0,0.0,10,7,6,41.7571563598,-87.558408913,POINT (-87.55840891305 41.757156359802)
19944f66ea2bc1728291a3f8a4c81807cd6c016415c181c3c596cb05e6f1d4008c5725c40c961e4fe5748b4cc5d3b013bfac7aaa1aa396f2dde7e9410f0331f9,,08/16/2024 12:30:00 PM,30,TRAFFIC SIGNAL,NO CONTROLS,CLEAR,DAYLIGHT,SIDESWIPE SAME DIRECTION,DIVIDED - W/MEDIAN (NOT RAISED),,STRAIGHT AND LEVEL,DRY,NO DEFECTS,NOT ON SCENE (DESK REPORT),NO INJURY / DRIVE AWAY,,,,"$501 - $1,500",08/16/2024 04:20:00 PM,IMPROPER OVERTAKING/PASSING,NOT APPLICABLE,2407,S,BLUE ISLAND AVE,1034.0,,,,,,,2,NO INDICATION OF INJURY,0.0,0.0,0.0,0.0,0.0,3.0,0.0,12,6,8,41.848445977,-87.6756603345,POINT (-87.675660334457 41.848445976988)
e3523cd36e54d79f1265fd5ffe5768042ca2dcc70e463eafcccea616484d116fa3d536ece16d95840729152af488fdb829a2e592b9abce18ae45700c3e3c4096,,06/22/2023 10:30:00 PM,25,UNKNOWN,UNKNOWN,UNKNOWN,DARKNESS,PEDALCYCLIST,ONE-WAY,,STRAIGHT AND LEVEL,DRY,UNKNOWN,NOT ON SCENE (DESK REPORT),INJURY AND / OR TOW DUE TO CRASH,,,Y,"OVER $1,500",06/22/2023 10:49:00 PM,UNABLE TO DETERMINE,NOT APPLICABLE,1615,N,KEELER AVE,2534.0,,,,,,,2,NONINCAPACITATING INJURY,1.0,0.0,0.0,1.0,0.0,1.0,0.0,22,5,6,41.9103092766,-87.7310829345,POINT (-87.731082934536 41.910309276561)
e3edc9e1b257a474ad597cbab658074f5da4e89b064fff93bce3fb276806d375de9de0e747d045a435a7d8cca20a8fe2546719cf3b50f6e5ae87d110594457c2,,11/01/2021 05:18:00 PM,30,NO CONTROLS,NO CONTROLS,CLEAR,"DARKNESS, LIGHTED ROAD",SIDESWIPE SAME DIRECTION,NOT DIVIDED,,STRAIGHT AND LEVEL,DRY,NO DEFECTS,ON SCENE,NO INJURY / DRIVE AWAY,,,,"OVER $1,500",11/01/2021 06:37:00 PM,FAILING TO REDUCE SPEED TO AVOID CRASH,UNABLE TO DETERMINE,220,W,47TH ST,925.0,,,,,,,2,NO INDICATION OF INJURY,0.0,0.0,0.0,0.0,0.0,2.0,0.0,17,2,11,41.8092371636,-87.6318670982,POINT (-87.631867098157 41.809237163628)
166b2abde6bae6af82fc9bc06086f44d99f3953f61cf831f91f3efb7b3ea411f228aa173e911fde77acac1ad7bbdf7e073a907ace8d7f6385889d81bc6ff1ab5,,06/11/2017 03:55:00 PM,30,NO CONTROLS,NO CONTROLS,CLEAR,DAYLIGHT,PARKED MOTOR VEHICLE,NOT DIVIDED,2,STRAIGHT AND LEVEL,UNKNOWN,UNKNOWN,NOT ON SCENE (DESK REPORT),NO INJURY / DRIVE AWAY,,,,"$501 - $1,500",06/11/2017 04:05:00 PM,DISTRACTION - FROM INSIDE VEHICLE,CELL PHONE USE OTHER THAN TEXTING,433,W,DIVERSEY PKWY,1935.0,,,,,,,2,NO INDICATION OF INJURY,0.0,0.0,0.0,0.0,0.0,2.0,0.0,15,1,6,41.9327742312,-87.6406850418,POINT (-87.640685041806 41.932774231246)
8d797fa4ce476be6a44a7787595f3a24a49f5ed26c9222adfcbfff0609933f23c216c085b82d8a27dd754326012c2c7dd779a1a89db4c47f0e5e4ef17af394e1,,07/17/2023 07:45:00 AM,30,STOP SIGN/FLASHER,FUNCTIONING PROPERLY,CLEAR,DAYLIGHT,PARKED MOTOR VEHICLE,NOT DIVIDED,,STRAIGHT AND LEVEL,DRY,NO DEFECTS,ON SCENE,NO INJURY / DRIVE AWAY,,,Y,"OVER $1,500",07/17/2023 07:47:00 AM,UNABLE TO DETERMINE,UNABLE TO DETERMINE,1858,N,CAMPBELL AVE,1434.0,,,,,,,2,NO INDICATION OF INJURY,0.0,0.0,0.0,0.0,0.0,1.0,0.0,7,2,7,41.9156917463,-87.6899532386,POINT (-87.689953238566 41.915691746308)
8d86f8970e8b5d78b777c9a15f80c386b98e73e53b691b707cc056b30aa15f5e1a1363694e5f3f15f89a6ed644b1ed8e960beef7a740d026fb02a948293351af,,03/03/2024 04:15:00 PM,30,NO CONTROLS,NO CONTROLS,CLEAR,DAYLIGHT,SIDESWIPE SAME DIRECTION,NOT DIVIDED,,STRAIGHT AND LEVEL,DRY,NO DEFECTS,ON SCENE,NO INJURY / DRIVE AWAY,,,Y,"OVER $1,500",03/03/2024 04:21:00 PM,FAILING TO REDUCE SPEED TO AVOID CRASH,UNABLE TO DETERMINE,4338,W,WASHINGTON BLVD,1114.0,,,,,,,2,NO INDICATION OF INJURY,0.0,0.0,0.0,0.0,0.0,3.0,0.0,16,1,3,41.8820486475,-87.7346352988,POINT (-87.734635298836 41.882048647528)
110d7223e6b2b59a00c76aa004f809572acf10ad11901125b02b30501c4d0cc8c27d7a3ba977e9c9d1cacf6b81b9b64aca210af8b197209b4c1155282aa89b2e,Y,06/23/2025 02:00:00 PM,20,NO CONTROLS,NO CONTROLS,CLEAR,DAYLIGHT,FIXED OBJECT,NOT DIVIDED,,STRAIGHT AND LEVEL,DRY,NO DEFECTS,ON SCENE,INJURY AND / OR TOW DUE TO CRASH,,,Y,"OVER $1,500",06/23/2025 02:22:00 PM,FAILING TO REDUCE SPEED TO AVOID CRASH,UNABLE TO DETERMINE,3710,S,ALBANY AVE,911.0,,,,,,,1,NO INDICATION OF INJURY,0.0,0.0,0.0,0.0,0.0,1.0,0.0,14,2,6,41.8258722638,-87.7021851834,POINT (-87.702185183413 41.825872263797)
b5f12dbceb77c1b7aedd8400dc7a1377e521e310ff9cd6a15243f63c335e509f1b357042436229e26a44c5f30076c416e38c39dd0784f52fa0232a2b9fd5ef41,,02/26/2025 08:45:00 AM,30,NO CONTROLS,NO CONTROLS,CLOUDY/OVERCAST,DAYLIGHT,ANGLE,NOT DIVIDED,,STRAIGHT AND LEVEL,WET,UNKNOWN,NOT ON SCENE (DESK REPORT),NO INJURY / DRIVE AWAY,,,,"$501 - $1,500",02/26/2025 08:55:00 AM,UNABLE TO DETERMINE,UNABLE TO DETERMINE,5202,W,MADISON ST,1522.0,,,,,,,2,NO INDICATION OF INJURY,0.0,0.0,0.0,0.0,0.0,2.0,0.0,8,4,2,41.880479486,-87.7552216551,POINT (-87.755221655092 41.880479485971)
d41464dbdcee9d7908634a7a9aaaee47b6640bae812d0ffbeb4063681f896bed580dc65ce33a1748f2eb98e0709a0e7991eb170a98f4f4f8ddbe37e5310ec327,,05/17/2025 10:40:00 PM,30,TRAFFIC SIGNAL,NO CONTROLS,CLEAR,"DARKNESS, LIGHTED ROAD",PEDESTRIAN,FOUR WAY,,STRAIGHT AND LEVEL,DRY,NO DEFECTS,ON SCENE,INJURY AND / OR TOW DUE TO CRASH,Y,,Y,$500 OR LESS,05/17/2025 11:06:00 PM,IMPROPER LANE USAGE,FAILING TO YIELD RIGHT-OF-WAY,2,W,71ST ST,322.0,,,N,,,,2,NONINCAPACITATING INJURY,1.0,0.0,0.0,1.0,0.0,1.0,0.0,22,7,5,41.7655630071,-87.6249370408,POINT (-87.624937040809 41.765563007104)
c45715707fc1e04ec146c640d65ed28e0e437ac07cf12608b33b8bafd8fbcabe3e69c8519e4790844fbf009a770636bbcb2e0a4b3fd446d1ef4c9c480de02eb8,Y,09/25/2020 10:00:00 PM,20,NO CONTROLS,NO CONTROLS,UNKNOWN,UNKNOWN,PARKED MOTOR VEHICLE,DIVIDED - W/MEDIAN (NOT RAISED),,STRAIGHT AND LEVEL,DRY,NO DEFECTS,ON SCENE,INJURY AND / OR TOW DUE TO CRASH,,,Y,"OVER $1,500",09/26/2020 04:06:00 PM,UNABLE TO DETERMINE,NOT APPLICABLE,5709,W,WABANSIA AVE,2531.0,,,,,,,2,NO INDICATION OF INJURY,0.0,0.0,0.0,0.0,0.0,1.0,0.0,22,6,9,41.9110582393,-87.7683958879,POINT (-87.768395887868 41.91105823931)
4e4224efd5bdb374f28e40626bdf52e0fe761bb04b6684ad39c463e01fbb3c928eb0b7bf3bee526b36abdc69d784b70f4b8335474d52e091a567ca93d09ccfc5,,02/28/2020 02:45:00 PM,20,NO CONTROLS,NO CONTROLS,CLEAR,DAYLIGHT,PARKED MOTOR VEHICLE,NOT DIVIDED,,STRAIGHT AND LEVEL,DRY,NO DEFECTS,NOT ON SCENE (DESK REPORT),NO INJURY / DRIVE AWAY,,,Y,"OVER $1,500",02/28/2020 04:31:00 PM,IMPROPER OVERTAKING/PASSING,IMPROPER OVERTAKING/PASSING,240,W,104TH ST,512.0,,,,,,,2,NO INDICATION OF INJURY,0.0,0.0,0.0,0.0,0.0,1.0,0.0,14,6,2,41.7053699933,-87.6298509297,POINT (-87.629850929702 41.705369993349)
12e9f85566deaad842ffdeda4dd0622c5be78a8906e408c91ca6d9eeb5a1a4f576de29414b3b3fd1947bde9a63a211df4e7db56c3550e9ee14e75e7327348e76,,01/09/2020 09:00:00 AM,30,NO CONTROLS,NO CONTROLS,CLEAR,DAYLIGHT,PARKED MOTOR VEHICLE,ONE-WAY,,STRAIGHT AND LEVEL,DRY,UNKNOWN,NOT ON SCENE (DESK REPORT),NO INJURY / DRIVE AWAY,,,Y,$500 OR LESS,01/09/2020 04:29:00 PM,IMPROPER OVERTAKING/PASSING,UNABLE TO DETERMINE,3624,N,BOSWORTH AVE,1922.0,,,,,,,2,NO INDICATION OF INJURY,0.0,0.0,0.0,0.0,0.0,1.0,0.0,9,5,1,41.9477782466,-87.6678180735,POINT (-87.667818073486 41.947778246596)
d445f99a5c98761ddc067f7c9383742db46d237c6c1474416efacd8e8e3bb5b50bf76fc613242a3dc16fc23c08b857374283e64203d92603319fccbbf450a968,,11/22/2024 07:54:00 PM,30,NO CONTROLS,NO CONTROLS,CLEAR,DAWN,SIDESWIPE SAME DIRECTION,OTHER,,STRAIGHT AND LEVEL,UNKNOWN,UNKNOWN,NOT ON SCENE (DESK REPORT),NO INJURY / DRIVE AWAY,,,Y,"OVER $1,500",11/30/2024 07:15:00 PM,FOLLOWING TOO CLOSELY,FOLLOWING TOO CLOSELY,447,S,COLUMBUS DR,114.0,,,,,,,2,NO INDICATION OF INJURY,0.0,0.0,0.0,0.0,0.0,2.0,0.0,19,6,11,41.8759358258,-87.6204513016,POINT (-87.62045130158 41.875935825759)
faacf3bd928afe214182ca3917634c517fe9b8f996a57c77652603b4b040adbd9444a7b6d7e34d48db74f7970b747177a857be25b41d9b2285d5db5af444e35e,,11/05/2021 11:29:00 AM,30,NO CONTROLS,NO CONTROLS,CLEAR,DAYLIGHT,SIDESWIPE SAME DIRECTION,NOT DIVIDED,,STRAIGHT AND LEVEL,DRY,NO DEFECTS,ON SCENE,NO INJURY / DRIVE AWAY,,,,"OVER $1,500",11/05/2021 11:32:00 AM,UNABLE TO DETERMINE,UNABLE TO DETERMINE,66,W,KINZIE ST,1831.0,,,,,,,2,NO INDICATION OF INJURY,0.0,0.0,0.0,0.0,0.0,2.0,0.0,11,6,11,41.8893285936,-87.630547851,POINT (-87.630547850953 41.889328593567)
d8f088a14e340ab7eaae0330c6d1a1b4b259dc2870b211d43c9f793f760738fd798b44cbbff44495eaf30a618eb85def28699443f06671feef1f56d41127ba83,,11/06/2022 09:17:00 AM,30,TRAFFIC SIGNAL,FUNCTIONING PROPERLY,CLEAR,DAYLIGHT,SIDESWIPE SAME DIRECTION,CENTER TURN LANE,,STRAIGHT AND LEVEL,UNKNOWN,UNKNOWN,ON SCENE,INJURY AND / OR TOW DUE TO CRASH,Y,,Y,"OVER $1,500",11/06/2022 09:19:00 AM,IMPROPER OVERTAKING/PASSING,NOT APPLICABLE,38,E,ROOSEVELT RD,123.0,,,,,,,3,NO INDICATION OF INJURY,0.0,0.0,0.0,0.0,0.0,5.0,0.0,9,1,11,41.8675412841,-87.6258733155,POINT (-87.62587331546 41.867541284114)
4adb25a19b5349da66a29a258f4a2635ee557728f667d88a09414f081817820bc126138647ded2ff97bf35e11c41a42dc8c6f25a0faf1705e16ddf1f829eb45f,,04/16/2023 12:00:00 AM,30,NO CONTROLS,NO CONTROLS,RAIN,DARKNESS,PARKED MOTOR VEHICLE,NOT DIVIDED,,STRAIGHT AND LEVEL,WET,NO DEFECTS,ON SCENE,NO INJURY / DRIVE AWAY,,,Y,"OVER $1,500",04/16/2023 02:30:00 PM,NOT APPLICABLE,WEATHER,10918,S,CENTRAL PARK AVE,2211.0,,,,,,,2,NO INDICATION OF INJURY,0.0,0.0,0.0,0.0,0.0,1.0,0.0,0,1,4,41.6944661242,-87.7108407582,POINT (-87.710840758221 41.694466124243)
f7ea9f0504574368a87768f1171b101e09ec77498578546c369aa764c4de966f7b8804b048b95e02716c255babfd7c0071c736948df0d09bac1e96c4b67776d1,,09/25/2025 12:49:00 PM,30,TRAFFIC SIGNAL,UNKNOWN,CLEAR,DAYLIGHT,TURNING,DIVIDED - W/MEDIAN (NOT RAISED),,STRAIGHT AND LEVEL,UNKNOWN,UNKNOWN,NOT ON SCENE (DESK REPORT),NO INJURY / DRIVE AWAY,,,,"$501 - $1,500",09/25/2025 01:10:00 PM,UNABLE TO DETERMINE,NOT APPLICABLE,6201,N,CALIFORNIA AVE,2413.0,,,,,,,2,NO INDICATION OF INJURY,0.0,0.0,0.0,0.0,0.0,5.0,0.0,12,5,9,41.9940703453,-87.6993720242,POINT (-87.699372024185 41.994070345289)
cba18a0b56b52b88d572efa911dc5a5a00d45ab431d6902c3176cefddb4d1dcb73212dc216a83dedef1230c6544440ee70184e60e8f2f471b46b22e69c89face,,05/30/2024 03:20:00 PM,30,TRAFFIC SIGNAL,FUNCTIONING PROPERLY,CLEAR,DAYLIGHT,REAR END,FOUR WAY,,STRAIGHT AND LEVEL,DRY,NO DEFECTS,NOT ON SCENE (DESK REPORT),NO INJURY / DRIVE AWAY,Y,,,"$501 - $1,500",05/30/2024 03:21:00 PM,FOLLOWING TOO CLOSELY,NOT APPLICABLE,808,W,CERMAK RD,1235.0,,,,,,,2,NO INDICATION OF INJURY,0.0,0.0,0.0,0.0,0.0,2.0,0.0,15,5,5,41.8527498162,-87.6469102243,POINT (-87.646910224294 41.852749816228)
f1441e628e9bccad3afe7989a0658d2b1f2de9ed413bebd844399e7772e8d27699ee8d67aabc67003147878aec8bb37ef5aef2d081576fd64d24d694ec86436d,,08/15/2025 02:35:00 PM,30,UNKNOWN,UNKNOWN,UNKNOWN,DAYLIGHT,REAR END,DIVIDED - W/MEDIAN (NOT RAISED),,STRAIGHT AND LEVEL,UNKNOWN,UNKNOWN,NOT ON SCENE (DESK REPORT),NO INJURY / DRIVE AWAY,,,Y,"$501 - $1,500",08/15/2025 04:10:00 PM,UNABLE TO DETERMINE,NOT APPLICABLE,1400,W,HOLLYWOOD AVE,2013.0,,,,,,,2,NO INDICATION OF INJURY,0.0,0.0,0.0,0.0,0.0,2.0,0.0,14,6,8,41.9856037396,-87.6651417643,POINT (-87.665141764255 41.98560373961)
d6a9a49ab6c7f2dbfa14bd212a1ab8cf29805ac87e27fc6e3ba6e18a48775badff0465b16076c6fbd94bec011bb7efdb2c0a49688fd655df297c54957d0a26da,,12/21/2024 12:20:00 PM,30,TRAFFIC SIGNAL,FUNCTIONING PROPERLY,CLEAR,DAYLIGHT,TURNING,T-INTERSECTION,,STRAIGHT AND LEVEL,DRY,UNKNOWN,ON SCENE,NO INJURY / DRIVE AWAY,Y,,,"OVER $1,500",12/21/2024 12:20:00 PM,DRIVING SKILLS/KNOWLEDGE/EXPERIENCE,DRIVING ON WRONG SIDE/WRONG WAY,9500,S,COTTAGE GROVE AVE,511.0,,,,,,,2,NO INDICATION OF INJURY,0.0,0.0,0.0,0.0,0.0,6.0,0.0,12,7,12,41.7219704652,-87.6033480401,POINT (-87.603348040077 41.721970465227)
375d86df21d1e21fbb55fcffe114142f4c18489149028dd19b7be38a9d8d8b7bdb0d38c0a0509fac63f29a5cb1e7bb2cf39ee17ec08c9244e28b0dd858cf1836,,03/18/2019 10:00:00 AM,30,TRAFFIC SIGNAL,FUNCTIONING PROPERLY,CLEAR,DAYLIGHT,SIDESWIPE SAME DIRECTION,NOT DIVIDED,2,STRAIGHT AND LEVEL,UNKNOWN,UNKNOWN,NOT ON SCENE (DESK REPORT),NO INJURY / DRIVE AWAY,,,,"$501 - $1,500",03/18/2019 12:23:00 PM,IMPROPER LANE USAGE,IMPROPER OVERTAKING/PASSING,842,W,MONTROSE AVE,1914.0,,,,,,,2,NO INDICATION OF INJURY,0.0,0.0,0.0,0.0,0.0,3.0,0.0,10,2,3,41.9619277494,-87.6516413432,POINT (-87.651641343235 41.961927749446)
3dda4e4ae430191f4972fa677a80d94edb877afa2f6b537e14a10e06b31a12e9e4c6eb34d630707e589959b7063fe5edd68fb3cc0e9c9f0ffc72909ab8e1cd46,,11/18/2020 05:04:00 PM,35,TRAFFIC SIGNAL,FUNCTIONING PROPERLY,CLEAR,DARKNESS,TURNING,DIVIDED - W/MEDIAN (NOT RAISED),,STRAIGHT AND LEVEL,DRY,NO DEFECTS,ON SCENE,INJURY AND / OR TOW DUE TO CRASH,Y,,,"OVER $1,500",11/18/2020 05:05:00 PM,DISREGARDING TRAFFIC SIGNALS,UNABLE TO DETERMINE,7059,S,WESTERN AVE,832.0,,,,,,,3,NO INDICATION OF INJURY,0.0,0.0,0.0,0.0,0.0,3.0,0.0,17,4,11,41.7647949149,-87.683098276,POINT (-87.683098275988 41.764794914892)
1066e515646cd2c03240e56def2585c432ed86c4f26f0660b8d44fe27f18429f711fc1dff04747a1a8c900f1e14bc77189ced78a11a455a1940f4f10cb641cee,,10/25/2019 09:35:00 AM,35,NO CONTROLS,NO CONTROLS,CLEAR,DAYLIGHT,PARKED MOTOR VEHICLE,DIVIDED - W/MEDIAN (NOT RAISED),,STRAIGHT AND LEVEL,DRY,NO DEFECTS,ON SCENE,NO INJURY / DRIVE AWAY,,,Y,$500 OR LESS,10/25/2019 10:02:00 AM,UNABLE TO DETERMINE,UNABLE TO DETERMINE,9920,S,WESTERN AVE,2211.0,,,,,,,2,NO INDICATION OF INJURY,0.0,0.0,0.0,0.0,0.0,2.0,0.0,9,6,10,41.7130133364,-87.6819697104,POINT (-87.681969710446 41.713013336358)
eebba3c0c8aac6e85bcf3c64693c68ee98d7b8123eae9d6c6dd28f133fdac29d22af4f19a18afbd92f3d94722eb6fe4a7f458d2e8cf0554722378f556b9acc0b,,01/05/2023 03:58:00 AM,30,TRAFFIC SIGNAL,FUNCTIONING PROPERLY,CLEAR,"DARKNESS, LIGHTED ROAD",ANGLE,T-INTERSECTION,,STRAIGHT AND LEVEL,WET,NO DEFECTS,ON SCENE,INJURY AND / OR TOW DUE TO CRASH,Y,,,"OVER $1,500",01/05/2023 03:59:00 AM,FAILING TO REDUCE SPEED TO AVOID CRASH,NOT APPLICABLE,5900,S,WENTWORTH AVE,232.0,,,,,,,2,NONINCAPACITATING INJURY,2.0,0.0,0.0,2.0,0.0,1.0,0.0,3,5,1,,,
827c76e908b368b30ae985c4b9c5e204d2d7a066e1f63d727997bdd4d79db7898d3b960b9c3751f8be52869bee218f2ddcff5de35a709199a450a578c9a91ed4,Y,03/14/2019 12:00:00 AM,25,NO CONTROLS,NO CONTROLS,CLEAR,UNKNOWN,PARKED MOTOR VEHICLE,ONE-WAY,,STRAIGHT AND LEVEL,DRY,NO DEFECTS,NOT ON SCENE (DESK REPORT),NO INJURY / DRIVE AWAY,,,Y,"OVER $1,500",03/23/2019 12:10:00 PM,UNABLE TO DETERMINE,NOT APPLICABLE,416,W,BRIAR PL,1934.0,,,,,,,2,NO INDICATION OF INJURY,0.0,0.0,0.0,0.0,0.0,1.0,0.0,0,5,3,41.9388614793,-87.6402196309,POINT (-87.64021963088 41.938861479345)
bf5ba7e826f843d4803a3b080d88e5cdab2e643620a95ca062248af52ea50843c48b68f8c7e911d5d31bd9d619c26d286e6ba9e9a538afb9c55984d798393428,,12/30/2021 04:10:00 PM,30,TRAFFIC SIGNAL,FUNCTIONING PROPERLY,CLEAR,DAYLIGHT,SIDESWIPE SAME DIRECTION,NOT DIVIDED,,STRAIGHT AND LEVEL,DRY,NO DEFECTS,NOT ON SCENE (DESK REPORT),NO INJURY / DRIVE AWAY,Y,,,"OVER $1,500",12/30/2021 05:15:00 PM,UNABLE TO DETERMINE,UNABLE TO DETERMINE,630,W,TAYLOR ST,124.0,,,,,,,2,NO INDICATION OF INJURY,0.0,0.0,0.0,0.0,0.0,5.0,0.0,16,5,12,41.8698093065,-87.6435146427,POINT (-87.643514642669 41.869809306463)
0a116dbf9402342cf1889834738e6299d516c5e9caaed6f5db3a5ca38fc6cb31e0ed55355d26fe94096f89a4141d8e598de1535bb5b7a474e7f1cdeb61878166,,05/21/2022 02:54:00 PM,30,TRAFFIC SIGNAL,FUNCTIONING PROPERLY,RAIN,DAYLIGHT,REAR END,DIVIDED - W/MEDIAN BARRIER,,STRAIGHT AND LEVEL,WET,NO DEFECTS,NOT ON SCENE (DESK REPORT),NO INJURY / DRIVE AWAY,Y,,,"OVER $1,500",05/21/2022 03:00:00 PM,UNABLE TO DETERMINE,UNABLE TO DETERMINE,373,N,AUSTIN BLVD,1512.0,,,,,,,2,NO INDICATION OF INJURY,0.0,0.0,0.0,0.0,0.0,2.0,0.0,14,7,5,41.8870260486,-87.7747320431,POINT (-87.774732043061 41.887026048576)
b7addc987d75500f271ceafb611c1e6f264c8a37ce2faa4784961d74b1cd2f829c38d49e9ba8ab6532c6b46c23cf85ac9ceb9d5226acca3b49d9e2f2a54c5c88,,11/30/2018 05:00:00 PM,30,NO CONTROLS,NO CONTROLS,CLEAR,DARKNESS,ANGLE,NOT DIVIDED,2,STRAIGHT AND LEVEL,DRY,NO DEFECTS,NOT ON SCENE (DESK REPORT),NO INJURY / DRIVE AWAY,,,,"$501 - $1,500",11/30/2018 06:33:00 PM,FAILING TO YIELD RIGHT-OF-WAY,NOT APPLICABLE,2800,N,NARRAGANSETT AVE,2511.0,,,,,,,2,NO INDICATION OF INJURY,0.0,0.0,0.0,0.0,0.0,2.0,0.0,17,6,11,41.9310908008,-87.7858388247,POINT (-87.78583882471 41.931090800798)
f2fa720728caa57ee74c91af2fdae9f8ffc576dfaf98341105a584fb5b38b6d0f6bbb3af34b8072adfe16382ed6a379677dd1a2ac255e63d9263db3c2f7fa77c,,10/16/2020 10:00:00 AM,30,NO CONTROLS,NO CONTROLS,CLEAR,DAYLIGHT,FIXED OBJECT,NOT DIVIDED,,STRAIGHT AND LEVEL,DRY,NO DEFECTS,ON SCENE,NO INJURY / DRIVE AWAY,,Y,,$500 OR LESS,10/16/2020 10:23:00 AM,UNABLE TO DETERMINE,UNABLE TO DETERMINE,5014,N,LINCOLN AVE,2031.0,,,,,,,1,NO INDICATION OF INJURY,0.0,0.0,0.0,0.0,0.0,1.0,0.0,10,6,10,41.9722413855,-87.6910563522,POINT (-87.691056352156 41.972241385532)