CRASH_RECORD_ID,CRASH_DATE_EST_I,CRASH_DATE,POSTED_SPEED_LIMIT,TRAFFIC_CONTROL_DEVICE,DEVICE_CONDITION,WEATHER_CONDITION,LIGHTING_CONDITION,FIRST_CRASH_TYPE,TRAFFICWAY_TYPE,LANE_CNT,ALIGNMENT,ROADWAY_SURFACE_COND,ROAD_DEFECT,REPORT_TYPE,CRASH_TYPE,INTERSECTION_RELATED_I,NOT_RIGHT_OF_WAY_I,HIT_AND_RUN_I,DAMAGE,DATE_POLICE_NOTIFIED,PRIM_CONTRIBUTORY_CAUSE,SEC_CONTRIBUTORY_CAUSE,STREET_NO,STREET_DIRECTION,STREET_NAME,BEAT_OF_OCCURRENCE,PHOTOS_TAKEN_I,STATEMENTS_TAKEN_I,DOORING_I,WORK_ZONE_I,WORK_ZONE_TYPE,WORKERS_PRESENT_I,NUM_UNITS,MOST_SEVERE_INJURY,INJURIES_TOTAL,INJURIES_FATAL,INJURIES_INCAPACITATING,INJURIES_NON_INCAPACITATING,INJURIES_REPORTED_NOT_EVIDENT,INJURIES_NO_INDICATION,INJURIES_UNKNOWN,CRASH_HOUR,CRASH_DAY_OF_WEEK,CRASH_MONTH,LATITUDE,LONGITUDE,LOCATION
b8551a48143f4651015ea176e312340be2059ce2c1cf466cff9fda2e9662f14d9eb92bee792041d81fafc63902dbbb6592b21a96f2d05cc3265f26376342b2da,,04/05/2023 02:57:00 PM,30,NO CONTROLS,NO CONTROLS,CLOUDY/OVERCAST,DAYLIGHT,REAR END,NOT DIVIDED,,STRAIGHT AND LEVEL,DRY,NO DEFECTS,NOT ON SCENE (DESK REPORT),NO INJURY / DRIVE AWAY,,,,"OVER $1,500",04/05/2023 03:15:00 PM,UNABLE TO DETERMINE,UNABLE TO DETERMINE,2548,W,111TH ST,2212.0,,,,,,,2,NO INDICATION OF INJURY,0.0,0.0,0.0,0.0,0.0,2.0,0.0,14,4,4,41.6918577353,-87.6854879789,POINT (-87.685487978931 41.691857735289)
23055abedd196c703a28320f3edbec9f1c6ac5675055f8c09ad68f37827ec8e88513038fdfe58c0fb76ecb2700ae2a8d65b5e5eb0ad325ee6c0233fbbd737101,,02/11/2025 02:23:00 PM,25,UNKNOWN,UNKNOWN,CLEAR,DAYLIGHT,REAR END,NOT DIVIDED,,STRAIGHT AND LEVEL,DRY,UNKNOWN,,INJURY AND / OR TOW DUE TO CRASH,,,,"$501 - $1,500",02/11/2025 04:11:00 PM,FOLLOWING TOO CLOSELY,FOLLOWING TOO CLOSELY,2241,S,HALSTED ST,1235.0,,,,,,,2,NONINCAPACITATING INJURY,1.0,0.0,0.0,1.0,0.0,1.0,0.0,14,3,2,41.8514473209,-87.6463121649,POINT (-87.646312164897 41.85144732093)
f14378a05594585da2613c63df5636a53d10e2c108b22846d7e2dfcc5e2a65bd1b4375ec855bd6d35b18cfb9ee6e7271279f4173bea493b152c02582b5fe4c2f,Y,04/28/2022 12:20:00 PM,30,TRAFFIC SIGNAL,FUNCTIONING PROPERLY,CLEAR,DAYLIGHT,REAR END,NOT DIVIDED,,STRAIGHT AND LEVEL,DRY,NO DEFECTS,NOT ON SCENE (DESK REPORT),NO INJURY / DRIVE AWAY,,,,"$501 - $1,500",04/28/2022 01:09:00 PM,FOLLOWING TOO CLOSELY,FOLLOWING TOO CLOSELY,7313,W,IRVING PARK RD,1631.0,,,,,,,2,NO INDICATION OF INJURY,0.0,0.0,0.0,0.0,0.0,2.0,0.0,12,5,4,41.952580345,-87.8104551342,POINT (-87.810455134207 41.952580344997)
ec03ac21278bde287d62a85c32d43e3b4f816d1307be1b43ac30705c1fa42978dd733422ceaddcc4cbdf8dcf157e665106fa350a56ab44dca602a8a32a03b89e,,11/04/2019 03:00:00 PM,35,STOP SIGN/FLASHER,FUNCTIONING PROPERLY,CLEAR,DAYLIGHT,SIDESWIPE SAME DIRECTION,T-INTERSECTION,,STRAIGHT AND LEVEL,DRY,NO DEFECTS,ON SCENE,NO INJURY / DRIVE AWAY,,,,"OVER $1,500",11/04/2019 03:00:00 PM,IMPROPER LANE USAGE,DRIVING ON WRONG SIDE/WRONG WAY,6300,S,EBERHART AVE,312.0,,,,,,,2,NO INDICATION OF INJURY,0.0,0.0,0.0,0.0,0.0,3.0,0.0,15,2,11,41.7801900322,-87.6133514147,POINT (-87.613351414698 41.780190032166)
2b3f04cea68ec321bbe0f6464b41b06b9a8571ee4b29c69f06045cd13534162983463ea21a479da7918be61d11beef8d4f9ca0a753aca4680dce0d62a6c3a164,,10/22/2017 08:30:00 PM,30,TRAFFIC SIGNAL,FUNCTIONING PROPERLY,RAIN,"DARKNESS, LIGHTED ROAD",TURNING,NOT DIVIDED,2,STRAIGHT AND LEVEL,WET,NO DEFECTS,NOT ON SCENE (DESK REPORT),NO INJURY / DRIVE AWAY,Y,,,"$501 - $1,500",10/23/2017 03:13:00 PM,FAILING TO YIELD RIGHT-OF-WAY,NOT APPLICABLE,3600,W,DIVERSEY AVE,2523.0,,,,,,,2,NO INDICATION OF INJURY,0.0,0.0,0.0,0.0,0.0,3.0,0.0,20,1,10,41.9320199408,-87.7172584898,POINT (-87.717258489789 41.932019940834)
ef0ddfc42d4e320ba3a0b713e535de39acf48659951d88680aa8815c5905355980594caf0ea243a6431e406bd94127696d276784ad202809f599111ff63524c2,,09/02/2019 10:30:00 AM,30,TRAFFIC SIGNAL,FUNCTIONING PROPERLY,CLEAR,DAYLIGHT,TURNING,OTHER,,STRAIGHT AND LEVEL,DRY,NO DEFECTS,NOT ON SCENE (DESK REPORT),NO INJURY / DRIVE AWAY,,,,"OVER $1,500",09/07/2019 12:00:00 PM,UNABLE TO DETERMINE,UNABLE TO DETERMINE,9900,S,HALSTED ST,2232.0,,,,,,,2,NO INDICATION OF INJURY,0.0,0.0,0.0,0.0,0.0,2.0,0.0,10,2,9,41.7141188681,-87.6431454082,POINT (-87.643145408182 41.71411886809)
ae1d8a4441dfe2c8a9af9a19a3faf30149c5d11c2bbb154062de6e0f31749223ebe6a9832c0cd4257b44b5a5d4c9306bea7845c336beec04b44637b3af8caf77,,01/17/2018 09:10:00 AM,30,TRAFFIC SIGNAL,FUNCTIONING PROPERLY,CLEAR,DAYLIGHT,REAR END,DIVIDED - W/MEDIAN (NOT RAISED),2,STRAIGHT AND LEVEL,SNOW OR SLUSH,NO DEFECTS,NOT ON SCENE (DESK REPORT),NO INJURY / DRIVE AWAY,,,,"$501 - $1,500",01/17/2018 09:30:00 AM,UNABLE TO DETERMINE,NOT APPLICABLE,1159,N,HUMBOLDT DR,1211.0,,,,,,,2,NO INDICATION OF INJURY,0.0,0.0,0.0,0.0,0.0,3.0,0.0,9,4,1,41.9027755928,-87.7021370686,POINT (-87.702137068602 41.902775592773)
f43d23fb0181dd8e16fbc0805436c66e2c461946e254a6649aec7e5e994d3c41a94334af1d139af86bbada498edd3d8c64e0b908ab84891e5fbcaa1d75af165f,,10/08/2016 02:34:00 PM,30,NO CONTROLS,NO CONTROLS,CLEAR,DAYLIGHT,PARKED MOTOR VEHICLE,NOT DIVIDED,,STRAIGHT AND LEVEL,DRY,NO DEFECTS,NOT ON SCENE (DESK REPORT),NO INJURY / DRIVE AWAY,,,Y,"$501 - $1,500",10/08/2016 05:18:00 PM,IMPROPER OVERTAKING/PASSING,UNABLE TO DETERMINE,3942,W,62ND ST,823.0,,,,,,,2,NO INDICATION OF INJURY,0.0,0.0,0.0,0.0,0.0,1.0,0.0,14,7,10,41.7806008955,-87.721845893,POINT (-87.721845893011 41.780600895538)
77810684433be27bab25ae1c2b417f036c67db042f247c851c872f6b1acb20b31c3daf413533b5d4a4d5a0bce3d84c05271fb770a97fdd67387359627952d5a5,Y,10/25/2022 09:15:00 AM,30,NO CONTROLS,NO CONTROLS,RAIN,DAYLIGHT,REAR END,T-INTERSECTION,,STRAIGHT AND LEVEL,WET,NO DEFECTS,NOT ON SCENE (DESK REPORT),NO INJURY / DRIVE AWAY,Y,,Y,"$501 - $1,500",10/25/2022 10:00:00 AM,UNABLE TO DETERMINE,UNABLE TO DETERMINE,800,E,103RD ST,511.0,,,,,,,2,NO INDICATION OF INJURY,0.0,0.0,0.0,0.0,0.0,2.0,0.0,9,3,10,41.7075964166,-87.6039597635,POINT (-87.603959763544 41.707596416649)
2488f682af01b21b0eb2bf8b583e92aeaf8dd9e29bb58827bcda718b030233ef575ff82464a64d9467ed99944170412e5af55cad30e806463103ca66c4397eb3,,06/15/2019 02:05:00 PM,30,OTHER,NO CONTROLS,RAIN,DAYLIGHT,TURNING,DIVIDED - W/MEDIAN (NOT RAISED),,STRAIGHT AND LEVEL,WET,NO DEFECTS,ON SCENE,NO INJURY / DRIVE AWAY,,,,"OVER $1,500",06/15/2019 02:05:00 PM,WEATHER,IMPROPER TURNING/NO SIGNAL,2001,N,CICERO AVE,2522.0,,,,,,,2,NO INDICATION OF INJURY,0.0,0.0,0.0,0.0,0.0,2.0,0.0,14,7,6,41.9169831126,-87.7459665849,POINT (-87.745966584887 41.916983112634)
304b06fc40691b15d7d58bcd3513dfc28a16ad0c6eaa0be55963e7ed3e8d0c50fc56a873f4009288c42cc20df76f39f6daac3e3f5ebdb4886ad3d937f5d32a6a,,10/30/2018 05:20:00 PM,30,NO CONTROLS,NO CONTROLS,UNKNOWN,"DARKNESS, LIGHTED ROAD",PARKED MOTOR VEHICLE,NOT DIVIDED,,STRAIGHT AND LEVEL,UNKNOWN,UNKNOWN,ON SCENE,NO INJURY / DRIVE AWAY,,,Y,"OVER $1,500",10/30/2018 06:27:00 PM,IMPROPER BACKING,NOT APPLICABLE,620,N,CLARK ST,1832.0,,,,,,,2,NO INDICATION OF INJURY,0.0,0.0,0.0,0.0,0.0,1.0,0.0,17,3,10,41.8931876284,-87.6313147202,POINT (-87.631314720159 41.893187628353)
09188b49d603c183e01d7daed366e03bba57a63334e87465a2d408a05255ea866c83bad41a6c0d6f34f74f80eb1fef51bb2120d28fd591c22a4cc0ef8e771ff0,,10/03/2017 05:35:00 PM,35,NO CONTROLS,NO CONTROLS,CLEAR,DAYLIGHT,SIDESWIPE SAME DIRECTION,NOT DIVIDED,,STRAIGHT AND LEVEL,DRY,NO DEFECTS,NOT ON SCENE (DESK REPORT),NO INJURY / DRIVE AWAY,,,,$500 OR LESS,10/03/2017 06:30:00 PM,UNABLE TO DETERMINE,NOT APPLICABLE,5500,W,DIVISION ST,2532.0,,,,,,,2,NO INDICATION OF INJURY,0.0,0.0,0.0,0.0,0.0,2.0,0.0,17,3,10,41.902273157,-87.7639186516,POINT (-87.763918651597 41.902273156962)
56add1902715e42fd814d5eeafb54ecc6a888ccec81abf38fe8514345dccaf536c19a3f0730f50f5044b9ea7547b1683d9f0fe08ef245f8d3ed128190ea89159,,04/14/2021 11:01:00 AM,30,NO CONTROLS,NO CONTROLS,CLEAR,DAYLIGHT,PARKED MOTOR VEHICLE,OTHER,,STRAIGHT AND LEVEL,DRY,NO DEFECTS,ON SCENE,INJURY AND / OR TOW DUE TO CRASH,,,,"OVER $1,500",04/14/2021 11:01:00 AM,FAILING TO REDUCE SPEED TO AVOID CRASH,FAILING TO REDUCE SPEED TO AVOID CRASH,5632,W,IRVING PARK RD,1624.0,,Y,,,,,3,NO INDICATION OF INJURY,0.0,0.0,0.0,0.0,0.0,1.0,0.0,11,4,4,41.9532760019,-87.768368196,POINT (-87.768368195951 41.953276001921)
15a406c45cbf870ef2ff2558849cdbeea832e88699dbc13cb15665ec53e6870723df1ce8ce63d3da2de490a79cf122a6c1952a4bfb97ea1d243c30d8da1a9581,,03/30/2023 04:00:00 PM,30,UNKNOWN,UNKNOWN,CLEAR,DAYLIGHT,SIDESWIPE SAME DIRECTION,ONE-WAY,,STRAIGHT AND LEVEL,DRY,NO DEFECTS,NOT ON SCENE (DESK REPORT),NO INJURY / DRIVE AWAY,,,Y,"OVER $1,500",03/30/2023 07:00:00 PM,"OPERATING VEHICLE IN ERRATIC, RECKLESS, CARELESS, NEGLIGENT OR AGGRESSIVE MANNER","OPERATING VEHICLE IN ERRATIC, RECKLESS, CARELESS, NEGLIGENT OR AGGRESSIVE MANNER",8300,S,LAFAYETTE AVE,622.0,,,,,,,2,NO INDICATION OF INJURY,0.0,0.0,0.0,0.0,0.0,2.0,0.0,16,5,3,41.743541848,-87.6257732415,POINT (-87.625773241467 41.743541847975)
dc24ea58f91feba7aec9d380550991c84296ddb3a8b09cb89c0a96cbf4539c435af868c5ed79e668f55e42186035c42a1ec20811dd01aa6aef5247877fea0a98,,12/18/2023 08:15:00 AM,30,NO CONTROLS,NO CONTROLS,CLOUDY/OVERCAST,DAYLIGHT,SIDESWIPE SAME DIRECTION,NOT DIVIDED,,STRAIGHT AND LEVEL,UNKNOWN,UNKNOWN,NOT ON SCENE (DESK REPORT),NO INJURY / DRIVE AWAY,,,,"$501 - $1,500",12/18/2023 05:50:00 PM,UNABLE TO DETERMINE,NOT APPLICABLE,2200,W,RICE ST,1212.0,,,,,,,2,NO INDICATION OF INJURY,0.0,0.0,0.0,0.0,0.0,2.0,0.0,8,2,12,41.8968551574,-87.6820995246,POINT (-87.682099524569 41.896855157449)
60f6417f6997e489d483d57548d0abd5efcca156e2a42998bfbf6a572a53da2232770018f34151f8ecce582f95f5e4e71e4dede503fd5a01af499042c2482708,,07/20/2020 05:00:00 AM,25,NO CONTROLS,NO CONTROLS,CLEAR,DAYLIGHT,PARKED MOTOR VEHICLE,ONE-WAY,,STRAIGHT AND LEVEL,DRY,NO DEFECTS,NOT ON SCENE (DESK REPORT),NO INJURY / DRIVE AWAY,,,Y,"OVER $1,500",07/20/2020 01:26:00 PM,UNABLE TO DETERMINE,NOT APPLICABLE,4903,W,CONCORD PL,2533.0,,,,,,,2,NO INDICATION OF INJURY,0.0,0.0,0.0,0.0,0.0,1.0,0.0,5,2,7,41.9103896519,-87.7494099524,POINT (-87.749409952374 41.910389651865)
1d67886c29df8ae1e65c6b2e100f611042d8656a723ecb7fe8cacf9d29e0c8f35e545aa763ae9579533961dab68ea666770c5d56bf30fe48ff0be6325694ca3e,Y,02/10/2018 05:50:00 PM,30,NO CONTROLS,NO CONTROLS,SNOW,"DARKNESS, LIGHTED ROAD",REAR END,NOT DIVIDED,,STRAIGHT AND LEVEL,SNOW OR SLUSH,NO DEFECTS,NOT ON SCENE (DESK REPORT),NO INJURY / DRIVE AWAY,,,,"$501 - $1,500",02/12/2018 10:15:00 AM,UNABLE TO DETERMINE,NOT APPLICABLE,2455,N,HARLEM AVE,2512.0,,,,,,,2,NO INDICATION OF INJURY,0.0,0.0,0.0,0.0,0.0,2.0,0.0,17,7,2,41.9251343508,-87.8061494524,POINT (-87.806149452398 41.92513435076)
23cf2ebcb159b5646e3d2f89720fcb03cf93ba49cc383f13e5c25a89e05b90ff15f907a6f65d6f027b0d70641b21e208fafb701e6ed3eae2d4ead266d69d89f2,,08/03/2024 09:14:00 PM,30,TRAFFIC SIGNAL,FUNCTIONING PROPERLY,CLEAR,"DARKNESS, LIGHTED ROAD",REAR END,DIVIDED - W/MEDIAN (NOT RAISED),,STRAIGHT AND LEVEL,DRY,NO DEFECTS,,NO INJURY / DRIVE AWAY,,,,"$501 - $1,500",08/03/2024 09:14:00 PM,FAILING TO REDUCE SPEED TO AVOID CRASH,FAILING TO REDUCE SPEED TO AVOID CRASH,6900,S,DR MARTIN LUTHER KING JR DR,322.0,,,,,,,2,NO INDICATION OF INJURY,0.0,0.0,0.0,0.0,0.0,3.0,0.0,21,7,8,41.769246677,-87.6154989599,POINT (-87.61549895992 41.769246676973)
07526ae3e46258db23a5359b77c7480fdfc1eaa2c83b6d1bd093f844c02f0ba953917d8e1975723d782a257746be52e7598c2e1c7438fb69968ef2dab52b20c3,,11/14/2018 04:45:00 PM,35,TRAFFIC SIGNAL,FUNCTIONING PROPERLY,CLEAR,DAYLIGHT,PEDESTRIAN,CENTER TURN LANE,4,STRAIGHT AND LEVEL,DRY,UNKNOWN,ON SCENE,INJURY AND / OR TOW DUE TO CRASH,,,,$500 OR LESS,11/14/2018 04:48:00 PM,NOT APPLICABLE,NOT APPLICABLE,4400,W,ROOSEVELT RD,1131.0,,,,,,,2,NONINCAPACITATING INJURY,1.0,0.0,0.0,1.0,0.0,1.0,0.0,16,4,11,41.8661408676,-87.7350895601,POINT (-87.735089560082 41.866140867642)
ce81842352793f88a77789ee61114fb43c1ec83d4e952a2cbcdec77a7efbb5ea2b48318c0584391db53e16d33aa9ebb711e2aec73b750a06a4c5c39274d40cfd,,03/20/2025 08:30:00 PM,30,TRAFFIC SIGNAL,FUNCTIONING PROPERLY,CLEAR,"DARKNESS, LIGHTED ROAD",REAR END,NOT DIVIDED,,STRAIGHT AND LEVEL,DRY,UNKNOWN,NOT ON SCENE (DESK REPORT),NO INJURY / DRIVE AWAY,,,,"OVER $1,500",03/20/2025 09:20:00 PM,UNABLE TO DETERMINE,NOT APPLICABLE,1850,W,95TH ST,2221.0,,,,,,,2,NO INDICATION OF INJURY,0.0,0.0,0.0,0.0,0.0,2.0,0.0,20,5,3,41.7212286139,-87.6695716811,POINT (-87.669571681128 41.721228613888)
6946005978c6b6f20a7ef80365e1ca160988f3949b428c9ea7a8b149149d5e4da860234b161fe0064e64e7f995896ddd11c25b93a546c313692ae9035f3bbd20,,05/07/2022 12:00:00 PM,30,UNKNOWN,UNKNOWN,CLEAR,DAYLIGHT,REAR END,PARKING LOT,,STRAIGHT AND LEVEL,DRY,UNKNOWN,NOT ON SCENE (DESK REPORT),NO INJURY / DRIVE AWAY,,,Y,"OVER $1,500",05/13/2022 09:21:00 AM,UNABLE TO DETERMINE,UNABLE TO DETERMINE,9516,S,VINCENNES AVE,2213.0,,,,,,,2,NO INDICATION OF INJURY,0.0,0.0,0.0,0.0,0.0,2.0,0.0,12,7,5,41.7209318257,-87.6509417905,POINT (-87.650941790465 41.720931825735)
ba16251e7ec421feada44497e6606f0f675081a3093b3325b975e771b29d2f8f8856d2444ca4617ea709906f00b7d2223653e13554f41d721652a2c70cdb4a41,,04/11/2019 08:00:00 AM,30,NO CONTROLS,NO CONTROLS,CLEAR,DAYLIGHT,PARKED MOTOR VEHICLE,NOT DIVIDED,4,STRAIGHT AND LEVEL,DRY,NO DEFECTS,ON SCENE,NO INJURY / DRIVE AWAY,,,,$500 OR LESS,04/11/2019 08:03:00 AM,"VISION OBSCURED (SIGNS, TREE LIMBS, BUILDINGS, ETC.)",NOT APPLICABLE,4511,W,FULLERTON AVE,2522.0,,,,,,,2,NO INDICATION OF INJURY,0.0,0.0,0.0,0.0,0.0,2.0,0.0,8,5,4,41.924219793,-87.7394853712,POINT (-87.739485371184 41.924219792987)
072b318518db43259cbec3881ee657a5d2eeb1c9727733b37b48b41f2e552f3f39232ed74198e13c80be640e143b621a1208aa39f038ddbf2abf037a403e4a7e,,07/26/2016 02:34:00 PM,30,NO CONTROLS,NO CONTROLS,CLEAR,DAYLIGHT,SIDESWIPE SAME DIRECTION,NOT DIVIDED,4,STRAIGHT AND LEVEL,DRY,UNKNOWN,NOT ON SCENE (DESK REPORT),NO INJURY / DRIVE AWAY,,,Y,"OVER $1,500",07/26/2016 03:25:00 PM,IMPROPER LANE USAGE,NOT APPLICABLE,1156,N,CICERO AVE,1531.0,,,,,,,2,NO INDICATION OF INJURY,0.0,0.0,0.0,0.0,0.0,2.0,0.0,14,3,7,41.9022361396,-87.7461231424,POINT (-87.746123142353 41.902236139551)
750e0e195ff388c1291f72e846a7ec0ec6cb4938995fd35ba4fa8c37639d408b8a5aac0e620d867ba01b6042671c3ddbfd2782d1cc84ef9d2dc2975c90957478,,03/18/2020 12:27:00 AM,30,NO CONTROLS,NO CONTROLS,CLEAR,"DARKNESS, LIGHTED ROAD",SIDESWIPE SAME DIRECTION,ONE-WAY,,STRAIGHT AND LEVEL,DRY,NO DEFECTS,ON SCENE,NO INJURY / DRIVE AWAY,,,,"$501 - $1,500",03/18/2020 12:37:00 AM,IMPROPER OVERTAKING/PASSING,IMPROPER OVERTAKING/PASSING,5735,S,CALUMET AVE,232.0,,,,,,,2,NO INDICATION OF INJURY,0.0,0.0,0.0,0.0,0.0,5.0,0.0,0,4,3,41.7900971938,-87.6173366511,POINT (-87.617336651089 41.790097193834)
81d7097fc11534c41c779bfaf57823a3edcac0a9b78d0ece5c6c8df3cc5f1011661aa28ae26bd825a07be174240686073fdc2f545f06cfc3e3e842f846851119,,08/16/2017 04:10:00 PM,0,NO CONTROLS,NO CONTROLS,CLEAR,DAYLIGHT,PARKED MOTOR VEHICLE,NOT DIVIDED,2,STRAIGHT AND LEVEL,DRY,NO DEFECTS,NOT ON SCENE (DESK REPORT),INJURY AND / OR TOW DUE TO CRASH,,,,"OVER $1,500",08/16/2017 04:39:00 PM,DRIVING SKILLS/KNOWLEDGE/EXPERIENCE,UNABLE TO DETERMINE,7423,S,LOOMIS BLVD,734.0,,,,,,,2,"REPORTED, NOT EVIDENT",2.0,0.0,0.0,0.0,2.0,3.0,0.0,16,4,8,41.7588405024,-87.6586601527,POINT (-87.658660152748 41.758840502359)
4a8dc7e14b7ef8ba56f2221097d1b0f6331751b77d446f0ccbe7f9a225bdd271a28e6a3edfc4f8d82f2ecdba07ceef042262546022a13012a1ec461a6ba0ce4e,,08/18/2019 10:15:00 PM,30,TRAFFIC SIGNAL,FUNCTIONING PROPERLY,CLEAR,"DARKNESS, LIGHTED ROAD",ANGLE,ONE-WAY,,STRAIGHT AND LEVEL,DRY,NO DEFECTS,NOT ON SCENE (DESK REPORT),NO INJURY / DRIVE AWAY,Y,,,"OVER $1,500",08/18/2019 10:35:00 PM,DISREGARDING TRAFFIC SIGNALS,NOT APPLICABLE,700,W,TAYLOR ST,124.0,,,,,,,2,NO INDICATION OF INJURY,0.0,0.0,0.0,0.0,0.0,2.0,0.0,22,1,8,41.8698052221,-87.6437763018,POINT (-87.643776301838 41.869805222061)
a0d40ee9578cc003251012f49a53c11b94224cda52fec8d2207f4a407f63a7eb33d20d534dd38fbdf19ac62b4e58afd99a0c389cf31b78cbbdff6a87066e6762,,11/14/2020 05:07:00 PM,30,NO CONTROLS,NO CONTROLS,CLEAR,"DARKNESS, LIGHTED ROAD",FIXED OBJECT,DIVIDED - W/MEDIAN (NOT RAISED),,STRAIGHT AND LEVEL,DRY,NO DEFECTS,ON SCENE,INJURY AND / OR TOW DUE TO CRASH,,,,"OVER $1,500",11/14/2020 05:08:00 PM,IMPROPER LANE USAGE,NOT APPLICABLE,2300,W,79TH ST,835.0,,,,,,,1,NO INDICATION OF INJURY,0.0,0.0,0.0,0.0,0.0,1.0,0.0,17,7,11,41.750230283,-87.6805288134,POINT (-87.680528813378 41.75023028298)
a5eececec274ba5c4adc481e873de56a9a110b5f92e735eddb2bf11625f90a02aedbc5094a4b5a223eea0b08408f3f0d615d088b2fdaa7e4fda63dfd569b1e67,Y,06/09/2020 09:00:00 PM,30,NO CONTROLS,NO CONTROLS,RAIN,"DARKNESS, LIGHTED ROAD",PARKED MOTOR VEHICLE,ONE-WAY,,STRAIGHT AND LEVEL,WET,UNKNOWN,ON SCENE,NO INJURY / DRIVE AWAY,,,Y,"OVER $1,500",06/10/2020 06:38:00 AM,"OPERATING VEHICLE IN ERRATIC, RECKLESS, CARELESS, NEGLIGENT OR AGGRESSIVE MANNER",DRIVING SKILLS/KNOWLEDGE/EXPERIENCE,1453,S,AVERS AVE,1011.0,,,,,,,2,NO INDICATION OF INJURY,0.0,0.0,0.0,0.0,0.0,1.0,0.0,21,3,6,41.8610020776,-87.7212164693,POINT (-87.721216469289 41.861002077554)
315b953f334095d619aa94f184b75900dd261f170d912992a8aeef7821522fff8e36d0640f57fb4f97bf45d3b888894f8990cc7863a8c85fb8234ec705502d00,,06/25/2020 07:00:00 PM,35,NO CONTROLS,FUNCTIONING PROPERLY,CLEAR,DAWN,PEDALCYCLIST,FOUR WAY,,STRAIGHT AND LEVEL,DRY,NO DEFECTS,NOT ON SCENE (DESK REPORT),NO INJURY / DRIVE AWAY,,,,$500 OR LESS,06/25/2020 10:20:00 PM,FOLLOWING TOO CLOSELY,FAILING TO REDUCE SPEED TO AVOID CRASH,5157,N,CICERO AVE,1712.0,,,,,,,2,NO INDICATION OF INJURY,0.0,0.0,0.0,0.0,0.0,2.0,0.0,19,5,6,41.9752029229,-87.7478386337,POINT (-87.74783863374 41.975202922891)
ea08d21e1786cee0e749a556be4cba9dd7690f4e2186d3be4d95961830d93370fa9d462228c9a5572a80c417e6ceb445db7441ba05c9f3267500de6eea773135,Y,08/11/2021 08:35:00 PM,30,NO CONTROLS,NO CONTROLS,CLEAR,DAYLIGHT,PARKED MOTOR VEHICLE,NOT DIVIDED,,STRAIGHT AND LEVEL,DRY,NO DEFECTS,NOT ON SCENE (DESK REPORT),NO INJURY / DRIVE AWAY,N,,Y,$500 OR LESS,08/14/2021 09:40:00 AM,NOT APPLICABLE,NOT APPLICABLE,2043,E,75TH ST,414.0,,,,,,,2,NO INDICATION OF INJURY,0.0,0.0,0.0,0.0,0.0,1.0,0.0,20,4,8,41.7587874349,-87.5744175548,POINT (-87.574417554825 41.758787434941)
319c4df43f3a50d860a33efc40932a5377c84c921223166613e789cc2e0ae9a38bb124a15d04ea9578653a644eac743254ba538ddf61c655e2579162b30f942a,,01/30/2019 09:05:00 PM,20,NO CONTROLS,NO CONTROLS,CLEAR,DUSK,SIDESWIPE SAME DIRECTION,OTHER,,STRAIGHT AND LEVEL,DRY,NO DEFECTS,ON SCENE,INJURY AND / OR TOW DUE TO CRASH,,,,"OVER $1,500",01/30/2019 09:31:00 PM,DISTRACTION - FROM INSIDE VEHICLE,DISTRACTION - FROM INSIDE VEHICLE,2954,W,WARREN BLVD,1222.0,,,,,,,2,INCAPACITATING INJURY,1.0,0.0,1.0,0.0,0.0,1.0,0.0,21,4,1,41.8820552418,-87.7008889409,POINT (-87.70088894089 41.882055241769)
af0af66b041cb21f538c72604e5a118958f13eceb2d1bccd0ea77c2211b99e460e71d83a215ac733a40444c16c63653bb20b5bb091354d7295fad5666d997930,,04/26/2018 10:51:00 AM,30,NO CONTROLS,NO CONTROLS,CLEAR,DAYLIGHT,PARKED MOTOR VEHICLE,ALLEY,1,STRAIGHT AND LEVEL,DRY,NO DEFECTS,ON SCENE,INJURY AND / OR TOW DUE TO CRASH,,,,"OVER $1,500",04/26/2018 10:53:00 AM,EQUIPMENT - VEHICLE CONDITION,NOT APPLICABLE,6736,S,SANGAMON ST,723.0,,,,,,,2,NONINCAPACITATING INJURY,1.0,0.0,0.0,1.0,0.0,1.0,0.0,10,5,4,41.7713107842,-87.6483511324,POINT (-87.64835113241 41.771310784218)
7a919b7832b5fb37c2c49007ce13e94f7a02a4fd8de9b399e22293b4362361151e7226348177d1a88b1d7f20d947a879f60334d1e9b2df69033a5ab6501b3ea0,,12/07/2024 10:30:00 AM,25,NO CONTROLS,NO CONTROLS,CLEAR,DAYLIGHT,PARKED MOTOR VEHICLE,NOT DIVIDED,,STRAIGHT AND LEVEL,DRY,NO DEFECTS,ON SCENE,INJURY AND / OR TOW DUE TO CRASH,,,,"OVER $1,500",12/07/2024 10:38:00 AM,FAILING TO REDUCE SPEED TO AVOID CRASH,CELL PHONE USE OTHER THAN TEXTING,5350,W,HARRISON ST,1522.0,,,,,,,3,NO INDICATION OF INJURY,0.0,0.0,0.0,0.0,0.0,2.0,0.0,10,7,12,41.8730021811,-87.7593345745,POINT (-87.759334574463 41.873002181061)