CRASH_RECORD_ID,CRASH_DATE_EST_I,CRASH_DATE,POSTED_SPEED_LIMIT,TRAFFIC_CONTROL_DEVICE,DEVICE_CONDITION,WEATHER_CONDITION,LIGHTING_CONDITION,FIRST_CRASH_TYPE,TRAFFICWAY_TYPE,LANE_CNT,ALIGNMENT,ROADWAY_SURFACE_COND,ROAD_DEFECT,REPORT_TYPE,CRASH_TYPE,INTERSECTION_RELATED_I,NOT_RIGHT_OF_WAY_I,HIT_AND_RUN_I,DAMAGE,DATE_POLICE_NOTIFIED,PRIM_CONTRIBUTORY_CAUSE,SEC_CONTRIBUTORY_CAUSE,STREET_NO,STREET_DIRECTION,STREET_NAME,BEAT_OF_OCCURRENCE,PHOTOS_TAKEN_I,STATEMENTS_TAKEN_I,DOORING_I,WORK_ZONE_I,WORK_ZONE_TYPE,WORKERS_PRESENT_I,NUM_UNITS,MOST_SEVERE_INJURY,INJURIES_TOTAL,INJURIES_FATAL,INJURIES_INCAPACITATING,INJURIES_NON_INCAPACITATING,INJURIES_REPORTED_NOT_EVIDENT,INJURIES_NO_INDICATION,INJURIES_UNKNOWN,CRASH_HOUR,CRASH_DAY_OF_WEEK,CRASH_MONTH,LATITUDE,LONGITUDE,LOCATION
9793a61c15327f8645e0c7af4ab96e261a8631631924f68b56632b43d16be43ede12a92a86b7055b87c053c982a46c98220d991094370103d38120aa39ca888c,,02/28/2025 11:00:00 AM,30,STOP SIGN/FLASHER,NO CONTROLS,CLEAR,DAYLIGHT,REAR END,ONE-WAY,,STRAIGHT AND LEVEL,DRY,NO DEFECTS,NOT ON SCENE (DESK REPORT),NO INJURY / DRIVE AWAY,,,,"$501 - $1,500",02/28/2025 11:20:00 AM,FOLLOWING TOO CLOSELY,NOT APPLICABLE,3600,N,TRIPP AVE,1731.0,,,,,,,2,NO INDICATION OF INJURY,0.0,0.0,0.0,0.0,0.0,2.0,0.0,11,6,2,41.9463812646,-87.7338977111,POINT (-87.73389771107 41.946381264584)
b36de681591c6dc659f71321f6fb7eb206892cd386bb2579cadb58a280cda5f1b1162c14335d718e77942f27c079645fcec6fa874ea77692576b7dc6b9013b86,,04/05/2022 06:18:00 PM,30,TRAFFIC SIGNAL,FUNCTIONING PROPERLY,CLEAR,DAYLIGHT,SIDESWIPE SAME DIRECTION,DIVIDED - W/MEDIAN (NOT RAISED),,STRAIGHT AND LEVEL,DRY,NO DEFECTS,NOT ON SCENE (DESK REPORT),NO INJURY / DRIVE AWAY,,,,"$501 - $1,500",04/05/2022 11:03:00 PM,FAILING TO YIELD RIGHT-OF-WAY,NOT APPLICABLE,6700,S,JEFFERY BLVD,332.0,,,,,,,2,NO INDICATION OF INJURY,0.0,0.0,0.0,0.0,0.0,2.0,0.0,18,3,4,41.7733684085,-87.5766385522,POINT (-87.576638552177 41.773368408547)
01b65bbcceb6e54828a5072a3d775c8f7f2cf51992b51c6df4dc23ac4997d704709777495f6a754a2c75c190164ec9791011a182164194d5c9952353a3cc0ccf,,11/05/2018 07:00:00 PM,30,TRAFFIC SIGNAL,FUNCTIONING PROPERLY,RAIN,DARKNESS,FIXED OBJECT,DIVIDED - W/MEDIAN BARRIER,,"CURVE, LEVEL",WET,NO DEFECTS,NOT ON SCENE (DESK REPORT),NO INJURY / DRIVE AWAY,,,,"OVER $1,500",11/06/2018 01:00:00 PM,WEATHER,NOT APPLICABLE,4547,N,CICERO AVE,1722.0,,,,,,,1,NO INDICATION OF INJURY,0.0,0.0,0.0,0.0,0.0,3.0,0.0,19,2,11,41.963905731,-87.7472916553,POINT (-87.747291655302 41.963905731042)
dfb95536fd29f0807bca072b98f92e8e7c040c476873f4b475f92c74ad8217e3abd591ae9d7c93d51a82fa3d7bc178318bbbe071697ac4b8d8aa5e9f540fd176,,08/23/2021 12:15:00 AM,55,NO CONTROLS,NO CONTROLS,CLEAR,"DARKNESS, LIGHTED ROAD",SIDESWIPE SAME DIRECTION,OTHER,,STRAIGHT AND LEVEL,DRY,NO DEFECTS,ON SCENE,NO INJURY / DRIVE AWAY,,,,$500 OR LESS,08/23/2021 12:20:00 AM,UNDER THE INFLUENCE OF ALCOHOL/DRUGS (USE WHEN ARREST IS EFFECTED),IMPROPER LANE USAGE,2400,S,DAN RYAN EXPY IB,914.0,,,,,,,2,NO INDICATION OF INJURY,0.0,0.0,0.0,0.0,0.0,2.0,0.0,0,2,8,41.8494067759,-87.6442563421,POINT (-87.644256342142 41.849406775857)
1afef479fb583fb9c2421d926f80e843c18d29a7e2554a640e42899b40d2ca36ecdf648329b782d796368ed5980c3733b63379711828927a9b08c5f692f1654c,,09/24/2024 08:00:00 PM,30,UNKNOWN,UNKNOWN,UNKNOWN,UNKNOWN,REAR END,NOT DIVIDED,,STRAIGHT AND LEVEL,UNKNOWN,UNKNOWN,NOT ON SCENE (DESK REPORT),NO INJURY / DRIVE AWAY,,,Y,"$501 - $1,500",09/24/2024 08:45:00 PM,NOT APPLICABLE,NOT APPLICABLE,1325,W,WILSON AVE,1913.0,,,,,,,2,NO INDICATION OF INJURY,0.0,0.0,0.0,0.0,0.0,4.0,0.0,20,3,9,41.9652057816,-87.6635142425,POINT (-87.663514242486 41.965205781616)
a7e2540bd4f674610d53784fa9c043c6507ef2967db9e92b072073c1455a675afcf0505e0d8973412bc477bff4838fea76b0d3d6e093219f7bfe4966231cbeb2,,09/08/2021 07:52:00 AM,30,NO CONTROLS,NO CONTROLS,CLEAR,DAYLIGHT,TURNING,NOT DIVIDED,,STRAIGHT AND LEVEL,DRY,NO DEFECTS,ON SCENE,INJURY AND / OR TOW DUE TO CRASH,Y,,,"OVER $1,500",09/08/2021 07:56:00 AM,FAILING TO YIELD RIGHT-OF-WAY,NOT APPLICABLE,526,N,ORLEANS ST,1831.0,,,,,,,2,"REPORTED, NOT EVIDENT",1.0,0.0,0.0,0.0,1.0,2.0,0.0,7,4,9,41.891503833,-87.6371764412,POINT (-87.637176441212 41.891503833012)
8d2a2138a97a7e4cc7f8f03625c90670046bf75556720677f7d4369cf4d892e60cf8138a7dbaa2d7cbc720edacab85db53c1b16df7c4e63d4dab3ce4039bd2f9,,07/10/2021 08:00:00 PM,30,TRAFFIC SIGNAL,FUNCTIONING PROPERLY,RAIN,DARKNESS,ANGLE,DIVIDED - W/MEDIAN (NOT RAISED),,STRAIGHT AND LEVEL,WET,NO DEFECTS,ON SCENE,INJURY AND / OR TOW DUE TO CRASH,Y,,,"OVER $1,500",07/10/2021 08:13:00 PM,DISREGARDING TRAFFIC SIGNALS,FAILING TO REDUCE SPEED TO AVOID CRASH,2400,W,111TH ST,2212.0,,,,,,,2,NO INDICATION OF INJURY,0.0,0.0,0.0,0.0,0.0,2.0,0.0,20,7,7,41.6918894686,-87.6812173427,POINT (-87.681217342654 41.691889468608)
82e05fec07e302dc3b60d6bdc2ca68d908c61a53beb10f317723d3ad51a552904a171f9f17fa258fba4c7a9b518f75213b4256d069095fc91ce2670cf98b8f57,,06/19/2020 12:40:00 PM,30,NO CONTROLS,NO CONTROLS,CLEAR,DAYLIGHT,PARKED MOTOR VEHICLE,ONE-WAY,,STRAIGHT AND LEVEL,DRY,NO DEFECTS,ON SCENE,INJURY AND / OR TOW DUE TO CRASH,,,,"OVER $1,500",06/19/2020 12:42:00 PM,DISTRACTION - FROM OUTSIDE VEHICLE,NOT APPLICABLE,10137,S,RACINE AVE,2232.0,,,,,,,3,NO INDICATION OF INJURY,0.0,0.0,0.0,0.0,0.0,1.0,0.0,12,6,6,41.7093568468,-87.6524810679,POINT (-87.652481067869 41.709356846826)
8e9091fc646b87e51125a3fb68e5ff809336397f8e6188096919a2f76d5c9a6f4d37f0a4ebe1833e7086b925e6da21c9352ac52a73c00dda5b7588eb0f68a90d,,05/04/2022 04:00:00 PM,25,STOP SIGN/FLASHER,NO CONTROLS,CLEAR,DAYLIGHT,REAR END,T-INTERSECTION,,STRAIGHT AND LEVEL,UNKNOWN,UNKNOWN,NOT ON SCENE (DESK REPORT),NO INJURY / DRIVE AWAY,Y,,Y,"OVER $1,500",05/04/2022 06:25:00 PM,UNABLE TO DETERMINE,UNABLE TO DETERMINE,800,E,71ST ST,321.0,,,,,,,2,NO INDICATION OF INJURY,0.0,0.0,0.0,0.0,0.0,2.0,0.0,16,4,5,41.7659788987,-87.6054638688,POINT (-87.605463868765 41.765978898721)
5e1a5b52bffe8331a697ef0076ea19595aca86fd06e2204fc68eff510c05a0f250bbc2e7b25ee6d674214ce63613dd070b7073adc187865eafd01c96a8158ae9,,04/28/2019 01:40:00 PM,30,UNKNOWN,UNKNOWN,CLEAR,DAYLIGHT,ANGLE,NOT DIVIDED,,STRAIGHT AND LEVEL,DRY,NO DEFECTS,NOT ON SCENE (DESK REPORT),NO INJURY / DRIVE AWAY,,,,"$501 - $1,500",04/28/2019 02:47:00 PM,FAILING TO YIELD RIGHT-OF-WAY,FAILING TO YIELD RIGHT-OF-WAY,4640,N,CUMBERLAND AVE,1614.0,,,,,,,2,NO INDICATION OF INJURY,0.0,0.0,0.0,0.0,0.0,4.0,0.0,13,1,4,41.9642115802,-87.8368373652,POINT (-87.836837365226 41.96421158017)
d5f6fe9ef8a168ca13c827c00de16c5400143654cd81a18550e3e573de43f013bebb45832dde76ac251630a198332053550864dc97122de179f57c4b2fe03076,,01/27/2017 07:30:00 PM,30,TRAFFIC SIGNAL,FUNCTIONING PROPERLY,CLEAR,"DARKNESS, LIGHTED ROAD",TURNING,DIVIDED - W/MEDIAN (NOT RAISED),6,STRAIGHT AND LEVEL,DRY,NO DEFECTS,NOT ON SCENE (DESK REPORT),NO INJURY / DRIVE AWAY,,,,$500 OR LESS,01/27/2017 08:15:00 PM,UNABLE TO DETERMINE,UNABLE TO DETERMINE,2350,W,79TH ST,835.0,,,,,,,2,NO INDICATION OF INJURY,0.0,0.0,0.0,0.0,0.0,3.0,0.0,19,6,1,41.7502075256,-87.6824105415,POINT (-87.682410541546 41.750207525594)
dba2634f47a923ab6554389c58563fab61a8128fe7237e1127e5adf7e94abf960bb59447dc52062d9f28315efa67b5cd4809c7be072cf3aa8d65adaaf5258712,,09/15/2024 07:54:00 PM,30,TRAFFIC SIGNAL,FUNCTIONING PROPERLY,CLEAR,"DARKNESS, LIGHTED ROAD",TURNING,T-INTERSECTION,,STRAIGHT AND LEVEL,DRY,NO DEFECTS,ON SCENE,INJURY AND / OR TOW DUE TO CRASH,Y,,,"OVER $1,500",09/15/2024 07:54:00 PM,UNABLE TO DETERMINE,FAILING TO YIELD RIGHT-OF-WAY,5200,W,BELMONT AVE,1634.0,,Y,,,,,2,NONINCAPACITATING INJURY,1.0,0.0,0.0,1.0,0.0,2.0,0.0,19,1,9,41.9388087003,-87.7568138939,POINT (-87.756813893918 41.938808700258)
79592b9122a49c89623c25b8f461765e4604e9eab0a29918ce8c8be9e932b8f493aa39cada1b5095f9edd3e92e55ca987807361559b9ab77c0d59c13f4d6f53e,,08/07/2018 03:15:00 PM,25,NO CONTROLS,NO CONTROLS,CLEAR,DAYLIGHT,REAR END,NOT DIVIDED,,STRAIGHT AND LEVEL,DRY,NO DEFECTS,NOT ON SCENE (DESK REPORT),NO INJURY / DRIVE AWAY,,,Y,"$501 - $1,500",08/08/2018 12:03:00 PM,UNABLE TO DETERMINE,FOLLOWING TOO CLOSELY,2624,N,ASHLAND AVE,1931.0,,,,,,,4,NO INDICATION OF INJURY,0.0,0.0,0.0,0.0,0.0,4.0,0.0,15,3,8,41.9295017892,-87.6684437766,POINT (-87.66844377656 41.929501789203)
eb017a39adca9e02b8f650053113b606cc1215a3c7e3310f96c90e73ddc2c0edfd2c3472ee05b0d3b872153d64adf97346e448923c20ba9fab5e74b82580aec4,Y,07/21/2019 07:27:00 PM,30,NO CONTROLS,NO CONTROLS,CLEAR,DAYLIGHT,PARKED MOTOR VEHICLE,ONE-WAY,,STRAIGHT AND LEVEL,DRY,NO DEFECTS,ON SCENE,INJURY AND / OR TOW DUE TO CRASH,,,Y,"OVER $1,500",07/21/2019 07:28:00 PM,UNABLE TO DETERMINE,NOT APPLICABLE,3241,W,HARRISON ST,1134.0,,,,,,,3,NO INDICATION OF INJURY,0.0,0.0,0.0,0.0,0.0,1.0,0.0,19,1,7,41.8735592091,-87.7075442567,POINT (-87.707544256704 41.87355920909)
898de4e6156b657dbf69ca8d80070fa2b09d0a3c4c2711fa735b06bb4dcb33c50b3a3899cbe1304da0afa5e83e116b2fa33e14c607896bc2970c90f5804513c6,,09/08/2021 07:16:00 PM,30,NO CONTROLS,NO CONTROLS,CLEAR,"DARKNESS, LIGHTED ROAD",TURNING,NOT DIVIDED,,STRAIGHT AND LEVEL,DRY,NO DEFECTS,ON SCENE,INJURY AND / OR TOW DUE TO CRASH,,,,"OVER $1,500",09/08/2021 07:20:00 PM,"VISION OBSCURED (SIGNS, TREE LIMBS, BUILDINGS, ETC.)",NOT APPLICABLE,10600,S,AVENUE N,432.0,,,,,,,2,NO INDICATION OF INJURY,0.0,0.0,0.0,0.0,0.0,2.0,0.0,19,4,9,41.7026582645,-87.5390595069,POINT (-87.539059506922 41.702658264457)
79d7e2aa649c08ca0789a6e3061c8f9c232050a4d485cc23376a7ef5eacd3c5dd2f69b3cffc88e6d4639513f9c838777d42e0608b6b9c7fc18e3f0ab50ebadc9,,07/26/2021 12:10:00 AM,30,NO CONTROLS,NO CONTROLS,CLEAR,"DARKNESS, LIGHTED ROAD",PARKED MOTOR VEHICLE,NOT DIVIDED,,STRAIGHT AND LEVEL,DRY,NO DEFECTS,ON SCENE,INJURY AND / OR TOW DUE TO CRASH,,,,"OVER $1,500",07/26/2021 12:10:00 AM,UNABLE TO DETERMINE,NOT APPLICABLE,4210,W,ADDISON ST,1731.0,,,,,,,2,NO INDICATION OF INJURY,0.0,0.0,0.0,0.0,0.0,1.0,0.0,0,2,7,41.9464142297,-87.7327358989,POINT (-87.732735898868 41.946414229683)
756d41a6815c526e8d28bf819a4c6af76c58819a4f2923765154da6286671a3d36cb6e62d393e317032e11eb80aadcebca0e0ebf2a3695a63490af35ab9d9b0f,,04/04/2021 04:00:00 PM,30,NO CONTROLS,NO CONTROLS,CLEAR,DAYLIGHT,PARKED MOTOR VEHICLE,ONE-WAY,,STRAIGHT AND LEVEL,DRY,NO DEFECTS,NOT ON SCENE (DESK REPORT),NO INJURY / DRIVE AWAY,,,Y,"OVER $1,500",04/05/2021 06:00:00 PM,IMPROPER BACKING,UNABLE TO DETERMINE,4826,S,WOLCOTT AVE,931.0,,,,,,,2,NO INDICATION OF INJURY,0.0,0.0,0.0,0.0,0.0,1.0,0.0,16,1,4,41.8058865274,-87.6723357152,POINT (-87.672335715156 41.805886527439)
cca54b8b971ece469b768be67d2ed6e1b7e76c6fa11addb5f4c3a67214f2cdabed5cfb90da9fcefe941ee59e8b4a70ae3e858b78c18463cf2553316ec921a1d3,,08/25/2023 06:50:00 AM,30,NO CONTROLS,NO CONTROLS,CLEAR,DAYLIGHT,PARKED MOTOR VEHICLE,OTHER,,STRAIGHT AND LEVEL,DRY,NO DEFECTS,ON SCENE,INJURY AND / OR TOW DUE TO CRASH,,Y,,"$501 - $1,500",08/25/2023 06:54:00 AM,UNABLE TO DETERMINE,UNABLE TO DETERMINE,850,E,63RD ST,313.0,,,,,,,2,NO INDICATION OF INJURY,0.0,0.0,0.0,0.0,0.0,1.0,0.0,6,6,8,41.7805475739,-87.6039383102,POINT (-87.603938310246 41.780547573927)
01eda9de9d56c74dfb9f52569555e6736428acf6630c4ea0100bf1caaf82027a2fd8f51e618b7fce3c36622818bcd822da6c38aa9847c326d77279e98de86163,,08/16/2017 03:15:00 PM,15,NO CONTROLS,NO CONTROLS,RAIN,DAYLIGHT,PARKED MOTOR VEHICLE,OTHER,1,STRAIGHT AND LEVEL,WET,NO DEFECTS,NOT ON SCENE (DESK REPORT),NO INJURY / DRIVE AWAY,,,Y,"$501 - $1,500",08/16/2017 06:12:00 PM,UNABLE TO DETERMINE,UNABLE TO DETERMINE,2939,W,LYNDALE ST,1414.0,,,,Y,CONSTRUCTION,,2,NO INDICATION OF INJURY,0.0,0.0,0.0,0.0,0.0,1.0,0.0,15,4,8,41.9222826624,-87.7014368818,POINT (-87.70143688184 41.922282662424)
65c5b635cb8409a9aac403f2cefb06213298af92d4bfbdbd5ea063e94268fbd1ed75a237f7feaf20f3c08cbf8dcabcf4310addb17b7dc2bae0e051186f653d0a,,12/04/2019 01:15:00 PM,40,NO CONTROLS,NO CONTROLS,CLEAR,DAYLIGHT,SIDESWIPE SAME DIRECTION,NOT DIVIDED,,STRAIGHT AND LEVEL,DRY,NO DEFECTS,ON SCENE,NO INJURY / DRIVE AWAY,,,,"$501 - $1,500",12/04/2019 01:53:00 PM,UNABLE TO DETERMINE,NOT APPLICABLE,7045,S,PULASKI RD,833.0,,,,,,,2,NO INDICATION OF INJURY,0.0,0.0,0.0,0.0,0.0,2.0,0.0,13,4,12,41.7645896091,-87.7222396043,POINT (-87.722239604294 41.764589609122)
0976b4ee588641bd711b4fd2a7a0f1ad409f34f3244da7aef247252db3e68bf40ba2a10659ef4c0c7028c7f814d8709589c8dd36ea0473e41187f5180f701845,,11/08/2018 10:15:00 PM,30,NO CONTROLS,NO CONTROLS,CLEAR,"DARKNESS, LIGHTED ROAD",PARKED MOTOR VEHICLE,ONE-WAY,1,STRAIGHT AND LEVEL,DRY,UNKNOWN,ON SCENE,NO INJURY / DRIVE AWAY,,,N,"OVER $1,500",11/08/2018 10:24:00 PM,UNABLE TO DETERMINE,UNABLE TO DETERMINE,3759,W,LE MOYNE ST,2535.0,,,,,,,2,NO INDICATION OF INJURY,0.0,0.0,0.0,0.0,0.0,1.0,0.0,22,5,11,41.908015935,-87.7215420911,POINT (-87.721542091085 41.908015935021)
299694037bc968874cf077f4518ab3deb7976c91d981c4b612f6aa8e013150c4cdd88757217058d234d43cc144642cabc72b25aae294a9e7016b0cd8b7fedc95,,05/24/2020 05:40:00 PM,30,NO CONTROLS,NO CONTROLS,CLEAR,DAYLIGHT,FIXED OBJECT,NOT DIVIDED,,STRAIGHT AND LEVEL,DRY,NO DEFECTS,ON SCENE,INJURY AND / OR TOW DUE TO CRASH,,,,"OVER $1,500",05/24/2020 05:45:00 PM,UNABLE TO DETERMINE,UNABLE TO DETERMINE,600,S,KEDZIE AVE,1134.0,,,,,,,1,NONINCAPACITATING INJURY,2.0,0.0,0.0,2.0,0.0,1.0,0.0,17,1,5,41.8736391495,-87.7060618927,POINT (-87.706061892749 41.873639149472)
343f38380bc6fdf0c322b5da106d498ac731752e010195c31e823f9a31eeb8ebb241d43e96a9a927fb35cae017161ba02bc41e5fa982d55451f67ea457180e7e,,10/10/2023 07:30:00 PM,30,TRAFFIC SIGNAL,FUNCTIONING PROPERLY,CLEAR,"DARKNESS, LIGHTED ROAD",TURNING,DIVIDED - W/MEDIAN (NOT RAISED),,CURVE ON GRADE,DRY,NO DEFECTS,NOT ON SCENE (DESK REPORT),NO INJURY / DRIVE AWAY,Y,,,"OVER $1,500",10/10/2023 09:00:00 PM,IMPROPER LANE USAGE,UNABLE TO DETERMINE,5673,N,RIDGE AVE,2013.0,,,,,,,2,NO INDICATION OF INJURY,0.0,0.0,0.0,0.0,0.0,2.0,0.0,19,3,10,41.9851416323,-87.6623137435,POINT (-87.662313743497 41.985141632309)
a2b75eef5b0f2a66890e353d434522798ab159c65ec55ff91a6bd1a19e326cf1bcfaf0b4116ce652079708417aa4cda19bf0f298c1dd46374a53f0242830bf1f,,07/21/2018 05:00:00 PM,30,NO CONTROLS,NO CONTROLS,CLEAR,DAYLIGHT,FIXED OBJECT,ONE-WAY,1,STRAIGHT AND LEVEL,DRY,NO DEFECTS,ON SCENE,NO INJURY / DRIVE AWAY,,,Y,$500 OR LESS,07/21/2018 05:10:00 PM,NOT APPLICABLE,NOT APPLICABLE,4047,N,MOZART ST,1724.0,,,,,,,2,NO INDICATION OF INJURY,0.0,0.0,0.0,0.0,0.0,1.0,0.0,17,7,7,41.9553545526,-87.6993596005,POINT (-87.699359600506 41.955354552645)
aad6879bfdfa2ad116d28ed2c00c3796f1cb2306e794fad627fcefbe29954ef8aceb403396fdf01d133d417853ac74ed6b4aaebaff69ca8c34df62f4b1496b99,,04/09/2025 09:30:00 AM,25,NO CONTROLS,NO CONTROLS,CLEAR,DAYLIGHT,PARKED MOTOR VEHICLE,ONE-WAY,,STRAIGHT AND LEVEL,UNKNOWN,UNKNOWN,NOT ON SCENE (DESK REPORT),NO INJURY / DRIVE AWAY,,,Y,"OVER $1,500",04/09/2025 03:55:00 PM,NOT APPLICABLE,NOT APPLICABLE,900,N,MAYFIELD AVE,1511.0,,,,,,,2,NO INDICATION OF INJURY,0.0,0.0,0.0,0.0,0.0,1.0,0.0,9,4,4,41.8966145911,-87.7725030617,POINT (-87.772503061664 41.896614591146)
4cc03397955091568eb23341bd2c7a6ffdbfd42a6029c7c1af58a3dbdb2c12bf419dfa338c5b6da5b04d510a44777497c88ecd07df90eb59a3376381cb9953be,,09/22/2022 03:20:00 PM,10,NO CONTROLS,NO CONTROLS,CLEAR,DAYLIGHT,FIXED OBJECT,ALLEY,,STRAIGHT AND LEVEL,DRY,NO DEFECTS,ON SCENE,NO INJURY / DRIVE AWAY,,Y,,"OVER $1,500",09/22/2022 03:25:00 PM,FAILING TO REDUCE SPEED TO AVOID CRASH,FAILING TO REDUCE SPEED TO AVOID CRASH,4623,S,LECLAIRE AVE,814.0,,,,,,,1,NO INDICATION OF INJURY,0.0,0.0,0.0,0.0,0.0,1.0,0.0,15,5,9,41.8086380061,-87.750376556,POINT (-87.750376556014 41.808638006069)
378aca0146b71f0b1d36f11c5205fa7c14e55356a037c8e2ac133aaa254ad903e9738dfd80b599345dd340c5d69f1c7ae017f4ffb0bcb2c9d30d82b1d01bd177,,12/29/2017 03:15:00 PM,20,NO CONTROLS,NO CONTROLS,SNOW,DAYLIGHT,HEAD ON,NOT DIVIDED,2,STRAIGHT AND LEVEL,SNOW OR SLUSH,NO DEFECTS,ON SCENE,INJURY AND / OR TOW DUE TO CRASH,,,,"OVER $1,500",12/29/2017 03:22:00 PM,WEATHER,WEATHER,368,W,76TH ST,623.0,,,,,,,2,"REPORTED, NOT EVIDENT",1.0,0.0,0.0,0.0,1.0,1.0,0.0,15,6,12,41.7563652416,-87.6343622636,POINT (-87.634362263626 41.75636524158)
7561d644476ade8001eea4cdbf0ebfd369cff5fef60025f8636fe9b4f1fbe924539686cdcc23120077ecf357fba2e1c68a679aa9cd05730c009870a800d648d5,,05/15/2018 07:30:00 PM,30,TRAFFIC SIGNAL,UNKNOWN,CLEAR,DAYLIGHT,REAR END,DIVIDED - W/MEDIAN (NOT RAISED),4,STRAIGHT AND LEVEL,DRY,NO DEFECTS,,NO INJURY / DRIVE AWAY,Y,,,"OVER $1,500",05/18/2018 03:20:00 PM,FOLLOWING TOO CLOSELY,UNABLE TO DETERMINE,800,W,ROOSEVELT RD,1232.0,,,,,,,2,NO INDICATION OF INJURY,0.0,0.0,0.0,0.0,0.0,2.0,0.0,19,3,5,41.8672630984,-87.646972686,POINT (-87.646972686016 41.867263098369)
c293ed1b479b23d3ff7daf6ded677184e6c2a3381b4c7ea1435d7986414a15a6563c16b48d91e5dfd5a29147295d7233f0e400d6387674b8c7fcd82e452d9b05,,10/12/2015 05:15:00 PM,30,NO CONTROLS,NO CONTROLS,CLEAR,DUSK,SIDESWIPE SAME DIRECTION,DIVIDED - W/MEDIAN (NOT RAISED),2,STRAIGHT AND LEVEL,DRY,NO DEFECTS,NOT ON SCENE (DESK REPORT),NO INJURY / DRIVE AWAY,Y,,,"$501 - $1,500",10/13/2015 09:15:00 AM,IMPROPER LANE USAGE,FAILING TO YIELD RIGHT-OF-WAY,1432,E,71ST ST,332.0,,,,,,,2,NO INDICATION OF INJURY,0.0,0.0,0.0,0.0,0.0,2.0,0.0,17,2,10,41.7662212052,-87.5895920499,POINT (-87.589592049873 41.766221205249)
5c9b11ea53f3797a489bc0e661084df1d85f39ce2a7efb3e71804d39af321b43346d57bcdd636e686cda255f589993b1ad4c0a7fc9f4711010f9b9070bd03002,,07/08/2020 11:20:00 AM,15,NO CONTROLS,NOT FUNCTIONING,CLEAR,DAYLIGHT,PARKED MOTOR VEHICLE,ONE-WAY,,STRAIGHT AND LEVEL,DRY,NO DEFECTS,ON SCENE,NO INJURY / DRIVE AWAY,,,,$500 OR LESS,07/08/2020 11:25:00 AM,UNABLE TO DETERMINE,UNABLE TO DETERMINE,8620,S,ABERDEEN ST,613.0,,,,,,,2,NO INDICATION OF INJURY,0.0,0.0,0.0,0.0,0.0,1.0,0.0,11,4,7,41.7371314085,-87.6510896312,POINT (-87.651089631201 41.7371314085)
26f551c76d9d50f049aa7daf49befdc8cf466f5e4be008d444cfb5d030aaae1307e3b619d97f0105f59724e5e68b79dc52f00ad719f4f614792a40b6d2fedd59,,09/10/2021 10:55:00 AM,30,STOP SIGN/FLASHER,FUNCTIONING PROPERLY,CLEAR,DAYLIGHT,TURNING,DIVIDED - W/MEDIAN (NOT RAISED),,STRAIGHT AND LEVEL,DRY,NO DEFECTS,,NO INJURY / DRIVE AWAY,Y,,,"$501 - $1,500",09/10/2021 12:10:00 PM,IMPROPER LANE USAGE,UNABLE TO DETERMINE,1721,W,GRAND AVE,1215.0,,,,,,,2,NO INDICATION OF INJURY,0.0,0.0,0.0,0.0,0.0,3.0,0.0,10,6,9,41.8908203791,-87.6704814705,POINT (-87.670481470461 41.890820379146)
ba7fe5a419d95a62a8803252c24272dd995998bd158e59640a0e10791c43424edf99fa333c1359d6973509dc14ceb1a206a42036582cf197ddcc6efe3f23cd23,,12/12/2018 05:29:00 PM,30,TRAFFIC SIGNAL,FUNCTIONING PROPERLY,CLEAR,"DARKNESS, LIGHTED ROAD",TURNING,DIVIDED - W/MEDIAN (NOT RAISED),2,STRAIGHT AND LEVEL,DRY,NO DEFECTS,ON SCENE,INJURY AND / OR TOW DUE TO CRASH,Y,,,"OVER $1,500",12/12/2018 05:29:00 PM,DISREGARDING TRAFFIC SIGNALS,DISREGARDING TRAFFIC SIGNALS,5532,N,NAGLE AVE,1613.0,,,,,,,2,INCAPACITATING INJURY,2.0,0.0,1.0,0.0,1.0,2.0,0.0,17,4,12,41.9820778621,-87.7878986763,POINT (-87.787898676316 41.982077862072)
4f08f39b6e7462404ea39cc2c0c8f134ee28ab91e2d2b726a8dd4290b1f5778ed221eaf7e231a2c9a67a0f8b095f5ad2dbf62041c1198c1b26823247a38beb3f,,02/24/2022 03:31:00 PM,30,TRAFFIC SIGNAL,FUNCTIONING PROPERLY,SNOW,DAYLIGHT,SIDESWIPE SAME DIRECTION,NOT DIVIDED,,STRAIGHT AND LEVEL,SNOW OR SLUSH,NO DEFECTS,NOT ON SCENE (DESK REPORT),NO INJURY / DRIVE AWAY,,,Y,"$501 - $1,500",02/24/2022 04:10:00 PM,UNABLE TO DETERMINE,NOT APPLICABLE,8401,W,BRYN MAWR AVE,1614.0,,,,,,,2,NO INDICATION OF INJURY,0.0,0.0,0.0,0.0,0.0,3.0,0.0,15,5,2,41.9794313193,-87.8366357886,POINT (-87.83663578865 41.979431319308)
a6d3e1dbde86de03ce8bec66dc95e0563b19fd93c187b97df9c55f0d90705bbcf3d2c7ec138f30a76672f3c04b198c661150c7d3cbd23c097ab4b6024168100d,,05/30/2022 12:30:00 AM,15,NO CONTROLS,NO CONTROLS,CLEAR,"DARKNESS, LIGHTED ROAD",PARKED MOTOR VEHICLE,NOT DIVIDED,,STRAIGHT AND LEVEL,DRY,NO DEFECTS,NOT ON SCENE (DESK REPORT),NO INJURY / DRIVE AWAY,,,Y,"OVER $1,500",05/30/2022 10:50:00 AM,UNABLE TO DETERMINE,NOT APPLICABLE,2333,N,AUSTIN AVE,2515.0,,,,,,,2,NO INDICATION OF INJURY,0.0,0.0,0.0,0.0,0.0,1.0,0.0,0,2,5,41.9229698443,-87.7755392242,POINT (-87.775539224209 41.922969844284)