CRASH_RECORD_ID,CRASH_DATE_EST_I,CRASH_DATE,POSTED_SPEED_LIMIT,TRAFFIC_CONTROL_DEVICE,DEVICE_CONDITION,WEATHER_CONDITION,LIGHTING_CONDITION,FIRST_CRASH_TYPE,TRAFFICWAY_TYPE,LANE_CNT,ALIGNMENT,ROADWAY_SURFACE_COND,ROAD_DEFECT,REPORT_TYPE,CRASH_TYPE,INTERSECTION_RELATED_I,NOT_RIGHT_OF_WAY_I,HIT_AND_RUN_I,DAMAGE,DATE_POLICE_NOTIFIED,PRIM_CONTRIBUTORY_CAUSE,SEC_CONTRIBUTORY_CAUSE,STREET_NO,STREET_DIRECTION,STREET_NAME,BEAT_OF_OCCURRENCE,PHOTOS_TAKEN_I,STATEMENTS_TAKEN_I,DOORING_I,WORK_ZONE_I,WORK_ZONE_TYPE,WORKERS_PRESENT_I,NUM_UNITS,MOST_SEVERE_INJURY,INJURIES_TOTAL,INJURIES_FATAL,INJURIES_INCAPACITATING,INJURIES_NON_INCAPACITATING,INJURIES_REPORTED_NOT_EVIDENT,INJURIES_NO_INDICATION,INJURIES_UNKNOWN,CRASH_HOUR,CRASH_DAY_OF_WEEK,CRASH_MONTH,LATITUDE,LONGITUDE,LOCATION
02e0ae36f8f316990324f08701fb171a9d038670217e2b880a2d41809d813f557fc52cf920282ebdc383e4745a3856d60c8e529812ecc294dfe51a98e7360643,,12/20/2016 10:15:00 PM,30,TRAFFIC SIGNAL,FUNCTIONING PROPERLY,CLEAR,"DARKNESS, LIGHTED ROAD",TURNING,DIVIDED - W/MEDIAN (NOT RAISED),2,STRAIGHT AND LEVEL,DRY,NO DEFECTS,NOT ON SCENE (DESK REPORT),NO INJURY / DRIVE AWAY,,,,"OVER $1,500",12/20/2016 10:35:00 PM,IMPROPER TURNING/NO SIGNAL,FAILING TO REDUCE SPEED TO AVOID CRASH,4800,N,SHERIDAN RD,2024.0,Y,Y,,,,,2,NO INDICATION OF INJURY,0.0,0.0,0.0,0.0,0.0,2.0,0.0,22,3,12,41.9691356424,-87.6549701238,POINT (-87.654970123793 41.969135642436)
b0c1893143ed316040d1374939a1393377c7518e057352ed17e3177311dab68c5294222ece81928f75c16be0a9d9f6d76a66f96355f03cc84bf332837cc63b37,,12/16/2016 05:30:00 PM,30,NO CONTROLS,NO CONTROLS,CLEAR,"DARKNESS, LIGHTED ROAD",SIDESWIPE SAME DIRECTION,NOT DIVIDED,4,STRAIGHT AND LEVEL,DRY,NO DEFECTS,NOT ON SCENE (DESK REPORT),NO INJURY / DRIVE AWAY,,,,"OVER $1,500",12/16/2016 06:20:00 PM,IMPROPER OVERTAKING/PASSING,NOT APPLICABLE,210,W,CHICAGO AVE,1823.0,,,,,,,2,NO INDICATION OF INJURY,0.0,0.0,0.0,0.0,0.0,2.0,0.0,17,6,12,41.8966980259,-87.634700483,POINT (-87.634700482992 41.896698025883)
3dfaed03c60f0467f501df263cf2b0d49d720361e0db932222fa4bb1141fbb346f6a92299315b261bf70a14c0705edab402ae64de8ef28de8fc614e84589f564,,03/10/2022 06:44:00 PM,30,TRAFFIC SIGNAL,FUNCTIONING PROPERLY,CLEAR,DUSK,TURNING,NOT DIVIDED,,STRAIGHT AND LEVEL,DRY,NO DEFECTS,ON SCENE,NO INJURY / DRIVE AWAY,Y,,,"$501 - $1,500",03/10/2022 06:45:00 PM,DISREGARDING YIELD SIGN,UNABLE TO DETERMINE,800,W,EXCHANGE AVE,925.0,,,,,,,2,NO INDICATION OF INJURY,0.0,0.0,0.0,0.0,0.0,2.0,0.0,18,5,3,41.8187355542,-87.6459206635,POINT (-87.645920663527 41.818735554174)
85986deeb947f7afbf237af9b788c02038ff0e6786002d2273612de3e069ddb533ff48b38c56fe9172ed6becbe601fd5533c0fd30e54dc8c9f2c678c7d3110e0,,10/30/2021 01:30:00 PM,30,NO CONTROLS,NO CONTROLS,CLEAR,DAYLIGHT,PARKED MOTOR VEHICLE,ONE-WAY,,STRAIGHT AND LEVEL,DRY,NO DEFECTS,NOT ON SCENE (DESK REPORT),NO INJURY / DRIVE AWAY,,,,"OVER $1,500",10/30/2021 03:14:00 PM,EQUIPMENT - VEHICLE CONDITION,UNABLE TO DETERMINE,7800,S,RACINE AVE,612.0,,,,,,,2,NO INDICATION OF INJURY,0.0,0.0,0.0,0.0,0.0,1.0,0.0,13,7,10,41.7522696958,-87.6539316073,POINT (-87.653931607333 41.75226969581)
adf44ee4f0dad96129530057cbc89d119e692bb21986dbd7bc61883485c48e795a606ec8beb4f06d876e8fb14dafcdabefc4f0334b0c908bc0723a5826b6c3e1,,12/06/2020 11:10:00 AM,10,NO CONTROLS,NO CONTROLS,CLOUDY/OVERCAST,DAYLIGHT,FIXED OBJECT,DRIVEWAY,,STRAIGHT AND LEVEL,DRY,NO DEFECTS,ON SCENE,NO INJURY / DRIVE AWAY,Y,,,"$501 - $1,500",12/06/2020 11:21:00 AM,UNABLE TO DETERMINE,NOT APPLICABLE,212,W,CERMAK RD,914.0,,,,,,,1,NO INDICATION OF INJURY,0.0,0.0,0.0,0.0,0.0,1.0,0.0,11,1,12,41.8529532997,-87.6326116422,POINT (-87.632611642206 41.852953299717)
c0c8d48143a878ec74986c643aa955dec78d51b93b4db5c2b8d3e4aa14011da53ff07c8677dfbc72366a954a5d3381b302dee1fb809fc60f0dcb9cdc62e9aef0,,03/01/2024 07:38:00 AM,30,NO CONTROLS,NO CONTROLS,CLEAR,DAYLIGHT,SIDESWIPE SAME DIRECTION,DIVIDED - W/MEDIAN (NOT RAISED),,STRAIGHT AND LEVEL,DRY,NO DEFECTS,ON SCENE,NO INJURY / DRIVE AWAY,,,,$500 OR LESS,03/01/2024 07:48:00 AM,FAILING TO REDUCE SPEED TO AVOID CRASH,RELATED TO BUS STOP,6310,S,ASHLAND AVE,725.0,,,,,,,2,NO INDICATION OF INJURY,0.0,0.0,0.0,0.0,0.0,3.0,0.0,7,6,3,41.7790908958,-87.6643575258,POINT (-87.66435752578 41.779090895832)
cbb89e809f63ec9835d9225d9f1b21bf9594db811e5dfef7b234ab3578b1fc2f9ca4cf10575e5ed114b92523f4ba0c0006a4f362ad448f571b5f0a0d3ac56c14,,07/01/2024 08:30:00 PM,30,NO CONTROLS,NO CONTROLS,CLEAR,"DARKNESS, LIGHTED ROAD",ANGLE,NOT DIVIDED,,STRAIGHT AND LEVEL,DRY,NO DEFECTS,NOT ON SCENE (DESK REPORT),NO INJURY / DRIVE AWAY,,,,"$501 - $1,500",07/01/2024 09:20:00 PM,UNABLE TO DETERMINE,NOT APPLICABLE,4950,S,KILDARE AVE,815.0,,,,,,,2,NO INDICATION OF INJURY,0.0,0.0,0.0,0.0,0.0,3.0,0.0,20,2,7,41.8026097391,-87.7309275125,POINT (-87.730927512548 41.802609739142)
20068241c00b1b60858eab7afccaaab8dbf02f1d09d4a3a7c976715ada5684d606e4d48a535dda91aa8fab703ec4504f05f24bf9a83d1636d88556fbd7ea8333,,01/16/2020 08:00:00 AM,30,TRAFFIC SIGNAL,FUNCTIONING PROPERLY,CLEAR,DAYLIGHT,SIDESWIPE SAME DIRECTION,NOT DIVIDED,,STRAIGHT AND LEVEL,DRY,NO DEFECTS,ON SCENE,NO INJURY / DRIVE AWAY,,,,"OVER $1,500",01/16/2020 08:23:00 AM,IMPROPER LANE USAGE,IMPROPER LANE USAGE,657,S,CICERO AVE,1131.0,,,,,,,2,NO INDICATION OF INJURY,0.0,0.0,0.0,0.0,0.0,2.0,0.0,8,5,1,41.8720834481,-87.7447858165,POINT (-87.744785816519 41.87208344809)
767405d1272f259f1a8d0a851e7a12b1f94a823ad2c4b014408bb56aa848051edd907a7d361adc8c0e90591499130e3ea0ab2e6363671c97a37a9e9e6a2e093f,,04/28/2017 10:00:00 PM,25,NO CONTROLS,NO CONTROLS,CLEAR,"DARKNESS, LIGHTED ROAD",ANGLE,ONE-WAY,3,STRAIGHT AND LEVEL,DRY,NO DEFECTS,NOT ON SCENE (DESK REPORT),NO INJURY / DRIVE AWAY,,,,"OVER $1,500",04/28/2017 11:00:00 PM,FAILING TO YIELD RIGHT-OF-WAY,FAILING TO YIELD RIGHT-OF-WAY,4600,S,MICHIGAN AVE,215.0,,,,,,,2,NO INDICATION OF INJURY,0.0,0.0,0.0,0.0,0.0,2.0,0.0,22,6,4,41.8110070469,-87.6230291092,POINT (-87.623029109238 41.811007046873)
ae2c63340b475adafc0a803ebd1027bad5f6cfa8dbd9a5ee748960a7e9e2c47802d65df58a606d203be38b28f34f087d6616599eeca5e35e0507a059006a8d15,,04/21/2021 06:30:00 AM,30,NO CONTROLS,NO CONTROLS,CLEAR,DAYLIGHT,REAR END,NOT DIVIDED,,STRAIGHT AND LEVEL,DRY,NO DEFECTS,NOT ON SCENE (DESK REPORT),NO INJURY / DRIVE AWAY,,,,"$501 - $1,500",04/21/2021 03:40:00 PM,NOT APPLICABLE,NOT APPLICABLE,6300,S,KEDZIE AVE,823.0,,,,,,,2,NO INDICATION OF INJURY,0.0,0.0,0.0,0.0,0.0,2.0,0.0,6,4,4,41.7789457502,-87.703283119,POINT (-87.703283119003 41.77894575018)
cc2d8e67fc69284eac5946e43ac4eadfc09792022e8633619b558cdf704d889c1f8bad21e3abf63d69c2979eeb77e499f3e4629856a0833fd0788cbdd517a4a5,,09/26/2019 06:08:00 AM,30,NO CONTROLS,NO CONTROLS,CLEAR,DAWN,TURNING,NOT DIVIDED,,STRAIGHT AND LEVEL,DRY,NO DEFECTS,ON SCENE,INJURY AND / OR TOW DUE TO CRASH,,,,"OVER $1,500",09/26/2019 06:09:00 AM,FAILING TO YIELD RIGHT-OF-WAY,IMPROPER TURNING/NO SIGNAL,12500,S,BURLEY AVE,433.0,,,,,,,2,"REPORTED, NOT EVIDENT",1.0,0.0,0.0,0.0,1.0,1.0,0.0,6,5,9,41.6683956658,-87.5444366695,POINT (-87.544436669497 41.668395665793)
9d8c1f83e4e62d5f6c4fce1f4b4c88f4ae3b38424a0d17f601b382bb7a07daeb2493956f7e807f137b0e7b4667f50f8bdd61d138434cfc5a8a226b640c3c2500,,11/04/2020 01:20:00 PM,30,NO CONTROLS,NO CONTROLS,CLEAR,DAYLIGHT,SIDESWIPE SAME DIRECTION,NOT DIVIDED,,STRAIGHT AND LEVEL,DRY,NO DEFECTS,NOT ON SCENE (DESK REPORT),NO INJURY / DRIVE AWAY,,,,"$501 - $1,500",11/04/2020 02:19:00 PM,NOT APPLICABLE,NOT APPLICABLE,3700,S,CALIFORNIA AVE,911.0,,,,,,,2,NO INDICATION OF INJURY,0.0,0.0,0.0,0.0,0.0,2.0,0.0,13,4,11,41.826373366,-87.6948592409,POINT (-87.694859240857 41.826373365973)
6402f09b22b4f89c55a683717043554a5780d17e51076daf1681c818b90b898d30cdcef1a8cf8f376bca757badc46371c391189c31167241a59e4a5294123a10,,01/18/2025 03:30:00 PM,10,NO CONTROLS,NO CONTROLS,CLEAR,DAYLIGHT,PEDESTRIAN,PARKING LOT,,STRAIGHT AND LEVEL,DRY,NO DEFECTS,NOT ON SCENE (DESK REPORT),INJURY AND / OR TOW DUE TO CRASH,,Y,,$500 OR LESS,01/21/2025 02:20:00 PM,UNABLE TO DETERMINE,UNABLE TO DETERMINE,10001,S,PULASKI RD,2211.0,,,,,,,3,"REPORTED, NOT EVIDENT",1.0,0.0,0.0,0.0,1.0,2.0,0.0,15,7,1,41.7112582322,-87.7209394734,POINT (-87.720939473403 41.711258232205)
8153004dd942227fec8ad0c798f66c5b34871e612f803e6461f0641ecb4221d0e2981fd913c782b89b61c09e261afc12facdf0fa2b131e72feed8f2302a8b882,,12/26/2018 08:15:00 AM,30,NO CONTROLS,UNKNOWN,CLEAR,DAYLIGHT,PARKED MOTOR VEHICLE,OTHER,3,STRAIGHT AND LEVEL,DRY,UNKNOWN,NOT ON SCENE (DESK REPORT),NO INJURY / DRIVE AWAY,,,,"$501 - $1,500",12/26/2018 05:20:00 PM,FAILING TO REDUCE SPEED TO AVOID CRASH,UNABLE TO DETERMINE,71,S,WACKER DR,122.0,,,,,,,2,NO INDICATION OF INJURY,0.0,0.0,0.0,0.0,0.0,1.0,0.0,8,4,12,41.8807175753,-87.6365891074,POINT (-87.636589107372 41.880717575265)
2f3065121e7d0801dc8eaa5351622839b3819a90425ff388c007b17114b61c18472fa9d4d841dfb201547303a0e123287b2e1b48e933fe752a13a282a8bb4cca,,03/07/2024 07:10:00 PM,30,NO CONTROLS,NO CONTROLS,CLEAR,"DARKNESS, LIGHTED ROAD",PEDESTRIAN,DIVIDED - W/MEDIAN (NOT RAISED),,STRAIGHT AND LEVEL,DRY,NO DEFECTS,ON SCENE,INJURY AND / OR TOW DUE TO CRASH,,,Y,"OVER $1,500",03/07/2024 07:56:00 PM,UNABLE TO DETERMINE,NOT APPLICABLE,4730,W,79TH ST,834.0,,,,,,,2,NONINCAPACITATING INJURY,1.0,0.0,0.0,1.0,0.0,1.0,0.0,19,5,3,41.7492888381,-87.7400953795,POINT (-87.740095379467 41.749288838092)
89cb5911a72c29f5c941be55131df5f08bf59f6aa3d6e3849b540ad1d97cf961a538c051722e7eccbb5f9800de475cbf031af3ec81b34c138c962517a857854d,,12/23/2019 08:30:00 PM,30,TRAFFIC SIGNAL,FUNCTIONING PROPERLY,CLEAR,"DARKNESS, LIGHTED ROAD",TURNING,NOT DIVIDED,,STRAIGHT AND LEVEL,DRY,NO DEFECTS,ON SCENE,INJURY AND / OR TOW DUE TO CRASH,Y,,,"$501 - $1,500",12/23/2019 08:35:00 PM,UNDER THE INFLUENCE OF ALCOHOL/DRUGS (USE WHEN ARREST IS EFFECTED),PHYSICAL CONDITION OF DRIVER,130,W,NORTH AVE,1814.0,,,,,,,2,NO INDICATION OF INJURY,0.0,0.0,0.0,0.0,0.0,4.0,0.0,20,2,12,41.9112720681,-87.6331171744,POINT (-87.633117174389 41.911272068098)
37c487909bf2035f5456373fadd5a110da6fd8a918d1ee62e8f64f2a3db1dcc37d3d2ba04826b992e9a75f395bddf3c29f6e04d61941ec1b74fba18af47e7092,Y,11/01/2020 10:00:00 AM,25,NO CONTROLS,NO CONTROLS,UNKNOWN,UNKNOWN,PARKED MOTOR VEHICLE,ONE-WAY,,STRAIGHT AND LEVEL,UNKNOWN,UNKNOWN,ON SCENE,NO INJURY / DRIVE AWAY,,,Y,"OVER $1,500",11/01/2020 10:20:00 AM,UNABLE TO DETERMINE,UNABLE TO DETERMINE,10540,S,HALE AVE,2212.0,,,,,,,2,NO INDICATION OF INJURY,0.0,0.0,0.0,0.0,0.0,1.0,0.0,10,1,11,41.7017165589,-87.6693418848,POINT (-87.669341884771 41.701716558864)
b7646088e3c6f00c041d9c87cb88b597c50fa36b68515e5502e6f7c96ca65688f51faacf37d3ddd2a889ca4a3ba5ee892217b182ea6715648bddfc6211577bc5,Y,07/31/2020 06:30:00 AM,30,NO CONTROLS,NO CONTROLS,UNKNOWN,DAYLIGHT,PARKED MOTOR VEHICLE,ONE-WAY,,STRAIGHT AND LEVEL,DRY,NO DEFECTS,NOT ON SCENE (DESK REPORT),NO INJURY / DRIVE AWAY,,,Y,$500 OR LESS,08/07/2020 02:00:00 PM,UNABLE TO DETERMINE,NOT APPLICABLE,939,N,ROCKWELL ST,1211.0,,,,,,,2,NO INDICATION OF INJURY,0.0,0.0,0.0,0.0,0.0,1.0,0.0,6,6,7,41.898542997,-87.6916954051,POINT (-87.691695405131 41.89854299701)
7cfc242e8d683dce47168d4a541a0c99b753b98ce10bd28df0522ce6908baf0249924d35d97fc414374d2921d0dfc51a68ef03ea449540990366157bd3008bef,,09/21/2019 04:58:00 AM,30,NO CONTROLS,NO CONTROLS,CLEAR,"DARKNESS, LIGHTED ROAD",ANGLE,DIVIDED - W/MEDIAN (NOT RAISED),,STRAIGHT AND LEVEL,DRY,NO DEFECTS,ON SCENE,NO INJURY / DRIVE AWAY,,,,"OVER $1,500",09/21/2019 05:04:00 AM,UNABLE TO DETERMINE,UNABLE TO DETERMINE,5633,N,ASHLAND AVE,2012.0,,,,,,,2,NO INDICATION OF INJURY,0.0,0.0,0.0,0.0,0.0,2.0,0.0,4,7,9,41.9845361933,-87.6696983145,POINT (-87.669698314541 41.984536193345)
5e9996f90260d9db366a8ef8e0b2bb1190fd3085027a6c2b20b05bcc5cf1b936c8cdabea48feed9192430e3c603f425eff78b9ede577d61217e327e33ee42bd7,,05/21/2023 05:36:00 PM,10,YIELD,FUNCTIONING PROPERLY,CLEAR,DAYLIGHT,PARKED MOTOR VEHICLE,RAMP,,CURVE ON GRADE,DRY,NO DEFECTS,NOT ON SCENE (DESK REPORT),NO INJURY / DRIVE AWAY,,,,"OVER $1,500",05/21/2023 10:36:00 PM,UNABLE TO DETERMINE,NOT APPLICABLE,100,E,WALTON ST,1833.0,Y,Y,,,,,2,NO INDICATION OF INJURY,0.0,0.0,0.0,0.0,0.0,1.0,0.0,17,1,5,41.9000966252,-87.6253593407,POINT (-87.625359340701 41.900096625177)
ca8ef7bede3516fa3c5509fbe837644c1117b7a2c30f2c3400044ad19c73001ad940a3b63a45fb8d2237367b117c8b5bbab542cb406b8650fdb4882dd80504ec,,03/21/2019 07:00:00 AM,30,NO CONTROLS,NO CONTROLS,CLEAR,DAYLIGHT,REAR END,NOT DIVIDED,4,STRAIGHT AND LEVEL,WET,NO DEFECTS,NOT ON SCENE (DESK REPORT),NO INJURY / DRIVE AWAY,,,,"OVER $1,500",03/21/2019 09:25:00 AM,FOLLOWING TOO CLOSELY,FOLLOWING TOO CLOSELY,3845,W,FOSTER AVE,1712.0,,,,,,,3,NO INDICATION OF INJURY,0.0,0.0,0.0,0.0,0.0,3.0,0.0,7,5,3,41.975454094,-87.7251571178,POINT (-87.725157117846 41.975454094018)
0297c7b8a007ddc15559b9117700c2769da599e3cf40606dab29b957d79c49420bbc6ec2b583a4d9f1b13451e0aff8bfa78a54c1ecf55cad598f539f62e9ccc5,,01/23/2020 01:40:00 PM,30,NO CONTROLS,NO CONTROLS,SNOW,DAYLIGHT,SIDESWIPE SAME DIRECTION,ONE-WAY,,STRAIGHT AND LEVEL,DRY,NO DEFECTS,NOT ON SCENE (DESK REPORT),NO INJURY / DRIVE AWAY,,,,"OVER $1,500",01/23/2020 02:20:00 PM,UNABLE TO DETERMINE,NOT APPLICABLE,3336,W,CRYSTAL ST,1422.0,,,,,,,2,NO INDICATION OF INJURY,0.0,0.0,0.0,0.0,0.0,2.0,0.0,13,5,1,41.9038244072,-87.7107504897,POINT (-87.710750489674 41.903824407222)
6f5cf0f5149847eecb294c1b093a832f01f0d427f38a2678c5d185c24eaaa5a8d120f26755510839f04f7f07b86c88001fd7ef8ca1e406147860b66392d9aa08,,07/13/2022 07:45:00 AM,30,NO CONTROLS,NO CONTROLS,CLEAR,DAYLIGHT,SIDESWIPE SAME DIRECTION,T-INTERSECTION,,STRAIGHT AND LEVEL,DRY,NO DEFECTS,NOT ON SCENE (DESK REPORT),NO INJURY / DRIVE AWAY,Y,,,"$501 - $1,500",07/13/2022 08:10:00 AM,FAILING TO YIELD RIGHT-OF-WAY,UNABLE TO DETERMINE,333,W,35TH ST,915.0,,,,,,,2,NO INDICATION OF INJURY,0.0,0.0,0.0,0.0,0.0,3.0,0.0,7,4,7,41.8307836623,-87.635295783,POINT (-87.635295783045 41.830783662283)
292aa9ef13c4e8609bc40146eec14f3359a481107aa781c850ed8ca72526f56f67b774cca95efb216aeef674b6427c736e6670e4ca06f1d7fe51633e6a8453cb,,06/19/2024 12:00:00 PM,30,NO CONTROLS,FUNCTIONING PROPERLY,CLEAR,DAYLIGHT,SIDESWIPE SAME DIRECTION,NOT DIVIDED,,STRAIGHT AND LEVEL,DRY,NO DEFECTS,NOT ON SCENE (DESK REPORT),NO INJURY / DRIVE AWAY,,,,"OVER $1,500",06/19/2024 12:20:00 PM,FAILING TO YIELD RIGHT-OF-WAY,NOT APPLICABLE,1001,N,AUSTIN BLVD,1511.0,,,,,,,2,NO INDICATION OF INJURY,0.0,0.0,0.0,0.0,0.0,3.0,0.0,12,4,6,41.8984494811,-87.7751038068,POINT (-87.775103806849 41.898449481093)
8fbded456e540d57441e437ba24f2ee68185ecf57b8b1302103aae2e2e3c65c751791f570cc2e7001ad3e5e238915e1d78927d20d5e183699f574321819f2187,,03/13/2023 06:45:00 AM,30,NO CONTROLS,FUNCTIONING PROPERLY,CLEAR,DAYLIGHT,TURNING,NOT DIVIDED,,STRAIGHT AND LEVEL,WET,UNKNOWN,NOT ON SCENE (DESK REPORT),NO INJURY / DRIVE AWAY,,,,"$501 - $1,500",03/13/2023 04:35:00 PM,UNABLE TO DETERMINE,UNABLE TO DETERMINE,13300,S,TORRENCE AVE,434.0,,,,,,,2,NO INDICATION OF INJURY,0.0,0.0,0.0,0.0,0.0,2.0,0.0,6,2,3,41.653654541,-87.5594439115,POINT (-87.55944391154 41.653654541031)
f6d96b0780d4898924d2c242fdab578661ce0a52e7520049250feea5d3d08123e141517158a92efc57f7b8021d79f447443a20220339b6a9c39a539b03b35dd0,,02/07/2019 07:08:00 PM,30,NO CONTROLS,NO CONTROLS,CLEAR,"DARKNESS, LIGHTED ROAD",PARKED MOTOR VEHICLE,PARKING LOT,2,STRAIGHT AND LEVEL,DRY,NO DEFECTS,ON SCENE,NO INJURY / DRIVE AWAY,,Y,,"OVER $1,500",02/07/2019 07:08:00 PM,IMPROPER BACKING,FAILING TO REDUCE SPEED TO AVOID CRASH,5414,S,ARCHER AVE,814.0,,,,,,,2,NO INDICATION OF INJURY,0.0,0.0,0.0,0.0,0.0,2.0,0.0,19,5,2,41.7986720327,-87.7435987784,POINT (-87.743598778437 41.798672032748)
53c9703e093bc05b553cd19721a07ccb74163dfca10d628e814ff98a814964130504fbbc8a8bf7d219b61b789c786d8197eec59e6d8358a5cdc676007c3c196b,,03/16/2024 08:30:00 AM,30,NO CONTROLS,NO CONTROLS,CLEAR,DAYLIGHT,TURNING,NOT DIVIDED,,STRAIGHT AND LEVEL,DRY,NO DEFECTS,NOT ON SCENE (DESK REPORT),NO INJURY / DRIVE AWAY,,,,"OVER $1,500",03/20/2024 08:15:00 AM,IMPROPER OVERTAKING/PASSING,FAILING TO YIELD RIGHT-OF-WAY,244,E,138TH ST,533.0,,,,,,,3,NO INDICATION OF INJURY,0.0,0.0,0.0,0.0,0.0,2.0,0.0,8,7,3,41.6447019411,-87.6151511996,POINT (-87.615151199566 41.644701941122)
cb8128bfc586c99f553307d5c6ac9a8bf1f81c8b1e3fbfa280944be2346cd96c1f7b25a55f70ec810337a69cbd366a27ac7e6bd33e09536833a001620293b023,,01/30/2025 11:26:00 PM,30,OTHER,UNKNOWN,RAIN,"DARKNESS, LIGHTED ROAD",TURNING,"FIVE POINT, OR MORE",,STRAIGHT AND LEVEL,UNKNOWN,UNKNOWN,,NO INJURY / DRIVE AWAY,,,N,"OVER $1,500",01/31/2025 12:15:00 AM,TURNING RIGHT ON RED,DRIVING SKILLS/KNOWLEDGE/EXPERIENCE,3424,N,SHEFFIELD AVE,1924.0,Y,,,,,,2,NO INDICATION OF INJURY,0.0,0.0,0.0,0.0,0.0,2.0,0.0,23,5,1,41.9443569129,-87.6543884167,POINT (-87.654388416669 41.944356912897)
596907cc114341ef9a2fd8d82e4835b3d2ae70260d9e75d370865279d0fa6092b8be03eac339292f4ea4deac00d09e047152c242eecdc074e6764d8988b2bace,,01/24/2019 06:20:00 PM,30,NO CONTROLS,NO CONTROLS,CLEAR,"DARKNESS, LIGHTED ROAD",TURNING,NOT DIVIDED,,STRAIGHT AND LEVEL,DRY,NO DEFECTS,,NO INJURY / DRIVE AWAY,Y,,,"$501 - $1,500",01/24/2019 06:47:00 PM,UNABLE TO DETERMINE,UNABLE TO DETERMINE,1024,N,WESTERN AVE,1212.0,,,,,,,2,NO INDICATION OF INJURY,0.0,0.0,0.0,0.0,0.0,2.0,0.0,18,5,1,41.9002459249,-87.6871060858,POINT (-87.687106085765 41.900245924903)
5f345856904b81d8d3b7c225ac5f4b4f1a4764baa2dbd83dbcf7c914fae5c27e83a4355f53d07488cca915b324a9f5675d2b677a753025073c301d0b88c6bf6c,,12/12/2020 10:45:00 AM,35,TRAFFIC SIGNAL,FUNCTIONING PROPERLY,RAIN,DAYLIGHT,TURNING,NOT DIVIDED,,STRAIGHT AND LEVEL,WET,NO DEFECTS,ON SCENE,INJURY AND / OR TOW DUE TO CRASH,Y,,,"OVER $1,500",12/12/2020 10:50:00 AM,WEATHER,NOT APPLICABLE,4306,W,ADDISON ST,1731.0,,,,,,,2,NO INDICATION OF INJURY,0.0,0.0,0.0,0.0,0.0,3.0,0.0,10,7,12,41.9463773997,-87.7356110257,POINT (-87.735611025701 41.946377399722)
de8ad5185c84afb348a5fe363d731556166f7e18386216ad306785e0e4e19b31166b8261f28d2956280aa8c9cd672e419d2fbca194cbe22783ea020b8bc1425a,,10/17/2018 08:40:00 PM,30,TRAFFIC SIGNAL,FUNCTIONING PROPERLY,CLEAR,"DARKNESS, LIGHTED ROAD",SIDESWIPE SAME DIRECTION,NOT DIVIDED,2,STRAIGHT AND LEVEL,DRY,NO DEFECTS,NOT ON SCENE (DESK REPORT),NO INJURY / DRIVE AWAY,Y,,,"OVER $1,500",10/17/2018 09:15:00 PM,IMPROPER LANE USAGE,NOT APPLICABLE,116,W,CERMAK RD,131.0,,,,,,,2,NO INDICATION OF INJURY,0.0,0.0,0.0,0.0,0.0,2.0,0.0,20,4,10,41.8529870791,-87.6300266133,POINT (-87.630026613318 41.85298707906)
ea28fb0677dbfe70b9f05abc451ad89ce3275a10ed9135f9b364b6fd2ca4b8c9a8841a0300f4f12bab9232ccaffa9eeb52486db505ca0f22d72ecf97ab588b6f,,06/26/2021 05:00:00 PM,30,NO CONTROLS,NO CONTROLS,CLEAR,DAYLIGHT,PARKED MOTOR VEHICLE,PARKING LOT,,STRAIGHT AND LEVEL,DRY,NO DEFECTS,NOT ON SCENE (DESK REPORT),NO INJURY / DRIVE AWAY,,,,"$501 - $1,500",07/01/2021 12:00:00 PM,UNABLE TO DETERMINE,NOT APPLICABLE,2637,S,PULASKI RD,1031.0,,,,,,,2,NO INDICATION OF INJURY,0.0,0.0,0.0,0.0,0.0,4.0,0.0,17,7,6,41.843133975,-87.7243721609,POINT (-87.724372160876 41.843133975006)
ff4e410aca7ab5668764a65cb1ae33deee2b8b05742ce323e58f2a44415164c2ec3d9d8415b71cb073cfe9c2fc6148a0948e645bf369e622b9e65f7e67611617,,01/11/2023 11:00:00 AM,30,STOP SIGN/FLASHER,UNKNOWN,CLOUDY/OVERCAST,DAYLIGHT,ANGLE,NOT DIVIDED,,STRAIGHT AND LEVEL,UNKNOWN,UNKNOWN,NOT ON SCENE (DESK REPORT),NO INJURY / DRIVE AWAY,Y,,Y,"OVER $1,500",01/20/2023 01:30:00 PM,FAILING TO YIELD RIGHT-OF-WAY,UNABLE TO DETERMINE,3800,W,JACKSON BLVD,1122.0,,,,,,,2,NO INDICATION OF INJURY,0.0,0.0,0.0,0.0,0.0,2.0,0.0,11,4,1,41.877258466,-87.7207561375,POINT (-87.720756137537 41.877258466035)
d83606c36d79159bf33d0a114f575927f9bb7e78b990fde0562a1234b916e53535320cf4ac5f0c452de8dc7b96a5a65ac9f36b57a31aeb6cb5ceec5c4931ed4d,,09/29/2017 08:30:00 PM,30,STOP SIGN/FLASHER,FUNCTIONING PROPERLY,CLEAR,"DARKNESS, LIGHTED ROAD",ANGLE,DIVIDED - W/MEDIAN (NOT RAISED),2,STRAIGHT AND LEVEL,DRY,NO DEFECTS,NOT ON SCENE (DESK REPORT),NO INJURY / DRIVE AWAY,,,,"OVER $1,500",09/30/2017 01:30:00 PM,FAILING TO YIELD RIGHT-OF-WAY,DISREGARDING STOP SIGN,1851,W,NORTH AVE,1424.0,,,,,,,2,NO INDICATION OF INJURY,0.0,0.0,0.0,0.0,0.0,2.0,0.0,20,6,9,41.9104202267,-87.6746170385,POINT (-87.67461703855 41.910420226702)