CRASH_RECORD_ID,CRASH_DATE_EST_I,CRASH_DATE,POSTED_SPEED_LIMIT,TRAFFIC_CONTROL_DEVICE,DEVICE_CONDITION,WEATHER_CONDITION,LIGHTING_CONDITION,FIRST_CRASH_TYPE,TRAFFICWAY_TYPE,LANE_CNT,ALIGNMENT,ROADWAY_SURFACE_COND,ROAD_DEFECT,REPORT_TYPE,CRASH_TYPE,INTERSECTION_RELATED_I,NOT_RIGHT_OF_WAY_I,HIT_AND_RUN_I,DAMAGE,DATE_POLICE_NOTIFIED,PRIM_CONTRIBUTORY_CAUSE,SEC_CONTRIBUTORY_CAUSE,STREET_NO,STREET_DIRECTION,STREET_NAME,BEAT_OF_OCCURRENCE,PHOTOS_TAKEN_I,STATEMENTS_TAKEN_I,DOORING_I,WORK_ZONE_I,WORK_ZONE_TYPE,WORKERS_PRESENT_I,NUM_UNITS,MOST_SEVERE_INJURY,INJURIES_TOTAL,INJURIES_FATAL,INJURIES_INCAPACITATING,INJURIES_NON_INCAPACITATING,INJURIES_REPORTED_NOT_EVIDENT,INJURIES_NO_INDICATION,INJURIES_UNKNOWN,CRASH_HOUR,CRASH_DAY_OF_WEEK,CRASH_MONTH,LATITUDE,LONGITUDE,LOCATION
01ca98b7477ad8a80aee7f18ddd98295d3008aec12dd26ba66926a7ab4883ac6dc797fd57a40883cceb8a174f96582b412abc87bc2fd4e8284e4ad6b74935ce3,,10/10/2023 02:45:00 PM,15,NO CONTROLS,NO CONTROLS,CLEAR,DAYLIGHT,PARKED MOTOR VEHICLE,PARKING LOT,,STRAIGHT AND LEVEL,DRY,NO DEFECTS,ON SCENE,NO INJURY / DRIVE AWAY,,Y,Y,"OVER $1,500",10/10/2023 03:32:00 PM,NOT APPLICABLE,NOT APPLICABLE,4642,W,DIVERSEY AVE,2521.0,,,,,,,3,NO INDICATION OF INJURY,0.0,0.0,0.0,0.0,0.0,1.0,0.0,14,3,10,41.9316813555,-87.7436434568,POINT (-87.743643456776 41.931681355526)
3acfd9ffbeec5407468203415f42ca1e8d711d7a2a5f3e06b8cd94ce784cd8ab9f6bac8d8a10372d7260c11a88aa5671d5934d8ea9127799f8f1d5092f396154,Y,04/15/2021 08:00:00 AM,25,NO CONTROLS,NO CONTROLS,CLOUDY/OVERCAST,DAYLIGHT,PARKED MOTOR VEHICLE,ONE-WAY,,STRAIGHT AND LEVEL,DRY,NO DEFECTS,ON SCENE,NO INJURY / DRIVE AWAY,,,,$500 OR LESS,04/15/2021 08:35:00 AM,IMPROPER BACKING,UNABLE TO DETERMINE,2499,E,107TH ST,434.0,,,,,,,2,NO INDICATION OF INJURY,0.0,0.0,0.0,0.0,0.0,1.0,0.0,8,5,4,41.7008449091,-87.5632440482,POINT (-87.56324404821 41.700844909141)
65823b6cac41d0e6faae9dcb0928bca5830950c9483b022869d4ab4ed0e6b4f2d3a746a700f1c5ba235c401c5125ec3fa85ced69d3e7cac8ef69e9bf0e665ec0,,08/10/2025 11:33:00 AM,30,TRAFFIC SIGNAL,FUNCTIONING PROPERLY,CLEAR,DAYLIGHT,SIDESWIPE SAME DIRECTION,FOUR WAY,,STRAIGHT AND LEVEL,DRY,NO DEFECTS,ON SCENE,NO INJURY / DRIVE AWAY,,,Y,$500 OR LESS,08/10/2025 11:35:00 AM,UNABLE TO DETERMINE,UNABLE TO DETERMINE,1958,W,71ST ST,735.0,,,,,,,2,NO INDICATION OF INJURY,0.0,0.0,0.0,0.0,0.0,2.0,0.0,11,1,8,41.7649167743,-87.673475087,POINT (-87.67347508697 41.764916774341)
475e32a6cf36f65ee447c92c31762bc41697eb828da9478372df13fcf8648dc42f35f73fee8209cff76ab04bd81eca2ddad37cc73968f921c2e0775fc3cbe175,,05/10/2021 07:23:00 AM,20,TRAFFIC SIGNAL,FUNCTIONING PROPERLY,CLEAR,DAYLIGHT,SIDESWIPE SAME DIRECTION,ONE-WAY,,STRAIGHT AND LEVEL,DRY,NO DEFECTS,NOT ON SCENE (DESK REPORT),NO INJURY / DRIVE AWAY,,,,"$501 - $1,500",05/10/2021 04:00:00 PM,DRIVING SKILLS/KNOWLEDGE/EXPERIENCE,"OPERATING VEHICLE IN ERRATIC, RECKLESS, CARELESS, NEGLIGENT OR AGGRESSIVE MANNER",2000,E,69TH ST,331.0,,,,,,,2,NO INDICATION OF INJURY,0.0,0.0,0.0,0.0,0.0,3.0,0.0,7,2,5,41.7699113097,-87.5763384481,POINT (-87.576338448062 41.769911309667)
def9a39b520c317befacd7e2b37e620bf48e6cc7d2a24ec1ea462cd394a63e5189d838122180a0ad2a933dc305822153ce2d6a499f586c36631efa2343d26cc6,,10/09/2017 03:32:00 PM,35,TRAFFIC SIGNAL,FUNCTIONING PROPERLY,CLEAR,DAYLIGHT,REAR END,DIVIDED - W/MEDIAN BARRIER,2,STRAIGHT AND LEVEL,DRY,NO DEFECTS,ON SCENE,INJURY AND / OR TOW DUE TO CRASH,Y,,N,"OVER $1,500",10/09/2017 03:33:00 PM,UNABLE TO DETERMINE,UNABLE TO DETERMINE,740,W,GARFIELD BLVD,935.0,,,,,,,3,"REPORTED, NOT EVIDENT",1.0,0.0,0.0,0.0,1.0,2.0,0.0,15,2,10,41.794425503,-87.6443632415,POINT (-87.64436324152 41.79442550299)
49495b363d67ec820e34fd93d02473286867668f0acec8b0740f7ce1039a093b072992c5e79064eca906cf6e2f29622b02f02d6ddcf8cb4611259a274b294d46,,11/09/2017 06:41:00 PM,35,NO CONTROLS,NO CONTROLS,CLEAR,DARKNESS,TURNING,DIVIDED - W/MEDIAN (NOT RAISED),4,STRAIGHT AND LEVEL,DRY,NO DEFECTS,ON SCENE,NO INJURY / DRIVE AWAY,,,,"$501 - $1,500",11/09/2017 06:59:00 PM,DISREGARDING OTHER TRAFFIC SIGNS,NOT APPLICABLE,8632,S,KEDZIE AVE,834.0,,,,,,,2,NO INDICATION OF INJURY,0.0,0.0,0.0,0.0,0.0,2.0,0.0,18,5,11,41.7359784447,-87.7021811296,POINT (-87.702181129604 41.735978444663)
49349d48f96869644caae68749dd6db4d9259e896e6bcd6172fd9e9f30893d4efcacb1648d8185f55fbb2391459412c6fe720d096feef6f57158ab467bd2e3cf,,06/07/2017 12:18:00 PM,0,NO CONTROLS,NO CONTROLS,CLEAR,DAYLIGHT,PARKED MOTOR VEHICLE,NOT DIVIDED,2,STRAIGHT AND LEVEL,DRY,NO DEFECTS,NOT ON SCENE (DESK REPORT),NO INJURY / DRIVE AWAY,,Y,Y,"$501 - $1,500",06/07/2017 04:20:00 PM,IMPROPER BACKING,FAILING TO REDUCE SPEED TO AVOID CRASH,4100,W,DIVERSEY AVE,2523.0,,,,,,,2,NO INDICATION OF INJURY,0.0,0.0,0.0,0.0,0.0,1.0,0.0,12,4,6,41.9318640661,-87.7295339406,POINT (-87.729533940634 41.931864066139)
6b3306e03f3465021bd9e6fbdff9680be38c99a8e6022fb8f8fb152159de154120016373857c6a4024f6fb7b6605d7c5e61d3613dc76a46adcb707e3a372e3ad,,12/08/2015 06:00:00 AM,30,NO CONTROLS,NO CONTROLS,CLEAR,UNKNOWN,PARKED MOTOR VEHICLE,ONE-WAY,1,STRAIGHT AND LEVEL,DRY,UNKNOWN,NOT ON SCENE (DESK REPORT),NO INJURY / DRIVE AWAY,,,Y,"OVER $1,500",12/08/2015 06:05:00 PM,UNABLE TO DETERMINE,UNABLE TO DETERMINE,30,S,KOLIN AVE,1031.0,,,,,,,2,NO INDICATION OF INJURY,0.0,0.0,0.0,0.0,0.0,1.0,0.0,6,3,12,,,
733837d6ca25f0a16c6de6c33e331d2e94106745533bcae91a2f4df9d6ed8826f6c22633eb8ca5d954c5686ba2563717a07f386420d596853d933200f57d30e3,,09/18/2025 08:46:00 PM,30,TRAFFIC SIGNAL,FUNCTIONING PROPERLY,CLEAR,"DARKNESS, LIGHTED ROAD",TURNING,DIVIDED - W/MEDIAN BARRIER,,STRAIGHT AND LEVEL,DRY,NO DEFECTS,ON SCENE,INJURY AND / OR TOW DUE TO CRASH,Y,,Y,"OVER $1,500",09/18/2025 08:51:00 PM,UNABLE TO DETERMINE,UNABLE TO DETERMINE,1001,E,130TH ST,533.0,,,,,,,2,NO INDICATION OF INJURY,0.0,0.0,0.0,0.0,0.0,7.0,0.0,20,5,9,41.6593684947,-87.5975461382,POINT (-87.597546138193 41.659368494677)
42f1f0442fc72057ea41314298ae8ef1c6586ea3455e93c691d9614c61354011954a53cb62dfba129dbd8cd89bd1ef4c3efbcaf3b7655b7cc58964929f1e9016,,12/20/2019 12:47:00 PM,30,NO CONTROLS,NO CONTROLS,UNKNOWN,UNKNOWN,PARKED MOTOR VEHICLE,NOT DIVIDED,,STRAIGHT AND LEVEL,UNKNOWN,UNKNOWN,NOT ON SCENE (DESK REPORT),NO INJURY / DRIVE AWAY,,,Y,"OVER $1,500",12/22/2019 04:00:00 PM,UNABLE TO DETERMINE,UNABLE TO DETERMINE,8048,S,KIMBARK AVE,411.0,,,,,,,2,NO INDICATION OF INJURY,0.0,0.0,0.0,0.0,0.0,1.0,0.0,12,6,12,41.7481354523,-87.5931230604,POINT (-87.593123060402 41.748135452288)
e557cddcdc650e90cb13bc0e1bab9b6ef92c5f9cb689e54ad97b3a9e53e69b881f6d481983155b932846ebbbb3caa48d355de3bab6d678eab947a473fdb72975,,05/06/2022 04:00:00 PM,30,STOP SIGN/FLASHER,FUNCTIONING PROPERLY,RAIN,DAYLIGHT,REAR END,T-INTERSECTION,,STRAIGHT AND LEVEL,WET,NO DEFECTS,NOT ON SCENE (DESK REPORT),NO INJURY / DRIVE AWAY,Y,,Y,"OVER $1,500",05/06/2022 04:55:00 PM,UNABLE TO DETERMINE,UNABLE TO DETERMINE,3799,N,CALIFORNIA AVE,1733.0,,,,,,,2,NO INDICATION OF INJURY,0.0,0.0,0.0,0.0,0.0,2.0,0.0,16,6,5,41.9502371593,-87.6979874465,POINT (-87.697987446468 41.950237159339)
0db47b9bf08c7cf43a7309b5830b2cc7bc28cf83c8acf782c9b1c9ac8553a2c776352d09134fd5a3527b1793960fe981c8b6ab5660eb7d6483c8cf6e7a585738,,02/18/2017 02:30:00 PM,30,TRAFFIC SIGNAL,FUNCTIONING PROPERLY,CLEAR,DAYLIGHT,REAR END,DIVIDED - W/MEDIAN BARRIER,,STRAIGHT AND LEVEL,DRY,NO DEFECTS,NOT ON SCENE (DESK REPORT),NO INJURY / DRIVE AWAY,Y,,,"OVER $1,500",02/18/2017 03:10:00 PM,UNABLE TO DETERMINE,UNABLE TO DETERMINE,554,W,ROOSEVELT RD,124.0,,,,,,,2,NO INDICATION OF INJURY,0.0,0.0,0.0,0.0,0.0,2.0,0.0,14,7,2,41.8673414957,-87.6414141413,POINT (-87.641414141304 41.86734149568)
ba6f71dcd1af122ba03f0fdc3200e39a62a369e5be9242d89b3b9cb4b4982bd647cf6da4f27cd2493d2ba59050b5535ea643f07080f0d7bdb7444ccc9afd9cf2,,05/04/2018 05:45:00 PM,30,TRAFFIC SIGNAL,FUNCTIONING PROPERLY,UNKNOWN,DAYLIGHT,REAR END,NOT DIVIDED,4,STRAIGHT AND LEVEL,UNKNOWN,UNKNOWN,NOT ON SCENE (DESK REPORT),NO INJURY / DRIVE AWAY,,,Y,"OVER $1,500",05/05/2018 08:45:00 AM,UNABLE TO DETERMINE,UNABLE TO DETERMINE,6000,S,STATE ST,311.0,,,,,,,2,NO INDICATION OF INJURY,0.0,0.0,0.0,0.0,0.0,2.0,0.0,17,6,5,41.7854434986,-87.6256095767,POINT (-87.6256095767 41.785443498609)
8be0556dc6a3a7119e5eab5468ccb184fe3465d4f64d33c5552b7b43b5e8dc9f7f163dd1db11e69441ca520613d802c6be3bbce184d47224b8dd908537c9da2f,,12/16/2017 11:17:00 PM,30,NO CONTROLS,NO CONTROLS,CLEAR,"DARKNESS, LIGHTED ROAD",PARKED MOTOR VEHICLE,NOT DIVIDED,2,"CURVE, LEVEL",WET,NO DEFECTS,NOT ON SCENE (DESK REPORT),INJURY AND / OR TOW DUE TO CRASH,,,,"OVER $1,500",12/17/2017 12:33:00 AM,EXCEEDING SAFE SPEED FOR CONDITIONS,UNABLE TO DETERMINE,1334,N,CENTRAL PARK AVE,2535.0,,,,,,,3,NO INDICATION OF INJURY,0.0,0.0,0.0,0.0,0.0,2.0,0.0,23,7,12,41.9055728751,-87.7168028642,POINT (-87.716802864241 41.905572875077)
c715e29c5234300d745653e5123e2aff66daf3dced47cabc32d9b6b0c9d9bcb74a010746b51277b4a2f7f7fe799046f34aeabc15a89ee71e64af9f0e39e260f8,,02/01/2019 06:30:00 AM,10,NO CONTROLS,NO CONTROLS,CLEAR,DAYLIGHT,PARKED MOTOR VEHICLE,PARKING LOT,,CURVE ON GRADE,SNOW OR SLUSH,OTHER,ON SCENE,INJURY AND / OR TOW DUE TO CRASH,,Y,,"OVER $1,500",02/01/2019 07:05:00 AM,UNABLE TO DETERMINE,UNABLE TO DETERMINE,7306,N,WINCHESTER AVE,2424.0,,,,,,,2,NO INDICATION OF INJURY,0.0,0.0,0.0,0.0,0.0,1.0,0.0,6,6,2,42.0144925176,-87.6792267117,POINT (-87.679226711739 42.014492517562)
777e423041a9a6e99d0326af57ac02b66358ef743db77c5569d984743ea99c4e5de8ea300a893b51de597dd2911416e6454fa830523d933e4aa3a885fc5de5ad,,09/11/2019 06:50:00 AM,30,NO CONTROLS,NO CONTROLS,CLEAR,DAYLIGHT,TURNING,DIVIDED - W/MEDIAN BARRIER,,STRAIGHT AND LEVEL,DRY,NO DEFECTS,NOT ON SCENE (DESK REPORT),INJURY AND / OR TOW DUE TO CRASH,Y,,N,"OVER $1,500",09/11/2019 07:00:00 AM,FAILING TO YIELD RIGHT-OF-WAY,NOT APPLICABLE,1700,S,STATE ST,131.0,,,,,,,2,"REPORTED, NOT EVIDENT",1.0,0.0,0.0,0.0,1.0,3.0,0.0,6,4,9,41.8589388129,-87.6273738446,POINT (-87.627373844639 41.858938812896)
c8e0593c88bca77b02354089d33abe1e49c93c397e7ec4d5af28db6cba9743180cc2342fc70295236e4fe0f409d993e6f9ae0c99e475cda38e4b0c2d0bf68f5c,,05/23/2022 05:53:00 PM,30,NO CONTROLS,NO CONTROLS,CLEAR,DAYLIGHT,ANGLE,FOUR WAY,,STRAIGHT AND LEVEL,DRY,NO DEFECTS,NOT ON SCENE (DESK REPORT),NO INJURY / DRIVE AWAY,Y,,,"OVER $1,500",05/23/2022 06:45:00 PM,FAILING TO YIELD RIGHT-OF-WAY,UNABLE TO DETERMINE,3343,S,DR MARTIN LUTHER KING JR DR,211.0,,,,,,,2,NO INDICATION OF INJURY,0.0,0.0,0.0,0.0,0.0,2.0,0.0,17,2,5,41.8337200558,-87.6168764944,POINT (-87.616876494398 41.833720055841)
53f8f87638555a33d7d090269c8a59df3d24b5006ef69731c28268fe0613ff09a6343352eb687112a0eeee9327368da3c4735a2e9bd2627eb6555602f114d215,Y,08/08/2023 07:51:00 PM,30,NO CONTROLS,NO CONTROLS,CLEAR,"DARKNESS, LIGHTED ROAD",ANGLE,NOT DIVIDED,,STRAIGHT AND LEVEL,DRY,NO DEFECTS,ON SCENE,INJURY AND / OR TOW DUE TO CRASH,Y,,,"OVER $1,500",08/08/2023 07:52:00 PM,FAILING TO YIELD RIGHT-OF-WAY,UNABLE TO DETERMINE,5127,S,KOSTNER AVE,815.0,,,,,,,2,NO INDICATION OF INJURY,0.0,0.0,0.0,0.0,0.0,2.0,0.0,19,3,8,41.7996245527,-87.7329983168,POINT (-87.732998316766 41.799624552716)
20dd1244cb42a6546e4a643df6d9bacc3e289a2bfc88e9fd409ead23cb7b28357803d1ff86db70816fec3a162d773ae1bed11b836982f2428e13a53bdaea5f67,,11/20/2024 10:32:00 PM,30,NO CONTROLS,NO CONTROLS,CLEAR,"DARKNESS, LIGHTED ROAD",FIXED OBJECT,NOT DIVIDED,,STRAIGHT AND LEVEL,WET,NO DEFECTS,ON SCENE,INJURY AND / OR TOW DUE TO CRASH,,,,"OVER $1,500",11/20/2024 10:32:00 PM,DISTRACTION - FROM OUTSIDE VEHICLE,UNABLE TO DETERMINE,9940,S,AVENUE M,432.0,,,,,,,1,NO INDICATION OF INJURY,0.0,0.0,0.0,0.0,0.0,1.0,0.0,22,4,11,41.7146170787,-87.537835755,POINT (-87.537835755047 41.714617078656)
641498952d1c4af26dc114019975dd353d26ca975822dbe5894687c146b25cc681104f8e9e46c607d704acae259ed2d302cbe811428c5f692df5bd923fe6c9c3,,01/07/2024 12:25:00 AM,30,TRAFFIC SIGNAL,FUNCTIONING PROPERLY,SNOW,"DARKNESS, LIGHTED ROAD",TURNING,FOUR WAY,,STRAIGHT AND LEVEL,WET,NO DEFECTS,ON SCENE,INJURY AND / OR TOW DUE TO CRASH,N,,,"OVER $1,500",01/07/2024 12:25:00 AM,IMPROPER TURNING/NO SIGNAL,NOT APPLICABLE,3900,S,ASHLAND AVE,924.0,,,,,,,2,"REPORTED, NOT EVIDENT",1.0,0.0,0.0,0.0,1.0,4.0,0.0,0,1,1,41.823027657,-87.6657440311,POINT (-87.665744031095 41.82302765704)
17cde880ade5d01e5d2f096c9d25ad7efd5d8c8d12987fbecac4d12ec5f26326ff033610f0f04eb8d43c80f7e58d98b1503b511ee9b6a74285b4e2449b615a61,,01/12/2019 12:00:00 PM,30,NO CONTROLS,NO CONTROLS,SNOW,DAYLIGHT,FIXED OBJECT,UNKNOWN,2,STRAIGHT AND LEVEL,SNOW OR SLUSH,NO DEFECTS,NOT ON SCENE (DESK REPORT),NO INJURY / DRIVE AWAY,,,,"$501 - $1,500",01/12/2019 03:30:00 PM,WEATHER,NOT APPLICABLE,11700,S,AVENUE J,433.0,,,,,,,1,NO INDICATION OF INJURY,0.0,0.0,0.0,0.0,0.0,1.0,0.0,12,7,1,41.6826624292,-87.5341876981,POINT (-87.534187698122 41.6826624292)
05e9ae5d6524e4ee18b8c14a860ee108d1ef5524f99c662fe6a5740733728770ebca5c8fac67f66a67a37c506312d1ab10b30ba5ec7fb2e0d0bfe4044bc8628d,,10/30/2019 11:35:00 AM,30,TRAFFIC SIGNAL,FUNCTIONING PROPERLY,RAIN,DAYLIGHT,REAR END,DIVIDED - W/MEDIAN (NOT RAISED),,STRAIGHT AND LEVEL,WET,NO DEFECTS,ON SCENE,NO INJURY / DRIVE AWAY,,Y,,$500 OR LESS,10/30/2019 11:44:00 AM,UNABLE TO DETERMINE,NOT APPLICABLE,2913,W,FULLERTON AVE,1414.0,,,,,,,2,NO INDICATION OF INJURY,0.0,0.0,0.0,0.0,0.0,2.0,0.0,11,4,10,41.9246671682,-87.7005698174,POINT (-87.700569817382 41.924667168176)
5854b4d16cf2e6d7eeee69a92e1195f1b0488466c6f5e7bbcb1a9bb7e8601b25e5a003dde9ba1ef7f243eb009183c3c91ab34e29024a17cad45e63fa26f24c12,,06/13/2020 02:23:00 PM,30,TRAFFIC SIGNAL,FUNCTIONING PROPERLY,CLEAR,DAYLIGHT,REAR END,FOUR WAY,,STRAIGHT AND LEVEL,DRY,NO DEFECTS,NOT ON SCENE (DESK REPORT),NO INJURY / DRIVE AWAY,,,Y,$500 OR LESS,06/13/2020 02:50:00 PM,UNABLE TO DETERMINE,NOT APPLICABLE,1605,W,DIVERSEY PKWY,1931.0,,,,,,,2,NO INDICATION OF INJURY,0.0,0.0,0.0,0.0,0.0,2.0,0.0,14,7,6,41.9322910288,-87.6686212976,POINT (-87.668621297573 41.932291028754)
afea1bd3678693f4203a506e534588199c1365fc8604a109dac31cfc0530113a3d5a5150052ba5d9a02cd6edd962c383ce6fe1749de6d9fc58bdd3c5cb860ff9,,01/18/2022 08:45:00 AM,30,NO CONTROLS,NO CONTROLS,CLEAR,DAYLIGHT,REAR END,NOT DIVIDED,,STRAIGHT AND LEVEL,DRY,NO DEFECTS,NOT ON SCENE (DESK REPORT),NO INJURY / DRIVE AWAY,,,,"OVER $1,500",01/18/2022 01:30:00 PM,FOLLOWING TOO CLOSELY,NOT APPLICABLE,2105,S,STATE ST,131.0,,,,,,,2,NO INDICATION OF INJURY,0.0,0.0,0.0,0.0,0.0,2.0,0.0,8,3,1,41.854063769,-87.6269605361,POINT (-87.626960536063 41.854063769009)
c52b3eaf5f62dbc24fec5254fa8cb7c6ab1c0776c24dd647eda54782c66135dea91b9419f7674627644b8d8a1ce8fff3cce5e91bdc8a385fa24f72065e7c75fd,,10/03/2016 02:50:00 PM,30,TRAFFIC SIGNAL,FUNCTIONING PROPERLY,CLEAR,DAYLIGHT,SIDESWIPE OPPOSITE DIRECTION,NOT DIVIDED,,STRAIGHT AND LEVEL,DRY,NO DEFECTS,NOT ON SCENE (DESK REPORT),NO INJURY / DRIVE AWAY,,,,"OVER $1,500",10/03/2016 04:18:00 PM,NOT APPLICABLE,NOT APPLICABLE,5874,S,ARCHER AVE,814.0,,,,,,,2,NO INDICATION OF INJURY,0.0,0.0,0.0,0.0,0.0,3.0,0.0,14,2,10,41.795918388,-87.7617807891,POINT (-87.761780789101 41.795918387995)
88f61b814e6fe68cde28c5bec00d2c2b5f2898fba74b238982cdf7877e28fd5afc623367e07154e8a114f329f0f48d4400564ed3049698786711356dd8e1577a,,03/01/2021 10:05:00 PM,25,NO CONTROLS,NO CONTROLS,CLEAR,DARKNESS,PARKED MOTOR VEHICLE,ONE-WAY,,STRAIGHT AND LEVEL,UNKNOWN,UNKNOWN,NOT ON SCENE (DESK REPORT),NO INJURY / DRIVE AWAY,,,,"$501 - $1,500",03/01/2021 11:15:00 PM,FAILING TO REDUCE SPEED TO AVOID CRASH,NOT APPLICABLE,6629,S,KNOX AVE,833.0,,,,,,,2,NO INDICATION OF INJURY,0.0,0.0,0.0,0.0,0.0,1.0,0.0,22,2,3,41.772128898,-87.7382961826,POINT (-87.738296182619 41.772128898003)
07933f01d8abb6b7f4d69d11f3bb2412792b0522e3ed1f34192e9f0fa65ebe6f2bbeb9f8566844674b6e93f2c708b2338788ab6bbe35f07639f127e0bc10c6cf,,07/13/2016 01:20:00 PM,10,NO CONTROLS,NO CONTROLS,CLEAR,DAYLIGHT,PARKED MOTOR VEHICLE,NOT DIVIDED,2,STRAIGHT AND LEVEL,DRY,NO DEFECTS,NOT ON SCENE (DESK REPORT),NO INJURY / DRIVE AWAY,,,,"OVER $1,500",07/13/2016 01:40:00 PM,IMPROPER BACKING,"VISION OBSCURED (SIGNS, TREE LIMBS, BUILDINGS, ETC.)",2145,N,HALSTED ST,1812.0,,,,,,,2,NO INDICATION OF INJURY,0.0,0.0,0.0,0.0,0.0,2.0,0.0,13,4,7,41.9213323893,-87.6484717346,POINT (-87.648471734626 41.921332389269)
4cd03e05d0e7d8baeba44c1d6823fbbd5a08903448543fd682e1af9e8186f3afd09b28294c88d72f7dc594e9df53044533dbfc312c72a3ae38baecb630ab4dbb,,05/01/2016 02:00:00 PM,35,NO CONTROLS,NO CONTROLS,CLEAR,DAYLIGHT,REAR END,OTHER,,STRAIGHT AND LEVEL,DRY,UNKNOWN,NOT ON SCENE (DESK REPORT),NO INJURY / DRIVE AWAY,,,,"OVER $1,500",05/01/2016 02:37:00 PM,DRIVING SKILLS/KNOWLEDGE/EXPERIENCE,NOT APPLICABLE,4400,S,TRIPP AVE,815.0,,,,,,,2,NO INDICATION OF INJURY,0.0,0.0,0.0,0.0,0.0,2.0,0.0,14,1,5,41.8129719589,-87.7301145071,POINT (-87.730114507088 41.812971958938)
a6778dc1eed451767868d44262997265e09051df0a221a7d9eac107205f148471b4a33fedb3a8029cff63c82fe715fa7ed95736a87a94bd14d9cd1b6b0e681f4,,04/30/2021 06:00:00 AM,20,NO CONTROLS,NO CONTROLS,CLEAR,"DARKNESS, LIGHTED ROAD",PARKED MOTOR VEHICLE,ONE-WAY,,STRAIGHT AND LEVEL,DRY,NO DEFECTS,NOT ON SCENE (DESK REPORT),NO INJURY / DRIVE AWAY,,,,"OVER $1,500",04/30/2021 09:00:00 AM,NOT APPLICABLE,NOT APPLICABLE,4640,S,LAWLER AVE,814.0,,,,,,,2,NO INDICATION OF INJURY,0.0,0.0,0.0,0.0,0.0,1.0,0.0,6,6,4,41.8081404073,-87.7494327567,POINT (-87.74943275673 41.808140407295)
6bd8f745af22c6ec3377ac88788a45c66ac4233e1d4ae894b6c3e9a9553d925e4e9ca182f056f083cfac241780dc9c71170f4dc0838c72e3c9a245c01138061d,,04/14/2023 07:35:00 PM,30,NO CONTROLS,NO CONTROLS,CLEAR,DAWN,ANGLE,NOT DIVIDED,,STRAIGHT AND LEVEL,DRY,NO DEFECTS,NOT ON SCENE (DESK REPORT),NO INJURY / DRIVE AWAY,,,,"OVER $1,500",04/14/2023 07:55:00 PM,FAILING TO YIELD RIGHT-OF-WAY,FAILING TO YIELD RIGHT-OF-WAY,4800,N,MOODY AVE,1622.0,,,,,,,2,NO INDICATION OF INJURY,0.0,0.0,0.0,0.0,0.0,2.0,0.0,19,6,4,41.9685732261,-87.7821023143,POINT (-87.782102314348 41.968573226054)
e7d1c77274ee1c6ba5db69d7779784d01329d00196dfaa32e4b30dbff30778b12ca1ee46e6e476b67befb5663c9ec433041478eb67d913a85bcfabd535f5b20c,,03/01/2021 04:15:00 PM,35,NO CONTROLS,NO CONTROLS,CLEAR,DAYLIGHT,ANGLE,NOT DIVIDED,,STRAIGHT AND LEVEL,DRY,NO DEFECTS,ON SCENE,NO INJURY / DRIVE AWAY,,,,"OVER $1,500",03/01/2021 04:20:00 PM,FAILING TO YIELD RIGHT-OF-WAY,NOT APPLICABLE,7152,W,BELMONT AVE,1632.0,,,,,,,2,NO INDICATION OF INJURY,0.0,0.0,0.0,0.0,0.0,2.0,0.0,16,2,3,41.9381108283,-87.8063468391,POINT (-87.806346839142 41.938110828296)
65bfa609d8dea33db9b1360abe3b6fb1c26a2a5add35717297fce89de99cacf61f86d9709b21c51876306db0574f435fe43d0f1d2f1899c18edeec2cc51b8745,,06/22/2022 04:00:00 PM,30,NO CONTROLS,NO CONTROLS,CLEAR,DAYLIGHT,PARKED MOTOR VEHICLE,ONE-WAY,,STRAIGHT AND LEVEL,DRY,NO DEFECTS,NOT ON SCENE (DESK REPORT),NO INJURY / DRIVE AWAY,,,N,"$501 - $1,500",06/23/2022 04:15:00 PM,UNABLE TO DETERMINE,UNABLE TO DETERMINE,61,E,RANDOLPH ST,111.0,,,,,,,2,NO INDICATION OF INJURY,0.0,0.0,0.0,0.0,0.0,1.0,0.0,16,4,6,41.8843885756,-87.6256683761,POINT (-87.625668376129 41.884388575627)
45f5177a856d75314cb7903fd4541cbd21f4752a8c6c94a1d66f9389bc5630993556f429bfe1587a93d041a433bf9433901acccb2ea76c679dd63b51e91193e2,,02/23/2023 02:45:00 PM,30,NO CONTROLS,NO CONTROLS,CLEAR,DAYLIGHT,REAR END,DIVIDED - W/MEDIAN BARRIER,,STRAIGHT AND LEVEL,DRY,NO DEFECTS,NOT ON SCENE (DESK REPORT),NO INJURY / DRIVE AWAY,,,,"OVER $1,500",02/23/2023 04:00:00 PM,UNABLE TO DETERMINE,NOT APPLICABLE,6059,N,LINCOLN AVE,1711.0,,,,,,,2,NO INDICATION OF INJURY,0.0,0.0,0.0,0.0,0.0,2.0,0.0,14,5,2,41.9919194724,-87.7096313344,POINT (-87.709631334403 41.991919472392)