CRASH_RECORD_ID,CRASH_DATE_EST_I,CRASH_DATE,POSTED_SPEED_LIMIT,TRAFFIC_CONTROL_DEVICE,DEVICE_CONDITION,WEATHER_CONDITION,LIGHTING_CONDITION,FIRST_CRASH_TYPE,TRAFFICWAY_TYPE,LANE_CNT,ALIGNMENT,ROADWAY_SURFACE_COND,ROAD_DEFECT,REPORT_TYPE,CRASH_TYPE,INTERSECTION_RELATED_I,NOT_RIGHT_OF_WAY_I,HIT_AND_RUN_I,DAMAGE,DATE_POLICE_NOTIFIED,PRIM_CONTRIBUTORY_CAUSE,SEC_CONTRIBUTORY_CAUSE,STREET_NO,STREET_DIRECTION,STREET_NAME,BEAT_OF_OCCURRENCE,PHOTOS_TAKEN_I,STATEMENTS_TAKEN_I,DOORING_I,WORK_ZONE_I,WORK_ZONE_TYPE,WORKERS_PRESENT_I,NUM_UNITS,MOST_SEVERE_INJURY,INJURIES_TOTAL,INJURIES_FATAL,INJURIES_INCAPACITATING,INJURIES_NON_INCAPACITATING,INJURIES_REPORTED_NOT_EVIDENT,INJURIES_NO_INDICATION,INJURIES_UNKNOWN,CRASH_HOUR,CRASH_DAY_OF_WEEK,CRASH_MONTH,LATITUDE,LONGITUDE,LOCATION
9a094f6514906a7a6e8ecb536f16cfe50e2f28634bfb587c12e3d5e3fc08a99521fffef084adfb010baaa36953629d0822d6c4b418df5f65dd6cd90ef337adba,,09/14/2018 11:45:00 PM,40,NO CONTROLS,NO CONTROLS,CLEAR,"DARKNESS, LIGHTED ROAD",SIDESWIPE SAME DIRECTION,DIVIDED - W/MEDIAN BARRIER,8,STRAIGHT AND LEVEL,DRY,NO DEFECTS,NOT ON SCENE (DESK REPORT),NO INJURY / DRIVE AWAY,,,,"$501 - $1,500",09/15/2018 12:30:00 AM,UNABLE TO DETERMINE,UNABLE TO DETERMINE,601,N,LAKE SHORE DR NB,1834.0,,,,,,,2,NO INDICATION OF INJURY,0.0,0.0,0.0,0.0,0.0,2.0,0.0,23,6,9,41.8927051473,-87.6138309343,POINT (-87.613830934311 41.892705147328)
534f611e6a9b995416881acc6102b3c70eb3dc265aaffbaed244d589f6a9f2a8cecb8d35d08379c94725e2d2ef585b59a0c27c3cf1dbab79af2fdf5a4567c3e8,,04/25/2017 05:30:00 AM,30,TRAFFIC SIGNAL,UNKNOWN,CLEAR,DAYLIGHT,REAR END,DIVIDED - W/MEDIAN (NOT RAISED),,STRAIGHT AND LEVEL,DRY,NO DEFECTS,NOT ON SCENE (DESK REPORT),NO INJURY / DRIVE AWAY,,,Y,"OVER $1,500",04/25/2017 08:10:00 AM,DISREGARDING TRAFFIC SIGNALS,DISREGARDING TRAFFIC SIGNALS,7298,S,WENTWORTH AVE,731.0,,,,,,,2,NO INDICATION OF INJURY,0.0,0.0,0.0,0.0,0.0,2.0,0.0,5,3,4,41.7618801104,-87.6298359448,POINT (-87.629835944789 41.761880110445)
d9c320e38ba092f97b8c7c652fd689752910c13c7e176c34e398a6b7d3710552491d8155106cdd1a295c3d4bd3642bedcef21c6dc2d7be17869f10b56e67c24c,,01/20/2021 03:22:00 AM,15,NO CONTROLS,NO CONTROLS,SNOW,DARKNESS,REAR TO FRONT,PARKING LOT,,STRAIGHT AND LEVEL,SNOW OR SLUSH,UNKNOWN,ON SCENE,NO INJURY / DRIVE AWAY,,,Y,$500 OR LESS,01/20/2021 03:22:00 AM,IMPROPER BACKING,UNABLE TO DETERMINE,5509,N,HARLEM AVE,1613.0,,,,,,,2,NO INDICATION OF INJURY,0.0,0.0,0.0,0.0,0.0,4.0,0.0,3,4,1,41.9813913204,-87.8067953904,POINT (-87.806795390421 41.981391320426)
9941534ba4d5978de0861e65263bad48e6ba6b6426780627f3489867851642c07275ca76bd26bfd1a67e88f9b837d6e57f0e69efe7ea1ae5a33fb89ea567f3d1,,11/06/2023 07:30:00 AM,30,TRAFFIC SIGNAL,FUNCTIONING PROPERLY,CLEAR,DAYLIGHT,TURNING,NOT DIVIDED,,STRAIGHT ON GRADE,DRY,NO DEFECTS,NOT ON SCENE (DESK REPORT),NO INJURY / DRIVE AWAY,Y,,,"$501 - $1,500",11/06/2023 08:25:00 AM,UNABLE TO DETERMINE,NOT APPLICABLE,5700,N,SHERIDAN RD,2022.0,,,,,,,2,NO INDICATION OF INJURY,0.0,0.0,0.0,0.0,0.0,2.0,0.0,7,2,11,41.9856410954,-87.6553885441,POINT (-87.655388544127 41.985641095429)
bcef301c1729b39e43505d333ed62a85a9c5d1f73e01ca7889c867a18f273f91afcb8ac2ba207642a294dc47205afd37b8cdbd7e42eaf72db577bfb82752123d,,11/12/2021 06:00:00 PM,30,NO CONTROLS,NO CONTROLS,CLOUDY/OVERCAST,DAYLIGHT,REAR END,NOT DIVIDED,,STRAIGHT AND LEVEL,DRY,NO DEFECTS,NOT ON SCENE (DESK REPORT),NO INJURY / DRIVE AWAY,Y,,,"OVER $1,500",11/15/2021 10:45:00 AM,FOLLOWING TOO CLOSELY,FAILING TO REDUCE SPEED TO AVOID CRASH,6098,W,MONTROSE AVE,1622.0,,,,,,,2,NO INDICATION OF INJURY,0.0,0.0,0.0,0.0,0.0,4.0,0.0,18,6,11,41.9604280735,-87.7794065957,POINT (-87.779406595727 41.96042807346)
7959ad007f9fd2bbbe7559f5bc478b4a33b413849ee665fb31a747629f7bc9464491e5f2a0deb0a85c9537894f25ee49f8e5acb48654b218a8e1cf468b915ea4,,09/03/2017 05:30:00 PM,30,NO CONTROLS,NO CONTROLS,CLEAR,DAYLIGHT,PARKED MOTOR VEHICLE,ONE-WAY,1,STRAIGHT AND LEVEL,DRY,NO DEFECTS,ON SCENE,NO INJURY / DRIVE AWAY,,,Y,$500 OR LESS,09/03/2017 05:40:00 PM,UNABLE TO DETERMINE,NOT APPLICABLE,1708,W,BEVERLY GLEN PKWY,2213.0,,,,,,,2,NO INDICATION OF INJURY,0.0,0.0,0.0,0.0,0.0,1.0,0.0,17,1,9,41.7129813932,-87.6654481508,POINT (-87.665448150835 41.712981393246)
940e5ad0ba037167dbc67abf57fd077b9ae4e1c840c4c72628ce7fee11628a9b9c3877b10276545790f543371740010555660037b86b279f308f8074389c6f9c,,09/13/2024 09:15:00 PM,35,TRAFFIC SIGNAL,FUNCTIONING PROPERLY,CLEAR,"DARKNESS, LIGHTED ROAD",TURNING,"FIVE POINT, OR MORE",,STRAIGHT AND LEVEL,DRY,NO DEFECTS,NOT ON SCENE (DESK REPORT),NO INJURY / DRIVE AWAY,Y,,,"OVER $1,500",09/13/2024 10:05:00 PM,UNABLE TO DETERMINE,NOT APPLICABLE,330,W,ONTARIO ST,1831.0,,,,,,,2,NO INDICATION OF INJURY,0.0,0.0,0.0,0.0,0.0,2.0,0.0,21,6,9,41.8932567111,-87.6370077971,POINT (-87.637007797127 41.893256711085)
5e5ab914ad268f9ff692c2ff7ccbe825e36120b95425e5b6210b0594321a45e5dafa06aa40b6d78a66ba242e7aa9556e7dfbf747b80ee569f8859ed0fa42737e,,01/23/2023 12:09:00 PM,30,NO CONTROLS,NO CONTROLS,CLEAR,DAYLIGHT,REAR END,DIVIDED - W/MEDIAN (NOT RAISED),,STRAIGHT AND LEVEL,DRY,NO DEFECTS,ON SCENE,NO INJURY / DRIVE AWAY,,,,"OVER $1,500",01/23/2023 12:09:00 PM,FAILING TO YIELD RIGHT-OF-WAY,NOT APPLICABLE,4051,N,HARLEM AVE,1632.0,,,,,,,2,NO INDICATION OF INJURY,0.0,0.0,0.0,0.0,0.0,2.0,0.0,12,2,1,,,
4a5b7af9ee6e54d2cc6e9d29e42166543fb0041cc0566a41bd6ed9506aad51cfba941f3d5a42fc0cce95784e2d7c6f0833ed3d60ac93d08a18ee9ee66b5ddd65,Y,03/05/2025 09:00:00 PM,30,NO CONTROLS,NO CONTROLS,RAIN,"DARKNESS, LIGHTED ROAD",PARKED MOTOR VEHICLE,NOT DIVIDED,,STRAIGHT AND LEVEL,WET,NO DEFECTS,ON SCENE,NO INJURY / DRIVE AWAY,,,Y,"OVER $1,500",03/05/2025 11:30:00 PM,IMPROPER OVERTAKING/PASSING,NOT APPLICABLE,954,W,WILLOW ST,1813.0,,,,,,,2,NO INDICATION OF INJURY,0.0,0.0,0.0,0.0,0.0,1.0,0.0,21,4,3,41.9138656181,-87.6530227149,POINT (-87.653022714878 41.913865618127)
b175ecfbfd7a443319f64c0ef6413b46a5b9fe55f19f467b8809ba03e9abf284eb36e0fa97fb4fd5dbe283926267b91f875703514cd495b10aa64de8a97d656b,,12/02/2019 02:18:00 PM,10,NO CONTROLS,NO CONTROLS,CLOUDY/OVERCAST,DAYLIGHT,PARKED MOTOR VEHICLE,PARKING LOT,,STRAIGHT AND LEVEL,DRY,NO DEFECTS,ON SCENE,INJURY AND / OR TOW DUE TO CRASH,,Y,,"OVER $1,500",12/02/2019 02:19:00 PM,FAILING TO REDUCE SPEED TO AVOID CRASH,EQUIPMENT - VEHICLE CONDITION,4640,S,HALSTED ST,925.0,,,,,,,5,NO INDICATION OF INJURY,0.0,0.0,0.0,0.0,0.0,2.0,0.0,14,2,12,41.809629768,-87.6457075651,POINT (-87.645707565129 41.809629768022)
f20a91cbc9b03abec89e77c86bc9e1b188b7c01725448467a96c7112171fcc9beb58a3430dc348dbb8192e998bc3914cb8a8d7dc38a43c14f40466ab70a8d6e8,,03/19/2023 02:29:00 PM,30,NO CONTROLS,NO CONTROLS,CLEAR,DAYLIGHT,SIDESWIPE SAME DIRECTION,DIVIDED - W/MEDIAN BARRIER,,STRAIGHT AND LEVEL,DRY,NO DEFECTS,NOT ON SCENE (DESK REPORT),NO INJURY / DRIVE AWAY,,,,"$501 - $1,500",03/20/2023 06:10:00 PM,UNABLE TO DETERMINE,UNABLE TO DETERMINE,9500,S,HALSTED ST,2223.0,,,,,,,2,NO INDICATION OF INJURY,0.0,0.0,0.0,0.0,0.0,3.0,0.0,14,1,3,41.7213650608,-87.6433580423,POINT (-87.643358042341 41.721365060783)
684b62cbe9e43b247e43c07a0adb00f87124599cc634e4a55de6edb9d5a6c9afa849bfd8b27780571502be5c5f151e40dbc297fb4a06592b64ec84f4cdcc00fe,,06/21/2019 11:30:00 AM,45,TRAFFIC SIGNAL,NO CONTROLS,CLEAR,DAYLIGHT,REAR END,DIVIDED - W/MEDIAN BARRIER,,STRAIGHT ON HILLCREST,DRY,NO DEFECTS,NOT ON SCENE (DESK REPORT),NO INJURY / DRIVE AWAY,,,,"OVER $1,500",06/21/2019 11:45:00 AM,UNABLE TO DETERMINE,UNABLE TO DETERMINE,1301,S,LAKE SHORE DR E,132.0,,,,,,,2,NO INDICATION OF INJURY,0.0,0.0,0.0,0.0,0.0,2.0,0.0,11,6,6,41.8657727259,-87.6190137643,POINT (-87.619013764294 41.865772725852)
91f6fc866b580b3d6e297134ee724faecfa8ce46ba2f6a205d4354590571c9a6f9815151ab998a914d1eb4f027936694a234c4b748b86fb5597d6293cb1e3d35,,08/28/2024 11:30:00 AM,15,NO CONTROLS,NO CONTROLS,CLEAR,DAYLIGHT,PARKED MOTOR VEHICLE,PARKING LOT,,STRAIGHT AND LEVEL,DRY,NO DEFECTS,NOT ON SCENE (DESK REPORT),NO INJURY / DRIVE AWAY,,Y,,"OVER $1,500",08/28/2024 02:00:00 PM,IMPROPER BACKING,UNABLE TO DETERMINE,3601,S,WELLS ST,915.0,,,,,,,2,NO INDICATION OF INJURY,0.0,0.0,0.0,0.0,0.0,1.0,0.0,11,4,8,41.8289827658,-87.6325188475,POINT (-87.632518847528 41.828982765821)
a47f4e3c7caa4ace7b351769dc6a8085bac147053fd3fca0752062ee18db376a1f50c71d508edcba0a119c66285fdfad86598acfdc7ce2f003946d0861aebcfb,,10/24/2025 05:04:00 PM,30,NO CONTROLS,NO CONTROLS,CLEAR,DAYLIGHT,SIDESWIPE SAME DIRECTION,ONE-WAY,,STRAIGHT AND LEVEL,DRY,UNKNOWN,ON SCENE,NO INJURY / DRIVE AWAY,,,,"OVER $1,500",10/24/2025 05:10:00 PM,UNABLE TO DETERMINE,NOT APPLICABLE,2,W,TERMINAL ST,1652.0,,,,,,,2,NO INDICATION OF INJURY,0.0,0.0,0.0,0.0,0.0,2.0,0.0,17,6,10,,,
3ca9487a985613134f90d4ac3b5ea83a020cb2774e5af9684a7984a9f6e5bd23e5d806a8c2f70299a839d374e2b3b4c162111022ac21464107702b83e8b85ec8,,04/10/2023 03:19:00 PM,30,UNKNOWN,UNKNOWN,CLEAR,DAYLIGHT,PEDALCYCLIST,UNKNOWN,,STRAIGHT AND LEVEL,DRY,UNKNOWN,NOT ON SCENE (DESK REPORT),NO INJURY / DRIVE AWAY,,,,"OVER $1,500",04/10/2023 04:00:00 PM,UNABLE TO DETERMINE,UNABLE TO DETERMINE,4414,S,EVANS AVE,221.0,,,,,,,2,NO INDICATION OF INJURY,0.0,0.0,0.0,0.0,0.0,1.0,0.0,15,2,4,41.8144795491,-87.6084550514,POINT (-87.608455051394 41.814479549147)
cfe398e9dec68eabea5573ef513da1da14375bcd1d512a52ccd365b25a07fcca19e9c2910d630404e855b20ccd08c4dd5b71b0e56bb45cf36097b6651c0a985c,,01/06/2018 02:15:00 PM,15,NO CONTROLS,NO CONTROLS,CLEAR,DAYLIGHT,ANGLE,PARKING LOT,0,STRAIGHT AND LEVEL,DRY,NO DEFECTS,ON SCENE,NO INJURY / DRIVE AWAY,,Y,Y,"$501 - $1,500",01/06/2018 02:21:00 PM,IMPROPER BACKING,NOT APPLICABLE,9900,S,HALSTED ST,2232.0,,,,,,,2,NO INDICATION OF INJURY,0.0,0.0,0.0,0.0,0.0,2.0,0.0,14,7,1,41.7141188681,-87.6431454082,POINT (-87.643145408182 41.71411886809)
75ebcbd3118c64c1515063764394b3b1b47e4db7f3fb226e294ed268f2ddbb1fcc32ec2dcbb13a85671536d5005e69b3629386cbc5354b4537c834700ee4c215,,06/30/2018 01:30:00 PM,10,NO CONTROLS,NO CONTROLS,CLEAR,DAYLIGHT,ANGLE,PARKING LOT,,STRAIGHT AND LEVEL,DRY,NO DEFECTS,NOT ON SCENE (DESK REPORT),NO INJURY / DRIVE AWAY,,,,"OVER $1,500",06/30/2018 04:50:00 PM,FAILING TO YIELD RIGHT-OF-WAY,NOT APPLICABLE,4645,W,DIVERSEY AVE,2521.0,,,,,,,2,NO INDICATION OF INJURY,0.0,0.0,0.0,0.0,0.0,2.0,0.0,13,7,6,41.9314609382,-87.743717307,POINT (-87.743717307031 41.931460938215)
7481f9a7cbbf0ae1305cff6423dce2622a801ff74d4529edc34d919f848f2e1d86f08d36fa1c93af28ed9232ed41d83efbba98d3c422a5cae3e0862fffb93d14,,01/15/2021 10:40:00 PM,35,NO CONTROLS,NO CONTROLS,UNKNOWN,"DARKNESS, LIGHTED ROAD",PARKED MOTOR VEHICLE,UNKNOWN,,STRAIGHT AND LEVEL,UNKNOWN,UNKNOWN,NOT ON SCENE (DESK REPORT),NO INJURY / DRIVE AWAY,,,Y,"$501 - $1,500",01/16/2021 03:50:00 PM,IMPROPER BACKING,DRIVING SKILLS/KNOWLEDGE/EXPERIENCE,7700,S,COLFAX AVE,421.0,,,,,,,2,NO INDICATION OF INJURY,0.0,0.0,0.0,0.0,0.0,1.0,0.0,22,6,1,41.7553294354,-87.5615994659,POINT (-87.561599465935 41.755329435405)
be1d85251c764a3b89441249ac3e171b946e9cd483f21da96a2468bc30295379196953fcaaca3bd74f25565fd78ff5b6dfe44e60dce7953eb11574c72cbda95e,,01/17/2024 02:30:00 AM,25,NO CONTROLS,NO CONTROLS,UNKNOWN,"DARKNESS, LIGHTED ROAD",PARKED MOTOR VEHICLE,ONE-WAY,,STRAIGHT AND LEVEL,UNKNOWN,UNKNOWN,ON SCENE,INJURY AND / OR TOW DUE TO CRASH,,,Y,"OVER $1,500",01/17/2024 08:44:00 AM,DRIVING ON WRONG SIDE/WRONG WAY,NOT APPLICABLE,8301,S,BLACKSTONE AVE,412.0,,,,,,,2,NO INDICATION OF INJURY,0.0,0.0,0.0,0.0,0.0,1.0,0.0,2,4,1,41.7441253778,-87.5878671647,POINT (-87.587867164698 41.744125377813)
2439bfb24db3c4ab2d4ecfd6cb4b6c21baed57f3c8e0e10005d3c3d0b03511db89c1b822eaae62a60f96caf54d8441fac1fb14c7d8dfa57763f8437927025338,,07/15/2025 04:30:00 PM,20,NO CONTROLS,NO CONTROLS,CLEAR,DAYLIGHT,PARKED MOTOR VEHICLE,PARKING LOT,,STRAIGHT AND LEVEL,DRY,UNKNOWN,NOT ON SCENE (DESK REPORT),NO INJURY / DRIVE AWAY,,,,$500 OR LESS,07/15/2025 05:00:00 PM,UNABLE TO DETERMINE,UNABLE TO DETERMINE,1655,E,95TH ST,431.0,,,,,,,2,NO INDICATION OF INJURY,0.0,0.0,0.0,0.0,0.0,1.0,0.0,16,3,7,41.7222631981,-87.5829176346,POINT (-87.582917634619 41.722263198134)
4a273833cd40386b59628deaab1184dd7ab590c2329e419dcd52e6f5cbb2110921bcac133bae1a6bc4b8d29c5767f8309354c8812cd666f663c3fc258d006b26,,08/06/2018 07:45:00 PM,25,NO CONTROLS,FUNCTIONING PROPERLY,CLEAR,DUSK,PEDESTRIAN,NOT DIVIDED,,STRAIGHT AND LEVEL,DRY,NO DEFECTS,ON SCENE,INJURY AND / OR TOW DUE TO CRASH,,,,$500 OR LESS,08/06/2018 07:56:00 PM,IMPROPER BACKING,NOT APPLICABLE,5630,S,SEELEY AVE,715.0,,,,,,,2,NONINCAPACITATING INJURY,1.0,0.0,0.0,1.0,0.0,1.0,0.0,19,2,8,41.791137955,-87.6755844747,POINT (-87.675584474719 41.791137954977)
5da5bb4b5cd18f206e1caa6f38a5dab103faf073895ce2fbe1b234b087faf738b158bc929a98dcd9cac2bb2f8addf72a64be30bd7dbd4cfe34d07ea4253bd99c,,09/25/2025 07:30:00 AM,30,NO CONTROLS,NO CONTROLS,CLEAR,DAWN,REAR END,NOT DIVIDED,,STRAIGHT AND LEVEL,DRY,NO DEFECTS,ON SCENE,NO INJURY / DRIVE AWAY,,,,"OVER $1,500",09/25/2025 07:40:00 AM,FOLLOWING TOO CLOSELY,FOLLOWING TOO CLOSELY,4481,W,LAWRENCE AVE,1722.0,,,,,,,2,NO INDICATION OF INJURY,0.0,0.0,0.0,0.0,0.0,2.0,0.0,7,5,9,41.967988927,-87.7411422945,POINT (-87.741142294513 41.967988926999)
7a0ca6f7ce6f1b90b85244597cb18c840c4823f6f3b08269d5a9aee7c27c293f8712c1160faf8dfc1778edae28b96e6e8fe22b430aa66e57c559e2ed06c9e987,,04/07/2016 04:30:00 PM,30,STOP SIGN/FLASHER,FUNCTIONING PROPERLY,CLEAR,DAYLIGHT,ANGLE,OTHER,4,STRAIGHT AND LEVEL,DRY,NO DEFECTS,NOT ON SCENE (DESK REPORT),NO INJURY / DRIVE AWAY,,,,$500 OR LESS,04/08/2016 06:30:00 PM,FAILING TO YIELD RIGHT-OF-WAY,FAILING TO YIELD RIGHT-OF-WAY,4700,S,LANGLEY AVE,223.0,,,,,,,2,NO INDICATION OF INJURY,0.0,0.0,0.0,0.0,0.0,5.0,0.0,16,5,4,41.8094059506,-87.6091300875,POINT (-87.609130087521 41.809405950618)
b38dfa51f9fd2220d98089fe0c1de3bb2037991e55a82442f24b4cd474f1d6b717b5b77668ac7a0da3ace832db4fb6565d86d1cadde2d4a400d2c2291abb3eeb,,12/09/2018 09:27:00 PM,30,TRAFFIC SIGNAL,FUNCTIONING PROPERLY,CLEAR,DARKNESS,REAR END,DIVIDED - W/MEDIAN (NOT RAISED),,STRAIGHT AND LEVEL,DRY,NO DEFECTS,NOT ON SCENE (DESK REPORT),NO INJURY / DRIVE AWAY,,,Y,"OVER $1,500",12/16/2018 07:00:00 PM,UNABLE TO DETERMINE,NOT APPLICABLE,3124,S,DAMEN AVE,912.0,,,,,,,2,NO INDICATION OF INJURY,0.0,0.0,0.0,0.0,0.0,2.0,0.0,21,1,12,41.8370406531,-87.6755874646,POINT (-87.675587464571 41.837040653067)
95924707d01244c0fca47d9eb3305570ce1000579c34b293106613637e37e726f1df6803f435a64fb41cfd7d5e8f4d015044e7928eec7da53ffec8ea1aa39126,,12/02/2021 07:10:00 PM,20,NO CONTROLS,NO CONTROLS,CLEAR,DARKNESS,PARKED MOTOR VEHICLE,NOT DIVIDED,,STRAIGHT AND LEVEL,DRY,UNKNOWN,NOT ON SCENE (DESK REPORT),NO INJURY / DRIVE AWAY,,,Y,"OVER $1,500",12/02/2021 08:25:00 PM,UNABLE TO DETERMINE,UNABLE TO DETERMINE,701,S,KARLOV AVE,1132.0,,,,,,,2,NO INDICATION OF INJURY,0.0,0.0,0.0,0.0,0.0,1.0,0.0,19,5,12,41.872296424,-87.727693203,POINT (-87.727693202993 41.872296423964)
8dd0ac9abe8d63a5f1e70e5760c00f481ee7c8c50b96514ba69f46a388e80422b646581a41098e5f024d8b43118faedd70b8f3ec103018a2a69b3007d6ab013a,,03/21/2018 05:20:00 PM,0,NO CONTROLS,NO CONTROLS,CLEAR,DAYLIGHT,SIDESWIPE OPPOSITE DIRECTION,PARKING LOT,1,STRAIGHT AND LEVEL,DRY,NO DEFECTS,NOT ON SCENE (DESK REPORT),NO INJURY / DRIVE AWAY,,,,"OVER $1,500",03/21/2018 05:50:00 PM,UNABLE TO DETERMINE,UNABLE TO DETERMINE,1218,E,53RD ST,234.0,,,,,,,2,NO INDICATION OF INJURY,0.0,0.0,0.0,0.0,0.0,2.0,0.0,17,4,3,41.7995738924,-87.5958353225,POINT (-87.595835322531 41.799573892426)
08b1ca60055b4878a46c82e1255efc2d2e70361dadc20ae31818c3ec4685ad0d4de5443aa5e8c19e3912f73567e6d373d5728a50b652c0e40b7066ad3a8ffdc0,,10/01/2017 08:37:00 PM,30,TRAFFIC SIGNAL,FUNCTIONING PROPERLY,CLEAR,"DARKNESS, LIGHTED ROAD",TURNING,DIVIDED - W/MEDIAN BARRIER,,STRAIGHT AND LEVEL,DRY,NO DEFECTS,ON SCENE,INJURY AND / OR TOW DUE TO CRASH,Y,,,"OVER $1,500",10/01/2017 08:38:00 PM,FAILING TO REDUCE SPEED TO AVOID CRASH,FAILING TO YIELD RIGHT-OF-WAY,8300,S,STONY ISLAND AVE,412.0,,,,,,,2,NO INDICATION OF INJURY,0.0,0.0,0.0,0.0,0.0,3.0,0.0,20,1,10,41.744151639,-87.585945067,POINT (-87.585945066953 41.744151639042)
9ec8ee41b2d36e717cf0c139fa695d415913b58349691b3d8ecf669f41075ea71ae52ce512a9e9da3daa626d6237d10861293a078fb6e3318cf67835d21bd63d,,06/17/2019 12:00:00 PM,25,NO CONTROLS,NO CONTROLS,UNKNOWN,UNKNOWN,PARKED MOTOR VEHICLE,NOT DIVIDED,,STRAIGHT AND LEVEL,DRY,NO DEFECTS,NOT ON SCENE (DESK REPORT),NO INJURY / DRIVE AWAY,,,,"OVER $1,500",06/19/2019 08:00:00 AM,NOT APPLICABLE,NOT APPLICABLE,1702,E,88TH ST,412.0,,,,,,,2,NO INDICATION OF INJURY,0.0,0.0,0.0,0.0,0.0,1.0,0.0,12,2,6,41.7352431406,-87.5826946766,POINT (-87.582694676582 41.735243140592)
f0d1d62093fb25136730f52e0ff6141fe62612707451ca13d9dec2451a3ae7d38d32bb1066faa5f5f739b0debd90ee0e24b06b2b281b897ebbd9b9d956716098,,06/06/2022 12:25:00 PM,35,STOP SIGN/FLASHER,FUNCTIONING PROPERLY,RAIN,DAYLIGHT,TURNING,DIVIDED - W/MEDIAN (NOT RAISED),,STRAIGHT AND LEVEL,WET,NO DEFECTS,NOT ON SCENE (DESK REPORT),NO INJURY / DRIVE AWAY,Y,,,"OVER $1,500",06/06/2022 01:00:00 PM,IMPROPER BACKING,UNABLE TO DETERMINE,7263,S,SOUTH SHORE DR,334.0,,,,,,,2,NO INDICATION OF INJURY,0.0,0.0,0.0,0.0,0.0,2.0,0.0,12,2,6,41.7643563874,-87.5607187792,POINT (-87.560718779223 41.764356387432)
fee81ecf9c7ccf2c898e934c02bf8d7f46dbedced85cc366145a55f2129d800624d656e4c4f1a260103a2619f7ec38ac2340913f5eddd24ce3e8669c72ba7ba4,,10/16/2017 07:40:00 PM,25,STOP SIGN/FLASHER,NO CONTROLS,CLEAR,"DARKNESS, LIGHTED ROAD",PARKED MOTOR VEHICLE,ONE-WAY,1,STRAIGHT AND LEVEL,DRY,NO DEFECTS,ON SCENE,NO INJURY / DRIVE AWAY,,,Y,"OVER $1,500",10/16/2017 07:45:00 PM,IMPROPER LANE USAGE,UNABLE TO DETERMINE,2455,W,LELAND AVE,1911.0,,,,,,,2,NO INDICATION OF INJURY,0.0,0.0,0.0,0.0,0.0,1.0,0.0,19,2,10,41.9666556472,-87.6910753306,POINT (-87.691075330559 41.966655647181)
fbfcc7fc95efbfc07fa844d8cae746ea3bdfdf6a50b611c9568abc07656dd433873a5ec52fe7499cba766dec992446360f926ee3a6231343a03cf02030ae847f,,07/15/2024 05:00:00 PM,30,TRAFFIC SIGNAL,FUNCTIONING PROPERLY,CLEAR,DAYLIGHT,SIDESWIPE SAME DIRECTION,FOUR WAY,,STRAIGHT AND LEVEL,DRY,NO DEFECTS,NOT ON SCENE (DESK REPORT),NO INJURY / DRIVE AWAY,,,,$500 OR LESS,07/15/2024 06:30:00 PM,FOLLOWING TOO CLOSELY,DRIVING SKILLS/KNOWLEDGE/EXPERIENCE,800,W,99TH ST,2232.0,,,,,,,2,NO INDICATION OF INJURY,0.0,0.0,0.0,0.0,0.0,2.0,0.0,17,2,7,41.714323337,-87.6430667142,POINT (-87.643066714219 41.714323337011)
d558070b34ac8538fe0e5255fff284f47a47349622a27ebaf3baacaeb2047b8ef3d32532d4d2b6302fc6e2f9f3cc34b43f371b756b7149fe5402738809045ea4,,07/16/2018 07:08:00 PM,30,TRAFFIC SIGNAL,FUNCTIONING PROPERLY,CLEAR,DAYLIGHT,ANGLE,NOT DIVIDED,2,STRAIGHT AND LEVEL,DRY,NO DEFECTS,ON SCENE,NO INJURY / DRIVE AWAY,Y,,Y,"OVER $1,500",07/23/2018 07:15:00 PM,FAILING TO YIELD RIGHT-OF-WAY,NOT APPLICABLE,9200,S,HOUSTON AVE,424.0,,,,,,,2,NO INDICATION OF INJURY,0.0,0.0,0.0,0.0,0.0,3.0,0.0,19,2,7,41.7281698188,-87.5499660024,POINT (-87.549966002382 41.728169818783)
016549a74380bf6870aa0d09625325d24391d14192608e3648e7055244c9c06bcc7d0e7aa0f45630e374852302592724606d604e5baba00067756e33cf30c0bd,Y,11/23/2022 01:00:00 PM,30,NO CONTROLS,NO CONTROLS,CLEAR,DAYLIGHT,REAR TO SIDE,ONE-WAY,,STRAIGHT AND LEVEL,DRY,UNKNOWN,NOT ON SCENE (DESK REPORT),NO INJURY / DRIVE AWAY,,,Y,"OVER $1,500",11/23/2022 01:20:00 PM,UNABLE TO DETERMINE,UNABLE TO DETERMINE,1200,S,JEFFERSON ST,124.0,,,,,,,2,NO INDICATION OF INJURY,0.0,0.0,0.0,0.0,0.0,3.0,0.0,13,4,11,41.8671888494,-87.642333801,POINT (-87.64233380102 41.867188849412)
76a7e9cdfadd23356cb0e1c4d45b8437b12b82f2be143262435acdfaac79fbd0ff3be74514ca1a20cbf958189e2f3cf59ddd5359afc510db72f8958cfab66a88,,09/23/2018 04:29:00 PM,30,TRAFFIC SIGNAL,FUNCTIONING PROPERLY,CLEAR,DAYLIGHT,SIDESWIPE SAME DIRECTION,DIVIDED - W/MEDIAN BARRIER,7,STRAIGHT AND LEVEL,DRY,NO DEFECTS,NOT ON SCENE (DESK REPORT),NO INJURY / DRIVE AWAY,,,,$500 OR LESS,09/23/2018 05:04:00 PM,IMPROPER OVERTAKING/PASSING,UNABLE TO DETERMINE,48,E,ROOSEVELT RD,123.0,,,,,,,2,NO INDICATION OF INJURY,0.0,0.0,0.0,0.0,0.0,6.0,0.0,16,1,9,41.8675444276,-87.625568619,POINT (-87.625568618998 41.867544427569)