CRASH_RECORD_ID,CRASH_DATE_EST_I,CRASH_DATE,POSTED_SPEED_LIMIT,TRAFFIC_CONTROL_DEVICE,DEVICE_CONDITION,WEATHER_CONDITION,LIGHTING_CONDITION,FIRST_CRASH_TYPE,TRAFFICWAY_TYPE,LANE_CNT,ALIGNMENT,ROADWAY_SURFACE_COND,ROAD_DEFECT,REPORT_TYPE,CRASH_TYPE,INTERSECTION_RELATED_I,NOT_RIGHT_OF_WAY_I,HIT_AND_RUN_I,DAMAGE,DATE_POLICE_NOTIFIED,PRIM_CONTRIBUTORY_CAUSE,SEC_CONTRIBUTORY_CAUSE,STREET_NO,STREET_DIRECTION,STREET_NAME,BEAT_OF_OCCURRENCE,PHOTOS_TAKEN_I,STATEMENTS_TAKEN_I,DOORING_I,WORK_ZONE_I,WORK_ZONE_TYPE,WORKERS_PRESENT_I,NUM_UNITS,MOST_SEVERE_INJURY,INJURIES_TOTAL,INJURIES_FATAL,INJURIES_INCAPACITATING,INJURIES_NON_INCAPACITATING,INJURIES_REPORTED_NOT_EVIDENT,INJURIES_NO_INDICATION,INJURIES_UNKNOWN,CRASH_HOUR,CRASH_DAY_OF_WEEK,CRASH_MONTH,LATITUDE,LONGITUDE,LOCATION
39aae32354e3b9895c30b460967ba116ed788ed726d68d98f75b47d792da25e13856e86c757418e303a398101ee880d8f398de526f210f7d9642da0fea17fdff,,05/22/2019 09:30:00 PM,10,NO CONTROLS,NO CONTROLS,CLEAR,DARKNESS,FIXED OBJECT,ONE-WAY,,STRAIGHT AND LEVEL,DRY,NO DEFECTS,NOT ON SCENE (DESK REPORT),NO INJURY / DRIVE AWAY,,,,"OVER $1,500",05/23/2019 11:15:00 AM,"EVASIVE ACTION DUE TO ANIMAL, OBJECT, NONMOTORIST",NOT APPLICABLE,8215,S,WOOD ST,614.0,,,,,,,1,NO INDICATION OF INJURY,0.0,0.0,0.0,0.0,0.0,1.0,0.0,21,4,5,41.7443448463,-87.6679989271,POINT (-87.667998927115 41.744344846279)
4f59b0eb072d143617bfaa5e234c03ca12a481258a839d6addbcabb0c4a922ef6ef58cf19009cbccdc9a33e7897fbcbe3ba2c5c14bd3e59faca54023b24416f9,,10/25/2024 12:00:00 PM,30,NO CONTROLS,NO CONTROLS,CLEAR,DAYLIGHT,FIXED OBJECT,DIVIDED - W/MEDIAN (NOT RAISED),,STRAIGHT AND LEVEL,DRY,"RUT, HOLES",NOT ON SCENE (DESK REPORT),NO INJURY / DRIVE AWAY,,,,$500 OR LESS,02/04/2025 03:25:00 PM,ROAD ENGINEERING/SURFACE/MARKING DEFECTS,ROAD ENGINEERING/SURFACE/MARKING DEFECTS,3860,W,OGDEN AVE,1014.0,,,,,,,1,NO INDICATION OF INJURY,0.0,0.0,0.0,0.0,0.0,1.0,0.0,12,6,10,41.852179978,-87.7221945175,POINT (-87.722194517509 41.852179978027)
9668023137bac0c3a890200f07cbd9068bb97cc22deb3a5abba24309a3e40e7db7f33019b16b7642ca883e98394b2c767a9c412c58b134178b46adefca23df69,,06/25/2019 02:56:00 PM,30,NO CONTROLS,NO CONTROLS,CLEAR,DAYLIGHT,REAR END,NOT DIVIDED,,STRAIGHT AND LEVEL,DRY,NO DEFECTS,NOT ON SCENE (DESK REPORT),NO INJURY / DRIVE AWAY,,,,"$501 - $1,500",06/25/2019 06:35:00 PM,IMPROPER BACKING,NOT APPLICABLE,1401,S,CALIFORNIA BLVD,1023.0,,,,,,,2,NO INDICATION OF INJURY,0.0,0.0,0.0,0.0,0.0,2.0,0.0,14,3,6,41.862519666,-87.6956445338,POINT (-87.695644533841 41.862519665974)
1cb20e4ad5182e378ab0b837544d83afe221e0f00be92e2d38d1735184d174af34059efde559a4dfe2468085abe03db9ca64ab3736575e98abc20518a0158fed,,07/15/2025 01:06:00 PM,30,TRAFFIC SIGNAL,FUNCTIONING PROPERLY,CLEAR,DAYLIGHT,TURNING,FOUR WAY,,STRAIGHT AND LEVEL,DRY,NO DEFECTS,ON SCENE,INJURY AND / OR TOW DUE TO CRASH,Y,,,"OVER $1,500",07/15/2025 01:15:00 PM,FAILING TO YIELD RIGHT-OF-WAY,NOT APPLICABLE,5600,W,NORTH AVE,2531.0,,,,,,,2,NO INDICATION OF INJURY,0.0,0.0,0.0,0.0,0.0,3.0,0.0,13,3,7,41.9094879555,-87.7657769873,POINT (-87.76577698728 41.909487955523)
e9f2f1e69bffb31b4a3d1e94ca4c0d3a519ef00741512fbab23180bfc9df35e6bf6913973e4d3925a8f63e9e8f724d0bbbbf0e7dfd113beda77773fdf0e9f6ae,,08/12/2024 02:30:00 PM,30,STOP SIGN/FLASHER,FUNCTIONING PROPERLY,CLEAR,DAYLIGHT,REAR END,NOT DIVIDED,,STRAIGHT AND LEVEL,DRY,NO DEFECTS,NOT ON SCENE (DESK REPORT),NO INJURY / DRIVE AWAY,Y,,,"$501 - $1,500",08/12/2024 04:00:00 PM,FOLLOWING TOO CLOSELY,NOT APPLICABLE,1957,W,ESTES AVE,2424.0,,,,,,,2,NO INDICATION OF INJURY,0.0,0.0,0.0,0.0,0.0,2.0,0.0,14,2,8,42.0112021234,-87.6801176867,POINT (-87.680117686732 42.011202123442)
089b2270b6a90458476219caee240e273c93d28ff541e302c7097523ff3fd8aea4605e76ed7ecb726fe7b24a91651638bd37033798d6ac888d88bd1456b82fad,,02/24/2022 08:45:00 PM,30,TRAFFIC SIGNAL,FUNCTIONING PROPERLY,SNOW,"DARKNESS, LIGHTED ROAD",TURNING,OTHER,,STRAIGHT AND LEVEL,WET,NO DEFECTS,NOT ON SCENE (DESK REPORT),NO INJURY / DRIVE AWAY,Y,,,"$501 - $1,500",02/24/2022 08:58:00 PM,IMPROPER LANE USAGE,DRIVING SKILLS/KNOWLEDGE/EXPERIENCE,6400,W,GREGORY ST,1613.0,,,,,,,2,NO INDICATION OF INJURY,0.0,0.0,0.0,0.0,0.0,2.0,0.0,20,5,2,41.9821708043,-87.787775176,POINT (-87.787775175977 41.982170804265)
4d3698d60a4f014d57f00dd6c33250fd101eab2ee870141b70d38b313e1c0614ef58b6d00463ad4ef1063e2b770449dc20055229a964a0fe9f32efcd37f4aa25,,08/19/2018 06:45:00 PM,30,TRAFFIC SIGNAL,FUNCTIONING PROPERLY,CLEAR,DAYLIGHT,TURNING,NOT DIVIDED,4,STRAIGHT AND LEVEL,DRY,NO DEFECTS,NOT ON SCENE (DESK REPORT),NO INJURY / DRIVE AWAY,,,Y,"OVER $1,500",08/19/2018 06:55:00 PM,IMPROPER LANE USAGE,UNABLE TO DETERMINE,5500,S,PULASKI RD,813.0,,,,,,,2,NO INDICATION OF INJURY,0.0,0.0,0.0,0.0,0.0,2.0,0.0,18,1,8,41.7931550607,-87.7233037646,POINT (-87.723303764642 41.793155060731)
89c2091c8a1e16712da5e449fca884663fc8db2e6a7971930cdd356d371f5afc6d172fb1aa2b6be8761c07068ed19c69e0a20c1486476daeb793c3da2c8f8539,,02/23/2016 08:35:00 AM,30,NO CONTROLS,NO CONTROLS,CLEAR,DAYLIGHT,TURNING,NOT DIVIDED,4,STRAIGHT AND LEVEL,DRY,NO DEFECTS,NOT ON SCENE (DESK REPORT),NO INJURY / DRIVE AWAY,,,,$500 OR LESS,02/23/2016 09:15:00 AM,FAILING TO YIELD RIGHT-OF-WAY,NOT APPLICABLE,2301,S,ASHLAND AVE,1235.0,,,,,,,2,NO INDICATION OF INJURY,0.0,0.0,0.0,0.0,0.0,2.0,0.0,8,3,2,41.8502352962,-87.6658641568,POINT (-87.665864156849 41.850235296181)
3cedb60576ccbb4502124b14b18d549b0bbd1a891efd2bd7b0f25badef901b439fca835662b7664c0c60b6bb9f1367e73ffffe2c7a7dc365adc53d8d8ac6d708,,09/10/2018 04:40:00 PM,30,NO CONTROLS,NO CONTROLS,CLEAR,DAYLIGHT,REAR END,NOT DIVIDED,2,STRAIGHT AND LEVEL,DRY,NO DEFECTS,,NO INJURY / DRIVE AWAY,,,,"OVER $1,500",09/10/2018 06:10:00 PM,FOLLOWING TOO CLOSELY,NOT APPLICABLE,700,S,ASHLAND AVE,1231.0,,,,,,,2,NO INDICATION OF INJURY,0.0,0.0,0.0,0.0,0.0,2.0,0.0,16,2,9,41.8728345407,-87.6667160697,POINT (-87.666716069722 41.872834540669)
5f05ecf0a6691738aa8a797ae0a28a5b81770861af18057f560e64c6f6ca9a12d47780c6625c66b3fce55776936a9d82d888cd4797fe2d140f6dc0c85fb3f3a8,,05/06/2023 06:45:00 PM,30,NO CONTROLS,NO CONTROLS,CLEAR,DARKNESS,SIDESWIPE SAME DIRECTION,NOT DIVIDED,,STRAIGHT AND LEVEL,DRY,NO DEFECTS,NOT ON SCENE (DESK REPORT),NO INJURY / DRIVE AWAY,,,,"OVER $1,500",05/06/2023 08:10:00 PM,FAILING TO YIELD RIGHT-OF-WAY,NOT APPLICABLE,701,W,FULTON MARKET,1214.0,,,,,,,2,NO INDICATION OF INJURY,0.0,0.0,0.0,0.0,0.0,2.0,0.0,18,7,5,41.8866924592,-87.6457324395,POINT (-87.645732439547 41.886692459185)
6f164b25a9ed7dac7ee1eaf06fbb48c13c5954ab12bc0d0c60ba2cbd5a23024ca4fe654edd3026a4135de2a7eab2b89bffb6d1ad1e560d80a2e9934edd4e35b8,,03/21/2016 02:50:00 PM,30,UNKNOWN,UNKNOWN,UNKNOWN,UNKNOWN,PARKED MOTOR VEHICLE,NOT DIVIDED,4,STRAIGHT AND LEVEL,UNKNOWN,UNKNOWN,NOT ON SCENE (DESK REPORT),NO INJURY / DRIVE AWAY,,,,"OVER $1,500",03/21/2016 03:10:00 PM,UNABLE TO DETERMINE,NOT APPLICABLE,6320,W,IRVING PARK RD,1624.0,,,,,,,2,NO INDICATION OF INJURY,0.0,0.0,0.0,0.0,0.0,2.0,0.0,14,2,3,41.9530459856,-87.7849966923,POINT (-87.784996692314 41.953045985588)
88f3fdbeefde8fb817d46ee582509f7dac70140543992cfa28efd63d33498f6f2cc07cacd7687be9210bf2325e62688008d354e5790ba345735d01120231e6f6,,08/16/2021 02:38:00 PM,35,TRAFFIC SIGNAL,FUNCTIONING PROPERLY,CLEAR,DAYLIGHT,PEDALCYCLIST,NOT DIVIDED,,STRAIGHT AND LEVEL,DRY,NO DEFECTS,ON SCENE,INJURY AND / OR TOW DUE TO CRASH,Y,,,"$501 - $1,500",08/16/2021 02:40:00 PM,IMPROPER TURNING/NO SIGNAL,IMPROPER TURNING/NO SIGNAL,400,S,STATE ST,113.0,,,,,,,2,NONINCAPACITATING INJURY,1.0,0.0,0.0,1.0,0.0,1.0,0.0,14,2,8,41.8768625296,-87.6277969701,POINT (-87.627796970132 41.876862529588)
1416c3eff642d2f88e00a3a80751cb7ef23d174696b7982e888cf44f0920d6934416ec55f45e2ecbf596fbfc819b7c143994db761a1519a7a6e1b559818da7f0,,03/05/2022 12:42:00 AM,30,TRAFFIC SIGNAL,FUNCTIONING PROPERLY,CLEAR,"DARKNESS, LIGHTED ROAD",TURNING,FOUR WAY,,STRAIGHT AND LEVEL,DRY,NO DEFECTS,ON SCENE,INJURY AND / OR TOW DUE TO CRASH,Y,,,"OVER $1,500",03/05/2022 12:43:00 AM,UNABLE TO DETERMINE,UNABLE TO DETERMINE,5200,S,ARCHER AVE,815.0,,,,,,,2,NO INDICATION OF INJURY,0.0,0.0,0.0,0.0,0.0,5.0,0.0,0,7,3,41.8001075354,-87.7344682735,POINT (-87.734468273475 41.800107535416)
236f256b5ea7959a5053a234b0a66c9641083afc6de9bca543ef1a6ffd6862ec50a2cbdb18f7497e3e94fdd5daf0cb8d4e6197485372d535b066185c64662927,,08/16/2018 02:30:00 PM,30,NO CONTROLS,NO CONTROLS,CLEAR,DAYLIGHT,TURNING,DIVIDED - W/MEDIAN (NOT RAISED),4,STRAIGHT AND LEVEL,DRY,UNKNOWN,NOT ON SCENE (DESK REPORT),NO INJURY / DRIVE AWAY,Y,,,"OVER $1,500",08/16/2018 06:30:00 PM,IMPROPER LANE USAGE,FAILING TO YIELD RIGHT-OF-WAY,420,S,WELLS ST,122.0,,,,,,,2,NO INDICATION OF INJURY,0.0,0.0,0.0,0.0,0.0,2.0,0.0,14,5,8,41.8763312586,-87.6338277172,POINT (-87.633827717212 41.87633125857)
8df62b815d962e2757034ce927f3bc1fb7c01c1fbfd479be842bdd4e7efd6f021563b7d3ae44bd03b59f8977f3cd13b9ba10b59f85b83e31ff8f91d5a9366ad4,,10/01/2020 10:00:00 AM,30,TRAFFIC SIGNAL,FUNCTIONING PROPERLY,UNKNOWN,UNKNOWN,PARKED MOTOR VEHICLE,NOT DIVIDED,,STRAIGHT AND LEVEL,UNKNOWN,NO DEFECTS,NOT ON SCENE (DESK REPORT),NO INJURY / DRIVE AWAY,,,Y,"OVER $1,500",10/01/2020 06:00:00 PM,UNABLE TO DETERMINE,NOT APPLICABLE,3558,N,LONG AVE,1633.0,,,,,,,2,NO INDICATION OF INJURY,0.0,0.0,0.0,0.0,0.0,1.0,0.0,10,5,10,41.9458922505,-87.7619814055,POINT (-87.761981405522 41.945892250512)
148b41e88487276823ff8ca73eb557552ecd07e5e3828c8298819172e48a604c1f8eb773cf86bf1b317a0e2ca244ab1af208c75c5777eb7e13ed257bbb46ed07,,05/19/2023 05:52:00 PM,30,NO CONTROLS,NO CONTROLS,CLEAR,DAYLIGHT,PEDALCYCLIST,OTHER,,STRAIGHT AND LEVEL,DRY,NO DEFECTS,ON SCENE,INJURY AND / OR TOW DUE TO CRASH,,,,"$501 - $1,500",05/19/2023 05:58:00 PM,UNABLE TO DETERMINE,UNABLE TO DETERMINE,3704,N,HARLEM AVE,1631.0,,,Y,,,,2,NONINCAPACITATING INJURY,1.0,0.0,0.0,1.0,0.0,0.0,0.0,17,6,5,41.9469025732,-87.8072093181,POINT (-87.807209318094 41.946902573172)
cb050b67d630329192a5423448a62380e237211c6771957b2e140872e005e4cd6f01e5c36b4a615ddeebe76d8ce928033fc288e7634e76fd1d91260794bf18ce,Y,07/18/2021 10:00:00 PM,30,NO CONTROLS,NO CONTROLS,CLEAR,UNKNOWN,PARKED MOTOR VEHICLE,OTHER,,STRAIGHT AND LEVEL,UNKNOWN,UNKNOWN,NOT ON SCENE (DESK REPORT),NO INJURY / DRIVE AWAY,,,Y,"OVER $1,500",07/19/2021 10:12:00 AM,UNABLE TO DETERMINE,NOT APPLICABLE,8,W,MAPLE ST,1824.0,,,,,,,2,NO INDICATION OF INJURY,0.0,0.0,0.0,0.0,0.0,1.0,0.0,22,1,7,41.901989821,-87.6286774187,POINT (-87.628677418744 41.901989821034)
691fefa19b153796cb45d13b029811b22f255e93f9a7ab121a4a9e1dfe537cf66360faf37dcdcf95215b62b43875aa848f44d1ca76350b1c2b3e5c6e76c55333,,06/12/2017 09:30:00 AM,30,TRAFFIC SIGNAL,FUNCTIONING PROPERLY,CLEAR,DAYLIGHT,TURNING,NOT DIVIDED,0,STRAIGHT AND LEVEL,DRY,NO DEFECTS,NOT ON SCENE (DESK REPORT),NO INJURY / DRIVE AWAY,Y,,,"OVER $1,500",06/12/2017 06:15:00 PM,FAILING TO YIELD RIGHT-OF-WAY,NOT APPLICABLE,1022,W,CHICAGO AVE,1213.0,,,,,,,2,NO INDICATION OF INJURY,0.0,0.0,0.0,0.0,0.0,2.0,0.0,9,2,6,41.8964030136,-87.6535600919,POINT (-87.653560091853 41.896403013596)
50b1eb7ef4cb687961d97f783df8b7202c3e4f22275a2c448e0633d9fba83a862d5ade9ad0049549e406cd6468e56b2ab2d2034e64e00028a814fe7a86e912a2,,02/09/2021 10:30:00 AM,30,TRAFFIC SIGNAL,FUNCTIONING PROPERLY,SNOW,DAYLIGHT,ANGLE,FOUR WAY,,STRAIGHT AND LEVEL,ICE,OTHER,ON SCENE,INJURY AND / OR TOW DUE TO CRASH,Y,,,"$501 - $1,500",02/09/2021 10:30:00 AM,WEATHER,WEATHER,4500,W,AUGUSTA BLVD,1111.0,,,,,,,2,NONINCAPACITATING INJURY,2.0,0.0,0.0,1.0,1.0,1.0,0.0,10,3,2,41.898928384,-87.7385737441,POINT (-87.738573744139 41.898928384006)
0636da83a8a308e1086c3ea7cabda1977abba1ef9a903d809fc57172fce623ab308b30bd4b41c1f42ac3927f8d9fd60638dadaee8c899a347784761dde8a8be7,,10/27/2018 08:00:00 PM,20,NO CONTROLS,NO CONTROLS,CLEAR,"DARKNESS, LIGHTED ROAD",PARKED MOTOR VEHICLE,ONE-WAY,1,STRAIGHT AND LEVEL,WET,NO DEFECTS,ON SCENE,NO INJURY / DRIVE AWAY,,,Y,$500 OR LESS,10/27/2018 08:49:00 PM,IMPROPER BACKING,IMPROPER BACKING,5429,S,SEELEY AVE,932.0,,,,,,,2,NO INDICATION OF INJURY,0.0,0.0,0.0,0.0,0.0,1.0,0.0,20,7,10,41.7948542185,-87.675398604,POINT (-87.675398603966 41.794854218523)
99b9e5e253eb08469d327a9209c3aa3ad68280bdc3c3544a14ba4d416a2c8a72935818d712e9a136d6c4f7659264796ac7fe3936bc5660b32d3675befd60b27d,,07/11/2023 02:30:00 PM,30,UNKNOWN,UNKNOWN,CLEAR,DAYLIGHT,PEDESTRIAN,NOT DIVIDED,,STRAIGHT AND LEVEL,WET,NO DEFECTS,NOT ON SCENE (DESK REPORT),INJURY AND / OR TOW DUE TO CRASH,,,,$500 OR LESS,07/11/2023 02:30:00 PM,UNABLE TO DETERMINE,UNABLE TO DETERMINE,5226,W,DIVERSEY AVE,2514.0,,,,,,,2,NONINCAPACITATING INJURY,1.0,0.0,0.0,1.0,0.0,1.0,0.0,14,3,7,41.9314961044,-87.7575347064,POINT (-87.757534706385 41.931496104369)
b15b9cf65be8a58994a05bb8f52cbf491371d8ff25eb645c06675f7a1615c0b5d89375d8356000eeb4cbbbb396ff026b80068a6bc9fba6d5c354bf0a31c68d64,,05/27/2018 08:09:00 PM,30,NO CONTROLS,NO CONTROLS,CLEAR,DAYLIGHT,FIXED OBJECT,ALLEY,,STRAIGHT AND LEVEL,DRY,NO DEFECTS,ON SCENE,INJURY AND / OR TOW DUE TO CRASH,,,,"OVER $1,500",05/27/2018 08:09:00 PM,EQUIPMENT - VEHICLE CONDITION,NOT APPLICABLE,620,S,TRIPP AVE,1132.0,,,,,,,1,NONINCAPACITATING INJURY,1.0,0.0,0.0,1.0,0.0,0.0,0.0,20,1,5,41.8727204057,-87.7316664796,POINT (-87.731666479608 41.872720405705)
c7f8a86c6583865e323f1222426c7d351ea4ab7152b2b86e59331b385c0f0cc095cc784b571001c52c10d9eb9bc46107f95ae6d4d932bf5d2c7f697387ee0b5d,,12/04/2023 08:49:00 PM,30,TRAFFIC SIGNAL,FUNCTIONING PROPERLY,CLEAR,"DARKNESS, LIGHTED ROAD",TURNING,UNKNOWN INTERSECTION TYPE,,STRAIGHT AND LEVEL,DRY,UNKNOWN,NOT ON SCENE (DESK REPORT),INJURY AND / OR TOW DUE TO CRASH,Y,,,"OVER $1,500",12/04/2023 09:00:00 PM,IMPROPER TURNING/NO SIGNAL,IMPROPER TURNING/NO SIGNAL,2755,W,BELMONT AVE,1411.0,,,,,,,2,NO INDICATION OF INJURY,0.0,0.0,0.0,0.0,0.0,3.0,0.0,20,2,12,41.9392853845,-87.6973359515,POINT (-87.697335951456 41.939285384464)
373b66344a986638ec2eaba1c82e6cdc85fea4b4176306749aca01db54170bed90ea03201e806309a3206034ee8a023e3ea7f61e97cbd986275542869bee89ec,,09/30/2017 11:00:00 AM,30,NO CONTROLS,NO CONTROLS,CLEAR,DAYLIGHT,ANGLE,NOT DIVIDED,2,STRAIGHT AND LEVEL,DRY,NO DEFECTS,NOT ON SCENE (DESK REPORT),NO INJURY / DRIVE AWAY,Y,,,"OVER $1,500",09/30/2017 02:40:00 PM,NOT APPLICABLE,NOT APPLICABLE,932,E,79TH ST,624.0,,,,,,,2,NO INDICATION OF INJURY,0.0,0.0,0.0,0.0,0.0,2.0,0.0,11,7,9,41.7514368067,-87.6014881698,POINT (-87.601488169794 41.75143680671)
84e7130e775b1ddb9ee90742d9f12d71b52a75a8718fe74441bbd18420bd64da62c32dbe4a9f556e128f4c58791f2740abaa018ba054690dba4015e9fa640d3f,,01/24/2025 08:30:00 AM,30,NO CONTROLS,NO CONTROLS,CLEAR,DAYLIGHT,TURNING,DIVIDED - W/MEDIAN (NOT RAISED),,STRAIGHT AND LEVEL,DRY,NO DEFECTS,ON SCENE,NO INJURY / DRIVE AWAY,,,Y,"$501 - $1,500",01/24/2025 08:40:00 AM,IMPROPER OVERTAKING/PASSING,NOT APPLICABLE,11000,S,DR MARTIN LUTHER KING JR DR,513.0,,,,,,,2,NO INDICATION OF INJURY,0.0,0.0,0.0,0.0,0.0,3.0,0.0,8,6,1,41.6944956298,-87.6135693443,POINT (-87.61356934427 41.694495629755)
042bcb2127baa2cf23ad18cdf1d5adf6fc50dac5af7e4b1e983fc7a9de6018e1127eac1476e544e9e58fb64b3db0e8d7c01a01ee5d2cdfbc385d00a8fef0f1d4,,10/12/2016 12:40:00 PM,30,TRAFFIC SIGNAL,FUNCTIONING PROPERLY,RAIN,DAYLIGHT,TURNING,NOT DIVIDED,2,STRAIGHT AND LEVEL,WET,NO DEFECTS,NOT ON SCENE (DESK REPORT),NO INJURY / DRIVE AWAY,,,,"$501 - $1,500",10/12/2016 02:00:00 PM,UNABLE TO DETERMINE,UNABLE TO DETERMINE,3800,W,MADISON ST,1122.0,,,,,,,2,NO INDICATION OF INJURY,0.0,0.0,0.0,0.0,0.0,2.0,0.0,12,4,10,41.8808972735,-87.7208812261,POINT (-87.720881226139 41.880897273491)
d659bf8cef687dd545fe6cddc5df39c9934e2a3ac7cc1a7d46b0f8eea0bb59bebbf2ea18593c5c6a7012727b42fdcc63acc2dcf2ad9cfdb54923c1f6be51773b,,09/04/2016 01:15:00 PM,30,NO CONTROLS,NO CONTROLS,CLEAR,DAYLIGHT,PARKED MOTOR VEHICLE,DIVIDED - W/MEDIAN (NOT RAISED),4,STRAIGHT AND LEVEL,DRY,NO DEFECTS,NOT ON SCENE (DESK REPORT),NO INJURY / DRIVE AWAY,,,Y,$500 OR LESS,09/04/2016 04:30:00 PM,IMPROPER OVERTAKING/PASSING,NOT APPLICABLE,232,E,WALTON ST,1833.0,,,,,,,2,NO INDICATION OF INJURY,0.0,0.0,0.0,0.0,0.0,1.0,0.0,13,1,9,41.9001755828,-87.6206743835,POINT (-87.620674383493 41.900175582849)
774fb1aed67984af664a7ad3b47e9303f49ad267bd9948faf7c3d1c11a1a0154bba229ef6bf4d928619c01132d2c44efef224d43a54010d75708c9b25c3b621a,,06/09/2018 10:30:00 AM,30,TRAFFIC SIGNAL,FUNCTIONING PROPERLY,CLOUDY/OVERCAST,DAYLIGHT,REAR END,NOT DIVIDED,4,STRAIGHT AND LEVEL,WET,NO DEFECTS,NOT ON SCENE (DESK REPORT),NO INJURY / DRIVE AWAY,Y,,,"$501 - $1,500",06/09/2018 12:03:00 PM,UNABLE TO DETERMINE,NOT APPLICABLE,6432,W,BRYN MAWR AVE,1612.0,,,,,,,2,NO INDICATION OF INJURY,0.0,0.0,0.0,0.0,0.0,2.0,0.0,10,7,6,41.9830026422,-87.7891155772,POINT (-87.789115577237 41.983002642248)
e14947bb7ccb56a31cbd804ea9f43808040fe74dfd515eec296edf9a234546402c896bc2664c55b46ffad611fcc1b47999633ca4d627b0533b8b2067b6c1871d,,09/09/2019 03:35:00 PM,30,STOP SIGN/FLASHER,FUNCTIONING PROPERLY,CLEAR,DAYLIGHT,ANGLE,NOT DIVIDED,,STRAIGHT AND LEVEL,DRY,NO DEFECTS,ON SCENE,INJURY AND / OR TOW DUE TO CRASH,Y,,,"OVER $1,500",09/09/2019 03:40:00 PM,FAILING TO YIELD RIGHT-OF-WAY,UNABLE TO DETERMINE,6500,S,NORMAL BLVD,722.0,,,,,,,2,NO INDICATION OF INJURY,0.0,0.0,0.0,0.0,0.0,2.0,0.0,15,2,9,41.7761161213,-87.6374569158,POINT (-87.63745691583 41.776116121303)
ecc217708615e162a02421c3811c6d26f0d5424e1e8fd22132d45ea28b174ae8a033dc72e0cae4a9a5986320a211866d775a383aca6a986c1b826a62c04f0c3d,,05/01/2019 07:30:00 AM,30,NO CONTROLS,NO CONTROLS,CLEAR,DAYLIGHT,PARKED MOTOR VEHICLE,PARKING LOT,,STRAIGHT AND LEVEL,DRY,NO DEFECTS,NOT ON SCENE (DESK REPORT),NO INJURY / DRIVE AWAY,,,Y,"$501 - $1,500",05/07/2019 06:20:00 AM,UNABLE TO DETERMINE,UNABLE TO DETERMINE,1300,W,JACKSON BLVD,1231.0,,,,,,,2,NO INDICATION OF INJURY,0.0,0.0,0.0,0.0,0.0,1.0,0.0,7,4,5,41.8778585974,-87.659575419,POINT (-87.659575419006 41.877858597417)
f904064d9c6e6e56c3a51b507f8d6e2abd9efa6ab3adf1a7e7ad5721dcb6c1765d59fe60d4085cbf45d8735e7cc1af57d48902c95086917d6005eb9b5a567624,,11/03/2020 12:15:00 PM,30,TRAFFIC SIGNAL,FUNCTIONING PROPERLY,CLEAR,DAYLIGHT,SIDESWIPE SAME DIRECTION,DIVIDED - W/MEDIAN (NOT RAISED),,STRAIGHT AND LEVEL,DRY,NO DEFECTS,ON SCENE,NO INJURY / DRIVE AWAY,,,Y,$500 OR LESS,11/03/2020 12:34:00 PM,UNABLE TO DETERMINE,NOT APPLICABLE,6957,S,VINCENNES AVE,731.0,,,,,,,2,NO INDICATION OF INJURY,0.0,0.0,0.0,0.0,0.0,2.0,0.0,12,3,11,41.7674034978,-87.6267057339,POINT (-87.626705733929 41.767403497826)
8e9fbc24add1444bb0be1452aee46a20c9e018377a7e9c18b3a927b66b92135606f4170e180ee9c57f78693d3628a723725702e4b8c3d4201b32382a5a7da764,,05/31/2020 04:56:00 PM,30,TRAFFIC SIGNAL,FUNCTIONING PROPERLY,CLEAR,DAYLIGHT,ANGLE,FOUR WAY,,STRAIGHT AND LEVEL,DRY,NO DEFECTS,NOT ON SCENE (DESK REPORT),NO INJURY / DRIVE AWAY,Y,,N,"OVER $1,500",06/08/2020 09:45:00 AM,UNABLE TO DETERMINE,UNABLE TO DETERMINE,7829,S,KEDZIE AVE,835.0,,,,,,,2,NO INDICATION OF INJURY,0.0,0.0,0.0,0.0,0.0,2.0,0.0,16,1,5,41.7506689922,-87.7022905045,POINT (-87.702290504518 41.750668992215)
b53a9272827089e5205fadec4451fb88df95ecb4c07bdd186c6d86c7403e55db31a8bf23237e5eb777b1c8c189fe4fc2634b440e02af17afdd137f162771b9a3,Y,02/04/2024 09:45:00 PM,30,UNKNOWN,UNKNOWN,UNKNOWN,UNKNOWN,PARKED MOTOR VEHICLE,NOT DIVIDED,,STRAIGHT AND LEVEL,UNKNOWN,UNKNOWN,NOT ON SCENE (DESK REPORT),NO INJURY / DRIVE AWAY,,,,"OVER $1,500",02/05/2024 07:45:00 AM,UNABLE TO DETERMINE,NOT APPLICABLE,5122,N,LONG AVE,1623.0,,,,,,,2,NO INDICATION OF INJURY,0.0,0.0,0.0,0.0,0.0,1.0,0.0,21,1,2,41.9739908724,-87.7628621923,POINT (-87.762862192333 41.97399087245)
36626891036e7fbaa1f3eecf77619b148c648aaa4b41ea1b506dba88bebb41753b8feafbd5e44c6d4121f9aa8b560ca3a9d480af267b29f82d94233ae84cae6e,,01/31/2025 03:15:00 PM,30,TRAFFIC SIGNAL,FUNCTIONING PROPERLY,CLEAR,DAYLIGHT,REAR TO FRONT,NOT DIVIDED,,STRAIGHT AND LEVEL,WET,NO DEFECTS,NOT ON SCENE (DESK REPORT),NO INJURY / DRIVE AWAY,,,,"$501 - $1,500",01/31/2025 03:45:00 PM,IMPROPER BACKING,NOT APPLICABLE,1258,N,WELLS ST,1821.0,,,,,,,2,NO INDICATION OF INJURY,0.0,0.0,0.0,0.0,0.0,2.0,0.0,15,6,1,41.9056246289,-87.634685086,POINT (-87.634685085953 41.905624628933)