CRASH_RECORD_ID,CRASH_DATE_EST_I,CRASH_DATE,POSTED_SPEED_LIMIT,TRAFFIC_CONTROL_DEVICE,DEVICE_CONDITION,WEATHER_CONDITION,LIGHTING_CONDITION,FIRST_CRASH_TYPE,TRAFFICWAY_TYPE,LANE_CNT,ALIGNMENT,ROADWAY_SURFACE_COND,ROAD_DEFECT,REPORT_TYPE,CRASH_TYPE,INTERSECTION_RELATED_I,NOT_RIGHT_OF_WAY_I,HIT_AND_RUN_I,DAMAGE,DATE_POLICE_NOTIFIED,PRIM_CONTRIBUTORY_CAUSE,SEC_CONTRIBUTORY_CAUSE,STREET_NO,STREET_DIRECTION,STREET_NAME,BEAT_OF_OCCURRENCE,PHOTOS_TAKEN_I,STATEMENTS_TAKEN_I,DOORING_I,WORK_ZONE_I,WORK_ZONE_TYPE,WORKERS_PRESENT_I,NUM_UNITS,MOST_SEVERE_INJURY,INJURIES_TOTAL,INJURIES_FATAL,INJURIES_INCAPACITATING,INJURIES_NON_INCAPACITATING,INJURIES_REPORTED_NOT_EVIDENT,INJURIES_NO_INDICATION,INJURIES_UNKNOWN,CRASH_HOUR,CRASH_DAY_OF_WEEK,CRASH_MONTH,LATITUDE,LONGITUDE,LOCATION
bdb7368b614c9616e96b4c01c0dcfb137bd76097c051974fc428db0cc5a71d05e01831aca6ecf5a8e097adcaba834729db56b98f0061642531d0ac0e131780d6,Y,03/26/2016 08:00:00 PM,30,NO CONTROLS,NO CONTROLS,CLEAR,"DARKNESS, LIGHTED ROAD",PARKED MOTOR VEHICLE,NOT DIVIDED,2,STRAIGHT AND LEVEL,DRY,NO DEFECTS,NOT ON SCENE (DESK REPORT),NO INJURY / DRIVE AWAY,Y,,,"OVER $1,500",03/26/2016 08:15:00 PM,DRIVING SKILLS/KNOWLEDGE/EXPERIENCE,FAILING TO REDUCE SPEED TO AVOID CRASH,330,W,OAK ST,1823.0,,,,,,,2,NO INDICATION OF INJURY,0.0,0.0,0.0,0.0,0.0,1.0,0.0,20,7,3,41.9006185429,-87.6371306015,POINT (-87.637130601472 41.900618542934)
dd6f927f2b4df8e3f066af33ba5c915594d804e9b2703689f0905be3cd9b8c5a13bf50e8c6210c7a205062c86a131ab82003236b529c852d070d3397464ea111,,07/01/2021 05:00:00 PM,30,STOP SIGN/FLASHER,FUNCTIONING PROPERLY,CLEAR,DAYLIGHT,TURNING,DIVIDED - W/MEDIAN (NOT RAISED),,STRAIGHT AND LEVEL,DRY,NO DEFECTS,NOT ON SCENE (DESK REPORT),NO INJURY / DRIVE AWAY,,,,"$501 - $1,500",07/01/2021 06:20:00 PM,UNABLE TO DETERMINE,UNABLE TO DETERMINE,3000,N,KIMBALL AVE,1412.0,,,,,,,2,NO INDICATION OF INJURY,0.0,0.0,0.0,0.0,0.0,3.0,0.0,17,5,7,41.9356998914,-87.7125260581,POINT (-87.712526058121 41.935699891386)
b0a1585cdfbf1c49345bf29ebc44b6a09c33439dc9867f3293a3f66c2878412710c9a2417a3b38499b4c89ffeb55be223436e30deeb7d36d6c72873975774732,,05/13/2022 06:20:00 PM,30,TRAFFIC SIGNAL,FUNCTIONING PROPERLY,CLEAR,DAYLIGHT,TURNING,ONE-WAY,,STRAIGHT AND LEVEL,DRY,NO DEFECTS,NOT ON SCENE (DESK REPORT),NO INJURY / DRIVE AWAY,,,,"OVER $1,500",05/14/2022 04:45:00 PM,IMPROPER OVERTAKING/PASSING,IMPROPER OVERTAKING/PASSING,10,E,RANDOLPH ST,111.0,,,,,,,2,NO INDICATION OF INJURY,0.0,0.0,0.0,0.0,0.0,2.0,0.0,18,6,5,41.8846020342,-87.6275429272,POINT (-87.6275429272 41.884602034208)
1f911fa7b2d25b05f83a897204980c3eb56f53b3161dd438c739d72d82cbea3878a50387d72deb3743b8777a5f271e55d8ccce83b2bd4a56012b8f1e3a7f2294,,07/22/2022 04:15:00 PM,30,NO CONTROLS,NO CONTROLS,CLEAR,DAYLIGHT,PARKED MOTOR VEHICLE,NOT DIVIDED,,STRAIGHT AND LEVEL,DRY,NO DEFECTS,NOT ON SCENE (DESK REPORT),NO INJURY / DRIVE AWAY,,,Y,"$501 - $1,500",07/22/2022 04:50:00 PM,UNABLE TO DETERMINE,NOT APPLICABLE,305,S,ALBANY AVE,1124.0,,,,,,,2,NO INDICATION OF INJURY,0.0,0.0,0.0,0.0,0.0,1.0,0.0,16,6,7,41.8771588739,-87.7034092102,POINT (-87.703409210167 41.877158873888)
fde110ef345e1762e0773168ae7e6e3d34871e619bb13d1cfaad01c59fc40c73b77dd866ef49edba8d78af4f6be7b1889674d802801b5be0ccc219649eac2732,,02/06/2025 12:39:00 AM,25,NO CONTROLS,NO CONTROLS,FREEZING RAIN/DRIZZLE,DARKNESS,PARKED MOTOR VEHICLE,NOT DIVIDED,,STRAIGHT AND LEVEL,ICE,NO DEFECTS,NOT ON SCENE (DESK REPORT),NO INJURY / DRIVE AWAY,,,Y,"$501 - $1,500",02/08/2025 11:00:00 AM,UNABLE TO DETERMINE,NOT APPLICABLE,646,W,44TH ST,925.0,,,,,,,2,NO INDICATION OF INJURY,0.0,0.0,0.0,0.0,0.0,1.0,0.0,0,5,2,41.8145157252,-87.6427347165,POINT (-87.642734716511 41.81451572521)
fc66695dcefe1fc398d4170e348ca4400a6059950b25539f27a6c20a659969bc4196042c13e6920369bc75f70a4db5da05c17546e62b285579ce59e84a095d67,,06/28/2019 07:29:00 PM,25,TRAFFIC SIGNAL,UNKNOWN,RAIN,DAWN,SIDESWIPE SAME DIRECTION,DIVIDED - W/MEDIAN BARRIER,,STRAIGHT AND LEVEL,WET,UNKNOWN,NOT ON SCENE (DESK REPORT),NO INJURY / DRIVE AWAY,Y,,,"$501 - $1,500",07/01/2019 02:04:00 PM,UNABLE TO DETERMINE,NOT APPLICABLE,1000,N,LAKE SHORE DR,1824.0,,,,,,,2,NO INDICATION OF INJURY,0.0,0.0,0.0,0.0,0.0,5.0,0.0,19,6,6,41.900752974,-87.6242349998,POINT (-87.62423499978 41.900752974042)
55c3b30b5f13e77492f55cf1d2ca1241fd54d53a7069798bd116c2dd5bfabdb6444e30a1e6208ebe7018051a21b1d41bd3c38011c22b6665bf11f5d7c308be90,,07/17/2025 07:30:00 AM,25,UNKNOWN,UNKNOWN,CLEAR,DAYLIGHT,SIDESWIPE OPPOSITE DIRECTION,DIVIDED - W/MEDIAN (NOT RAISED),,STRAIGHT AND LEVEL,DRY,NO DEFECTS,NOT ON SCENE (DESK REPORT),NO INJURY / DRIVE AWAY,,,,"OVER $1,500",07/17/2025 08:25:00 AM,UNABLE TO DETERMINE,UNABLE TO DETERMINE,1428,N,HOMAN AVE,1422.0,,,,,,,2,NO INDICATION OF INJURY,0.0,0.0,0.0,0.0,0.0,2.0,0.0,7,5,7,41.9072714938,-87.7119680151,POINT (-87.711968015141 41.907271493752)
20ec310ff3a06c6c9532015c99c797115326edec7b49ffd000d0b58de6b4b376b6cd82aa6018816b6345b2894d1417bfb6168e5914bb81aaadb211adb7ccd556,,03/25/2024 09:45:00 PM,30,TRAFFIC SIGNAL,FUNCTIONING PROPERLY,RAIN,"DARKNESS, LIGHTED ROAD",SIDESWIPE SAME DIRECTION,NOT DIVIDED,,STRAIGHT AND LEVEL,WET,NO DEFECTS,NOT ON SCENE (DESK REPORT),INJURY AND / OR TOW DUE TO CRASH,Y,,,"OVER $1,500",03/25/2024 10:50:00 PM,DISREGARDING TRAFFIC SIGNALS,FAILING TO REDUCE SPEED TO AVOID CRASH,500,S,WELLS ST,123.0,,,,,,,3,NONINCAPACITATING INJURY,2.0,0.0,0.0,2.0,0.0,1.0,0.0,21,2,3,41.8755326521,-87.6338038912,POINT (-87.633803891217 41.875532652069)
9e0577d1e520b0ca481d24adb1c3a4256db1c98825ceec92d8a206044386af82cee7614714eb929462a9ebd92f167bca7ed6d4e2beffe84506ff1423bdcc7c18,,01/26/2018 02:00:00 PM,15,NO CONTROLS,NO CONTROLS,CLEAR,DAYLIGHT,PARKED MOTOR VEHICLE,NOT DIVIDED,2,STRAIGHT AND LEVEL,DRY,NO DEFECTS,NOT ON SCENE (DESK REPORT),NO INJURY / DRIVE AWAY,,,,$500 OR LESS,01/26/2018 02:30:00 PM,IMPROPER BACKING,UNABLE TO DETERMINE,1333,E,57TH ST,235.0,,,,,,,2,NO INDICATION OF INJURY,0.0,0.0,0.0,0.0,0.0,2.0,0.0,14,6,1,41.7913676173,-87.5934568825,POINT (-87.593456882542 41.791367617331)
72fe27db5987a869f445576142fc4ca541c9ea335e0777f75556b4198e54b43a150604279eb1d5b0bb8e466ac64eed72cf6da4ed754d364a3bd72076ae30504a,,11/27/2019 02:00:00 PM,15,NO CONTROLS,NO CONTROLS,CLEAR,DAYLIGHT,REAR END,PARKING LOT,,STRAIGHT AND LEVEL,DRY,NO DEFECTS,NOT ON SCENE (DESK REPORT),NO INJURY / DRIVE AWAY,,,,$500 OR LESS,11/27/2019 02:00:00 PM,IMPROPER BACKING,NOT APPLICABLE,2800,W,DIVERSEY AVE,1411.0,,,,,,,2,NO INDICATION OF INJURY,0.0,0.0,0.0,0.0,0.0,2.0,0.0,14,4,11,41.9322053951,-87.6976792439,POINT (-87.697679243869 41.932205395065)
21e8bec7514088f2731724ce1e57eabecc2e49315c08064a8181af6e02fd11099bb77acc2a66ae27c9c4c2fec3b6afb28dc867fb59d3cae61a4e6e8e2bb9455b,,02/12/2019 06:18:00 PM,30,NO CONTROLS,NO CONTROLS,SNOW,"DARKNESS, LIGHTED ROAD",REAR END,NOT DIVIDED,,STRAIGHT AND LEVEL,ICE,UNKNOWN,NOT ON SCENE (DESK REPORT),NO INJURY / DRIVE AWAY,,,,"OVER $1,500",02/12/2019 06:45:00 PM,FOLLOWING TOO CLOSELY,NOT APPLICABLE,2857,S,HALSTED ST,914.0,,,,,,,2,NO INDICATION OF INJURY,0.0,0.0,0.0,0.0,0.0,3.0,0.0,18,3,2,41.8418102657,-87.6462273654,POINT (-87.646227365435 41.84181026572)
e6fec785cdffe3fc7c8cd4cc41dc2cd6dabb7abee94d68d339561ffa6a33cf06aa69660f48574ea16c58acd4b037fdead509035185dc0d3a88c6b15cb471f69d,,05/25/2019 07:39:00 PM,30,TRAFFIC SIGNAL,FUNCTIONING PROPERLY,CLEAR,DAYLIGHT,REAR END,NOT DIVIDED,,STRAIGHT AND LEVEL,DRY,NO DEFECTS,NOT ON SCENE (DESK REPORT),NO INJURY / DRIVE AWAY,,,,"$501 - $1,500",05/25/2019 07:49:00 PM,UNABLE TO DETERMINE,UNABLE TO DETERMINE,2700,W,CERMAK RD,1023.0,,,,,,,2,NO INDICATION OF INJURY,0.0,0.0,0.0,0.0,0.0,2.0,0.0,19,7,5,41.8520439207,-87.693059395,POINT (-87.693059394965 41.852043920722)
08d07c908f266d3e6fe175a8fe88905190b939185636852eb56db075c3d61c50eaf71da3bf44777254092172915a7f8f7100225329704263f7fd29c49241a968,,11/05/2024 06:38:00 PM,30,STOP SIGN/FLASHER,FUNCTIONING PROPERLY,RAIN,"DARKNESS, LIGHTED ROAD",ANGLE,FOUR WAY,,STRAIGHT AND LEVEL,WET,NO DEFECTS,NOT ON SCENE (DESK REPORT),NO INJURY / DRIVE AWAY,Y,,,"OVER $1,500",11/05/2024 07:00:00 PM,DRIVING SKILLS/KNOWLEDGE/EXPERIENCE,WEATHER,6900,S,MICHIGAN AVE,322.0,,,,,,,2,NO INDICATION OF INJURY,0.0,0.0,0.0,0.0,0.0,3.0,0.0,18,3,11,41.7691231319,-87.6219348072,POINT (-87.621934807244 41.769123131913)
05ecbb5331a62ccf8ee013d75ff792dbc666d9c1b75c9a1ca4d89e4cc2f56c9772a81cf0673b375e60b939827637dbef495178e44c6a2a4b521e751d17ffdc34,,10/31/2019 10:35:00 PM,30,TRAFFIC SIGNAL,FUNCTIONING PROPERLY,SNOW,"DARKNESS, LIGHTED ROAD",TURNING,CENTER TURN LANE,,STRAIGHT AND LEVEL,SNOW OR SLUSH,NO DEFECTS,ON SCENE,INJURY AND / OR TOW DUE TO CRASH,Y,,,"OVER $1,500",10/31/2019 10:40:00 PM,IMPROPER TURNING/NO SIGNAL,FAILING TO YIELD RIGHT-OF-WAY,1000,N,WESTERN AVE,1212.0,,,,,,,2,NO INDICATION OF INJURY,0.0,0.0,0.0,0.0,0.0,2.0,0.0,22,5,10,41.8994225569,-87.6870847765,POINT (-87.6870847765 41.899422556933)
65f36233643150904ee7c9caefedcd3c994599ad4a2b7916843b78c91089586e4cff4988662cb184f5c3a2d451b2bad934d3637757282ef0f4c92370d59328ae,,04/28/2021 04:59:00 PM,30,TRAFFIC SIGNAL,FUNCTIONING PROPERLY,RAIN,DAYLIGHT,TURNING,NOT DIVIDED,,STRAIGHT AND LEVEL,WET,NO DEFECTS,ON SCENE,INJURY AND / OR TOW DUE TO CRASH,Y,,Y,"OVER $1,500",04/28/2021 05:01:00 PM,UNABLE TO DETERMINE,UNABLE TO DETERMINE,1200,W,MARQUETTE RD,724.0,,,,,,,2,NO INDICATION OF INJURY,0.0,0.0,0.0,0.0,0.0,3.0,0.0,16,4,4,41.7724417934,-87.6543732364,POINT (-87.654373236431 41.772441793368)
ae8b3fab17ab0c137d530d58332f90223b5e6458babb9fcfdbcc319bf1d8d8c8e466c7f5a501082e61df10aefe93c4621a3ec696e5883ce1c7a58c778aaeed73,,06/08/2020 10:15:00 PM,30,NO CONTROLS,NO CONTROLS,CLEAR,"DARKNESS, LIGHTED ROAD",FIXED OBJECT,NOT DIVIDED,,STRAIGHT AND LEVEL,DRY,NO DEFECTS,ON SCENE,INJURY AND / OR TOW DUE TO CRASH,,,,"OVER $1,500",06/08/2020 10:19:00 PM,UNABLE TO DETERMINE,UNABLE TO DETERMINE,2665,N,KEELER AVE,2524.0,,,,,,,1,NO INDICATION OF INJURY,0.0,0.0,0.0,0.0,0.0,1.0,0.0,22,2,6,41.9298456703,-87.7316881621,POINT (-87.731688162143 41.929845670304)
45b18e71a6cebbeab0d2dbd37bf01e0710935c44bf24e34c3517b6050923316383d86788578642104234d40f4e142e3a8e5de66b9e3baf9f8afcddc49463c8be,,02/21/2024 09:35:00 AM,30,NO CONTROLS,NO CONTROLS,CLEAR,DAYLIGHT,REAR TO FRONT,NOT DIVIDED,,STRAIGHT AND LEVEL,UNKNOWN,UNKNOWN,ON SCENE,NO INJURY / DRIVE AWAY,,,,"$501 - $1,500",02/21/2024 09:40:00 AM,IMPROPER BACKING,NOT APPLICABLE,1012,W,SUNNYSIDE AVE,1914.0,,,,,,,2,NO INDICATION OF INJURY,0.0,0.0,0.0,0.0,0.0,2.0,0.0,9,4,2,41.9637088959,-87.6554022979,POINT (-87.655402297873 41.963708895891)
692d4058410bbeac95a9ef0babca7a6bfdc9248478fe0eacbd2ea3f6242db1bb2257a23244ad917065e8ab734f632cf1f3d50b6777a6638ef4d5ee25da2528b5,,08/06/2019 02:20:00 PM,10,NO CONTROLS,NO CONTROLS,CLEAR,DAYLIGHT,PARKED MOTOR VEHICLE,PARKING LOT,,STRAIGHT AND LEVEL,DRY,NO DEFECTS,NOT ON SCENE (DESK REPORT),NO INJURY / DRIVE AWAY,,,Y,"OVER $1,500",08/06/2019 02:45:00 PM,UNABLE TO DETERMINE,NOT APPLICABLE,3206,W,61ST ST,823.0,,,,,,,2,NO INDICATION OF INJURY,0.0,0.0,0.0,0.0,0.0,1.0,0.0,14,3,8,41.7827141528,-87.7035827865,POINT (-87.703582786526 41.782714152843)
cff7997056a840d688cd18c3516a7902e840d4cf65a6bfae4571519da3fef8f1ee96746b144e432e5663b59c712d42a8e0c86e0beb4dc2e4450b0cb7d259c263,,03/24/2022 09:20:00 AM,30,NO CONTROLS,NO CONTROLS,CLEAR,DAWN,SIDESWIPE SAME DIRECTION,NOT DIVIDED,,STRAIGHT AND LEVEL,DRY,NO DEFECTS,NOT ON SCENE (DESK REPORT),NO INJURY / DRIVE AWAY,,,,"OVER $1,500",03/24/2022 09:40:00 AM,FAILING TO YIELD RIGHT-OF-WAY,FAILING TO YIELD RIGHT-OF-WAY,1610,W,87TH ST,614.0,,,,,,,2,NO INDICATION OF INJURY,0.0,0.0,0.0,0.0,0.0,2.0,0.0,9,5,3,41.7358927816,-87.6635186033,POINT (-87.663518603276 41.735892781602)
69f3ed50fe230943705722e98dbab20d840a6214e7480b0e2cf7b84134037eb153e8c5072f67b134797e2143d5b322ea996edff71c8205d57f0c641f101ad43f,,05/16/2017 05:59:00 PM,30,NO CONTROLS,NO CONTROLS,CLEAR,DAYLIGHT,PARKED MOTOR VEHICLE,NOT DIVIDED,1,STRAIGHT AND LEVEL,DRY,NO DEFECTS,NOT ON SCENE (DESK REPORT),NO INJURY / DRIVE AWAY,,,Y,"OVER $1,500",05/16/2017 06:13:00 PM,IMPROPER BACKING,IMPROPER BACKING,451,E,111TH ST,531.0,,,,,,,2,NO INDICATION OF INJURY,0.0,0.0,0.0,0.0,0.0,1.0,0.0,17,3,5,41.6926487931,-87.6113773687,POINT (-87.611377368716 41.692648793058)
a20198f4607edaf5cf816e3810f618ac9c44c2ae873353e29380e360aa53ca6fdb52be29ddc0e5799e56c7503098326bc1cb2f7769c55989f008274e91762315,,07/03/2020 09:30:00 AM,35,NO CONTROLS,NO CONTROLS,CLEAR,DAYLIGHT,TURNING,NOT DIVIDED,,STRAIGHT AND LEVEL,DRY,NO DEFECTS,ON SCENE,INJURY AND / OR TOW DUE TO CRASH,,,,"OVER $1,500",07/03/2020 09:41:00 AM,FAILING TO YIELD RIGHT-OF-WAY,FAILING TO REDUCE SPEED TO AVOID CRASH,5515,S,PULASKI RD,822.0,,,,,,,2,NO INDICATION OF INJURY,0.0,0.0,0.0,0.0,0.0,2.0,0.0,9,6,7,41.7926761758,-87.7229956393,POINT (-87.722995639341 41.792676175787)
d27600c69569400ef4dc29ba9c0b60d7a7a4c9d18047424326ab80d9b85842f935c95446e27200cadfcc2e363b6f381dc582577a798a2545bcf5e36f7d0de8a8,,11/12/2019 01:11:00 PM,30,STOP SIGN/FLASHER,FUNCTIONING PROPERLY,CLEAR,DAYLIGHT,REAR END,NOT DIVIDED,,STRAIGHT AND LEVEL,DRY,UNKNOWN,NOT ON SCENE (DESK REPORT),NO INJURY / DRIVE AWAY,,,,"OVER $1,500",11/12/2019 03:11:00 PM,UNABLE TO DETERMINE,NOT APPLICABLE,3200,N,KEDZIE AVE,1733.0,,,,,,,2,NO INDICATION OF INJURY,0.0,0.0,0.0,0.0,0.0,3.0,0.0,13,3,11,41.9393517303,-87.7078465936,POINT (-87.707846593598 41.93935173031)
850ad04c7fdda8d1af9560cbdd814a37c6fe18563da1d02de40a1c3a654398631a07d3e492e4ed71e7da6bc925ac3eb866399784e4060116799ba156959166ad,Y,11/18/2020 05:17:00 PM,30,NO CONTROLS,NO CONTROLS,CLEAR,DUSK,REAR END,NOT DIVIDED,,STRAIGHT AND LEVEL,DRY,NO DEFECTS,NOT ON SCENE (DESK REPORT),NO INJURY / DRIVE AWAY,,,,"OVER $1,500",11/22/2020 08:00:00 AM,UNABLE TO DETERMINE,UNABLE TO DETERMINE,7567,N,ROGERS AVE,2422.0,,,,,,,2,NO INDICATION OF INJURY,0.0,0.0,0.0,0.0,0.0,2.0,0.0,17,4,11,42.0190482341,-87.6686408014,POINT (-87.66864080141 42.019048234068)
55f328f235cc235a4fc9d3af683a7132687640bb5922f6f2df4c920acb4b4da509ace6d0dd7147fb95a5abe067e34a45e06e85893c1d3b9c00ff30d773ac182a,,06/30/2019 05:50:00 PM,35,NO CONTROLS,NO CONTROLS,CLEAR,DAYLIGHT,PARKED MOTOR VEHICLE,NOT DIVIDED,,STRAIGHT AND LEVEL,DRY,NO DEFECTS,ON SCENE,NO INJURY / DRIVE AWAY,,,,"OVER $1,500",06/30/2019 05:50:00 PM,DRIVING SKILLS/KNOWLEDGE/EXPERIENCE,NOT APPLICABLE,840,W,WAVELAND AVE,1923.0,,,,,,,2,NO INDICATION OF INJURY,0.0,0.0,0.0,0.0,0.0,2.0,0.0,17,1,6,41.9492021702,-87.6511683985,POINT (-87.651168398459 41.949202170214)
99af900e40bd7eb2186fbbb32554223952c1d3803b947d34da180a844b4882585659e356e56501a42eaddb0c2501e2c97ebaac5a1a575ccfdff5ea46a37e6779,,04/04/2025 09:20:00 PM,30,TRAFFIC SIGNAL,FUNCTIONING PROPERLY,RAIN,"DARKNESS, LIGHTED ROAD",SIDESWIPE SAME DIRECTION,DIVIDED - W/MEDIAN (NOT RAISED),,STRAIGHT AND LEVEL,WET,UNKNOWN,NOT ON SCENE (DESK REPORT),NO INJURY / DRIVE AWAY,Y,,,"OVER $1,500",04/05/2025 07:45:00 AM,UNABLE TO DETERMINE,NOT APPLICABLE,1156,W,83RD ST,613.0,,,,,,,2,NO INDICATION OF INJURY,0.0,0.0,0.0,0.0,0.0,2.0,0.0,21,6,4,41.7433296487,-87.6533996458,POINT (-87.653399645817 41.743329648666)
fe3eec712d200923eda3db5f02f47bc14e0c2e109d6a93bf62596bb4c62e530f63171c9f1e2627c6389da2d92b5b613c0cd7a6a5b89b0cc9edecd1235979a148,,04/01/2024 02:15:00 PM,30,TRAFFIC SIGNAL,FUNCTIONING PROPERLY,RAIN,DAYLIGHT,ANGLE,FOUR WAY,,STRAIGHT AND LEVEL,WET,NO DEFECTS,ON SCENE,INJURY AND / OR TOW DUE TO CRASH,Y,,,"OVER $1,500",04/01/2024 02:15:00 PM,UNABLE TO DETERMINE,UNABLE TO DETERMINE,2000,W,MONTROSE AVE,1911.0,,,,,,,2,"REPORTED, NOT EVIDENT",1.0,0.0,0.0,0.0,1.0,2.0,0.0,14,2,4,41.9615667869,-87.6790438639,POINT (-87.679043863869 41.961566786868)
4e281a83d17a1e3221b69228fdefbc408e6363b20c9cabf0c29cd916fe1aebf295a0d1081ab7e1287750cd6a1e441aac5b221d0b09511bbc1657d6400aad1c53,,12/13/2018 04:30:00 PM,30,TRAFFIC SIGNAL,FUNCTIONING PROPERLY,RAIN,DARKNESS,TURNING,NOT DIVIDED,,STRAIGHT AND LEVEL,WET,NO DEFECTS,ON SCENE,NO INJURY / DRIVE AWAY,,,,"OVER $1,500",12/13/2018 05:19:00 PM,IMPROPER TURNING/NO SIGNAL,NOT APPLICABLE,3198,N,PULASKI RD,2523.0,,,,,,,2,NO INDICATION OF INJURY,0.0,0.0,0.0,0.0,0.0,2.0,0.0,16,5,12,41.9390013458,-87.7273295916,POINT (-87.727329591601 41.939001345847)
3a9ebb0f819e732c7d4ad3c06b269caec9b71f5671c59a6765205e10fde5585fdf49946443ac4a38149ab97b7e83b1209af846d57ddcc3937b26bcbbce0d69a3,,07/28/2023 10:15:00 PM,30,TRAFFIC SIGNAL,FUNCTIONING PROPERLY,RAIN,"DARKNESS, LIGHTED ROAD",ANGLE,FOUR WAY,,STRAIGHT AND LEVEL,WET,UNKNOWN,,INJURY AND / OR TOW DUE TO CRASH,Y,,N,"OVER $1,500",07/28/2023 10:15:00 PM,DISREGARDING TRAFFIC SIGNALS,UNABLE TO DETERMINE,2400,W,PERSHING RD,911.0,,,,,,,2,INCAPACITATING INJURY,1.0,0.0,1.0,0.0,0.0,2.0,0.0,22,6,7,41.8230967602,-87.6850189506,POINT (-87.685018950616 41.823096760166)
ebaf5c46c715288d3e92f39a0c4417218dd236721733e8c95ea39b264f79cf62ea1eb754c79befa90b3a32a61c46b8dcf895654d6b16141a686ba53640615bf4,,03/21/2023 06:45:00 PM,30,NO CONTROLS,NO CONTROLS,CLEAR,DAYLIGHT,PARKED MOTOR VEHICLE,ONE-WAY,,STRAIGHT AND LEVEL,DRY,NO DEFECTS,ON SCENE,INJURY AND / OR TOW DUE TO CRASH,,,Y,"OVER $1,500",03/21/2023 06:51:00 PM,FAILING TO REDUCE SPEED TO AVOID CRASH,DISTRACTION - FROM INSIDE VEHICLE,5822,S,INDIANA AVE,232.0,,,,,,,3,NO INDICATION OF INJURY,0.0,0.0,0.0,0.0,0.0,2.0,0.0,18,3,3,41.7885531229,-87.6208332273,POINT (-87.620833227261 41.788553122865)
97c6dedbc1339974d57d0b04aee0012e42d677548fdcb8425c16a12e4d20e68a6c33f0fa01084291a05faab02d4e528f459051043450abbdde1f69757903c407,,05/13/2023 03:45:00 PM,30,NO CONTROLS,NO CONTROLS,CLEAR,DAYLIGHT,SIDESWIPE SAME DIRECTION,DIVIDED - W/MEDIAN BARRIER,,STRAIGHT AND LEVEL,DRY,NO DEFECTS,NOT ON SCENE (DESK REPORT),NO INJURY / DRIVE AWAY,,,,$500 OR LESS,05/13/2023 05:15:00 PM,FAILING TO YIELD RIGHT-OF-WAY,UNABLE TO DETERMINE,346,W,47TH ST,925.0,,,,,,,2,NO INDICATION OF INJURY,0.0,0.0,0.0,0.0,0.0,2.0,0.0,15,7,5,41.8091685857,-87.6352269907,POINT (-87.635226990668 41.809168585659)
d965438a3aacf796bc6ec612ec9f9fda9dcce047e548ece6ae8a45e3eeafe3269c35e2d3632830c9ce25c8c074d14d2371b67fde012ffdcb324fbb6c97aee4d5,,10/14/2018 05:55:00 PM,15,DELINEATORS,FUNCTIONING PROPERLY,CLEAR,DARKNESS,ANGLE,PARKING LOT,1,STRAIGHT AND LEVEL,DRY,NO DEFECTS,NOT ON SCENE (DESK REPORT),NO INJURY / DRIVE AWAY,,Y,,"$501 - $1,500",10/14/2018 07:21:00 PM,IMPROPER BACKING,UNABLE TO DETERMINE,5060,N,SHERIDAN RD,2024.0,,,,,,,2,NO INDICATION OF INJURY,0.0,0.0,0.0,0.0,0.0,2.0,0.0,17,1,10,41.9751190773,-87.6551220248,POINT (-87.655122024841 41.975119077313)
65b998c5bcf2c2d9f481e949e0ca593ee17f7182c672bc0da92d29417c8d9585e86e23bbf05ad16cd18a5a1f8dae42bbb10a68a8de3c41f5c30952f7f767a93e,,04/04/2017 06:35:00 AM,30,TRAFFIC SIGNAL,FUNCTIONING PROPERLY,CLEAR,DAWN,REAR END,DIVIDED - W/MEDIAN (NOT RAISED),6,STRAIGHT AND LEVEL,DRY,NO DEFECTS,NOT ON SCENE (DESK REPORT),NO INJURY / DRIVE AWAY,Y,,,"$501 - $1,500",04/04/2017 06:06:00 PM,UNABLE TO DETERMINE,UNABLE TO DETERMINE,700,S,DAMEN AVE,1225.0,,,,,,,2,NO INDICATION OF INJURY,0.0,0.0,0.0,0.0,0.0,2.0,0.0,6,3,4,0.0,0.0,POINT (0 0)
52d488a2dde77a83f34f0df8457ce7938a8e6e5c73191d3f7ef3ec421b223c90b9ee428ae9bf356ebbbb6c18f29b964323580431bce0a43a2c4f02dd67d16725,,03/01/2018 01:30:00 PM,30,NO CONTROLS,NO CONTROLS,CLEAR,DAYLIGHT,SIDESWIPE SAME DIRECTION,NOT DIVIDED,,STRAIGHT AND LEVEL,DRY,NO DEFECTS,NOT ON SCENE (DESK REPORT),NO INJURY / DRIVE AWAY,,,Y,"$501 - $1,500",03/05/2018 04:40:00 PM,FAILING TO YIELD RIGHT-OF-WAY,NOT APPLICABLE,45,W,CHICAGO AVE,1832.0,,,,,,,2,NO INDICATION OF INJURY,0.0,0.0,0.0,0.0,0.0,3.0,0.0,13,5,3,41.8965447795,-87.6298455015,POINT (-87.629845501497 41.896544779516)