CRASH_RECORD_ID,CRASH_DATE_EST_I,CRASH_DATE,POSTED_SPEED_LIMIT,TRAFFIC_CONTROL_DEVICE,DEVICE_CONDITION,WEATHER_CONDITION,LIGHTING_CONDITION,FIRST_CRASH_TYPE,TRAFFICWAY_TYPE,LANE_CNT,ALIGNMENT,ROADWAY_SURFACE_COND,ROAD_DEFECT,REPORT_TYPE,CRASH_TYPE,INTERSECTION_RELATED_I,NOT_RIGHT_OF_WAY_I,HIT_AND_RUN_I,DAMAGE,DATE_POLICE_NOTIFIED,PRIM_CONTRIBUTORY_CAUSE,SEC_CONTRIBUTORY_CAUSE,STREET_NO,STREET_DIRECTION,STREET_NAME,BEAT_OF_OCCURRENCE,PHOTOS_TAKEN_I,STATEMENTS_TAKEN_I,DOORING_I,WORK_ZONE_I,WORK_ZONE_TYPE,WORKERS_PRESENT_I,NUM_UNITS,MOST_SEVERE_INJURY,INJURIES_TOTAL,INJURIES_FATAL,INJURIES_INCAPACITATING,INJURIES_NON_INCAPACITATING,INJURIES_REPORTED_NOT_EVIDENT,INJURIES_NO_INDICATION,INJURIES_UNKNOWN,CRASH_HOUR,CRASH_DAY_OF_WEEK,CRASH_MONTH,LATITUDE,LONGITUDE,LOCATION
f775adefd22f63faed44826f223d6251e235b3f9d85133fb7ad45e1cddb63d7d897c1af7852de3f52babad1ddd547046316fcc91bbfc62d4932618067ff77bc1,,10/08/2022 04:33:00 AM,30,NO CONTROLS,NO CONTROLS,CLEAR,"DARKNESS, LIGHTED ROAD",REAR END,DIVIDED - W/MEDIAN BARRIER,,STRAIGHT ON HILLCREST,DRY,NO DEFECTS,,INJURY AND / OR TOW DUE TO CRASH,N,,,"OVER $1,500",10/08/2022 04:52:00 AM,FAILING TO REDUCE SPEED TO AVOID CRASH,FOLLOWING TOO CLOSELY,5301,S,HARLEM AVE,811.0,,,,,,,3,"REPORTED, NOT EVIDENT",1.0,0.0,0.0,0.0,1.0,4.0,0.0,4,7,10,41.7956880528,-87.8014596705,POINT (-87.801459670523 41.795688052768)
ef75eb5dc14a5443b212414bae2c4fefde7d3beb8e7a4ddfd80b8021ea7a556ee3651816c0fc49c815843c8ba1be560abc42dce030a5eb36f934f11eca877960,,11/13/2019 05:40:00 PM,30,NO CONTROLS,NO CONTROLS,CLEAR,"DARKNESS, LIGHTED ROAD",REAR END,NOT DIVIDED,,STRAIGHT AND LEVEL,ICE,NO DEFECTS,NOT ON SCENE (DESK REPORT),NO INJURY / DRIVE AWAY,Y,,Y,"OVER $1,500",11/13/2019 06:25:00 PM,UNABLE TO DETERMINE,NOT APPLICABLE,2257,W,47TH ST,931.0,,,,,,,3,NO INDICATION OF INJURY,0.0,0.0,0.0,0.0,0.0,4.0,0.0,17,4,11,41.8083250522,-87.6818767775,POINT (-87.681876777495 41.808325052185)
21768ee0725f81f54ba975ca0bf520ab6afabff86c7c119060291969105df13083ea3f6cf7c1ebc0688e933f440f332dba958561706ef4bac7f6561146e25950,,04/16/2025 07:39:00 AM,35,TRAFFIC SIGNAL,FUNCTIONING PROPERLY,CLEAR,DAYLIGHT,PEDESTRIAN,FOUR WAY,,STRAIGHT AND LEVEL,DRY,UNKNOWN,ON SCENE,INJURY AND / OR TOW DUE TO CRASH,Y,,,"$501 - $1,500",04/16/2025 07:42:00 AM,FAILING TO YIELD RIGHT-OF-WAY,NOT APPLICABLE,98,N,DEARBORN ST,112.0,,,,,,,2,NONINCAPACITATING INJURY,1.0,0.0,0.0,1.0,0.0,1.0,0.0,7,4,4,41.8831867226,-87.6295835189,POINT (-87.629583518898 41.883186722573)
8685ad6bbab9c7a95360e0aa17070947caa5e66aa5b09b2cf8d1248092f2ace1980203d15bcd03308e427346c01d21d30a1e8dc885050817f720897010bc509b,,02/19/2019 04:55:00 PM,30,NO CONTROLS,NO CONTROLS,CLEAR,DAYLIGHT,SIDESWIPE SAME DIRECTION,NOT DIVIDED,,STRAIGHT AND LEVEL,WET,NO DEFECTS,ON SCENE,NO INJURY / DRIVE AWAY,,,,"$501 - $1,500",02/19/2019 04:59:00 PM,UNABLE TO DETERMINE,NOT APPLICABLE,2002,S,WENTWORTH AVE,914.0,,,,,,,2,NO INDICATION OF INJURY,0.0,0.0,0.0,0.0,0.0,3.0,0.0,16,3,2,41.8552817038,-87.6319926423,POINT (-87.631992642294 41.855281703774)
47928b09326e0746f08bbdbe230e831b1597b1c2b7f087ee0fce029c6ab0ed6b97aac29030bb51fc07b05e05e28b30b79b7173e95b0ed28583860e7193335559,,02/25/2018 07:40:00 PM,30,NO CONTROLS,NO CONTROLS,CLEAR,DARKNESS,SIDESWIPE SAME DIRECTION,NOT DIVIDED,4,STRAIGHT AND LEVEL,DRY,NO DEFECTS,NOT ON SCENE (DESK REPORT),NO INJURY / DRIVE AWAY,,,,"$501 - $1,500",02/25/2018 08:20:00 PM,IMPROPER OVERTAKING/PASSING,NOT APPLICABLE,1398,W,DIVISION ST,1433.0,,,,,,,2,NO INDICATION OF INJURY,0.0,0.0,0.0,0.0,0.0,4.0,0.0,19,1,2,41.9035192102,-87.6625826312,POINT (-87.662582631188 41.903519210221)
e7772d9df767079859bc4394c19d92ac7ca1c64726396b5fab7e98e7d0d784b5acbd4d0ad3d9b94ce9f0babe37eada2a3fda89f0be771bac33ef6853543eae30,,08/15/2017 09:45:00 PM,30,TRAFFIC SIGNAL,FUNCTIONING PROPERLY,CLEAR,"DARKNESS, LIGHTED ROAD",ANGLE,ONE-WAY,4,STRAIGHT AND LEVEL,DRY,NO DEFECTS,NOT ON SCENE (DESK REPORT),NO INJURY / DRIVE AWAY,Y,,Y,"OVER $1,500",08/16/2017 04:00:00 PM,NOT APPLICABLE,NOT APPLICABLE,300,E,GRAND AVE,1834.0,,,,,,,2,NO INDICATION OF INJURY,0.0,0.0,0.0,0.0,0.0,2.0,0.0,21,3,8,41.8919135793,-87.6201915347,POINT (-87.620191534695 41.891913579316)
103b1559b56f716b14df9857b0767db65a04070b19092987d684e1eef040e89c10c7293a205ca49d72960c0c9198c9cec10188891077fb3914d9b984072d683b,,06/25/2025 03:20:00 PM,30,TRAFFIC SIGNAL,FUNCTIONING PROPERLY,CLEAR,DAYLIGHT,TURNING,NOT DIVIDED,,STRAIGHT AND LEVEL,DRY,NO DEFECTS,ON SCENE,INJURY AND / OR TOW DUE TO CRASH,Y,,,"OVER $1,500",06/25/2025 03:24:00 PM,IMPROPER TURNING/NO SIGNAL,NOT APPLICABLE,600,S,MICHIGAN AVE,123.0,,,,,,,2,NONINCAPACITATING INJURY,1.0,0.0,0.0,1.0,0.0,2.0,0.0,15,4,6,41.8743716154,-87.6243795278,POINT (-87.624379527782 41.874371615359)
b95d1f17ab491c367194bb2ed1e7090581e5709b57b187ef0dd7457cc353618fda416160a91f774c9136a1113f017b24fbd99f05f5775baded76fecf1c2b46a2,,08/27/2023 02:30:00 PM,20,STOP SIGN/FLASHER,FUNCTIONING PROPERLY,CLEAR,DAYLIGHT,TURNING,CENTER TURN LANE,,STRAIGHT AND LEVEL,DRY,NO DEFECTS,NOT ON SCENE (DESK REPORT),NO INJURY / DRIVE AWAY,Y,,,"OVER $1,500",08/27/2023 05:40:00 PM,IMPROPER OVERTAKING/PASSING,IMPROPER TURNING/NO SIGNAL,6253,S,MICHIGAN AVE,311.0,,,,,,,2,NO INDICATION OF INJURY,0.0,0.0,0.0,0.0,0.0,2.0,0.0,14,1,8,41.7804036945,-87.6218374892,POINT (-87.62183748917 41.780403694544)
0ee7cb7fe4f19711fb5466af5ad7125af66a74d2ff1052a181fbdef6a4587032299d6cd58a1e1d145dc635035b4e0025288094113ad8c8b3c68373a066404183,,07/24/2020 04:09:00 PM,35,STOP SIGN/FLASHER,OTHER,CLEAR,DAYLIGHT,TURNING,NOT DIVIDED,,STRAIGHT AND LEVEL,DRY,NO DEFECTS,NOT ON SCENE (DESK REPORT),NO INJURY / DRIVE AWAY,,,,"$501 - $1,500",07/24/2020 04:35:00 PM,UNABLE TO DETERMINE,UNABLE TO DETERMINE,11201,S,HALSTED ST,2233.0,,,,,,,2,NO INDICATION OF INJURY,0.0,0.0,0.0,0.0,0.0,2.0,0.0,16,6,7,41.6904489996,-87.6421739215,POINT (-87.642173921531 41.690448999556)
ddbd5a3ec851b2176369aa34b55e726eef7467c555f2f449fa98f6e302dae2b6d4a5d80d5293173a27d35b81a326ef41aac72504b7647dfaf3eb043de7c76357,,01/16/2020 03:35:00 PM,20,STOP SIGN/FLASHER,FUNCTIONING PROPERLY,CLEAR,DAYLIGHT,PARKED MOTOR VEHICLE,ONE-WAY,,STRAIGHT AND LEVEL,DRY,NO DEFECTS,NOT ON SCENE (DESK REPORT),NO INJURY / DRIVE AWAY,,,,"$501 - $1,500",01/16/2020 04:00:00 PM,IMPROPER BACKING,NOT APPLICABLE,1298,W,95TH PL,2213.0,,,,,,,2,NO INDICATION OF INJURY,0.0,0.0,0.0,0.0,0.0,2.0,0.0,15,5,1,41.7203945371,-87.6552377209,POINT (-87.655237720897 41.720394537102)
3f6b1b431632cc71fec68d1d864229d345b0ff4910bc6030707212d75fc70312f9585b4ccb9969cc572adfe4f2309e36f886c2c9bb5745607a96b0dcaa1ed185,,11/16/2018 05:00:00 PM,30,NO CONTROLS,NO CONTROLS,UNKNOWN,UNKNOWN,PARKED MOTOR VEHICLE,PARKING LOT,,STRAIGHT AND LEVEL,UNKNOWN,UNKNOWN,NOT ON SCENE (DESK REPORT),NO INJURY / DRIVE AWAY,,N,Y,"OVER $1,500",11/17/2018 09:45:00 PM,NOT APPLICABLE,NOT APPLICABLE,5959,S,KNOX AVE,813.0,,,,,,,2,NO INDICATION OF INJURY,0.0,0.0,0.0,0.0,0.0,1.0,0.0,17,6,11,41.7840464069,-87.7386553272,POINT (-87.738655327236 41.784046406933)
8597eecc228f28850d6aee4994119d0173c320bf3541f5ec85babf2b7a1c7bff098772087632a596097fe9b864b6acc04b90b29f6bf3663e150007977a11f779,Y,01/23/2017 10:50:00 AM,5,NO CONTROLS,NO CONTROLS,CLEAR,DAYLIGHT,FIXED OBJECT,OTHER,1,STRAIGHT AND LEVEL,WET,NO DEFECTS,NOT ON SCENE (DESK REPORT),NO INJURY / DRIVE AWAY,,,,"OVER $1,500",01/23/2017 11:45:00 AM,DISTRACTION - FROM OUTSIDE VEHICLE,UNABLE TO DETERMINE,2427,W,GRAND AVE,1221.0,,,,,,,1,NO INDICATION OF INJURY,0.0,0.0,0.0,0.0,0.0,1.0,0.0,10,2,1,41.8906921517,-87.6878476626,POINT (-87.687847662618 41.8906921517)
a9caebfc37383d676721953a3a6feba6c65949ea4d6c6276797741057a0596491c06997740e6102e5cc17736e551e19930743fa2dca3d2ed588d4f089f0922f2,,02/01/2024 02:00:00 PM,30,TRAFFIC SIGNAL,FUNCTIONING PROPERLY,CLEAR,DAYLIGHT,REAR END,DIVIDED - W/MEDIAN (NOT RAISED),,STRAIGHT AND LEVEL,DRY,UNKNOWN,NOT ON SCENE (DESK REPORT),NO INJURY / DRIVE AWAY,,,,"OVER $1,500",02/01/2024 02:20:00 PM,UNABLE TO DETERMINE,NOT APPLICABLE,605,S,CALIFORNIA AVE,1135.0,,,,,,,2,NO INDICATION OF INJURY,0.0,0.0,0.0,0.0,0.0,3.0,0.0,14,5,2,41.8736145715,-87.6959470515,POINT (-87.695947051506 41.873614571474)
71a3dd169c9b0a3d373d40f4c44e8c5f15adf9cdc4fa01a7f88bf554c1c7633002f159839aacf75fdedcf157c1f46cf8aa867817fdedb6be9efee055c97d93d6,,12/31/2023 04:39:00 PM,30,TRAFFIC SIGNAL,FUNCTIONING PROPERLY,RAIN,DAWN,TURNING,FOUR WAY,,STRAIGHT AND LEVEL,WET,NO DEFECTS,NOT ON SCENE (DESK REPORT),INJURY AND / OR TOW DUE TO CRASH,,,,$500 OR LESS,12/31/2023 05:03:00 PM,FOLLOWING TOO CLOSELY,IMPROPER TURNING/NO SIGNAL,350,E,JACKSON DR,114.0,,,,,,,2,NONINCAPACITATING INJURY,1.0,0.0,0.0,1.0,0.0,2.0,0.0,16,1,12,41.8784673305,-87.6188571644,POINT (-87.618857164405 41.87846733047)
2827f6c22b9f804561cae5a9123723ac7e8ada3ac1fbd21acfa4717ef7fdec451d6e715527b8fde8e8cd0b2af15d89effa393df006e9be4f163804ed225533b6,,10/01/2019 06:50:00 AM,30,NO CONTROLS,NO CONTROLS,CLEAR,UNKNOWN,PARKED MOTOR VEHICLE,ONE-WAY,,STRAIGHT AND LEVEL,DRY,UNKNOWN,ON SCENE,INJURY AND / OR TOW DUE TO CRASH,,,Y,"OVER $1,500",10/01/2019 07:49:00 AM,UNABLE TO DETERMINE,NOT APPLICABLE,2602,W,FARWELL AVE,2411.0,,,,,,,2,NO INDICATION OF INJURY,0.0,0.0,0.0,0.0,0.0,1.0,0.0,6,3,10,42.0059489515,-87.6951554538,POINT (-87.695155453824 42.005948951487)
a73ba20948d4f86ac6cc75512a670b2ac223b5b8a05f8827e865a60a399285bb2d1eb5cf886798a63e0901e84f5b7637ce7938dee6dea6ff9b512961a435f3ec,,06/25/2024 12:44:00 PM,30,TRAFFIC SIGNAL,FUNCTIONING PROPERLY,UNKNOWN,DAYLIGHT,SIDESWIPE SAME DIRECTION,ONE-WAY,,STRAIGHT AND LEVEL,UNKNOWN,UNKNOWN,NOT ON SCENE (DESK REPORT),NO INJURY / DRIVE AWAY,,,Y,"OVER $1,500",06/25/2024 04:55:00 PM,FAILING TO REDUCE SPEED TO AVOID CRASH,NOT APPLICABLE,652,W,ROOSEVELT RD,1232.0,,,,,,,2,NO INDICATION OF INJURY,0.0,0.0,0.0,0.0,0.0,2.0,0.0,12,3,6,41.8672997743,-87.6443306921,POINT (-87.644330692089 41.867299774301)
34e03305cfc88796a1fc8ed274b312ed8f1cea087a45cb6dcfe8242d7afecdffc044587f91b0e665aeda1e4bda16c039e22a29f2325c4fa03047938e63ef124d,,09/09/2019 06:07:00 PM,35,NO CONTROLS,NO CONTROLS,CLEAR,DUSK,REAR END,DIVIDED - W/MEDIAN (NOT RAISED),,STRAIGHT AND LEVEL,DRY,NO DEFECTS,ON SCENE,NO INJURY / DRIVE AWAY,,,,"OVER $1,500",09/09/2019 06:20:00 PM,FOLLOWING TOO CLOSELY,FOLLOWING TOO CLOSELY,7900,S,STONY ISLAND AVE,411.0,,,,,,,2,NO INDICATION OF INJURY,0.0,0.0,0.0,0.0,0.0,3.0,0.0,18,2,9,41.7514606032,-87.585971993,POINT (-87.585971992965 41.751460603167)
ce8be7e538e745d3509a0e2f03533a93c9fe0a3b4bd47028b0932f87105bb28d2e2e08a53aff3c58ff437967efab9b9f20f748f558f82d050ec072122cd19586,,05/18/2018 12:30:00 PM,15,TRAFFIC SIGNAL,FUNCTIONING PROPERLY,CLEAR,DAYLIGHT,SIDESWIPE SAME DIRECTION,NOT DIVIDED,4,STRAIGHT AND LEVEL,DRY,NO DEFECTS,NOT ON SCENE (DESK REPORT),NO INJURY / DRIVE AWAY,Y,,Y,"OVER $1,500",05/18/2018 01:30:00 PM,IMPROPER OVERTAKING/PASSING,UNABLE TO DETERMINE,7900,S,SOUTH CHICAGO AVE,411.0,,,,,,,2,NO INDICATION OF INJURY,0.0,0.0,0.0,0.0,0.0,2.0,0.0,12,6,5,41.7513397046,-87.5856322657,POINT (-87.585632265652 41.751339704589)
89fa2fedf67f884951f298872333dd6be8e8a0233eb93b6ccad0e1dfaa6406f64dfd29e2c4d70c4f38c62fd0f8895629f6c3271c9a3f48a23c0971c44d6223a1,,01/30/2025 10:54:00 PM,30,TRAFFIC SIGNAL,FUNCTIONING PROPERLY,RAIN,"DARKNESS, LIGHTED ROAD",TURNING,FOUR WAY,,STRAIGHT AND LEVEL,WET,NO DEFECTS,ON SCENE,NO INJURY / DRIVE AWAY,,,,$500 OR LESS,01/30/2025 10:54:00 PM,IMPROPER TURNING/NO SIGNAL,NOT APPLICABLE,631,S,AUSTIN BLVD,1513.0,,,,,,,2,NO INDICATION OF INJURY,0.0,0.0,0.0,0.0,0.0,2.0,0.0,22,5,1,41.8718367292,-87.7742143245,POINT (-87.774214324507 41.871836729163)
c51963ee66b06fe8904aa8b4b1f0d831f406d40bf7b749f5ae296e935159400ce4833606cba8757ec3fb9b6476ff5af780040b6a530c10c26eb9d3ca3399ce7a,,08/24/2023 05:10:00 PM,30,TRAFFIC SIGNAL,FUNCTIONING PROPERLY,CLEAR,DAYLIGHT,ANGLE,CENTER TURN LANE,,STRAIGHT AND LEVEL,DRY,NO DEFECTS,NOT ON SCENE (DESK REPORT),NO INJURY / DRIVE AWAY,,,,"OVER $1,500",08/29/2023 09:00:00 PM,UNABLE TO DETERMINE,UNABLE TO DETERMINE,538,W,PERSHING RD,915.0,,,,,,,2,NO INDICATION OF INJURY,0.0,0.0,0.0,0.0,0.0,2.0,0.0,17,5,8,41.8236445119,-87.6400884889,POINT (-87.640088488911 41.823644511941)
ed14c76ceef5a4bccdc5fb3cfec08f36a98e2981f55375e040ade8cbdd5042df103c9cd6c26f61fdb895c8a82955be694751a9b9eff6f1ba63c7f6ebbeacce04,,01/31/2022 03:54:00 AM,30,TRAFFIC SIGNAL,FUNCTIONING PROPERLY,CLEAR,"DARKNESS, LIGHTED ROAD",ANGLE,FOUR WAY,,STRAIGHT AND LEVEL,DRY,NO DEFECTS,ON SCENE,INJURY AND / OR TOW DUE TO CRASH,Y,,,"OVER $1,500",01/31/2022 03:55:00 AM,UNDER THE INFLUENCE OF ALCOHOL/DRUGS (USE WHEN ARREST IS EFFECTED),DISREGARDING TRAFFIC SIGNALS,4000,N,CLARENDON AVE,1915.0,,N,,,,,2,NO INDICATION OF INJURY,0.0,0.0,0.0,0.0,0.0,3.0,0.0,3,2,1,41.9546131176,-87.6498486523,POINT (-87.649848652254 41.954613117579)
1531fa5e061200fd2c17fe1287acb13259d1fe1ce71b6e31720ead1a07ea080c287de012aa0132604ae01b8d913b1f8f6691c15097c953dfcb9daf264e3b887e,,08/26/2022 02:30:00 PM,20,TRAFFIC SIGNAL,UNKNOWN,CLEAR,DAYLIGHT,REAR END,UNKNOWN,,STRAIGHT AND LEVEL,UNKNOWN,UNKNOWN,NOT ON SCENE (DESK REPORT),NO INJURY / DRIVE AWAY,Y,,,$500 OR LESS,08/26/2022 10:44:00 PM,UNABLE TO DETERMINE,NOT APPLICABLE,842,W,WILSON AVE,1914.0,,,,,,,2,NO INDICATION OF INJURY,0.0,0.0,0.0,0.0,0.0,2.0,0.0,14,6,8,41.9655871321,-87.6516923273,POINT (-87.651692327276 41.965587132123)
d2f0f0ba9a66482962f2d5fda21e12349741bd1764e30fd3f615de321be5524e77c6c7e9b5e03075745d2073e7f76460bb9e3d9490d2cf95ee6b776d08e02b22,,06/11/2025 05:15:00 PM,10,UNKNOWN,UNKNOWN,CLEAR,DAYLIGHT,PARKED MOTOR VEHICLE,PARKING LOT,,STRAIGHT AND LEVEL,DRY,UNKNOWN,NOT ON SCENE (DESK REPORT),NO INJURY / DRIVE AWAY,,,,"OVER $1,500",06/14/2025 09:15:00 AM,UNABLE TO DETERMINE,UNABLE TO DETERMINE,6332,S,GREEN ST,723.0,,,,,,,2,NO INDICATION OF INJURY,0.0,0.0,0.0,0.0,0.0,1.0,0.0,17,4,6,41.7786763325,-87.6461360141,POINT (-87.646136014149 41.778676332502)
c035a1e7787a74fd563c150abe1ef05fcddfa7025b54edd933c92b5210eb7604ba0b31b64ccb307f0040b865858a061dcda41f8e22c7c8dd103627c333ac6846,,03/13/2018 04:40:00 PM,30,NO CONTROLS,NO CONTROLS,CLEAR,DAYLIGHT,REAR END,NOT DIVIDED,,STRAIGHT AND LEVEL,DRY,NO DEFECTS,NOT ON SCENE (DESK REPORT),NO INJURY / DRIVE AWAY,,,,"OVER $1,500",03/13/2018 05:05:00 PM,NOT APPLICABLE,NOT APPLICABLE,7900,S,CAMPBELL AVE,835.0,,,,,,,2,NO INDICATION OF INJURY,0.0,0.0,0.0,0.0,0.0,2.0,0.0,16,3,3,41.7499142982,-87.6854326579,POINT (-87.685432657927 41.749914298219)
7929a8c94840b89c4200f7471e45c6bf97bd9a3cd08662447de04b1bbf851a93673604960adb488d6bf7ac2d2afa1d01b3f3e383f35f77be5496ea5f4816926b,,07/09/2018 06:30:00 PM,30,TRAFFIC SIGNAL,FUNCTIONING PROPERLY,UNKNOWN,DAYLIGHT,REAR END,NOT DIVIDED,4,STRAIGHT AND LEVEL,UNKNOWN,UNKNOWN,NOT ON SCENE (DESK REPORT),NO INJURY / DRIVE AWAY,,,Y,"OVER $1,500",07/11/2018 11:00:00 AM,UNABLE TO DETERMINE,UNABLE TO DETERMINE,3220,W,GRAND AVE,1121.0,,,,,,,2,NO INDICATION OF INJURY,0.0,0.0,0.0,0.0,0.0,2.0,0.0,18,2,7,41.8988263367,-87.7076340331,POINT (-87.707634033141 41.898826336707)
f4b675f8412b112fed807a09a75c0349034d2fe21524057cd82ea8e85a17716a7bf683893fea39f054a732aaba133d60d01898128789608aae1b11643efa6c7e,,09/23/2017 01:40:00 PM,25,NO CONTROLS,NO CONTROLS,CLEAR,DAYLIGHT,ANGLE,DIVIDED - W/MEDIAN (NOT RAISED),2,STRAIGHT AND LEVEL,DRY,NO DEFECTS,NOT ON SCENE (DESK REPORT),NO INJURY / DRIVE AWAY,,,,"$501 - $1,500",09/23/2017 02:12:00 PM,UNABLE TO DETERMINE,UNABLE TO DETERMINE,6200,S,SPAULDING AVE,823.0,,,,,,,2,NO INDICATION OF INJURY,0.0,0.0,0.0,0.0,0.0,2.0,0.0,13,7,9,41.7807161391,-87.7057585578,POINT (-87.705758557812 41.780716139106)
8bcdc475a44ebf1df7ad8d21f07f78a87e60d4e70ca6d265f535ff608b708309df6716fe646507691e6e3f698ad1ee669088f4f8643da19520f8420c0f451ea9,,08/17/2018 05:00:00 PM,30,TRAFFIC SIGNAL,FUNCTIONING PROPERLY,CLEAR,DAYLIGHT,TURNING,NOT DIVIDED,2,STRAIGHT AND LEVEL,DRY,NO DEFECTS,ON SCENE,NO INJURY / DRIVE AWAY,Y,,,"OVER $1,500",08/17/2018 05:25:00 PM,IMPROPER OVERTAKING/PASSING,IMPROPER TURNING/NO SIGNAL,4401,W,LAWRENCE AVE,1722.0,,,,,,,2,NO INDICATION OF INJURY,0.0,0.0,0.0,0.0,0.0,3.0,0.0,17,6,8,41.9680232822,-87.7379631927,POINT (-87.737963192721 41.968023282218)
9a8f92186e44d119b2466c785c7bf613c8049e60bdc12be4fa947e4c6c768b7ea821eb5b157d3ca65a15a4384610f020aaf8cbc5e0c30ebec73b29f870203c61,,07/03/2018 04:10:00 PM,30,TRAFFIC SIGNAL,FUNCTIONING PROPERLY,CLEAR,DAYLIGHT,TURNING,NOT DIVIDED,,STRAIGHT AND LEVEL,DRY,UNKNOWN,NOT ON SCENE (DESK REPORT),NO INJURY / DRIVE AWAY,,,,"OVER $1,500",07/03/2018 04:50:00 PM,DRIVING SKILLS/KNOWLEDGE/EXPERIENCE,NOT APPLICABLE,3201,W,65TH ST,831.0,,,,,,,2,NO INDICATION OF INJURY,0.0,0.0,0.0,0.0,0.0,2.0,0.0,16,3,7,41.7752113077,-87.703170717,POINT (-87.703170717047 41.775211307738)
04e95f8b2cc71b1bc03d70d12677325faf9ad522007437d498c94946d5c88fa117f301d9dad501eb76024faffcdca4b2cae52f436737ef83a62074b4464f0d7c,,07/28/2018 09:20:00 AM,30,NO CONTROLS,FUNCTIONING PROPERLY,CLEAR,DAYLIGHT,REAR END,NOT DIVIDED,2,STRAIGHT AND LEVEL,DRY,NO DEFECTS,NOT ON SCENE (DESK REPORT),NO INJURY / DRIVE AWAY,,,,"$501 - $1,500",07/28/2018 09:40:00 AM,FOLLOWING TOO CLOSELY,NOT APPLICABLE,1229,W,CORTLAND ST,1811.0,,Y,,,,,2,NO INDICATION OF INJURY,0.0,0.0,0.0,0.0,0.0,2.0,0.0,9,7,7,41.917001699,-87.6593945037,POINT (-87.659394503682 41.917001698965)
79beb4a27388b919203c864c377a8b46ed9524ebe8ad0e43e85360c565627f339f1c47b537f4f006e241b488e073dbd9b7f1a683e9ff3555bcc50595777b40ad,,05/21/2022 09:00:00 PM,30,TRAFFIC SIGNAL,FUNCTIONING PROPERLY,CLEAR,"DARKNESS, LIGHTED ROAD",TURNING,FOUR WAY,,STRAIGHT AND LEVEL,DRY,NO DEFECTS,NOT ON SCENE (DESK REPORT),NO INJURY / DRIVE AWAY,Y,,,"OVER $1,500",05/21/2022 09:30:00 PM,IMPROPER TURNING/NO SIGNAL,IMPROPER LANE USAGE,7100,S,STATE ST,323.0,,,,,,,2,NO INDICATION OF INJURY,0.0,0.0,0.0,0.0,0.0,3.0,0.0,21,7,5,41.7653936078,-87.625050475,POINT (-87.625050475006 41.765393607783)
0b3b7737d883588bb6316ffa59e32ac542da005d2bbb4d7b1192ef824c56e5021e4b82864c5cf49002094cb514f00198eca439dfd121df8643e486a8299b2da4,,01/29/2022 01:30:00 PM,25,TRAFFIC SIGNAL,FUNCTIONING PROPERLY,SNOW,DAYLIGHT,REAR END,NOT DIVIDED,,STRAIGHT AND LEVEL,SNOW OR SLUSH,NO DEFECTS,NOT ON SCENE (DESK REPORT),NO INJURY / DRIVE AWAY,,,,"$501 - $1,500",01/29/2022 02:10:00 PM,UNABLE TO DETERMINE,NOT APPLICABLE,1618,N,AUSTIN AVE,2513.0,,,,,,,2,NO INDICATION OF INJURY,0.0,0.0,0.0,0.0,0.0,2.0,0.0,13,7,1,41.9098068895,-87.7753918797,POINT (-87.77539187969 41.909806889487)
a8ef0ad8ec983271fcef86ceee9dc8b12798d7091e8a430a543ca2cbf6b26a66c738bff7b333ff03114315cc7b89bde6abf7169573464bca30e208ffa6a6a0c6,,07/03/2025 09:55:00 PM,30,NO CONTROLS,NO CONTROLS,CLEAR,"DARKNESS, LIGHTED ROAD",REAR END,NOT DIVIDED,,STRAIGHT AND LEVEL,DRY,NO DEFECTS,ON SCENE,NO INJURY / DRIVE AWAY,,,,"OVER $1,500",07/03/2025 10:01:00 PM,FOLLOWING TOO CLOSELY,UNABLE TO DETERMINE,2603,W,83RD ST,835.0,,Y,,,,,2,NO INDICATION OF INJURY,0.0,0.0,0.0,0.0,0.0,2.0,0.0,21,5,7,41.7426237486,-87.6878411783,POINT (-87.687841178263 41.742623748574)
4635a1ac81cfce5d27696fe8f2e5c1a18b93c05729987d9776197b9198e267effc92a9b271f0b6c0dfd55ee63673107bb4b9a2d30e6fb4579a1eb67f546895bd,,07/18/2020 11:45:00 AM,20,NO CONTROLS,NO CONTROLS,CLOUDY/OVERCAST,DAYLIGHT,REAR TO SIDE,PARKING LOT,,STRAIGHT AND LEVEL,DRY,NO DEFECTS,NOT ON SCENE (DESK REPORT),NO INJURY / DRIVE AWAY,,Y,,"OVER $1,500",07/18/2020 12:15:00 PM,UNABLE TO DETERMINE,IMPROPER LANE USAGE,4200,W,115TH ST,2211.0,,,,,,,2,NO INDICATION OF INJURY,0.0,0.0,0.0,0.0,0.0,2.0,0.0,11,7,7,41.6839918156,-87.7250172758,POINT (-87.725017275758 41.683991815644)
25d765468dfcd5f8a4f6af938c6ca731a0cb2ae62c656cb32e9f62da9c4f73ef0875f4403bd016ad8e8ef2181d8366da3440e18fd115e9b212aab63761fad82a,,07/29/2020 03:50:00 PM,30,NO CONTROLS,NO CONTROLS,CLEAR,DAYLIGHT,TURNING,NOT DIVIDED,,STRAIGHT AND LEVEL,DRY,NO DEFECTS,ON SCENE,NO INJURY / DRIVE AWAY,,,Y,"OVER $1,500",07/29/2020 03:54:00 PM,UNABLE TO DETERMINE,UNABLE TO DETERMINE,3246,W,CHICAGO AVE,1121.0,,,,,,,2,NO INDICATION OF INJURY,0.0,0.0,0.0,0.0,0.0,4.0,0.0,15,4,7,41.8956452681,-87.7084474027,POINT (-87.708447402656 41.895645268083)