CRASH_RECORD_ID,CRASH_DATE_EST_I,CRASH_DATE,POSTED_SPEED_LIMIT,TRAFFIC_CONTROL_DEVICE,DEVICE_CONDITION,WEATHER_CONDITION,LIGHTING_CONDITION,FIRST_CRASH_TYPE,TRAFFICWAY_TYPE,LANE_CNT,ALIGNMENT,ROADWAY_SURFACE_COND,ROAD_DEFECT,REPORT_TYPE,CRASH_TYPE,INTERSECTION_RELATED_I,NOT_RIGHT_OF_WAY_I,HIT_AND_RUN_I,DAMAGE,DATE_POLICE_NOTIFIED,PRIM_CONTRIBUTORY_CAUSE,SEC_CONTRIBUTORY_CAUSE,STREET_NO,STREET_DIRECTION,STREET_NAME,BEAT_OF_OCCURRENCE,PHOTOS_TAKEN_I,STATEMENTS_TAKEN_I,DOORING_I,WORK_ZONE_I,WORK_ZONE_TYPE,WORKERS_PRESENT_I,NUM_UNITS,MOST_SEVERE_INJURY,INJURIES_TOTAL,INJURIES_FATAL,INJURIES_INCAPACITATING,INJURIES_NON_INCAPACITATING,INJURIES_REPORTED_NOT_EVIDENT,INJURIES_NO_INDICATION,INJURIES_UNKNOWN,CRASH_HOUR,CRASH_DAY_OF_WEEK,CRASH_MONTH,LATITUDE,LONGITUDE,LOCATION
9fbe2b746cc430ec6d094902fe7da8751911e4aaa1030ba3eaa812ec41afad1dccfd23e0382af4b3942fadd13188a17db7386eb141f3c04c55e3b74e8e8905ac,,09/21/2017 05:30:00 PM,30,TRAFFIC SIGNAL,FUNCTIONING PROPERLY,CLEAR,DAYLIGHT,REAR END,DIVIDED - W/MEDIAN (NOT RAISED),4,STRAIGHT AND LEVEL,DRY,NO DEFECTS,NOT ON SCENE (DESK REPORT),NO INJURY / DRIVE AWAY,,,Y,"OVER $1,500",09/21/2017 06:00:00 PM,FAILING TO REDUCE SPEED TO AVOID CRASH,DRIVING SKILLS/KNOWLEDGE/EXPERIENCE,5500,S,ASHLAND AVE,715.0,,,,,,,2,NO INDICATION OF INJURY,0.0,0.0,0.0,0.0,0.0,2.0,0.0,17,5,9,41.7935901159,-87.6647209959,POINT (-87.664720995935 41.793590115883)
72d1d7bf45523412feafddfe5dd5b739505a2c22745ed9791e2b4797286d197373eb1748c9724b531137455e65e96e317e23ccd1376083486a4fc27f6c1aa0e1,,07/01/2019 01:15:00 PM,30,NO CONTROLS,NO CONTROLS,CLEAR,DAYLIGHT,SIDESWIPE SAME DIRECTION,NOT DIVIDED,,STRAIGHT AND LEVEL,DRY,NO DEFECTS,NOT ON SCENE (DESK REPORT),NO INJURY / DRIVE AWAY,,,,$500 OR LESS,07/01/2019 02:10:00 PM,UNABLE TO DETERMINE,UNABLE TO DETERMINE,1200,S,RACINE AVE,1233.0,,,,,,,2,NO INDICATION OF INJURY,0.0,0.0,0.0,0.0,0.0,2.0,0.0,13,2,7,41.8669514662,-87.6568267984,POINT (-87.656826798414 41.866951466174)
d18f3e33a8341163e30e9381ffefcb0625a914c4919f7a5ef6de82707d6d445627c9fcd1f8877a1f0fc6a2e3a562589c7bffac36f2a185ebfdb4570584d470a9,,04/13/2019 02:53:00 AM,30,TRAFFIC SIGNAL,FUNCTIONING PROPERLY,CLEAR,"DARKNESS, LIGHTED ROAD",ANGLE,NOT DIVIDED,4,STRAIGHT AND LEVEL,DRY,NO DEFECTS,ON SCENE,INJURY AND / OR TOW DUE TO CRASH,Y,,,"OVER $1,500",04/13/2019 03:02:00 AM,DISREGARDING TRAFFIC SIGNALS,FAILING TO REDUCE SPEED TO AVOID CRASH,51,N,SACRAMENTO BLVD,1222.0,,,,,,,3,NONINCAPACITATING INJURY,1.0,0.0,0.0,1.0,0.0,4.0,0.0,2,7,4,41.8825812318,-87.7011006534,POINT (-87.701100653405 41.882581231843)
e82876453b2f3f9cc7b398c9fd4e9b4fe6c08733600b3306edf7c16a5874fc2f7d64d6dc9f8870292fb0f0ef1c72a43905322d231b523bcb3226c07a9850c57d,,05/21/2019 02:35:00 PM,30,NO CONTROLS,NO CONTROLS,CLOUDY/OVERCAST,DAYLIGHT,ANGLE,ONE-WAY,,STRAIGHT AND LEVEL,DRY,NO DEFECTS,ON SCENE,NO INJURY / DRIVE AWAY,,,,$500 OR LESS,05/21/2019 03:22:00 PM,IMPROPER OVERTAKING/PASSING,NOT APPLICABLE,1321,W,JACKSON BLVD,1231.0,,,,,,,2,NO INDICATION OF INJURY,0.0,0.0,0.0,0.0,0.0,3.0,0.0,14,3,5,41.8776271168,-87.6603255983,POINT (-87.660325598341 41.877627116846)
52f5f49c5f386f1ef63d69864249034d070f774786de9b6a80e370bea4c6344c5267f0fd6f6a6fedc72a8834009dbd8740fc87b892a56bea0e1d2cd221f18cc5,,08/30/2018 05:10:00 PM,30,STOP SIGN/FLASHER,FUNCTIONING PROPERLY,CLEAR,DAYLIGHT,PARKED MOTOR VEHICLE,ONE-WAY,,STRAIGHT AND LEVEL,DRY,NO DEFECTS,NOT ON SCENE (DESK REPORT),NO INJURY / DRIVE AWAY,,,,$500 OR LESS,08/30/2018 07:25:00 PM,EQUIPMENT - VEHICLE CONDITION,EQUIPMENT - VEHICLE CONDITION,2701,S,KOLIN AVE,1031.0,,,,,,,2,NO INDICATION OF INJURY,0.0,0.0,0.0,0.0,0.0,2.0,0.0,17,5,8,41.8422077666,-87.732865128,POINT (-87.732865127964 41.8422077666)
8e22fb724654fcde8d4bc5d748835e71c705b16da22a1b3fe0d67713fb1ec15a68a0276badf9712bb4100ebea0e66204f7b606e26119f15ded7b11ae8070e6ca,,07/26/2018 04:00:00 PM,30,TRAFFIC SIGNAL,FUNCTIONING PROPERLY,CLEAR,DAYLIGHT,TURNING,DIVIDED - W/MEDIAN (NOT RAISED),,STRAIGHT AND LEVEL,DRY,NO DEFECTS,ON SCENE,INJURY AND / OR TOW DUE TO CRASH,Y,,,"OVER $1,500",07/26/2018 05:00:00 PM,UNABLE TO DETERMINE,UNABLE TO DETERMINE,5900,S,PULASKI RD,813.0,,,,,,,2,NO INDICATION OF INJURY,0.0,0.0,0.0,0.0,0.0,3.0,0.0,16,5,7,41.7858884944,-87.7231065914,POINT (-87.72310659145 41.785888494434)
4b18f7d2c7af463b0c1edb05a32c86713b34c006679cb2e4159271cb3e4537011cec152969756a4c90aa16ba85c659637a21561376558e23431d2271468787c2,,06/10/2025 02:00:00 PM,30,NO CONTROLS,NO CONTROLS,UNKNOWN,DAYLIGHT,REAR TO FRONT,DIVIDED - W/MEDIAN BARRIER,,STRAIGHT AND LEVEL,UNKNOWN,UNKNOWN,NOT ON SCENE (DESK REPORT),NO INJURY / DRIVE AWAY,,,,$500 OR LESS,06/10/2025 03:30:00 PM,UNABLE TO DETERMINE,UNABLE TO DETERMINE,123,E,CERMAK RD,132.0,,,,,,,2,NO INDICATION OF INJURY,0.0,0.0,0.0,0.0,0.0,2.0,0.0,14,3,6,41.8527741629,-87.6227588471,POINT (-87.622758847071 41.852774162945)
1046633bc8445b580620f0d6d22983b57f9538320cd5c846f30a53024f3e857d0f349b4b3ae5f2b5df643377b1c1fcdd879d41516e1849c542e654465cbf4c5e,,07/06/2018 03:42:00 PM,25,NO CONTROLS,NO CONTROLS,CLEAR,DAYLIGHT,ANGLE,DIVIDED - W/MEDIAN (NOT RAISED),2,STRAIGHT AND LEVEL,DRY,NO DEFECTS,NOT ON SCENE (DESK REPORT),NO INJURY / DRIVE AWAY,,,,"$501 - $1,500",07/06/2018 04:33:00 PM,UNABLE TO DETERMINE,UNABLE TO DETERMINE,5400,S,PULASKI RD,815.0,,,,,,,2,NO INDICATION OF INJURY,0.0,0.0,0.0,0.0,0.0,2.0,0.0,15,6,7,41.7949574448,-87.723356565,POINT (-87.723356564996 41.794957444828)
0a35b45645ad582079b3bf2bb66b1484082236fff970664674b02bdee268edb8fd25c0eb23b170ca57a2d975e0fbde0e12e34c3ea50d516902c67a593407cf1d,,06/06/2021 09:35:00 AM,30,TRAFFIC SIGNAL,FUNCTIONING PROPERLY,RAIN,DAYLIGHT,TURNING,T-INTERSECTION,,STRAIGHT AND LEVEL,WET,NO DEFECTS,ON SCENE,NO INJURY / DRIVE AWAY,Y,,,"OVER $1,500",06/07/2021 09:44:00 AM,FAILING TO YIELD RIGHT-OF-WAY,NOT APPLICABLE,4141,S,CICERO AVE,815.0,,,,,,,2,NO INDICATION OF INJURY,0.0,0.0,0.0,0.0,0.0,2.0,0.0,9,1,6,41.8171441385,-87.7432639287,POINT (-87.743263928675 41.817144138468)
e8b4dc34dd803da32f1c19ab4f5f2e5dbe762e105c1e5ccaba16ba50551cfce8fc302fc57b3bd5b35e0103c615e89b1089bd0f6681f3445868d8fe457303c3d2,,10/18/2022 12:50:00 AM,35,TRAFFIC SIGNAL,FUNCTIONING PROPERLY,CLEAR,"DARKNESS, LIGHTED ROAD",FIXED OBJECT,DIVIDED - W/MEDIAN (NOT RAISED),,STRAIGHT AND LEVEL,DRY,NO DEFECTS,ON SCENE,INJURY AND / OR TOW DUE TO CRASH,Y,,Y,"OVER $1,500",10/18/2022 12:55:00 AM,UNABLE TO DETERMINE,UNABLE TO DETERMINE,12830,S,TORRENCE AVE,433.0,,,,,,,1,NO INDICATION OF INJURY,0.0,0.0,0.0,0.0,0.0,1.0,0.0,0,3,10,41.6619154864,-87.5590129896,POINT (-87.559012989649 41.661915486391)
abb3c71c998af00afc03c177cff7febc1af03d312e24b166c65a17459ef4ed6d0e4ba552dd802bc58c691368ae7dedcc5489a36f90b611b2e336e6eb5ac94f34,,11/10/2022 06:00:00 PM,30,NO CONTROLS,NO CONTROLS,CLEAR,DARKNESS,PARKED MOTOR VEHICLE,ONE-WAY,,STRAIGHT AND LEVEL,DRY,NO DEFECTS,ON SCENE,NO INJURY / DRIVE AWAY,,,Y,"OVER $1,500",11/10/2022 06:53:00 PM,DRIVING SKILLS/KNOWLEDGE/EXPERIENCE,NOT APPLICABLE,7022,S,PERRY AVE,731.0,,,,,,,2,NO INDICATION OF INJURY,0.0,0.0,0.0,0.0,0.0,1.0,0.0,18,5,11,41.7665643782,-87.6283397103,POINT (-87.628339710263 41.766564378184)
890bc5f564a5dd176cdb866fb0d87a1f1845fed6c9bd82d1a064bdb373dd4834715c54f95d84e272e530ccd17b1df74d9819836d17ca445d8c2c9584b9b58e4d,,09/03/2019 06:15:00 PM,30,TRAFFIC SIGNAL,FUNCTIONING PROPERLY,UNKNOWN,DAYLIGHT,REAR END,UNKNOWN INTERSECTION TYPE,,STRAIGHT AND LEVEL,UNKNOWN,UNKNOWN,NOT ON SCENE (DESK REPORT),NO INJURY / DRIVE AWAY,Y,,,$500 OR LESS,09/03/2019 09:13:00 PM,FOLLOWING TOO CLOSELY,NOT APPLICABLE,2800,N,WESTERN AVE,1411.0,,,,,,,2,NO INDICATION OF INJURY,0.0,0.0,0.0,0.0,0.0,2.0,0.0,18,3,9,41.9322169879,-87.6880332809,POINT (-87.688033280895 41.932216987947)
66d8ecdaadad0a620b4875158a496ba514ccfb0fd73103abb1474e8e8f04bf928280a529b3907ea75c2023c61fbd7545e83d9a20962db8cc9c6c9a405804d900,,02/14/2018 07:15:00 AM,30,NO CONTROLS,NO CONTROLS,UNKNOWN,DAYLIGHT,OTHER OBJECT,NOT DIVIDED,,STRAIGHT AND LEVEL,UNKNOWN,"RUT, HOLES",NOT ON SCENE (DESK REPORT),NO INJURY / DRIVE AWAY,,,,$500 OR LESS,02/25/2018 03:00:00 PM,NOT APPLICABLE,NOT APPLICABLE,2600,W,IRVING PARK RD,1911.0,,,,,,,1,NO INDICATION OF INJURY,0.0,0.0,0.0,0.0,0.0,1.0,0.0,7,4,2,41.954105717,-87.693290369,POINT (-87.693290369008 41.954105716988)
5e654c0506b37eab348f81f17bd2a54cd6295743306a264a6d8e7d34a1d1419c183892cd17d76aa94422befe7449ba98434136248b48cc0346b45c1cd226eb80,,02/10/2021 06:00:00 AM,30,TRAFFIC SIGNAL,FUNCTIONING PROPERLY,CLEAR,DARKNESS,REAR END,NOT DIVIDED,,STRAIGHT AND LEVEL,DRY,NO DEFECTS,NOT ON SCENE (DESK REPORT),NO INJURY / DRIVE AWAY,,,,"$501 - $1,500",02/10/2021 07:40:00 PM,UNABLE TO DETERMINE,UNABLE TO DETERMINE,1141,N,ASHLAND AVE,1213.0,,,,,,,2,NO INDICATION OF INJURY,0.0,0.0,0.0,0.0,0.0,2.0,0.0,6,4,2,41.9027970935,-87.6673306948,POINT (-87.667330694792 41.902797093511)
6514a2d32605334b111b400f87aa395e28c4cb34303e250cb8543bbf482bbda27fa26f0e09a8a6fd2292dbffa4ddddc7bf822f0d049aecb304b7865ad9bdbfe2,,10/30/2025 08:30:00 PM,30,NO CONTROLS,NO CONTROLS,CLEAR,DARKNESS,PARKED MOTOR VEHICLE,PARKING LOT,,STRAIGHT AND LEVEL,DRY,NO DEFECTS,NOT ON SCENE (DESK REPORT),NO INJURY / DRIVE AWAY,,,,"$501 - $1,500",10/30/2025 08:45:00 PM,UNABLE TO DETERMINE,UNABLE TO DETERMINE,3843,N,CALIFORNIA AVE,1733.0,,,,,,,2,NO INDICATION OF INJURY,0.0,0.0,0.0,0.0,0.0,1.0,0.0,20,5,10,41.9516104486,-87.6980262401,POINT (-87.698026240087 41.95161044859)
5e1218e104ef40a2dc75edc6bb09e6ad84abef05ce88215d2192f4533b6f65bbcc3dc2875179740a9df60058d25a40df4fd7b5f19303f69a10ad8a860cea735e,,04/09/2019 04:05:00 PM,30,NO CONTROLS,NO CONTROLS,CLEAR,DAYLIGHT,REAR END,NOT DIVIDED,2,STRAIGHT AND LEVEL,DRY,NO DEFECTS,NOT ON SCENE (DESK REPORT),NO INJURY / DRIVE AWAY,,,,"OVER $1,500",04/09/2019 04:37:00 PM,DISTRACTION - FROM INSIDE VEHICLE,DISTRACTION - FROM INSIDE VEHICLE,11300,S,STATE ST,522.0,,,,,,,2,NO INDICATION OF INJURY,0.0,0.0,0.0,0.0,0.0,2.0,0.0,16,3,4,41.6889070792,-87.6231416068,POINT (-87.623141606801 41.688907079153)
cff0e806c7d8180d4d462e680d51f4927aa48e0f2cc915763d6e2bd83768aa7681e89bebf90dc9298e00993602050bc5e558837d19d78c2070536ef9ea0abeaa,,05/19/2017 03:20:00 PM,20,NO CONTROLS,NO CONTROLS,CLEAR,DAYLIGHT,HEAD ON,ONE-WAY,1,STRAIGHT AND LEVEL,WET,NO DEFECTS,NOT ON SCENE (DESK REPORT),NO INJURY / DRIVE AWAY,,,Y,"OVER $1,500",05/20/2017 12:21:00 PM,UNABLE TO DETERMINE,NOT APPLICABLE,4651,N,LEAVITT ST,1911.0,,,,,,,2,NO INDICATION OF INJURY,0.0,0.0,0.0,0.0,0.0,4.0,0.0,15,6,5,41.9666164903,-87.6838358891,POINT (-87.683835889121 41.966616490314)
6e3f531ac569f5f95291d64d8c15973d25ef763b776646180cfbb11775d4eef21458de116ff44449d011e54f9bbc624182806a5c7c89c8d9c70f465e9beb548b,Y,08/19/2021 01:00:00 AM,30,NO CONTROLS,NO CONTROLS,CLEAR,DAYLIGHT,PARKED MOTOR VEHICLE,NOT DIVIDED,,STRAIGHT AND LEVEL,DRY,NO DEFECTS,NOT ON SCENE (DESK REPORT),NO INJURY / DRIVE AWAY,,,Y,"OVER $1,500",08/19/2021 02:35:00 PM,"OPERATING VEHICLE IN ERRATIC, RECKLESS, CARELESS, NEGLIGENT OR AGGRESSIVE MANNER",NOT APPLICABLE,7812,S,SOUTH SHORE DR,421.0,,,,,,,2,NO INDICATION OF INJURY,0.0,0.0,0.0,0.0,0.0,1.0,0.0,1,5,8,41.7546049825,-87.5510457573,POINT (-87.551045757282 41.754604982523)
69c9da975ea3ac1d75d8e79f1313c3fe35b028639fc6b3c0501bfaa67d053f646d07f2b30dfbb22c2113366fa71ac53180c9f9d5437a0a15d6fef600483f6ab7,Y,12/28/2021 05:15:00 AM,30,NO CONTROLS,NO CONTROLS,CLEAR,"DARKNESS, LIGHTED ROAD",PARKED MOTOR VEHICLE,DIVIDED - W/MEDIAN (NOT RAISED),,STRAIGHT AND LEVEL,DRY,NO DEFECTS,NOT ON SCENE (DESK REPORT),NO INJURY / DRIVE AWAY,,,Y,"OVER $1,500",12/28/2021 05:30:00 AM,UNABLE TO DETERMINE,NOT APPLICABLE,6236,S,LOOMIS BLVD,713.0,,,,,,,2,NO INDICATION OF INJURY,0.0,0.0,0.0,0.0,0.0,1.0,0.0,5,3,12,41.7801862427,-87.6595239761,POINT (-87.659523976059 41.780186242746)
9097d3cb33ad98d3c300a70e5025b5e712e096fadf9bffef6387542c32d9df7432f19cca54658a65c6e01b969eac9f3ed0a0858e38a118fdfed16554ab374cb3,,04/11/2023 04:15:00 PM,30,TRAFFIC SIGNAL,FUNCTIONING PROPERLY,CLEAR,DAYLIGHT,SIDESWIPE SAME DIRECTION,FOUR WAY,,STRAIGHT AND LEVEL,DRY,NO DEFECTS,NOT ON SCENE (DESK REPORT),NO INJURY / DRIVE AWAY,,,,"OVER $1,500",04/11/2023 07:00:00 PM,IMPROPER LANE USAGE,NOT APPLICABLE,1600,N,CLYBOURN AVE,1813.0,,,,,,,2,NO INDICATION OF INJURY,0.0,0.0,0.0,0.0,0.0,2.0,0.0,16,3,4,41.9108656861,-87.649664933,POINT (-87.649664933008 41.910865686084)
2bfce8233296395ae868e7e1788e09629e37718bd8fd733c0e4e1ebb75ab76a910ff66092a3daacf358ea93c0cb952212622ae535e2ebcc241df4f9a6fee234f,N,06/22/2021 12:25:00 PM,35,NO CONTROLS,NO CONTROLS,CLEAR,DAYLIGHT,REAR END,DIVIDED - W/MEDIAN (NOT RAISED),,STRAIGHT AND LEVEL,DRY,NO DEFECTS,ON SCENE,NO INJURY / DRIVE AWAY,,,,"OVER $1,500",06/22/2021 12:33:00 PM,FAILING TO REDUCE SPEED TO AVOID CRASH,NOT APPLICABLE,6752,S,ASHLAND AVE,725.0,,,,,,,2,NO INDICATION OF INJURY,0.0,0.0,0.0,0.0,0.0,2.0,0.0,12,3,6,41.7706301513,-87.66412216,POINT (-87.664122159987 41.770630151294)
74b34980da165084403ac6101bb50ef846e72719a95fbe3cb52c37bab1ef4cdb01fbb60f6f7f349c4a7cea03e0ce798a4144b325fff7be57d052a6923d2b83b6,,01/10/2020 07:25:00 PM,30,TRAFFIC SIGNAL,FUNCTIONING PROPERLY,RAIN,"DARKNESS, LIGHTED ROAD",SIDESWIPE SAME DIRECTION,UNKNOWN,,STRAIGHT AND LEVEL,WET,NO DEFECTS,NOT ON SCENE (DESK REPORT),NO INJURY / DRIVE AWAY,Y,,N,"OVER $1,500",01/10/2020 08:00:00 PM,IMPROPER OVERTAKING/PASSING,NOT APPLICABLE,181,W,MADISON ST,122.0,,,,,,,2,NO INDICATION OF INJURY,0.0,0.0,0.0,0.0,0.0,2.0,0.0,19,6,1,41.88184063,-87.6332550894,POINT (-87.633255089413 41.881840630037)
3f32ff97f3be381e93c1f6020da3d645c5903e5b5fec3b5a0d5d0e404e1925fac26e62dc6cc8b26e8e732a7d47088bb5e544c21cc9034cfc0ea1435a4a60ea33,,01/19/2017 03:10:00 PM,30,NO CONTROLS,FUNCTIONING PROPERLY,CLEAR,DAYLIGHT,PARKED MOTOR VEHICLE,PARKING LOT,,STRAIGHT AND LEVEL,DRY,NO DEFECTS,NOT ON SCENE (DESK REPORT),NO INJURY / DRIVE AWAY,,,,"OVER $1,500",01/19/2017 04:01:00 PM,UNABLE TO DETERMINE,UNABLE TO DETERMINE,1224,S,WABASH AVE,131.0,,,,,,,2,NO INDICATION OF INJURY,0.0,0.0,0.0,0.0,0.0,1.0,0.0,15,5,1,41.8667243541,-87.6259611484,POINT (-87.625961148378 41.866724354056)
3d54cc9591f5dc65eefe799f3798844f7e46cb72bf10fb153324b8db7a75e65158fa4550dfd1529889ec786dbf90d6683d33900d50952b79c9d77fb8b4914d66,Y,04/05/2021 05:00:00 PM,20,NO CONTROLS,NO CONTROLS,UNKNOWN,UNKNOWN,PARKED MOTOR VEHICLE,NOT DIVIDED,,STRAIGHT AND LEVEL,UNKNOWN,UNKNOWN,NOT ON SCENE (DESK REPORT),NO INJURY / DRIVE AWAY,,,Y,"$501 - $1,500",04/08/2021 02:00:00 PM,UNABLE TO DETERMINE,UNABLE TO DETERMINE,1639,W,83RD ST,614.0,,,,,,,2,NO INDICATION OF INJURY,0.0,0.0,0.0,0.0,0.0,1.0,0.0,17,2,4,41.7429413891,-87.6647766968,POINT (-87.664776696752 41.742941389051)
026e9bd592604392e5547085eb2fbfa0f6572a0198b5daaac43b4143d5583e2a574778f29479e8ed92d1c5b69043ac60b393ee8a7d4d6fc68f4a5930f259f847,,12/31/2019 07:07:00 PM,30,TRAFFIC SIGNAL,FUNCTIONING PROPERLY,CLEAR,"DARKNESS, LIGHTED ROAD",TURNING,NOT DIVIDED,,STRAIGHT AND LEVEL,DRY,NO DEFECTS,ON SCENE,NO INJURY / DRIVE AWAY,Y,,,"OVER $1,500",12/31/2019 07:15:00 PM,FAILING TO YIELD RIGHT-OF-WAY,NOT APPLICABLE,5250,N,NAGLE AVE,1613.0,,,,,,,2,NO INDICATION OF INJURY,0.0,0.0,0.0,0.0,0.0,2.0,0.0,19,3,12,41.9770391286,-87.7879950688,POINT (-87.787995068767 41.97703912859)
00740d8e95c27702dc0c3c1a080b2f1b3941151d5f686755978ba3d1e878dab637daff7fbd426d12423d9344054c89491ed2fd7cd12dfa807587c857871add2f,,03/19/2022 03:05:00 AM,30,NO CONTROLS,NO CONTROLS,CLEAR,"DARKNESS, LIGHTED ROAD",PARKED MOTOR VEHICLE,NOT DIVIDED,,STRAIGHT AND LEVEL,DRY,NO DEFECTS,ON SCENE,INJURY AND / OR TOW DUE TO CRASH,,,,"$501 - $1,500",03/19/2022 03:05:00 AM,UNDER THE INFLUENCE OF ALCOHOL/DRUGS (USE WHEN ARREST IS EFFECTED),"OPERATING VEHICLE IN ERRATIC, RECKLESS, CARELESS, NEGLIGENT OR AGGRESSIVE MANNER",4414,N,CLARK ST,1912.0,,Y,,,,,3,NO INDICATION OF INJURY,0.0,0.0,0.0,0.0,0.0,2.0,0.0,3,7,3,41.9621032501,-87.6662074522,POINT (-87.666207452167 41.962103250056)
626d70742abb35ea5681bda03ea2fd94c559abc16b3b7dc933729cb1dec0fbe7d68bc3de19dea9eb2e72576da596c5dc306d605b86b98782c93ecd1a6c09cc89,,11/29/2018 05:15:00 PM,30,NO CONTROLS,NO CONTROLS,CLEAR,"DARKNESS, LIGHTED ROAD",REAR END,NOT DIVIDED,,STRAIGHT AND LEVEL,DRY,NO DEFECTS,NOT ON SCENE (DESK REPORT),NO INJURY / DRIVE AWAY,Y,,Y,"$501 - $1,500",11/29/2018 06:15:00 PM,FOLLOWING TOO CLOSELY,NOT APPLICABLE,55,E,OHIO ST,1834.0,,,,,,,2,NO INDICATION OF INJURY,0.0,0.0,0.0,0.0,0.0,2.0,0.0,17,5,11,41.8924027532,-87.625893257,POINT (-87.625893256998 41.892402753208)
20bca4ea8dcf680d50ff273636e6fcb005a13bf6604c6028dcc13db41ba3e6769c4aec7ce6abc856bc465c3be08ca02e01538ab93c3f7a3748184be9c1b21f6a,,04/26/2018 12:55:00 PM,30,TRAFFIC SIGNAL,FUNCTIONING PROPERLY,CLEAR,DAYLIGHT,SIDESWIPE SAME DIRECTION,DIVIDED - W/MEDIAN BARRIER,,STRAIGHT AND LEVEL,DRY,UNKNOWN,NOT ON SCENE (DESK REPORT),NO INJURY / DRIVE AWAY,,,,"OVER $1,500",04/26/2018 01:20:00 PM,UNABLE TO DETERMINE,UNABLE TO DETERMINE,150,W,LOWER WACKER DR,122.0,,,,,,,2,NO INDICATION OF INJURY,0.0,0.0,0.0,0.0,0.0,2.0,0.0,12,5,4,41.8870666576,-87.632588391,POINT (-87.63258839103 41.887066657595)
a180402eee7c9c5f01af1eec9161785b3a907bb0733232ef68742d5173c5b34838b4c87e673af9b883b329dee1ec9fcbde3c9b6140d7da8acffc2ac398c9629a,,09/22/2021 02:45:00 PM,15,NO CONTROLS,NO CONTROLS,CLOUDY/OVERCAST,DAYLIGHT,PARKED MOTOR VEHICLE,PARKING LOT,,STRAIGHT AND LEVEL,DRY,NO DEFECTS,ON SCENE,NO INJURY / DRIVE AWAY,,,,"OVER $1,500",09/22/2021 02:49:00 PM,DISTRACTION - FROM OUTSIDE VEHICLE,DISTRACTION - FROM OUTSIDE VEHICLE,8411,S,HOLLAND RD,622.0,,,,,,,2,NO INDICATION OF INJURY,0.0,0.0,0.0,0.0,0.0,1.0,0.0,14,4,9,41.7410569377,-87.6318260004,POINT (-87.631826000406 41.741056937729)
3ba4731a2784e44fbaba9d8d9cb873b37b742aaa8c040604cc86fade8ec7586d405ca01eb70627d19c301b33e2993514fe33aab156ae2f1e68465fa56163e23a,,09/03/2025 10:15:00 AM,30,NO CONTROLS,NO CONTROLS,CLEAR,DAYLIGHT,PARKED MOTOR VEHICLE,NOT DIVIDED,,STRAIGHT AND LEVEL,DRY,NO DEFECTS,NOT ON SCENE (DESK REPORT),NO INJURY / DRIVE AWAY,,,,"OVER $1,500",09/03/2025 10:30:00 AM,IMPROPER BACKING,NOT APPLICABLE,5301,N,MILWAUKEE AVE,1622.0,,,,,,,2,NO INDICATION OF INJURY,0.0,0.0,0.0,0.0,0.0,2.0,0.0,10,4,9,41.9767014663,-87.7684264173,POINT (-87.768426417312 41.976701466264)
0fc34a6e27da92f2bdc02be5f0543ecbaff74059baabe49a13b523b6008b36886fb058f59740fb4bb7cc5b30f509d60bcfb0e95484ddcb3d19b6d799b2a34bc4,,07/22/2017 07:10:00 PM,30,TRAFFIC SIGNAL,FUNCTIONING PROPERLY,CLEAR,DAYLIGHT,REAR END,NOT DIVIDED,4,STRAIGHT AND LEVEL,DRY,SHOULDER DEFECT,NOT ON SCENE (DESK REPORT),NO INJURY / DRIVE AWAY,,,,"OVER $1,500",07/22/2017 08:20:00 PM,IMPROPER TURNING/NO SIGNAL,FOLLOWING TOO CLOSELY,5500,S,CENTRAL AVE,811.0,,,,,,,2,NO INDICATION OF INJURY,0.0,0.0,0.0,0.0,0.0,4.0,0.0,19,7,7,41.7926423369,-87.7624466007,POINT (-87.762446600716 41.792642336891)
5f614a8463fc98a6326914ffb666a63c702ce0e33ebbff44de92f5423f24153f93dfe7d4995a67adbd0602f884f814eb63a65e185623cccb760f03fc90d4480d,,11/24/2018 08:20:00 AM,30,UNKNOWN,UNKNOWN,CLEAR,DAYLIGHT,REAR END,UNKNOWN,,STRAIGHT AND LEVEL,UNKNOWN,UNKNOWN,NOT ON SCENE (DESK REPORT),INJURY AND / OR TOW DUE TO CRASH,,,,"OVER $1,500",11/24/2018 09:30:00 AM,UNABLE TO DETERMINE,UNABLE TO DETERMINE,5600,S,CICERO AVE,813.0,,,,,,,3,NO INDICATION OF INJURY,0.0,0.0,0.0,0.0,0.0,4.0,0.0,8,7,11,41.7912837056,-87.7416968678,POINT (-87.741696867821 41.791283705634)
f4909e1477d4d5a04bc634ddd240bce5a4934dc8990fcb92ecacd5f28c8a71990c780cabf240a95793797be92065a92449353779a7f5e39e90e5b521e4122f3b,,11/08/2025 02:32:00 AM,40,NO CONTROLS,NO CONTROLS,SNOW,"DARKNESS, LIGHTED ROAD",SIDESWIPE SAME DIRECTION,DIVIDED - W/MEDIAN BARRIER,,STRAIGHT AND LEVEL,SNOW OR SLUSH,NO DEFECTS,,INJURY AND / OR TOW DUE TO CRASH,,,Y,"OVER $1,500",11/08/2025 02:32:00 AM,UNABLE TO DETERMINE,UNABLE TO DETERMINE,301,N,LAKE SHORE DR NB,114.0,,,,,,,2,NO INDICATION OF INJURY,0.0,0.0,0.0,0.0,0.0,2.0,0.0,2,7,11,41.8870732959,-87.6136951133,POINT (-87.61369511332 41.887073295859)