CRASH_RECORD_ID,CRASH_DATE_EST_I,CRASH_DATE,POSTED_SPEED_LIMIT,TRAFFIC_CONTROL_DEVICE,DEVICE_CONDITION,WEATHER_CONDITION,LIGHTING_CONDITION,FIRST_CRASH_TYPE,TRAFFICWAY_TYPE,LANE_CNT,ALIGNMENT,ROADWAY_SURFACE_COND,ROAD_DEFECT,REPORT_TYPE,CRASH_TYPE,INTERSECTION_RELATED_I,NOT_RIGHT_OF_WAY_I,HIT_AND_RUN_I,DAMAGE,DATE_POLICE_NOTIFIED,PRIM_CONTRIBUTORY_CAUSE,SEC_CONTRIBUTORY_CAUSE,STREET_NO,STREET_DIRECTION,STREET_NAME,BEAT_OF_OCCURRENCE,PHOTOS_TAKEN_I,STATEMENTS_TAKEN_I,DOORING_I,WORK_ZONE_I,WORK_ZONE_TYPE,WORKERS_PRESENT_I,NUM_UNITS,MOST_SEVERE_INJURY,INJURIES_TOTAL,INJURIES_FATAL,INJURIES_INCAPACITATING,INJURIES_NON_INCAPACITATING,INJURIES_REPORTED_NOT_EVIDENT,INJURIES_NO_INDICATION,INJURIES_UNKNOWN,CRASH_HOUR,CRASH_DAY_OF_WEEK,CRASH_MONTH,LATITUDE,LONGITUDE,LOCATION
ad4aaea3199dbbee32d9375524f8575cab0f5dbaad9c5559f710f0c95ea392dda407920b5f3f1c9b6da1b9d0049b318fefdb127c4f190c455bf236760f2ed6c3,,08/11/2025 04:08:00 PM,30,STOP SIGN/FLASHER,FUNCTIONING PROPERLY,CLEAR,DAYLIGHT,ANGLE,FOUR WAY,,STRAIGHT AND LEVEL,DRY,NO DEFECTS,ON SCENE,INJURY AND / OR TOW DUE TO CRASH,Y,,,"OVER $1,500",08/11/2025 04:28:00 PM,FAILING TO YIELD RIGHT-OF-WAY,NOT APPLICABLE,2159,S,PAULINA ST,1234.0,,,,,,,2,NO INDICATION OF INJURY,0.0,0.0,0.0,0.0,0.0,2.0,0.0,16,2,8,41.8523328672,-87.668352368,POINT (-87.668352367991 41.852332867249)
50d33b46c56affbbed878736e4e16f7ddcc08279d44c77640d5d32bc7456c64df8f90fa28b8e93a5b46e3ba2af74034164be96aac4ee7daca8a543fa617fb33d,,02/14/2023 05:10:00 PM,30,TRAFFIC SIGNAL,FUNCTIONING PROPERLY,RAIN,"DARKNESS, LIGHTED ROAD",PEDALCYCLIST,NOT DIVIDED,,STRAIGHT AND LEVEL,WET,NO DEFECTS,ON SCENE,NO INJURY / DRIVE AWAY,,,,$500 OR LESS,02/14/2023 05:11:00 PM,UNABLE TO DETERMINE,UNABLE TO DETERMINE,1558,W,BLACKHAWK ST,1433.0,,,,,,,2,NO INDICATION OF INJURY,0.0,0.0,0.0,0.0,0.0,3.0,0.0,17,3,2,41.9071066531,-87.6675024254,POINT (-87.667502425393 41.90710665305)
efa6ff57e516eaa547c5933eeaf801136514253abf8128937dae3e88d457a092caf6c19aad50ed3632b94e628b36fa684f3a84c8c5be3fad6bd778b216e314be,,05/01/2025 02:00:00 AM,20,NO CONTROLS,NO CONTROLS,CLEAR,DAYLIGHT,PARKED MOTOR VEHICLE,NOT DIVIDED,,STRAIGHT AND LEVEL,DRY,UNKNOWN,NOT ON SCENE (DESK REPORT),NO INJURY / DRIVE AWAY,,,,"OVER $1,500",05/10/2025 08:50:00 AM,DRIVING SKILLS/KNOWLEDGE/EXPERIENCE,UNABLE TO DETERMINE,6810,S,HERMITAGE AVE,725.0,,,,,,,2,NO INDICATION OF INJURY,0.0,0.0,0.0,0.0,0.0,1.0,0.0,2,5,5,41.7699521449,-87.6677451236,POINT (-87.667745123574 41.769952144857)
d93fa9ac4e4858f2fb17e27eed5b7fdf5d43a6ddb96dba5fcd64baa9f231ae0ed86c82305243c54fcf2f48e4f243bcd10511260284813388128f5d235e8eb1fa,,09/30/2023 11:06:00 PM,30,TRAFFIC SIGNAL,FUNCTIONING PROPERLY,CLEAR,"DARKNESS, LIGHTED ROAD",REAR END,DIVIDED - W/MEDIAN (NOT RAISED),,STRAIGHT AND LEVEL,UNKNOWN,UNKNOWN,ON SCENE,INJURY AND / OR TOW DUE TO CRASH,,,,"OVER $1,500",10/01/2023 01:08:00 AM,DISTRACTION - FROM OUTSIDE VEHICLE,NOT APPLICABLE,4140,W,GRAND AVE,2534.0,,,,,,,2,NO INDICATION OF INJURY,0.0,0.0,0.0,0.0,0.0,4.0,0.0,23,7,9,41.9078326813,-87.7302773875,POINT (-87.730277387469 41.907832681306)
e9ffd963a8aa2ef8e1bef944ddc0e8f62eae631219a5371f77ec29ee1cbab7b824bafc5bb9895e9471c0ca3179ec575be4d164a40cdf932df9c1f0b47f1f1343,,01/02/2023 09:55:00 AM,30,NO CONTROLS,NO CONTROLS,CLEAR,DAYLIGHT,PARKED MOTOR VEHICLE,NOT DIVIDED,,STRAIGHT AND LEVEL,UNKNOWN,UNKNOWN,ON SCENE,INJURY AND / OR TOW DUE TO CRASH,,,Y,"OVER $1,500",01/02/2023 09:55:00 AM,UNABLE TO DETERMINE,UNABLE TO DETERMINE,1200,W,87TH ST,613.0,,,,,,,2,NONINCAPACITATING INJURY,1.0,0.0,0.0,1.0,0.0,1.0,0.0,9,2,1,41.7360440895,-87.6534042418,POINT (-87.653404241798 41.736044089544)
931cf42f33abc6b4216f009736e15d07eff9ebe04848f7822bbb6e8b02750bf724c72c8c7d6a0be7977a05a11b6ffea192d0f2975d56834ca0984fb4c394067c,,09/25/2025 03:45:00 PM,30,TRAFFIC SIGNAL,FUNCTIONING PROPERLY,CLEAR,DAYLIGHT,REAR END,NOT DIVIDED,,STRAIGHT AND LEVEL,DRY,NO DEFECTS,NOT ON SCENE (DESK REPORT),NO INJURY / DRIVE AWAY,Y,,,$500 OR LESS,09/25/2025 04:40:00 PM,FOLLOWING TOO CLOSELY,FAILING TO REDUCE SPEED TO AVOID CRASH,3100,S,ARCHER AVE,912.0,,,,,,,2,NO INDICATION OF INJURY,0.0,0.0,0.0,0.0,0.0,2.0,0.0,15,5,9,41.837732675,-87.66589445,POINT (-87.665894449999 41.837732674972)
0823875404de66cceeb601f662721d4d5be08ba1b585608cfe5afb01863b9fcc767e7c470adf2dfe00cfe8420193eb2de28994b64cfd92ea3e95d42ddc43a1c8,,05/02/2022 07:00:00 AM,30,NO CONTROLS,NO CONTROLS,CLEAR,DAYLIGHT,SIDESWIPE OPPOSITE DIRECTION,NOT DIVIDED,,STRAIGHT AND LEVEL,DRY,NO DEFECTS,NOT ON SCENE (DESK REPORT),NO INJURY / DRIVE AWAY,,,,"OVER $1,500",05/02/2022 07:30:00 AM,UNABLE TO DETERMINE,UNABLE TO DETERMINE,3600,W,58TH ST,822.0,,,,,,,2,NO INDICATION OF INJURY,0.0,0.0,0.0,0.0,0.0,2.0,0.0,7,2,5,41.7880163995,-87.7135375224,POINT (-87.713537522387 41.788016399452)
525af3c0bd22310999f20d4e722a1a2b6a76d6e06732c8b7456432c9dc67b929026075437d27b8f8b17225d13312330209c43309d6a1170944ec3be9e82d6734,,12/14/2021 06:20:00 PM,30,NO CONTROLS,NO CONTROLS,CLEAR,"DARKNESS, LIGHTED ROAD",ANGLE,NOT DIVIDED,,STRAIGHT AND LEVEL,DRY,NO DEFECTS,NOT ON SCENE (DESK REPORT),NO INJURY / DRIVE AWAY,,,,"$501 - $1,500",12/14/2021 07:05:00 PM,FAILING TO YIELD RIGHT-OF-WAY,FAILING TO REDUCE SPEED TO AVOID CRASH,3000,N,HARLEM AVE,2511.0,,,,,,,2,NO INDICATION OF INJURY,0.0,0.0,0.0,0.0,0.0,2.0,0.0,18,3,12,41.9344403062,-87.8067679273,POINT (-87.806767927341 41.934440306242)
121b78e09d2a3183d279f060c80e4afaf6e6d531dc139675e8262bb77a8c05f4e5aede5be813a9ef3fb2200cc20a36cdc4668ef00001d29516f4510a4548c339,,07/13/2022 02:56:00 PM,30,NO CONTROLS,NO CONTROLS,CLEAR,DAYLIGHT,REAR END,NOT DIVIDED,,STRAIGHT AND LEVEL,DRY,NO DEFECTS,ON SCENE,NO INJURY / DRIVE AWAY,,,Y,"OVER $1,500",07/13/2022 03:30:00 PM,UNABLE TO DETERMINE,FAILING TO REDUCE SPEED TO AVOID CRASH,1128,E,83RD ST,411.0,,,,,,,2,NO INDICATION OF INJURY,0.0,0.0,0.0,0.0,0.0,2.0,0.0,14,4,7,41.7441797819,-87.5965877434,POINT (-87.596587743363 41.744179781858)
6c3b745a99a09eb35aff03537ab9516977d31a41045985f3b76142c7b86b907a4fe6b76b740fe240b0dda17bf73f83e5f147c24fe60a0446d3d22972c274e2e4,,01/18/2025 08:28:00 AM,30,TRAFFIC SIGNAL,FUNCTIONING PROPERLY,CLEAR,DAYLIGHT,REAR END,DIVIDED - W/MEDIAN BARRIER,,STRAIGHT AND LEVEL,DRY,NO DEFECTS,ON SCENE,INJURY AND / OR TOW DUE TO CRASH,,,,"OVER $1,500",01/18/2025 08:40:00 AM,FOLLOWING TOO CLOSELY,UNABLE TO DETERMINE,1989,S,CANALPORT AVE,1235.0,,,,,,,2,NONINCAPACITATING INJURY,1.0,0.0,0.0,1.0,0.0,1.0,0.0,8,7,1,41.8556562523,-87.6442360638,POINT (-87.644236063819 41.855656252262)
1d639902672a60b005236cff5f63da11715b651cb8f996fe52e44956f29e653bd641f1645570470bae52f391f80609f7bd432290b76d36b60c44462eb8f5e8e3,,02/10/2025 09:00:00 AM,30,UNKNOWN,UNKNOWN,UNKNOWN,UNKNOWN,PARKED MOTOR VEHICLE,ONE-WAY,,STRAIGHT AND LEVEL,UNKNOWN,UNKNOWN,NOT ON SCENE (DESK REPORT),NO INJURY / DRIVE AWAY,,,Y,"$501 - $1,500",02/10/2025 12:10:00 PM,UNABLE TO DETERMINE,NOT APPLICABLE,7310,S,MAPLEWOOD AVE,835.0,,,,,,,2,NO INDICATION OF INJURY,0.0,0.0,0.0,0.0,0.0,1.0,0.0,9,2,2,41.7606159218,-87.6869490109,POINT (-87.686949010936 41.760615921817)
4f5bbee8eb006d75135cf589f4da7a59d865855e6fdb6fc5cb4d71f845bdb51a7d036e127fb4a7e5b564046f9ebe0c3153c79f65f0b79024949824dad6e500a5,,10/22/2020 12:05:00 PM,30,NO CONTROLS,NO CONTROLS,CLEAR,DAWN,PARKED MOTOR VEHICLE,NOT DIVIDED,,STRAIGHT AND LEVEL,DRY,NO DEFECTS,ON SCENE,NO INJURY / DRIVE AWAY,,,,$500 OR LESS,10/22/2020 12:07:00 PM,NOT APPLICABLE,NOT APPLICABLE,111,E,111TH ST,531.0,,,,,,,2,NO INDICATION OF INJURY,0.0,0.0,0.0,0.0,0.0,3.0,0.0,12,5,10,41.6924969587,-87.6205520056,POINT (-87.620552005585 41.692496958697)
e7ff5ea2aa2777530ed77a69e10b54ea32421a3204ab8e7f45b0de9d00d0ac2c138e8771d3e81d2a9ec083e8ff0e1dc2eb1571b41c3c5f664b8c7f03836f4fe1,,04/11/2025 04:00:00 PM,30,TRAFFIC SIGNAL,FUNCTIONING PROPERLY,UNKNOWN,DAYLIGHT,TURNING,T-INTERSECTION,,STRAIGHT AND LEVEL,UNKNOWN,UNKNOWN,NOT ON SCENE (DESK REPORT),NO INJURY / DRIVE AWAY,Y,,,"OVER $1,500",04/13/2025 11:30:00 AM,UNABLE TO DETERMINE,UNABLE TO DETERMINE,5800,N,SHERIDAN RD,2022.0,,,,,,,2,NO INDICATION OF INJURY,0.0,0.0,0.0,0.0,0.0,2.0,0.0,16,6,4,41.9874468008,-87.655453001,POINT (-87.65545300098 41.98744680079)
3c74982d871802a077d17c25c7f0ed450fb39f547be15b70d33b997583d495a35b6f5a5ec449840a58c3f2717662b4f154738922685411f1e4bdba1702cdf353,,08/12/2025 07:54:00 AM,30,STOP SIGN/FLASHER,FUNCTIONING PROPERLY,CLEAR,DAYLIGHT,REAR END,NOT DIVIDED,,STRAIGHT AND LEVEL,DRY,NO DEFECTS,NOT ON SCENE (DESK REPORT),NO INJURY / DRIVE AWAY,,,,"$501 - $1,500",08/12/2025 10:00:00 AM,FOLLOWING TOO CLOSELY,FOLLOWING TOO CLOSELY,4799,W,DEVON AVE,1711.0,,,,,,,2,NO INDICATION OF INJURY,0.0,0.0,0.0,0.0,0.0,2.0,0.0,7,3,8,41.9971778334,-87.7482834887,POINT (-87.748283488725 41.997177833412)
177abe33a586aafa883f68fb797cadfe15888a6c7ec3e2d05aae02528cd78c96bcd916fd148aef4ae33e62780e2b7990cacaadf67084ea2448e94ff863621693,,09/26/2024 04:50:00 PM,30,NO CONTROLS,NO CONTROLS,CLEAR,DAYLIGHT,SIDESWIPE SAME DIRECTION,DIVIDED - W/MEDIAN (NOT RAISED),,STRAIGHT AND LEVEL,DRY,NO DEFECTS,NOT ON SCENE (DESK REPORT),NO INJURY / DRIVE AWAY,,,Y,"OVER $1,500",09/26/2024 06:10:00 PM,UNABLE TO DETERMINE,NOT APPLICABLE,2845,E,126TH ST,433.0,,,,,,,2,NO INDICATION OF INJURY,0.0,0.0,0.0,0.0,0.0,2.0,0.0,16,5,9,41.6663738698,-87.5540361392,POINT (-87.554036139158 41.666373869818)
a9564315be07d5dbcd62cbd38defcee2b483819974e6c0f99e9e2fcb7976b99c0d61d7a8194ba3d5eac9dfbf4e8b8932a0ad924c51d47adbc6993089b7950251,,02/13/2022 01:30:00 PM,30,TRAFFIC SIGNAL,UNKNOWN,UNKNOWN,DAYLIGHT,REAR END,CENTER TURN LANE,,STRAIGHT ON GRADE,UNKNOWN,UNKNOWN,NOT ON SCENE (DESK REPORT),NO INJURY / DRIVE AWAY,N,,,$500 OR LESS,02/14/2022 01:35:00 PM,FOLLOWING TOO CLOSELY,UNABLE TO DETERMINE,803,W,63RD ST,723.0,,,,,,,2,NO INDICATION OF INJURY,0.0,0.0,0.0,0.0,0.0,2.0,0.0,13,1,2,41.7796391163,-87.6449365879,POINT (-87.644936587894 41.779639116346)
89b60ec6b205abe9cc748209c06931dab513278f0650a7ab5ced4e36191e80d2ae27f5b1a3aa3044e784c71b74a8f472044ded74a4d47e58c737cea06ec0720d,,11/21/2019 08:30:00 PM,30,TRAFFIC SIGNAL,FUNCTIONING PROPERLY,RAIN,"DARKNESS, LIGHTED ROAD",TURNING,T-INTERSECTION,,STRAIGHT AND LEVEL,WET,NO DEFECTS,ON SCENE,NO INJURY / DRIVE AWAY,Y,,Y,"$501 - $1,500",11/21/2019 09:44:00 PM,TURNING RIGHT ON RED,UNABLE TO DETERMINE,2100,W,CHICAGO AVE,1212.0,,,,,,,2,NO INDICATION OF INJURY,0.0,0.0,0.0,0.0,0.0,2.0,0.0,20,5,11,41.8959757893,-87.6796255956,POINT (-87.679625595613 41.895975789272)
10315286148698930240c0b03cc80b0ef21040c2115e2010d122e89c431642692bdb371c181f1fc9c0da7a6a6bdc4888cdf2691f9b36476bb68c73f37c6838ba,Y,11/14/2018 09:30:00 AM,25,NO CONTROLS,NO CONTROLS,CLEAR,DAYLIGHT,PARKED MOTOR VEHICLE,ONE-WAY,1,STRAIGHT AND LEVEL,DRY,NO DEFECTS,ON SCENE,NO INJURY / DRIVE AWAY,,,Y,"OVER $1,500",11/14/2018 10:21:00 AM,UNABLE TO DETERMINE,NOT APPLICABLE,5041,N,ROCKWELL ST,2031.0,,,,,,,4,NO INDICATION OF INJURY,0.0,0.0,0.0,0.0,0.0,2.0,0.0,9,4,11,41.9730378226,-87.6938056199,POINT (-87.693805619948 41.973037822625)
2a5bb959ae714ae62aae13ccff3a4fd3c95d45efaed415b21b7781e3175be875170a4d636e3bf90caffe4df6e07cdc442e4ea88e6c0f05f437f06972e0a83d7d,,08/06/2024 02:41:00 PM,30,TRAFFIC SIGNAL,FUNCTIONING PROPERLY,UNKNOWN,DAYLIGHT,TURNING,FOUR WAY,,STRAIGHT AND LEVEL,UNKNOWN,UNKNOWN,NOT ON SCENE (DESK REPORT),INJURY AND / OR TOW DUE TO CRASH,,,,"OVER $1,500",08/07/2024 11:50:00 AM,FAILING TO REDUCE SPEED TO AVOID CRASH,FAILING TO REDUCE SPEED TO AVOID CRASH,5559,N,BROADWAY,2023.0,,,,,,,2,NONINCAPACITATING INJURY,1.0,0.0,0.0,1.0,0.0,2.0,0.0,14,3,8,41.9835333299,-87.6599190348,POINT (-87.659919034816 41.983533329922)
426653d32f60cad25dc8b64739bcb34766e89d21e99bead5f8f5bbb215822f840abc347768489e2579056cbeac38324c474b6c421f16dee2b1de7024f4da4ebc,,10/20/2025 11:00:00 AM,30,NO CONTROLS,NO CONTROLS,CLEAR,DAYLIGHT,REAR END,DIVIDED - W/MEDIAN (NOT RAISED),,STRAIGHT AND LEVEL,UNKNOWN,UNKNOWN,NOT ON SCENE (DESK REPORT),NO INJURY / DRIVE AWAY,,,,"OVER $1,500",10/20/2025 01:15:00 PM,FOLLOWING TOO CLOSELY,FAILING TO REDUCE SPEED TO AVOID CRASH,803,W,DIVISION ST,1822.0,,,,,,,3,NO INDICATION OF INJURY,0.0,0.0,0.0,0.0,0.0,3.0,0.0,11,2,10,41.9035246615,-87.6482376195,POINT (-87.648237619488 41.903524661527)
2227d466e7a0411453938b6e8dfb5c9125e7e24d36b711023e74e8c16696acb0f98c2d6ccb4e82cfffc4580ba6fa4d06d019afa8b2ef9170d5ffe64d404464e9,Y,04/18/2018 01:29:00 PM,25,NO CONTROLS,NO CONTROLS,UNKNOWN,UNKNOWN,PARKED MOTOR VEHICLE,NOT DIVIDED,1,STRAIGHT AND LEVEL,UNKNOWN,UNKNOWN,NOT ON SCENE (DESK REPORT),NO INJURY / DRIVE AWAY,,,,$500 OR LESS,04/18/2018 01:29:00 PM,NOT APPLICABLE,NOT APPLICABLE,4556,N,ARTESIAN AVE,1911.0,,,,,,,2,,,,,,,,,13,4,4,41.9647586994,-87.6901562719,POINT (-87.690156271858 41.964758699421)
aa35e065cddd739f0b50b6f3661e3e4ef1a2b0663a4ca2589ee87e10029f8ab9870b6853e11dc961145a01c1bb65c54596e8f90fdd0c174c8f2245fbf0ee36a5,,10/27/2018 05:15:00 PM,30,TRAFFIC SIGNAL,FUNCTIONING PROPERLY,RAIN,DAYLIGHT,REAR END,DIVIDED - W/MEDIAN BARRIER,,STRAIGHT AND LEVEL,DRY,NO DEFECTS,NOT ON SCENE (DESK REPORT),NO INJURY / DRIVE AWAY,,,,"$501 - $1,500",10/27/2018 05:20:00 PM,FOLLOWING TOO CLOSELY,NOT APPLICABLE,1000,W,HARRISON ST,1232.0,,,,,,,2,NO INDICATION OF INJURY,0.0,0.0,0.0,0.0,0.0,2.0,0.0,17,7,10,41.8744766685,-87.6518891045,POINT (-87.65188910452 41.874476668521)
177816e31ac8c0e426e0d0877278e48186550b626666b35f73c93ee2ff7bba6fc68c2b4a74f86a798359bbf50268fea65f301e7f98d2ba76264504749d83c9fa,,01/18/2016 11:40:00 AM,30,NO CONTROLS,NO CONTROLS,CLEAR,DAYLIGHT,SIDESWIPE SAME DIRECTION,DIVIDED - W/MEDIAN (NOT RAISED),4,STRAIGHT AND LEVEL,DRY,NO DEFECTS,NOT ON SCENE (DESK REPORT),NO INJURY / DRIVE AWAY,,,,"OVER $1,500",01/18/2016 12:00:00 PM,FOLLOWING TOO CLOSELY,UNABLE TO DETERMINE,3046,N,WESTERN AVE,1931.0,,,,,,,2,NO INDICATION OF INJURY,0.0,0.0,0.0,0.0,0.0,2.0,0.0,11,2,1,41.9372519229,-87.6882778874,POINT (-87.688277887354 41.937251922918)
40965435d63040e11b0524c4f37a388b8e4b5212f31af28199941ac5cea28ed2095ff17bb70c34e12155ce56262cf40229bd3507f9178916552fed0309f2b546,N,03/12/2023 09:00:00 PM,30,NO CONTROLS,NO CONTROLS,CLEAR,"DARKNESS, LIGHTED ROAD",PARKED MOTOR VEHICLE,DIVIDED - W/MEDIAN (NOT RAISED),,STRAIGHT AND LEVEL,DRY,NO DEFECTS,ON SCENE,NO INJURY / DRIVE AWAY,,,Y,"OVER $1,500",03/13/2023 12:05:00 AM,UNABLE TO DETERMINE,NOT APPLICABLE,3343,S,HALSTED ST,915.0,,,,,,,2,NO INDICATION OF INJURY,0.0,0.0,0.0,0.0,0.0,1.0,0.0,21,1,3,41.8331207883,-87.6460147874,POINT (-87.646014787402 41.833120788267)
3e46524c4836cfbce3d87be52bb2fb9f64b553faab7b96655d5023c108896024733cefe42932da0d8aade8a740db1b70108f1a3e83fe3ebc10826434f7215ab0,,07/22/2023 05:42:00 PM,30,NO CONTROLS,NO CONTROLS,CLEAR,DAYLIGHT,SIDESWIPE OPPOSITE DIRECTION,DIVIDED - W/MEDIAN (NOT RAISED),,STRAIGHT AND LEVEL,DRY,NO DEFECTS,ON SCENE,NO INJURY / DRIVE AWAY,,,,"OVER $1,500",07/22/2023 05:52:00 PM,IMPROPER OVERTAKING/PASSING,UNABLE TO DETERMINE,6913,S,PULASKI RD,833.0,,,,,,,2,NO INDICATION OF INJURY,0.0,0.0,0.0,0.0,0.0,3.0,0.0,17,7,7,41.767281878,-87.7223272384,POINT (-87.722327238407 41.767281877985)
391560ba4732474dd5121468d30dbaccad2562bc99cf53d0136915e032ef9b35989e3ca586b3395544ea2d102c2760b7903365270a76cfb77ba039cda9807b5c,,01/16/2023 09:15:00 PM,30,TRAFFIC SIGNAL,FUNCTIONING PROPERLY,RAIN,"DARKNESS, LIGHTED ROAD",ANGLE,NOT DIVIDED,,STRAIGHT AND LEVEL,WET,NO DEFECTS,ON SCENE,NO INJURY / DRIVE AWAY,,,,"OVER $1,500",01/16/2023 09:25:00 PM,NOT APPLICABLE,NOT APPLICABLE,6081,S,ARCHER AVE,811.0,,,,,,,2,NO INDICATION OF INJURY,0.0,0.0,0.0,0.0,0.0,2.0,0.0,21,2,1,41.7944979576,-87.7695855785,POINT (-87.769585578497 41.794497957563)
462151a91e657588284e3f8e234740687dce5d12f51800887ea75d41e7281321093264b5c745cda40391af18ce7b29349212c7f1df97143ebd5dac598d4bd94c,,11/25/2016 02:30:00 PM,30,TRAFFIC SIGNAL,FUNCTIONING PROPERLY,CLEAR,DAYLIGHT,SIDESWIPE OPPOSITE DIRECTION,DIVIDED - W/MEDIAN (NOT RAISED),1,STRAIGHT AND LEVEL,DRY,NO DEFECTS,NOT ON SCENE (DESK REPORT),NO INJURY / DRIVE AWAY,,,Y,"$501 - $1,500",11/25/2016 08:32:00 PM,UNABLE TO DETERMINE,UNABLE TO DETERMINE,3600,W,JACKSON BLVD,1133.0,,,,,,,2,NO INDICATION OF INJURY,0.0,0.0,0.0,0.0,0.0,2.0,0.0,14,6,11,41.877320853,-87.7158116649,POINT (-87.715811664874 41.877320853015)
b75c58d6a2bd15cfa86f49f45f6289b95083eb315f3549c6297bd2f0015b75334c25ccd85607ee9b1f50756920702691d5e2350dac9de9a241fa71b28e595ac8,,10/25/2021 09:00:00 AM,10,NO CONTROLS,NOT FUNCTIONING,RAIN,DAYLIGHT,PARKED MOTOR VEHICLE,PARKING LOT,,STRAIGHT AND LEVEL,WET,NO DEFECTS,NOT ON SCENE (DESK REPORT),NO INJURY / DRIVE AWAY,,,,"OVER $1,500",10/25/2021 10:25:00 AM,UNABLE TO DETERMINE,UNABLE TO DETERMINE,3340,W,FILLMORE ST,1134.0,,,,,,,2,NO INDICATION OF INJURY,0.0,0.0,0.0,0.0,0.0,1.0,0.0,9,2,10,41.8682853974,-87.7097998579,POINT (-87.709799857895 41.86828539742)
fc2584d71580bf883d347314d261de31853d1f22702aab3356d9ba3e4922c857fd58f3df67dad73f720b2b9ddb6ae8aeebab043e8b9daf8b5c8743e2fbe4ec32,,05/10/2018 07:30:00 PM,20,TRAFFIC SIGNAL,FUNCTIONING PROPERLY,CLEAR,DAYLIGHT,SIDESWIPE SAME DIRECTION,DIVIDED - W/MEDIAN (NOT RAISED),,STRAIGHT AND LEVEL,DRY,NO DEFECTS,NOT ON SCENE (DESK REPORT),NO INJURY / DRIVE AWAY,,,,"OVER $1,500",05/10/2018 10:00:00 PM,IMPROPER OVERTAKING/PASSING,IMPROPER OVERTAKING/PASSING,1,E,WACKER DR,111.0,,,,,,,2,NO INDICATION OF INJURY,0.0,0.0,0.0,0.0,0.0,2.0,0.0,19,5,5,41.8867075551,-87.6278834784,POINT (-87.627883478402 41.88670755507)
25eac426115c99d119a22d7c42bf31e899a5a4a7094172c76251dbf881fa065daf637308bb54973ee0bc6e079fac0160475956dd8cd18af335422c9da4efea7a,,07/07/2022 06:56:00 PM,30,STOP SIGN/FLASHER,FUNCTIONING PROPERLY,CLEAR,DAYLIGHT,REAR END,FOUR WAY,,STRAIGHT AND LEVEL,DRY,NO DEFECTS,ON SCENE,NO INJURY / DRIVE AWAY,Y,,,"$501 - $1,500",07/07/2022 07:27:00 PM,UNABLE TO DETERMINE,NOT APPLICABLE,700,W,79TH ST,621.0,,,,,,,2,NO INDICATION OF INJURY,0.0,0.0,0.0,0.0,0.0,2.0,0.0,18,5,7,41.7507874985,-87.6416666454,POINT (-87.64166664542 41.750787498481)
678a780255102ebf4538e8d0e7d6ba6bf16d891490db2c120a5fcce08e25593d73610c50353ad0ef4dd87de21c0281d3dbd67146c9c2f485eea20da98fcb0042,,12/29/2023 08:40:00 AM,30,STOP SIGN/FLASHER,UNKNOWN,RAIN,DAYLIGHT,ANGLE,FOUR WAY,,STRAIGHT AND LEVEL,WET,UNKNOWN,NOT ON SCENE (DESK REPORT),INJURY AND / OR TOW DUE TO CRASH,Y,,N,"OVER $1,500",12/29/2023 08:41:00 AM,DISREGARDING TRAFFIC SIGNALS,WEATHER,30,W,83RD ST,622.0,,Y,,,,,4,NONINCAPACITATING INJURY,4.0,0.0,0.0,1.0,3.0,5.0,0.0,8,6,12,41.7437452716,-87.6256106767,POINT (-87.625610676731 41.743745271579)
293d3c3a98ff653dd39d99145824cb697034b035b59c2baf4ce36259c3bcad6d28b3eaa00dc54775e871489736918ff31192da19aece79cc7594782d94fe1daa,,10/31/2017 10:30:00 PM,25,TRAFFIC SIGNAL,FUNCTIONING PROPERLY,CLEAR,"DARKNESS, LIGHTED ROAD",REAR END,NOT DIVIDED,2,STRAIGHT AND LEVEL,DRY,NO DEFECTS,ON SCENE,INJURY AND / OR TOW DUE TO CRASH,,,,"OVER $1,500",10/31/2017 10:35:00 PM,FOLLOWING TOO CLOSELY,FOLLOWING TOO CLOSELY,799,W,DIVISION ST,1822.0,,,,,,,2,NO INDICATION OF INJURY,0.0,0.0,0.0,0.0,0.0,2.0,0.0,22,3,10,41.9035276712,-87.6480736456,POINT (-87.648073645642 41.903527671183)
69ef4a14f6e9b30dd1f664de661fa152cd7a257dbe2a7fce53dc6226d6b1bac35162d29b337a691e6c5cc78ae93e232b9581cb28f72cc3eb9dcdc0231d8eb50d,Y,11/24/2017 01:30:00 AM,30,NO CONTROLS,NO CONTROLS,UNKNOWN,UNKNOWN,PARKED MOTOR VEHICLE,ONE-WAY,1,STRAIGHT AND LEVEL,DRY,NO DEFECTS,NOT ON SCENE (DESK REPORT),NO INJURY / DRIVE AWAY,,,,"$501 - $1,500",11/24/2017 05:05:00 PM,UNABLE TO DETERMINE,NOT APPLICABLE,2347,S,TRUMBULL AVE,1024.0,,,,,,,2,NO INDICATION OF INJURY,0.0,0.0,0.0,0.0,0.0,1.0,0.0,1,6,11,41.8484922958,-87.7110996072,POINT (-87.711099607239 41.848492295825)