CRASH_RECORD_ID,CRASH_DATE_EST_I,CRASH_DATE,POSTED_SPEED_LIMIT,TRAFFIC_CONTROL_DEVICE,DEVICE_CONDITION,WEATHER_CONDITION,LIGHTING_CONDITION,FIRST_CRASH_TYPE,TRAFFICWAY_TYPE,LANE_CNT,ALIGNMENT,ROADWAY_SURFACE_COND,ROAD_DEFECT,REPORT_TYPE,CRASH_TYPE,INTERSECTION_RELATED_I,NOT_RIGHT_OF_WAY_I,HIT_AND_RUN_I,DAMAGE,DATE_POLICE_NOTIFIED,PRIM_CONTRIBUTORY_CAUSE,SEC_CONTRIBUTORY_CAUSE,STREET_NO,STREET_DIRECTION,STREET_NAME,BEAT_OF_OCCURRENCE,PHOTOS_TAKEN_I,STATEMENTS_TAKEN_I,DOORING_I,WORK_ZONE_I,WORK_ZONE_TYPE,WORKERS_PRESENT_I,NUM_UNITS,MOST_SEVERE_INJURY,INJURIES_TOTAL,INJURIES_FATAL,INJURIES_INCAPACITATING,INJURIES_NON_INCAPACITATING,INJURIES_REPORTED_NOT_EVIDENT,INJURIES_NO_INDICATION,INJURIES_UNKNOWN,CRASH_HOUR,CRASH_DAY_OF_WEEK,CRASH_MONTH,LATITUDE,LONGITUDE,LOCATION
4480bc0835900fbd104a2b8ff4307551ac01aac535969d2619d80d308f2b28bb61747e949e037a93bc8e2ca2298c3ce93ee746d2d74fc92b8fbb225e567844be,,08/22/2020 12:30:00 PM,30,STOP SIGN/FLASHER,NO CONTROLS,CLEAR,DAYLIGHT,REAR END,DIVIDED - W/MEDIAN BARRIER,,STRAIGHT AND LEVEL,DRY,NO DEFECTS,NOT ON SCENE (DESK REPORT),NO INJURY / DRIVE AWAY,,,,"OVER $1,500",08/22/2020 01:20:00 PM,"OPERATING VEHICLE IN ERRATIC, RECKLESS, CARELESS, NEGLIGENT OR AGGRESSIVE MANNER",DISTRACTION - FROM INSIDE VEHICLE,3645,W,79TH ST,834.0,,,,,,,2,NO INDICATION OF INJURY,0.0,0.0,0.0,0.0,0.0,3.0,0.0,12,7,8,41.7494543636,-87.7138540708,POINT (-87.713854070843 41.749454363602)
0dca8813cbf3461be7879e8484ecb901f013888535e38511853ce47d9b31b06c6a2fd81446bd35d7e54b226a4cebf9d3d736cb5cbb5f7f122afbf3bb8110f553,,12/06/2018 08:55:00 AM,0,NO CONTROLS,NO CONTROLS,CLEAR,DAYLIGHT,PARKED MOTOR VEHICLE,ONE-WAY,,STRAIGHT AND LEVEL,DRY,NO DEFECTS,ON SCENE,NO INJURY / DRIVE AWAY,,,Y,"OVER $1,500",12/06/2018 09:02:00 AM,UNABLE TO DETERMINE,UNABLE TO DETERMINE,1518,E,65TH PL,321.0,,,,,,,2,NO INDICATION OF INJURY,0.0,0.0,0.0,0.0,0.0,1.0,0.0,8,5,12,41.7761781987,-87.588065503,POINT (-87.58806550304 41.776178198708)
b3bbe100800834dac194da2bfba4c285edc80cd25793d4ca689fc730adb976a7decc93ec30b766f7a76c0f40536057fc4652a701b894237442e9832c9a100b8c,,05/17/2020 02:39:00 PM,30,UNKNOWN,UNKNOWN,UNKNOWN,DAYLIGHT,REAR END,NOT DIVIDED,,STRAIGHT AND LEVEL,UNKNOWN,UNKNOWN,ON SCENE,NO INJURY / DRIVE AWAY,,,,"OVER $1,500",05/18/2020 09:15:00 PM,UNABLE TO DETERMINE,NOT APPLICABLE,1,N,CICERO AVE,1113.0,,,,,,,3,NO INDICATION OF INJURY,0.0,0.0,0.0,0.0,0.0,5.0,0.0,14,1,5,41.8805669932,-87.7451331943,POINT (-87.745133194265 41.880566993238)
19e63aa4c791d914d4133587630d261f9ce4cfe9cfd6491ed3e6f96891f16a68e18b6aaef8a983c3d284d7ec8f87bb8f5235e82440081aaef6d9a938a2bd47a5,,08/30/2024 02:50:00 PM,30,NO CONTROLS,NO CONTROLS,CLEAR,DAYLIGHT,TURNING,FOUR WAY,,STRAIGHT AND LEVEL,DRY,NO DEFECTS,NOT ON SCENE (DESK REPORT),NO INJURY / DRIVE AWAY,,,,"OVER $1,500",08/30/2024 03:15:00 PM,DISREGARDING STOP SIGN,NOT APPLICABLE,1200,W,WASHBURNE AVE,1233.0,,,,,,,2,NO INDICATION OF INJURY,0.0,0.0,0.0,0.0,0.0,2.0,0.0,14,6,8,41.8662494489,-87.6567846433,POINT (-87.656784643334 41.866249448934)
1d0809f42822c9ffb0d491ec84c34fc8697736b4562aa6f03d950d36927a3d2ade0f682eec2f5b464f02379bfcff845e3f6a484d329a9a13802ce5c09b737a1d,,04/29/2022 03:49:00 PM,35,TRAFFIC SIGNAL,FUNCTIONING PROPERLY,CLEAR,DAYLIGHT,REAR END,NOT DIVIDED,,STRAIGHT AND LEVEL,DRY,NO DEFECTS,ON SCENE,NO INJURY / DRIVE AWAY,,,,"OVER $1,500",04/29/2022 03:50:00 PM,UNABLE TO DETERMINE,UNABLE TO DETERMINE,1730,W,MONTEREY AVE,2212.0,,,,,,,3,NO INDICATION OF INJURY,0.0,0.0,0.0,0.0,0.0,6.0,0.0,15,6,4,41.6905717012,-87.665826382,POINT (-87.665826381999 41.690571701244)
aa7243d6efe2d402c1e30949cc6552ce0c452a08b3d4db987d68f900701979fb48eb43d0ef8a13b56c6123ec50225dac95d1afbd0a57ea10119146007e0e2ca6,,09/23/2019 08:00:00 PM,30,UNKNOWN,UNKNOWN,OTHER,UNKNOWN,PARKED MOTOR VEHICLE,OTHER,,STRAIGHT AND LEVEL,UNKNOWN,UNKNOWN,NOT ON SCENE (DESK REPORT),NO INJURY / DRIVE AWAY,,,,"OVER $1,500",09/24/2019 05:30:00 PM,UNABLE TO DETERMINE,UNABLE TO DETERMINE,1918,E,71ST ST,332.0,,,,,,,2,NO INDICATION OF INJURY,0.0,0.0,0.0,0.0,0.0,1.0,0.0,20,2,9,41.7663389424,-87.57792917,POINT (-87.577929170014 41.766338942443)
8ed803661790ba7e642735019ded35e0a275ccece450a525ebe1eb8c70dc182358584d25188150117d4d60662786986cd92ea18ecd5e11b8d1ce5f3e555baa7b,,12/22/2018 11:45:00 AM,0,NO CONTROLS,NO CONTROLS,CLEAR,DAYLIGHT,PARKED MOTOR VEHICLE,PARKING LOT,,STRAIGHT AND LEVEL,DRY,NO DEFECTS,NOT ON SCENE (DESK REPORT),NO INJURY / DRIVE AWAY,,,,"$501 - $1,500",12/22/2018 12:30:00 PM,DRIVING SKILLS/KNOWLEDGE/EXPERIENCE,IMPROPER BACKING,1040,W,95TH ST,2223.0,,,,,,,2,NO INDICATION OF INJURY,0.0,0.0,0.0,0.0,0.0,1.0,0.0,11,7,12,41.7214892448,-87.649696606,POINT (-87.649696606023 41.72148924475)
30fda333fe6a6ecacc1c95ce43884929cb07992e760b8c969d2def17ff4624f97c084e071c382dfd3b271521277451a4504ca152dc72c622e9dd8ae95ac66898,,09/11/2024 02:44:00 PM,15,NO CONTROLS,NO CONTROLS,CLEAR,DAYLIGHT,ANGLE,PARKING LOT,,STRAIGHT AND LEVEL,UNKNOWN,UNKNOWN,NOT ON SCENE (DESK REPORT),NO INJURY / DRIVE AWAY,,,,"OVER $1,500",09/11/2024 03:00:00 PM,UNABLE TO DETERMINE,UNABLE TO DETERMINE,6948,W,GRAND AVE,2512.0,,,,,,,2,NO INDICATION OF INJURY,0.0,0.0,0.0,0.0,0.0,2.0,0.0,14,4,9,41.9236732565,-87.7996266459,POINT (-87.799626645945 41.923673256513)
e48bf639d2020b671eaf1eaed48345b4ad5c8c29ac14f6403214d7ef64ed407ad11df1323ac40976cbbccf112145ff02d3913c7a1894df4ae9bcc81a36403daf,,12/28/2016 03:53:00 AM,30,NO CONTROLS,NO CONTROLS,CLEAR,"DARKNESS, LIGHTED ROAD",PARKED MOTOR VEHICLE,NOT DIVIDED,2,STRAIGHT AND LEVEL,DRY,NO DEFECTS,ON SCENE,NO INJURY / DRIVE AWAY,,,,$500 OR LESS,12/28/2016 03:53:00 AM,UNDER THE INFLUENCE OF ALCOHOL/DRUGS (USE WHEN ARREST IS EFFECTED),CELL PHONE USE OTHER THAN TEXTING,9539,S,COMMERCIAL AVE,431.0,,,,,,,2,NO INDICATION OF INJURY,0.0,0.0,0.0,0.0,0.0,1.0,0.0,3,4,12,41.7215981596,-87.5509169131,POINT (-87.5509169131 41.721598159586)
9b42e562f8e6ef65d0cd039928919446d43b4b85fa200e30ee807f0e8632e89f2efe29d8f9412288c5e3e1905915ec576fd3d3e95ead3f1fd68bd17b21af3e89,,06/05/2025 09:50:00 AM,30,UNKNOWN,UNKNOWN,UNKNOWN,UNKNOWN,SIDESWIPE SAME DIRECTION,NOT DIVIDED,,STRAIGHT AND LEVEL,UNKNOWN,UNKNOWN,NOT ON SCENE (DESK REPORT),NO INJURY / DRIVE AWAY,,,,"OVER $1,500",06/05/2025 12:05:00 PM,UNABLE TO DETERMINE,UNABLE TO DETERMINE,440,W,ADAMS ST,121.0,,,,,,,2,NO INDICATION OF INJURY,0.0,0.0,0.0,0.0,0.0,3.0,0.0,9,5,6,41.8794226209,-87.6395560267,POINT (-87.639556026728 41.879422620897)
800f8f227a057713073c34f755c76fb99248c133182d634ebbdab5f7fc25e5ed7b5ab092832be14b22e3f5a75a500ffa5a9df52c8385327f55ee600021dcc8d4,,10/26/2024 07:00:00 AM,30,NO CONTROLS,NO CONTROLS,CLEAR,DAYLIGHT,PARKED MOTOR VEHICLE,ONE-WAY,,STRAIGHT AND LEVEL,UNKNOWN,UNKNOWN,ON SCENE,NO INJURY / DRIVE AWAY,,,Y,"OVER $1,500",10/26/2024 08:05:00 AM,"OPERATING VEHICLE IN ERRATIC, RECKLESS, CARELESS, NEGLIGENT OR AGGRESSIVE MANNER",FAILING TO REDUCE SPEED TO AVOID CRASH,3034,N,PARKSIDE AVE,2514.0,,,,,,,2,NO INDICATION OF INJURY,0.0,0.0,0.0,0.0,0.0,1.0,0.0,7,7,10,41.9359605999,-87.7677703859,POINT (-87.76777038592 41.935960599868)
f77589d90b3914780b71c24191c61a3e0ff100107261ea10355ac9858f4c99100e53a577e1baca0d15791cd558bcd37a35481f19805d39e75a87d886c1880db9,Y,11/01/2020 12:00:00 PM,30,UNKNOWN,UNKNOWN,UNKNOWN,UNKNOWN,PARKED MOTOR VEHICLE,ONE-WAY,,STRAIGHT AND LEVEL,UNKNOWN,UNKNOWN,NOT ON SCENE (DESK REPORT),INJURY AND / OR TOW DUE TO CRASH,,,Y,"$501 - $1,500",11/01/2020 01:30:00 PM,NOT APPLICABLE,NOT APPLICABLE,1552,S,AVERS AVE,1014.0,,,,,,,2,NO INDICATION OF INJURY,0.0,0.0,0.0,0.0,0.0,1.0,0.0,12,1,11,41.8591572123,-87.7214577232,POINT (-87.721457723175 41.859157212252)
f79baf8b1c4619ce2c8e336664446b23eab2d5beb21c93d2a14e41a9b538d9e5892e6529a209f0042eb2441f4026a1d71e1f969620b8a909fa7871e5c1b9c6d7,Y,11/25/2023 01:00:00 AM,30,NO CONTROLS,NO CONTROLS,CLEAR,"DARKNESS, LIGHTED ROAD",PARKED MOTOR VEHICLE,NOT DIVIDED,,STRAIGHT AND LEVEL,DRY,NO DEFECTS,ON SCENE,NO INJURY / DRIVE AWAY,,,Y,"OVER $1,500",11/25/2023 03:59:00 AM,UNABLE TO DETERMINE,UNABLE TO DETERMINE,4850,W,AUGUSTA BLVD,1531.0,,,,,,,2,NO INDICATION OF INJURY,0.0,0.0,0.0,0.0,0.0,1.0,0.0,1,7,11,41.8987684412,-87.747915216,POINT (-87.747915215953 41.898768441227)
cb9c200f2a89e47a8062bfe484d2ed89f6473de84e641695ac82327647e7c5b4079810137140536a06c1197a893bf1612e223174e66d8e5654fa4c217e03daed,,01/14/2021 11:05:00 PM,30,TRAFFIC SIGNAL,FUNCTIONING PROPERLY,CLEAR,"DARKNESS, LIGHTED ROAD",OTHER OBJECT,NOT DIVIDED,,STRAIGHT AND LEVEL,WET,NO DEFECTS,ON SCENE,INJURY AND / OR TOW DUE TO CRASH,,,,"OVER $1,500",01/14/2021 11:06:00 PM,UNABLE TO DETERMINE,UNABLE TO DETERMINE,1500,E,94TH ST,413.0,,,,,,,1,"REPORTED, NOT EVIDENT",1.0,0.0,0.0,0.0,1.0,0.0,0.0,23,5,1,41.7241302579,-87.5874235286,POINT (-87.587423528574 41.724130257948)
1660fe54dca724ea972ff25c5801a804c0b4d000c62096a7d8dfd37c2191f7f3e98eb0e0a1074e8e68dca3b056bbd5fbf7d99aa89e692ee04fe8d64033b5a9b3,,04/13/2018 07:30:00 AM,30,NO CONTROLS,NO CONTROLS,CLEAR,DAYLIGHT,FIXED OBJECT,DIVIDED - W/MEDIAN BARRIER,2,STRAIGHT AND LEVEL,DRY,NO DEFECTS,NOT ON SCENE (DESK REPORT),NO INJURY / DRIVE AWAY,,,,"OVER $1,500",04/13/2018 07:47:00 AM,DISREGARDING ROAD MARKINGS,UNABLE TO DETERMINE,1340,S,DAMEN AVE,1233.0,,,,,,,1,NO INDICATION OF INJURY,0.0,0.0,0.0,0.0,0.0,1.0,0.0,7,6,4,41.8637343909,-87.67631269,POINT (-87.676312689993 41.863734390899)
1bef7d3c39850ec1204951faf50b945e56b6b34ea76f12f01f082eeae56581249476a47315ea22eab6afbf80693c15fe85cead33ed305c751de6273f4fc2f2bd,,09/11/2021 08:38:00 AM,30,NO CONTROLS,NO CONTROLS,CLEAR,DAYLIGHT,TURNING,DIVIDED - W/MEDIAN (NOT RAISED),,STRAIGHT AND LEVEL,DRY,NO DEFECTS,ON SCENE,NO INJURY / DRIVE AWAY,,,,"OVER $1,500",09/11/2021 08:43:00 AM,IMPROPER TURNING/NO SIGNAL,UNABLE TO DETERMINE,3545,N,KIMBALL AVE,1733.0,,,,,,,2,NO INDICATION OF INJURY,0.0,0.0,0.0,0.0,0.0,4.0,0.0,8,7,9,41.9460563641,-87.7125493527,POINT (-87.712549352676 41.946056364104)
284ad95bb4bd7b812da5b96f740ce336439697b4689477c79ae7524ada8adc57f88d64d2308d75f831e543d03c23424ff42caae4156233fdbe2d11fb542874a3,,01/05/2025 09:03:00 PM,30,TRAFFIC SIGNAL,FUNCTIONING PROPERLY,CLEAR,"DARKNESS, LIGHTED ROAD",REAR END,DIVIDED - W/MEDIAN (NOT RAISED),,STRAIGHT AND LEVEL,DRY,NO DEFECTS,NOT ON SCENE (DESK REPORT),NO INJURY / DRIVE AWAY,,,,"OVER $1,500",01/05/2025 10:00:00 PM,UNABLE TO DETERMINE,UNABLE TO DETERMINE,8701,S,STONY ISLAND AVE,412.0,,,,,,,2,NO INDICATION OF INJURY,0.0,0.0,0.0,0.0,0.0,4.0,0.0,21,1,1,41.736827829,-87.5850605801,POINT (-87.585060580126 41.73682782899)
9c4342d085e713d82d8acb19e383684c4cd608828c6328bb95cfdb9da20554117bb74c15fe820461f31d972be480262484f1b051aa6af211b97c425414eed1fd,,09/11/2023 01:21:00 PM,30,STOP SIGN/FLASHER,UNKNOWN,RAIN,DAYLIGHT,REAR END,FOUR WAY,,STRAIGHT AND LEVEL,WET,NO DEFECTS,ON SCENE,INJURY AND / OR TOW DUE TO CRASH,Y,,Y,"OVER $1,500",09/11/2023 01:28:00 PM,FAILING TO YIELD RIGHT-OF-WAY,WEATHER,4300,S,PRAIRIE AVE,215.0,,,,,,,3,"REPORTED, NOT EVIDENT",1.0,0.0,0.0,0.0,1.0,2.0,0.0,13,2,9,41.8164934908,-87.6199351355,POINT (-87.619935135497 41.81649349083)
f9f09edfa6f0dfc5560b05a6de78c6ee2a2ddae375b546c94c12549809d1c30e2a0a2710df2269ce5b6cefc353c405be33f95be06b0da4e6177c95f857039cd3,,11/19/2023 01:15:00 AM,30,STOP SIGN/FLASHER,FUNCTIONING PROPERLY,CLEAR,"DARKNESS, LIGHTED ROAD",PARKED MOTOR VEHICLE,NOT DIVIDED,,STRAIGHT AND LEVEL,DRY,NO DEFECTS,ON SCENE,NO INJURY / DRIVE AWAY,,,Y,"OVER $1,500",11/19/2023 01:21:00 AM,FAILING TO REDUCE SPEED TO AVOID CRASH,UNABLE TO DETERMINE,5160,N,LARAMIE AVE,1623.0,,,,,,,2,NO INDICATION OF INJURY,0.0,0.0,0.0,0.0,0.0,3.0,0.0,1,1,11,41.9751702476,-87.7579193484,POINT (-87.757919348411 41.975170247644)
7ae1a4a118561d67564f5b2d081c03834e9927d004b84df78742f3b3ac05a63cb757204210dde3ae2a62d5caa1c774b8df1e81548a3ebd864cf90b5ecf0f4899,,08/05/2020 04:40:00 PM,30,NO CONTROLS,NO CONTROLS,CLEAR,DAYLIGHT,REAR END,DIVIDED - W/MEDIAN (NOT RAISED),,STRAIGHT AND LEVEL,UNKNOWN,UNKNOWN,NOT ON SCENE (DESK REPORT),NO INJURY / DRIVE AWAY,,,,$500 OR LESS,08/06/2020 02:30:00 PM,UNABLE TO DETERMINE,UNABLE TO DETERMINE,11840,S,WESTERN AVE,2212.0,,,,,,,2,NO INDICATION OF INJURY,0.0,0.0,0.0,0.0,0.0,2.0,0.0,16,4,8,41.6778046668,-87.6808663513,POINT (-87.680866351306 41.677804666782)
b5841cb95f38518bd434decfca70e0041561b8ab7f294dca5ab9b2f3145137e4a8adf5d8f03df49d99ddadbdea56c6adad63440bb4026413b5e1242de3243c51,,12/28/2020 07:30:00 PM,30,NO CONTROLS,NO CONTROLS,CLEAR,"DARKNESS, LIGHTED ROAD",TURNING,NOT DIVIDED,,STRAIGHT ON GRADE,DRY,NO DEFECTS,ON SCENE,NO INJURY / DRIVE AWAY,Y,,,"OVER $1,500",12/28/2020 07:30:00 PM,UNABLE TO DETERMINE,NOT APPLICABLE,6800,S,WESTERN AVE,832.0,,,,,,,2,NO INDICATION OF INJURY,0.0,0.0,0.0,0.0,0.0,3.0,0.0,19,2,12,41.7700565667,-87.6835364097,POINT (-87.683536409683 41.770056566659)
4e925d1955f6ec26dd6c58680518871e5033fe8858a96e61f482f057c6acafcbf68bd87d8b485c2125dc29d9a72a6d6077fff9fe89bfd84cd4549938178553dc,,10/16/2020 05:30:00 PM,30,NO CONTROLS,NO CONTROLS,CLEAR,DAYLIGHT,REAR END,NOT DIVIDED,,STRAIGHT AND LEVEL,DRY,NO DEFECTS,NOT ON SCENE (DESK REPORT),NO INJURY / DRIVE AWAY,N,,,"$501 - $1,500",10/17/2020 11:20:00 AM,NOT APPLICABLE,NOT APPLICABLE,309,S,CICERO AVE,1131.0,,,,,,,2,NO INDICATION OF INJURY,0.0,0.0,0.0,0.0,0.0,2.0,0.0,17,6,10,41.8764956308,-87.7449859049,POINT (-87.744985904892 41.876495630839)
2ba489064a5ea25393b939e8371afe1b226eaf6c9331960490bd6738d54e1139ada44ed41aabe84b740ff6f170c913e9d98a17080648ae50c5592bafe466a9e0,,04/01/2020 07:40:00 PM,30,NO CONTROLS,NO CONTROLS,CLEAR,DARKNESS,PARKED MOTOR VEHICLE,ONE-WAY,,STRAIGHT AND LEVEL,WET,NO DEFECTS,ON SCENE,NO INJURY / DRIVE AWAY,,,Y,"OVER $1,500",04/01/2020 07:40:00 PM,UNABLE TO DETERMINE,NOT APPLICABLE,2899,W,23RD ST,1033.0,,,,,,,4,NO INDICATION OF INJURY,0.0,0.0,0.0,0.0,0.0,1.0,0.0,19,4,4,41.8499246934,-87.6988529465,POINT (-87.698852946538 41.849924693415)
08856593a5995b113f4e8fb69b60329e2cfaecfaf20e354c721759be1dc7ef77e33d5d0e4f240170ca58702f28b8667efc921a72fdfdf6a83d38aa31f9f1e2a4,,08/12/2017 06:46:00 AM,30,STOP SIGN/FLASHER,FUNCTIONING PROPERLY,CLEAR,DUSK,FIXED OBJECT,NOT DIVIDED,2,STRAIGHT AND LEVEL,DRY,NO DEFECTS,ON SCENE,INJURY AND / OR TOW DUE TO CRASH,,Y,,"OVER $1,500",08/12/2017 06:47:00 AM,FAILING TO REDUCE SPEED TO AVOID CRASH,"EVASIVE ACTION DUE TO ANIMAL, OBJECT, NONMOTORIST",824,E,79TH ST,624.0,,,,,,,1,NONINCAPACITATING INJURY,1.0,0.0,0.0,1.0,0.0,0.0,0.0,6,7,8,41.7514086289,-87.6041918573,POINT (-87.604191857308 41.751408628921)
5b8649135372ed3d1012a799938cf2c58f7caf5fbab76f9915bf1cbd3b9f0ecd77d7e549b8d72070c71cc0c6a6d6d6b17b7881de74941db7fa6c78667a9cb54b,,03/08/2018 08:24:00 AM,30,TRAFFIC SIGNAL,FUNCTIONING PROPERLY,CLEAR,DAYLIGHT,ANGLE,NOT DIVIDED,,STRAIGHT AND LEVEL,DRY,NO DEFECTS,ON SCENE,INJURY AND / OR TOW DUE TO CRASH,Y,,,$500 OR LESS,03/08/2018 08:30:00 AM,DISREGARDING TRAFFIC SIGNALS,NOT APPLICABLE,4100,W,WASHINGTON BLVD,1114.0,,,,,,,2,NONINCAPACITATING INJURY,1.0,0.0,0.0,1.0,0.0,2.0,0.0,8,5,3,41.8821223021,-87.7282835811,POINT (-87.728283581145 41.882122302134)
b81568e9fb08188a1ee22b824cebd26b42ebb0658d966e625e6f3dfcb20dfc578b0ccdbadef84b230365780df32c11c717114469d96b09febb7c022302312104,,03/26/2025 11:10:00 AM,30,TRAFFIC SIGNAL,FUNCTIONING PROPERLY,CLEAR,DAYLIGHT,SIDESWIPE SAME DIRECTION,DIVIDED - W/MEDIAN (NOT RAISED),,STRAIGHT AND LEVEL,DRY,UNKNOWN,ON SCENE,NO INJURY / DRIVE AWAY,Y,,,"OVER $1,500",03/26/2025 11:10:00 AM,FAILING TO YIELD RIGHT-OF-WAY,NOT APPLICABLE,4300,S,CICERO AVE,814.0,,,,,,,2,NO INDICATION OF INJURY,0.0,0.0,0.0,0.0,0.0,3.0,0.0,11,4,3,41.8148367504,-87.7435014806,POINT (-87.743501480634 41.81483675036)
334cc241e0e7d7b243298ea9638276317a6f9d4e76672abf5e47a62309597afdfe4851a8906d3e93d66196ce1502adfd3be12f4a9704b1559f31d72ea8bd22d0,,09/10/2025 05:33:00 AM,30,TRAFFIC SIGNAL,FUNCTIONING PROPERLY,CLEAR,"DARKNESS, LIGHTED ROAD",ANGLE,DIVIDED - W/MEDIAN (NOT RAISED),,STRAIGHT AND LEVEL,DRY,NO DEFECTS,NOT ON SCENE (DESK REPORT),NO INJURY / DRIVE AWAY,Y,,,"OVER $1,500",09/10/2025 06:00:00 AM,FAILING TO YIELD RIGHT-OF-WAY,NOT APPLICABLE,2800,W,24TH BLVD,1033.0,,,,,,,2,NO INDICATION OF INJURY,0.0,0.0,0.0,0.0,0.0,2.0,0.0,5,4,9,41.8479924717,-87.6954627761,POINT (-87.695462776079 41.847992471664)
25c166deb480615cc85833132d208e893f021e9f5222af3a833ba180e41b90957973cee6ba5707713b9089b63a972552796e887b3ce6fb9a09e84674c7e092b5,Y,06/22/2017 09:00:00 AM,30,NO CONTROLS,NO CONTROLS,UNKNOWN,UNKNOWN,PARKED MOTOR VEHICLE,ONE-WAY,1,STRAIGHT AND LEVEL,UNKNOWN,NO DEFECTS,ON SCENE,NO INJURY / DRIVE AWAY,,,Y,"OVER $1,500",06/22/2017 10:30:00 AM,UNABLE TO DETERMINE,NOT APPLICABLE,630,W,SURF ST,1934.0,,,,,,,2,NO INDICATION OF INJURY,0.0,0.0,0.0,0.0,0.0,1.0,0.0,9,5,6,41.9349684642,-87.6454568974,POINT (-87.645456897445 41.93496846417)
75e8f44eb4a26a7e662b25e5100d4076c03d72b911b390ecdbd1a1e4570861b7eb559ba6e64fd75dfd51457b5ceb0af0af54da0ef96131d8f33926999ebed081,,09/28/2021 02:50:00 PM,30,TRAFFIC SIGNAL,FUNCTIONING PROPERLY,CLEAR,DAYLIGHT,REAR END,DIVIDED - W/MEDIAN (NOT RAISED),,STRAIGHT AND LEVEL,DRY,UNKNOWN,NOT ON SCENE (DESK REPORT),NO INJURY / DRIVE AWAY,,,,"$501 - $1,500",09/28/2021 03:15:00 PM,FAILING TO REDUCE SPEED TO AVOID CRASH,FAILING TO REDUCE SPEED TO AVOID CRASH,2312,N,ASHLAND AVE,1811.0,,,,,,,2,NO INDICATION OF INJURY,0.0,0.0,0.0,0.0,0.0,2.0,0.0,14,3,9,41.9237416824,-87.6683194106,POINT (-87.668319410607 41.923741682421)
b8581f71b54f13fb19eb4cde8bbf5c83fd03803b83337b3daa67a15db887dd76bbc2677fec8eb02fa1c23e39dd3ceea51534920ff91d691aa0884d4edf576558,,02/27/2019 08:15:00 AM,30,NO CONTROLS,NO CONTROLS,CLEAR,DAYLIGHT,FIXED OBJECT,OTHER,4,STRAIGHT AND LEVEL,DRY,NO DEFECTS,ON SCENE,INJURY AND / OR TOW DUE TO CRASH,,,,"OVER $1,500",02/27/2019 08:18:00 AM,DRIVING SKILLS/KNOWLEDGE/EXPERIENCE,NOT APPLICABLE,5045,N,MILWAUKEE AVE,1623.0,,,,,,,1,NO INDICATION OF INJURY,0.0,0.0,0.0,0.0,0.0,1.0,0.0,8,4,2,41.9726274823,-87.7648354781,POINT (-87.764835478143 41.972627482327)
08837b5edf2c89a07ec7b0d1c237299743595ab2f5185fd8e0d8e537e753585ad7a84d88d716382c1ec8ab83812140893781d66ad25c8f9cacee8eb9173913ed,,08/28/2019 05:22:00 PM,15,NO CONTROLS,NO CONTROLS,CLEAR,DAYLIGHT,PARKED MOTOR VEHICLE,PARKING LOT,,STRAIGHT ON GRADE,DRY,NO DEFECTS,ON SCENE,NO INJURY / DRIVE AWAY,,,Y,"$501 - $1,500",08/28/2019 05:28:00 PM,UNABLE TO DETERMINE,UNABLE TO DETERMINE,1514,W,33RD ST,912.0,,,,,,,2,NO INDICATION OF INJURY,0.0,0.0,0.0,0.0,0.0,1.0,0.0,17,4,8,41.8343110707,-87.6638998933,POINT (-87.663899893253 41.834311070719)
dd01d18ed2b4e3bf37cefbb1828abd4bbb492430f5c6e93346ebb97f61cb329955adb9748302df1ef98e1a303dcd9ba333032e264a8c15644b1c12fc55169ab9,Y,10/24/2020 10:00:00 AM,30,NO CONTROLS,NO CONTROLS,UNKNOWN,UNKNOWN,PARKED MOTOR VEHICLE,ONE-WAY,,STRAIGHT AND LEVEL,UNKNOWN,UNKNOWN,NOT ON SCENE (DESK REPORT),NO INJURY / DRIVE AWAY,,,Y,"$501 - $1,500",10/26/2020 04:25:00 PM,UNABLE TO DETERMINE,UNABLE TO DETERMINE,4105,N,HERMITAGE AVE,1912.0,,,,,,,2,NO INDICATION OF INJURY,0.0,0.0,0.0,0.0,0.0,1.0,0.0,10,7,10,41.9562937856,-87.6721134448,POINT (-87.672113444803 41.956293785624)
d671ee1e4935aaae8c04d59c0cd2e7feaff931e03b40daddb75f66e8a888e88789df0beea9f5afdc01e249827750fcee440efb91e6fd221c5cffe813374261d1,,05/12/2023 06:15:00 PM,30,STOP SIGN/FLASHER,FUNCTIONING PROPERLY,RAIN,DAYLIGHT,ANGLE,FOUR WAY,,STRAIGHT AND LEVEL,WET,NO DEFECTS,ON SCENE,INJURY AND / OR TOW DUE TO CRASH,Y,,,"OVER $1,500",05/12/2023 06:18:00 PM,DISREGARDING STOP SIGN,NOT APPLICABLE,400,E,91ST ST,633.0,,,,,,,2,NONINCAPACITATING INJURY,2.0,0.0,0.0,2.0,0.0,1.0,0.0,18,6,5,41.7293095025,-87.6142209811,POINT (-87.614220981103 41.729309502536)
59bd26ed94d9b8493259339e680bd8242890b92494932bbaa6c7b971d82213d81fb8f56677bf81de6f6c203a0ae8660a2eb9863a946db51bc730cc9ed15f1942,,05/12/2020 03:00:00 PM,35,NO CONTROLS,NO CONTROLS,CLEAR,DAYLIGHT,REAR END,ONE-WAY,,STRAIGHT AND LEVEL,DRY,UNKNOWN,NOT ON SCENE (DESK REPORT),NO INJURY / DRIVE AWAY,,,,"OVER $1,500",05/13/2020 08:50:00 AM,DISTRACTION - FROM OUTSIDE VEHICLE,FOLLOWING TOO CLOSELY,7100,S,OGLESBY AVE,334.0,,,,,,,2,NO INDICATION OF INJURY,0.0,0.0,0.0,0.0,0.0,3.0,0.0,15,3,5,41.7660502337,-87.5678785185,POINT (-87.567878518494 41.766050233728)