CRASH_RECORD_ID,CRASH_DATE_EST_I,CRASH_DATE,POSTED_SPEED_LIMIT,TRAFFIC_CONTROL_DEVICE,DEVICE_CONDITION,WEATHER_CONDITION,LIGHTING_CONDITION,FIRST_CRASH_TYPE,TRAFFICWAY_TYPE,LANE_CNT,ALIGNMENT,ROADWAY_SURFACE_COND,ROAD_DEFECT,REPORT_TYPE,CRASH_TYPE,INTERSECTION_RELATED_I,NOT_RIGHT_OF_WAY_I,HIT_AND_RUN_I,DAMAGE,DATE_POLICE_NOTIFIED,PRIM_CONTRIBUTORY_CAUSE,SEC_CONTRIBUTORY_CAUSE,STREET_NO,STREET_DIRECTION,STREET_NAME,BEAT_OF_OCCURRENCE,PHOTOS_TAKEN_I,STATEMENTS_TAKEN_I,DOORING_I,WORK_ZONE_I,WORK_ZONE_TYPE,WORKERS_PRESENT_I,NUM_UNITS,MOST_SEVERE_INJURY,INJURIES_TOTAL,INJURIES_FATAL,INJURIES_INCAPACITATING,INJURIES_NON_INCAPACITATING,INJURIES_REPORTED_NOT_EVIDENT,INJURIES_NO_INDICATION,INJURIES_UNKNOWN,CRASH_HOUR,CRASH_DAY_OF_WEEK,CRASH_MONTH,LATITUDE,LONGITUDE,LOCATION
dd2e7d3d184ffe36ffcebcc9c3c46abe5d60ee70dfb902d03aa2d538d70d4e919f8a0273a5e7981dbed87af25e086f5141f90160346b768456a1ad6283a15921,,02/15/2020 03:13:00 PM,30,NO CONTROLS,NO CONTROLS,CLEAR,DAYLIGHT,SIDESWIPE SAME DIRECTION,DIVIDED - W/MEDIAN BARRIER,,STRAIGHT AND LEVEL,DRY,NO DEFECTS,ON SCENE,INJURY AND / OR TOW DUE TO CRASH,,,,"OVER $1,500",02/15/2020 03:16:00 PM,IMPROPER OVERTAKING/PASSING,UNABLE TO DETERMINE,3949,W,PETERSON AVE,1711.0,,,,,,,2,NO INDICATION OF INJURY,0.0,0.0,0.0,0.0,0.0,2.0,0.0,15,7,2,41.9900314054,-87.7282293249,POINT (-87.728229324898 41.990031405351)
50382cb26081ca50f1ef50598238b1d5b85ddda56fc0eee65cb16a4c02f8f2679a3a4687f577c3fa1386e372dd5f54f99c20dbabb6ee34a3476a64bcd52ea03b,,01/14/2022 04:30:00 AM,35,NO CONTROLS,NO CONTROLS,UNKNOWN,UNKNOWN,PARKED MOTOR VEHICLE,NOT DIVIDED,,STRAIGHT AND LEVEL,UNKNOWN,UNKNOWN,ON SCENE,INJURY AND / OR TOW DUE TO CRASH,,,,"OVER $1,500",01/16/2022 11:44:00 AM,UNABLE TO DETERMINE,UNABLE TO DETERMINE,28,W,111TH PL,522.0,,,,,,,2,NO INDICATION OF INJURY,0.0,0.0,0.0,0.0,0.0,1.0,0.0,4,6,1,41.6917757056,-87.6241795288,POINT (-87.624179528785 41.691775705629)
c10214e2c156ce8ef40f18850ab9aae6d9993b9167108e68d64a7b5dc81717b4e3a2bbae03d6c51b68894c5dc725e95592ca39b5e71755fbe31dfb4d37fce857,,12/04/2016 07:30:00 PM,30,TRAFFIC SIGNAL,FUNCTIONING PROPERLY,SNOW,"DARKNESS, LIGHTED ROAD",ANGLE,DIVIDED - W/MEDIAN (NOT RAISED),4,STRAIGHT AND LEVEL,WET,NO DEFECTS,ON SCENE,INJURY AND / OR TOW DUE TO CRASH,Y,,,"OVER $1,500",12/04/2016 08:22:00 PM,DISREGARDING TRAFFIC SIGNALS,NOT APPLICABLE,624,N,FAIRBANKS CT,1834.0,,,,,,,2,NO INDICATION OF INJURY,0.0,0.0,0.0,0.0,0.0,2.0,0.0,19,1,12,41.8933653971,-87.6204220574,POINT (-87.620422057447 41.893365397139)
4bdf42b819b18b8180eaa6de18f293baca01bea78c4eda76262617e6144d20eb79116b22897d6e031ce0fe0d8b7ea08a012341c21d7a415d8aeaf9ea6a079162,,09/06/2021 10:37:00 PM,30,NO CONTROLS,NO CONTROLS,CLEAR,"DARKNESS, LIGHTED ROAD",PEDESTRIAN,NOT DIVIDED,,STRAIGHT AND LEVEL,DRY,NO DEFECTS,NOT ON SCENE (DESK REPORT),INJURY AND / OR TOW DUE TO CRASH,,,Y,"OVER $1,500",09/06/2021 10:37:00 PM,UNABLE TO DETERMINE,UNABLE TO DETERMINE,220,W,63RD ST,711.0,,,,,,,2,INCAPACITATING INJURY,1.0,0.0,1.0,0.0,0.0,1.0,0.0,22,2,9,41.780086112,-87.6309080927,POINT (-87.630908092661 41.780086112027)
dc30212a02dc3253663b5dd4c54f53093b569f750594017847640be2ab56e58ab3fa58664ac7157fcb18d24f3f9c595b48ffbad0807aff3db0456f9c90dd02ee,,05/19/2022 05:00:00 PM,30,NO CONTROLS,NO CONTROLS,CLEAR,DAYLIGHT,ANGLE,ALLEY,,STRAIGHT AND LEVEL,DRY,NO DEFECTS,NOT ON SCENE (DESK REPORT),NO INJURY / DRIVE AWAY,,,Y,"$501 - $1,500",05/19/2022 05:56:00 PM,NOT APPLICABLE,NOT APPLICABLE,4800,S,HARDING AVE,821.0,,,,,,,2,NO INDICATION OF INJURY,0.0,0.0,0.0,0.0,0.0,2.0,0.0,17,5,5,41.8059605387,-87.7224497954,POINT (-87.722449795383 41.805960538716)
c45c3d9b0342c394df6d2965fdbc667a7a9c2f0c1c7ec163fd81473933dcfb59553e23eff62c17b3b22f3624fa6372ddeb15a05d1482db6ed69308f2f3af632c,,06/19/2023 09:00:00 AM,30,NO CONTROLS,NO CONTROLS,CLEAR,DAYLIGHT,PARKED MOTOR VEHICLE,ONE-WAY,,STRAIGHT AND LEVEL,DRY,UNKNOWN,NOT ON SCENE (DESK REPORT),NO INJURY / DRIVE AWAY,,,Y,"OVER $1,500",06/19/2023 03:30:00 PM,UNABLE TO DETERMINE,NOT APPLICABLE,6137,S,WENTWORTH AVE,311.0,,,,,,,2,NO INDICATION OF INJURY,0.0,0.0,0.0,0.0,0.0,1.0,0.0,9,2,6,41.782524968,-87.6300398713,POINT (-87.630039871283 41.782524967968)
79e9f04fd0945188cd62d6906cb0887d1e957f2b582fbc6dd8b327429153008394dc2fa38f7af334a816a90827ecc3fcfa3427ddab361aa4d0f1b376bea8164f,,10/07/2023 01:54:00 PM,30,NO CONTROLS,NO CONTROLS,CLEAR,DAYLIGHT,PARKED MOTOR VEHICLE,NOT DIVIDED,,STRAIGHT AND LEVEL,DRY,NO DEFECTS,NOT ON SCENE (DESK REPORT),NO INJURY / DRIVE AWAY,,,,"OVER $1,500",10/09/2023 04:00:00 PM,IMPROPER TURNING/NO SIGNAL,NOT APPLICABLE,7102,S,CORNELL AVE,324.0,,,,,,,2,NO INDICATION OF INJURY,0.0,0.0,0.0,0.0,0.0,1.0,0.0,13,7,10,41.7658478519,-87.5849153033,POINT (-87.584915303259 41.765847851866)
54a3f9a04ce7d88a002278a93a8a21e11b91c455691e926714b7c9ef7b20c77c03d2f1fa296b7d41d24b25e1bfd92d03695e80743ad83d07741e988a610aa038,,08/15/2024 06:29:00 PM,30,TRAFFIC SIGNAL,FUNCTIONING PROPERLY,CLEAR,DAYLIGHT,ANGLE,NOT DIVIDED,,STRAIGHT AND LEVEL,DRY,NO DEFECTS,ON SCENE,NO INJURY / DRIVE AWAY,Y,,,"OVER $1,500",08/15/2024 06:29:00 PM,FAILING TO YIELD RIGHT-OF-WAY,NOT APPLICABLE,2800,N,CALIFORNIA AVE,1411.0,,,,,,,2,NO INDICATION OF INJURY,0.0,0.0,0.0,0.0,0.0,3.0,0.0,18,5,8,41.9321207191,-87.6977653004,POINT (-87.697765300365 41.932120719106)
0146b5eeb96243174017f96fb9c24a1989242a5ac2f1d3aa5054decb8ae2ff96dc4fa1201f3c16967bfa33882298ee11c1579790a0ad6d5a877f2a0db5e5c206,,04/15/2024 01:20:00 PM,20,NO CONTROLS,NO CONTROLS,CLEAR,DAYLIGHT,PARKED MOTOR VEHICLE,PARKING LOT,,STRAIGHT AND LEVEL,DRY,NO DEFECTS,ON SCENE,NO INJURY / DRIVE AWAY,,,,"$501 - $1,500",04/15/2024 01:25:00 PM,UNABLE TO DETERMINE,UNABLE TO DETERMINE,2147,S,LUMBER ST,1235.0,,,,,,,2,NO INDICATION OF INJURY,0.0,0.0,0.0,0.0,0.0,1.0,0.0,13,2,4,41.8529434625,-87.641348277,POINT (-87.641348277019 41.852943462504)
bbeacc835fe7021d825be85d7ccd18532c3d86c352d81730c44a302e2fdb6d13019c7c2693008c9dddcedc1e7818b5fec245970f3886c277bd04c1c7117ef32f,,11/04/2021 08:15:00 AM,30,TRAFFIC SIGNAL,FUNCTIONING PROPERLY,CLEAR,DAYLIGHT,SIDESWIPE SAME DIRECTION,FOUR WAY,,STRAIGHT AND LEVEL,DRY,NO DEFECTS,NOT ON SCENE (DESK REPORT),NO INJURY / DRIVE AWAY,,,,"$501 - $1,500",11/19/2021 08:17:00 AM,UNABLE TO DETERMINE,NOT APPLICABLE,5500,S,INDIANA AVE,231.0,,,,,,,2,NO INDICATION OF INJURY,0.0,0.0,0.0,0.0,0.0,2.0,0.0,8,5,11,41.7943689623,-87.6209833126,POINT (-87.620983312554 41.794368962316)
6d126787d41643c5c66e2bb8acde1cd18c13c356878c62e6405bb76f44058a55249cf6fcf0011b5d9c123935fae7bb642bf16689395575ff91399b811ff876fa,,06/13/2024 10:11:00 AM,30,TRAFFIC SIGNAL,FUNCTIONING PROPERLY,CLEAR,DAYLIGHT,TURNING,FOUR WAY,,STRAIGHT AND LEVEL,DRY,NO DEFECTS,ON SCENE,NO INJURY / DRIVE AWAY,Y,,,"OVER $1,500",06/13/2024 10:11:00 AM,FAILING TO YIELD RIGHT-OF-WAY,UNABLE TO DETERMINE,2809,W,BELMONT AVE,1411.0,,,,,,,2,NO INDICATION OF INJURY,0.0,0.0,0.0,0.0,0.0,2.0,0.0,10,5,6,,,
e8d8b3331d47f8846cfd83bd5c6710da998be69340c5bff0ec136ba981fd583ad86b55bdfbaa38286fe07669476ec2aef3912ab11e5f0bc025ca6002e0b1db4a,,12/19/2017 10:30:00 AM,20,NO CONTROLS,NO CONTROLS,UNKNOWN,DAYLIGHT,FIXED OBJECT,ALLEY,,STRAIGHT AND LEVEL,UNKNOWN,NO DEFECTS,ON SCENE,NO INJURY / DRIVE AWAY,,,Y,"OVER $1,500",12/20/2017 10:35:00 AM,UNABLE TO DETERMINE,UNABLE TO DETERMINE,1754,N,KEELER AVE,2534.0,,,,,,,1,NO INDICATION OF INJURY,0.0,0.0,0.0,0.0,0.0,1.0,0.0,10,3,12,41.9132154181,-87.7314684818,POINT (-87.731468481758 41.913215418102)
ce0993cdd233e2b420dd2edfe9d9f23cee58279d7cbd7d7002784c903d52c018e25694b0a7ded0ba22deb086a70e9e1f2ffe1488530639a579b3cba4421c0203,,05/12/2020 10:40:00 AM,30,TRAFFIC SIGNAL,UNKNOWN,CLEAR,DAYLIGHT,ANGLE,FOUR WAY,,STRAIGHT AND LEVEL,DRY,NO DEFECTS,NOT ON SCENE (DESK REPORT),NO INJURY / DRIVE AWAY,Y,,,"$501 - $1,500",05/12/2020 10:47:00 AM,UNABLE TO DETERMINE,UNABLE TO DETERMINE,800,N,LAKE SHORE DR,1833.0,,,,,,,2,NO INDICATION OF INJURY,0.0,0.0,0.0,0.0,0.0,2.0,0.0,10,3,5,41.896828045,-87.6172077033,POINT (-87.617207703311 41.896828045009)
10964ba8331be748008724c4d389c08c2061a47e065d6988c240c087fb413c5810dadd91a16b6077d5247517b9545fd1cb55d70c3c54051a0b4ccf9641915257,,10/06/2015 04:30:00 PM,30,NO CONTROLS,NO CONTROLS,CLEAR,DAYLIGHT,HEAD ON,ONE-WAY,1,STRAIGHT AND LEVEL,DRY,NO DEFECTS,NOT ON SCENE (DESK REPORT),NO INJURY / DRIVE AWAY,,,,"OVER $1,500",10/06/2015 05:30:00 PM,IMPROPER BACKING,DRIVING SKILLS/KNOWLEDGE/EXPERIENCE,5100,S,TROY ST,923.0,,,,,,,2,NO INDICATION OF INJURY,0.0,0.0,0.0,0.0,0.0,2.0,0.0,16,3,10,41.8007472969,-87.7026877794,POINT (-87.702687779365 41.800747296939)
c10278ceca2e373bfcc17fc0d238eb9c8078578badfee606d156678c1e1b8bed14c8097782373475ffc7e0790384f35fd04f64eaeed3926acd51808305ffc24a,,12/28/2024 05:30:00 AM,30,TRAFFIC SIGNAL,NO CONTROLS,RAIN,"DARKNESS, LIGHTED ROAD",SIDESWIPE SAME DIRECTION,NOT DIVIDED,,STRAIGHT AND LEVEL,WET,NO DEFECTS,NOT ON SCENE (DESK REPORT),NO INJURY / DRIVE AWAY,,,Y,"OVER $1,500",12/28/2024 05:35:00 AM,IMPROPER LANE USAGE,IMPROPER OVERTAKING/PASSING,7659,S,KEDZIE AVE,835.0,,,,,,,2,NO INDICATION OF INJURY,0.0,0.0,0.0,0.0,0.0,3.0,0.0,5,7,12,41.7535442098,-87.7023551761,POINT (-87.702355176142 41.753544209761)
cbb12e4ca89cbc62bc81f742fd981e88c2c7ad7057bc234f4f11f3c753b7554f458c7db77ee0a7ac920c5a69265c8963e4890f31e9cd780f4f67e555ef4834f6,,03/21/2023 05:00:00 PM,35,YIELD,FUNCTIONING PROPERLY,CLEAR,DAYLIGHT,SIDESWIPE SAME DIRECTION,OTHER,,STRAIGHT AND LEVEL,DRY,NO DEFECTS,NOT ON SCENE (DESK REPORT),NO INJURY / DRIVE AWAY,Y,,,"OVER $1,500",03/27/2023 01:10:00 PM,IMPROPER OVERTAKING/PASSING,UNABLE TO DETERMINE,6000,S,VERNON AVE,313.0,,,,,,,2,NO INDICATION OF INJURY,0.0,0.0,0.0,0.0,0.0,2.0,0.0,17,3,3,41.7856322255,-87.6146075094,POINT (-87.614607509413 41.785632225453)
9dd03e10cd04edb1f0dab5bba7c33aee0ccc2ec4f4e33244e47f2003f75cf74df40a2ab6bf3c807b3df7346942b674e705eb9a1fee79c8a4022e4660b9ad09af,Y,08/02/2021 01:25:00 PM,35,NO CONTROLS,NO CONTROLS,CLEAR,DAYLIGHT,SIDESWIPE SAME DIRECTION,DIVIDED - W/MEDIAN (NOT RAISED),,STRAIGHT AND LEVEL,DRY,NO DEFECTS,NOT ON SCENE (DESK REPORT),NO INJURY / DRIVE AWAY,,,Y,"$501 - $1,500",08/02/2021 02:00:00 PM,IMPROPER OVERTAKING/PASSING,"OPERATING VEHICLE IN ERRATIC, RECKLESS, CARELESS, NEGLIGENT OR AGGRESSIVE MANNER",1835,E,95TH ST,431.0,,,,,,,2,NO INDICATION OF INJURY,0.0,0.0,0.0,0.0,0.0,3.0,0.0,13,2,8,41.7223152189,-87.5788543234,POINT (-87.578854323402 41.72231521886)
98c1ac40334e6c33cd45b0aeb078f0f6485cb0e0c675d69907d5ccc23bb2f36856928ee116a8413acfc5a8fae7ed7a0f22bd1f75aea26ec31f427da4d8778480,,03/16/2023 01:42:00 PM,25,TRAFFIC SIGNAL,UNKNOWN,RAIN,DAYLIGHT,TURNING,FOUR WAY,,STRAIGHT AND LEVEL,WET,UNKNOWN,ON SCENE,NO INJURY / DRIVE AWAY,Y,,,"OVER $1,500",03/16/2023 01:59:00 PM,FAILING TO YIELD RIGHT-OF-WAY,NOT APPLICABLE,1600,W,CERMAK RD,1234.0,,,,,,,2,NO INDICATION OF INJURY,0.0,0.0,0.0,0.0,0.0,3.0,0.0,13,5,3,41.8524380492,-87.6661522304,POINT (-87.666152230449 41.852438049213)
1905ef54fb3c7c745098e6380f08a67d11a51ec41de04f199696e26e32fd9a73eb78c5f79722ff9edd859d4ae230e961da2fc4e70235d5e0d62d2174fe564f2c,,12/16/2018 09:00:00 PM,30,TRAFFIC SIGNAL,FUNCTIONING PROPERLY,CLEAR,DARKNESS,TURNING,DIVIDED - W/MEDIAN (NOT RAISED),3,STRAIGHT AND LEVEL,DRY,NO DEFECTS,ON SCENE,INJURY AND / OR TOW DUE TO CRASH,,,Y,"OVER $1,500",12/16/2018 09:46:00 PM,NOT APPLICABLE,NOT APPLICABLE,40,W,76TH ST,623.0,,,,,,,2,NO INDICATION OF INJURY,0.0,0.0,0.0,0.0,0.0,2.0,0.0,21,1,12,41.7564723055,-87.6263127555,POINT (-87.626312755454 41.756472305523)
0d4251a05aa7fca5c6e7b1f1f122c59950514050ac3ffca4f852abfba06484398782b9d20353f8378c86b0acf2a6baa6830ca52efd3f7640f13316fcc50415b7,,09/04/2020 07:44:00 AM,30,NO CONTROLS,NO CONTROLS,CLEAR,DAYLIGHT,SIDESWIPE SAME DIRECTION,NOT DIVIDED,,STRAIGHT AND LEVEL,DRY,NO DEFECTS,ON SCENE,NO INJURY / DRIVE AWAY,,,Y,"$501 - $1,500",09/04/2020 07:44:00 AM,UNABLE TO DETERMINE,NOT APPLICABLE,4815,N,ELSTON AVE,1712.0,,,,,,,2,NO INDICATION OF INJURY,0.0,0.0,0.0,0.0,0.0,2.0,0.0,7,6,9,41.9684806606,-87.7405281735,POINT (-87.740528173505 41.968480660572)
60ea6d0f1a24e249ed92f15f47d29bb7c660a884dc40ed5754ca9324ef45c9f8068cf12c5f85b411a934b22f9f7ed752be833c9b8f1e8590e5fe821f91498c4a,,12/11/2019 02:00:00 PM,30,TRAFFIC SIGNAL,NO CONTROLS,CLEAR,DAYLIGHT,TURNING,NOT DIVIDED,,STRAIGHT AND LEVEL,DRY,NO DEFECTS,ON SCENE,INJURY AND / OR TOW DUE TO CRASH,Y,,,"OVER $1,500",12/11/2019 02:05:00 PM,NOT APPLICABLE,NOT APPLICABLE,5700,S,DORCHESTER AVE,235.0,,,,,,,2,NO INDICATION OF INJURY,0.0,0.0,0.0,0.0,0.0,3.0,0.0,14,4,12,41.7914047218,-87.5917415846,POINT (-87.591741584625 41.791404721837)
918e548f2735fcbdfe9081bd694c55d1095bfbef1d4839454b8424f44012fd56171be56e40fd7ea32ca784ace82e841e3ac65dcb3fa18a2a549e6c3a8c10cdf0,Y,06/16/2019 01:00:00 PM,25,NO CONTROLS,NO CONTROLS,CLEAR,UNKNOWN,PARKED MOTOR VEHICLE,NOT DIVIDED,,STRAIGHT AND LEVEL,DRY,NO DEFECTS,NOT ON SCENE (DESK REPORT),NO INJURY / DRIVE AWAY,,,,"$501 - $1,500",06/16/2019 11:00:00 PM,NOT APPLICABLE,NOT APPLICABLE,1099,W,WINONA ST,2024.0,,,,,,,2,NO INDICATION OF INJURY,0.0,0.0,0.0,0.0,0.0,1.0,0.0,13,1,6,41.9751305179,-87.6577138118,POINT (-87.657713811805 41.975130517913)
2d01622a96034b1365b81c04d488ae31581e4cb323d41d2c15eeb2d84bdecd21eefef0d7e02298380fd6bce2be6441e0600b7043b6204189bfa3eb61147c714d,,07/08/2020 04:20:00 PM,30,NO CONTROLS,NO CONTROLS,CLEAR,DAYLIGHT,PARKED MOTOR VEHICLE,NOT DIVIDED,,STRAIGHT AND LEVEL,DRY,UNKNOWN,NOT ON SCENE (DESK REPORT),NO INJURY / DRIVE AWAY,,,,"OVER $1,500",07/08/2020 06:12:00 PM,UNABLE TO DETERMINE,UNABLE TO DETERMINE,2800,W,52ND ST,923.0,,,,,,,2,NO INDICATION OF INJURY,0.0,0.0,0.0,0.0,0.0,2.0,0.0,16,4,7,41.7992725043,-87.6940144638,POINT (-87.694014463785 41.799272504267)
2a252cf1cfe3727be34f732a2422c9d7465cb245de4946759f6c394dfca22cd08c89de60509e6dbc40ba1f234810512cc262df1d13f38be11baa394dfadfc486,,07/18/2018 03:36:00 PM,30,NO CONTROLS,NO CONTROLS,CLEAR,DAYLIGHT,REAR END,NOT DIVIDED,4,STRAIGHT AND LEVEL,DRY,NO DEFECTS,ON SCENE,INJURY AND / OR TOW DUE TO CRASH,Y,,,"OVER $1,500",07/18/2018 03:36:00 PM,FOLLOWING TOO CLOSELY,UNABLE TO DETERMINE,2801,N,ASHLAND AVE,1932.0,,,,,,,4,NO INDICATION OF INJURY,0.0,0.0,0.0,0.0,0.0,5.0,0.0,15,4,7,41.9324522904,-87.6682489976,POINT (-87.668248997573 41.932452290409)
31aec1f6a955ac333f5aab8567b1842bd66cc78205912cd19701393c1390788b085b95b8497bb72f438cd838539a3d7d3f8169e679f36c3f76c56f5d99eaa5d2,,08/04/2023 05:26:00 PM,25,NO CONTROLS,OTHER,CLEAR,DAYLIGHT,TURNING,T-INTERSECTION,,STRAIGHT AND LEVEL,DRY,NO DEFECTS,ON SCENE,NO INJURY / DRIVE AWAY,N,,,"$501 - $1,500",08/04/2023 05:27:00 PM,UNABLE TO DETERMINE,UNABLE TO DETERMINE,1840,W,DIVERSEY PKWY,1931.0,,Y,,,,,2,NO INDICATION OF INJURY,0.0,0.0,0.0,0.0,0.0,4.0,0.0,17,6,8,41.9324313543,-87.6751860342,POINT (-87.675186034226 41.932431354312)
790f06753ba3dc7901af1728cf467eeceb54d64686621af17ec71a5284d3aa7dffd14ac7a49cdfd93a8f4f2651165b372c0a80e6b94493efba50eb023b11fdd4,,12/22/2024 05:50:00 PM,35,STOP SIGN/FLASHER,UNKNOWN,CLEAR,DARKNESS,ANGLE,OTHER,,STRAIGHT AND LEVEL,UNKNOWN,UNKNOWN,ON SCENE,NO INJURY / DRIVE AWAY,Y,,,"OVER $1,500",12/22/2024 06:03:00 PM,UNABLE TO DETERMINE,UNABLE TO DETERMINE,3999,W,84TH PL,834.0,,,,,,,2,NO INDICATION OF INJURY,0.0,0.0,0.0,0.0,0.0,3.0,0.0,17,1,12,41.739324036,-87.7214637464,POINT (-87.72146374638 41.739324036017)
42b4b67b6afbbb850c81c6bc5fb590ccd2b6e157e64e01ca42139b5baeab9060e16582acd3071a71b69550216c4d22dc3f6c631d646806c765e342c2f65c6987,,11/28/2018 08:15:00 AM,15,NO CONTROLS,NO CONTROLS,CLEAR,DAYLIGHT,REAR END,ONE-WAY,1,STRAIGHT AND LEVEL,DRY,NO DEFECTS,NOT ON SCENE (DESK REPORT),NO INJURY / DRIVE AWAY,,,,"$501 - $1,500",12/13/2018 09:30:00 AM,UNABLE TO DETERMINE,UNABLE TO DETERMINE,2932,W,ARTHUR AVE,2412.0,,,,,,,2,NO INDICATION OF INJURY,0.0,0.0,0.0,0.0,0.0,2.0,0.0,8,4,11,41.9994287907,-87.7034237984,POINT (-87.703423798398 41.999428790676)
bb48b100ff3e1256522b8edb9e27d9b158de2ec56f04d634a664411f970829e0555e3854495c7fb794da71badf66c4a255486b66282efe842ece3e954a52ca38,,07/28/2018 03:15:00 PM,30,NO CONTROLS,NO CONTROLS,CLEAR,DAYLIGHT,SIDESWIPE SAME DIRECTION,NOT DIVIDED,,STRAIGHT AND LEVEL,DRY,NO DEFECTS,NOT ON SCENE (DESK REPORT),NO INJURY / DRIVE AWAY,,,,"$501 - $1,500",07/28/2018 04:17:00 PM,UNABLE TO DETERMINE,UNABLE TO DETERMINE,499,N,WELLS ST,1831.0,,,,,,,2,NO INDICATION OF INJURY,0.0,0.0,0.0,0.0,0.0,4.0,0.0,15,7,7,41.8907475879,-87.6339012972,POINT (-87.633901297155 41.890747587896)
041113924f9f67742663a06057c9822fe2d9804ea8a892b6a4c5a31de10937ffd085352db45ee142c2b821d2c432926494ec15fcfed3bb6e2b7390b62ad4152c,,12/26/2022 02:15:00 PM,30,TRAFFIC SIGNAL,FUNCTIONING IMPROPERLY,CLEAR,"DARKNESS, LIGHTED ROAD",REAR TO FRONT,PARKING LOT,,STRAIGHT AND LEVEL,DRY,NO DEFECTS,NOT ON SCENE (DESK REPORT),NO INJURY / DRIVE AWAY,,,Y,"OVER $1,500",12/26/2022 04:00:00 PM,IMPROPER OVERTAKING/PASSING,NOT APPLICABLE,4733,W,76TH ST,833.0,,,,,,,2,NO INDICATION OF INJURY,0.0,0.0,0.0,0.0,0.0,3.0,0.0,14,2,12,41.7542373256,-87.7405178608,POINT (-87.740517860834 41.754237325612)
9b709b293647f5dc6d3993e3eb3fa59a382a7de9073a85f142fea13f576375a6964bd18966909c33a2e09c5544354ec2296e76ad433c2d6a6b80fab2557261c2,,12/19/2023 04:45:00 PM,30,NO CONTROLS,NO CONTROLS,CLEAR,"DARKNESS, LIGHTED ROAD",TURNING,FOUR WAY,,STRAIGHT AND LEVEL,DRY,UNKNOWN,ON SCENE,INJURY AND / OR TOW DUE TO CRASH,Y,,Y,"OVER $1,500",12/19/2023 04:55:00 PM,UNABLE TO DETERMINE,UNABLE TO DETERMINE,8600,S,PULASKI RD,834.0,,,,,,,2,NONINCAPACITATING INJURY,1.0,0.0,0.0,1.0,0.0,2.0,0.0,16,3,12,41.7366282832,-87.7216400829,POINT (-87.721640082906 41.736628283167)
18b53e08ed872ed2a783e4d1c71f0724348142313a2f984a04d5cd89431fcd2e64f126fe15d19ece31a6513dfb9baffc70b469fa718f9962c324aa050217db79,,05/13/2023 04:30:00 PM,35,OTHER,OTHER,UNKNOWN,UNKNOWN,SIDESWIPE SAME DIRECTION,NOT DIVIDED,,STRAIGHT AND LEVEL,UNKNOWN,UNKNOWN,,NO INJURY / DRIVE AWAY,,,,$500 OR LESS,05/13/2023 07:20:00 PM,IMPROPER OVERTAKING/PASSING,UNABLE TO DETERMINE,500,W,WASHINGTON BLVD,121.0,,,,,,,2,NO INDICATION OF INJURY,0.0,0.0,0.0,0.0,0.0,2.0,0.0,16,7,5,41.8832909204,-87.6397847589,POINT (-87.639784758898 41.883290920413)
b81e23f0745c9e8c0937b6534c64cca9372e061c5e58b6d1ecf4b42e84318f59f1b75a5fff82c6d118b5d12a12b5fa5544d7e63e5620e3557638fcc1cd8150c8,,06/23/2024 07:14:00 PM,30,TRAFFIC SIGNAL,UNKNOWN,CLEAR,DAYLIGHT,TURNING,FOUR WAY,,STRAIGHT AND LEVEL,DRY,NO DEFECTS,ON SCENE,INJURY AND / OR TOW DUE TO CRASH,Y,,,"OVER $1,500",06/23/2024 07:14:00 PM,UNABLE TO DETERMINE,NOT APPLICABLE,9860,S,BEVERLY AVE,2213.0,,,,,,,2,"REPORTED, NOT EVIDENT",1.0,0.0,0.0,0.0,1.0,4.0,0.0,19,1,6,41.714161407,-87.6598791698,POINT (-87.659879169758 41.714161406987)
fa7dd605f64b9fa84ff1a983a0dd4e8e2bd7c47d5760d34e020065cb8cebee19236e74d259a0d4eb7271a42c5fdf4ae59097906e9866a47cf293a7dc5d840b9c,,02/06/2021 03:38:00 AM,30,TRAFFIC SIGNAL,FUNCTIONING PROPERLY,CLEAR,"DARKNESS, LIGHTED ROAD",ANGLE,FOUR WAY,,STRAIGHT AND LEVEL,DRY,NO DEFECTS,ON SCENE,INJURY AND / OR TOW DUE TO CRASH,Y,,,"OVER $1,500",02/06/2021 03:55:00 AM,DISREGARDING TRAFFIC SIGNALS,NOT APPLICABLE,3800,W,DIVISION ST,2535.0,,,,,,,2,NONINCAPACITATING INJURY,1.0,0.0,0.0,1.0,0.0,3.0,0.0,3,7,2,41.9028221015,-87.7214931508,POINT (-87.721493150831 41.902822101502)
2b7ec305bd9442a39226c763f7f919880fc47691da8956b6ea830b6e72b49afe4974d0198097970dc7047bf279fc1ce4c6730febc0a4e0c8c585004d09816fbb,,04/17/2019 07:00:00 AM,30,TRAFFIC SIGNAL,FUNCTIONING PROPERLY,CLOUDY/OVERCAST,DAYLIGHT,ANGLE,NOT DIVIDED,2,STRAIGHT AND LEVEL,DRY,NO DEFECTS,NOT ON SCENE (DESK REPORT),NO INJURY / DRIVE AWAY,Y,,,"OVER $1,500",04/17/2019 07:26:00 AM,DISREGARDING TRAFFIC SIGNALS,UNABLE TO DETERMINE,2801,W,HARRISON ST,1135.0,,,,,,,2,NO INDICATION OF INJURY,0.0,0.0,0.0,0.0,0.0,2.0,0.0,7,4,4,41.8736828846,-87.6962220423,POINT (-87.696222042305 41.873682884646)