CRASH_RECORD_ID,CRASH_DATE_EST_I,CRASH_DATE,POSTED_SPEED_LIMIT,TRAFFIC_CONTROL_DEVICE,DEVICE_CONDITION,WEATHER_CONDITION,LIGHTING_CONDITION,FIRST_CRASH_TYPE,TRAFFICWAY_TYPE,LANE_CNT,ALIGNMENT,ROADWAY_SURFACE_COND,ROAD_DEFECT,REPORT_TYPE,CRASH_TYPE,INTERSECTION_RELATED_I,NOT_RIGHT_OF_WAY_I,HIT_AND_RUN_I,DAMAGE,DATE_POLICE_NOTIFIED,PRIM_CONTRIBUTORY_CAUSE,SEC_CONTRIBUTORY_CAUSE,STREET_NO,STREET_DIRECTION,STREET_NAME,BEAT_OF_OCCURRENCE,PHOTOS_TAKEN_I,STATEMENTS_TAKEN_I,DOORING_I,WORK_ZONE_I,WORK_ZONE_TYPE,WORKERS_PRESENT_I,NUM_UNITS,MOST_SEVERE_INJURY,INJURIES_TOTAL,INJURIES_FATAL,INJURIES_INCAPACITATING,INJURIES_NON_INCAPACITATING,INJURIES_REPORTED_NOT_EVIDENT,INJURIES_NO_INDICATION,INJURIES_UNKNOWN,CRASH_HOUR,CRASH_DAY_OF_WEEK,CRASH_MONTH,LATITUDE,LONGITUDE,LOCATION
16924fa6d23ede82035830ffd8961d3f767aa4c9bf8bd98031d5c43f17c224e56d5c241d48875cc5e3fbe1d569745356be53806e86ec5ee4cea8fbb2dc78eab9,,06/26/2023 07:30:00 AM,30,TRAFFIC SIGNAL,FUNCTIONING PROPERLY,CLEAR,DAYLIGHT,REAR END,NOT DIVIDED,,STRAIGHT AND LEVEL,DRY,NO DEFECTS,NOT ON SCENE (DESK REPORT),NO INJURY / DRIVE AWAY,,,,"$501 - $1,500",06/27/2023 09:35:00 AM,FOLLOWING TOO CLOSELY,NOT APPLICABLE,119,N,AUSTIN BLVD,1512.0,,,,,,,2,NO INDICATION OF INJURY,0.0,0.0,0.0,0.0,0.0,2.0,0.0,7,2,6,41.882730098,-87.774595285,POINT (-87.774595284983 41.882730098039)
73651573d4c5cd0db92fc8b4f9d26885f0ece9b0e62df7c3429dcd64e675cdacc908d0324cd2940a12e337c8e0a30d871332bca374698b88d517f66a01310200,,12/01/2018 11:50:00 AM,30,TRAFFIC SIGNAL,FUNCTIONING PROPERLY,RAIN,DAYLIGHT,ANGLE,DIVIDED - W/MEDIAN BARRIER,,STRAIGHT AND LEVEL,WET,NO DEFECTS,ON SCENE,INJURY AND / OR TOW DUE TO CRASH,Y,,,"OVER $1,500",12/01/2018 12:04:00 PM,FAILING TO REDUCE SPEED TO AVOID CRASH,DISREGARDING TRAFFIC SIGNALS,5499,S,UNION AVE,935.0,,,,,,,2,NONINCAPACITATING INJURY,1.0,0.0,0.0,1.0,0.0,1.0,0.0,11,7,12,41.7940088017,-87.6425725261,POINT (-87.642572526132 41.794008801689)
05cc7cbd198418cf721bb17e6c3f229b8fa3885b1e1408b2fbd2ba33abd23877db36b15fa9d348bfcf4956997672af264a4734d48c55caf72e6474942c5b510b,,10/20/2019 05:40:00 AM,30,TRAFFIC SIGNAL,FUNCTIONING PROPERLY,CLEAR,"DARKNESS, LIGHTED ROAD",REAR END,NOT DIVIDED,,STRAIGHT AND LEVEL,DRY,NO DEFECTS,ON SCENE,NO INJURY / DRIVE AWAY,Y,,Y,"$501 - $1,500",10/20/2019 05:51:00 AM,UNABLE TO DETERMINE,NOT APPLICABLE,8256,S,SOUTH CHICAGO AVE,414.0,,,,,,,2,NO INDICATION OF INJURY,0.0,0.0,0.0,0.0,0.0,2.0,0.0,5,1,10,41.7448845194,-87.5765979291,POINT (-87.576597929069 41.744884519371)
a6711ddd8268ad1c338e34c26c93ab0a45b141f7c2acff6bfa057c60adadc86acbe8b55f9b3933eb660fc39876ce6512520e5fa9b902d805d2e45d3985b085e0,,04/28/2022 03:34:00 PM,30,TRAFFIC SIGNAL,FUNCTIONING PROPERLY,FREEZING RAIN/DRIZZLE,DAYLIGHT,SIDESWIPE SAME DIRECTION,FOUR WAY,,STRAIGHT AND LEVEL,WET,NO DEFECTS,ON SCENE,INJURY AND / OR TOW DUE TO CRASH,Y,,Y,"OVER $1,500",04/28/2022 03:36:00 PM,IMPROPER TURNING/NO SIGNAL,IMPROPER LANE USAGE,3727,S,ARCHER AVE,911.0,,,,,,,3,NO INDICATION OF INJURY,0.0,0.0,0.0,0.0,0.0,3.0,0.0,15,5,4,41.8257362888,-87.685000708,POINT (-87.685000708042 41.82573628882)
5dc92e38fbb96d056f52d72d00a5579ffdf9e3d73d8394e8ca69a77096121938b7f4293b68eeed8c8408bf0d76d58724e0d665d24b9d7ddc02c1f653a76fa363,,05/22/2025 06:00:00 PM,30,NO CONTROLS,NO CONTROLS,CLEAR,DAYLIGHT,REAR END,NOT DIVIDED,,STRAIGHT AND LEVEL,UNKNOWN,UNKNOWN,NOT ON SCENE (DESK REPORT),NO INJURY / DRIVE AWAY,,,,"OVER $1,500",05/22/2025 07:35:00 PM,FOLLOWING TOO CLOSELY,NOT APPLICABLE,4750,W,MARQUETTE RD,833.0,,,,,,,2,NO INDICATION OF INJURY,0.0,0.0,0.0,0.0,0.0,2.0,0.0,18,5,5,41.7712452227,-87.7416662578,POINT (-87.741666257764 41.771245222702)
f0a910757f3c35cc9dba610d0363c432531be50b6884989366306cc975553a8fd49faf69d9215742d3377a95d2d0d76936c568eac12e7592c6c934bb688da0e4,,04/23/2023 03:50:00 AM,20,NO CONTROLS,NO CONTROLS,CLEAR,"DARKNESS, LIGHTED ROAD",PARKED MOTOR VEHICLE,ONE-WAY,,STRAIGHT AND LEVEL,DRY,NO DEFECTS,ON SCENE,NO INJURY / DRIVE AWAY,,,Y,"OVER $1,500",04/23/2023 03:50:00 AM,UNABLE TO DETERMINE,NOT APPLICABLE,3720,W,BERTEAU AVE,1723.0,,,,,,,2,NO INDICATION OF INJURY,0.0,0.0,0.0,0.0,0.0,1.0,0.0,3,1,4,41.9574954888,-87.7212824862,POINT (-87.721282486157 41.957495488758)
ca18ff2dbe2929b8195784696896ad4e87a3b49dc8249efa71f9ccd147d8f3a4e7c21815957caac2cbcde6e263ef124b7d1acb374967a1a104025376bddf26db,,11/28/2017 07:55:00 AM,30,TRAFFIC SIGNAL,FUNCTIONING PROPERLY,CLEAR,DAYLIGHT,PEDESTRIAN,NOT DIVIDED,,STRAIGHT AND LEVEL,DRY,NO DEFECTS,ON SCENE,INJURY AND / OR TOW DUE TO CRASH,Y,,,$500 OR LESS,11/28/2017 07:55:00 AM,FAILING TO YIELD RIGHT-OF-WAY,NOT APPLICABLE,1200,N,CLARK ST,1821.0,,,,,,,2,"REPORTED, NOT EVIDENT",1.0,0.0,0.0,0.0,1.0,1.0,0.0,7,3,11,41.9039923328,-87.6315948953,POINT (-87.631594895269 41.903992332756)
92536ade36b8ac1cec30b428218872165c21758cb94bf2d9b3dd5467d1f773b3076561ac6d0c32986d5f82dab9393af7744d8a74e198352968abbce4115884aa,,08/05/2020 12:12:00 PM,30,TRAFFIC SIGNAL,FUNCTIONING IMPROPERLY,CLEAR,DAYLIGHT,ANGLE,DIVIDED - W/MEDIAN (NOT RAISED),,STRAIGHT AND LEVEL,DRY,NO DEFECTS,ON SCENE,NO INJURY / DRIVE AWAY,Y,,,"$501 - $1,500",08/05/2020 12:14:00 PM,FAILING TO REDUCE SPEED TO AVOID CRASH,FAILING TO REDUCE SPEED TO AVOID CRASH,9900,S,HALSTED ST,2232.0,,,,Y,CONSTRUCTION,,2,NO INDICATION OF INJURY,0.0,0.0,0.0,0.0,0.0,3.0,0.0,12,4,8,41.7141188681,-87.6431454082,POINT (-87.643145408182 41.71411886809)
d6073127e0895ba96e753fdd84157c5253fe6a5b6fa1162cd63f3a080ea3f6a657a46eefa3410f4903ecc92d50beeb5075c3f7026551c00b2ace9931c6c7e193,,10/26/2018 04:30:00 PM,30,NO CONTROLS,NO CONTROLS,CLEAR,DAYLIGHT,REAR END,DIVIDED - W/MEDIAN BARRIER,4,STRAIGHT AND LEVEL,DRY,NO DEFECTS,ON SCENE,INJURY AND / OR TOW DUE TO CRASH,,,,"OVER $1,500",10/26/2018 04:35:00 PM,FAILING TO REDUCE SPEED TO AVOID CRASH,NOT APPLICABLE,2052,W,IRVING PARK RD,1911.0,,,,,,,3,NONINCAPACITATING INJURY,1.0,0.0,0.0,1.0,0.0,2.0,0.0,16,6,10,41.9542345075,-87.6809199226,POINT (-87.680919922577 41.954234507472)
ba4b2caa9d1444e6ad47d0fc9999ee61364e982d75e7637edd222832562b0417527e76f48418dedc98189a25ee577690e11e542bc6236cce5029ac1a45c48be1,Y,01/31/2021 01:00:00 PM,30,NO CONTROLS,NO CONTROLS,UNKNOWN,UNKNOWN,PARKED MOTOR VEHICLE,NOT DIVIDED,,STRAIGHT AND LEVEL,SNOW OR SLUSH,NO DEFECTS,NOT ON SCENE (DESK REPORT),NO INJURY / DRIVE AWAY,,,Y,"OVER $1,500",02/02/2021 02:50:00 PM,UNABLE TO DETERMINE,NOT APPLICABLE,6951,N,OZARK AVE,1611.0,,,,,,,2,NO INDICATION OF INJURY,0.0,0.0,0.0,0.0,0.0,1.0,0.0,13,1,1,42.0073807543,-87.8199089263,POINT (-87.819908926307 42.00738075433)
f38ec810e72942abda25f6495d5adc0240d48659081396a156bc59f6daf2d35c16c094d4389c4b24c939e2f751594b2a15eb5f1c8a72b771608a650d4dafe7a5,,05/27/2024 12:19:00 PM,20,NO CONTROLS,NO CONTROLS,CLEAR,DAYLIGHT,PARKED MOTOR VEHICLE,ONE-WAY,,STRAIGHT AND LEVEL,DRY,NO DEFECTS,ON SCENE,NO INJURY / DRIVE AWAY,,,,"OVER $1,500",05/27/2024 12:30:00 PM,FOLLOWING TOO CLOSELY,NOT APPLICABLE,9438,S,CHAMPLAIN AVE,633.0,,,,,,,2,NO INDICATION OF INJURY,0.0,0.0,0.0,0.0,0.0,1.0,0.0,12,2,5,41.7227064256,-87.6082673562,POINT (-87.608267356237 41.722706425567)
fe0e0826045cb4ddfb7a4f17f7a236afcea6c67ea39dd99bbe64148b06ffe7b8a1f58456ba12fbf1a07568b182a8d528590b5d95f6d12589bf6f75c33a396488,,11/29/2024 03:07:00 AM,35,NO CONTROLS,NO CONTROLS,CLEAR,"DARKNESS, LIGHTED ROAD",FIXED OBJECT,NOT DIVIDED,,STRAIGHT AND LEVEL,DRY,NO DEFECTS,ON SCENE,INJURY AND / OR TOW DUE TO CRASH,,,Y,"OVER $1,500",11/29/2024 03:07:00 AM,UNABLE TO DETERMINE,NOT APPLICABLE,318,N,HOMAN AVE,1123.0,,,,,,,1,NO INDICATION OF INJURY,0.0,0.0,0.0,0.0,0.0,1.0,0.0,3,6,11,41.8870040121,-87.7113324733,POINT (-87.711332473256 41.887004012127)
0dde3531e5fd10107a0f2dd19755a6f145f84dbc1e04b445c631449a2e48f8609a740df22220c476faef497732a7f063d65cfe48ab9603db7b5835deb58edc4a,Y,09/12/2018 05:00:00 AM,30,NO CONTROLS,NO CONTROLS,CLEAR,DAYLIGHT,PARKED MOTOR VEHICLE,ONE-WAY,2,STRAIGHT AND LEVEL,DRY,NO DEFECTS,ON SCENE,NO INJURY / DRIVE AWAY,,,,"OVER $1,500",09/12/2018 11:40:00 AM,NOT APPLICABLE,NOT APPLICABLE,1339,W,ADAMS ST,1231.0,,,,,,,3,NO INDICATION OF INJURY,0.0,0.0,0.0,0.0,0.0,1.0,0.0,5,4,9,41.8788834787,-87.6610414116,POINT (-87.661041411635 41.878883478736)
a92085ad0586a6142a5ea44964a492696f68721d50037d9ad198370270f2e727dbbc2240feeb2044a6f3b3294e2aea688ab5190b236c10c191f733de1c0b6a0a,,05/13/2020 01:50:00 PM,30,NO CONTROLS,NO CONTROLS,CLEAR,DAYLIGHT,TURNING,NOT DIVIDED,,STRAIGHT AND LEVEL,DRY,NO DEFECTS,NOT ON SCENE (DESK REPORT),NO INJURY / DRIVE AWAY,,,,"OVER $1,500",05/13/2020 03:22:00 PM,UNABLE TO DETERMINE,NOT APPLICABLE,1543,E,87TH ST,412.0,,,,,,,2,NO INDICATION OF INJURY,0.0,0.0,0.0,0.0,0.0,2.0,0.0,13,4,5,41.7367954576,-87.5862725091,POINT (-87.586272509131 41.736795457643)
648f8e69697d28c15b2ba8ce5a4879fa4454fb0e2c51539d0b51863d2faf20030a1a4c6c984c3b8f96418de26742f16405609f245c46c4c207f91d0e18802e26,,03/20/2019 10:50:00 AM,30,NO CONTROLS,NO CONTROLS,RAIN,DAYLIGHT,SIDESWIPE SAME DIRECTION,NOT DIVIDED,4,STRAIGHT AND LEVEL,WET,NO DEFECTS,ON SCENE,NO INJURY / DRIVE AWAY,,,Y,$500 OR LESS,03/20/2019 10:57:00 AM,IMPROPER OVERTAKING/PASSING,IMPROPER LANE USAGE,632,W,127TH ST,523.0,,,,,,,2,NO INDICATION OF INJURY,0.0,0.0,0.0,0.0,0.0,2.0,0.0,10,4,3,41.6634014748,-87.6378705304,POINT (-87.637870530375 41.66340147482)
d9f675e8cbfbd5f44c1b7f1c1751410648f9342414468ea70acd65257bc2e0c6ef9201fc5e72b6d507c9e8efe5f94ccfc618305fc9952d114479e018839d1dbe,,06/06/2025 12:30:00 PM,30,NO CONTROLS,NO CONTROLS,CLEAR,DAYLIGHT,SIDESWIPE SAME DIRECTION,NOT DIVIDED,,STRAIGHT AND LEVEL,DRY,NO DEFECTS,NOT ON SCENE (DESK REPORT),INJURY AND / OR TOW DUE TO CRASH,,,,"$501 - $1,500",06/06/2025 01:45:00 PM,FOLLOWING TOO CLOSELY,NOT APPLICABLE,5844,S,COTTAGE GROVE AVE,233.0,,,,,,,2,INCAPACITATING INJURY,4.0,0.0,1.0,3.0,0.0,1.0,0.0,12,6,6,41.7881789394,-87.6062343351,POINT (-87.606234335058 41.7881789394)
428d10e8a31abcdee4f53e98b7dad2da752907439efaacfee541167cafe82cf309984662a51506650095a09a5b2ff85eb477db6f5b2b8593db8306adc0df2229,,08/28/2024 12:00:00 PM,10,NO CONTROLS,NO CONTROLS,CLEAR,DAYLIGHT,TURNING,PARKING LOT,,STRAIGHT AND LEVEL,DRY,UNKNOWN,NOT ON SCENE (DESK REPORT),NO INJURY / DRIVE AWAY,,,,"OVER $1,500",08/29/2024 12:00:00 PM,FAILING TO YIELD RIGHT-OF-WAY,NOT APPLICABLE,8600,S,COTTAGE GROVE AVE,632.0,,,,,,,2,NO INDICATION OF INJURY,0.0,0.0,0.0,0.0,0.0,2.0,0.0,12,4,8,41.7383698914,-87.6050189968,POINT (-87.605018996828 41.738369891427)
5a1ef4f44a6221c0e4be9949d8fe071ade6dc3f930b294caf561abfab406dea2e550c0538ba398738064530633422488567254883651de9914b41bdc159bb6a4,,01/01/2020 02:00:00 AM,30,NO CONTROLS,NO CONTROLS,UNKNOWN,"DARKNESS, LIGHTED ROAD",PARKED MOTOR VEHICLE,NOT DIVIDED,,STRAIGHT AND LEVEL,DRY,NO DEFECTS,NOT ON SCENE (DESK REPORT),NO INJURY / DRIVE AWAY,,,Y,"$501 - $1,500",01/06/2020 05:40:00 PM,UNABLE TO DETERMINE,UNABLE TO DETERMINE,5122,N,CENTRAL PARK AVE,1712.0,,,,,,,2,NO INDICATION OF INJURY,0.0,0.0,0.0,0.0,0.0,1.0,0.0,2,4,1,41.9745269112,-87.7185710044,POINT (-87.718571004425 41.974526911221)
fd712760dd59dde3ec07d76792b3ad8a31bad568aed6edfcc631b9dddc5419c8861a3ce24adc8d6eb25795b02198c1eb22178976dd9fe2bd608fd90d6776f42b,N,05/08/2019 04:05:00 PM,20,NO CONTROLS,NO CONTROLS,CLEAR,DAYLIGHT,TURNING,DIVIDED - W/MEDIAN (NOT RAISED),,STRAIGHT AND LEVEL,DRY,NO DEFECTS,ON SCENE,NO INJURY / DRIVE AWAY,,,Y,"OVER $1,500",05/08/2019 04:16:00 PM,FAILING TO YIELD RIGHT-OF-WAY,UNABLE TO DETERMINE,500,W,83RD ST,622.0,,,,,,,2,NO INDICATION OF INJURY,0.0,0.0,0.0,0.0,0.0,2.0,0.0,16,4,5,,,
e76d2789ef48e4c773993d1e7d8985d010c12c3170b33f6e7862dbd7fd07a40c87f85470f9f8d93c00cb4dde58ebebc97e373bfdfb682a7217b02e4e5dc7308a,,01/02/2018 03:20:00 PM,30,TRAFFIC SIGNAL,FUNCTIONING PROPERLY,CLEAR,DAYLIGHT,REAR END,NOT DIVIDED,,STRAIGHT AND LEVEL,DRY,UNKNOWN,ON SCENE,INJURY AND / OR TOW DUE TO CRASH,,,,"OVER $1,500",01/02/2018 03:45:00 PM,FAILING TO YIELD RIGHT-OF-WAY,FOLLOWING TOO CLOSELY,5200,N,CICERO AVE,1621.0,,,,,,,3,NO INDICATION OF INJURY,0.0,0.0,0.0,0.0,0.0,3.0,0.0,15,3,1,41.9754383945,-87.7481451665,POINT (-87.748145166467 41.975438394487)
f25ff58c7eb266e9011dc74b90294b10d3f9160e130d3558e4801063d7f255a04ede03376b4c1f10b1967f9025d50902776408695c721d5307092cbedec9b8f6,,04/02/2023 04:12:00 AM,30,TRAFFIC SIGNAL,FUNCTIONING PROPERLY,CLEAR,"DARKNESS, LIGHTED ROAD",ANGLE,NOT DIVIDED,,STRAIGHT AND LEVEL,DRY,NO DEFECTS,,INJURY AND / OR TOW DUE TO CRASH,Y,,Y,"OVER $1,500",04/02/2023 04:12:00 AM,DISREGARDING TRAFFIC SIGNALS,FAILING TO REDUCE SPEED TO AVOID CRASH,1400,N,CLARK ST,1821.0,,,,,,,4,INCAPACITATING INJURY,1.0,0.0,1.0,0.0,0.0,2.0,0.0,4,1,4,41.9078716695,-87.6317171007,POINT (-87.631717100748 41.907871669546)
1e570c3da5670feb78a117389591447ec162164c313dfdc813999898b1bc115ae829b1d51b80b9860336e7c0d4c4bd5896f9afffe1648c8f4469c44902b8c6a6,,12/21/2017 02:25:00 PM,30,TRAFFIC SIGNAL,UNKNOWN,CLEAR,DAYLIGHT,TURNING,DIVIDED - W/MEDIAN (NOT RAISED),4,STRAIGHT AND LEVEL,DRY,UNKNOWN,NOT ON SCENE (DESK REPORT),NO INJURY / DRIVE AWAY,Y,,,"$501 - $1,500",12/21/2017 03:30:00 PM,UNABLE TO DETERMINE,UNABLE TO DETERMINE,3426,S,KEDZIE AVE,911.0,,,,,,,2,NO INDICATION OF INJURY,0.0,0.0,0.0,0.0,0.0,3.0,0.0,14,5,12,41.8308240348,-87.7047906372,POINT (-87.704790637218 41.830824034822)
243d33809541a96c0d8c1ceb2b33287f6c3da6b3ab8839cb07d374dd7b6d675d20725ce176c27a0fdbd96dc0c6c1283a16158d866f14c8a667d244d565220e3c,,08/06/2017 08:20:00 PM,30,STOP SIGN/FLASHER,NO CONTROLS,CLEAR,"DARKNESS, LIGHTED ROAD",TURNING,DIVIDED - W/MEDIAN BARRIER,2,STRAIGHT AND LEVEL,DRY,NO DEFECTS,NOT ON SCENE (DESK REPORT),NO INJURY / DRIVE AWAY,Y,,,"$501 - $1,500",08/07/2017 01:00:00 PM,UNABLE TO DETERMINE,NOT APPLICABLE,1100,W,MADISON ST,1224.0,,,,,,,2,NO INDICATION OF INJURY,0.0,0.0,0.0,0.0,0.0,3.0,0.0,20,1,8,41.881779411,-87.654380269,POINT (-87.654380269009 41.88177941105)
50443ed4735595ddaa3c0944e493a41f6a60a5cd1bc9deaad6a4fcca72e761d8883d32513cd04c5cca75e4c2a644511a37cd5b42edce21489dee7acdadab922e,,03/07/2024 07:26:00 AM,30,UNKNOWN,UNKNOWN,CLEAR,DAYLIGHT,SIDESWIPE SAME DIRECTION,DIVIDED - W/MEDIAN BARRIER,,STRAIGHT AND LEVEL,DRY,NO DEFECTS,ON SCENE,NO INJURY / DRIVE AWAY,,,Y,"OVER $1,500",03/07/2024 06:00:00 PM,UNABLE TO DETERMINE,UNABLE TO DETERMINE,1852,N,LAKE SHORE DR SB,1814.0,,,,,,,2,NO INDICATION OF INJURY,0.0,0.0,0.0,0.0,0.0,2.0,0.0,7,5,3,41.9164136538,-87.6283893713,POINT (-87.628389371335 41.916413653821)
4825e341f2afe9e3b18d95b2bb0c917a5a1dad724b2b4d9c9d7bf5bcc2a692176bccbda9d049e65754e4baf04a15c6e22259d44db10680c2dbbcaea82ca9178a,,01/29/2018 01:00:00 PM,10,NO CONTROLS,NO CONTROLS,CLEAR,DAYLIGHT,PARKED MOTOR VEHICLE,PARKING LOT,99,STRAIGHT AND LEVEL,DRY,NO DEFECTS,NOT ON SCENE (DESK REPORT),NO INJURY / DRIVE AWAY,,,,"$501 - $1,500",03/07/2018 02:25:00 PM,DRIVING SKILLS/KNOWLEDGE/EXPERIENCE,UNABLE TO DETERMINE,9500,S,JEFFERY AVE,431.0,,,,,,,2,NO INDICATION OF INJURY,0.0,0.0,0.0,0.0,0.0,1.0,0.0,13,2,1,41.722375907,-87.5754999033,POINT (-87.575499903328 41.722375907041)
6cb1beb85c66e15d389832db5138d88c44b94a5f74361db6816a491cafc7908d4196de8486ea049dfa6b073a66792fcc5e89a266b58f1327af7f2f595be0d0ed,,03/13/2018 05:45:00 PM,30,TRAFFIC SIGNAL,FUNCTIONING PROPERLY,SNOW,DAYLIGHT,REAR END,NOT DIVIDED,,STRAIGHT AND LEVEL,SNOW OR SLUSH,NO DEFECTS,NOT ON SCENE (DESK REPORT),NO INJURY / DRIVE AWAY,,,,"$501 - $1,500",03/13/2018 06:16:00 PM,FOLLOWING TOO CLOSELY,FOLLOWING TOO CLOSELY,4100,W,WASHINGTON BLVD,1114.0,,,,,,,2,NO INDICATION OF INJURY,0.0,0.0,0.0,0.0,0.0,2.0,0.0,17,3,3,41.8821223021,-87.7282835811,POINT (-87.728283581145 41.882122302134)
f8c11b97a3804b0020168c8ea67b24ac886fdc7ec8539b4b4bea0f0d01c1be694b78f5e10d267950dbf03940beeea1539abe587e0bbfd7b76d80f56aba0542e9,,01/18/2020 08:04:00 PM,30,TRAFFIC SIGNAL,FUNCTIONING PROPERLY,CLEAR,"DARKNESS, LIGHTED ROAD",REAR END,NOT DIVIDED,,STRAIGHT AND LEVEL,DRY,NO DEFECTS,NOT ON SCENE (DESK REPORT),NO INJURY / DRIVE AWAY,,,,"$501 - $1,500",01/18/2020 10:50:00 PM,UNABLE TO DETERMINE,UNABLE TO DETERMINE,4857,N,WESTERN AVE,2031.0,,,,,,,2,NO INDICATION OF INJURY,0.0,0.0,0.0,0.0,0.0,2.0,0.0,20,7,1,41.9703229599,-87.6888150665,POINT (-87.688815066503 41.970322959947)
67ac361fa359cbb546d03c5bd7d26ebe31e8c16b189d70bb1d2233fe23c3a4eb3a182e42caec0f8dac85b0d2e1f959e9f5293770c048c4811c89372469c672fb,,04/28/2023 01:45:00 AM,15,NO CONTROLS,NO CONTROLS,CLEAR,"DARKNESS, LIGHTED ROAD",PEDESTRIAN,ONE-WAY,,STRAIGHT AND LEVEL,DRY,NO DEFECTS,ON SCENE,INJURY AND / OR TOW DUE TO CRASH,,,Y,"OVER $1,500",04/28/2023 01:45:00 AM,UNABLE TO DETERMINE,UNABLE TO DETERMINE,9915,S,WOOD ST,2213.0,,,,,,,2,"REPORTED, NOT EVIDENT",1.0,0.0,0.0,0.0,1.0,1.0,0.0,1,6,4,41.7133984646,-87.6670907223,POINT (-87.66709072235 41.713398464611)
6a2fba7ffbe783d1bd005eed9684a859bc15a0328e7c48601ed6d5a437580c9f496535e50135b5d5f3958af7ad6d9c727964819de7d328dc7d68147995a9ed85,,08/08/2017 02:50:00 PM,30,NO CONTROLS,NO CONTROLS,CLEAR,DAYLIGHT,REAR END,NOT DIVIDED,,STRAIGHT AND LEVEL,DRY,NO DEFECTS,NOT ON SCENE (DESK REPORT),NO INJURY / DRIVE AWAY,,,,"$501 - $1,500",08/08/2017 05:00:00 PM,FAILING TO YIELD RIGHT-OF-WAY,FOLLOWING TOO CLOSELY,3942,W,SCHOOL ST,1732.0,,,,,,,2,NO INDICATION OF INJURY,0.0,0.0,0.0,0.0,0.0,2.0,0.0,14,3,8,41.9410325596,-87.7265527898,POINT (-87.726552789819 41.941032559578)
3fa50e898b45b8050662273e966181e2a52eec8124da16ad8ce9c8edecbd5d5e19db5dd27c08a9094c52211811a0d5fa68c6b1588b2eb8c01dac0f43dd1c0eb0,,12/23/2019 03:12:00 PM,30,TRAFFIC SIGNAL,FUNCTIONING PROPERLY,CLEAR,DAYLIGHT,REAR END,NOT DIVIDED,,STRAIGHT AND LEVEL,DRY,NO DEFECTS,NOT ON SCENE (DESK REPORT),NO INJURY / DRIVE AWAY,,,,"$501 - $1,500",12/23/2019 06:15:00 PM,UNABLE TO DETERMINE,UNABLE TO DETERMINE,7200,W,DEVON AVE,1611.0,,,,,,,3,NO INDICATION OF INJURY,0.0,0.0,0.0,0.0,0.0,3.0,0.0,15,2,12,41.997879311,-87.8068505411,POINT (-87.806850541081 41.997879310965)
b655a6834e1f61ddd01383d6e5f8aafba847534400b848d98cbcf41d613ea8fdcd3adb7fc1178fea96acbe564d57fda4b4750507d9811f9fae8dc424ddced93f,,09/27/2023 07:05:00 AM,30,NO CONTROLS,NO CONTROLS,CLOUDY/OVERCAST,DAYLIGHT,SIDESWIPE SAME DIRECTION,DIVIDED - W/MEDIAN (NOT RAISED),,STRAIGHT AND LEVEL,DRY,NO DEFECTS,ON SCENE,NO INJURY / DRIVE AWAY,,,Y,"$501 - $1,500",09/27/2023 07:17:00 AM,UNABLE TO DETERMINE,UNABLE TO DETERMINE,5155,W,IRVING PARK RD,1634.0,,,,,,,2,NO INDICATION OF INJURY,0.0,0.0,0.0,0.0,0.0,2.0,0.0,7,4,9,41.953197076,-87.7568628765,POINT (-87.756862876527 41.95319707603)
6a0ada4853d6a8cce20a442b836489a4b3ed74c3af7b4f60ec5c414786693197826670a609427d7dbaed1ebdfeb350749109b2a386370f65795cf7857983f4e5,,10/26/2018 05:00:00 PM,30,NO CONTROLS,NO CONTROLS,CLEAR,DAYLIGHT,REAR END,DIVIDED - W/MEDIAN (NOT RAISED),4,STRAIGHT AND LEVEL,DRY,NO DEFECTS,NOT ON SCENE (DESK REPORT),NO INJURY / DRIVE AWAY,,,,"OVER $1,500",10/26/2018 07:00:00 PM,FAILING TO REDUCE SPEED TO AVOID CRASH,DRIVING SKILLS/KNOWLEDGE/EXPERIENCE,3800,W,OGDEN AVE,1014.0,,,,,,,2,NO INDICATION OF INJURY,0.0,0.0,0.0,0.0,0.0,2.0,0.0,17,6,10,41.8529525701,-87.7200084612,POINT (-87.720008461242 41.852952570147)
fce44ee38f09002ac87df4e2093bd870f1d0be0cb06a1d1a2d66e0a5bf1d48b690c859ce449211d6a11182eec0d1e027750d4b720e472f5d92a99565bd811db1,Y,10/27/2020 08:00:00 AM,20,NO CONTROLS,NO CONTROLS,UNKNOWN,UNKNOWN,PARKED MOTOR VEHICLE,ONE-WAY,,STRAIGHT AND LEVEL,UNKNOWN,UNKNOWN,NOT ON SCENE (DESK REPORT),NO INJURY / DRIVE AWAY,,,Y,"$501 - $1,500",10/27/2020 10:00:00 AM,UNABLE TO DETERMINE,NOT APPLICABLE,3919,W,GLADYS AVE,1132.0,,,,,,,2,NO INDICATION OF INJURY,0.0,0.0,0.0,0.0,0.0,1.0,0.0,8,3,10,41.8760890138,-87.7238767714,POINT (-87.723876771403 41.876089013844)
2614bb26a72c5851583c4cb0d7b874bbb7b4e7bfbefc7df72d0aacbf08a3305ce05e3be1a981ec5f34fce3b19bd3c46c07824b705c206b0f70d6dc4cc9213525,,07/21/2025 04:00:00 PM,30,NO CONTROLS,NO CONTROLS,CLEAR,DAYLIGHT,TURNING,NOT DIVIDED,,STRAIGHT AND LEVEL,DRY,NO DEFECTS,NOT ON SCENE (DESK REPORT),NO INJURY / DRIVE AWAY,,,,"OVER $1,500",07/23/2025 04:30:00 PM,FAILING TO YIELD RIGHT-OF-WAY,UNABLE TO DETERMINE,7193,W,GRAND AVE,2512.0,,,,,,,2,NO INDICATION OF INJURY,0.0,0.0,0.0,0.0,0.0,2.0,0.0,16,2,7,41.9238849736,-87.8061924141,POINT (-87.80619241408 41.923884973566)