CRASH_RECORD_ID,CRASH_DATE_EST_I,CRASH_DATE,POSTED_SPEED_LIMIT,TRAFFIC_CONTROL_DEVICE,DEVICE_CONDITION,WEATHER_CONDITION,LIGHTING_CONDITION,FIRST_CRASH_TYPE,TRAFFICWAY_TYPE,LANE_CNT,ALIGNMENT,ROADWAY_SURFACE_COND,ROAD_DEFECT,REPORT_TYPE,CRASH_TYPE,INTERSECTION_RELATED_I,NOT_RIGHT_OF_WAY_I,HIT_AND_RUN_I,DAMAGE,DATE_POLICE_NOTIFIED,PRIM_CONTRIBUTORY_CAUSE,SEC_CONTRIBUTORY_CAUSE,STREET_NO,STREET_DIRECTION,STREET_NAME,BEAT_OF_OCCURRENCE,PHOTOS_TAKEN_I,STATEMENTS_TAKEN_I,DOORING_I,WORK_ZONE_I,WORK_ZONE_TYPE,WORKERS_PRESENT_I,NUM_UNITS,MOST_SEVERE_INJURY,INJURIES_TOTAL,INJURIES_FATAL,INJURIES_INCAPACITATING,INJURIES_NON_INCAPACITATING,INJURIES_REPORTED_NOT_EVIDENT,INJURIES_NO_INDICATION,INJURIES_UNKNOWN,CRASH_HOUR,CRASH_DAY_OF_WEEK,CRASH_MONTH,LATITUDE,LONGITUDE,LOCATION
7bc197ed24852bbb19936d84616470e1745e222d29be9f81672db0a16024f98ac35c4bb8977a16054858c9e20d0df35245e3fd3d930eb776a91d7e03654a750f,,11/16/2017 09:20:00 PM,30,STOP SIGN/FLASHER,FUNCTIONING PROPERLY,CLEAR,"DARKNESS, LIGHTED ROAD",REAR END,NOT DIVIDED,2,STRAIGHT AND LEVEL,DRY,NO DEFECTS,ON SCENE,NO INJURY / DRIVE AWAY,,,,"OVER $1,500",11/16/2017 09:30:00 PM,FOLLOWING TOO CLOSELY,FAILING TO REDUCE SPEED TO AVOID CRASH,1709,W,79TH ST,611.0,,Y,,,,,2,NO INDICATION OF INJURY,0.0,0.0,0.0,0.0,0.0,2.0,0.0,21,5,11,41.7502123804,-87.6662583164,POINT (-87.66625831636 41.75021238044)
f99268a23482845df12bf17b9f9f8cfe782070c4306885d976d32a8da41a9e6aa299bcbaafcd54548be87f8f1da7b698387cdbd1dfa72930df11231cf0436d78,,12/09/2022 07:15:00 PM,30,TRAFFIC SIGNAL,FUNCTIONING PROPERLY,RAIN,DARKNESS,REAR END,NOT DIVIDED,,STRAIGHT AND LEVEL,WET,NO DEFECTS,NOT ON SCENE (DESK REPORT),NO INJURY / DRIVE AWAY,,,,"OVER $1,500",12/09/2022 08:00:00 PM,FOLLOWING TOO CLOSELY,FAILING TO REDUCE SPEED TO AVOID CRASH,6700,S,CORNELL AVE,332.0,,,,,,,3,NO INDICATION OF INJURY,0.0,0.0,0.0,0.0,0.0,3.0,0.0,19,6,12,41.7732514896,-87.5852245997,POINT (-87.585224599677 41.773251489596)
548bb68bba8fc34a1f6a792882687d02e5b89f0a627e0b0189c2b1a4f73285a3c2bf5bf16bd744b1c0a8547541c6d1b899708781691d48a8daff36f234dcdebf,,02/16/2017 07:30:00 AM,30,NO CONTROLS,NO CONTROLS,CLEAR,DAYLIGHT,SIDESWIPE SAME DIRECTION,ONE-WAY,3,STRAIGHT AND LEVEL,DRY,NO DEFECTS,NOT ON SCENE (DESK REPORT),NO INJURY / DRIVE AWAY,,,,"OVER $1,500",02/16/2017 08:21:00 AM,FAILING TO YIELD RIGHT-OF-WAY,IMPROPER LANE USAGE,500,W,MADISON ST,121.0,,,,,,,2,NO INDICATION OF INJURY,0.0,0.0,0.0,0.0,0.0,2.0,0.0,7,5,2,41.8819943382,-87.6397586849,POINT (-87.639758684881 41.881994338205)
885ff6c9807948ee5a5891d04ec857a802b157fc36c2d1a3e5ce8bce13a8580bfcfa24358d4afd63716f0ca9b62da1633a690f2adfe5571419953832c35d273e,,08/06/2019 09:45:00 AM,30,TRAFFIC SIGNAL,FUNCTIONING PROPERLY,CLEAR,DAYLIGHT,REAR END,FOUR WAY,,STRAIGHT AND LEVEL,DRY,NO DEFECTS,NOT ON SCENE (DESK REPORT),NO INJURY / DRIVE AWAY,Y,,,"$501 - $1,500",08/06/2019 11:10:00 AM,FOLLOWING TOO CLOSELY,FAILING TO REDUCE SPEED TO AVOID CRASH,136,S,COLUMBUS DR,114.0,,,,,,,2,NO INDICATION OF INJURY,0.0,0.0,0.0,0.0,0.0,2.0,0.0,9,3,8,41.8799845621,-87.6209044673,POINT (-87.620904467343 41.879984562071)
238d06c2a7d2438f6ed26eca7544e03ca9d7f605ea5b2d6c4acbf3afa194776107681996c9839a01f75a349c072a27dceeec69d1272b8f556fd77cfaf70aa931,,12/15/2017 05:00:00 PM,30,STOP SIGN/FLASHER,FUNCTIONING PROPERLY,CLEAR,"DARKNESS, LIGHTED ROAD",ANGLE,NOT DIVIDED,,STRAIGHT AND LEVEL,DRY,NO DEFECTS,NOT ON SCENE (DESK REPORT),NO INJURY / DRIVE AWAY,,,,"OVER $1,500",12/15/2017 06:00:00 PM,UNABLE TO DETERMINE,NOT APPLICABLE,5000,W,BELLE PLAINE AVE,1624.0,,,,,,,2,NO INDICATION OF INJURY,0.0,0.0,0.0,0.0,0.0,2.0,0.0,17,6,12,41.9552945161,-87.7523644229,POINT (-87.752364422903 41.955294516058)
1dbbdaa7c6cf1f5c45fc28c12a6a92d293f290664df7f49895f4108b0c5b0cf13073d54cd5f3f0d0afd151ead1dea204fe384b9732851b97fd7dfbb23af60e4a,,06/19/2025 06:53:00 PM,30,NO CONTROLS,NO CONTROLS,CLEAR,DAYLIGHT,TURNING,DIVIDED - W/MEDIAN BARRIER,,STRAIGHT AND LEVEL,DRY,UNKNOWN,ON SCENE,INJURY AND / OR TOW DUE TO CRASH,,,,"$501 - $1,500",06/19/2025 07:33:00 PM,IMPROPER LANE USAGE,CELL PHONE USE OTHER THAN TEXTING,9100,S,STONY ISLAND AVE,413.0,,,,,,,2,NONINCAPACITATING INJURY,2.0,0.0,0.0,2.0,0.0,2.0,0.0,18,5,6,41.7295181284,-87.5856364085,POINT (-87.585636408538 41.729518128388)
767d8435f2c8d485ae20b20259702c0e353e60f2071b45625ceb8e28c99c28d81032ab158ac9a504f9608a5b468b21fac32b267f6b9e8f80325e0f0f3328ef97,,08/06/2022 12:30:00 PM,25,UNKNOWN,NO CONTROLS,UNKNOWN,UNKNOWN,REAR END,NOT DIVIDED,,STRAIGHT AND LEVEL,UNKNOWN,UNKNOWN,NOT ON SCENE (DESK REPORT),NO INJURY / DRIVE AWAY,,,Y,"$501 - $1,500",08/06/2022 02:10:00 PM,UNABLE TO DETERMINE,NOT APPLICABLE,104,N,PULASKI RD,1114.0,,,,,,,2,NO INDICATION OF INJURY,0.0,0.0,0.0,0.0,0.0,2.0,0.0,12,7,8,41.8821344692,-87.7258573104,POINT (-87.725857310368 41.882134469202)
5c0deff75c51b71d1ae29e155264497797e49d0cc7e3aba1b73498085bb945f8e49d5c3666d3e1f0aaf9f41b1b5c852d8b48243aa17b0d97d27f41e4aa74113d,,09/11/2025 10:50:00 AM,30,TRAFFIC SIGNAL,FUNCTIONING PROPERLY,CLEAR,DAYLIGHT,REAR END,NOT DIVIDED,,STRAIGHT AND LEVEL,UNKNOWN,UNKNOWN,NOT ON SCENE (DESK REPORT),NO INJURY / DRIVE AWAY,,,,"OVER $1,500",09/12/2025 10:15:00 PM,DRIVING SKILLS/KNOWLEDGE/EXPERIENCE,NOT APPLICABLE,507,W,63RD ST,722.0,,,,,,,2,NO INDICATION OF INJURY,0.0,0.0,0.0,0.0,0.0,2.0,0.0,10,5,9,41.7797526019,-87.6378339385,POINT (-87.637833938524 41.779752601856)
3277ced63b260f0b6d937f3279640e2c0ac8546a3cd9c235a62d6ad7ba9d8c2e24bf83f287ec56198211f44d891b9ccbf2265df5ee8b645648f9530e094a2116,,10/08/2021 09:50:00 PM,30,NO CONTROLS,NO CONTROLS,CLEAR,"DARKNESS, LIGHTED ROAD",SIDESWIPE SAME DIRECTION,DIVIDED - W/MEDIAN (NOT RAISED),,STRAIGHT AND LEVEL,DRY,NO DEFECTS,NOT ON SCENE (DESK REPORT),NO INJURY / DRIVE AWAY,,,,"OVER $1,500",10/08/2021 10:35:00 PM,IMPROPER OVERTAKING/PASSING,NOT APPLICABLE,633,N,CICERO AVE,1111.0,,,,,,,2,NO INDICATION OF INJURY,0.0,0.0,0.0,0.0,0.0,2.0,0.0,21,6,10,41.8923180203,-87.7455687215,POINT (-87.745568721494 41.892318020301)
cee2838f1cc49582cc17167449c6096f97a6428e7a9088c0e3824dd24ac2315dde42a7ac802473513c7e20d6f45807e43b1590d4498d1c9e718145b1dc3ac4cc,,03/10/2023 08:45:00 PM,30,TRAFFIC SIGNAL,UNKNOWN,UNKNOWN,UNKNOWN,TURNING,FOUR WAY,,STRAIGHT AND LEVEL,UNKNOWN,UNKNOWN,NOT ON SCENE (DESK REPORT),NO INJURY / DRIVE AWAY,Y,,Y,"OVER $1,500",03/14/2023 06:30:00 PM,UNABLE TO DETERMINE,NOT APPLICABLE,356,N,CICERO AVE,1532.0,,,,,,,2,NO INDICATION OF INJURY,0.0,0.0,0.0,0.0,0.0,2.0,0.0,20,6,3,41.8868512629,-87.7456535196,POINT (-87.745653519601 41.886851262919)
ec1395b1907de10f49e0726eca572f48e9a15ef4dfd77369e655273dc9c3bad4171919868d6d806033f1f38eb377bc86bfb050ebd66d70d852d65673c349e0e8,,08/13/2022 10:30:00 AM,30,TRAFFIC SIGNAL,FUNCTIONING PROPERLY,CLEAR,DAYLIGHT,REAR END,FOUR WAY,,STRAIGHT AND LEVEL,DRY,NO DEFECTS,NOT ON SCENE (DESK REPORT),NO INJURY / DRIVE AWAY,Y,,,"$501 - $1,500",08/13/2022 11:35:00 AM,FOLLOWING TOO CLOSELY,UNABLE TO DETERMINE,1600,W,51ST ST,931.0,,,,,,,2,NO INDICATION OF INJURY,0.0,0.0,0.0,0.0,0.0,2.0,0.0,10,7,8,41.8014270266,-87.6648407451,POINT (-87.664840745091 41.801427026617)
b221731f4d00bec849ad4e522f2cd1f1692119d9ad8977129129bc06c5b8fb525c704edc4d0def7b2e8c7315096afe07616ac8e80ed551b8fdf2c9b4170f15c0,,03/23/2021 04:05:00 PM,35,TRAFFIC SIGNAL,FUNCTIONING PROPERLY,CLOUDY/OVERCAST,DAYLIGHT,ANGLE,NOT DIVIDED,,STRAIGHT AND LEVEL,WET,NO DEFECTS,NOT ON SCENE (DESK REPORT),NO INJURY / DRIVE AWAY,Y,,Y,"OVER $1,500",03/24/2021 05:20:00 PM,UNABLE TO DETERMINE,NOT APPLICABLE,2401,W,71ST ST,832.0,,,,,,,2,NO INDICATION OF INJURY,0.0,0.0,0.0,0.0,0.0,2.0,0.0,16,3,3,41.7645909734,-87.683298957,POINT (-87.683298956963 41.764590973428)
f4fdc79ba710f781baa348f45ebd764e324841c17706fce6d97c710054e366b506df2e7a004710933f12294c9335c71d405f00f8d8eee1cb71416a61fdeca821,,01/14/2016 06:45:00 AM,5,NO CONTROLS,NO CONTROLS,CLEAR,"DARKNESS, LIGHTED ROAD",PARKED MOTOR VEHICLE,OTHER,0,STRAIGHT AND LEVEL,DRY,NO DEFECTS,NOT ON SCENE (DESK REPORT),NO INJURY / DRIVE AWAY,,,,"$501 - $1,500",01/14/2016 07:10:00 AM,UNABLE TO DETERMINE,NOT APPLICABLE,111,W,LOWER WACKER DR,122.0,,,,,,,2,NO INDICATION OF INJURY,0.0,0.0,0.0,0.0,0.0,1.0,0.0,6,5,1,41.8866795026,-87.6313581149,POINT (-87.631358114871 41.886679502555)
0837892be5a94522eab4f2452079a9166ab8a44dc263522b4b81cd432884240fca28c747fe702799430a01eb1e26285147b4352c295a4d7e6c48cab4c6ea3b73,,07/31/2016 08:30:00 PM,3,NO CONTROLS,NO CONTROLS,CLEAR,DARKNESS,SIDESWIPE SAME DIRECTION,NOT DIVIDED,,STRAIGHT AND LEVEL,DRY,NO DEFECTS,NOT ON SCENE (DESK REPORT),NO INJURY / DRIVE AWAY,,,,"OVER $1,500",07/31/2016 09:00:00 PM,UNABLE TO DETERMINE,UNABLE TO DETERMINE,30,W,GRAND AVE,1831.0,,,,,,,2,NO INDICATION OF INJURY,0.0,0.0,0.0,0.0,0.0,2.0,0.0,20,1,7,41.8917603519,-87.6293243409,POINT (-87.629324340913 41.891760351873)
d00ac82a1308b79b957dd1f375367246afef61a655f775babcd1c4f37b664d4a7d7bd88491b7b2bdbe37bd2fadd3d7fc4b449314adaed6255c2e9c03a0ea8692,,01/07/2022 08:30:00 PM,30,NO CONTROLS,NO CONTROLS,UNKNOWN,"DARKNESS, LIGHTED ROAD",PARKED MOTOR VEHICLE,ONE-WAY,,STRAIGHT AND LEVEL,ICE,UNKNOWN,NOT ON SCENE (DESK REPORT),NO INJURY / DRIVE AWAY,,,,"OVER $1,500",01/08/2022 10:00:00 AM,UNABLE TO DETERMINE,UNABLE TO DETERMINE,13459,S,BURLEY AVE,433.0,,,,,,,2,NO INDICATION OF INJURY,0.0,0.0,0.0,0.0,0.0,1.0,0.0,20,6,1,41.6501150353,-87.544587009,POINT (-87.544587009028 41.650115035311)
b5c6ef1a76b3de9425c6c08494362c09556d51383a6405d30a0c1aa7dffc0a888ab87caeff63b819442986f7884dd64854f62bc7c70931616b7cd23852134899,Y,10/14/2022 06:30:00 PM,30,NO CONTROLS,NO CONTROLS,CLEAR,"DARKNESS, LIGHTED ROAD",PARKED MOTOR VEHICLE,NOT DIVIDED,,STRAIGHT AND LEVEL,DRY,NO DEFECTS,NOT ON SCENE (DESK REPORT),NO INJURY / DRIVE AWAY,,,Y,"OVER $1,500",10/15/2022 11:00:00 AM,UNABLE TO DETERMINE,NOT APPLICABLE,2936,W,FULTON ST,1222.0,,,,,,,2,NO INDICATION OF INJURY,0.0,0.0,0.0,0.0,0.0,1.0,0.0,18,6,10,41.886601547,-87.7003976907,POINT (-87.700397690721 41.886601546961)
80326d29c1484a4ba8f271ed014749c2a22730b8b72d6ec69f624a0455fa2fbdcf301d2e33515be7072610c95bb8e1c926b0c1c8db24a11e8041a90507517be8,,03/27/2025 01:00:00 PM,30,NO CONTROLS,NO CONTROLS,CLOUDY/OVERCAST,DAYLIGHT,FIXED OBJECT,OTHER,,STRAIGHT AND LEVEL,DRY,NO DEFECTS,ON SCENE,NO INJURY / DRIVE AWAY,,,,"OVER $1,500",03/27/2025 03:09:00 PM,UNABLE TO DETERMINE,NOT APPLICABLE,2143,W,GARFIELD BLVD,715.0,,,,,,,1,NO INDICATION OF INJURY,0.0,0.0,0.0,0.0,0.0,1.0,0.0,13,5,3,41.7933949224,-87.6783717363,POINT (-87.678371736278 41.7933949224)
57751f28b89b483b550563f022d5d5590720887571972a1b6a3d319f7d40cfe77b52bf0b7268a5a750dc2b6e5e411f1881ec0e08227f36865427544a3e5c1a9b,,06/17/2017 11:05:00 PM,30,NO CONTROLS,NO CONTROLS,CLEAR,"DARKNESS, LIGHTED ROAD",TURNING,DIVIDED - W/MEDIAN (NOT RAISED),,STRAIGHT AND LEVEL,WET,NO DEFECTS,NOT ON SCENE (DESK REPORT),NO INJURY / DRIVE AWAY,,,,"$501 - $1,500",06/17/2017 11:30:00 PM,"VISION OBSCURED (SIGNS, TREE LIMBS, BUILDINGS, ETC.)",NOT APPLICABLE,3135,N,BROADWAY,1934.0,,,,,,,2,NO INDICATION OF INJURY,0.0,0.0,0.0,0.0,0.0,3.0,0.0,23,7,6,41.9386529995,-87.6442051391,POINT (-87.644205139066 41.938652999479)
a9e4406abc0c31b086e96bccbd796dea8b92540ccab175a3c8ae61e78cd306d7ea2983061fdb0868218da0a5a9f238b6b247865d2bcc917d3671c53826a7f3fc,,09/20/2019 04:31:00 PM,10,NO CONTROLS,NO CONTROLS,CLEAR,DAYLIGHT,FIXED OBJECT,PARKING LOT,,STRAIGHT AND LEVEL,DRY,NO DEFECTS,ON SCENE,NO INJURY / DRIVE AWAY,,N,,"OVER $1,500",09/20/2019 04:45:00 PM,EQUIPMENT - VEHICLE CONDITION,NOT APPLICABLE,10300,S,DOTY AVE E,434.0,,,,,,,1,NO INDICATION OF INJURY,0.0,0.0,0.0,0.0,0.0,1.0,0.0,16,6,9,41.7078495554,-87.5808542712,POINT (-87.580854271249 41.70784955538)
36821ce235f66cbce8d5f2658f20442241b4d6cc8ef3d07830e6f372201925327915f22b846adac59cdb9bbcb4eb747ee903c0c7e720e28ad809c32f012125eb,Y,05/20/2022 08:59:00 PM,30,NO CONTROLS,NO CONTROLS,UNKNOWN,"DARKNESS, LIGHTED ROAD",SIDESWIPE SAME DIRECTION,NOT DIVIDED,,STRAIGHT AND LEVEL,UNKNOWN,UNKNOWN,NOT ON SCENE (DESK REPORT),NO INJURY / DRIVE AWAY,,,,"$501 - $1,500",05/30/2022 11:00:00 AM,UNABLE TO DETERMINE,UNABLE TO DETERMINE,4535,N,ASHLAND AVE,1912.0,,,,,,,2,NO INDICATION OF INJURY,0.0,0.0,0.0,0.0,0.0,2.0,0.0,20,6,5,41.9644672563,-87.6691816284,POINT (-87.669181628393 41.964467256344)
b632f6c6f4707d68db59cea6ebaea5d1ddd1c1a18cc602bac96e2f156dc41f659ceb29a674964f349c8d2bb43d71074c0154b3ffe333d19f39d0f1822003558f,,05/19/2018 09:31:00 PM,30,TRAFFIC SIGNAL,FUNCTIONING PROPERLY,CLEAR,"DARKNESS, LIGHTED ROAD",PEDESTRIAN,DIVIDED - W/MEDIAN (NOT RAISED),,STRAIGHT AND LEVEL,DRY,NO DEFECTS,ON SCENE,INJURY AND / OR TOW DUE TO CRASH,Y,,,"OVER $1,500",05/19/2018 09:31:00 PM,"VISION OBSCURED (SIGNS, TREE LIMBS, BUILDINGS, ETC.)",NOT APPLICABLE,4159,W,JACKSON BLVD,1132.0,Y,Y,,,,,2,INCAPACITATING INJURY,1.0,0.0,1.0,0.0,0.0,1.0,0.0,21,7,5,41.8769184272,-87.7303234541,POINT (-87.730323454123 41.876918427243)
4c2c876639a62d7bca0ca7164b0ffaf8cc478102a3cc8bba7d823d68ca71d4f3059d88b7fcbe561d6a77af99e45c9c290568b15cede37d091a6a56360ae0bb6e,,09/06/2018 01:35:00 PM,30,UNKNOWN,UNKNOWN,UNKNOWN,UNKNOWN,TURNING,NOT DIVIDED,,STRAIGHT AND LEVEL,UNKNOWN,UNKNOWN,NOT ON SCENE (DESK REPORT),NO INJURY / DRIVE AWAY,,,,"OVER $1,500",09/06/2018 02:50:00 PM,UNABLE TO DETERMINE,NOT APPLICABLE,3000,N,CLARK ST,1934.0,,,,,,,2,NO INDICATION OF INJURY,0.0,0.0,0.0,0.0,0.0,2.0,0.0,13,5,9,41.9364403254,-87.6480062116,POINT (-87.64800621163 41.936440325368)
6d6048e416910f6cd2b8a55ed64e833f43560b72b1d8358d5a42ed8f7f7e7a002dba87006e736d90b34c45fb42d6a901ca6d5482a6806fe8493e6b15cd9f4179,,12/12/2023 10:00:00 PM,20,NO CONTROLS,NO CONTROLS,CLEAR,"DARKNESS, LIGHTED ROAD",FIXED OBJECT,NOT DIVIDED,,STRAIGHT AND LEVEL,DRY,NO DEFECTS,ON SCENE,INJURY AND / OR TOW DUE TO CRASH,,,,"OVER $1,500",12/12/2023 10:05:00 PM,FAILING TO REDUCE SPEED TO AVOID CRASH,UNABLE TO DETERMINE,2001,N,MILWAUKEE AVE,1431.0,,,,,,,1,NO INDICATION OF INJURY,0.0,0.0,0.0,0.0,0.0,1.0,0.0,22,3,12,41.9176669443,-87.6885341826,POINT (-87.68853418258 41.917666944263)
c3e9ae3b9d9a545d10e677bc178ebf93e66173aacf65a5f8e87013d5e0352e646e946719b960706f49908592e5111c7630fdfdd4144a8d2c1dfde16b0986f94b,,09/22/2018 10:00:00 PM,0,NO CONTROLS,NO CONTROLS,CLEAR,DARKNESS,PARKED MOTOR VEHICLE,PARKING LOT,,STRAIGHT AND LEVEL,DRY,NO DEFECTS,NOT ON SCENE (DESK REPORT),NO INJURY / DRIVE AWAY,,Y,,$500 OR LESS,09/22/2018 10:30:00 PM,UNABLE TO DETERMINE,IMPROPER BACKING,2801,W,63RD ST,823.0,,,,,,,2,NO INDICATION OF INJURY,0.0,0.0,0.0,0.0,0.0,1.0,0.0,22,7,9,41.7790050459,-87.6934501186,POINT (-87.69345011858 41.779005045902)
386fdf6f58267c617a025ab8d71501ca7f8199a8384073d5df2f6560c41c2e0e96b44077983d696a273f71a130b91527580b7ebd481e392f34bd5e80848365f7,,03/02/2018 02:15:00 PM,30,NO CONTROLS,NOT FUNCTIONING,CLEAR,DAYLIGHT,PARKED MOTOR VEHICLE,NOT DIVIDED,,STRAIGHT AND LEVEL,DRY,NO DEFECTS,NOT ON SCENE (DESK REPORT),NO INJURY / DRIVE AWAY,,,Y,"$501 - $1,500",03/02/2018 03:35:00 PM,UNABLE TO DETERMINE,UNABLE TO DETERMINE,2601,W,CERMAK RD,1034.0,,,,,,,2,NO INDICATION OF INJURY,0.0,0.0,0.0,0.0,0.0,1.0,0.0,14,6,3,41.851857211,-87.6906612188,POINT (-87.690661218762 41.851857211017)
450a0b0dfc9194cd16b0b1c2f147796e6dc9f0c0788957aec440d1f2ab178a40f9840ba92d4eede1fc4735f80a94499d74b84870b6698251e46fb14cee208680,Y,08/20/2023 02:00:00 AM,30,NO CONTROLS,NO CONTROLS,CLEAR,DAYLIGHT,PARKED MOTOR VEHICLE,NOT DIVIDED,,STRAIGHT AND LEVEL,DRY,NO DEFECTS,ON SCENE,INJURY AND / OR TOW DUE TO CRASH,,,Y,"OVER $1,500",08/20/2023 08:30:00 AM,UNABLE TO DETERMINE,NOT APPLICABLE,2061,N,SOUTHPORT AVE,1811.0,,,,,,,2,NO INDICATION OF INJURY,0.0,0.0,0.0,0.0,0.0,1.0,0.0,2,1,8,41.9194814657,-87.6629960004,POINT (-87.66299600038 41.919481465693)
29962dd900478febbf5a5d7df745d7f984075966dc079c9620ff00bc8760761b6730040c287016c3c0e458fe15491356a537465ae5bb700a85adefa4f1791526,,07/24/2020 12:14:00 AM,30,NO CONTROLS,NO CONTROLS,CLEAR,"DARKNESS, LIGHTED ROAD",FIXED OBJECT,NOT DIVIDED,,STRAIGHT AND LEVEL,DRY,NO DEFECTS,ON SCENE,INJURY AND / OR TOW DUE TO CRASH,N,,,"OVER $1,500",07/24/2020 12:14:00 AM,UNABLE TO DETERMINE,UNABLE TO DETERMINE,1999,W,BRYN MAWR AVE,2012.0,,,,,,,2,NONINCAPACITATING INJURY,1.0,0.0,0.0,1.0,0.0,0.0,0.0,0,6,7,41.9831522768,-87.6793046094,POINT (-87.679304609422 41.983152276755)
92dfe11efa3873879b0d2d063383aab9298e65b33b510a61d0862ebe775da022173b47981ad40a9130441c04abd17735df9dc37002cc3f01cd03398fe533d07b,,09/09/2020 01:25:00 PM,30,NO CONTROLS,NO CONTROLS,CLEAR,DAYLIGHT,SIDESWIPE OPPOSITE DIRECTION,NOT DIVIDED,,STRAIGHT AND LEVEL,DRY,NO DEFECTS,NOT ON SCENE (DESK REPORT),NO INJURY / DRIVE AWAY,,,,"$501 - $1,500",09/09/2020 01:53:00 PM,UNABLE TO DETERMINE,UNABLE TO DETERMINE,100,E,WALTON ST,1833.0,,,,,,,2,NO INDICATION OF INJURY,0.0,0.0,0.0,0.0,0.0,2.0,0.0,13,4,9,41.9000966252,-87.6253593407,POINT (-87.625359340701 41.900096625177)
d1f2de652244c25c9d08728a5d64543b2b4e18e806fafeb2048bc06cdd497ac48694fbc983b054e7c2925cd28f16b65f3e4857b97151d09e686e33878420e59c,,10/13/2017 08:15:00 PM,30,NO CONTROLS,NO CONTROLS,CLEAR,"DARKNESS, LIGHTED ROAD",TURNING,NOT DIVIDED,,STRAIGHT AND LEVEL,DRY,NO DEFECTS,NOT ON SCENE (DESK REPORT),NO INJURY / DRIVE AWAY,,,,"OVER $1,500",10/13/2017 10:06:00 PM,UNABLE TO DETERMINE,UNABLE TO DETERMINE,3400,W,LAWRENCE AVE,1712.0,,,,,,,2,NO INDICATION OF INJURY,0.0,0.0,0.0,0.0,0.0,4.0,0.0,20,6,10,41.9685101423,-87.7134257752,POINT (-87.713425775248 41.968510142288)
716d11feed611a8378e76152e0a441c28f6fe945234cfbe4ff85d005c996c07dee0c84453a71aa6476912b4dc93deb92b745c3913fb8da845f50592eed5f6963,,02/09/2018 05:30:00 PM,30,NO CONTROLS,NO CONTROLS,CLEAR,"DARKNESS, LIGHTED ROAD",PARKED MOTOR VEHICLE,PARKING LOT,0,STRAIGHT AND LEVEL,SNOW OR SLUSH,NO DEFECTS,NOT ON SCENE (DESK REPORT),NO INJURY / DRIVE AWAY,,,,"$501 - $1,500",02/09/2018 06:47:00 PM,IMPROPER BACKING,EQUIPMENT - VEHICLE CONDITION,2210,N,MEADE AVE,2512.0,Y,,,,,,2,NO INDICATION OF INJURY,0.0,0.0,0.0,0.0,0.0,1.0,0.0,17,6,2,41.9205433111,-87.7781859604,POINT (-87.778185960427 41.920543311108)
4c1cdc615070a349a7e91c37e7ebad6a345ddab55936a6ba09adfa738ff67f023d00e19d4855303930e9ccd086778c9bb8189271f575821d00a9e08aa42306bd,,02/14/2018 06:05:00 PM,30,TRAFFIC SIGNAL,FUNCTIONING PROPERLY,RAIN,"DARKNESS, LIGHTED ROAD",SIDESWIPE SAME DIRECTION,ONE-WAY,4,STRAIGHT AND LEVEL,WET,NO DEFECTS,ON SCENE,NO INJURY / DRIVE AWAY,Y,,,"$501 - $1,500",02/14/2018 06:14:00 PM,UNABLE TO DETERMINE,NOT APPLICABLE,360,W,RANDOLPH ST,122.0,,,,,,,2,NO INDICATION OF INJURY,0.0,0.0,0.0,0.0,0.0,2.0,0.0,18,4,2,41.8845713511,-87.6371113841,POINT (-87.637111384083 41.884571351119)
bdc9659445810646c14062c3d32e4b3f25f11ed60cd8cc95a1ba1fad45380f72a1334e2c880a36f17c68232d49dec57a98a3509f22514c4e479f82c83df6e301,,08/15/2025 11:45:00 PM,30,NO CONTROLS,NO CONTROLS,CLEAR,"DARKNESS, LIGHTED ROAD",SIDESWIPE SAME DIRECTION,NOT DIVIDED,,STRAIGHT AND LEVEL,UNKNOWN,UNKNOWN,NOT ON SCENE (DESK REPORT),NO INJURY / DRIVE AWAY,,,,$500 OR LESS,08/16/2025 10:00:00 AM,UNABLE TO DETERMINE,UNABLE TO DETERMINE,5102,S,WABASH AVE,225.0,,,,,,,2,NO INDICATION OF INJURY,0.0,0.0,0.0,0.0,0.0,2.0,0.0,23,6,8,41.8018138344,-87.6244155935,POINT (-87.624415593452 41.801813834442)
e1b66a8cacbf64b48c8d062afd46b808ddb1d0e51c949327f6cc4b07304e45be061a9f762da05e59bb595f124219e1ba8c7188214315872a4273ac59ef4401cd,,10/12/2025 05:12:00 PM,5,NO CONTROLS,NO CONTROLS,CLEAR,"DARKNESS, LIGHTED ROAD",PARKED MOTOR VEHICLE,PARKING LOT,,STRAIGHT AND LEVEL,DRY,NO DEFECTS,ON SCENE,NO INJURY / DRIVE AWAY,,Y,,"OVER $1,500",10/12/2025 05:15:00 PM,IMPROPER BACKING,IMPROPER BACKING,8721,S,COTTAGE GROVE AVE,632.0,,,,,,,2,NO INDICATION OF INJURY,0.0,0.0,0.0,0.0,0.0,1.0,0.0,17,1,10,41.7359744629,-87.6046584099,POINT (-87.60465840992 41.735974462943)