CRASH_RECORD_ID,CRASH_DATE_EST_I,CRASH_DATE,POSTED_SPEED_LIMIT,TRAFFIC_CONTROL_DEVICE,DEVICE_CONDITION,WEATHER_CONDITION,LIGHTING_CONDITION,FIRST_CRASH_TYPE,TRAFFICWAY_TYPE,LANE_CNT,ALIGNMENT,ROADWAY_SURFACE_COND,ROAD_DEFECT,REPORT_TYPE,CRASH_TYPE,INTERSECTION_RELATED_I,NOT_RIGHT_OF_WAY_I,HIT_AND_RUN_I,DAMAGE,DATE_POLICE_NOTIFIED,PRIM_CONTRIBUTORY_CAUSE,SEC_CONTRIBUTORY_CAUSE,STREET_NO,STREET_DIRECTION,STREET_NAME,BEAT_OF_OCCURRENCE,PHOTOS_TAKEN_I,STATEMENTS_TAKEN_I,DOORING_I,WORK_ZONE_I,WORK_ZONE_TYPE,WORKERS_PRESENT_I,NUM_UNITS,MOST_SEVERE_INJURY,INJURIES_TOTAL,INJURIES_FATAL,INJURIES_INCAPACITATING,INJURIES_NON_INCAPACITATING,INJURIES_REPORTED_NOT_EVIDENT,INJURIES_NO_INDICATION,INJURIES_UNKNOWN,CRASH_HOUR,CRASH_DAY_OF_WEEK,CRASH_MONTH,LATITUDE,LONGITUDE,LOCATION
9093ffcee2e2d6a70a3863515497599039f5a9ba630fd20c6f17cec88d3faacd909f9f2dd56f9a23538b340529274050f8dc3f2e53d0705adb08bfd81694f67d,,02/10/2019 11:10:00 AM,20,STOP SIGN/FLASHER,FUNCTIONING PROPERLY,CLEAR,DAYLIGHT,SIDESWIPE SAME DIRECTION,ONE-WAY,1,STRAIGHT AND LEVEL,DRY,NO DEFECTS,NOT ON SCENE (DESK REPORT),NO INJURY / DRIVE AWAY,,,,$500 OR LESS,02/12/2019 09:25:00 AM,IMPROPER BACKING,UNABLE TO DETERMINE,1200,N,GREENVIEW AVE,1433.0,,,,,,,2,NO INDICATION OF INJURY,0.0,0.0,0.0,0.0,0.0,3.0,0.0,11,1,2,41.9034597654,-87.6651944436,POINT (-87.665194443638 41.903459765364)
abcca9ef434ea4074927371861cc3f824d71edba1eb33e295601e26f718c01cd3bfe02ef55c5faca456f096c400d9de160fe392486e2a9416b86d4f6f701434f,Y,01/06/2024 11:00:00 AM,30,NO CONTROLS,NO CONTROLS,CLEAR,DARKNESS,FIXED OBJECT,ALLEY,,STRAIGHT AND LEVEL,DRY,NO DEFECTS,ON SCENE,NO INJURY / DRIVE AWAY,,,N,"OVER $1,500",01/06/2024 02:38:00 PM,UNABLE TO DETERMINE,UNABLE TO DETERMINE,4314,N,MARMORA AVE,1624.0,,,,,,,1,NO INDICATION OF INJURY,0.0,0.0,0.0,0.0,0.0,1.0,0.0,11,7,1,41.9590447199,-87.7746763743,POINT (-87.774676374293 41.959044719861)
58157443f0c8674538e594727fa21339963b9e377e3ba97fc7fdda32998bd1e21de830f19f933b0fdd0932713a210bbcb5aabd16e81c6cb112ed8f2ffcd89baf,,12/02/2016 02:15:00 PM,30,STOP SIGN/FLASHER,FUNCTIONING PROPERLY,CLEAR,DAYLIGHT,REAR END,NOT DIVIDED,2,STRAIGHT AND LEVEL,DRY,NO DEFECTS,NOT ON SCENE (DESK REPORT),NO INJURY / DRIVE AWAY,,,Y,"OVER $1,500",12/02/2016 02:50:00 PM,UNABLE TO DETERMINE,UNABLE TO DETERMINE,134,N,CICERO AVE,1532.0,,,,,,,2,NO INDICATION OF INJURY,0.0,0.0,0.0,0.0,0.0,2.0,0.0,14,6,12,41.8829957546,-87.7455177869,POINT (-87.745517786886 41.882995754616)
b6abcf060f31cdadd6df1606da49bd143f59655fe92637d6c923a7559737765d2a3e560e7c06b59149c404fa3d8e0a477c613bf60575e282bdc50379af773420,,04/06/2020 05:25:00 PM,30,TRAFFIC SIGNAL,FUNCTIONING PROPERLY,RAIN,DAYLIGHT,ANGLE,FOUR WAY,,STRAIGHT AND LEVEL,WET,NO DEFECTS,ON SCENE,INJURY AND / OR TOW DUE TO CRASH,Y,,,"OVER $1,500",04/06/2020 05:27:00 PM,UNABLE TO DETERMINE,DISREGARDING TRAFFIC SIGNALS,5900,S,MORGAN ST,712.0,,,,,,,2,NONINCAPACITATING INJURY,1.0,0.0,0.0,1.0,0.0,1.0,0.0,17,2,4,41.7868632013,-87.6499721499,POINT (-87.649972149917 41.786863201321)
fdbf4a88dd97f499ae534a85600b4d9496bc563817c7186f94447fc6ce1020735e8380eb6a23c042e56df547fcfd25421471c035c874f72f13718fb080f219c2,,06/28/2018 08:00:00 PM,30,NO CONTROLS,NO CONTROLS,CLEAR,DAYLIGHT,REAR END,NOT DIVIDED,3,STRAIGHT AND LEVEL,DRY,UNKNOWN,NOT ON SCENE (DESK REPORT),NO INJURY / DRIVE AWAY,,,,"OVER $1,500",06/28/2018 08:45:00 PM,UNABLE TO DETERMINE,UNABLE TO DETERMINE,9500,S,STONY ISLAND AVE,511.0,,,,,,,2,NO INDICATION OF INJURY,0.0,0.0,0.0,0.0,0.0,4.0,0.0,20,5,6,41.722257273,-87.5852755651,POINT (-87.585275565077 41.722257273006)
aff0b5147ee5a4bf7b10086399584e7c39b49cecdbff081e708da6c09bbf0850f5f35fb034b59bf79fac54f3e1ab310e350f5db3051721f4c705bf9cd3f6da3c,Y,11/04/2015 04:00:00 PM,25,NO CONTROLS,NO CONTROLS,CLEAR,DUSK,PARKED MOTOR VEHICLE,ONE-WAY,1,STRAIGHT AND LEVEL,DRY,NO DEFECTS,NOT ON SCENE (DESK REPORT),NO INJURY / DRIVE AWAY,,,Y,"OVER $1,500",11/04/2015 04:30:00 PM,"OPERATING VEHICLE IN ERRATIC, RECKLESS, CARELESS, NEGLIGENT OR AGGRESSIVE MANNER",NOT APPLICABLE,712,N,SPAULDING AVE,1121.0,,,,,,,2,NO INDICATION OF INJURY,0.0,0.0,0.0,0.0,0.0,1.0,0.0,16,4,11,41.8941305022,-87.7091015835,POINT (-87.709101583505 41.894130502219)
b8fc708b6ab5c169e1f5e72efb7ea508bfcf0a81eabbc4cd4c3ca571391a47a72a374be304ce4c1fb81965f5f684bed88942f1b7b5120ca94fba70438e23199e,,04/09/2021 08:09:00 AM,30,TRAFFIC SIGNAL,FUNCTIONING PROPERLY,CLOUDY/OVERCAST,DAYLIGHT,TURNING,FOUR WAY,,STRAIGHT AND LEVEL,DRY,NO DEFECTS,ON SCENE,NO INJURY / DRIVE AWAY,Y,,,"OVER $1,500",04/09/2021 08:09:00 AM,UNABLE TO DETERMINE,NOT APPLICABLE,3353,S,CALIFORNIA AVE,911.0,,,,,,,2,NO INDICATION OF INJURY,0.0,0.0,0.0,0.0,0.0,2.0,0.0,8,6,4,41.8322454028,-87.6947325949,POINT (-87.694732594912 41.832245402815)
5a158225c79724fecec11f4ca0ba94f5d744a875e9f2f1de3f34177c2f15b5e5f78454a07d618930500661cf14d9968214cbea93c47713c42bdfecb4fbf1870d,N,02/27/2021 06:30:00 PM,30,NO CONTROLS,NO CONTROLS,CLEAR,DAYLIGHT,PEDESTRIAN,DIVIDED - W/MEDIAN (NOT RAISED),,STRAIGHT ON HILLCREST,DRY,NO DEFECTS,ON SCENE,INJURY AND / OR TOW DUE TO CRASH,,,Y,$500 OR LESS,02/27/2021 08:35:00 PM,UNABLE TO DETERMINE,UNABLE TO DETERMINE,15,E,79TH ST,623.0,,,,,,,2,"REPORTED, NOT EVIDENT",1.0,0.0,0.0,0.0,1.0,1.0,0.0,18,7,2,41.7508647211,-87.6238898558,POINT (-87.623889855835 41.750864721111)
1e093bb6c3a908768ff633e3168bd8fec89b25706dc96ca0f81c0a0e2818ed91124c4c160e474d096d540c187a02378541c16a7982cda314c4346990b8305574,,01/13/2023 10:08:00 PM,30,NO CONTROLS,NO CONTROLS,CLOUDY/OVERCAST,DAYLIGHT,OTHER OBJECT,UNKNOWN,,STRAIGHT AND LEVEL,UNKNOWN,UNKNOWN,ON SCENE,INJURY AND / OR TOW DUE TO CRASH,,,Y,"OVER $1,500",01/13/2023 10:08:00 PM,NOT APPLICABLE,NOT APPLICABLE,723,W,17TH ST,1235.0,,,,,,,1,,,,,,,,,22,6,1,41.8590491583,-87.6457636914,POINT (-87.645763691357 41.859049158255)
6d790f750b58c4ad355ff382f9709a9a870b3dfbbbde386034cdceb7b5318cd611aa728de1dfd1870ca1880c666fb911a0a91dda79a41b8a9affc9107b763c8c,,08/27/2024 11:17:00 PM,25,STOP SIGN/FLASHER,NO CONTROLS,RAIN,"DARKNESS, LIGHTED ROAD",PARKED MOTOR VEHICLE,ONE-WAY,,STRAIGHT AND LEVEL,WET,NO DEFECTS,ON SCENE,INJURY AND / OR TOW DUE TO CRASH,,,Y,"OVER $1,500",08/27/2024 11:17:00 PM,UNABLE TO DETERMINE,UNABLE TO DETERMINE,5244,S,INGLESIDE AVE,233.0,,,,,,,2,NO INDICATION OF INJURY,0.0,0.0,0.0,0.0,0.0,1.0,0.0,23,3,8,41.7994627505,-87.602973419,POINT (-87.602973418967 41.799462750545)
6458051fbb1d365cc7d96071a91bde77d28ec1435a72767d7e2d821d2597ae5391f801b1ec6a1a3931a9721edfe06c4f9383565530d5677c74253cdb0725ecc4,,10/06/2022 02:00:00 PM,10,UNKNOWN,UNKNOWN,UNKNOWN,DAYLIGHT,PARKED MOTOR VEHICLE,NOT DIVIDED,,STRAIGHT AND LEVEL,UNKNOWN,UNKNOWN,NOT ON SCENE (DESK REPORT),NO INJURY / DRIVE AWAY,,,,"OVER $1,500",10/07/2022 02:15:00 PM,UNABLE TO DETERMINE,NOT APPLICABLE,111,W,KINZIE ST,1831.0,,,,,,,2,NO INDICATION OF INJURY,0.0,0.0,0.0,0.0,0.0,1.0,0.0,14,5,10,41.8890951778,-87.6315694241,POINT (-87.631569424082 41.88909517779)
e2cb246afcdc6bba6aa6ec5d2550f251202905937fd5b7b44eaa4f63c690099436aaced817543381c4b756f74d7534bbf18213ff1a7753e7e84cf383c1bdc1ae,Y,07/27/2019 07:00:00 AM,30,NO CONTROLS,NO CONTROLS,CLEAR,UNKNOWN,PARKED MOTOR VEHICLE,ONE-WAY,,STRAIGHT AND LEVEL,DRY,NO DEFECTS,ON SCENE,NO INJURY / DRIVE AWAY,,,Y,"OVER $1,500",07/27/2019 07:05:00 AM,UNABLE TO DETERMINE,NOT APPLICABLE,10631,S,MACKINAW AVE,432.0,,,,,,,4,NO INDICATION OF INJURY,0.0,0.0,0.0,0.0,0.0,1.0,0.0,7,7,7,41.7018263526,-87.5424161422,POINT (-87.542416142224 41.701826352614)
410da3569aa18df263cc4d143e595c70f3f418ccc6115a7cf6071615343536e5fe6ed00fe4080889ad50e4c90016e18e66d6533eed13975491e14ebdf7a0e864,,01/23/2017 12:30:00 PM,30,NO CONTROLS,NO CONTROLS,CLEAR,DAYLIGHT,SIDESWIPE SAME DIRECTION,DIVIDED - W/MEDIAN BARRIER,2,STRAIGHT AND LEVEL,DRY,NO DEFECTS,NOT ON SCENE (DESK REPORT),NO INJURY / DRIVE AWAY,,,Y,$500 OR LESS,01/23/2017 01:30:00 PM,CELL PHONE USE OTHER THAN TEXTING,"OPERATING VEHICLE IN ERRATIC, RECKLESS, CARELESS, NEGLIGENT OR AGGRESSIVE MANNER",26,S,WESTERN AVE,1125.0,,,,,,,2,NO INDICATION OF INJURY,0.0,0.0,0.0,0.0,0.0,3.0,0.0,12,2,1,41.8803631544,-87.6865616681,POINT (-87.686561668127 41.880363154437)
59e21014d9a9575103bd3a5af619f75b54db0342e0b90e97b73e699cf64668d4b7beb314a4d90117c2b5e8f2d91e08b9bbf04b1fe57a3c083b97485bf20c9a11,,05/03/2023 06:50:00 AM,30,NO CONTROLS,NO CONTROLS,CLEAR,DAWN,PARKED MOTOR VEHICLE,NOT DIVIDED,,STRAIGHT AND LEVEL,DRY,NO DEFECTS,ON SCENE,INJURY AND / OR TOW DUE TO CRASH,,,Y,"OVER $1,500",05/03/2023 07:18:00 AM,UNABLE TO DETERMINE,NOT APPLICABLE,6809,N,LAKEWOOD AVE,2431.0,,,,,,,5,NO INDICATION OF INJURY,0.0,0.0,0.0,0.0,0.0,1.0,0.0,6,4,5,42.0057953091,-87.6635102977,POINT (-87.66351029773 42.005795309075)
79f286ebb1ac3738652702a134b6a681c2da07272e73401129f2d3cf5d50d60fc0a6dc6bd6bac98ad8dd4c5378122cb8f86286dc6b951e96ba417aa56e962cc2,,11/12/2022 04:55:00 PM,30,NO CONTROLS,NO CONTROLS,CLEAR,"DARKNESS, LIGHTED ROAD",TURNING,NOT DIVIDED,,STRAIGHT AND LEVEL,DRY,NO DEFECTS,ON SCENE,NO INJURY / DRIVE AWAY,Y,,,"OVER $1,500",11/12/2022 04:59:00 PM,UNABLE TO DETERMINE,NOT APPLICABLE,3600,S,WESTERN BLVD,911.0,,,,,,,2,NO INDICATION OF INJURY,0.0,0.0,0.0,0.0,0.0,2.0,0.0,16,7,11,41.8284035223,-87.6845505847,POINT (-87.684550584737 41.828403522284)
8395f67be61769868d34001a7783ab43081bc646e22fe539d133ac55a70dc4543a2995f3153d0115b5f3a7e132ab73d0e3204b64ab37ddc0d1935854e45df8b0,Y,02/19/2025 03:15:00 PM,25,UNKNOWN,UNKNOWN,CLEAR,DAYLIGHT,SIDESWIPE OPPOSITE DIRECTION,ALLEY,,STRAIGHT AND LEVEL,UNKNOWN,UNKNOWN,ON SCENE,NO INJURY / DRIVE AWAY,,,Y,"OVER $1,500",02/19/2025 03:49:00 PM,UNABLE TO DETERMINE,NOT APPLICABLE,362,E,53RD ST,231.0,,,,,,,2,NO INDICATION OF INJURY,0.0,0.0,0.0,0.0,0.0,2.0,0.0,15,4,2,41.7985616361,-87.6168075242,POINT (-87.616807524154 41.798561636121)
5b573cf8c39b876f61919e42f45dc4698b81cad09927ad7996c6024e9448f2ae4a0449aea418f0d9c9c1d9747b6033d7b221b60b44a5a03d7d2da23ed4e5ed15,,03/13/2016 01:50:00 PM,30,NO CONTROLS,NO CONTROLS,RAIN,DAYLIGHT,REAR END,NOT DIVIDED,2,STRAIGHT AND LEVEL,WET,NO DEFECTS,NOT ON SCENE (DESK REPORT),NO INJURY / DRIVE AWAY,,,,"$501 - $1,500",03/13/2016 03:10:00 PM,FOLLOWING TOO CLOSELY,UNABLE TO DETERMINE,1215,N,STATE PKWY,1824.0,,,,,,,2,NO INDICATION OF INJURY,0.0,0.0,0.0,0.0,0.0,2.0,0.0,13,1,3,41.9044326038,-87.6285486241,POINT (-87.628548624147 41.904432603796)
e0c1f43b8d15ab9ff165d3fa7e0c09941f751222189b64e35e2650511f3312b5aa0d985dff897f9413e58ca0878754ef40b01b9624e82341c23fb55c4f0695f7,,05/06/2019 09:00:00 AM,30,NO CONTROLS,NO CONTROLS,CLEAR,DAYLIGHT,PEDESTRIAN,NOT DIVIDED,,STRAIGHT AND LEVEL,DRY,NO DEFECTS,ON SCENE,NO INJURY / DRIVE AWAY,,,Y,$500 OR LESS,05/06/2019 09:28:00 AM,UNABLE TO DETERMINE,NOT APPLICABLE,4600,W,63RD ST,813.0,,,,,,,2,NO INDICATION OF INJURY,0.0,0.0,0.0,0.0,0.0,2.0,0.0,9,2,5,41.7785955636,-87.7374825072,POINT (-87.737482507157 41.778595563632)
524f108bad5c2122dfbf93d0e5e9a048cccecc6e7ec9b6265cacb5920bb4119ae58783689eb6f9c5fd4f9efb94c1c08789df7b7901b6fd2546aa5487d536ca95,,07/26/2020 02:45:00 AM,30,STOP SIGN/FLASHER,FUNCTIONING PROPERLY,CLEAR,"DARKNESS, LIGHTED ROAD",ANGLE,NOT DIVIDED,,STRAIGHT AND LEVEL,DRY,NO DEFECTS,ON SCENE,INJURY AND / OR TOW DUE TO CRASH,Y,,,"OVER $1,500",07/26/2020 02:49:00 AM,DISREGARDING STOP SIGN,NOT APPLICABLE,1227,N,LAVERGNE AVE,2533.0,,,,,,,2,NONINCAPACITATING INJURY,1.0,0.0,0.0,1.0,0.0,1.0,0.0,2,1,7,41.9031664181,-87.7507452075,POINT (-87.750745207461 41.903166418118)
b97a4d87f2864f9721df93cd960cf9162f42c16ea0aa438aca2ec2c511c1d08da9804bfb6f0678074d004d854b1d6c4440cbece7e9c07b57af7bd6f6b40cfb63,,12/16/2023 06:00:00 PM,30,TRAFFIC SIGNAL,FUNCTIONING PROPERLY,RAIN,"DARKNESS, LIGHTED ROAD",TURNING,NOT DIVIDED,,STRAIGHT AND LEVEL,DRY,NO DEFECTS,NOT ON SCENE (DESK REPORT),NO INJURY / DRIVE AWAY,,,Y,"OVER $1,500",12/16/2023 07:00:00 PM,UNABLE TO DETERMINE,UNABLE TO DETERMINE,303,N,WABASH AVE,111.0,,,,,,,2,NO INDICATION OF INJURY,0.0,0.0,0.0,0.0,0.0,2.0,0.0,18,7,12,41.8870465064,-87.6262261766,POINT (-87.62622617663 41.887046506448)
00b6e04a235f68251c1b199813080acc7962f7970e0bdb7d3454ef62f2b75a775d5a77d4bcb65ee21114bda20230cd9aa144c673c229cf430dbf2df06ffc5cb5,,08/18/2018 08:20:00 AM,40,NO CONTROLS,NO CONTROLS,CLEAR,DAWN,TURNING,DIVIDED - W/MEDIAN (NOT RAISED),,STRAIGHT AND LEVEL,DRY,NO DEFECTS,NOT ON SCENE (DESK REPORT),NO INJURY / DRIVE AWAY,,,,"$501 - $1,500",08/18/2018 08:50:00 AM,UNABLE TO DETERMINE,UNABLE TO DETERMINE,5700,N,SHERIDAN RD,2022.0,,,,,,,2,NO INDICATION OF INJURY,0.0,0.0,0.0,0.0,0.0,2.0,0.0,8,7,8,41.9856410954,-87.6553885441,POINT (-87.655388544127 41.985641095429)
323b8e1a063b7025fb747ce67343a673572ebbb679538ad33a9155d1bb2c15848344f8c9bcc5770db928bfc00350d35dafe3930440c9a37057d78175b107873b,,03/09/2024 01:15:00 PM,30,TRAFFIC SIGNAL,FUNCTIONING PROPERLY,CLEAR,DAYLIGHT,SIDESWIPE SAME DIRECTION,ONE-WAY,,STRAIGHT AND LEVEL,DRY,NO DEFECTS,NOT ON SCENE (DESK REPORT),INJURY AND / OR TOW DUE TO CRASH,,,,"OVER $1,500",03/11/2024 11:00:00 AM,UNABLE TO DETERMINE,NOT APPLICABLE,2000,W,CONGRESS PKWY,1225.0,,,,,,,2,NO INDICATION OF INJURY,0.0,0.0,0.0,0.0,0.0,2.0,0.0,13,7,3,41.8751309789,-87.6765109831,POINT (-87.676510983089 41.875130978949)
7d11a71806b2d2589c3da0fd5189c58b8f3400bcf61b87d7b7688b2539f65356da75416bab20a88b6e0cab59b77084178e416cb5f9cb007909d17b0c69222989,,12/05/2017 01:56:00 PM,30,TRAFFIC SIGNAL,FUNCTIONING PROPERLY,CLEAR,DAYLIGHT,REAR END,NOT DIVIDED,2,STRAIGHT AND LEVEL,DRY,NO DEFECTS,NOT ON SCENE (DESK REPORT),NO INJURY / DRIVE AWAY,Y,,,"OVER $1,500",12/06/2017 01:00:00 PM,FOLLOWING TOO CLOSELY,NOT APPLICABLE,8300,S,SOUTH CHICAGO AVE,412.0,,,,,,,2,NO INDICATION OF INJURY,0.0,0.0,0.0,0.0,0.0,2.0,0.0,13,3,12,41.7441952863,-87.5756392536,POINT (-87.575639253594 41.744195286263)
1821f08c5d238a5240d940ed3c5569d55aad8d17401646eae584209438da8f1764c18e2c3cb591192f9123466d053c99c04699845fe612477f972bda43e81e06,,02/07/2017 12:55:00 PM,30,TRAFFIC SIGNAL,FUNCTIONING IMPROPERLY,CLEAR,DAYLIGHT,FIXED OBJECT,DIVIDED - W/MEDIAN (NOT RAISED),6,STRAIGHT AND LEVEL,WET,NO DEFECTS,ON SCENE,INJURY AND / OR TOW DUE TO CRASH,Y,,,"OVER $1,500",02/07/2017 12:55:00 PM,UNABLE TO DETERMINE,UNABLE TO DETERMINE,6859,S,STONY ISLAND AVE,332.0,,,,,,,1,NO INDICATION OF INJURY,0.0,0.0,0.0,0.0,0.0,1.0,0.0,12,3,2,41.7697943407,-87.5858018694,POINT (-87.58580186939 41.769794340651)
4d088428102bd252c70863d550cac9f26cf4a665f19f5545e29066372377634b4bc0a1c7a49a78da1680f38d46d6dfb70e360caf954721ebe8c839f1721aa63e,,11/29/2019 08:30:00 AM,25,NO CONTROLS,NO CONTROLS,CLEAR,DAYLIGHT,ANGLE,ONE-WAY,,STRAIGHT AND LEVEL,WET,NO DEFECTS,NOT ON SCENE (DESK REPORT),NO INJURY / DRIVE AWAY,,,,"$501 - $1,500",11/29/2019 08:50:00 AM,DRIVING ON WRONG SIDE/WRONG WAY,FAILING TO YIELD RIGHT-OF-WAY,1221,N,LONG AVE,2532.0,,,,,,,2,NO INDICATION OF INJURY,0.0,0.0,0.0,0.0,0.0,2.0,0.0,8,6,11,41.9029183135,-87.7608459329,POINT (-87.76084593294 41.902918313452)
7813d4cd34c98e1eabbcd50653cfcad9c2111261b2f2ba68925d04428feb489d23851fda30e216d94ea299bccfed027d9199c43e48ba4d6373984c9a4a8bed7d,,03/09/2024 12:30:00 AM,30,NO CONTROLS,NO CONTROLS,CLEAR,DAWN,PARKED MOTOR VEHICLE,OTHER,,STRAIGHT AND LEVEL,DRY,NO DEFECTS,ON SCENE,INJURY AND / OR TOW DUE TO CRASH,,,Y,"OVER $1,500",03/09/2024 12:33:00 AM,UNABLE TO DETERMINE,NOT APPLICABLE,7753,S,CONSTANCE AVE,414.0,,,,,,,2,NO INDICATION OF INJURY,0.0,0.0,0.0,0.0,0.0,1.0,0.0,0,7,3,41.7536403778,-87.5795493778,POINT (-87.57954937775 41.753640377786)
f4398349d116cd47441b4ede0bd6b78f3373229203b5084ba33c23e79635df12dcfe803f0c3db797a28f39227b16721c9cb5a2cee277d5697847e1f3a7961e05,,04/23/2022 01:45:00 PM,30,OTHER,FUNCTIONING IMPROPERLY,CLEAR,DAYLIGHT,REAR END,OTHER,,STRAIGHT AND LEVEL,DRY,NO DEFECTS,ON SCENE,NO INJURY / DRIVE AWAY,,,,"OVER $1,500",04/23/2022 01:50:00 PM,IMPROPER LANE USAGE,NOT APPLICABLE,8701,S,CHICAGO SKYWAY IB,412.0,,,,,,,2,NO INDICATION OF INJURY,0.0,0.0,0.0,0.0,0.0,2.0,0.0,13,7,4,,,
d738e636f4bc368c417a78a723b752657a2794d03406ad94bd7c42b2e46f3f67ebba3d35413cdf7b0a4421bc1f67caef6956ee3f705c8a6e9c21be4a9a640f87,,03/18/2019 05:15:00 PM,30,NO CONTROLS,NO CONTROLS,CLEAR,DAYLIGHT,REAR END,DIVIDED - W/MEDIAN BARRIER,2,STRAIGHT AND LEVEL,DRY,NO DEFECTS,NOT ON SCENE (DESK REPORT),NO INJURY / DRIVE AWAY,,,,"OVER $1,500",03/18/2019 05:51:00 PM,FOLLOWING TOO CLOSELY,NOT APPLICABLE,1007,W,HARRISON ST,1232.0,,,,,,,2,NO INDICATION OF INJURY,0.0,0.0,0.0,0.0,0.0,2.0,0.0,17,2,3,41.8742537783,-87.6520355266,POINT (-87.652035526628 41.874253778266)
44cca6325d779d38632e9049cf25cb69ce0ea7b71cec6d68c94e5cb64c3917f10f7389f847d3461d0ab67a02af3ef313ad64d91ae57044a69b25f918101320b5,,07/17/2020 09:07:00 PM,30,STOP SIGN/FLASHER,FUNCTIONING PROPERLY,CLEAR,"DARKNESS, LIGHTED ROAD",REAR END,NOT DIVIDED,,STRAIGHT AND LEVEL,DRY,NO DEFECTS,ON SCENE,NO INJURY / DRIVE AWAY,,,Y,"OVER $1,500",07/17/2020 09:08:00 PM,FOLLOWING TOO CLOSELY,NOT APPLICABLE,6200,S,CALIFORNIA AVE,823.0,,,,,,,2,NO INDICATION OF INJURY,0.0,0.0,0.0,0.0,0.0,4.0,0.0,21,6,7,41.7808443819,-87.6935870532,POINT (-87.693587053206 41.780844381892)
41712f37977b6d85d78e03121e4df3669087a78bed7b9c6b5b3fa0676ddf615951da9edc7e07d92a406916286a22314a342e56da4f30f9dadf6fc161c6d7fcf3,,10/06/2021 09:00:00 AM,20,NO CONTROLS,NO CONTROLS,UNKNOWN,UNKNOWN,PARKED MOTOR VEHICLE,ONE-WAY,,STRAIGHT ON GRADE,DRY,NO DEFECTS,NOT ON SCENE (DESK REPORT),NO INJURY / DRIVE AWAY,,,Y,"$501 - $1,500",10/06/2021 06:38:00 PM,UNABLE TO DETERMINE,UNABLE TO DETERMINE,4335,S,MOZART ST,922.0,,,,,,,2,NO INDICATION OF INJURY,0.0,0.0,0.0,0.0,0.0,1.0,0.0,9,4,10,41.814479352,-87.695475672,POINT (-87.695475671994 41.814479351973)
693e86bfefc68eac60c0cbc4d8003fdf8d1bc2111c1c6bcb54ad5c6b9e254ffca45d420d364574815fe15c6b401a3604194e56a304cb153f6310b9dfe61ad25c,,01/27/2017 08:30:00 PM,30,TRAFFIC SIGNAL,FUNCTIONING PROPERLY,CLEAR,"DARKNESS, LIGHTED ROAD",SIDESWIPE SAME DIRECTION,DIVIDED - W/MEDIAN (NOT RAISED),4,STRAIGHT AND LEVEL,DRY,NO DEFECTS,NOT ON SCENE (DESK REPORT),NO INJURY / DRIVE AWAY,,,,"$501 - $1,500",01/27/2017 09:40:00 PM,IMPROPER OVERTAKING/PASSING,NOT APPLICABLE,1560,N,DAMEN AVE,1424.0,Y,Y,,,,,2,NO INDICATION OF INJURY,0.0,0.0,0.0,0.0,0.0,3.0,0.0,20,6,1,41.9099951994,-87.6775990871,POINT (-87.677599087098 41.909995199416)
965df605c4d38360c95b548918129561bd1e6d8d832f78fe4e748f82ac96cd3af2bcef6be4e59f44319e255e2d57921a4013f706f286fc242d9fbd15f4dff879,,01/05/2022 09:08:00 PM,30,NO CONTROLS,NO CONTROLS,CLEAR,"DARKNESS, LIGHTED ROAD",ANGLE,PARKING LOT,,STRAIGHT AND LEVEL,SNOW OR SLUSH,NO DEFECTS,ON SCENE,NO INJURY / DRIVE AWAY,,Y,Y,"OVER $1,500",01/05/2022 09:40:00 PM,"OPERATING VEHICLE IN ERRATIC, RECKLESS, CARELESS, NEGLIGENT OR AGGRESSIVE MANNER",UNABLE TO DETERMINE,6500,S,DR MARTIN LUTHER KING JR DR,312.0,,,,,,,2,NO INDICATION OF INJURY,0.0,0.0,0.0,0.0,0.0,3.0,0.0,21,4,1,41.7765106171,-87.6156798597,POINT (-87.615679859657 41.776510617137)
9cbcd785f831b138e49d4ec4c538710c7a05682f1af86639f147bb2516577123a7be22d9e061e3feb21dfb97172f5b61d28c740878d6d3d01aba34b81df938a8,,04/10/2023 03:44:00 PM,30,STOP SIGN/FLASHER,FUNCTIONING PROPERLY,CLEAR,DAYLIGHT,TURNING,UNKNOWN INTERSECTION TYPE,,STRAIGHT AND LEVEL,DRY,NO DEFECTS,ON SCENE,INJURY AND / OR TOW DUE TO CRASH,Y,,,"OVER $1,500",04/10/2023 03:44:00 PM,FAILING TO YIELD RIGHT-OF-WAY,NOT APPLICABLE,2129,S,CANAL ST,914.0,,,,,,,2,NONINCAPACITATING INJURY,1.0,0.0,0.0,1.0,0.0,1.0,0.0,15,2,4,41.8535296478,-87.6384105169,POINT (-87.638410516938 41.853529647771)
4060a1187bbbbe480777c135ec595360d773977fd6bfd7af30537167d004fb4680758a4ff90e97e72b3156d1ac34a9f186825298534f68119de3bd37832459a0,,06/16/2022 07:00:00 AM,30,NO CONTROLS,NO CONTROLS,CLEAR,DAYLIGHT,SIDESWIPE SAME DIRECTION,ONE-WAY,,STRAIGHT AND LEVEL,DRY,NO DEFECTS,NOT ON SCENE (DESK REPORT),NO INJURY / DRIVE AWAY,,,,"$501 - $1,500",06/16/2022 04:17:00 PM,UNABLE TO DETERMINE,UNABLE TO DETERMINE,641,N,CLARK ST,1832.0,,,,,,,2,NO INDICATION OF INJURY,0.0,0.0,0.0,0.0,0.0,2.0,0.0,7,5,6,41.8936322938,-87.6310300083,POINT (-87.631030008305 41.893632293807)