CRASH_RECORD_ID,CRASH_DATE_EST_I,CRASH_DATE,POSTED_SPEED_LIMIT,TRAFFIC_CONTROL_DEVICE,DEVICE_CONDITION,WEATHER_CONDITION,LIGHTING_CONDITION,FIRST_CRASH_TYPE,TRAFFICWAY_TYPE,LANE_CNT,ALIGNMENT,ROADWAY_SURFACE_COND,ROAD_DEFECT,REPORT_TYPE,CRASH_TYPE,INTERSECTION_RELATED_I,NOT_RIGHT_OF_WAY_I,HIT_AND_RUN_I,DAMAGE,DATE_POLICE_NOTIFIED,PRIM_CONTRIBUTORY_CAUSE,SEC_CONTRIBUTORY_CAUSE,STREET_NO,STREET_DIRECTION,STREET_NAME,BEAT_OF_OCCURRENCE,PHOTOS_TAKEN_I,STATEMENTS_TAKEN_I,DOORING_I,WORK_ZONE_I,WORK_ZONE_TYPE,WORKERS_PRESENT_I,NUM_UNITS,MOST_SEVERE_INJURY,INJURIES_TOTAL,INJURIES_FATAL,INJURIES_INCAPACITATING,INJURIES_NON_INCAPACITATING,INJURIES_REPORTED_NOT_EVIDENT,INJURIES_NO_INDICATION,INJURIES_UNKNOWN,CRASH_HOUR,CRASH_DAY_OF_WEEK,CRASH_MONTH,LATITUDE,LONGITUDE,LOCATION
0d93939d1612aeb34fd5619324765e8db910cdd88ebe1c8cee3ef3f19b17aebf87198cf6c39069d0e8a497bea09c51995a942641bbf5eb615cb139a63c9a6212,,11/16/2016 03:15:00 PM,10,NO CONTROLS,NO CONTROLS,CLEAR,DAYLIGHT,TURNING,PARKING LOT,2,STRAIGHT AND LEVEL,DRY,NO DEFECTS,NOT ON SCENE (DESK REPORT),NO INJURY / DRIVE AWAY,,,,"$501 - $1,500",11/17/2016 12:15:00 AM,UNABLE TO DETERMINE,UNABLE TO DETERMINE,5840,S,MARYLAND AVE,235.0,,,,,,,2,NO INDICATION OF INJURY,0.0,0.0,0.0,0.0,0.0,2.0,0.0,15,4,11,41.7883071067,-87.6050631202,POINT (-87.6050631202 41.788307106677)
8aec6cb799278c96cf4ff5d98b59719f80f4c6e83777c91e81813aa28a8b62899b4c446f9dceb2e658ea4ebb5432103d0de65267368b7fd8d0d2d7f8ee938c47,,10/29/2025 06:05:00 AM,30,TRAFFIC SIGNAL,FUNCTIONING PROPERLY,CLEAR,DAWN,TURNING,"FIVE POINT, OR MORE",,STRAIGHT AND LEVEL,DRY,NO DEFECTS,,INJURY AND / OR TOW DUE TO CRASH,Y,,,"OVER $1,500",10/29/2025 06:06:00 AM,UNABLE TO DETERMINE,UNABLE TO DETERMINE,2801,W,BELMONT AVE,1411.0,,,,,,,2,NONINCAPACITATING INJURY,1.0,0.0,0.0,1.0,0.0,2.0,0.0,6,4,10,,,
49e68892a557c417c5c452d99e2857db47bf09e756c5f9081b90ea3bb0a5d62cbd806ef005f9b71c5eb331b42407a411660487357064c4e8d3e4bf0c38c1e2a7,,06/13/2018 09:40:00 AM,25,STOP SIGN/FLASHER,FUNCTIONING PROPERLY,CLEAR,DAYLIGHT,HEAD ON,ONE-WAY,1,STRAIGHT AND LEVEL,DRY,NO DEFECTS,NOT ON SCENE (DESK REPORT),NO INJURY / DRIVE AWAY,,,,"OVER $1,500",06/13/2018 09:52:00 AM,IMPROPER BACKING,NOT APPLICABLE,5235,W,LELAND AVE,1623.0,,,,,,,2,NO INDICATION OF INJURY,0.0,0.0,0.0,0.0,0.0,3.0,0.0,9,4,6,41.9655001492,-87.7590150098,POINT (-87.759015009807 41.965500149162)
79bdb1b95e7e7776140b3adbfe77ceae2f1018cda30e3d6024cace02a313de3542673c181c4e0a0620d26afc5ce300b0f5280392ab9a7e35f12fac4b12a1f706,,07/13/2018 03:07:00 PM,30,NO CONTROLS,NO CONTROLS,CLEAR,DAYLIGHT,ANGLE,DIVIDED - W/MEDIAN (NOT RAISED),4,STRAIGHT AND LEVEL,DRY,NO DEFECTS,NOT ON SCENE (DESK REPORT),NO INJURY / DRIVE AWAY,,,Y,"OVER $1,500",07/13/2018 03:20:00 PM,FAILING TO YIELD RIGHT-OF-WAY,FAILING TO YIELD RIGHT-OF-WAY,6219,S,ASHLAND AVE,713.0,,,,,,,2,NO INDICATION OF INJURY,0.0,0.0,0.0,0.0,0.0,2.0,0.0,15,6,7,41.780693093,-87.6641029956,POINT (-87.664102995637 41.780693093033)
5ddc98131bc55b9bdaa64a885c0a3cbd069f91ecabed377d476aefdad7a86da030c6331c0270d7606d6f39a19b4580235727d52dd7d72bf815bef7c3017599cb,,11/24/2017 09:00:00 PM,30,TRAFFIC SIGNAL,FUNCTIONING PROPERLY,CLEAR,"DARKNESS, LIGHTED ROAD",REAR END,DIVIDED - W/MEDIAN (NOT RAISED),,STRAIGHT AND LEVEL,DRY,NO DEFECTS,ON SCENE,NO INJURY / DRIVE AWAY,,,Y,"OVER $1,500",11/24/2017 09:05:00 PM,FAILING TO REDUCE SPEED TO AVOID CRASH,FAILING TO REDUCE SPEED TO AVOID CRASH,1530,E,53RD ST,234.0,,,,,,,2,NO INDICATION OF INJURY,0.0,0.0,0.0,0.0,0.0,3.0,0.0,21,6,11,41.7996671229,-87.5878145238,POINT (-87.587814523782 41.79966712287)
2cd48fe84f795ae7078a0c0c9701d93c9591e99b27703a19f14d96c74a5ebe8397305f6c1a2acc391f8fe7357bc7a074d35f10b1e6c1d1924e4dd8a9217f1df7,,02/04/2020 05:30:00 AM,30,TRAFFIC SIGNAL,FUNCTIONING PROPERLY,CLEAR,DUSK,TURNING,NOT DIVIDED,,STRAIGHT AND LEVEL,DRY,NO DEFECTS,NOT ON SCENE (DESK REPORT),NO INJURY / DRIVE AWAY,Y,,,"OVER $1,500",02/04/2020 06:39:00 AM,IMPROPER TURNING/NO SIGNAL,UNABLE TO DETERMINE,5200,W,ROOSEVELT RD,1522.0,,,,,,,2,NO INDICATION OF INJURY,0.0,0.0,0.0,0.0,0.0,3.0,0.0,5,3,2,41.8658567344,-87.7548716042,POINT (-87.754871604193 41.865856734392)
35a16bf19b8f233b20b682ef4f65d2a8f7fcf93c0249a8afacc5ffb87c8b6768ae6069b5353e50f6d1dc652e010d07cd92d5fc1fb91e7a0adb95286cab3b2de5,Y,07/19/2017 09:20:00 AM,20,TRAFFIC SIGNAL,FUNCTIONING PROPERLY,CLEAR,DAYLIGHT,TURNING,NOT DIVIDED,1,STRAIGHT AND LEVEL,DRY,NO DEFECTS,NOT ON SCENE (DESK REPORT),NO INJURY / DRIVE AWAY,Y,,,"OVER $1,500",07/19/2017 10:15:00 AM,UNABLE TO DETERMINE,UNABLE TO DETERMINE,800,N,STATE ST,1832.0,,,,,,,2,NO INDICATION OF INJURY,0.0,0.0,0.0,0.0,0.0,2.0,0.0,9,4,7,41.8967175756,-87.6283472902,POINT (-87.628347290222 41.896717575598)
927ae0992d7187a95991dc8786961ba698366b0214487ec6e63bed392486ecb848f4699c113bbc48dd87279ed31d74b78e5f73702556f3b967b424680eee362d,,05/05/2024 08:30:00 PM,30,STOP SIGN/FLASHER,FUNCTIONING PROPERLY,CLEAR,UNKNOWN,FIXED OBJECT,T-INTERSECTION,,STRAIGHT AND LEVEL,DRY,NO DEFECTS,NOT ON SCENE (DESK REPORT),INJURY AND / OR TOW DUE TO CRASH,,,,"$501 - $1,500",05/05/2024 09:00:00 PM,DISTRACTION - FROM INSIDE VEHICLE,NOT APPLICABLE,6825,S,ANTHONY AVE,322.0,,,,,,,1,NO INDICATION OF INJURY,0.0,0.0,0.0,0.0,0.0,1.0,0.0,20,1,5,41.7702573624,-87.614550563,POINT (-87.614550563011 41.770257362446)
d64bf8b71ec67051d669e2b680899409071aecc70685dcfc77d8ede45a3186591de568daaa2f20f65d9b0c783d5cee58f291a3abbcfdc592f4bf7ac694444344,,12/26/2020 02:50:00 AM,35,NO CONTROLS,NO CONTROLS,CLEAR,DARKNESS,SIDESWIPE SAME DIRECTION,NOT DIVIDED,,STRAIGHT AND LEVEL,DRY,NO DEFECTS,NOT ON SCENE (DESK REPORT),NO INJURY / DRIVE AWAY,,,Y,"OVER $1,500",12/26/2020 03:40:00 AM,IMPROPER OVERTAKING/PASSING,FAILING TO REDUCE SPEED TO AVOID CRASH,7134,S,EXCHANGE AVE,334.0,,,,,,,2,NO INDICATION OF INJURY,0.0,0.0,0.0,0.0,0.0,2.0,0.0,2,7,12,41.7651287055,-87.5659274799,POINT (-87.565927479907 41.765128705474)
364624f017fafdb5e511601a6965528865121ec941b056eaaac08f1d7c38fa1605ce04f78528ae689b6355d0dc5e0f9d1302e273eab293581ad80879fb69a455,,03/08/2019 04:35:00 PM,25,OTHER,FUNCTIONING PROPERLY,CLEAR,DAYLIGHT,FIXED OBJECT,RAMP,,STRAIGHT ON GRADE,DRY,NO DEFECTS,ON SCENE,NO INJURY / DRIVE AWAY,,Y,,"OVER $1,500",03/08/2019 04:50:00 PM,DRIVING SKILLS/KNOWLEDGE/EXPERIENCE,EXCEEDING SAFE SPEED FOR CONDITIONS,842,N,MIES VAN DER ROHE WAY,1833.0,,,,,,,1,NO INDICATION OF INJURY,0.0,0.0,0.0,0.0,0.0,1.0,0.0,16,6,3,41.8980866906,-87.6220006506,POINT (-87.622000650556 41.898086690569)
fff6ff1fc405bc73be2c8002053a35cee88c0b3174c4d4920af8afc9b3ae3ca81185f04a96f2236a243b7bee3be487a09f1c329387bb7858ea33a584ca991101,,11/16/2022 05:20:00 PM,30,NO CONTROLS,NO CONTROLS,CLEAR,"DARKNESS, LIGHTED ROAD",ANGLE,DIVIDED - W/MEDIAN (NOT RAISED),,STRAIGHT AND LEVEL,DRY,NO DEFECTS,NOT ON SCENE (DESK REPORT),NO INJURY / DRIVE AWAY,,,,"OVER $1,500",11/18/2022 04:30:00 PM,UNABLE TO DETERMINE,UNABLE TO DETERMINE,60,N,LARAMIE AVE,1522.0,,,,,,,2,NO INDICATION OF INJURY,0.0,0.0,0.0,0.0,0.0,2.0,0.0,17,4,11,41.8822637262,-87.7552833533,POINT (-87.755283353343 41.882263726249)
27e177e12c3ddd730b3a313e29c54e512994e0a77d0a0be568d51630e76bab3518966196d457640f1d97b98db4cb665eeffca3efc3dba6f4adbb69a5c7e74852,,07/18/2020 12:10:00 PM,30,TRAFFIC SIGNAL,FUNCTIONING PROPERLY,CLEAR,DAYLIGHT,REAR END,NOT DIVIDED,,STRAIGHT AND LEVEL,DRY,UNKNOWN,NOT ON SCENE (DESK REPORT),NO INJURY / DRIVE AWAY,Y,,,"OVER $1,500",07/20/2020 05:55:00 PM,UNABLE TO DETERMINE,UNABLE TO DETERMINE,1599,W,MONROE ST,1224.0,,,,,,,2,NO INDICATION OF INJURY,0.0,0.0,0.0,0.0,0.0,2.0,0.0,12,7,7,41.8800610321,-87.6666364187,POINT (-87.666636418681 41.880061032076)
0d1ae481b93caef5e71f4ee0d0d35c36ef1110cd953c7100e32c8f49021c7f94ff4e4ce0c9766dac943e52b6851ea622906db5a479602f89e4c5d60e1c3e355c,,01/09/2024 06:00:00 PM,30,NO CONTROLS,NO CONTROLS,SNOW,"DARKNESS, LIGHTED ROAD",REAR END,NOT DIVIDED,,STRAIGHT AND LEVEL,SNOW OR SLUSH,NO DEFECTS,NOT ON SCENE (DESK REPORT),NO INJURY / DRIVE AWAY,,,,"OVER $1,500",01/10/2024 07:30:00 AM,UNABLE TO DETERMINE,UNABLE TO DETERMINE,2501,W,BELMONT AVE,1931.0,,,,,,,2,NO INDICATION OF INJURY,0.0,0.0,0.0,0.0,0.0,3.0,0.0,18,3,1,41.9393325629,-87.6901461342,POINT (-87.690146134173 41.93933256295)
fa6bd452f49cf30fd3058e36a162759b08327ecfe9917f578cb5f9ba67724c8182a63db6c78c729fd7888a32d8774a91c81ae0690f98d4e755eeb9cb7f764ee5,,08/08/2017 07:33:00 AM,30,TRAFFIC SIGNAL,FUNCTIONING PROPERLY,CLEAR,DAYLIGHT,TURNING,OTHER,2,STRAIGHT AND LEVEL,DRY,UNKNOWN,ON SCENE,INJURY AND / OR TOW DUE TO CRASH,Y,,,"OVER $1,500",08/08/2017 07:33:00 AM,UNABLE TO DETERMINE,UNABLE TO DETERMINE,2800,W,LAKE ST,1222.0,,,,,,,2,NO INDICATION OF INJURY,0.0,0.0,0.0,0.0,0.0,3.0,0.0,7,3,8,41.8843514783,-87.6964425612,POINT (-87.696442561207 41.884351478339)
b7f77df988dad92d14a8a93575065f7730ea61a65f0f76f81eb50971f8db8d5483307cc157dacee648bb1c0f82515e36f48493e7eaadd59a628773337a2a52c2,,06/02/2018 02:10:00 PM,30,STOP SIGN/FLASHER,FUNCTIONING PROPERLY,CLEAR,DAYLIGHT,ANGLE,NOT DIVIDED,,STRAIGHT AND LEVEL,DRY,NO DEFECTS,ON SCENE,INJURY AND / OR TOW DUE TO CRASH,,,,"OVER $1,500",06/02/2018 02:14:00 PM,FAILING TO YIELD RIGHT-OF-WAY,NOT APPLICABLE,5800,S,SPAULDING AVE,822.0,,,,,,,2,NO INDICATION OF INJURY,0.0,0.0,0.0,0.0,0.0,3.0,0.0,14,7,6,41.7879326818,-87.7059895792,POINT (-87.705989579249 41.787932681828)
c28dbe1e25cb9db53e51ad322b4da2ce5ed31a72285e400a54b8de5130479e46964ac7a10f50bd433c7ed48ffa40886580dbd30b1984dd27159e07516b150796,,09/08/2021 10:50:00 AM,30,NO CONTROLS,NO CONTROLS,CLEAR,DAYLIGHT,FIXED OBJECT,NOT DIVIDED,,STRAIGHT AND LEVEL,DRY,NO DEFECTS,ON SCENE,INJURY AND / OR TOW DUE TO CRASH,,,Y,"OVER $1,500",09/08/2021 11:00:00 AM,CELL PHONE USE OTHER THAN TEXTING,NOT APPLICABLE,7,W,111TH PL,522.0,,,,,,,2,NO INDICATION OF INJURY,0.0,0.0,0.0,0.0,0.0,1.0,0.0,10,4,9,41.6915647393,-87.6234330788,POINT (-87.623433078811 41.691564739331)
69bef55b1b1fb075f411c17374cf3fa4028d09daae5620bda79c2799d2025e18706069c74dccef6572717a04e634c3ad210e0ea63360d2ad1497a261cbce7c51,Y,06/25/2019 01:00:00 PM,30,UNKNOWN,UNKNOWN,CLEAR,DAYLIGHT,PARKED MOTOR VEHICLE,DIVIDED - W/MEDIAN (NOT RAISED),,STRAIGHT AND LEVEL,DRY,NO DEFECTS,ON SCENE,NO INJURY / DRIVE AWAY,,,,"$501 - $1,500",06/25/2019 02:00:00 PM,NOT APPLICABLE,NOT APPLICABLE,8534,S,BURLEY AVE,424.0,,,,,,,2,NO INDICATION OF INJURY,0.0,0.0,0.0,0.0,0.0,1.0,0.0,13,3,6,41.7400476681,-87.5455229344,POINT (-87.545522934395 41.740047668112)
20916c62262a13ad06690952df2bd8158f5f9374fe2f75a9fca3439cf5ec82bea3ee6b36579505f83c3d7f5ef59bffb5860fec65f21f54269f4e8ac49fdcb1e5,,11/09/2022 10:10:00 AM,15,NO CONTROLS,NO CONTROLS,CLOUDY/OVERCAST,DAYLIGHT,FIXED OBJECT,PARKING LOT,,STRAIGHT AND LEVEL,DRY,NO DEFECTS,ON SCENE,NO INJURY / DRIVE AWAY,,,,$500 OR LESS,11/09/2022 10:20:00 AM,NOT APPLICABLE,NOT APPLICABLE,7558,N,RIDGE BLVD,2411.0,,,,,,,1,NO INDICATION OF INJURY,0.0,0.0,0.0,0.0,0.0,2.0,0.0,10,4,11,42.0193487003,-87.6847865197,POINT (-87.684786519679 42.019348700301)
d415836d99e900615e8dd60b38557b55512f979fcf65e4fad04eb4420a78d89ebbbb955a5708b950d031fd91211744642016bb94e7b214080160e0b1e305287d,,01/18/2024 03:08:00 AM,45,NO CONTROLS,NO CONTROLS,SNOW,"DARKNESS, LIGHTED ROAD",FIXED OBJECT,DIVIDED - W/MEDIAN BARRIER,,STRAIGHT AND LEVEL,WET,NO DEFECTS,ON SCENE,INJURY AND / OR TOW DUE TO CRASH,,,,"OVER $1,500",01/18/2024 03:12:00 AM,CELL PHONE USE OTHER THAN TEXTING,FAILING TO REDUCE SPEED TO AVOID CRASH,1350,N,LAKE SHORE DR SB,1824.0,,,,,,,1,FATAL,2.0,1.0,0.0,0.0,1.0,0.0,0.0,3,5,1,41.9072940664,-87.6255937002,POINT (-87.625593700235 41.907294066421)
6e514436cafb018cef9065fabdfd040211e666c44a8af01c3cf28f5c708e93c6d8a2490fbaf0d33799da513ab11e276df06faa591f3b49f1973348a6e00e8635,,06/24/2023 08:51:00 PM,30,NO CONTROLS,NO CONTROLS,CLEAR,"DARKNESS, LIGHTED ROAD",PARKED MOTOR VEHICLE,NOT DIVIDED,,STRAIGHT AND LEVEL,DRY,UNKNOWN,ON SCENE,INJURY AND / OR TOW DUE TO CRASH,,,Y,"OVER $1,500",06/24/2023 08:51:00 PM,UNABLE TO DETERMINE,UNABLE TO DETERMINE,847,E,76TH ST,624.0,,,,,,,2,NO INDICATION OF INJURY,0.0,0.0,0.0,0.0,0.0,1.0,0.0,20,7,6,41.756670023,-87.6034520816,POINT (-87.603452081577 41.756670023019)
8591b3328dc535dfe19b431af7318863c3606c8c48fec943356af27319a996bcb8accf05a57f146a3820d0b3a127c7b390a361ccfd368ea1933d9e987007ab53,,11/24/2019 05:37:00 AM,30,TRAFFIC SIGNAL,FUNCTIONING PROPERLY,CLEAR,"DARKNESS, LIGHTED ROAD",PARKED MOTOR VEHICLE,DIVIDED - W/MEDIAN (NOT RAISED),,STRAIGHT AND LEVEL,DRY,UNKNOWN,ON SCENE,INJURY AND / OR TOW DUE TO CRASH,,,,"OVER $1,500",11/24/2019 05:37:00 AM,UNDER THE INFLUENCE OF ALCOHOL/DRUGS (USE WHEN ARREST IS EFFECTED),UNABLE TO DETERMINE,7353,N,SHERIDAN RD,2423.0,,,,,,,3,NONINCAPACITATING INJURY,1.0,0.0,0.0,1.0,0.0,0.0,0.0,5,1,11,42.0156761197,-87.6648141467,POINT (-87.664814146679 42.015676119703)
b6716f3612b63d9f8204cecb486556376f16a6338eb6dae7a7e1b17da5cef89c73277a99eb8ff86686de05dc4c9ef5d7a82a8143fb87a331423dccb85ccbe463,,01/01/2017 09:00:00 AM,30,NO CONTROLS,UNKNOWN,UNKNOWN,UNKNOWN,PEDESTRIAN,NOT DIVIDED,2,STRAIGHT AND LEVEL,UNKNOWN,UNKNOWN,NOT ON SCENE (DESK REPORT),INJURY AND / OR TOW DUE TO CRASH,,,,"OVER $1,500",01/06/2017 12:00:00 PM,IMPROPER BACKING,DRIVING SKILLS/KNOWLEDGE/EXPERIENCE,7923,S,HALSTED ST,621.0,,,,,,,2,"REPORTED, NOT EVIDENT",1.0,0.0,0.0,0.0,1.0,1.0,0.0,9,1,1,41.7499314582,-87.6438771253,POINT (-87.643877125327 41.749931458226)
184d70ddfd271878c0fbb35f5b8a02b3e5aff038bdeae39cc83ddc5fb151d8a5c687e99234408d0510190186c2cfb3030e91a8730be667962c90b806f3e967b6,,10/24/2022 01:36:00 PM,30,TRAFFIC SIGNAL,FUNCTIONING PROPERLY,CLEAR,DAYLIGHT,TURNING,NOT DIVIDED,,STRAIGHT AND LEVEL,DRY,NO DEFECTS,ON SCENE,INJURY AND / OR TOW DUE TO CRASH,Y,,,$500 OR LESS,10/24/2022 03:15:00 PM,IMPROPER TURNING/NO SIGNAL,FOLLOWING TOO CLOSELY,1200,N,HALSTED ST,1822.0,,,,,,,2,"REPORTED, NOT EVIDENT",1.0,0.0,0.0,0.0,1.0,3.0,0.0,13,2,10,41.9036983077,-87.6482453506,POINT (-87.648245350626 41.90369830765)
f595cc2a6ff427198811b71520d185b6749797e9a1db4455a35962873c392269a542a2ca97364a10fd665c8167708906c3b4bd6adb1f6dfd2c0de2156ff3820c,,06/11/2019 09:04:00 PM,30,TRAFFIC SIGNAL,NO CONTROLS,CLEAR,"DARKNESS, LIGHTED ROAD",REAR END,NOT DIVIDED,,STRAIGHT AND LEVEL,DRY,UNKNOWN,NOT ON SCENE (DESK REPORT),NO INJURY / DRIVE AWAY,,,,"OVER $1,500",06/11/2019 09:30:00 PM,FOLLOWING TOO CLOSELY,UNABLE TO DETERMINE,2933,N,CALIFORNIA AVE,1411.0,,,,,,,2,NO INDICATION OF INJURY,0.0,0.0,0.0,0.0,0.0,2.0,0.0,21,3,6,41.9349650953,-87.6975565997,POINT (-87.697556599703 41.934965095293)
525b3b689fa2a3663ae22a4ee458d01ca955ba66ba88e38486709577b19ab42962efe530e57d03cc5b5cd4b33d3c8dfa5c9e01657c22fc4f3ae2549d6641437f,,07/13/2024 11:22:00 AM,30,NO CONTROLS,NO CONTROLS,UNKNOWN,UNKNOWN,PARKED MOTOR VEHICLE,UNKNOWN,,STRAIGHT AND LEVEL,UNKNOWN,UNKNOWN,NOT ON SCENE (DESK REPORT),NO INJURY / DRIVE AWAY,,,Y,"OVER $1,500",07/15/2024 11:15:00 AM,UNABLE TO DETERMINE,NOT APPLICABLE,7450,S,COLES AVE,334.0,,,,,,,2,NO INDICATION OF INJURY,0.0,0.0,0.0,0.0,0.0,1.0,0.0,11,7,7,41.7603298866,-87.5592406387,POINT (-87.559240638719 41.760329886595)
bf5e3796f3c3c7fdd344fdef073427bee674649fcbedee04f6d72b9d7b550e196f2a4028b074952262b6979687de68b7af819ac2f56165c75d38901b29d1ddd9,,05/03/2023 07:00:00 PM,30,TRAFFIC SIGNAL,FUNCTIONING PROPERLY,CLEAR,DAYLIGHT,TURNING,NOT DIVIDED,,STRAIGHT AND LEVEL,DRY,NO DEFECTS,NOT ON SCENE (DESK REPORT),NO INJURY / DRIVE AWAY,,,,"OVER $1,500",05/05/2023 10:15:00 AM,DISREGARDING TRAFFIC SIGNALS,IMPROPER TURNING/NO SIGNAL,3611,N,KEDZIE AVE,1733.0,,,,,,,2,NO INDICATION OF INJURY,0.0,0.0,0.0,0.0,0.0,2.0,0.0,19,4,5,41.9470066208,-87.707685491,POINT (-87.707685491007 41.947006620787)
b2ff812e86ad4e3a7b71e6c4cdb951bd89c7520d070d1d98f73d261c42d0318d8832c73007a01c63491aae13bb3d51fa80b9ba5d7d06799b7b6d4a6914761c46,,09/26/2021 01:35:00 AM,30,NO CONTROLS,NO CONTROLS,CLEAR,"DARKNESS, LIGHTED ROAD",FIXED OBJECT,ONE-WAY,,"CURVE, LEVEL",DRY,UNKNOWN,ON SCENE,INJURY AND / OR TOW DUE TO CRASH,,,,"OVER $1,500",09/26/2021 02:03:00 AM,UNABLE TO DETERMINE,NOT APPLICABLE,1100,W,CONGRESS PKWY,1232.0,,,,,,,1,INCAPACITATING INJURY,1.0,0.0,1.0,0.0,0.0,0.0,0.0,1,1,9,41.8754479743,-87.6545744591,POINT (-87.654574459118 41.875447974305)
de1188e0a22887f3361a018873e19be7a385d119ecdfbfa71aebb1bee0d82f1f08bf9d5a601bd1e2f579c16114abf10900de3370b7de3482a2479b4c34bd0c76,,08/05/2019 11:45:00 AM,30,TRAFFIC SIGNAL,FUNCTIONING PROPERLY,CLEAR,DAYLIGHT,TURNING,NOT DIVIDED,,STRAIGHT AND LEVEL,DRY,NO DEFECTS,ON SCENE,INJURY AND / OR TOW DUE TO CRASH,Y,,,"OVER $1,500",08/05/2019 11:49:00 AM,UNABLE TO DETERMINE,NOT APPLICABLE,7899,S,CICERO AVE,834.0,,,,,,,2,NO INDICATION OF INJURY,0.0,0.0,0.0,0.0,0.0,2.0,0.0,11,2,8,41.7492463346,-87.7412201409,POINT (-87.741220140926 41.749246334623)
90d2eacc2033def86a5f93340e5e9103a9a99bd31315ac0156ac8b55ab9077dc77c8c8b6359f017f55a942eb15e8c6fd8da08216dfad3f8c8e2c43baf1e0f062,,11/09/2022 09:45:00 PM,30,TRAFFIC SIGNAL,FUNCTIONING PROPERLY,CLEAR,"DARKNESS, LIGHTED ROAD",REAR END,NOT DIVIDED,,STRAIGHT AND LEVEL,UNKNOWN,UNKNOWN,NOT ON SCENE (DESK REPORT),NO INJURY / DRIVE AWAY,,,Y,"$501 - $1,500",11/09/2022 10:05:00 PM,UNABLE TO DETERMINE,UNABLE TO DETERMINE,7100,S,STATE ST,323.0,,,,,,,2,NO INDICATION OF INJURY,0.0,0.0,0.0,0.0,0.0,2.0,0.0,21,4,11,41.7653936078,-87.625050475,POINT (-87.625050475006 41.765393607783)
62875476dcb1ba6a521ea08bffc9f843606bd7bdb14e36bcb094c394607a97c8fca7b70f7d7961f329430d38a7007c81e091f11077d4067e6e065a4a5c780c43,,08/02/2023 10:40:00 PM,45,NO CONTROLS,NO CONTROLS,CLEAR,"DARKNESS, LIGHTED ROAD",REAR END,DIVIDED - W/MEDIAN BARRIER,,STRAIGHT AND LEVEL,DRY,NO DEFECTS,NOT ON SCENE (DESK REPORT),NO INJURY / DRIVE AWAY,,,,"OVER $1,500",08/02/2023 11:40:00 PM,FOLLOWING TOO CLOSELY,UNABLE TO DETERMINE,1400,S,LAKE SHORE DR NB,132.0,,,,,,,2,NO INDICATION OF INJURY,0.0,0.0,0.0,0.0,0.0,2.0,0.0,22,4,8,41.8640356398,-87.6192970692,POINT (-87.619297069192 41.864035639814)
1f9ac3957c3e943f40527979c475b7edc213eb3a041d27c143d3285865c2d7f25f8d09c98add7ff6f87cc37bb145100c54ebf4a7971d8426af0b32519953f59d,,05/29/2025 03:00:00 PM,30,NO CONTROLS,NO CONTROLS,CLEAR,DAYLIGHT,SIDESWIPE SAME DIRECTION,NOT DIVIDED,,STRAIGHT AND LEVEL,DRY,NO DEFECTS,NOT ON SCENE (DESK REPORT),NO INJURY / DRIVE AWAY,,,,"OVER $1,500",05/29/2025 04:25:00 PM,FAILING TO REDUCE SPEED TO AVOID CRASH,DRIVING SKILLS/KNOWLEDGE/EXPERIENCE,5100,S,ST LOUIS AVE,822.0,,,,,,,2,NO INDICATION OF INJURY,0.0,0.0,0.0,0.0,0.0,2.0,0.0,15,5,5,41.8006219179,-87.7112696171,POINT (-87.71126961707 41.800621917861)
3190e704ccc1d6010f7a4eea1979977f8ee8613a33f7235a500db6dcae2a4d78ca71867afc986133579a6b98789a18ba1bd6a69f7c5bef1e46295dbb0fda7fcb,,06/21/2023 09:10:00 AM,30,STOP SIGN/FLASHER,FUNCTIONING PROPERLY,CLEAR,DAYLIGHT,REAR END,NOT DIVIDED,,STRAIGHT AND LEVEL,WET,NO DEFECTS,NOT ON SCENE (DESK REPORT),NO INJURY / DRIVE AWAY,N,,,"OVER $1,500",06/21/2023 09:30:00 AM,ROAD CONSTRUCTION/MAINTENANCE,FAILING TO REDUCE SPEED TO AVOID CRASH,2500,S,LOOMIS ST,1235.0,,,,,,,2,NO INDICATION OF INJURY,0.0,0.0,0.0,0.0,0.0,5.0,0.0,9,4,6,41.8468072491,-87.6611592334,POINT (-87.661159233407 41.84680724908)
fb40dae55c282075754a6a5b3f0e264a8e683ca5ebafec2d3667a1aef61f2af8234752d66234b8a931dc594c51d450dd28053ad26c61552742a87fee52542d31,Y,06/22/2017 06:30:00 AM,30,NO CONTROLS,NO CONTROLS,CLEAR,DAYLIGHT,PARKED MOTOR VEHICLE,NOT DIVIDED,,STRAIGHT AND LEVEL,DRY,NO DEFECTS,NOT ON SCENE (DESK REPORT),NO INJURY / DRIVE AWAY,,,Y,"$501 - $1,500",06/22/2017 03:53:00 PM,UNABLE TO DETERMINE,NOT APPLICABLE,7051,N,WESTERN AVE,2411.0,,,,,,,2,NO INDICATION OF INJURY,0.0,0.0,0.0,0.0,0.0,1.0,0.0,6,5,6,42.0100840921,-87.6900495266,POINT (-87.690049526588 42.010084092058)