CRASH_RECORD_ID,CRASH_DATE_EST_I,CRASH_DATE,POSTED_SPEED_LIMIT,TRAFFIC_CONTROL_DEVICE,DEVICE_CONDITION,WEATHER_CONDITION,LIGHTING_CONDITION,FIRST_CRASH_TYPE,TRAFFICWAY_TYPE,LANE_CNT,ALIGNMENT,ROADWAY_SURFACE_COND,ROAD_DEFECT,REPORT_TYPE,CRASH_TYPE,INTERSECTION_RELATED_I,NOT_RIGHT_OF_WAY_I,HIT_AND_RUN_I,DAMAGE,DATE_POLICE_NOTIFIED,PRIM_CONTRIBUTORY_CAUSE,SEC_CONTRIBUTORY_CAUSE,STREET_NO,STREET_DIRECTION,STREET_NAME,BEAT_OF_OCCURRENCE,PHOTOS_TAKEN_I,STATEMENTS_TAKEN_I,DOORING_I,WORK_ZONE_I,WORK_ZONE_TYPE,WORKERS_PRESENT_I,NUM_UNITS,MOST_SEVERE_INJURY,INJURIES_TOTAL,INJURIES_FATAL,INJURIES_INCAPACITATING,INJURIES_NON_INCAPACITATING,INJURIES_REPORTED_NOT_EVIDENT,INJURIES_NO_INDICATION,INJURIES_UNKNOWN,CRASH_HOUR,CRASH_DAY_OF_WEEK,CRASH_MONTH,LATITUDE,LONGITUDE,LOCATION
3f569f0ce6ad772952e83468e0e6ec6d0240f749b149996d4367b64a9737ff3d57c27f0f73db66860f5943ffe44f9cf4f736ff52ab072edae6997cd38ebbf149,,01/16/2018 05:00:00 PM,30,NO CONTROLS,NO CONTROLS,CLEAR,DUSK,ANGLE,NOT DIVIDED,,STRAIGHT AND LEVEL,SNOW OR SLUSH,SHOULDER DEFECT,NOT ON SCENE (DESK REPORT),NO INJURY / DRIVE AWAY,Y,,Y,"OVER $1,500",01/16/2018 06:06:00 PM,UNABLE TO DETERMINE,UNABLE TO DETERMINE,999,W,35TH ST,915.0,,,,,,,2,NO INDICATION OF INJURY,0.0,0.0,0.0,0.0,0.0,2.0,0.0,17,3,1,41.8305767208,-87.6508845343,POINT (-87.650884534257 41.830576720822)
ab5a89d6c80e0a15d5fba576a642b08b6567cbfb0a5e2858487d566382e3f1f2277a487f4fac0e47bad50bc27c7bb39fa84e8c70cbeec46f0180f8561962d5f9,,06/09/2023 08:56:00 PM,30,TRAFFIC SIGNAL,FUNCTIONING PROPERLY,CLEAR,"DARKNESS, LIGHTED ROAD",SIDESWIPE SAME DIRECTION,NOT DIVIDED,,STRAIGHT AND LEVEL,DRY,NO DEFECTS,ON SCENE,INJURY AND / OR TOW DUE TO CRASH,,,,"OVER $1,500",06/09/2023 09:57:00 PM,IMPROPER LANE USAGE,NOT APPLICABLE,2223,W,NORTH AVE,1424.0,,,,,,,2,NO INDICATION OF INJURY,0.0,0.0,0.0,0.0,0.0,4.0,0.0,20,6,6,41.9102686265,-87.6834094008,POINT (-87.683409400756 41.910268626473)
5a3d4d32c875d4f6c4016ff8da7bf90c3533e1fbf94dee7f5b96a540c0ac8f5800a6bf74c917a4b43894301a7aefd4164e917a1717c4184411727c0c10ca21e1,,04/12/2021 10:40:00 AM,30,NO CONTROLS,NO CONTROLS,CLEAR,DAYLIGHT,PARKED MOTOR VEHICLE,ALLEY,,STRAIGHT AND LEVEL,DRY,NO DEFECTS,NOT ON SCENE (DESK REPORT),NO INJURY / DRIVE AWAY,,,Y,"$501 - $1,500",04/12/2021 05:20:00 PM,DRIVING SKILLS/KNOWLEDGE/EXPERIENCE,NOT APPLICABLE,6832,S,CLYDE AVE,331.0,,,,,,,2,NO INDICATION OF INJURY,0.0,0.0,0.0,0.0,0.0,1.0,0.0,10,2,4,41.7706560555,-87.5741221372,POINT (-87.574122137198 41.770656055509)
07375846d8e43ad2a7fb67a8ac7df61b2fc628908ce93c2a9da4432c9a197d88ef25b49194ee4cd5f987d13baa4d54aadc681e5bef4f0a3973e00b85b391aa68,,01/11/2018 11:45:00 AM,30,NO CONTROLS,NO CONTROLS,RAIN,DAYLIGHT,REAR END,ONE-WAY,,STRAIGHT AND LEVEL,WET,NO DEFECTS,NOT ON SCENE (DESK REPORT),NO INJURY / DRIVE AWAY,,,,"$501 - $1,500",01/11/2018 12:10:00 PM,IMPROPER BACKING,NOT APPLICABLE,101,N,LECLAIRE AVE,1532.0,,,,,,,2,NO INDICATION OF INJURY,0.0,0.0,0.0,0.0,0.0,3.0,0.0,11,5,1,41.8817900149,-87.7525234863,POINT (-87.75252348633 41.881790014948)
ad8a7b3fdc636ea404a9f2158689abbd1a4ad7d6e7d45f82529faac4858a2c66b03e76fd066789ab6baa000f80edd21173d7934749fdb13df472c04d758eb6ed,,07/07/2024 10:08:00 AM,25,STOP SIGN/FLASHER,FUNCTIONING PROPERLY,CLEAR,DAYLIGHT,SIDESWIPE SAME DIRECTION,T-INTERSECTION,,STRAIGHT AND LEVEL,DRY,NO DEFECTS,ON SCENE,NO INJURY / DRIVE AWAY,,,,"OVER $1,500",07/07/2024 10:13:00 AM,IMPROPER LANE USAGE,"OPERATING VEHICLE IN ERRATIC, RECKLESS, CARELESS, NEGLIGENT OR AGGRESSIVE MANNER",10000,W,OHARE ST,1651.0,,,,,,,2,NO INDICATION OF INJURY,0.0,0.0,0.0,0.0,0.0,3.0,0.0,10,1,7,41.976201139,-87.9053091251,POINT (-87.905309125103 41.976201139024)
2f720a728c6fc0da704d41cda29dfa2fee8c590f3f3f7f2bbf81a5aa99a9f5b9fa31b090caf057c4e2aab7ee0a3cfce74f79e1db86dfe164a63a416ad0136269,,11/13/2021 12:30:00 PM,25,NO CONTROLS,NO CONTROLS,CLEAR,DAYLIGHT,REAR END,NOT DIVIDED,,STRAIGHT AND LEVEL,UNKNOWN,NO DEFECTS,NOT ON SCENE (DESK REPORT),NO INJURY / DRIVE AWAY,,,,"$501 - $1,500",11/13/2021 02:00:00 PM,UNABLE TO DETERMINE,NOT APPLICABLE,2500,N,CENTRAL AVE,2515.0,,,,,,,2,NO INDICATION OF INJURY,0.0,0.0,0.0,0.0,0.0,2.0,0.0,12,7,11,41.9258928802,-87.7662048258,POINT (-87.766204825838 41.925892880213)
f4c7c0ad6a67bb4dd293fcdb4127fe283194a185ab062f87c435930bbc286acbf428ece07da885eb6f144fa4d2062e22ac177f942b73abfb88df0d36510fe213,,03/24/2020 02:44:00 PM,30,OTHER,OTHER,CLEAR,DAYLIGHT,PARKED MOTOR VEHICLE,ONE-WAY,,STRAIGHT AND LEVEL,DRY,NO DEFECTS,NOT ON SCENE (DESK REPORT),NO INJURY / DRIVE AWAY,,,Y,"$501 - $1,500",03/24/2020 03:25:00 PM,ROAD CONSTRUCTION/MAINTENANCE,NOT APPLICABLE,813,W,SUNNYSIDE AVE,1914.0,,,,,,,2,NO INDICATION OF INJURY,0.0,0.0,0.0,0.0,0.0,1.0,0.0,14,3,3,41.9635516351,-87.6505302243,POINT (-87.650530224264 41.963551635056)
540561a6ea83f9021372134b51e197c2bf24e8400947a54295d8cf7f30b05498a7803a592b9cc5efc678a599420d8eb6657cd5b9254b96fdd6086c9e8e6d7810,,03/14/2017 02:40:00 PM,30,NO CONTROLS,NO CONTROLS,SNOW,DAYLIGHT,REAR END,NOT DIVIDED,,STRAIGHT AND LEVEL,SNOW OR SLUSH,UNKNOWN,NOT ON SCENE (DESK REPORT),NO INJURY / DRIVE AWAY,,,,"OVER $1,500",03/14/2017 03:15:00 PM,DRIVING SKILLS/KNOWLEDGE/EXPERIENCE,NOT APPLICABLE,3930,W,70TH ST,833.0,,,,,,,2,NO INDICATION OF INJURY,0.0,0.0,0.0,0.0,0.0,2.0,0.0,14,3,3,41.7660407157,-87.7212569485,POINT (-87.721256948529 41.766040715735)
c5ab297ea37f74a663af20869071b40aa96d17f907fc277f27dccff700412e4785ab8712271d82b1cd5697aa83178c4eb9da1c3ea88a9888a0281b6c905987b6,,01/26/2020 01:40:00 PM,30,TRAFFIC SIGNAL,FUNCTIONING PROPERLY,CLEAR,DAYLIGHT,REAR END,NOT DIVIDED,,STRAIGHT AND LEVEL,DRY,NO DEFECTS,NOT ON SCENE (DESK REPORT),NO INJURY / DRIVE AWAY,,,Y,"OVER $1,500",01/26/2020 02:30:00 PM,UNABLE TO DETERMINE,UNABLE TO DETERMINE,800,N,LARAMIE AVE,1524.0,,,,,,,2,NO INDICATION OF INJURY,0.0,0.0,0.0,0.0,0.0,2.0,0.0,13,1,1,41.8950231464,-87.7557497823,POINT (-87.755749782345 41.895023146364)
76f9a16efead7165701f2341a8a3759beb133970ea800c0ed43d46b1110b011b107d8b77bc6dc0fb2e4af06f45ad22abb50a0384c538028b905701b5cde272ab,,05/14/2025 11:20:00 AM,10,NO CONTROLS,NO CONTROLS,CLEAR,DAYLIGHT,PARKED MOTOR VEHICLE,PARKING LOT,,STRAIGHT AND LEVEL,DRY,NO DEFECTS,ON SCENE,NO INJURY / DRIVE AWAY,,,Y,$500 OR LESS,05/14/2025 11:36:00 AM,FAILING TO REDUCE SPEED TO AVOID CRASH,NOT APPLICABLE,950,E,132ND PL,533.0,,,,,,,2,NO INDICATION OF INJURY,0.0,0.0,0.0,0.0,0.0,1.0,0.0,11,4,5,41.6553864927,-87.5973690359,POINT (-87.5973690359 41.655386492747)
f76ce4c32490a6928f3012291ab4c42ad7c872a3ab394a64f606a2e4e1183c448f800ba88de90bd3fc50af132c07b80450f2c5f2d9c6e21f5e569d55b9c4b525,,09/28/2020 12:54:00 PM,30,TRAFFIC SIGNAL,FUNCTIONING PROPERLY,CLEAR,DAYLIGHT,ANGLE,DIVIDED - W/MEDIAN (NOT RAISED),,STRAIGHT AND LEVEL,DRY,NO DEFECTS,ON SCENE,NO INJURY / DRIVE AWAY,Y,,,"OVER $1,500",09/28/2020 12:54:00 PM,UNABLE TO DETERMINE,UNABLE TO DETERMINE,2330,W,47TH ST,924.0,,,,,,,2,NO INDICATION OF INJURY,0.0,0.0,0.0,0.0,0.0,2.0,0.0,12,2,9,41.808528289,-87.6832961363,POINT (-87.683296136273 41.808528288994)
f850a00f897b19316a5de331d70082c0854e782435cebe92cbec72e83e14251b4656571a4f874bc91ead817fc95627a3ae50e7b39b698cc735075541ed0e0e24,,01/12/2024 06:00:00 PM,30,STOP SIGN/FLASHER,FUNCTIONING PROPERLY,CLOUDY/OVERCAST,"DARKNESS, LIGHTED ROAD",ANGLE,NOT DIVIDED,,STRAIGHT AND LEVEL,WET,NO DEFECTS,NOT ON SCENE (DESK REPORT),INJURY AND / OR TOW DUE TO CRASH,Y,,,"OVER $1,500",01/13/2024 12:00:00 PM,UNABLE TO DETERMINE,UNABLE TO DETERMINE,7200,S,YATES BLVD,334.0,,,,,,,2,"REPORTED, NOT EVIDENT",2.0,0.0,0.0,0.0,2.0,1.0,0.0,18,6,1,41.7643432551,-87.566632526,POINT (-87.566632525994 41.764343255101)
bdce58beeac27760d48913f68e82ccbc01cf7b16295f6e18bf0d4a752699e87050e5e593440ba0a9f71b7c6e759cc6826430f6b5c55063048b7a68ffd31a3e65,,10/23/2025 05:00:00 PM,35,NO CONTROLS,NO CONTROLS,CLEAR,DAYLIGHT,SIDESWIPE SAME DIRECTION,NOT DIVIDED,,STRAIGHT AND LEVEL,DRY,UNKNOWN,ON SCENE,NO INJURY / DRIVE AWAY,Y,,,"OVER $1,500",10/23/2025 05:20:00 PM,FAILING TO YIELD RIGHT-OF-WAY,UNABLE TO DETERMINE,3500,W,35TH ST,911.0,,,,,,,2,NO INDICATION OF INJURY,0.0,0.0,0.0,0.0,0.0,2.0,0.0,17,5,10,41.8274622577,-87.7119843781,POINT (-87.711984378075 41.827462257652)
85729bfe4c1515e25c42d97944a77568d5583b0bc76afddc8ca166d18c0225701f5aaaff097a6233db2f21cc7d1f864ec2c087ef3ea4ba165712a0d22c3d823a,,03/15/2018 08:00:00 PM,25,STOP SIGN/FLASHER,FUNCTIONING PROPERLY,CLEAR,"DARKNESS, LIGHTED ROAD",REAR END,DIVIDED - W/MEDIAN (NOT RAISED),2,STRAIGHT AND LEVEL,DRY,NO DEFECTS,,NO INJURY / DRIVE AWAY,,,,"$501 - $1,500",03/15/2018 08:20:00 PM,FOLLOWING TOO CLOSELY,NOT APPLICABLE,2713,W,TOUHY AVE,2411.0,,,,,,,2,NO INDICATION OF INJURY,0.0,0.0,0.0,0.0,0.0,2.0,0.0,20,5,3,42.0119999247,-87.697921896,POINT (-87.697921896035 42.011999924729)
b0603db951819472a540aaf4062cbf04bd9f721fa81aeec16c864325a23d36599e5d5a7351ce564f43dc66529c64d444da63adc6ffa433e70721881919e501fb,,01/18/2022 02:10:00 PM,30,NO CONTROLS,NO CONTROLS,CLEAR,DAYLIGHT,TURNING,DIVIDED - W/MEDIAN (NOT RAISED),,STRAIGHT AND LEVEL,DRY,NO DEFECTS,NOT ON SCENE (DESK REPORT),NO INJURY / DRIVE AWAY,,,,"OVER $1,500",01/18/2022 03:45:00 PM,IMPROPER TURNING/NO SIGNAL,UNABLE TO DETERMINE,4442,S,PAULINA ST,924.0,,,,,,,2,NO INDICATION OF INJURY,0.0,0.0,0.0,0.0,0.0,2.0,0.0,14,3,1,41.8127575203,-87.6676680493,POINT (-87.667668049262 41.812757520343)
f243f4c6a606e9ca9fa5970d1bb165350673d6c7f2f8104ecc129dbe94bbd09caaaf31363d4f0531901ccc1ad810396e0ec1e128c1e416566733dafa44af07d4,,05/01/2019 05:45:00 AM,30,NO CONTROLS,NO CONTROLS,RAIN,DUSK,SIDESWIPE SAME DIRECTION,DIVIDED - W/MEDIAN (NOT RAISED),,STRAIGHT AND LEVEL,WET,NO DEFECTS,,NO INJURY / DRIVE AWAY,,,Y,"OVER $1,500",05/02/2019 05:00:00 AM,IMPROPER LANE USAGE,WEATHER,3500,S,CALIFORNIA AVE,911.0,,,,,,,2,NO INDICATION OF INJURY,0.0,0.0,0.0,0.0,0.0,2.0,0.0,5,4,5,41.8300272836,-87.6949378391,POINT (-87.69493783907 41.830027283593)
02ef86443b4a655f6859678c7a2e085d5684545320ed23dbe98b0ede559fea04e22ea75e76235a144954e4748e3d616e80906a9641c4b9730bcb2229886db165,,07/18/2025 02:55:00 PM,30,TRAFFIC SIGNAL,FUNCTIONING PROPERLY,UNKNOWN,UNKNOWN,SIDESWIPE SAME DIRECTION,DIVIDED - W/MEDIAN (NOT RAISED),,STRAIGHT AND LEVEL,UNKNOWN,UNKNOWN,NOT ON SCENE (DESK REPORT),NO INJURY / DRIVE AWAY,,,,"$501 - $1,500",07/18/2025 03:30:00 PM,FAILING TO YIELD RIGHT-OF-WAY,FAILING TO YIELD RIGHT-OF-WAY,4017,W,IRVING PARK RD,1732.0,,,,,,,2,NO INDICATION OF INJURY,0.0,0.0,0.0,0.0,0.0,2.0,0.0,14,6,7,41.9535340173,-87.7280908769,POINT (-87.728090876866 41.95353401729)
f407ebed73dee1689d9fca512179aecb0a461c07d51d07e104ba350bd4391c624cbcbe6c6108443241256bbd131e2ab1c61b11ac85fc8f14247243822579e95a,,10/12/2024 07:00:00 PM,30,TRAFFIC SIGNAL,FUNCTIONING PROPERLY,CLEAR,"DARKNESS, LIGHTED ROAD",REAR END,NOT DIVIDED,,STRAIGHT AND LEVEL,DRY,NO DEFECTS,NOT ON SCENE (DESK REPORT),NO INJURY / DRIVE AWAY,,,Y,"OVER $1,500",10/12/2024 07:30:00 PM,FOLLOWING TOO CLOSELY,NOT APPLICABLE,6901,S,PULASKI RD,833.0,,,,,,,2,NO INDICATION OF INJURY,0.0,0.0,0.0,0.0,0.0,2.0,0.0,19,7,10,41.7676918828,-87.7223376507,POINT (-87.72233765074 41.767691882839)
7e2002fe18ab8d1d31c8bf68c037e067850f33d93b602afcec2aec7d688b9dc0c040cd560f7010868431103d16f36f8a1aac99a50423e2a4cce0b9f38af64db9,,02/20/2025 02:30:00 PM,30,TRAFFIC SIGNAL,FUNCTIONING PROPERLY,CLEAR,DAYLIGHT,SIDESWIPE SAME DIRECTION,NOT DIVIDED,,STRAIGHT AND LEVEL,DRY,NO DEFECTS,NOT ON SCENE (DESK REPORT),NO INJURY / DRIVE AWAY,,,,"$501 - $1,500",02/20/2025 04:40:00 PM,UNABLE TO DETERMINE,UNABLE TO DETERMINE,645,W,ROOSEVELT RD,124.0,,,,,,,2,NO INDICATION OF INJURY,0.0,0.0,0.0,0.0,0.0,2.0,0.0,14,5,2,41.8670852232,-87.6439684381,POINT (-87.643968438055 41.867085223165)
8c8b047dc37aa7821dae753db794832d331baf21e41e00f21f8c91b6ca2de7c6d1627d756810abef577a8b638396f781e91d55bdf99a51f9f957e3117096c63c,,01/29/2023 05:10:00 PM,30,NO CONTROLS,NO CONTROLS,CLEAR,DARKNESS,PARKED MOTOR VEHICLE,ONE-WAY,,STRAIGHT AND LEVEL,ICE,UNKNOWN,ON SCENE,NO INJURY / DRIVE AWAY,,,Y,"OVER $1,500",01/29/2023 05:13:00 PM,UNABLE TO DETERMINE,UNABLE TO DETERMINE,1135,E,81ST PL,411.0,,,,,,,4,NO INDICATION OF INJURY,0.0,0.0,0.0,0.0,0.0,1.0,0.0,17,1,1,41.746696425,-87.5963285224,POINT (-87.59632852243 41.746696425012)
c99114c4f19229bd2cf9b7fa09b668144cc2fa49329f7a14bf557192fd04f27fda759d88b693121e24090585caaf472aba4efbc2b6f08a3c092fbbd21f291c3d,,05/17/2019 04:30:00 PM,30,STOP SIGN/FLASHER,FUNCTIONING PROPERLY,CLEAR,DAYLIGHT,TURNING,CENTER TURN LANE,,STRAIGHT AND LEVEL,DRY,NO DEFECTS,NOT ON SCENE (DESK REPORT),NO INJURY / DRIVE AWAY,Y,,Y,"OVER $1,500",05/17/2019 08:25:00 PM,UNABLE TO DETERMINE,UNABLE TO DETERMINE,4800,W,ROOSEVELT RD,1533.0,,,,N,,,2,NO INDICATION OF INJURY,0.0,0.0,0.0,0.0,0.0,2.0,0.0,16,6,5,41.8660060394,-87.7448173762,POINT (-87.74481737621 41.866006039367)
1a6ad27126b106cdbe3009fc59573dc30b3f108bc43ed34dc93ec403ae82e9c01bda95ccb4dc1d3bbcebe8af3eba3f4bf438615a9feaae1ecd3b30931f853417,,10/31/2017 05:30:00 PM,30,NO CONTROLS,NO CONTROLS,CLEAR,DUSK,REAR END,DIVIDED - W/MEDIAN (NOT RAISED),,STRAIGHT AND LEVEL,DRY,NO DEFECTS,NOT ON SCENE (DESK REPORT),NO INJURY / DRIVE AWAY,,,,"$501 - $1,500",10/31/2017 06:17:00 PM,UNABLE TO DETERMINE,NOT APPLICABLE,28,W,63RD ST,311.0,,,,,,,2,NO INDICATION OF INJURY,0.0,0.0,0.0,0.0,0.0,2.0,0.0,17,3,10,41.7801507874,-87.626589828,POINT (-87.62658982796 41.780150787447)
d6d23c5788cab4806a64d227aa7efeb4c2714f97ad4c22b9e10d5fdd84bdb63f2f567d8c4e37be17ab9c4c84d5a430fda5f54477b222879e90761370e7d50dec,,06/03/2019 08:30:00 AM,10,NO CONTROLS,NO CONTROLS,CLEAR,DAYLIGHT,PARKED MOTOR VEHICLE,PARKING LOT,,STRAIGHT AND LEVEL,DRY,NO DEFECTS,NOT ON SCENE (DESK REPORT),NO INJURY / DRIVE AWAY,,,Y,"OVER $1,500",06/03/2019 10:00:00 AM,UNABLE TO DETERMINE,UNABLE TO DETERMINE,5829,S,ARCHER AVE,814.0,,,,,,,2,NO INDICATION OF INJURY,0.0,0.0,0.0,0.0,0.0,1.0,0.0,8,2,6,41.7960196245,-87.7596833672,POINT (-87.759683367185 41.796019624453)
4409643f3412c4bba7c89512aba98c6f19631f1b3b36b3dfd9acf2333820b1c5d95a8522fa2c7db500b20326e958c2e980346c91dc611983efd86cdb0972d1c2,,07/24/2019 01:00:00 AM,30,NO CONTROLS,NO CONTROLS,UNKNOWN,"DARKNESS, LIGHTED ROAD",PARKED MOTOR VEHICLE,DIVIDED - W/MEDIAN (NOT RAISED),,STRAIGHT AND LEVEL,UNKNOWN,NO DEFECTS,ON SCENE,NO INJURY / DRIVE AWAY,,,Y,"OVER $1,500",07/24/2019 02:44:00 PM,UNABLE TO DETERMINE,NOT APPLICABLE,8643,S,CHAMPLAIN AVE,632.0,,,,,,,2,NO INDICATION OF INJURY,0.0,0.0,0.0,0.0,0.0,1.0,0.0,1,4,7,41.7371438504,-87.6083919784,POINT (-87.608391978431 41.737143850408)
c7228c54e7030fe63546aa93645ea71d32ec3533e4478dc8a511809ea148f00ce030ccd83db6f36b644c6a64bda777ea086c0aaa77bf21748e4372c0a18b88a5,,01/07/2023 02:21:00 PM,30,NO CONTROLS,NO CONTROLS,CLEAR,DAYLIGHT,SIDESWIPE SAME DIRECTION,NOT DIVIDED,,STRAIGHT AND LEVEL,DRY,NO DEFECTS,NOT ON SCENE (DESK REPORT),NO INJURY / DRIVE AWAY,,,,"OVER $1,500",01/07/2023 02:45:00 PM,IMPROPER OVERTAKING/PASSING,IMPROPER OVERTAKING/PASSING,3591,N,MILWAUKEE AVE,1731.0,,,,,,,2,NO INDICATION OF INJURY,0.0,0.0,0.0,0.0,0.0,3.0,0.0,14,7,1,41.9461400534,-87.73518302,POINT (-87.735183019953 41.946140053443)
0b8f0c275cea29c40f5d9a5a429ebb729d5fef6a16c415f51773619a8eed3ddbbe2ee4e7e2cf4c2d969ac577e00b9953355f6835b3a8b39a60c2839b2639bda0,,05/12/2016 07:15:00 AM,30,TRAFFIC SIGNAL,FUNCTIONING PROPERLY,CLEAR,DAYLIGHT,REAR END,DIVIDED - W/MEDIAN (NOT RAISED),2,STRAIGHT AND LEVEL,DRY,NO DEFECTS,NOT ON SCENE (DESK REPORT),NO INJURY / DRIVE AWAY,,,,"$501 - $1,500",05/12/2016 07:33:00 AM,UNABLE TO DETERMINE,NOT APPLICABLE,301,N,AUSTIN BLVD,1512.0,,,,,,,2,NO INDICATION OF INJURY,0.0,0.0,0.0,0.0,0.0,3.0,0.0,7,5,5,41.8856536682,-87.774688353,POINT (-87.774688353019 41.885653668244)
53c8943f8877ed64ed108cc3551e6cc3037c9e2d25e26a3e9da3ddbe9bf5210422db51b24ed0f25003a3046a39b9b7b4d80d148f5a3f059de302e3198463b532,,06/26/2020 10:13:00 AM,45,TRAFFIC SIGNAL,FUNCTIONING PROPERLY,RAIN,DAYLIGHT,REAR END,FOUR WAY,,STRAIGHT AND LEVEL,WET,NO DEFECTS,ON SCENE,INJURY AND / OR TOW DUE TO CRASH,Y,,,"OVER $1,500",06/26/2020 10:15:00 AM,FOLLOWING TOO CLOSELY,DRIVING SKILLS/KNOWLEDGE/EXPERIENCE,6358,N,MANNHEIM RD,1654.0,,,,,,,2,"REPORTED, NOT EVIDENT",1.0,0.0,0.0,0.0,1.0,1.0,0.0,10,6,6,41.9942589475,-87.8847539225,POINT (-87.884753922477 41.994258947544)
8f7b1b3d3dd4ba0e9749c0edab25363a9d2d65537042dc827e4c87bfa26f2320b409d379ca942a86956253652e656e8d49a2013a4dd75d2a1a99f8015ab0582f,,05/08/2023 09:30:00 AM,30,NO CONTROLS,NO CONTROLS,RAIN,DAYLIGHT,TURNING,DIVIDED - W/MEDIAN (NOT RAISED),,STRAIGHT AND LEVEL,WET,NO DEFECTS,ON SCENE,NO INJURY / DRIVE AWAY,,,,"OVER $1,500",05/08/2023 09:38:00 AM,DRIVING SKILLS/KNOWLEDGE/EXPERIENCE,UNABLE TO DETERMINE,3207,N,ELSTON AVE,1733.0,,,,,,,2,NO INDICATION OF INJURY,0.0,0.0,0.0,0.0,0.0,2.0,0.0,9,2,5,41.9396466109,-87.6984790136,POINT (-87.698479013583 41.939646610904)
c71fda1554d1b51008f514a3cf7b1505b454449415cb92f34031ec2406c496839f250cd9e33fa1793af6685c7ebf350a6d47da42d3b17d1f28e4abca3dc132f7,,07/24/2025 05:55:00 PM,30,NO CONTROLS,NO CONTROLS,CLEAR,DAYLIGHT,FIXED OBJECT,NOT DIVIDED,,STRAIGHT AND LEVEL,DRY,OTHER,NOT ON SCENE (DESK REPORT),NO INJURY / DRIVE AWAY,,,,"$501 - $1,500",07/24/2025 06:08:00 PM,NOT APPLICABLE,NOT APPLICABLE,6248,S,ASHLAND AVE,714.0,,,,,,,1,NO INDICATION OF INJURY,0.0,0.0,0.0,0.0,0.0,2.0,0.0,17,5,7,41.779837871,-87.6643762915,POINT (-87.664376291467 41.779837870963)
7d707d87cc42999fdddf24b45df2ac72ea0ca51e4966db6d2b15a3b72f1da31b9bcc26c9af0f477c36878823518757ea5c28f66ce4b8ca793bef959bfe89365d,,11/18/2021 10:22:00 PM,30,STOP SIGN/FLASHER,NO CONTROLS,CLEAR,"DARKNESS, LIGHTED ROAD",ANGLE,NOT DIVIDED,,STRAIGHT AND LEVEL,DRY,NO DEFECTS,NOT ON SCENE (DESK REPORT),NO INJURY / DRIVE AWAY,,,Y,"OVER $1,500",11/18/2021 10:45:00 PM,FAILING TO YIELD RIGHT-OF-WAY,DISREGARDING STOP SIGN,10200,S,AVENUE L,432.0,,,,,,,2,NO INDICATION OF INJURY,0.0,0.0,0.0,0.0,0.0,4.0,0.0,22,5,11,41.7099518474,-87.5366349827,POINT (-87.536634982714 41.709951847363)
fdb4c21d50a7fd73b91b38a25b229b0ae421a31e5059c895c1f5ad2120c612bbc45ad69f4c8814769248cb31f19556e89ac732e3bf7beb57e78c9332ebc83c8c,,03/15/2021 02:00:00 PM,25,TRAFFIC SIGNAL,FUNCTIONING PROPERLY,SNOW,DAYLIGHT,REAR END,RAMP,,STRAIGHT AND LEVEL,SNOW OR SLUSH,NO DEFECTS,NOT ON SCENE (DESK REPORT),NO INJURY / DRIVE AWAY,,,,"OVER $1,500",03/15/2021 02:10:00 PM,WEATHER,NOT APPLICABLE,13,W,I190 EXPY,1654.0,,,,,,,2,NO INDICATION OF INJURY,0.0,0.0,0.0,0.0,0.0,6.0,0.0,14,2,3,,,
a7255ea94f53847ebbc1e5b7987522cb21ea95c34db21783f4557b7508e0a5cba9f5d4b09df758dbd7ec7a01d6254c1318c0b1d09235ce354a64f85c39908058,,07/24/2018 12:40:00 PM,30,STOP SIGN/FLASHER,FUNCTIONING PROPERLY,CLEAR,DAYLIGHT,TURNING,ONE-WAY,,STRAIGHT AND LEVEL,DRY,NO DEFECTS,NOT ON SCENE (DESK REPORT),NO INJURY / DRIVE AWAY,,,,"OVER $1,500",07/24/2018 01:00:00 PM,UNABLE TO DETERMINE,UNABLE TO DETERMINE,300,E,25TH ST,133.0,,,,,,,2,NO INDICATION OF INJURY,0.0,0.0,0.0,0.0,0.0,2.0,0.0,12,3,7,41.8476084106,-87.6204604841,POINT (-87.620460484117 41.847608410605)
0a4db36087c2949afa3e8d8b8116c14901fcec8f9c5c1277875117a7ef2cd8c6ac4dc5fab970aa0d42f122ca6cde393c02fecc5bb158dfb3162c30e859c2b3d0,,11/14/2020 09:25:00 AM,30,NO CONTROLS,NO CONTROLS,CLEAR,DAYLIGHT,FIXED OBJECT,UNKNOWN,,STRAIGHT AND LEVEL,DRY,UNKNOWN,ON SCENE,NO INJURY / DRIVE AWAY,,,Y,$500 OR LESS,11/14/2020 11:30:00 AM,UNABLE TO DETERMINE,UNABLE TO DETERMINE,2320,E,93RD ST,413.0,,,,,,,1,NO INDICATION OF INJURY,0.0,0.0,0.0,0.0,0.0,1.0,0.0,9,7,11,41.7263292314,-87.5672709082,POINT (-87.567270908236 41.726329231443)
8b37efbd18a44ae8b0971b207d3f2d287abe372c6f630d25fce25326a069d67acdb605a797c391dbfac13172d125e54ae618a8c795e3cc51aca29f672076c50e,,09/29/2021 04:30:00 PM,30,TRAFFIC SIGNAL,FUNCTIONING PROPERLY,CLEAR,DAYLIGHT,REAR END,NOT DIVIDED,,STRAIGHT AND LEVEL,DRY,NO DEFECTS,NOT ON SCENE (DESK REPORT),NO INJURY / DRIVE AWAY,,,Y,"OVER $1,500",10/01/2021 08:30:00 AM,FOLLOWING TOO CLOSELY,UNABLE TO DETERMINE,2301,W,MADISON ST,1223.0,,,,,,,2,NO INDICATION OF INJURY,0.0,0.0,0.0,0.0,0.0,3.0,0.0,16,4,9,41.8810888176,-87.6840803673,POINT (-87.684080367263 41.881088817646)