CRASH_RECORD_ID,CRASH_DATE_EST_I,CRASH_DATE,POSTED_SPEED_LIMIT,TRAFFIC_CONTROL_DEVICE,DEVICE_CONDITION,WEATHER_CONDITION,LIGHTING_CONDITION,FIRST_CRASH_TYPE,TRAFFICWAY_TYPE,LANE_CNT,ALIGNMENT,ROADWAY_SURFACE_COND,ROAD_DEFECT,REPORT_TYPE,CRASH_TYPE,INTERSECTION_RELATED_I,NOT_RIGHT_OF_WAY_I,HIT_AND_RUN_I,DAMAGE,DATE_POLICE_NOTIFIED,PRIM_CONTRIBUTORY_CAUSE,SEC_CONTRIBUTORY_CAUSE,STREET_NO,STREET_DIRECTION,STREET_NAME,BEAT_OF_OCCURRENCE,PHOTOS_TAKEN_I,STATEMENTS_TAKEN_I,DOORING_I,WORK_ZONE_I,WORK_ZONE_TYPE,WORKERS_PRESENT_I,NUM_UNITS,MOST_SEVERE_INJURY,INJURIES_TOTAL,INJURIES_FATAL,INJURIES_INCAPACITATING,INJURIES_NON_INCAPACITATING,INJURIES_REPORTED_NOT_EVIDENT,INJURIES_NO_INDICATION,INJURIES_UNKNOWN,CRASH_HOUR,CRASH_DAY_OF_WEEK,CRASH_MONTH,LATITUDE,LONGITUDE,LOCATION
9409ea0a2e6ed92df0b64f8b82fe53e69cf1c6b2d52573cbe49bb208e8c49090569d20150350593159cbd3e35408e182be5081007401793a468827f610526bc3,,07/19/2025 08:20:00 PM,35,NO CONTROLS,NO CONTROLS,CLEAR,DUSK,PARKED MOTOR VEHICLE,NOT DIVIDED,,STRAIGHT AND LEVEL,DRY,UNKNOWN,ON SCENE,INJURY AND / OR TOW DUE TO CRASH,,Y,,"OVER $1,500",07/19/2025 08:24:00 PM,"OPERATING VEHICLE IN ERRATIC, RECKLESS, CARELESS, NEGLIGENT OR AGGRESSIVE MANNER",DISTRACTION - FROM OUTSIDE VEHICLE,7524,W,BELMONT AVE,1631.0,,,,,,,3,NO INDICATION OF INJURY,0.0,0.0,0.0,0.0,0.0,1.0,0.0,20,7,7,41.9380681201,-87.8151515106,POINT (-87.815151510599 41.93806812014)
053ddc7e17c37fd267b147b68041a162d8dd4fa9804ffc54302d274f0059a414c4f5688b36b5eb66daefbf3fa53bd151405ba0b89378f6c996c8bf06d9eead9c,,12/07/2018 05:45:00 PM,30,NO CONTROLS,NO CONTROLS,CLEAR,"DARKNESS, LIGHTED ROAD",SIDESWIPE SAME DIRECTION,ONE-WAY,2,STRAIGHT AND LEVEL,DRY,UNKNOWN,NOT ON SCENE (DESK REPORT),NO INJURY / DRIVE AWAY,,,,"$501 - $1,500",12/07/2018 09:15:00 PM,FAILING TO YIELD RIGHT-OF-WAY,DRIVING SKILLS/KNOWLEDGE/EXPERIENCE,211,E,OHIO ST,1834.0,,,,,,,2,NO INDICATION OF INJURY,0.0,0.0,0.0,0.0,0.0,3.0,0.0,17,6,12,41.8924576939,-87.6221880136,POINT (-87.622188013582 41.892457693884)
b7f45e4ccb112a7b5ed80000dc039419449f288b94a8b4fc00a474cbc6f7e8c02a13af33b92a4df6872096d5e3ff74fe646abead7576c3e4f40ce225dcafbd35,,06/03/2022 05:51:00 PM,30,TRAFFIC SIGNAL,FUNCTIONING PROPERLY,CLEAR,DAYLIGHT,ANGLE,NOT DIVIDED,,STRAIGHT AND LEVEL,DRY,NO DEFECTS,ON SCENE,NO INJURY / DRIVE AWAY,Y,,,"$501 - $1,500",06/03/2022 05:51:00 PM,DISREGARDING TRAFFIC SIGNALS,FAILING TO REDUCE SPEED TO AVOID CRASH,4900,N,WESTERN AVE,2031.0,,,,,,,3,NO INDICATION OF INJURY,0.0,0.0,0.0,0.0,0.0,3.0,0.0,17,6,6,41.9705014746,-87.689115784,POINT (-87.689115784038 41.970501474594)
c43188aaacc96af7b89907c4e76019300c93a8ebc893aae5187ccf346b4686617c20bcb652fd942d7eea02a1a8d4c7f20cf6d2abb97df3f97c0d143299ab6444,,07/02/2020 05:51:00 PM,15,NO CONTROLS,NO CONTROLS,CLEAR,DAYLIGHT,PARKED MOTOR VEHICLE,PARKING LOT,,STRAIGHT AND LEVEL,DRY,NO DEFECTS,ON SCENE,NO INJURY / DRIVE AWAY,,,,$500 OR LESS,07/02/2020 05:51:00 PM,IMPROPER BACKING,NOT APPLICABLE,100,W,111TH ST,513.0,,,,,,,2,NO INDICATION OF INJURY,0.0,0.0,0.0,0.0,0.0,1.0,0.0,17,5,7,41.6926606288,-87.6259400609,POINT (-87.625940060853 41.692660628793)
961d92bb52c8dee073941f15d1c12fe48413c2d4c5c79a72e2e50e3dfdd72e1d48a2b23d33aea552cf144feb37ab2960b724594da067ec134ef79662c27dbc0b,,03/17/2023 01:58:00 AM,30,STOP SIGN/FLASHER,FUNCTIONING PROPERLY,RAIN,"DARKNESS, LIGHTED ROAD",ANGLE,DIVIDED - W/MEDIAN BARRIER,,STRAIGHT AND LEVEL,WET,NO DEFECTS,ON SCENE,INJURY AND / OR TOW DUE TO CRASH,Y,,,"OVER $1,500",03/17/2023 02:01:00 AM,DRIVING ON WRONG SIDE/WRONG WAY,DRIVING ON WRONG SIDE/WRONG WAY,833,W,RANDOLPH ST,1224.0,,Y,,,,,2,NO INDICATION OF INJURY,0.0,0.0,0.0,0.0,0.0,2.0,0.0,1,6,3,41.8842772159,-87.6486585296,POINT (-87.648658529598 41.884277215861)
936e0bb5faa50a55b14d268a8cd6415cd01386750a06a5837f093ef91952f05e208019bb22c67162704ec8a4121bd73bf24146c90ab8a2bb819d09b24e7a5350,,12/01/2020 09:15:00 AM,30,NO CONTROLS,NO CONTROLS,CLEAR,DAYLIGHT,SIDESWIPE OPPOSITE DIRECTION,OTHER,,STRAIGHT AND LEVEL,DRY,NO DEFECTS,NOT ON SCENE (DESK REPORT),NO INJURY / DRIVE AWAY,,,,"$501 - $1,500",12/01/2020 09:25:00 AM,EQUIPMENT - VEHICLE CONDITION,NOT APPLICABLE,750,N,WELLS ST,1831.0,,,,,,,2,NO INDICATION OF INJURY,0.0,0.0,0.0,0.0,0.0,2.0,0.0,9,3,12,41.8963357343,-87.6343406345,POINT (-87.634340634473 41.896335734312)
1a0b4e2c055647f4ca89e5f9e460a4640321c8c5f7fc4f5525b04d780cb087a752c7c5675d187e3406b672304f9e20cde488c0e98f7ed4e01c9acb0389d600f2,,10/09/2025 07:29:00 PM,30,TRAFFIC SIGNAL,FUNCTIONING PROPERLY,CLEAR,"DARKNESS, LIGHTED ROAD",TURNING,L-INTERSECTION,,STRAIGHT AND LEVEL,DRY,NO DEFECTS,ON SCENE,INJURY AND / OR TOW DUE TO CRASH,Y,,Y,"OVER $1,500",10/09/2025 09:22:00 PM,"OPERATING VEHICLE IN ERRATIC, RECKLESS, CARELESS, NEGLIGENT OR AGGRESSIVE MANNER",DRIVING ON WRONG SIDE/WRONG WAY,159,E,43RD ST,215.0,,,,,,,2,NO INDICATION OF INJURY,0.0,0.0,0.0,0.0,0.0,5.0,0.0,19,5,10,41.8164529406,-87.6214854331,POINT (-87.621485433103 41.816452940551)
faad890130fe93685b3cce454bd6a1d2f8d7a234da5cb6265d9411e614f8587b8a10689bdb5d170235e443c561a9c045d882fb134113969390cee468d8c64ab4,,03/21/2022 09:10:00 AM,30,TRAFFIC SIGNAL,FUNCTIONING PROPERLY,CLEAR,DAYLIGHT,SIDESWIPE SAME DIRECTION,NOT DIVIDED,,STRAIGHT AND LEVEL,DRY,NO DEFECTS,ON SCENE,NO INJURY / DRIVE AWAY,Y,,,"$501 - $1,500",03/21/2022 09:15:00 AM,UNABLE TO DETERMINE,UNABLE TO DETERMINE,4400,S,KEDZIE AVE,821.0,,,,,,,2,NO INDICATION OF INJURY,0.0,0.0,0.0,0.0,0.0,2.0,0.0,9,2,3,41.8134840353,-87.7043331067,POINT (-87.704333106694 41.813484035263)
b8aaffebf6dce8511b54e498e27163a7dd0f772afd0187591b97d638cefedc951b916a4027f3c6c2316ed8d0e8a7cafa6d48008f40f81532d974ee8b962786ae,,12/28/2017 06:00:00 PM,30,TRAFFIC SIGNAL,FUNCTIONING PROPERLY,SNOW,"DARKNESS, LIGHTED ROAD",SIDESWIPE SAME DIRECTION,DIVIDED - W/MEDIAN (NOT RAISED),8,STRAIGHT AND LEVEL,WET,NO DEFECTS,NOT ON SCENE (DESK REPORT),NO INJURY / DRIVE AWAY,Y,,Y,"$501 - $1,500",12/28/2017 08:00:00 PM,IMPROPER LANE USAGE,NOT APPLICABLE,900,N,MICHIGAN AVE,1833.0,,,,,,,2,NO INDICATION OF INJURY,0.0,0.0,0.0,0.0,0.0,5.0,0.0,18,5,12,41.899248597,-87.6242749782,POINT (-87.624274978205 41.899248597036)
f270d4eac79ddaf9b473915ad6d0ab3b2b15a270a63d558cd81cb38030f865609f39e196e190ef693a9a79bca5369ce05339fa9349394f80d6e907a1649a292a,,03/16/2018 07:00:00 PM,30,TRAFFIC SIGNAL,FUNCTIONING PROPERLY,CLEAR,DARKNESS,FIXED OBJECT,DIVIDED - W/MEDIAN (NOT RAISED),2,STRAIGHT AND LEVEL,DRY,"RUT, HOLES",NOT ON SCENE (DESK REPORT),NO INJURY / DRIVE AWAY,Y,,,$500 OR LESS,03/24/2018 02:45:00 PM,UNABLE TO DETERMINE,UNABLE TO DETERMINE,400,E,71ST ST,322.0,,,,,,,1,NO INDICATION OF INJURY,0.0,0.0,0.0,0.0,0.0,1.0,0.0,19,6,3,41.7658225408,-87.6152062027,POINT (-87.615206202723 41.765822540754)
17e9e1ebe98516547f04d3b84024e18b2308e5b063d17b6d25af5a0a0505c0ade8ea8859701ddf502cf0a9b5994c8981112fd9c4d3616507626c76f881d61978,,10/28/2018 02:21:00 PM,20,NO CONTROLS,NO CONTROLS,RAIN,DAYLIGHT,SIDESWIPE OPPOSITE DIRECTION,NOT DIVIDED,,STRAIGHT AND LEVEL,WET,NO DEFECTS,ON SCENE,NO INJURY / DRIVE AWAY,N,,,$500 OR LESS,10/28/2018 02:26:00 PM,UNABLE TO DETERMINE,UNABLE TO DETERMINE,6316,N,GREENVIEW AVE,2433.0,,,,,,,2,NO INDICATION OF INJURY,0.0,0.0,0.0,0.0,0.0,2.0,0.0,14,1,10,41.996906883,-87.6679487609,POINT (-87.667948760891 41.996906882962)
42a2edeb61c40b8afec02eba7b9e3891591f22773b6223759c59f8b3a6b09519085fd14cae0f3f419896f51910e518c203a8bcd920f4e3ecf3de1a7f397cf197,,05/05/2023 09:25:00 AM,35,NO CONTROLS,NO CONTROLS,CLEAR,DAYLIGHT,ANGLE,T-INTERSECTION,,STRAIGHT AND LEVEL,DRY,NO DEFECTS,ON SCENE,INJURY AND / OR TOW DUE TO CRASH,Y,,,"OVER $1,500",05/05/2023 09:27:00 AM,FAILING TO YIELD RIGHT-OF-WAY,UNABLE TO DETERMINE,9601,S,HALSTED ST,2223.0,,,,,,,2,NO INDICATION OF INJURY,0.0,0.0,0.0,0.0,0.0,3.0,0.0,9,6,5,41.719633863,-87.6430183996,POINT (-87.643018399611 41.719633863035)
9794cdcdb239bad81be5f02b3e98eed729f05a6c8f5d493947b71bab1ccbb399d29b07644e6b919a706af2715b8d3bb0e6c4346ba2049abf0331a4c7ba0f5b5f,,03/09/2025 06:07:00 AM,30,NO CONTROLS,NO CONTROLS,CLEAR,DUSK,FIXED OBJECT,NOT DIVIDED,,STRAIGHT AND LEVEL,DRY,NO DEFECTS,ON SCENE,INJURY AND / OR TOW DUE TO CRASH,,,Y,"OVER $1,500",03/09/2025 06:07:00 AM,UNABLE TO DETERMINE,NOT APPLICABLE,1248,W,87TH ST,613.0,,,,,,,1,NO INDICATION OF INJURY,0.0,0.0,0.0,0.0,0.0,1.0,0.0,6,1,3,41.7360148328,-87.6552921653,POINT (-87.655292165277 41.73601483277)
9a4e3d7c200ae42536bcbe7be7f9d6afbafd5ee90bc26150319056f89161874967708c274c233d581cd860797a87a8145f4d578744ae636508a712dad41850af,,03/29/2016 03:15:00 PM,20,NO CONTROLS,NO CONTROLS,CLEAR,DAYLIGHT,SIDESWIPE SAME DIRECTION,ONE-WAY,1,STRAIGHT AND LEVEL,DRY,UNKNOWN,NOT ON SCENE (DESK REPORT),NO INJURY / DRIVE AWAY,,,,"OVER $1,500",03/29/2016 04:43:00 PM,FAILING TO YIELD RIGHT-OF-WAY,NOT APPLICABLE,5600,S,FAIRFIELD AVE,824.0,,,,,,,2,NO INDICATION OF INJURY,0.0,0.0,0.0,0.0,0.0,2.0,0.0,15,3,3,41.7918030825,-87.6926750753,POINT (-87.69267507525 41.791803082466)
7495479dc6f6fead4d8d82a4b66b91cd3c5ef17019919ccf10c5dcee35731d52148adde007508a3f0c601ce3c5081481dedca80d63ab90052d8bea7be937d234,,05/05/2020 02:50:00 PM,20,NO CONTROLS,NO CONTROLS,CLEAR,DAYLIGHT,TURNING,NOT DIVIDED,,STRAIGHT AND LEVEL,DRY,NO DEFECTS,NOT ON SCENE (DESK REPORT),NO INJURY / DRIVE AWAY,,,,"OVER $1,500",05/05/2020 03:00:00 PM,UNABLE TO DETERMINE,NOT APPLICABLE,707,W,WAVELAND AVE,1925.0,,,,,,,2,NO INDICATION OF INJURY,0.0,0.0,0.0,0.0,0.0,2.0,0.0,14,3,5,41.9495394388,-87.6468986217,POINT (-87.646898621715 41.949539438798)
43077dc9a812717c5ca96f9ffaab43b192ddadfddf8b33f0830e74feea8f1b1346ac28b2ef189a8805d878727f9e76d56a2d0cefac8c260a84c9c7da8fc054ff,,06/27/2025 09:51:00 PM,35,NO CONTROLS,NO CONTROLS,UNKNOWN,"DARKNESS, LIGHTED ROAD",TURNING,NOT DIVIDED,,STRAIGHT AND LEVEL,UNKNOWN,UNKNOWN,ON SCENE,INJURY AND / OR TOW DUE TO CRASH,,,,"OVER $1,500",06/27/2025 09:51:00 PM,IMPROPER TURNING/NO SIGNAL,UNABLE TO DETERMINE,5600,S,WABASH AVE,225.0,,,,,,,2,NONINCAPACITATING INJURY,3.0,0.0,0.0,3.0,0.0,0.0,0.0,21,6,6,41.7927800362,-87.6241840004,POINT (-87.624184000384 41.792780036175)
d6397f55aa2a1b46be39a6d649ecfd0076a586f2d4d98149def7a7a461ead7bc541d30309fc1c384727c2a154d3313292d85caf5d64103fc8c79b62d3cad0915,,05/17/2023 10:00:00 AM,30,UNKNOWN,UNKNOWN,UNKNOWN,UNKNOWN,PARKED MOTOR VEHICLE,ONE-WAY,,STRAIGHT AND LEVEL,UNKNOWN,UNKNOWN,NOT ON SCENE (DESK REPORT),NO INJURY / DRIVE AWAY,,,Y,"OVER $1,500",06/15/2023 09:55:00 AM,UNABLE TO DETERMINE,UNABLE TO DETERMINE,600,W,DRUMMOND PL,1935.0,,,,,,,2,NO INDICATION OF INJURY,0.0,0.0,0.0,0.0,0.0,1.0,0.0,10,4,5,41.9307926699,-87.6440080854,POINT (-87.644008085408 41.930792669852)
279bb054348b6e2559b85cda5d21200c56c865e5d84af30b8fdba3602124fe4a80b5e40301bcfffb2ae6ab6ee3f3f3e7371003cf135fc05ad49d4dd6b782ded7,,09/22/2017 09:10:00 AM,30,NO CONTROLS,NO CONTROLS,CLEAR,DAYLIGHT,REAR END,NOT DIVIDED,2,STRAIGHT AND LEVEL,DRY,NO DEFECTS,NOT ON SCENE (DESK REPORT),INJURY AND / OR TOW DUE TO CRASH,Y,,,"OVER $1,500",09/22/2017 09:35:00 AM,FOLLOWING TOO CLOSELY,UNABLE TO DETERMINE,399,S,HOMAN AVE,1134.0,,,,,,,2,"REPORTED, NOT EVIDENT",1.0,0.0,0.0,0.0,1.0,1.0,0.0,9,6,9,41.8754907186,-87.7106811272,POINT (-87.710681127158 41.875490718593)
c65935eb9df74ac03a6f375b8915c2900192cdf72da6bcab301478e92fd34df7bdd17979aae88030269a295a72bbaf74a71121ac194b3e5a1225a44ead091f74,,09/03/2025 10:30:00 AM,30,TRAFFIC SIGNAL,FUNCTIONING PROPERLY,CLEAR,DAYLIGHT,ANGLE,FOUR WAY,,STRAIGHT AND LEVEL,WET,UNKNOWN,ON SCENE,INJURY AND / OR TOW DUE TO CRASH,Y,,,"OVER $1,500",09/03/2025 10:33:00 AM,DISREGARDING TRAFFIC SIGNALS,FAILING TO REDUCE SPEED TO AVOID CRASH,400,S,DAMEN AVE,1225.0,,,,,,,2,NONINCAPACITATING INJURY,1.0,0.0,0.0,1.0,0.0,1.0,0.0,10,4,9,41.8761861666,-87.6766739725,POINT (-87.67667397249 41.876186166555)
0286e41a297e63cc3e80b821a25f00178b7f33807e3dae754db77736c00afdfdd61fa4584a5e6dcb0da702b91f3ab2b2d63987f1807893857058ed09fe8a3229,Y,12/14/2019 06:30:00 PM,25,NO CONTROLS,NO CONTROLS,UNKNOWN,UNKNOWN,PARKED MOTOR VEHICLE,NOT DIVIDED,,STRAIGHT AND LEVEL,UNKNOWN,UNKNOWN,NOT ON SCENE (DESK REPORT),NO INJURY / DRIVE AWAY,,,Y,"$501 - $1,500",12/14/2019 11:20:00 PM,UNABLE TO DETERMINE,NOT APPLICABLE,1525,W,ESTES AVE,2423.0,,,,,,,2,NO INDICATION OF INJURY,0.0,0.0,0.0,0.0,0.0,1.0,0.0,18,7,12,42.0113987275,-87.6690304797,POINT (-87.669030479657 42.011398727503)
b5223283eb87ab82c4c3b622916a31855edcd0954159e9bb2b9b98e56707c21061c4c770c395a02cf11916c9c8cdc137a52e18749b48a65a8aa59a9b24b06f4c,,09/08/2023 12:40:00 PM,15,NO CONTROLS,NO CONTROLS,RAIN,DAYLIGHT,REAR TO FRONT,PARKING LOT,,STRAIGHT AND LEVEL,WET,NO DEFECTS,NOT ON SCENE (DESK REPORT),NO INJURY / DRIVE AWAY,,Y,Y,$500 OR LESS,09/08/2023 03:30:00 PM,UNABLE TO DETERMINE,UNABLE TO DETERMINE,1617,E,95TH ST,431.0,,,,,,,2,NO INDICATION OF INJURY,0.0,0.0,0.0,0.0,0.0,2.0,0.0,12,6,9,41.7222413167,-87.5843801364,POINT (-87.5843801364 41.722241316659)
4f9ffa8067738bb73dd7cada4e310553958cf4148b6e18f220fbb8f703d7f83394ccc011cc6b3c29931392dc2848b573a7692c272fe517102b56ef4594fb41d4,,09/28/2022 07:30:00 AM,15,NO CONTROLS,NO CONTROLS,CLEAR,DAYLIGHT,TURNING,FOUR WAY,,STRAIGHT AND LEVEL,DRY,NO DEFECTS,ON SCENE,INJURY AND / OR TOW DUE TO CRASH,Y,,,"OVER $1,500",09/28/2022 09:15:00 AM,UNABLE TO DETERMINE,UNABLE TO DETERMINE,2752,N,KILBOURN AVE,2521.0,,,,,,,2,NO INDICATION OF INJURY,0.0,0.0,0.0,0.0,0.0,2.0,0.0,7,4,9,41.9311517922,-87.7393794901,POINT (-87.739379490062 41.931151792158)
839da5980244142b19fdbb84d1adf6b75346f56509ada959aa8afa7fee7566692ce944794706e3837392b0452a57e5c5867c34a36465e84482c0f83498e6b9c8,,03/08/2020 03:16:00 AM,30,NO CONTROLS,NO CONTROLS,CLEAR,"DARKNESS, LIGHTED ROAD",FIXED OBJECT,DIVIDED - W/MEDIAN BARRIER,,STRAIGHT AND LEVEL,DRY,UNKNOWN,ON SCENE,INJURY AND / OR TOW DUE TO CRASH,,,,"OVER $1,500",03/08/2020 03:18:00 AM,UNABLE TO DETERMINE,UNABLE TO DETERMINE,1113,E,75TH ST,624.0,,,,,,,1,INCAPACITATING INJURY,1.0,0.0,1.0,0.0,0.0,0.0,0.0,3,1,3,41.7585685842,-87.5975493993,POINT (-87.597549399293 41.758568584237)
6fd0354804d1ff6b8161bf0e398491291d72bbb60816c52a8db947c1808062bd67f25d9efd25d417540a9ed2163e4bbca545c50d1e6ce6aba91ee63f7084e959,,03/05/2022 11:00:00 PM,30,NO CONTROLS,NO CONTROLS,UNKNOWN,"DARKNESS, LIGHTED ROAD",OTHER NONCOLLISION,ONE-WAY,,STRAIGHT AND LEVEL,UNKNOWN,"RUT, HOLES",NOT ON SCENE (DESK REPORT),NO INJURY / DRIVE AWAY,,,,$500 OR LESS,03/06/2022 04:02:00 PM,"EVASIVE ACTION DUE TO ANIMAL, OBJECT, NONMOTORIST",UNABLE TO DETERMINE,1600,N,LAKE SHORE DR,1814.0,,,,,,,1,NO INDICATION OF INJURY,0.0,0.0,0.0,0.0,0.0,1.0,0.0,23,7,3,41.9112245556,-87.6264825724,POINT (-87.626482572426 41.911224555611)
671849e9d94b57b272b0b9a2121c9759302276a2e7dc8f4de3b00b2652a01be8e3168ea6b8378432fd8dee4da84bb80b6a1876796da0a66d5c60a74b2cc45f02,,01/20/2020 03:20:00 PM,35,NO CONTROLS,NO CONTROLS,CLEAR,DAYLIGHT,REAR END,NOT DIVIDED,,STRAIGHT AND LEVEL,DRY,NO DEFECTS,NOT ON SCENE (DESK REPORT),NO INJURY / DRIVE AWAY,,,,"$501 - $1,500",01/20/2020 03:45:00 PM,UNABLE TO DETERMINE,NOT APPLICABLE,5150,N,CENTRAL AVE,1622.0,,,,,,,2,NO INDICATION OF INJURY,0.0,0.0,0.0,0.0,0.0,2.0,0.0,15,2,1,41.9750146774,-87.7686408584,POINT (-87.768640858408 41.975014677433)
3f314573896d94ce23457fc1800602e8a89c577b869e39895bda822bb5a11af01c322b0c250649de5d76981b9aa6c5da15ebb499bdc74648dcf5b06cdaee59e5,,05/08/2020 07:55:00 AM,30,STOP SIGN/FLASHER,FUNCTIONING PROPERLY,CLEAR,DAYLIGHT,ANGLE,UNKNOWN INTERSECTION TYPE,,STRAIGHT AND LEVEL,DRY,NO DEFECTS,ON SCENE,INJURY AND / OR TOW DUE TO CRASH,Y,,,"OVER $1,500",05/08/2020 07:55:00 AM,FAILING TO YIELD RIGHT-OF-WAY,NOT APPLICABLE,5800,S,INDIANA AVE,232.0,,,,,,,2,NONINCAPACITATING INJURY,1.0,0.0,0.0,1.0,0.0,1.0,0.0,7,6,5,41.7891755958,-87.6208490585,POINT (-87.620849058528 41.789175595836)
3baecdf3bb912572009c8b32cd56df01155cee354c8b8a4150252e70c568950e354251262d8d47f3572a06507494f87dfb3b4b67dfd2aeca9ba1d7669ae9ee55,,01/08/2023 08:50:00 PM,30,TRAFFIC SIGNAL,FUNCTIONING PROPERLY,UNKNOWN,UNKNOWN,TURNING,NOT DIVIDED,,STRAIGHT AND LEVEL,UNKNOWN,UNKNOWN,NOT ON SCENE (DESK REPORT),NO INJURY / DRIVE AWAY,,,Y,"OVER $1,500",01/08/2023 09:15:00 PM,IMPROPER OVERTAKING/PASSING,IMPROPER LANE USAGE,4402,W,GRAND AVE,2533.0,,,,,,,2,NO INDICATION OF INJURY,0.0,0.0,0.0,0.0,0.0,2.0,0.0,20,1,1,41.9102057266,-87.7363103575,POINT (-87.736310357518 41.910205726613)
8cc4ea5253bc3b174febc6c2d16fd0788901bd4e673a853c2a6f019b52c993930fb6840f6cf7d4947f940a4fe0bda8bf6326ff241979fca09702bba9e35bee72,,06/27/2018 11:30:00 AM,30,NO CONTROLS,NO CONTROLS,CLEAR,DAYLIGHT,PARKED MOTOR VEHICLE,NOT DIVIDED,2,STRAIGHT AND LEVEL,DRY,NO DEFECTS,NOT ON SCENE (DESK REPORT),NO INJURY / DRIVE AWAY,,,Y,"OVER $1,500",06/27/2018 02:21:00 PM,NOT APPLICABLE,NOT APPLICABLE,5925,W,FULLERTON AVE,2515.0,Y,,,,,,2,NO INDICATION OF INJURY,0.0,0.0,0.0,0.0,0.0,1.0,0.0,11,4,6,41.9237376562,-87.7744371199,POINT (-87.774437119907 41.923737656174)
25adfdf3610ecb929ed70e1f125391a9a32169fc0e1b489314a8bafa3900f8245ec9ea2055d87c7fdf60ead430664014ead777ffd86ba433a3f475d81dd1f373,,02/06/2021 07:11:00 PM,30,TRAFFIC SIGNAL,FUNCTIONING PROPERLY,SNOW,"DARKNESS, LIGHTED ROAD",TURNING,"FIVE POINT, OR MORE",,STRAIGHT AND LEVEL,SNOW OR SLUSH,NO DEFECTS,ON SCENE,INJURY AND / OR TOW DUE TO CRASH,Y,,,"OVER $1,500",02/06/2021 07:30:00 PM,FAILING TO YIELD RIGHT-OF-WAY,NOT APPLICABLE,8326,S,LAWNDALE AVE,834.0,,,,,,,2,INCAPACITATING INJURY,2.0,0.0,2.0,0.0,0.0,1.0,0.0,19,7,2,41.7414268056,-87.7144932481,POINT (-87.714493248108 41.741426805577)
9c097a7e846df410a7956501b133a1bc4a4507c71dc715371080c519d4c67a6b43b8ae12a1af6a4f04dbfdeec671e3a35a77d48ca8da6946e9c8f6f9061379d9,,10/24/2019 12:00:00 PM,30,TRAFFIC SIGNAL,FUNCTIONING PROPERLY,CLEAR,DAYLIGHT,SIDESWIPE SAME DIRECTION,NOT DIVIDED,,STRAIGHT AND LEVEL,DRY,NO DEFECTS,ON SCENE,NO INJURY / DRIVE AWAY,,,,"OVER $1,500",10/24/2019 12:03:00 PM,IMPROPER OVERTAKING/PASSING,NOT APPLICABLE,4430,N,WESTERN AVE,1911.0,,,,,,,2,NO INDICATION OF INJURY,0.0,0.0,0.0,0.0,0.0,2.0,0.0,12,5,10,41.9622517321,-87.688856729,POINT (-87.688856729011 41.962251732118)
5c9d9df3e75d47d98662bbfc0c56410310bd4d181e15307205bf566e04960a052d09fb1bf1216ab382c6509b900b1041e0efbe19ffd593c7b7d2b617c008e634,,01/01/2017 04:00:00 AM,30,NO CONTROLS,NO CONTROLS,CLEAR,"DARKNESS, LIGHTED ROAD",PARKED MOTOR VEHICLE,DIVIDED - W/MEDIAN BARRIER,4,STRAIGHT AND LEVEL,DRY,NO DEFECTS,NOT ON SCENE (DESK REPORT),NO INJURY / DRIVE AWAY,,,Y,"OVER $1,500",01/01/2017 10:30:00 AM,UNABLE TO DETERMINE,NOT APPLICABLE,1259,N,ASHLAND AVE,1433.0,,,,,,,2,NO INDICATION OF INJURY,0.0,0.0,0.0,0.0,0.0,1.0,0.0,4,1,1,41.9049426422,-87.6673910038,POINT (-87.667391003756 41.90494264219)
90bfca86742bf3559201736cb123317730ff24b1833f8a8bb42e506fc044d94c182796ce8b02ff660a6f0597cd69c2d9be72099f28f9b71e621f64a4428b53c1,,06/16/2017 10:59:00 AM,35,NO CONTROLS,NO CONTROLS,UNKNOWN,UNKNOWN,PARKED MOTOR VEHICLE,ONE-WAY,1,STRAIGHT AND LEVEL,UNKNOWN,UNKNOWN,NOT ON SCENE (DESK REPORT),INJURY AND / OR TOW DUE TO CRASH,,,Y,"OVER $1,500",06/16/2017 08:40:00 PM,UNABLE TO DETERMINE,UNABLE TO DETERMINE,11416,S,ASHLAND AVE,2234.0,,,,,,,2,NO INDICATION OF INJURY,0.0,0.0,0.0,0.0,0.0,1.0,0.0,10,6,6,41.6863188747,-87.6615683599,POINT (-87.661568359852 41.686318874653)
93eb091cb2ee1415722de1a5564f97f69f7f9aedf5833173211779994baea5a11ee1a53a7ac63da2ec525d3530ff93b847e9cce9488347b8ff79d29c5e7dfa33,,11/17/2018 04:30:00 PM,30,NO CONTROLS,NO CONTROLS,CLEAR,"DARKNESS, LIGHTED ROAD",SIDESWIPE OPPOSITE DIRECTION,NOT DIVIDED,,STRAIGHT AND LEVEL,DRY,NO DEFECTS,NOT ON SCENE (DESK REPORT),NO INJURY / DRIVE AWAY,Y,,Y,"$501 - $1,500",11/17/2018 07:11:00 PM,UNABLE TO DETERMINE,UNABLE TO DETERMINE,499,N,RUSH ST,1834.0,,,,,,,2,NO INDICATION OF INJURY,0.0,0.0,0.0,0.0,0.0,3.0,0.0,16,7,11,41.8908783267,-87.6251985472,POINT (-87.625198547203 41.890878326733)