CRASH_RECORD_ID,CRASH_DATE_EST_I,CRASH_DATE,POSTED_SPEED_LIMIT,TRAFFIC_CONTROL_DEVICE,DEVICE_CONDITION,WEATHER_CONDITION,LIGHTING_CONDITION,FIRST_CRASH_TYPE,TRAFFICWAY_TYPE,LANE_CNT,ALIGNMENT,ROADWAY_SURFACE_COND,ROAD_DEFECT,REPORT_TYPE,CRASH_TYPE,INTERSECTION_RELATED_I,NOT_RIGHT_OF_WAY_I,HIT_AND_RUN_I,DAMAGE,DATE_POLICE_NOTIFIED,PRIM_CONTRIBUTORY_CAUSE,SEC_CONTRIBUTORY_CAUSE,STREET_NO,STREET_DIRECTION,STREET_NAME,BEAT_OF_OCCURRENCE,PHOTOS_TAKEN_I,STATEMENTS_TAKEN_I,DOORING_I,WORK_ZONE_I,WORK_ZONE_TYPE,WORKERS_PRESENT_I,NUM_UNITS,MOST_SEVERE_INJURY,INJURIES_TOTAL,INJURIES_FATAL,INJURIES_INCAPACITATING,INJURIES_NON_INCAPACITATING,INJURIES_REPORTED_NOT_EVIDENT,INJURIES_NO_INDICATION,INJURIES_UNKNOWN,CRASH_HOUR,CRASH_DAY_OF_WEEK,CRASH_MONTH,LATITUDE,LONGITUDE,LOCATION
cd91f73fbc3befd5b8023fc3a5dd48fdeb47c7311f96fa99cdbfd880f7fc66f839c8898474d61154c775a9ecd4f6957cce7776a2772dea5dc73b2166ac9e9a58,,08/29/2024 02:00:00 PM,15,NO CONTROLS,NO CONTROLS,CLEAR,DAYLIGHT,PARKED MOTOR VEHICLE,NOT DIVIDED,,STRAIGHT AND LEVEL,DRY,NO DEFECTS,ON SCENE,INJURY AND / OR TOW DUE TO CRASH,,,,"OVER $1,500",08/29/2024 03:40:00 PM,DRIVING SKILLS/KNOWLEDGE/EXPERIENCE,DRIVING SKILLS/KNOWLEDGE/EXPERIENCE,2914,W,WABANSIA AVE,1421.0,,,,,,,2,NO INDICATION OF INJURY,0.0,0.0,0.0,0.0,0.0,1.0,0.0,14,5,8,41.9124459714,-87.6998155338,POINT (-87.699815533828 41.912445971414)
c1a4c83131b61843566aabacd298ea0df445eb83dbef8736bcd7075a1fcf363fcaae0d6b3976555553ee0cad4e132839fa444e22c484465ccb198b865d1fbb58,,06/05/2019 06:00:00 PM,30,UNKNOWN,UNKNOWN,UNKNOWN,UNKNOWN,SIDESWIPE SAME DIRECTION,UNKNOWN,,STRAIGHT AND LEVEL,UNKNOWN,UNKNOWN,NOT ON SCENE (DESK REPORT),NO INJURY / DRIVE AWAY,,,,"OVER $1,500",06/05/2019 06:20:00 PM,UNABLE TO DETERMINE,NOT APPLICABLE,5001,W,IRVING PARK RD,1634.0,,,,,,,2,NO INDICATION OF INJURY,0.0,0.0,0.0,0.0,0.0,3.0,0.0,18,4,6,41.9532487765,-87.7522954848,POINT (-87.752295484762 41.953248776454)
8b2556a9db526bebb73f7d368d32ff3ecbdc980c9ffaaa2339416b02a5821a89dbc75df2af9a0ac6598c2249672099d98e278af775369d56199b9ac894d49768,Y,10/02/2023 05:26:00 PM,30,NO CONTROLS,NO CONTROLS,CLEAR,DAYLIGHT,FIXED OBJECT,OTHER,,STRAIGHT AND LEVEL,DRY,UNKNOWN,ON SCENE,INJURY AND / OR TOW DUE TO CRASH,,,,"$501 - $1,500",10/02/2023 05:26:00 PM,FAILING TO REDUCE SPEED TO AVOID CRASH,NOT APPLICABLE,5947,S,RUTHERFORD AVE,812.0,,,,,,,1,NO INDICATION OF INJURY,0.0,0.0,0.0,0.0,0.0,2.0,0.0,17,2,10,41.7835152964,-87.7898866398,POINT (-87.789886639843 41.783515296388)
a086c99dac50efbd1578a4d06577cbf6b64f7562bdcc6e04493b6c527ca2e00922fb6ab2aa2e89b2aa1b9c2cedaa62a0fb05d89af204f1b3c5978699456e15a8,,02/25/2021 09:16:00 AM,15,NO CONTROLS,NO CONTROLS,CLEAR,DAYLIGHT,FIXED OBJECT,ALLEY,,STRAIGHT AND LEVEL,DRY,NO DEFECTS,ON SCENE,NO INJURY / DRIVE AWAY,,Y,,"OVER $1,500",02/25/2021 09:16:00 AM,DISTRACTION - FROM OUTSIDE VEHICLE,DISTRACTION - FROM OUTSIDE VEHICLE,1720,S,MICHIGAN AVE,131.0,,,,,,,1,NO INDICATION OF INJURY,0.0,0.0,0.0,0.0,0.0,1.0,0.0,9,5,2,41.8584377722,-87.6240934146,POINT (-87.624093414598 41.858437772179)
12a65fc19c6efaad2be441fc913841bde578558ecc1691741a96bc2808cf13f372820ad3a94188e4b1b91813662db193802d9d70a7ca31a25a7f733b575b831d,,10/13/2023 01:23:00 AM,30,UNKNOWN,NO CONTROLS,CLEAR,"DARKNESS, LIGHTED ROAD",SIDESWIPE SAME DIRECTION,DIVIDED - W/MEDIAN (NOT RAISED),,STRAIGHT AND LEVEL,DRY,NO DEFECTS,,NO INJURY / DRIVE AWAY,,,,"OVER $1,500",10/13/2023 02:40:00 AM,IMPROPER OVERTAKING/PASSING,NOT APPLICABLE,33,N,LA SALLE ST,122.0,,,,,,,2,NO INDICATION OF INJURY,0.0,0.0,0.0,0.0,0.0,3.0,0.0,1,6,10,41.882797707,-87.6322420814,POINT (-87.632242081405 41.88279770705)
ad0236dba4a8496d058e991c2c76fe111c35722841eb8fb9cf60427bad29b9e19966f6f27c0f2d42c3da5a99f66254fb7ac8749184d8a836b8f4d6949d3d196e,,10/06/2016 04:00:00 PM,30,STOP SIGN/FLASHER,FUNCTIONING PROPERLY,CLEAR,DAYLIGHT,REAR END,NOT DIVIDED,,STRAIGHT AND LEVEL,WET,NO DEFECTS,NOT ON SCENE (DESK REPORT),NO INJURY / DRIVE AWAY,,,,"$501 - $1,500",10/07/2016 06:44:00 PM,UNABLE TO DETERMINE,UNABLE TO DETERMINE,7400,S,SOUTH CHICAGO AVE,323.0,,,,,,,2,NO INDICATION OF INJURY,0.0,0.0,0.0,0.0,0.0,3.0,0.0,16,5,10,41.7603720323,-87.5981273553,POINT (-87.598127355305 41.760372032331)
8f9d0248e7a7f8779b9ee9ceb123ff6132660eacc0cc51bed13f389cd5b34c731ec9b4dd29ddf6461b42a159894be00e1162965e994835cf227c0393038a3369,,01/08/2023 11:40:00 AM,30,NO CONTROLS,NO CONTROLS,CLEAR,DAYLIGHT,TURNING,DIVIDED - W/MEDIAN (NOT RAISED),,STRAIGHT AND LEVEL,DRY,NO DEFECTS,NOT ON SCENE (DESK REPORT),NO INJURY / DRIVE AWAY,,,Y,"OVER $1,500",01/08/2023 02:40:00 PM,UNABLE TO DETERMINE,UNABLE TO DETERMINE,5240,N,PULASKI RD,1712.0,,,,,,,2,NO INDICATION OF INJURY,0.0,0.0,0.0,0.0,0.0,2.0,0.0,11,1,1,41.9767523138,-87.7284136216,POINT (-87.728413621629 41.976752313791)
b3cc81ec0b0cdf8a19eb4aa2f6ad7830fe36dde323c93bcbdf13867a025fa265ac694ec91f9c3842c796546c6077415c31616010f0c2e90c6a955147bb9b9fa8,,06/01/2025 12:20:00 PM,30,NO CONTROLS,NO CONTROLS,CLEAR,DAYLIGHT,ANGLE,DIVIDED - W/MEDIAN (NOT RAISED),,STRAIGHT AND LEVEL,DRY,NO DEFECTS,NOT ON SCENE (DESK REPORT),INJURY AND / OR TOW DUE TO CRASH,,,,"OVER $1,500",06/01/2025 01:35:00 PM,UNABLE TO DETERMINE,UNABLE TO DETERMINE,1200,E,76TH ST,411.0,,,,,,,2,"REPORTED, NOT EVIDENT",2.0,0.0,0.0,0.0,2.0,6.0,0.0,12,1,6,41.7569721986,-87.5952068766,POINT (-87.59520687656 41.756972198554)
42ca4e547b6379c2ff46f70eb05a0114c0d08a17e911317f821227e2a2d8fdd159394ec1ae38f3580ac8e73c34d3fe5d64d53d52ae795d390c75855eb8eaf887,,01/05/2017 08:50:00 AM,30,TRAFFIC SIGNAL,FUNCTIONING PROPERLY,CLEAR,DAYLIGHT,REAR END,NOT DIVIDED,2,STRAIGHT AND LEVEL,DRY,NO DEFECTS,NOT ON SCENE (DESK REPORT),NO INJURY / DRIVE AWAY,,,,"$501 - $1,500",01/05/2017 01:02:00 PM,FOLLOWING TOO CLOSELY,NOT APPLICABLE,2157,S,STATE ST,131.0,,,,,,,2,NO INDICATION OF INJURY,0.0,0.0,0.0,0.0,0.0,2.0,0.0,8,5,1,41.8529403933,-87.6269427345,POINT (-87.626942734485 41.852940393303)
7d5fddfd4a97ec2622c184a2f27055c5a67246e86b358471dcecf25abcc27c106fa9863e70d27a48ef491cc12a33f0bd479ca8cdb899833e97b508ce22e2c2a2,,03/05/2022 11:00:00 PM,30,UNKNOWN,UNKNOWN,RAIN,UNKNOWN,PARKED MOTOR VEHICLE,PARKING LOT,,STRAIGHT AND LEVEL,UNKNOWN,UNKNOWN,NOT ON SCENE (DESK REPORT),NO INJURY / DRIVE AWAY,,,Y,$500 OR LESS,03/06/2022 12:01:00 AM,UNABLE TO DETERMINE,UNABLE TO DETERMINE,2600,N,WESTERN AVE,1411.0,,,,,,,2,NO INDICATION OF INJURY,0.0,0.0,0.0,0.0,0.0,1.0,0.0,23,7,3,41.9286697899,-87.6879222355,POINT (-87.687922235539 41.92866978991)
2ef5b905fe69e5e712ef27412bb8ff8465f7eb0a950bf34241e521ada1188e1f7f21362f084f702551ad5a61c73e4f80f2bba573110307da1fd9a7a84a576b68,,09/26/2020 01:30:00 AM,20,NO CONTROLS,NO CONTROLS,CLEAR,"DARKNESS, LIGHTED ROAD",OTHER NONCOLLISION,PARKING LOT,,STRAIGHT AND LEVEL,DRY,UNKNOWN,NOT ON SCENE (DESK REPORT),NO INJURY / DRIVE AWAY,,Y,,"OVER $1,500",09/26/2020 01:53:00 AM,UNABLE TO DETERMINE,UNABLE TO DETERMINE,7114,S,VINCENNES AVE,731.0,,,,,,,1,NO INDICATION OF INJURY,0.0,0.0,0.0,0.0,0.0,2.0,0.0,1,7,9,41.7649368855,-87.6283218539,POINT (-87.628321853919 41.764936885503)
72edec80395d97e03ff6048e5984215391b4ed43af5866a38cb2bc7a9d1e7b6cb15e62f4ec6746d27a8b429248bc205c6266a8a7f648df9963e6b9bd972dd22b,,07/28/2018 10:25:00 AM,10,NO CONTROLS,NO CONTROLS,CLEAR,DAYLIGHT,ANGLE,PARKING LOT,2,STRAIGHT AND LEVEL,DRY,NO DEFECTS,NOT ON SCENE (DESK REPORT),NO INJURY / DRIVE AWAY,,Y,,$500 OR LESS,07/28/2018 11:10:00 AM,UNABLE TO DETERMINE,UNABLE TO DETERMINE,5435,N,HARLEM AVE,1613.0,,,,,,,2,NO INDICATION OF INJURY,0.0,0.0,0.0,0.0,0.0,2.0,0.0,10,7,7,41.9802032338,-87.8068311183,POINT (-87.806831118316 41.980203233751)
09b7907119201d40f6edf78e905baf5d903ee9649b0f516994f41e1fc2e58d62779145427c69903435b118eda1dbaa7bddffcf53ff7d19d20ad66cb56863ce9d,,11/24/2023 08:49:00 PM,30,STOP SIGN/FLASHER,FUNCTIONING PROPERLY,CLEAR,"DARKNESS, LIGHTED ROAD",ANGLE,FOUR WAY,,STRAIGHT AND LEVEL,DRY,NO DEFECTS,ON SCENE,INJURY AND / OR TOW DUE TO CRASH,Y,,Y,"OVER $1,500",11/24/2023 09:00:00 PM,DISREGARDING STOP SIGN,NOT APPLICABLE,7815,S,WABASH AVE,623.0,,,,,,,7,NONINCAPACITATING INJURY,1.0,0.0,0.0,1.0,0.0,1.0,0.0,20,6,11,41.7523148329,-87.6228800229,POINT (-87.622880022871 41.752314832947)
da61b86837d3452d48f19fbe2e33e4cdcc7efc52a578ccab3525a70c52238087648d17d1ba7692854cae2a014b7a2d6336e1a77e2719b29c2ff1bd9f2bc5725b,,10/07/2023 07:50:00 PM,30,TRAFFIC SIGNAL,FUNCTIONING PROPERLY,CLEAR,DUSK,TURNING,FOUR WAY,,STRAIGHT AND LEVEL,DRY,NO DEFECTS,NOT ON SCENE (DESK REPORT),NO INJURY / DRIVE AWAY,,,Y,$500 OR LESS,10/07/2023 08:10:00 PM,IMPROPER LANE USAGE,IMPROPER LANE USAGE,1681,E,103RD ST,434.0,,,,,,,2,NO INDICATION OF INJURY,0.0,0.0,0.0,0.0,0.0,2.0,0.0,19,7,10,41.7077142056,-87.5833421908,POINT (-87.583342190834 41.707714205562)
1aad86dd720fc284737a2684026bada730915c3ce454b31c8715c06ec99a64e96497a77f66b2de4aed356041d12f5a520c5610de03fc49386b116950a26a77e5,,11/13/2021 08:00:00 PM,30,TRAFFIC SIGNAL,FUNCTIONING PROPERLY,CLEAR,"DARKNESS, LIGHTED ROAD",SIDESWIPE SAME DIRECTION,DIVIDED - W/MEDIAN (NOT RAISED),,STRAIGHT AND LEVEL,DRY,UNKNOWN,ON SCENE,NO INJURY / DRIVE AWAY,,,,"$501 - $1,500",11/13/2021 08:18:00 PM,IMPROPER OVERTAKING/PASSING,IMPROPER LANE USAGE,300,W,GRAND AVE,1831.0,,,,,,,2,NO INDICATION OF INJURY,0.0,0.0,0.0,0.0,0.0,6.0,0.0,20,7,11,41.8916756338,-87.6356513888,POINT (-87.635651388781 41.891675633763)
205143fa9544e2b3bc1159495a5f31b351d6255ca16b367239685e04995b3fd06ff896213b3bc033ea699c485f249232e11f84b3764b29e9590360f0dcd92857,,05/12/2025 04:20:00 PM,15,UNKNOWN,UNKNOWN,UNKNOWN,DAYLIGHT,PEDESTRIAN,PARKING LOT,,STRAIGHT AND LEVEL,UNKNOWN,UNKNOWN,NOT ON SCENE (DESK REPORT),INJURY AND / OR TOW DUE TO CRASH,,,Y,$500 OR LESS,05/18/2025 03:44:00 PM,RELATED TO BUS STOP,NOT APPLICABLE,7828,S,CLAREMONT AVE,835.0,,,,,,,2,"REPORTED, NOT EVIDENT",1.0,0.0,0.0,0.0,1.0,1.0,0.0,16,2,5,41.7510379267,-87.6816956175,POINT (-87.68169561754 41.751037926734)
6dd678355db7ab9707b27c3d6db51a95aca92de36fe002c497f020c7b83ce477eab884f1e276d194c9dd597a42956496e6eeef6d44066136575d04e05fd1fcbb,,09/19/2023 07:50:00 AM,35,STOP SIGN/FLASHER,FUNCTIONING PROPERLY,RAIN,DAYLIGHT,TURNING,T-INTERSECTION,,STRAIGHT AND LEVEL,WET,NO DEFECTS,ON SCENE,INJURY AND / OR TOW DUE TO CRASH,Y,,,"OVER $1,500",09/19/2023 07:55:00 AM,DISREGARDING STOP SIGN,UNABLE TO DETERMINE,455,E,130TH ST,533.0,,,,,,,3,NO INDICATION OF INJURY,0.0,0.0,0.0,0.0,0.0,3.0,0.0,7,3,9,41.6590184522,-87.6104221893,POINT (-87.610422189311 41.659018452223)
812531b80c391ba090ab7ee758fd41d42aacb3f92056abb4d088de213c62d755f32df5f54aaaa2ef7339f3f0533453b8c17845fa468e43df9f9834a666956ad3,,08/18/2020 12:00:00 PM,30,NO CONTROLS,NO CONTROLS,CLEAR,DAYLIGHT,SIDESWIPE SAME DIRECTION,OTHER,,STRAIGHT AND LEVEL,DRY,NO DEFECTS,ON SCENE,NO INJURY / DRIVE AWAY,,,N,"$501 - $1,500",08/18/2020 12:03:00 PM,ROAD CONSTRUCTION/MAINTENANCE,FAILING TO YIELD RIGHT-OF-WAY,6448,N,SHERIDAN RD,2432.0,,,,,,,2,NO INDICATION OF INJURY,0.0,0.0,0.0,0.0,0.0,2.0,0.0,12,3,8,41.9995889898,-87.6608259863,POINT (-87.660825986328 41.999588989782)
7e8e81bd723fb91ae24512a24ecc1e2f729d30e479e0e34e94b1fd62beb29f06b7a7a4abbb44c7563d96812eff364bc491cb1bf7b1348f3236c0d4a8f8c07b88,,11/21/2024 05:00:00 PM,30,NO CONTROLS,NO CONTROLS,RAIN,"DARKNESS, LIGHTED ROAD",FIXED OBJECT,DIVIDED - W/MEDIAN BARRIER,,STRAIGHT AND LEVEL,WET,NO DEFECTS,ON SCENE,INJURY AND / OR TOW DUE TO CRASH,,,Y,"OVER $1,500",11/21/2024 05:30:00 PM,UNABLE TO DETERMINE,NOT APPLICABLE,10557,S,INDIANAPOLIS AVE,432.0,,,,,,,1,NO INDICATION OF INJURY,0.0,0.0,0.0,0.0,0.0,1.0,0.0,17,5,11,41.7032723157,-87.5245873866,POINT (-87.524587386649 41.703272315652)
910e24bc6c6e81f9ce4cb485409e477eadbfa5fb75a28896beaabc298c0c43ce0b5cc0042c932677df9cac42423f49d9564e4119ddd1270b2013c8c00e3400b7,,12/03/2024 06:10:00 PM,25,NO CONTROLS,NO CONTROLS,CLEAR,"DARKNESS, LIGHTED ROAD",PARKED MOTOR VEHICLE,ONE-WAY,,STRAIGHT AND LEVEL,DRY,NO DEFECTS,NOT ON SCENE (DESK REPORT),NO INJURY / DRIVE AWAY,,,Y,$500 OR LESS,12/03/2024 09:05:00 PM,UNABLE TO DETERMINE,UNABLE TO DETERMINE,6434,N,FRANCISCO AVE,2412.0,,,,,,,2,NO INDICATION OF INJURY,0.0,0.0,0.0,0.0,0.0,1.0,0.0,18,3,12,41.9985689837,-87.7022614382,POINT (-87.702261438171 41.998568983655)
88020ce26a125b875702e478e19f776319ca909c7396d6fc812a136384897adfb0b2c121ee05b4bc8b99c9e72117a55ac4fc52ff1fd202afce11cef786ea6e9c,,08/01/2018 04:10:00 PM,25,STOP SIGN/FLASHER,FUNCTIONING PROPERLY,CLEAR,DAYLIGHT,ANGLE,DIVIDED - W/MEDIAN (NOT RAISED),4,STRAIGHT AND LEVEL,DRY,NO DEFECTS,ON SCENE,INJURY AND / OR TOW DUE TO CRASH,Y,,,"OVER $1,500",08/01/2018 04:12:00 PM,FAILING TO YIELD RIGHT-OF-WAY,UNABLE TO DETERMINE,2106,S,INDIANA AVE,132.0,,,,,,,4,"REPORTED, NOT EVIDENT",3.0,0.0,0.0,0.0,3.0,1.0,0.0,16,4,8,41.8540524146,-87.622394298,POINT (-87.622394297958 41.854052414637)
293e0ca3ff44a9e5d93e50ae85b6880c44a6134f5f5a61e7b9c807f10d3f528b76e81dfbac4fed42648fda7bc9e861f8d27117b3246bf16599eac9ed49235bd9,,12/14/2019 06:30:00 AM,30,NO CONTROLS,NO CONTROLS,CLEAR,"DARKNESS, LIGHTED ROAD",PARKED MOTOR VEHICLE,NOT DIVIDED,,STRAIGHT AND LEVEL,DRY,NO DEFECTS,ON SCENE,INJURY AND / OR TOW DUE TO CRASH,,,Y,"OVER $1,500",12/14/2019 10:15:00 AM,EQUIPMENT - VEHICLE CONDITION,NOT APPLICABLE,4630,W,LAWRENCE AVE,1712.0,,,,,,,2,NO INDICATION OF INJURY,0.0,0.0,0.0,0.0,0.0,1.0,0.0,6,7,12,41.9681775448,-87.7442078691,POINT (-87.744207869075 41.968177544752)
04b441a86b962ad2316fae20b40ddb058c906b8af959d62422ae42a257bc67823e4f97615340a27519d236d5e2547283907296a6a17b395264241775d09877d8,,08/26/2024 08:00:00 AM,30,NO CONTROLS,NO CONTROLS,CLEAR,DAYLIGHT,TURNING,NOT DIVIDED,,STRAIGHT AND LEVEL,DRY,NO DEFECTS,ON SCENE,INJURY AND / OR TOW DUE TO CRASH,,,,"OVER $1,500",08/26/2024 08:05:00 AM,IMPROPER LANE USAGE,NOT APPLICABLE,500,W,ROOSEVELT RD,124.0,,,,,,,2,NO INDICATION OF INJURY,0.0,0.0,0.0,0.0,0.0,3.0,0.0,8,2,8,41.8673626926,-87.6392931946,POINT (-87.639293194642 41.867362692617)
7fd5fd3faf561f78dfb23ee00742ad033dba23181509abc196a147c499b4ff9e6bfa4e944420258041b3d006437fd8dd8fdb047cce5bd6fc8f7f9a34d91dcc1f,,10/25/2025 05:50:00 PM,30,UNKNOWN,UNKNOWN,CLEAR,"DARKNESS, LIGHTED ROAD",SIDESWIPE SAME DIRECTION,ONE-WAY,,STRAIGHT AND LEVEL,UNKNOWN,UNKNOWN,NOT ON SCENE (DESK REPORT),NO INJURY / DRIVE AWAY,,,,"$501 - $1,500",10/25/2025 06:30:00 PM,UNABLE TO DETERMINE,UNABLE TO DETERMINE,224,W,OHIO ST,1831.0,,,,,,,2,NO INDICATION OF INJURY,0.0,0.0,0.0,0.0,0.0,2.0,0.0,17,7,10,41.8924841635,-87.6351846948,POINT (-87.635184694781 41.892484163488)
5d56cc557a347aa6dc3b4f9f9431090f89c938301bc6112ab02d08f696625de395287ad91c429f44c8dd7a6e1eaa62f5d5a4c1a9178bd93defd6f247af5b48df,,09/14/2022 05:48:00 PM,30,STOP SIGN/FLASHER,FUNCTIONING PROPERLY,CLEAR,DAYLIGHT,ANGLE,FOUR WAY,,STRAIGHT AND LEVEL,DRY,NO DEFECTS,ON SCENE,INJURY AND / OR TOW DUE TO CRASH,Y,,,"OVER $1,500",09/14/2022 05:48:00 PM,DISREGARDING STOP SIGN,NOT APPLICABLE,5933,S,HAMLIN AVE,822.0,,,,,,,2,NONINCAPACITATING INJURY,2.0,0.0,0.0,2.0,0.0,3.0,0.0,17,4,9,41.7850604089,-87.7178836455,POINT (-87.717883645514 41.785060408907)
24c35426474736d6a68f22e27aebf953601dbf6876b571c255f765605fc965b2f3ca3628fabec1d65c6f9faf2d66aaea04c455e263f20815066af34979ee343d,,07/31/2017 09:00:00 AM,30,NO CONTROLS,NO CONTROLS,CLEAR,UNKNOWN,PARKED MOTOR VEHICLE,ONE-WAY,1,STRAIGHT AND LEVEL,DRY,NO DEFECTS,ON SCENE,NO INJURY / DRIVE AWAY,,,Y,"OVER $1,500",08/01/2017 12:30:00 PM,UNABLE TO DETERMINE,DRIVING SKILLS/KNOWLEDGE/EXPERIENCE,1803,N,LEAVITT ST,1434.0,,,,,,,2,NO INDICATION OF INJURY,0.0,0.0,0.0,0.0,0.0,1.0,0.0,9,2,7,41.914200492,-87.682288726,POINT (-87.682288726043 41.914200491972)
40a4c6e26619f72d3ea536fdc6232fc929f3d7ace818c45af5440b019c58c125b0ed8de6906e0afc85609d0531e207a2019cafe4e8902aa5666aef551691e1ed,,01/28/2019 07:00:00 PM,30,NO CONTROLS,NO CONTROLS,SNOW,DARKNESS,REAR END,ONE-WAY,3,STRAIGHT AND LEVEL,SNOW OR SLUSH,NO DEFECTS,NOT ON SCENE (DESK REPORT),NO INJURY / DRIVE AWAY,,,,"OVER $1,500",01/28/2019 07:25:00 PM,UNABLE TO DETERMINE,UNABLE TO DETERMINE,350,N,WELLS ST,1831.0,,,,,,,2,NO INDICATION OF INJURY,0.0,0.0,0.0,0.0,0.0,2.0,0.0,19,2,1,41.8887793343,-87.6341351638,POINT (-87.634135163818 41.888779334332)
d7c6960c855c5b5e6fe9211fa2951047a04d659819bf27db4187af901b35fdd4ef0a5024ebafb9ef4ef6bf2c72a031369726cb5b58f35de306e626c26c7e953b,,03/26/2017 09:40:00 PM,30,NO CONTROLS,NO CONTROLS,CLEAR,"DARKNESS, LIGHTED ROAD",PARKED MOTOR VEHICLE,NOT DIVIDED,2,STRAIGHT AND LEVEL,DRY,NO DEFECTS,NOT ON SCENE (DESK REPORT),NO INJURY / DRIVE AWAY,,,Y,"OVER $1,500",03/26/2017 10:14:00 PM,UNABLE TO DETERMINE,NOT APPLICABLE,1142,W,110TH PL,2234.0,,,,,,,2,NO INDICATION OF INJURY,0.0,0.0,0.0,0.0,0.0,1.0,0.0,21,1,3,41.6932682586,-87.6514729068,POINT (-87.651472906764 41.693268258608)
503d4dd13672c48ab1b53b15b6c07cc1cc0e3eea49f8143a8d3cef603a8d33eb179427f3734577bba9d3959540b33848f69562668e67d5db661a7b84062a8015,,03/20/2024 07:50:00 PM,30,TRAFFIC SIGNAL,FUNCTIONING PROPERLY,CLEAR,"DARKNESS, LIGHTED ROAD",REAR END,NOT DIVIDED,,STRAIGHT AND LEVEL,DRY,NO DEFECTS,ON SCENE,NO INJURY / DRIVE AWAY,,,,"OVER $1,500",03/20/2024 07:55:00 PM,UNABLE TO DETERMINE,NOT APPLICABLE,2315,W,OGDEN AVE,1233.0,,Y,,,,,2,NO INDICATION OF INJURY,0.0,0.0,0.0,0.0,0.0,2.0,0.0,19,4,3,41.8661911527,-87.6840609635,POINT (-87.684060963465 41.866191152721)
3afe45962eeb034abdeb9e4507b5b340231d3919aa4e3c68f536a87d673f451b9288d82d55138236e141b0ab67ca58380703c05b7a8d5652e42738858aa2faff,Y,09/20/2024 11:00:00 AM,10,NO CONTROLS,NO CONTROLS,CLEAR,DAYLIGHT,PARKED MOTOR VEHICLE,PARKING LOT,,STRAIGHT AND LEVEL,DRY,OTHER,NOT ON SCENE (DESK REPORT),NO INJURY / DRIVE AWAY,,,,"$501 - $1,500",09/20/2024 12:30:00 PM,UNABLE TO DETERMINE,UNABLE TO DETERMINE,3241,W,PETERSON AVE,1711.0,,,,,,,2,NO INDICATION OF INJURY,0.0,0.0,0.0,0.0,0.0,1.0,0.0,11,6,9,41.9902548481,-87.7107632435,POINT (-87.710763243534 41.990254848132)
f4ba30a1b48185c57854fba9750d0ff2c735374abff03fdf90ca961d684c81c7d852b5cc8757417a7bd9ef16d65461ea64dbcb48227f923d32599893d45efca8,,01/07/2019 12:30:00 PM,30,NO CONTROLS,NO CONTROLS,RAIN,DAYLIGHT,PARKED MOTOR VEHICLE,ONE-WAY,2,STRAIGHT AND LEVEL,WET,NO DEFECTS,NOT ON SCENE (DESK REPORT),NO INJURY / DRIVE AWAY,,,,$500 OR LESS,01/07/2019 01:16:00 PM,IMPROPER BACKING,NOT APPLICABLE,203,W,MONROE ST,122.0,,,,,,,2,NO INDICATION OF INJURY,0.0,0.0,0.0,0.0,0.0,1.0,0.0,12,2,1,41.8805486829,-87.633925047,POINT (-87.633925046989 41.880548682875)
74076488146caabac0d29843519154091b0afbc0ff2ccb63371ea0ed4c893f0f8b5472fe630119d8a7bcaaaeba06bda939fe45ad01e299f0029ac1733ae0c0d8,,09/20/2023 06:45:00 PM,30,UNKNOWN,UNKNOWN,UNKNOWN,UNKNOWN,SIDESWIPE SAME DIRECTION,UNKNOWN,,STRAIGHT AND LEVEL,UNKNOWN,UNKNOWN,NOT ON SCENE (DESK REPORT),NO INJURY / DRIVE AWAY,,,Y,"OVER $1,500",09/22/2023 07:00:00 PM,UNABLE TO DETERMINE,NOT APPLICABLE,1599,S,LAKE SHORE DR NB,132.0,,,,,,,2,NO INDICATION OF INJURY,0.0,0.0,0.0,0.0,0.0,2.0,0.0,18,4,9,41.8604499335,-87.6174881929,POINT (-87.617488192921 41.860449933483)
3049cc0d7f798478673db1e03fa77d6a1f6504144dcde5f4ce10f3b66a9e174701282d3cc91c171dad5116724934436aefbf180770e7094bbe9df52c39d7c8ed,,07/06/2017 04:00:00 PM,30,STOP SIGN/FLASHER,NO CONTROLS,CLEAR,DAYLIGHT,REAR END,NOT DIVIDED,2,STRAIGHT AND LEVEL,DRY,NO DEFECTS,NOT ON SCENE (DESK REPORT),NO INJURY / DRIVE AWAY,,,,"OVER $1,500",07/07/2017 02:00:00 PM,UNABLE TO DETERMINE,NOT APPLICABLE,6700,S,DAMEN AVE,726.0,,,,,,,2,NO INDICATION OF INJURY,0.0,0.0,0.0,0.0,0.0,2.0,0.0,16,5,7,41.7720309151,-87.6738595381,POINT (-87.673859538093 41.772030915088)
90b842b6b27a8c3421cb8d281ed9101b083cf40d7049912685546f73b65039c5fb6ea8a48487e92efd2ccecdda1c5e59ef853ac28145472c66a8d9dc0560de5d,,09/14/2022 06:20:00 PM,20,NO CONTROLS,NO CONTROLS,CLEAR,"DARKNESS, LIGHTED ROAD",SIDESWIPE SAME DIRECTION,UNKNOWN,,STRAIGHT AND LEVEL,DRY,NO DEFECTS,NOT ON SCENE (DESK REPORT),NO INJURY / DRIVE AWAY,,,,"OVER $1,500",09/15/2022 12:20:00 AM,UNABLE TO DETERMINE,NOT APPLICABLE,813,W,WAYMAN ST,1214.0,,,,,,,2,NO INDICATION OF INJURY,0.0,0.0,0.0,0.0,0.0,2.0,0.0,18,4,9,41.8872757672,-87.6481010793,POINT (-87.648101079307 41.887275767214)