CRASH_RECORD_ID,CRASH_DATE_EST_I,CRASH_DATE,POSTED_SPEED_LIMIT,TRAFFIC_CONTROL_DEVICE,DEVICE_CONDITION,WEATHER_CONDITION,LIGHTING_CONDITION,FIRST_CRASH_TYPE,TRAFFICWAY_TYPE,LANE_CNT,ALIGNMENT,ROADWAY_SURFACE_COND,ROAD_DEFECT,REPORT_TYPE,CRASH_TYPE,INTERSECTION_RELATED_I,NOT_RIGHT_OF_WAY_I,HIT_AND_RUN_I,DAMAGE,DATE_POLICE_NOTIFIED,PRIM_CONTRIBUTORY_CAUSE,SEC_CONTRIBUTORY_CAUSE,STREET_NO,STREET_DIRECTION,STREET_NAME,BEAT_OF_OCCURRENCE,PHOTOS_TAKEN_I,STATEMENTS_TAKEN_I,DOORING_I,WORK_ZONE_I,WORK_ZONE_TYPE,WORKERS_PRESENT_I,NUM_UNITS,MOST_SEVERE_INJURY,INJURIES_TOTAL,INJURIES_FATAL,INJURIES_INCAPACITATING,INJURIES_NON_INCAPACITATING,INJURIES_REPORTED_NOT_EVIDENT,INJURIES_NO_INDICATION,INJURIES_UNKNOWN,CRASH_HOUR,CRASH_DAY_OF_WEEK,CRASH_MONTH,LATITUDE,LONGITUDE,LOCATION
dc669d8d98a34d381b0bc77f85999ce6df6b50b7cb18c2a6bde605b8db9e335769773d75c6824ab11d721b944bd94e42076dd3884aeb97b75f0c7c2a964cb929,,11/21/2018 12:30:00 PM,30,TRAFFIC SIGNAL,FUNCTIONING PROPERLY,CLEAR,DAYLIGHT,TURNING,NOT DIVIDED,2,STRAIGHT AND LEVEL,DRY,NO DEFECTS,ON SCENE,NO INJURY / DRIVE AWAY,Y,,,"$501 - $1,500",11/21/2018 01:30:00 PM,IMPROPER TURNING/NO SIGNAL,NOT APPLICABLE,4358,W,16TH ST,1012.0,,,,,,,2,NO INDICATION OF INJURY,0.0,0.0,0.0,0.0,0.0,2.0,0.0,12,4,11,41.8588404944,-87.7346755942,POINT (-87.734675594241 41.858840494363)
04e50958f5ade90b6d35c5201f41a56ae63bbb9633eec454169124d0cfccc77b26743427a6754a8abf5397bb20b1bdc13862fc268e3db2779bb42951bfb080c6,,09/07/2018 05:25:00 PM,30,NO CONTROLS,NO CONTROLS,CLEAR,DAYLIGHT,SIDESWIPE SAME DIRECTION,DIVIDED - W/MEDIAN (NOT RAISED),4,STRAIGHT AND LEVEL,UNKNOWN,UNKNOWN,NOT ON SCENE (DESK REPORT),NO INJURY / DRIVE AWAY,,,,"OVER $1,500",09/07/2018 06:54:00 PM,FAILING TO YIELD RIGHT-OF-WAY,DRIVING SKILLS/KNOWLEDGE/EXPERIENCE,4529,N,KIMBALL AVE,1724.0,,,,,,,2,NO INDICATION OF INJURY,0.0,0.0,0.0,0.0,0.0,2.0,0.0,17,6,9,41.9638341964,-87.7130767876,POINT (-87.713076787555 41.963834196401)
4e4e9538727fc36289dadb30dc5ef6036209e7a95e3c1fd2a8ff1dbb7afb74b98d66dd8138e36ef2684114f0620182fb72220d978350c6504383121a009781a8,,10/23/2025 03:45:00 PM,30,NO CONTROLS,NO CONTROLS,CLEAR,DAYLIGHT,SIDESWIPE SAME DIRECTION,ONE-WAY,,STRAIGHT AND LEVEL,DRY,NO DEFECTS,NOT ON SCENE (DESK REPORT),NO INJURY / DRIVE AWAY,,,,"$501 - $1,500",10/23/2025 07:00:00 PM,UNABLE TO DETERMINE,UNABLE TO DETERMINE,8456,S,LAFAYETTE AVE,622.0,,,,,,,3,NO INDICATION OF INJURY,0.0,0.0,0.0,0.0,0.0,4.0,0.0,15,5,10,41.7401097707,-87.6256857609,POINT (-87.625685760885 41.740109770744)
83dfbc808ff419b4bbba0c58f65be2b9238779119bb2b390207a3bf9bced242dff1aa2a1eabd8f0d99e865b5de0db744007a5f8fc7a102b2f98cf9f451ce0296,Y,04/17/2020 08:34:00 PM,30,TRAFFIC SIGNAL,FUNCTIONING PROPERLY,CLEAR,"DARKNESS, LIGHTED ROAD",REAR END,NOT DIVIDED,,STRAIGHT AND LEVEL,DRY,NO DEFECTS,ON SCENE,NO INJURY / DRIVE AWAY,,,,"$501 - $1,500",04/17/2020 08:36:00 PM,FOLLOWING TOO CLOSELY,NOT APPLICABLE,5600,W,IRVING PARK RD,1624.0,,,,,,,2,NO INDICATION OF INJURY,0.0,0.0,0.0,0.0,0.0,3.0,0.0,20,6,4,41.9532928473,-87.7670657078,POINT (-87.767065707753 41.953292847298)
830324540724c0e62598d90990119d04cb62b78da6cf8897e20d18683634d0a94d43ec4bbe962e2d2d64cf61adb3d82417331dca335c14a6f47e4bb329d7f579,,06/16/2021 12:50:00 PM,30,NO CONTROLS,NO CONTROLS,CLEAR,DAYLIGHT,PARKED MOTOR VEHICLE,NOT DIVIDED,,STRAIGHT AND LEVEL,DRY,UNKNOWN,NOT ON SCENE (DESK REPORT),NO INJURY / DRIVE AWAY,,,Y,"$501 - $1,500",06/16/2021 02:30:00 PM,UNABLE TO DETERMINE,UNABLE TO DETERMINE,4700,W,48TH ST,815.0,,,,,,,2,NO INDICATION OF INJURY,0.0,0.0,0.0,0.0,0.0,1.0,0.0,12,4,6,41.8059375983,-87.74072719,POINT (-87.740727189983 41.805937598276)
9069f119737b9ab7d4a59e968db1218a75bb629d8e3cbbad3b41ab9f19adec7297a9fb1dc7bfe492b19933f971b83d23c6847a9edf072073ea8639a2148d2e6f,,09/27/2023 08:30:00 AM,30,TRAFFIC SIGNAL,FUNCTIONING PROPERLY,RAIN,DAYLIGHT,SIDESWIPE SAME DIRECTION,FOUR WAY,,STRAIGHT AND LEVEL,WET,NO DEFECTS,NOT ON SCENE (DESK REPORT),NO INJURY / DRIVE AWAY,Y,,Y,"$501 - $1,500",09/27/2023 09:20:00 AM,IMPROPER LANE USAGE,FAILING TO YIELD RIGHT-OF-WAY,800,N,WESTERN AVE,1212.0,,,,,,,2,NO INDICATION OF INJURY,0.0,0.0,0.0,0.0,0.0,4.0,0.0,8,4,9,41.8957869549,-87.6869905861,POINT (-87.686990586112 41.895786954854)
dbbd6d2295807e826e860c471c29b2cde48ac8946e0adc64951b3a1f1ab66c6f6baf5ab19f57f0774ebec7973bf79e6336ee813482cc88003b5b3deaef8d38aa,,10/31/2024 09:02:00 AM,30,NO CONTROLS,NO CONTROLS,CLEAR,DAYLIGHT,PARKED MOTOR VEHICLE,NOT DIVIDED,,STRAIGHT AND LEVEL,DRY,NO DEFECTS,ON SCENE,NO INJURY / DRIVE AWAY,,,,"$501 - $1,500",10/31/2024 09:50:00 AM,DRIVING SKILLS/KNOWLEDGE/EXPERIENCE,UNABLE TO DETERMINE,1954,W,SUNNYSIDE AVE,1912.0,,,,,,,2,NO INDICATION OF INJURY,0.0,0.0,0.0,0.0,0.0,1.0,0.0,9,5,10,41.9633947983,-87.6782430074,POINT (-87.678243007441 41.96339479828)
63c875f0e80ae052df6eff14b26bc8cfd66074f8e395178a69fcca4410fcc1d049f68164788ba58af6469cb70f1c0a5cec2187cfe376d49251142de29bf8f44e,,04/26/2017 01:00:00 PM,30,NO CONTROLS,NO CONTROLS,CLEAR,DAYLIGHT,PARKED MOTOR VEHICLE,ONE-WAY,1,STRAIGHT AND LEVEL,DRY,NO DEFECTS,,NO INJURY / DRIVE AWAY,,,Y,"OVER $1,500",04/26/2017 01:30:00 PM,UNABLE TO DETERMINE,UNABLE TO DETERMINE,5902,S,ADA ST,713.0,,,,,,,2,NO INDICATION OF INJURY,0.0,0.0,0.0,0.0,0.0,1.0,0.0,13,4,4,41.78668323,-87.6584696894,POINT (-87.658469689411 41.786683230005)
8b80e206e05559c2306c8c30c7de3289de81beb01a836f6e781abb9839a51af83b0fa61f5f96808cfaf6f7d9dd8643530f2aa0c60b05a84e0477addd7b846dcc,,12/26/2019 04:40:00 PM,30,TRAFFIC SIGNAL,FUNCTIONING PROPERLY,CLEAR,"DARKNESS, LIGHTED ROAD",REAR END,DIVIDED - W/MEDIAN BARRIER,,STRAIGHT AND LEVEL,DRY,NO DEFECTS,ON SCENE,NO INJURY / DRIVE AWAY,Y,,,"$501 - $1,500",12/26/2019 04:44:00 PM,FOLLOWING TOO CLOSELY,UNABLE TO DETERMINE,4958,S,ASHLAND AVE,931.0,,,,,,,2,NO INDICATION OF INJURY,0.0,0.0,0.0,0.0,0.0,3.0,0.0,16,5,12,41.8032186639,-87.6649737981,POINT (-87.664973798142 41.803218663925)
ab040cf9b0e398ae36eff59434117581f743234f5569d3f77a79f97be2e4eb3e2b3d69326a2a7ce4898f4cc987958bbf5e58f9e3f13bfff92d3b82857b7d4c45,,10/26/2023 03:10:00 PM,30,STOP SIGN/FLASHER,FUNCTIONING PROPERLY,RAIN,DAYLIGHT,TURNING,FOUR WAY,,STRAIGHT AND LEVEL,WET,NO DEFECTS,ON SCENE,INJURY AND / OR TOW DUE TO CRASH,Y,,,"OVER $1,500",10/26/2023 03:45:00 PM,FAILING TO YIELD RIGHT-OF-WAY,WEATHER,7294,W,DEVON AVE,1612.0,,,,,,,2,NO INDICATION OF INJURY,0.0,0.0,0.0,0.0,0.0,2.0,0.0,15,5,10,41.9972376807,-87.8102954495,POINT (-87.81029544953 41.997237680701)
84d7cdf6096cef59148653577051e0c0b53297fde118f92f299bb03dc0f4d32bbf2dca8a8f6e12693ecdf59eb2006b806fa99167fa9967b6b956d137b74cb205,,04/30/2021 10:26:00 AM,30,UNKNOWN,UNKNOWN,CLEAR,DAYLIGHT,SIDESWIPE SAME DIRECTION,NOT DIVIDED,,STRAIGHT AND LEVEL,DRY,UNKNOWN,ON SCENE,NO INJURY / DRIVE AWAY,,,,"OVER $1,500",04/30/2021 10:27:00 AM,NOT APPLICABLE,NOT APPLICABLE,6450,S,COTTAGE GROVE AVE,312.0,,,,,,,2,NO INDICATION OF INJURY,0.0,0.0,0.0,0.0,0.0,2.0,0.0,10,6,4,41.7770923949,-87.6060037796,POINT (-87.606003779569 41.777092394889)
3cff6c45c146689edc4abf577a69a5320de8e35d236b6975c57e3fc1bcf78dd38e18aa4166c275d9c4aa45946bdc97e240264affd6c06a64d8e058b5feffab56,,12/16/2021 09:00:00 AM,30,TRAFFIC SIGNAL,FUNCTIONING PROPERLY,CLEAR,DAYLIGHT,TURNING,UNKNOWN INTERSECTION TYPE,,STRAIGHT AND LEVEL,DRY,NO DEFECTS,NOT ON SCENE (DESK REPORT),INJURY AND / OR TOW DUE TO CRASH,,,,"OVER $1,500",12/16/2021 09:30:00 AM,FAILING TO YIELD RIGHT-OF-WAY,FAILING TO YIELD RIGHT-OF-WAY,6359,N,NAGLE AVE,1611.0,,,,,,,2,"REPORTED, NOT EVIDENT",1.0,0.0,0.0,0.0,1.0,1.0,0.0,9,5,12,41.9973324988,-87.7872962929,POINT (-87.78729629288 41.99733249881)
e4c8fbe8b71906e96b2bd0d2424f1c402ac9b9ea9e6f06c7c795877ee6f341f399f0bacdda808d911fe8b0ee7db47f708ea0d8f72213b3a0d1fba13829c8617e,,11/13/2020 12:01:00 AM,3,NO CONTROLS,NO CONTROLS,RAIN,"DARKNESS, LIGHTED ROAD",FIXED OBJECT,DIVIDED - W/MEDIAN BARRIER,,STRAIGHT ON GRADE,OTHER,OTHER,ON SCENE,INJURY AND / OR TOW DUE TO CRASH,,,Y,"OVER $1,500",11/13/2020 12:07:00 AM,NOT APPLICABLE,NOT APPLICABLE,8900,S,ASHLAND AVE,2221.0,,,,,,,1,NO INDICATION OF INJURY,0.0,0.0,0.0,0.0,0.0,1.0,0.0,0,6,11,41.7319202425,-87.6630989437,POINT (-87.663098943748 41.731920242528)
46a10875e58843e72bd547bc9ad3335a5b96cd493698d460f458d3a5c4dc22dc72cd22eda43fabbfeef13b2f5c9b68a5cbf07015f03970500bea0e6204e6046e,Y,05/25/2023 10:10:00 PM,30,NO CONTROLS,NO CONTROLS,CLEAR,DARKNESS,PARKED MOTOR VEHICLE,PARKING LOT,,STRAIGHT AND LEVEL,UNKNOWN,UNKNOWN,NOT ON SCENE (DESK REPORT),NO INJURY / DRIVE AWAY,,,Y,"OVER $1,500",05/25/2023 11:15:00 PM,DRIVING SKILLS/KNOWLEDGE/EXPERIENCE,NOT APPLICABLE,5112,S,WESTERN AVE,923.0,,,,,,,2,NO INDICATION OF INJURY,0.0,0.0,0.0,0.0,0.0,1.0,0.0,22,5,5,41.8007164655,-87.6843590048,POINT (-87.684359004798 41.800716465503)
8dbe724afa2462c20ddde425ff5c1e1c8e0b85e87ccc63b82f1d4da38ff4db674d1ccf7d0e275e27054f3feccd7c127c338b165cf480feaf4db0f5e42bbac9cf,Y,05/31/2020 04:20:00 AM,30,NO CONTROLS,NO CONTROLS,CLEAR,"DARKNESS, LIGHTED ROAD",REAR END,FOUR WAY,,STRAIGHT AND LEVEL,DRY,UNKNOWN,ON SCENE,INJURY AND / OR TOW DUE TO CRASH,Y,,,"OVER $1,500",05/31/2020 04:24:00 AM,UNABLE TO DETERMINE,UNABLE TO DETERMINE,298,E,47TH ST,215.0,,,,,,,2,NO INDICATION OF INJURY,0.0,0.0,0.0,0.0,0.0,10.0,0.0,4,1,5,41.8094443387,-87.6196770593,POINT (-87.619677059338 41.80944433866)
58d9c0ac350544d9302dd505dc67e3f4617a60bae232ecc1b965faf7fb0c9ae1136bd494dff62ace4d2d863ca3a06f16371893c3e4318289ef5a1a3d6f40dad8,,08/07/2024 07:47:00 AM,30,NO CONTROLS,NO CONTROLS,CLEAR,DAYLIGHT,PEDESTRIAN,NOT DIVIDED,,STRAIGHT AND LEVEL,DRY,NO DEFECTS,ON SCENE,INJURY AND / OR TOW DUE TO CRASH,,,,"OVER $1,500",08/07/2024 07:50:00 AM,FAILING TO REDUCE SPEED TO AVOID CRASH,UNABLE TO DETERMINE,3134,S,PULASKI RD,1031.0,,,,,,,2,NONINCAPACITATING INJURY,1.0,0.0,0.0,1.0,0.0,1.0,0.0,7,4,8,41.8358297963,-87.7244726742,POINT (-87.724472674238 41.835829796264)
7a7b366b6dfb6badfbc7b0b6b8f7d5c5d707b32a85d7af6594fe745058cc6e03a523adb916916b08d8c2976f54708801a7abc63623d3a445f573fc8e0cfec59c,,08/14/2024 06:05:00 PM,30,TRAFFIC SIGNAL,FUNCTIONING PROPERLY,CLEAR,DAYLIGHT,ANGLE,FOUR WAY,,STRAIGHT AND LEVEL,DRY,NO DEFECTS,ON SCENE,NO INJURY / DRIVE AWAY,Y,,Y,"OVER $1,500",08/14/2024 06:17:00 PM,FAILING TO YIELD RIGHT-OF-WAY,NOT APPLICABLE,301,S,CENTRAL AVE,1522.0,,,,,,,2,NO INDICATION OF INJURY,0.0,0.0,0.0,0.0,0.0,3.0,0.0,18,4,8,41.8764962958,-87.7645764728,POINT (-87.764576472777 41.876496295825)
6635d58592785fd1127af70dd20b539127fcf8636bd2a4e28ad552691773748f6dcf354642694e825cb5cbd58337a24fe77c342e20737344a440655863b59e9c,,01/31/2021 01:00:00 PM,30,TRAFFIC SIGNAL,FUNCTIONING PROPERLY,SNOW,DAYLIGHT,REAR END,DIVIDED - W/MEDIAN (NOT RAISED),,STRAIGHT AND LEVEL,SNOW OR SLUSH,NO DEFECTS,NOT ON SCENE (DESK REPORT),NO INJURY / DRIVE AWAY,,,,"OVER $1,500",01/31/2021 01:15:00 PM,FOLLOWING TOO CLOSELY,WEATHER,103,N,LARAMIE AVE,1532.0,N,,,,,,2,NO INDICATION OF INJURY,0.0,0.0,0.0,0.0,0.0,2.0,0.0,13,1,1,41.882495058,-87.7549973119,POINT (-87.754997311944 41.882495057987)
f738e997de98a1fc8a78442edbaeeca8a5d81f41d05018e69ee15080576040ed64f1acad21e56ab43a9976ade0f2eebe5063726a5be74d280750991a36d5299c,,06/04/2018 05:00:00 PM,5,NO CONTROLS,NO CONTROLS,CLEAR,DAYLIGHT,PARKED MOTOR VEHICLE,OTHER,,STRAIGHT AND LEVEL,DRY,NO DEFECTS,NOT ON SCENE (DESK REPORT),NO INJURY / DRIVE AWAY,,,,"$501 - $1,500",06/05/2018 11:52:00 AM,UNABLE TO DETERMINE,UNABLE TO DETERMINE,8258,S,DR MARTIN LUTHER KING JR DR,631.0,,,,,,,2,NO INDICATION OF INJURY,0.0,0.0,0.0,0.0,0.0,1.0,0.0,17,2,6,41.7438929587,-87.6149039828,POINT (-87.614903982803 41.743892958693)
11eefbb5931f0cc80028e306ccb85a43eda5c56266669b4e8621955adaafb71a6ff93fec6108d4e12138ea7d1d560d9312bb34326e78ee98ea297625b22026a7,,02/08/2022 02:45:00 PM,30,TRAFFIC SIGNAL,UNKNOWN,CLEAR,DAYLIGHT,TURNING,FOUR WAY,,STRAIGHT AND LEVEL,UNKNOWN,UNKNOWN,NOT ON SCENE (DESK REPORT),NO INJURY / DRIVE AWAY,,,Y,"OVER $1,500",02/08/2022 03:40:00 PM,UNABLE TO DETERMINE,UNABLE TO DETERMINE,4401,W,OGDEN AVE,1013.0,,,,,,,2,NO INDICATION OF INJURY,0.0,0.0,0.0,0.0,0.0,2.0,0.0,14,3,2,41.8475777077,-87.7343843448,POINT (-87.734384344751 41.847577707741)
94d42f0f0d5ab36e69cdda20b821bcd20c31cd55f656cc7e1ba6296eed5fab3b69be365eaabed7fb54cf2fef0d00bc0d513d3640f8eb8a6c1ca19b0702d2e8e1,,11/08/2015 03:59:00 PM,30,TRAFFIC SIGNAL,FUNCTIONING PROPERLY,CLEAR,DAYLIGHT,OTHER OBJECT,ONE-WAY,3,STRAIGHT AND LEVEL,DRY,NO DEFECTS,NOT ON SCENE (DESK REPORT),NO INJURY / DRIVE AWAY,,,Y,"OVER $1,500",11/08/2015 05:00:00 PM,FOLLOWING TOO CLOSELY,UNABLE TO DETERMINE,5500,S,MORGAN ST,712.0,,,,,,,2,NO INDICATION OF INJURY,0.0,0.0,0.0,0.0,0.0,2.0,0.0,15,1,11,41.7937956466,-87.6501544658,POINT (-87.650154465819 41.793795646576)
b282140ab58dc92331a9f22d44878a0e10823f6942e2183743ae859229feb307297366a4c691a2edf54c88269b3344fbdca0128a8aef06bc2c1ce53819035676,,09/12/2022 10:20:00 AM,30,TRAFFIC SIGNAL,FUNCTIONING PROPERLY,CLOUDY/OVERCAST,DAYLIGHT,TURNING,NOT DIVIDED,,STRAIGHT AND LEVEL,UNKNOWN,UNKNOWN,ON SCENE,INJURY AND / OR TOW DUE TO CRASH,Y,,Y,"OVER $1,500",09/12/2022 10:23:00 AM,IMPROPER TURNING/NO SIGNAL,NOT APPLICABLE,7600,N,SHERIDAN RD,2422.0,,,,,,,2,NO INDICATION OF INJURY,0.0,0.0,0.0,0.0,0.0,3.0,0.0,10,2,9,42.0192762315,-87.6661973884,POINT (-87.666197388437 42.019276231472)
2c7a8afaaf857f654c093aa7f41dcf4d61fc7eab07380443572298e0135a1afad3566a5159bc136fe19f6d2159f5b441f0ece88b475bd1346c625bb16f75b948,,11/02/2022 03:29:00 PM,30,TRAFFIC SIGNAL,FUNCTIONING PROPERLY,CLEAR,DAYLIGHT,SIDESWIPE SAME DIRECTION,ONE-WAY,,STRAIGHT AND LEVEL,DRY,NO DEFECTS,ON SCENE,INJURY AND / OR TOW DUE TO CRASH,,,Y,"OVER $1,500",11/02/2022 03:30:00 PM,"OPERATING VEHICLE IN ERRATIC, RECKLESS, CARELESS, NEGLIGENT OR AGGRESSIVE MANNER",UNABLE TO DETERMINE,8698,S,LAFAYETTE AVE,622.0,,,,,,,2,NO INDICATION OF INJURY,0.0,0.0,0.0,0.0,0.0,5.0,0.0,15,4,11,41.7363599463,-87.6255930054,POINT (-87.625593005441 41.73635994631)
66da58f1c0bcd4012a0e0c71d2893511d688e0ddbe9c6dd2285410bd12dac3e5f049fc09308f26405f5f0bb68d34655870bd5785ba4cf7299db6a523e025ef6c,,03/22/2024 02:47:00 PM,30,YIELD,NO CONTROLS,CLOUDY/OVERCAST,DAYLIGHT,SIDESWIPE SAME DIRECTION,NOT DIVIDED,,STRAIGHT AND LEVEL,DRY,NO DEFECTS,ON SCENE,INJURY AND / OR TOW DUE TO CRASH,Y,,,"OVER $1,500",03/22/2024 02:47:00 PM,IMPROPER OVERTAKING/PASSING,DRIVING ON WRONG SIDE/WRONG WAY,110,W,69TH ST,722.0,,,,,,,2,NO INDICATION OF INJURY,0.0,0.0,0.0,0.0,0.0,5.0,0.0,14,6,3,41.7692152967,-87.627952893,POINT (-87.627952892997 41.769215296732)
311477e0cba279dc5f968aee1b4fbdb6f322cc0bd0c479bbac6f80b8843c7f40d170fd296e108175bbc00b2f8bbe85272b0acc440e4dba2c76b43f2b8848e6a6,,08/31/2022 12:30:00 PM,30,NO CONTROLS,NO CONTROLS,CLEAR,DAYLIGHT,PARKED MOTOR VEHICLE,NOT DIVIDED,,STRAIGHT AND LEVEL,DRY,NO DEFECTS,NOT ON SCENE (DESK REPORT),NO INJURY / DRIVE AWAY,N,,Y,"OVER $1,500",08/31/2022 08:15:00 PM,UNABLE TO DETERMINE,UNABLE TO DETERMINE,1733,N,HERMITAGE AVE,1433.0,Y,,,,,,2,NO INDICATION OF INJURY,0.0,0.0,0.0,0.0,0.0,1.0,0.0,12,4,8,41.9133470193,-87.6712770098,POINT (-87.671277009816 41.91334701932)
faa2b647328e45051735db40966dce2683768b169816e81273ace05aeacc3a356f3a04fb54438faad70aff0d32cc657fbb771764cb473088d4024904f0d1eec0,,07/13/2017 09:30:00 PM,30,TRAFFIC SIGNAL,FUNCTIONING PROPERLY,CLEAR,"DARKNESS, LIGHTED ROAD",REAR END,NOT DIVIDED,6,STRAIGHT AND LEVEL,DRY,NO DEFECTS,NOT ON SCENE (DESK REPORT),INJURY AND / OR TOW DUE TO CRASH,,,,"$501 - $1,500",07/13/2017 11:26:00 PM,FOLLOWING TOO CLOSELY,NOT APPLICABLE,7253,S,CICERO AVE,833.0,,,,,,,2,INCAPACITATING INJURY,1.0,0.0,1.0,0.0,0.0,1.0,0.0,21,5,7,41.7607315208,-87.7416417895,POINT (-87.741641789483 41.760731520779)
000384604d6ea5a1295800c524c4446c34d03167c2d1171f4445dcd00d36ac3a5f764e0d41b58479e2943e1d98e23aceabed999090811833a6bdae5d3bc2cf08,,01/09/2020 08:45:00 AM,30,NO CONTROLS,NO CONTROLS,CLEAR,DAYLIGHT,PARKED MOTOR VEHICLE,NOT DIVIDED,,STRAIGHT AND LEVEL,DRY,NO DEFECTS,NOT ON SCENE (DESK REPORT),NO INJURY / DRIVE AWAY,,,,"OVER $1,500",01/09/2020 09:00:00 AM,UNABLE TO DETERMINE,UNABLE TO DETERMINE,4601,W,WILSON AVE,1722.0,,,,,,,2,NO INDICATION OF INJURY,0.0,0.0,0.0,0.0,0.0,1.0,0.0,8,5,1,41.9643198672,-87.7427826767,POINT (-87.742782676684 41.964319867196)
e286e52592bd283e3e1717695900f310788311af2ece80574969b49d63902364e3469d0df630efb4f5ad2812469814843ea2cd4358f81dc0255a1c72e0c3b1f8,,08/18/2022 10:25:00 AM,30,NO CONTROLS,NO CONTROLS,CLEAR,DAYLIGHT,SIDESWIPE SAME DIRECTION,NOT DIVIDED,,STRAIGHT AND LEVEL,DRY,NO DEFECTS,NOT ON SCENE (DESK REPORT),NO INJURY / DRIVE AWAY,,,,"$501 - $1,500",08/18/2022 11:04:00 AM,UNABLE TO DETERMINE,UNABLE TO DETERMINE,1631,E,57TH DR,331.0,,,,,,,2,NO INDICATION OF INJURY,0.0,0.0,0.0,0.0,0.0,2.0,0.0,10,5,8,41.791560967,-87.5854522546,POINT (-87.585452254648 41.791560967032)
15783767be4668544f1f396995b7b21ea5d949cda86c5391d60a1a047f2bcce2ef23727975498a10a752015defd4eed9f1026842e8cbd35d1b4a8a721cfcc313,,10/12/2018 05:45:00 AM,30,NO CONTROLS,NO CONTROLS,CLEAR,DARKNESS,REAR END,NOT DIVIDED,,STRAIGHT AND LEVEL,WET,UNKNOWN,NOT ON SCENE (DESK REPORT),NO INJURY / DRIVE AWAY,,,,"$501 - $1,500",10/12/2018 05:00:00 PM,FOLLOWING TOO CLOSELY,UNABLE TO DETERMINE,12701,S,TORRENCE AVE,433.0,,,,,,,2,NO INDICATION OF INJURY,0.0,0.0,0.0,0.0,0.0,2.0,0.0,5,6,10,41.6645964894,-87.558721921,POINT (-87.558721921013 41.664596489364)
d441ea2c6dc63e9c8fabb0695a62aeecae4d2916ac367269897ff43bdd4bfe8e989e57d25a12d1663c119b58f79f69604e990645cdd2134e88b2d00161f54b25,,01/15/2020 06:30:00 AM,30,TRAFFIC SIGNAL,FUNCTIONING PROPERLY,CLEAR,DAYLIGHT,SIDESWIPE OPPOSITE DIRECTION,NOT DIVIDED,,STRAIGHT AND LEVEL,DRY,NO DEFECTS,ON SCENE,INJURY AND / OR TOW DUE TO CRASH,Y,,,"OVER $1,500",01/15/2020 06:30:00 AM,NOT APPLICABLE,NOT APPLICABLE,6800,W,NORTH AVE,2513.0,,,,,,,2,NO INDICATION OF INJURY,0.0,0.0,0.0,0.0,0.0,2.0,0.0,6,4,1,41.9091345709,-87.7949281308,POINT (-87.794928130785 41.909134570904)
d66906cd3d472e05bbb2030cd4b8e3a91a0fd46ed12ffa0338e3395e0d33e4de1dcb50e8f6dfd5c0a34529e97c9dc130abe15a58093d336ffdffb643245030a7,,02/17/2018 01:48:00 PM,30,NO CONTROLS,NO CONTROLS,SNOW,DAYLIGHT,PARKED MOTOR VEHICLE,NOT DIVIDED,,STRAIGHT AND LEVEL,SNOW OR SLUSH,NO DEFECTS,ON SCENE,NO INJURY / DRIVE AWAY,,,,"$501 - $1,500",02/17/2018 04:14:00 PM,UNABLE TO DETERMINE,UNABLE TO DETERMINE,2204,S,ROCKWELL ST,1034.0,,,,,,,2,NO INDICATION OF INJURY,0.0,0.0,0.0,0.0,0.0,1.0,0.0,13,7,2,41.8517830479,-87.69068321,POINT (-87.690683209989 41.851783047914)
0982f00b7b1d83dfd6d55e049954be2120b7e77e297e7d3c501a2fe18bf8807462c304c197cd8cba2120a1a3c2e61a8fdd31d9d3aab9aebc8f61b174c365365f,,09/11/2020 03:10:00 PM,30,UNKNOWN,UNKNOWN,UNKNOWN,UNKNOWN,PARKED MOTOR VEHICLE,DIVIDED - W/MEDIAN BARRIER,,STRAIGHT AND LEVEL,UNKNOWN,UNKNOWN,,NO INJURY / DRIVE AWAY,,,N,"OVER $1,500",09/11/2020 04:00:00 PM,UNABLE TO DETERMINE,UNABLE TO DETERMINE,10257,S,HALSTED ST,2232.0,,,,,,,3,NO INDICATION OF INJURY,0.0,0.0,0.0,0.0,0.0,1.0,0.0,15,6,9,41.7070672133,-87.6426922888,POINT (-87.642692288786 41.707067213299)
deac556c01009c325f1dd8ff241c34dc55342ddbfd96a899043ce215f288a3387ec40c0d9d22399db40d9d59606ab2a09636c12817b368bcd700bc8b8927649f,,06/28/2018 08:54:00 PM,30,NO CONTROLS,NO CONTROLS,CLEAR,DARKNESS,PARKED MOTOR VEHICLE,NOT DIVIDED,,STRAIGHT AND LEVEL,DRY,NO DEFECTS,ON SCENE,INJURY AND / OR TOW DUE TO CRASH,,,Y,"OVER $1,500",06/28/2018 08:55:00 PM,UNABLE TO DETERMINE,NOT APPLICABLE,5347,W,BELMONT AVE,2514.0,,,,,,,2,NO INDICATION OF INJURY,0.0,0.0,0.0,0.0,0.0,1.0,0.0,20,5,6,41.9385344966,-87.7610124768,POINT (-87.761012476802 41.938534496589)