CRASH_RECORD_ID,CRASH_DATE_EST_I,CRASH_DATE,POSTED_SPEED_LIMIT,TRAFFIC_CONTROL_DEVICE,DEVICE_CONDITION,WEATHER_CONDITION,LIGHTING_CONDITION,FIRST_CRASH_TYPE,TRAFFICWAY_TYPE,LANE_CNT,ALIGNMENT,ROADWAY_SURFACE_COND,ROAD_DEFECT,REPORT_TYPE,CRASH_TYPE,INTERSECTION_RELATED_I,NOT_RIGHT_OF_WAY_I,HIT_AND_RUN_I,DAMAGE,DATE_POLICE_NOTIFIED,PRIM_CONTRIBUTORY_CAUSE,SEC_CONTRIBUTORY_CAUSE,STREET_NO,STREET_DIRECTION,STREET_NAME,BEAT_OF_OCCURRENCE,PHOTOS_TAKEN_I,STATEMENTS_TAKEN_I,DOORING_I,WORK_ZONE_I,WORK_ZONE_TYPE,WORKERS_PRESENT_I,NUM_UNITS,MOST_SEVERE_INJURY,INJURIES_TOTAL,INJURIES_FATAL,INJURIES_INCAPACITATING,INJURIES_NON_INCAPACITATING,INJURIES_REPORTED_NOT_EVIDENT,INJURIES_NO_INDICATION,INJURIES_UNKNOWN,CRASH_HOUR,CRASH_DAY_OF_WEEK,CRASH_MONTH,LATITUDE,LONGITUDE,LOCATION
2443d011898da5575229db8daa875d9b4eba23744b356b8c243d31e672dbc445a15d8060d9f9bc792281a70f64f494db6160342f68b893c4cf65d9c15b002030,,10/31/2019 03:40:00 PM,30,TRAFFIC SIGNAL,FUNCTIONING PROPERLY,CLEAR,DAYLIGHT,SIDESWIPE SAME DIRECTION,FOUR WAY,,STRAIGHT AND LEVEL,WET,NO DEFECTS,NOT ON SCENE (DESK REPORT),NO INJURY / DRIVE AWAY,,,,"OVER $1,500",10/31/2019 05:00:00 PM,IMPROPER OVERTAKING/PASSING,FAILING TO REDUCE SPEED TO AVOID CRASH,2600,S,CALIFORNIA AVE,1033.0,,,,,,,2,NO INDICATION OF INJURY,0.0,0.0,0.0,0.0,0.0,2.0,0.0,15,5,10,41.8445843003,-87.6953598432,POINT (-87.695359843215 41.844584300311)
9afa4d94cbfdfafe687e18a1718bcfcc3ea50f80ed110ac984b19eee7dda19ce0c44ba5d5c39b9f15c2bde350cbd6ba0f476b77258afbc8b4540ea869bec4138,,03/29/2025 08:41:00 PM,30,TRAFFIC SIGNAL,FUNCTIONING PROPERLY,RAIN,"DARKNESS, LIGHTED ROAD",PEDESTRIAN,DIVIDED - W/MEDIAN (NOT RAISED),,STRAIGHT AND LEVEL,WET,NO DEFECTS,ON SCENE,INJURY AND / OR TOW DUE TO CRASH,,,,"OVER $1,500",03/29/2025 08:47:00 PM,FAILING TO YIELD RIGHT-OF-WAY,NOT APPLICABLE,2400,N,NARRAGANSETT AVE,2512.0,,,,,,,2,NONINCAPACITATING INJURY,2.0,0.0,0.0,1.0,1.0,3.0,0.0,20,7,3,41.9237770788,-87.7855930627,POINT (-87.785593062676 41.923777078794)
c1753310b207f8417dfd27b2f3e633198f4c36bb0c98537c53b041134afdd3f4ab268b0d94d38d9eb24cb32749c8a05f8ff346fac0e645270b380163c7bea881,,05/09/2024 06:55:00 AM,20,STOP SIGN/FLASHER,UNKNOWN,UNKNOWN,UNKNOWN,ANGLE,ONE-WAY,,STRAIGHT AND LEVEL,UNKNOWN,UNKNOWN,NOT ON SCENE (DESK REPORT),NO INJURY / DRIVE AWAY,,,Y,"OVER $1,500",05/09/2024 09:55:00 AM,NOT APPLICABLE,NOT APPLICABLE,8600,S,ESSEX AVE,423.0,,,,,,,2,NO INDICATION OF INJURY,0.0,0.0,0.0,0.0,0.0,2.0,0.0,6,5,5,41.7389517772,-87.5637569061,POINT (-87.563756906105 41.738951777227)
9fe02719e641ee00bb13f4eceb33e780c9791e8ac0702e40c0ee6d81e174947a1a4b00920f844c42dc9cc854cfab46d73b7bfb387229617c414a4af113939deb,,03/03/2024 09:08:00 AM,30,TRAFFIC SIGNAL,FUNCTIONING PROPERLY,CLEAR,DAYLIGHT,SIDESWIPE SAME DIRECTION,DIVIDED - W/MEDIAN BARRIER,,STRAIGHT AND LEVEL,DRY,UNKNOWN,ON SCENE,NO INJURY / DRIVE AWAY,Y,,,"OVER $1,500",03/03/2024 09:08:00 AM,FAILING TO REDUCE SPEED TO AVOID CRASH,FOLLOWING TOO CLOSELY,4100,S,CICERO AVE,814.0,,,,,,,2,NO INDICATION OF INJURY,0.0,0.0,0.0,0.0,0.0,4.0,0.0,9,1,3,41.8181780969,-87.7436118562,POINT (-87.743611856242 41.818178096923)
836c50f16fe5d72a4a5bf23d0c735e546dd525e622f5d9c30be778e830f066aa3f77552aa96e0f25a37c7d2be914abde92a415c543dfd0cbaf64cf81297e0781,,01/20/2024 03:07:00 PM,30,TRAFFIC SIGNAL,FUNCTIONING PROPERLY,CLEAR,DAYLIGHT,TURNING,FOUR WAY,,STRAIGHT AND LEVEL,WET,NO DEFECTS,ON SCENE,INJURY AND / OR TOW DUE TO CRASH,Y,,,"OVER $1,500",01/20/2024 03:11:00 PM,FAILING TO YIELD RIGHT-OF-WAY,IMPROPER TURNING/NO SIGNAL,4000,W,CERMAK RD,1012.0,,,,,,,2,NO INDICATION OF INJURY,0.0,0.0,0.0,0.0,0.0,2.0,0.0,15,7,1,41.8516543687,-87.7248829753,POINT (-87.724882975308 41.851654368676)
afb019587b6c732653b56a3bb6fbee1ad5a01270e1c71f97ddd150bffd886937bafb973cd9fd15652edd6c3edf2f53a3f289bec1256a17484ae0ce3dc988f7cb,,09/27/2023 04:00:00 PM,35,NO CONTROLS,NO CONTROLS,CLEAR,DAYLIGHT,ANGLE,DIVIDED - W/MEDIAN (NOT RAISED),,STRAIGHT AND LEVEL,DRY,NO DEFECTS,NOT ON SCENE (DESK REPORT),NO INJURY / DRIVE AWAY,,,,"OVER $1,500",09/29/2023 08:30:00 AM,FAILING TO YIELD RIGHT-OF-WAY,IMPROPER OVERTAKING/PASSING,5601,S,HARLEM AVE,811.0,,,,,,,2,NO INDICATION OF INJURY,0.0,0.0,0.0,0.0,0.0,2.0,0.0,16,4,9,41.7900439686,-87.8013003947,POINT (-87.801300394739 41.790043968552)
efe7c304bb052924294aaf7bb8afb4028426322cf176cb170ce0e78599a165e0ffb202ebef47232e6d559ee4ccd1c0cc993634f322447db2a8342c7a5526a35e,,08/02/2017 08:40:00 AM,30,NO CONTROLS,NO CONTROLS,CLEAR,DAYLIGHT,TURNING,NOT DIVIDED,2,STRAIGHT AND LEVEL,UNKNOWN,UNKNOWN,ON SCENE,INJURY AND / OR TOW DUE TO CRASH,Y,,,"OVER $1,500",08/02/2017 08:59:00 AM,FAILING TO YIELD RIGHT-OF-WAY,"VISION OBSCURED (SIGNS, TREE LIMBS, BUILDINGS, ETC.)",827,W,CHICAGO AVE,1214.0,,,,,,,3,NO INDICATION OF INJURY,0.0,0.0,0.0,0.0,0.0,3.0,0.0,8,4,8,41.8962685501,-87.6488769293,POINT (-87.648876929268 41.896268550108)
82ec4996e1c820fbb7ae8ea6be7972ca574e2ee6e915242daed9c43fdcebb4174ee264a1629833d5ab05ad3d9fd24aa614b8e587dcecede947e835b248f280d8,,08/04/2023 05:30:00 PM,30,NO CONTROLS,NO CONTROLS,CLEAR,DAYLIGHT,TURNING,NOT DIVIDED,,STRAIGHT AND LEVEL,DRY,NO DEFECTS,NOT ON SCENE (DESK REPORT),NO INJURY / DRIVE AWAY,,,Y,"OVER $1,500",08/04/2023 06:05:00 PM,UNABLE TO DETERMINE,NOT APPLICABLE,2330,W,47TH ST,924.0,,,,,,,2,NO INDICATION OF INJURY,0.0,0.0,0.0,0.0,0.0,3.0,0.0,17,6,8,41.808528289,-87.6832961363,POINT (-87.683296136273 41.808528288994)
9231d25189edb23f4a508d42b418f9def29d2d9fa834b18a3fe9ae6f4630800129320f44c0f5e2f77d42bf92ef26ec9e29dcf1be8a5d204fc3510bdd1b583fd1,,04/25/2025 08:20:00 AM,30,NO CONTROLS,NO CONTROLS,CLEAR,DAYLIGHT,TURNING,NOT DIVIDED,,STRAIGHT AND LEVEL,DRY,NO DEFECTS,NOT ON SCENE (DESK REPORT),NO INJURY / DRIVE AWAY,,,Y,"OVER $1,500",04/25/2025 08:34:00 AM,UNABLE TO DETERMINE,NOT APPLICABLE,132,S,PULASKI RD,1115.0,,,,,,,2,NO INDICATION OF INJURY,0.0,0.0,0.0,0.0,0.0,2.0,0.0,8,6,4,41.8788218362,-87.7257519094,POINT (-87.725751909361 41.878821836159)
84f38efbeb55409a53b5e4a6ce9622c9f0fa5a834155c02bfb25e986345656232c47779c6ca953764b5a7fc8d4cd5bdd0f77b2e43eaac0915ee3196a4b6d7fb4,,11/12/2023 02:00:00 PM,30,UNKNOWN,UNKNOWN,CLEAR,DAYLIGHT,REAR END,DIVIDED - W/MEDIAN (NOT RAISED),,STRAIGHT AND LEVEL,DRY,UNKNOWN,NOT ON SCENE (DESK REPORT),NO INJURY / DRIVE AWAY,,,,$500 OR LESS,11/13/2023 02:35:00 PM,UNABLE TO DETERMINE,NOT APPLICABLE,504,N,MICHIGAN AVE,1834.0,,,,,,,2,NO INDICATION OF INJURY,0.0,0.0,0.0,0.0,0.0,6.0,0.0,14,1,11,41.8911133921,-87.6242823536,POINT (-87.624282353612 41.891113392063)
cecb34a69365927e32554895fb61846693f1739a065a99e05aaf1a48d3cd9cd9a4245e96d2fc6c2c24a6adb1d3fcec443219046f44f0967568a9ade0bf2adab4,,07/25/2022 09:40:00 PM,30,NO CONTROLS,NO CONTROLS,CLEAR,DAYLIGHT,PARKED MOTOR VEHICLE,PARKING LOT,,STRAIGHT AND LEVEL,DRY,NO DEFECTS,ON SCENE,NO INJURY / DRIVE AWAY,,,,"OVER $1,500",07/26/2022 04:14:00 PM,UNABLE TO DETERMINE,UNABLE TO DETERMINE,1556,W,43RD ST,924.0,,,,,,,2,NO INDICATION OF INJURY,0.0,0.0,0.0,0.0,0.0,1.0,0.0,21,2,7,41.8159822903,-87.6650047516,POINT (-87.665004751563 41.815982290326)
e9946063deedfab6945bb895051837c84fe2b3f1d2113ba16c8260c4c67a553744f1dc8f46583c7e90d99dcc4b89e4c0ebff24386ff5e814e111e596c7342126,,03/17/2021 10:31:00 AM,30,TRAFFIC SIGNAL,FUNCTIONING PROPERLY,CLOUDY/OVERCAST,DAYLIGHT,TURNING,FOUR WAY,,STRAIGHT AND LEVEL,DRY,NO DEFECTS,ON SCENE,INJURY AND / OR TOW DUE TO CRASH,Y,,,"OVER $1,500",03/17/2021 10:32:00 AM,FAILING TO YIELD RIGHT-OF-WAY,NOT APPLICABLE,1598,E,95TH ST,413.0,,N,,,,,2,NO INDICATION OF INJURY,0.0,0.0,0.0,0.0,0.0,2.0,0.0,10,4,3,41.7224483825,-87.5852116059,POINT (-87.585211605863 41.722448382529)
18464b27ede4041808586504daca04bdb6459ea623446db39257498727909f03fc78aaaf2faa50a77e5e3753960c452bc650d528c5a219a865889f0064b1da6b,,07/09/2025 08:00:00 PM,40,NO CONTROLS,NO CONTROLS,CLEAR,"DARKNESS, LIGHTED ROAD",SIDESWIPE SAME DIRECTION,DIVIDED - W/MEDIAN BARRIER,,"CURVE, LEVEL",DRY,NO DEFECTS,ON SCENE,NO INJURY / DRIVE AWAY,,,,"OVER $1,500",07/10/2025 08:10:00 PM,FAILING TO YIELD RIGHT-OF-WAY,UNABLE TO DETERMINE,928,N,LAKE SHORE DR SB,1833.0,,,,,,,2,NO INDICATION OF INJURY,0.0,0.0,0.0,0.0,0.0,2.0,0.0,20,4,7,41.9000810191,-87.6192137151,POINT (-87.619213715076 41.900081019061)
98637a61f520faf6b416fc054665a969f2874c5ab74298af45308d3e4c353af3462fb427280fc04427159045ef8bf2e05f4cb2dd87d5a1a294dc653853071792,,08/27/2024 03:00:00 PM,30,TRAFFIC SIGNAL,FUNCTIONING PROPERLY,CLEAR,DAYLIGHT,REAR END,DIVIDED - W/MEDIAN (NOT RAISED),,STRAIGHT AND LEVEL,DRY,NO DEFECTS,NOT ON SCENE (DESK REPORT),NO INJURY / DRIVE AWAY,,,,$500 OR LESS,08/29/2024 09:00:00 AM,FOLLOWING TOO CLOSELY,UNABLE TO DETERMINE,5580,W,IRVING PARK RD,1624.0,,,,,,,2,NO INDICATION OF INJURY,0.0,0.0,0.0,0.0,0.0,2.0,0.0,15,3,8,41.9532971981,-87.7668813377,POINT (-87.766881337666 41.953297198059)
323d2e1d594c89fa884419acbfb3ae62814c180b719d10f8489b190f31f47acb5d2b842f1931f4cad7ad6bb7c35cdd72802e3ccdc28ceaca29240717d15e2922,,07/07/2024 02:22:00 PM,30,NO CONTROLS,NO CONTROLS,CLEAR,DAYLIGHT,PARKED MOTOR VEHICLE,NOT DIVIDED,,STRAIGHT AND LEVEL,DRY,NO DEFECTS,ON SCENE,INJURY AND / OR TOW DUE TO CRASH,,,,"OVER $1,500",07/07/2024 03:00:00 PM,"VISION OBSCURED (SIGNS, TREE LIMBS, BUILDINGS, ETC.)",UNABLE TO DETERMINE,2917,W,52ND ST,923.0,,,,,,,2,NO INDICATION OF INJURY,0.0,0.0,0.0,0.0,0.0,1.0,0.0,14,1,7,41.7989966439,-87.6971826889,POINT (-87.697182688851 41.798996643855)
d97e56d474e23060566c93e8c3288297baaa3ed8e955c57061ca8421f3a0b344badfc28c01ec7b5b1da9bd8dbcae4583ea4f491f08fdf72adac5ec987cfabbe1,,04/11/2024 08:10:00 PM,25,NO CONTROLS,NO CONTROLS,CLEAR,DAYLIGHT,SIDESWIPE SAME DIRECTION,ONE-WAY,,STRAIGHT AND LEVEL,DRY,NO DEFECTS,NOT ON SCENE (DESK REPORT),NO INJURY / DRIVE AWAY,,,,"OVER $1,500",04/11/2024 08:30:00 PM,"OPERATING VEHICLE IN ERRATIC, RECKLESS, CARELESS, NEGLIGENT OR AGGRESSIVE MANNER",UNABLE TO DETERMINE,6254,N,WASHTENAW AVE,2413.0,,,,,,,2,NO INDICATION OF INJURY,0.0,0.0,0.0,0.0,0.0,3.0,0.0,20,5,4,41.9956007883,-87.6972806105,POINT (-87.697280610547 41.995600788269)
0ad7d28bf4ef6f08cce731e59e8bdf7168cd22c07854416abf389dc9773a5c28edbae9f874695e406438da7e1653da73872e411f7911dc91ccde7b4616398fbb,,11/01/2023 05:28:00 PM,30,NO CONTROLS,NO CONTROLS,CLEAR,DARKNESS,SIDESWIPE SAME DIRECTION,ONE-WAY,,STRAIGHT AND LEVEL,DRY,UNKNOWN,ON SCENE,NO INJURY / DRIVE AWAY,,,,"$501 - $1,500",11/01/2023 05:58:00 PM,IMPROPER OVERTAKING/PASSING,UNABLE TO DETERMINE,5638,S,LAKE SHORE DR,331.0,,,,Y,CONSTRUCTION,,2,NO INDICATION OF INJURY,0.0,0.0,0.0,0.0,0.0,2.0,0.0,17,4,11,41.7923533203,-87.5804344629,POINT (-87.580434462924 41.79235332031)
c2b57fecdb5fb346e7d954872c2ed696eb561656e1462ef196cee90fa061cedea10ececc9247315eb48b7547fb985784fdae3c05613b145f459a4335026a6a70,,09/10/2017 12:00:00 PM,30,NO CONTROLS,NO CONTROLS,CLEAR,DAYLIGHT,PARKED MOTOR VEHICLE,NOT DIVIDED,,STRAIGHT AND LEVEL,DRY,NO DEFECTS,NOT ON SCENE (DESK REPORT),NO INJURY / DRIVE AWAY,,,Y,"$501 - $1,500",09/17/2017 05:59:00 PM,UNABLE TO DETERMINE,UNABLE TO DETERMINE,130,E,75TH ST,323.0,,,,,,,2,NO INDICATION OF INJURY,0.0,0.0,0.0,0.0,0.0,1.0,0.0,12,1,9,41.7584263999,-87.6201806148,POINT (-87.620180614789 41.758426399913)
5251ab7c6ab9368c8a8723a5bb4fe1409b6da5ecf6c673b3badce4f720175d91a95935c8eea9ec212e6b0595376758f35c8af13c9e9209a52c5b46ea95148517,,12/10/2019 11:25:00 AM,30,STOP SIGN/FLASHER,FUNCTIONING PROPERLY,CLEAR,DAYLIGHT,SIDESWIPE SAME DIRECTION,DIVIDED - W/MEDIAN BARRIER,,STRAIGHT AND LEVEL,DRY,NO DEFECTS,ON SCENE,NO INJURY / DRIVE AWAY,,,Y,$500 OR LESS,12/10/2019 11:30:00 AM,IMPROPER OVERTAKING/PASSING,UNABLE TO DETERMINE,7325,S,EXCHANGE AVE,334.0,,,,,,,2,NO INDICATION OF INJURY,0.0,0.0,0.0,0.0,0.0,2.0,0.0,11,3,12,41.7621687663,-87.5626412444,POINT (-87.562641244423 41.76216876625)
24ba6fb86f19b48c617a986e0dd6bc40c81dc0cd00cad517f433c99393d506a4a93c63f186055f6eb7bd323ed0a529dd3a8470782d54861146d2d09fdcb561e0,Y,01/28/2019 06:55:00 AM,35,NO CONTROLS,NO CONTROLS,SNOW,DAWN,PARKED MOTOR VEHICLE,NOT DIVIDED,2,STRAIGHT AND LEVEL,SNOW OR SLUSH,OTHER,ON SCENE,NO INJURY / DRIVE AWAY,,,,"OVER $1,500",01/28/2019 06:55:00 AM,WEATHER,UNABLE TO DETERMINE,10443,S,DR MARTIN LUTHER KING JR DR,512.0,,,,,,,2,NO INDICATION OF INJURY,0.0,0.0,0.0,0.0,0.0,1.0,0.0,6,2,1,41.7042103381,-87.6135388761,POINT (-87.613538876098 41.704210338112)
316d969213309288861b202d9848d1495645f0035e71bb67857929b63aa811c49c43899e9a7d9368d00121dc42c75b23e6eab62145b7ae1e2f326dbf063d9589,N,11/24/2020 01:00:00 AM,30,NO CONTROLS,NOT FUNCTIONING,UNKNOWN,"DARKNESS, LIGHTED ROAD",PARKED MOTOR VEHICLE,OTHER,,STRAIGHT AND LEVEL,UNKNOWN,UNKNOWN,ON SCENE,NO INJURY / DRIVE AWAY,,,Y,"$501 - $1,500",11/24/2020 04:05:00 PM,UNABLE TO DETERMINE,UNABLE TO DETERMINE,9907,S,WALLACE ST,2232.0,,,,,,,2,NO INDICATION OF INJURY,0.0,0.0,0.0,0.0,0.0,1.0,0.0,1,3,11,41.7140047063,-87.6380215346,POINT (-87.638021534593 41.7140047063)
4b1749efa5a48c784b2dfe1a14041cdc5aae7c2b98b9ae5ae0a81696858ffc509234805bcff0ca8dbf4fd7b7a8857ac34905c6c4aacfef263caa0541d4b0975b,,01/28/2017 12:00:00 AM,35,NO CONTROLS,NO CONTROLS,CLEAR,"DARKNESS, LIGHTED ROAD",PARKED MOTOR VEHICLE,ONE-WAY,2,STRAIGHT AND LEVEL,DRY,NO DEFECTS,NOT ON SCENE (DESK REPORT),NO INJURY / DRIVE AWAY,,,Y,"OVER $1,500",01/28/2017 12:20:00 AM,UNABLE TO DETERMINE,UNABLE TO DETERMINE,757,S,INDEPENDENCE BLVD,1133.0,,,,,,,3,NO INDICATION OF INJURY,0.0,0.0,0.0,0.0,0.0,1.0,0.0,0,7,1,41.8709226799,-87.7195330988,POINT (-87.7195330988 41.870922679883)
1c46e06133bb61dca1ee61e758b4233dfb28219b7a81c22db0b1ca30fe139ddf3652caff92f1d46e7364a12355538f6fc68327dba1734461f6a54d5bf6358d08,,04/16/2024 03:00:00 PM,30,TRAFFIC SIGNAL,UNKNOWN,CLEAR,DAYLIGHT,SIDESWIPE SAME DIRECTION,FOUR WAY,,STRAIGHT AND LEVEL,DRY,UNKNOWN,NOT ON SCENE (DESK REPORT),NO INJURY / DRIVE AWAY,Y,,,"$501 - $1,500",04/17/2024 08:15:00 PM,IMPROPER OVERTAKING/PASSING,IMPROPER LANE USAGE,1610,N,LA SALLE DR,1814.0,,,,,,,2,NO INDICATION OF INJURY,0.0,0.0,0.0,0.0,0.0,2.0,0.0,15,3,4,41.9115129366,-87.6333014228,POINT (-87.633301422838 41.911512936638)
ad0679a1b4228ce3148d1556798c085209dbecf3f0a3dc19d0b6b1ce2f3e8d07ca0145254357a5f666224cfa55b64c4180442dfa9461abfda5e6a680d2915f80,,04/23/2022 04:40:00 PM,10,NO CONTROLS,NO CONTROLS,CLEAR,DAYLIGHT,TURNING,PARKING LOT,,STRAIGHT AND LEVEL,DRY,NO DEFECTS,NOT ON SCENE (DESK REPORT),NO INJURY / DRIVE AWAY,,,Y,"OVER $1,500",04/23/2022 05:40:00 PM,UNABLE TO DETERMINE,UNABLE TO DETERMINE,4843,N,KEDZIE AVE,1713.0,,,,,,,2,NO INDICATION OF INJURY,0.0,0.0,0.0,0.0,0.0,4.0,0.0,16,7,4,41.9697316569,-87.7083660051,POINT (-87.708366005141 41.969731656869)
47a18af68ec6c30750afd39f7977b3a5f457714d8270e799b56bdf6d365fbc97338de8cc633a55e50983d59dee5b6facb329d6608dda3e73b24aa708f5799f1c,,06/24/2020 12:05:00 AM,30,STOP SIGN/FLASHER,NO CONTROLS,CLEAR,DUSK,ANGLE,ONE-WAY,,STRAIGHT AND LEVEL,DRY,NO DEFECTS,NOT ON SCENE (DESK REPORT),NO INJURY / DRIVE AWAY,Y,,,"OVER $1,500",06/24/2020 12:50:00 AM,DISREGARDING STOP SIGN,UNABLE TO DETERMINE,525,E,80TH ST,631.0,,,,,,,2,NO INDICATION OF INJURY,0.0,0.0,0.0,0.0,0.0,3.0,0.0,0,4,6,41.7492421796,-87.611383413,POINT (-87.611383413043 41.749242179588)
39b33d1a2d673e17e845f72d1b10da1c4eac1323903cd75f251f4ea28e20d707611d407bb186562823c993c25a208d94f30c59e505759052ae12a18cb761ca6c,,04/26/2023 10:00:00 AM,25,NO CONTROLS,UNKNOWN,CLEAR,"DARKNESS, LIGHTED ROAD",PARKED MOTOR VEHICLE,ONE-WAY,,STRAIGHT AND LEVEL,DRY,NO DEFECTS,ON SCENE,NO INJURY / DRIVE AWAY,,,,"$501 - $1,500",04/26/2023 11:02:00 PM,UNABLE TO DETERMINE,UNABLE TO DETERMINE,2457,W,BERWYN AVE,2011.0,,Y,,,,,2,,,,,,,,,10,4,4,41.9775756167,-87.6914608104,POINT (-87.691460810368 41.977575616711)
611a5250a1428be8e032c50f05e824de3026ee13400d7a9b7cbffa76b856b231a044a52bc7986aed41896eb5584af43461ee98a7288f1c73eefeb37dad95c79f,,05/13/2022 06:41:00 PM,30,NO CONTROLS,NO CONTROLS,CLEAR,DAYLIGHT,FIXED OBJECT,ONE-WAY,,STRAIGHT AND LEVEL,DRY,NO DEFECTS,,INJURY AND / OR TOW DUE TO CRASH,,,,$500 OR LESS,05/13/2022 06:41:00 PM,PHYSICAL CONDITION OF DRIVER,NOT APPLICABLE,150,N,CLINTON ST,121.0,,,,,,,1,NONINCAPACITATING INJURY,1.0,0.0,0.0,1.0,0.0,0.0,0.0,18,6,5,41.884624061,-87.6414245878,POINT (-87.641424587838 41.88462406097)
08810bc54e89058e070e9551e92f733c15c3f006ca6775b313f5fe304283ce386a06b97b8f4f6b9cc30bdd936c09940a3d25e12e0f5ae260a917c2cd962fd2b0,,11/23/2023 06:36:00 PM,30,TRAFFIC SIGNAL,FUNCTIONING PROPERLY,CLEAR,"DARKNESS, LIGHTED ROAD",ANGLE,DIVIDED - W/MEDIAN (NOT RAISED),,STRAIGHT AND LEVEL,DRY,NO DEFECTS,ON SCENE,NO INJURY / DRIVE AWAY,,,Y,"OVER $1,500",11/23/2023 06:51:00 PM,DISREGARDING TRAFFIC SIGNALS,DISREGARDING TRAFFIC SIGNALS,4801,W,WASHINGTON BLVD,1533.0,,,,,,,2,NO INDICATION OF INJURY,0.0,0.0,0.0,0.0,0.0,3.0,0.0,18,5,11,41.8817064526,-87.7454621149,POINT (-87.745462114941 41.881706452614)
8ec31e22186e0eb661e8d441e3cb3be00e61b49b95d5dd03a2153550a340ae366c159c003fe06287b9fae4801063d310865376078ec1d7f0f761796cb665219f,,05/14/2024 09:40:00 AM,30,TRAFFIC SIGNAL,FUNCTIONING PROPERLY,RAIN,DAYLIGHT,SIDESWIPE SAME DIRECTION,DIVIDED - W/MEDIAN (NOT RAISED),,STRAIGHT AND LEVEL,WET,NO DEFECTS,ON SCENE,NO INJURY / DRIVE AWAY,Y,,,"OVER $1,500",05/14/2024 09:48:00 AM,IMPROPER LANE USAGE,UNABLE TO DETERMINE,5990,N,RIDGE AVE,2012.0,,,,,,,2,NO INDICATION OF INJURY,0.0,0.0,0.0,0.0,0.0,2.0,0.0,9,3,5,41.9905233381,-87.6719126733,POINT (-87.671912673255 41.990523338073)
62ed99161942bd5237db1b8d919ec243148be9c4422b0e44c7fc7272be5e663821bd9549e106a5e614d536da35dac576f3c57062ab9950f2f47c333c3b9cea35,,07/25/2025 01:27:00 PM,30,TRAFFIC SIGNAL,FUNCTIONING PROPERLY,RAIN,DAYLIGHT,TURNING,ONE-WAY,,STRAIGHT AND LEVEL,WET,NO DEFECTS,NOT ON SCENE (DESK REPORT),INJURY AND / OR TOW DUE TO CRASH,Y,,,"OVER $1,500",07/25/2025 05:30:00 PM,FAILING TO YIELD RIGHT-OF-WAY,NOT APPLICABLE,2302,W,WARREN BLVD,1223.0,,,,,,,2,"REPORTED, NOT EVIDENT",1.0,0.0,0.0,0.0,1.0,1.0,0.0,13,6,7,41.8822226061,-87.6841857629,POINT (-87.684185762949 41.882222606073)
ef772d9713e68466760c615548da987564b34c2e84b86d4d6eb46bf82483c7161460e4ece8f79a622db32c6ba34a5acd6dfbbf680ca01d05df78b0f80b0c4bbc,,12/07/2021 09:56:00 AM,30,NO CONTROLS,NO CONTROLS,CLEAR,DAYLIGHT,REAR END,NOT DIVIDED,,STRAIGHT AND LEVEL,DRY,NO DEFECTS,NOT ON SCENE (DESK REPORT),NO INJURY / DRIVE AWAY,,,,"OVER $1,500",12/07/2021 10:45:00 AM,FOLLOWING TOO CLOSELY,FOLLOWING TOO CLOSELY,3132,W,55TH ST,923.0,,,,,,,2,NO INDICATION OF INJURY,0.0,0.0,0.0,0.0,0.0,2.0,0.0,9,3,12,41.7936437052,-87.702548104,POINT (-87.702548103962 41.793643705151)
ab08b92cfe37e1eb7e0baddee79bdb51d8597b8bb249f823fb7bf6526909a8690dd5c84df9753899e4ca584f6c4d94ac0294c525e359f44fde17b25fd264973f,Y,10/12/2025 11:00:00 AM,30,UNKNOWN,UNKNOWN,UNKNOWN,UNKNOWN,PARKED MOTOR VEHICLE,NOT DIVIDED,,STRAIGHT AND LEVEL,UNKNOWN,UNKNOWN,NOT ON SCENE (DESK REPORT),NO INJURY / DRIVE AWAY,,,Y,"$501 - $1,500",10/12/2025 12:15:00 PM,UNABLE TO DETERMINE,NOT APPLICABLE,7133,S,RICHMOND ST,831.0,,,,,,,2,NO INDICATION OF INJURY,0.0,0.0,0.0,0.0,0.0,1.0,0.0,11,1,10,41.763483296,-87.6965215981,POINT (-87.696521598063 41.763483296044)
510fc76670f77048bb2e79f45b0bc7ffe589cd99ebb9fc90aa173a6bed3f4e27b733cbf5c25303e081b0f119ab077fde7de5dba61cf02daab59dcbe97b3f98f2,,10/25/2019 05:47:00 PM,30,NO CONTROLS,NO CONTROLS,CLEAR,DARKNESS,REAR END,NOT DIVIDED,,STRAIGHT AND LEVEL,DRY,NO DEFECTS,NOT ON SCENE (DESK REPORT),NO INJURY / DRIVE AWAY,,,,"$501 - $1,500",10/25/2019 06:00:00 PM,UNABLE TO DETERMINE,UNABLE TO DETERMINE,2012,W,FULLERTON AVE,1432.0,,,,,,,2,NO INDICATION OF INJURY,0.0,0.0,0.0,0.0,0.0,3.0,0.0,17,6,10,41.9251284291,-87.6784358299,POINT (-87.678435829922 41.925128429111)
3ea915f1f2ff5b374463b6c633f902e58ad63e97ee33c74a7983b1e0354775aeac848445338077b8d0e7e6b93e548316405094150e8ce3709560100dfe15882b,,08/13/2018 12:41:00 PM,30,NO CONTROLS,NO CONTROLS,CLEAR,DAYLIGHT,SIDESWIPE SAME DIRECTION,NOT DIVIDED,,STRAIGHT AND LEVEL,DRY,NO DEFECTS,ON SCENE,NO INJURY / DRIVE AWAY,,,,"$501 - $1,500",08/13/2018 12:41:00 PM,IMPROPER OVERTAKING/PASSING,NOT APPLICABLE,837,W,ARMITAGE AVE,1813.0,,,,,,,2,NO INDICATION OF INJURY,0.0,0.0,0.0,0.0,0.0,2.0,0.0,12,2,8,41.918047506,-87.6499508943,POINT (-87.649950894289 41.918047505959)