CRASH_RECORD_ID,CRASH_DATE_EST_I,CRASH_DATE,POSTED_SPEED_LIMIT,TRAFFIC_CONTROL_DEVICE,DEVICE_CONDITION,WEATHER_CONDITION,LIGHTING_CONDITION,FIRST_CRASH_TYPE,TRAFFICWAY_TYPE,LANE_CNT,ALIGNMENT,ROADWAY_SURFACE_COND,ROAD_DEFECT,REPORT_TYPE,CRASH_TYPE,INTERSECTION_RELATED_I,NOT_RIGHT_OF_WAY_I,HIT_AND_RUN_I,DAMAGE,DATE_POLICE_NOTIFIED,PRIM_CONTRIBUTORY_CAUSE,SEC_CONTRIBUTORY_CAUSE,STREET_NO,STREET_DIRECTION,STREET_NAME,BEAT_OF_OCCURRENCE,PHOTOS_TAKEN_I,STATEMENTS_TAKEN_I,DOORING_I,WORK_ZONE_I,WORK_ZONE_TYPE,WORKERS_PRESENT_I,NUM_UNITS,MOST_SEVERE_INJURY,INJURIES_TOTAL,INJURIES_FATAL,INJURIES_INCAPACITATING,INJURIES_NON_INCAPACITATING,INJURIES_REPORTED_NOT_EVIDENT,INJURIES_NO_INDICATION,INJURIES_UNKNOWN,CRASH_HOUR,CRASH_DAY_OF_WEEK,CRASH_MONTH,LATITUDE,LONGITUDE,LOCATION
5b17bae79760a2ded9f227c3962de8566154e81be0dce53ef7b7723ab68000f72fb229d28cf2d412c2fefcaf973b0953ff8280febc6130123272c7c7353eabe1,,09/25/2018 09:35:00 AM,30,NO CONTROLS,NO CONTROLS,CLEAR,DAYLIGHT,REAR END,NOT DIVIDED,,STRAIGHT AND LEVEL,DRY,NO DEFECTS,NOT ON SCENE (DESK REPORT),NO INJURY / DRIVE AWAY,,,,"OVER $1,500",09/25/2018 11:30:00 AM,UNABLE TO DETERMINE,UNABLE TO DETERMINE,4032,N,WESTERN AVE,1911.0,,,,,,,2,NO INDICATION OF INJURY,0.0,0.0,0.0,0.0,0.0,2.0,0.0,9,3,9,41.955037093,-87.6886428103,POINT (-87.688642810261 41.955037093038)
2249847161e2b2ddb4dfb6009089e762fda0176142a8630525c98e37d42496912643fd1ff44fe55c6472ad33435d1e9356b66c5463fe61818dde5d1b1a82dd1c,,12/09/2017 07:10:00 AM,30,STOP SIGN/FLASHER,NO CONTROLS,SNOW,DAYLIGHT,FIXED OBJECT,NOT DIVIDED,2,STRAIGHT AND LEVEL,SNOW OR SLUSH,NO DEFECTS,ON SCENE,INJURY AND / OR TOW DUE TO CRASH,Y,,,"OVER $1,500",12/09/2017 07:40:00 AM,WEATHER,EXCEEDING SAFE SPEED FOR CONDITIONS,1500,S,WOOD ST,1233.0,,,,,,,1,NO INDICATION OF INJURY,0.0,0.0,0.0,0.0,0.0,1.0,0.0,7,7,12,41.8613577455,-87.6713409964,POINT (-87.671340996355 41.861357745509)
70840ddfeb4b650907f75b5b28873f3975f667eb677777b508bb9b12a6ee8d84bd9941f399aca2fddb2809b8a84dd2d7cb93f874bdd8b75a9fdce46e66cea5f8,,09/17/2025 08:44:00 AM,30,TRAFFIC SIGNAL,FUNCTIONING PROPERLY,CLEAR,DAYLIGHT,TURNING,NOT DIVIDED,,STRAIGHT AND LEVEL,DRY,NO DEFECTS,NOT ON SCENE (DESK REPORT),NO INJURY / DRIVE AWAY,Y,,,"$501 - $1,500",09/17/2025 10:00:00 AM,IMPROPER TURNING/NO SIGNAL,NOT APPLICABLE,1910,S,MICHIGAN AVE,131.0,,,,,,,2,NO INDICATION OF INJURY,0.0,0.0,0.0,0.0,0.0,2.0,0.0,8,4,9,41.8562752678,-87.6240426552,POINT (-87.624042655153 41.856275267795)
559c687ae2f9ef5f5bac2aa883030ce0ac6f5f426f25f0baca693973fca2f7c1d260367eba4a8194599423252cec0a85002fc4616bca897fd15f5a3dab5b275c,,06/18/2021 05:50:00 PM,30,STOP SIGN/FLASHER,FUNCTIONING PROPERLY,CLEAR,DAYLIGHT,SIDESWIPE SAME DIRECTION,FOUR WAY,,STRAIGHT AND LEVEL,DRY,NO DEFECTS,ON SCENE,NO INJURY / DRIVE AWAY,Y,,,$500 OR LESS,06/18/2021 06:00:00 PM,UNABLE TO DETERMINE,NOT APPLICABLE,3525,E,106TH ST,432.0,,,,,,,2,NO INDICATION OF INJURY,0.0,0.0,0.0,0.0,0.0,3.0,0.0,17,6,6,41.7026348072,-87.5378483399,POINT (-87.537848339881 41.702634807185)
019358aaf06b69555b7f7740f558669f3c4ac37096e29c34bda800e473108d705e9a9dd662ffb41a47da3bd53d5a5aba3847882e63cfdcc83bc4cf7e72f2ee70,,09/19/2017 04:27:00 PM,30,TRAFFIC SIGNAL,FUNCTIONING PROPERLY,CLEAR,DAYLIGHT,TURNING,DIVIDED - W/MEDIAN (NOT RAISED),0,STRAIGHT AND LEVEL,DRY,NO DEFECTS,ON SCENE,INJURY AND / OR TOW DUE TO CRASH,Y,,,"OVER $1,500",09/19/2017 04:27:00 PM,UNABLE TO DETERMINE,NOT APPLICABLE,2799,S,ARCHER AVE,913.0,,,,,,,2,NONINCAPACITATING INJURY,1.0,0.0,0.0,1.0,0.0,2.0,0.0,16,3,9,41.8434247938,-87.653998661,POINT (-87.653998661037 41.843424793816)
f0a54ad120be6a86fe7e6f70386e514cdaf0700bf9bcbbf8f21bd6e8469c961723b19449f1e5f102f463f688a1f960384e6d3d63d494f2e7819472e8237958c2,,01/30/2020 08:00:00 AM,25,NO CONTROLS,NO CONTROLS,CLEAR,DAYLIGHT,SIDESWIPE SAME DIRECTION,DIVIDED - W/MEDIAN (NOT RAISED),,"CURVE, LEVEL",DRY,NO DEFECTS,NOT ON SCENE (DESK REPORT),NO INJURY / DRIVE AWAY,,,Y,"OVER $1,500",02/01/2020 09:30:00 AM,UNABLE TO DETERMINE,NOT APPLICABLE,1000,W,HOLLYWOOD AVE,2022.0,,,,,,,2,NO INDICATION OF INJURY,0.0,0.0,0.0,0.0,0.0,2.0,0.0,8,5,1,41.9856497986,-87.6553358066,POINT (-87.655335806551 41.985649798593)
fdb69e3b3f946e32e9fbefba3f29d59eb3783b85ca4073cd3f9eef2c7d087ebacd06b40e8ee8ba1ca3aa5c970d34a8df11a1a9d76f888991a1f47b7a23a2a620,,03/11/2024 11:00:00 AM,10,NO CONTROLS,NO CONTROLS,CLEAR,DAYLIGHT,PARKED MOTOR VEHICLE,PARKING LOT,,STRAIGHT AND LEVEL,DRY,NO DEFECTS,NOT ON SCENE (DESK REPORT),NO INJURY / DRIVE AWAY,,Y,Y,"OVER $1,500",03/11/2024 04:50:00 PM,UNABLE TO DETERMINE,UNABLE TO DETERMINE,4300,N,NARRAGANSETT AVE,1632.0,,,,,,,2,NO INDICATION OF INJURY,0.0,0.0,0.0,0.0,0.0,1.0,0.0,11,2,3,41.9585483456,-87.7869189888,POINT (-87.786918988769 41.958548345645)
f9df3d93bcd78c45e8cba815c3491148dec9528e5f25a29692e7ccb413609ce119023fb81a4e8f3e8a5504d271e121d7f666185bfda8b39b0a99969f0ed9836f,,10/10/2017 05:05:00 PM,5,NO CONTROLS,NO CONTROLS,RAIN,DUSK,ANGLE,PARKING LOT,2,STRAIGHT AND LEVEL,WET,NO DEFECTS,ON SCENE,NO INJURY / DRIVE AWAY,,,,"OVER $1,500",10/10/2017 05:10:00 PM,WEATHER,UNABLE TO DETERMINE,5233,N,LINCOLN AVE,2011.0,,,,,,,2,NO INDICATION OF INJURY,0.0,0.0,0.0,0.0,0.0,2.0,0.0,17,3,10,41.9768950984,-87.6922796678,POINT (-87.692279667764 41.976895098405)
be4a1fdac2009b09110ac7cbd4abbddae8e9eed9be045fcf98eb302da9fe3972466ec925931cf38fc555347890796f536c67a30de518cd01e957d18d0dfa87d1,,11/16/2017 10:50:00 PM,30,TRAFFIC SIGNAL,FUNCTIONING PROPERLY,CLEAR,"DARKNESS, LIGHTED ROAD",TURNING,UNKNOWN,4,STRAIGHT AND LEVEL,UNKNOWN,UNKNOWN,ON SCENE,NO INJURY / DRIVE AWAY,Y,,Y,"$501 - $1,500",11/16/2017 11:32:00 PM,IMPROPER LANE USAGE,DRIVING SKILLS/KNOWLEDGE/EXPERIENCE,2158,S,CLARK ST,131.0,,,,,,,2,NO INDICATION OF INJURY,0.0,0.0,0.0,0.0,0.0,2.0,0.0,22,5,11,41.8529339676,-87.6302142392,POINT (-87.630214239166 41.852933967598)
5881c93a5ce46f020884d9f5102bc90c2c9d9d98ce0177c4875d4bd2016279283573e28ccf4b8d57d1ffae88aa8ff3d13472a4e32851372e75fb123a611eeefe,,09/25/2022 12:40:00 AM,30,NO CONTROLS,NO CONTROLS,RAIN,"DARKNESS, LIGHTED ROAD",PARKED MOTOR VEHICLE,NOT DIVIDED,,STRAIGHT AND LEVEL,WET,NO DEFECTS,NOT ON SCENE (DESK REPORT),NO INJURY / DRIVE AWAY,,,,"OVER $1,500",09/25/2022 01:30:00 AM,UNABLE TO DETERMINE,NOT APPLICABLE,6585,N,NORTHWEST HWY,1611.0,,,,,,,2,NO INDICATION OF INJURY,0.0,0.0,0.0,0.0,0.0,1.0,0.0,0,1,9,42.0005320004,-87.8123825319,POINT (-87.812382531941 42.000532000391)
b296e4f58077f2ef6b943a7cba57ba5f12aa39ce7699d77214ef9c76f5e757180a832bced724ce90891386ade76059f5d42186feac531b1181163fd9a5e06a40,,08/06/2018 04:20:00 PM,30,TRAFFIC SIGNAL,FUNCTIONING PROPERLY,UNKNOWN,DAYLIGHT,REAR END,NOT DIVIDED,,STRAIGHT AND LEVEL,UNKNOWN,NO DEFECTS,NOT ON SCENE (DESK REPORT),NO INJURY / DRIVE AWAY,,,,"OVER $1,500",08/06/2018 04:20:00 PM,FOLLOWING TOO CLOSELY,NOT APPLICABLE,800,W,63RD ST,712.0,,,,,,,2,NO INDICATION OF INJURY,0.0,0.0,0.0,0.0,0.0,2.0,0.0,16,2,8,41.7798596793,-87.6448527816,POINT (-87.644852781595 41.779859679309)
893b1c57f979c008210f77cd85d86ca99018a0df2a7e6c0b6706080eca48bd7151f1ffee2f38b8a83620986d9d45deb2f20ec549a1429af1aa0d036194d64844,,09/28/2021 11:50:00 AM,25,NO CONTROLS,NO CONTROLS,CLEAR,DAYLIGHT,PARKED MOTOR VEHICLE,ALLEY,,STRAIGHT AND LEVEL,DRY,NO DEFECTS,NOT ON SCENE (DESK REPORT),NO INJURY / DRIVE AWAY,,,,"OVER $1,500",09/28/2021 12:45:00 PM,UNABLE TO DETERMINE,UNABLE TO DETERMINE,1038,S,OAKLEY BLVD,1225.0,,,,,,,2,NO INDICATION OF INJURY,0.0,0.0,0.0,0.0,0.0,1.0,0.0,11,3,9,41.8678438884,-87.6837680262,POINT (-87.683768026188 41.867843888375)
3f0e223d25e57df83aa18610d560c771ea0e68caeb47f1243bbbd5c711a64afc68ee5c36e45fbea36cdf214d28588bd289cf9e7fbbdf27618eae4ca3ed977fcc,,10/06/2017 06:25:00 AM,40,NO CONTROLS,NO CONTROLS,RAIN,"DARKNESS, LIGHTED ROAD",SIDESWIPE SAME DIRECTION,DIVIDED - W/MEDIAN BARRIER,4,STRAIGHT AND LEVEL,WET,NO DEFECTS,ON SCENE,NO INJURY / DRIVE AWAY,,,,"OVER $1,500",10/06/2017 06:37:00 AM,FAILING TO REDUCE SPEED TO AVOID CRASH,UNABLE TO DETERMINE,1600,N,LAKE SHORE DR,1814.0,,,,,,,2,NO INDICATION OF INJURY,0.0,0.0,0.0,0.0,0.0,3.0,0.0,6,6,10,41.9112245556,-87.6264825724,POINT (-87.626482572426 41.911224555611)
7e45427d84e70fdb387318504e31a9928cd2da6a55bec8e4e1e7356d0359b7761fe649a7e44df61d9f73209dd8b82a9c8aca464bb8ed327c9fe89fe330b2ed98,,09/20/2020 10:18:00 PM,40,NO CONTROLS,NO CONTROLS,CLEAR,"DARKNESS, LIGHTED ROAD",FIXED OBJECT,RAMP,,STRAIGHT AND LEVEL,DRY,NO DEFECTS,ON SCENE,INJURY AND / OR TOW DUE TO CRASH,,,,"OVER $1,500",09/20/2020 10:18:00 PM,UNABLE TO DETERMINE,NOT APPLICABLE,1200,N,LAKE SHORE DR NB,1824.0,,,,,,,1,NO INDICATION OF INJURY,0.0,0.0,0.0,0.0,0.0,1.0,0.0,22,1,9,41.904076743,-87.6248039371,POINT (-87.624803937073 41.904076743028)
f58ea2e650f28a5d41bef43754fc9eb065f10eb460422061168be3a6b0c5e15dd5cba1ebe385fcf6cc15afc0165163522d5bfdee311bd2f732298dc7718cde9b,,01/04/2024 02:00:00 PM,35,TRAFFIC SIGNAL,FUNCTIONING PROPERLY,CLEAR,DAYLIGHT,TURNING,NOT DIVIDED,,STRAIGHT AND LEVEL,DRY,NO DEFECTS,ON SCENE,INJURY AND / OR TOW DUE TO CRASH,,,,"OVER $1,500",01/04/2024 02:02:00 PM,UNABLE TO DETERMINE,UNABLE TO DETERMINE,5500,S,CALIFORNIA AVE,824.0,,,,,,,2,NO INDICATION OF INJURY,0.0,0.0,0.0,0.0,0.0,3.0,0.0,14,5,1,41.7935975128,-87.6939420481,POINT (-87.6939420481 41.793597512795)
9be8a601620edc63e4544c804d7c25c2d78cd3bfed07e685121f6a77ded9b6298c91c78785422b760f8b8d1b3007ed7fce248638aa47ecc2e435d60620c257ad,,07/01/2022 12:19:00 AM,30,NO CONTROLS,NO CONTROLS,CLEAR,"DARKNESS, LIGHTED ROAD",PARKED MOTOR VEHICLE,NOT DIVIDED,,STRAIGHT AND LEVEL,DRY,NO DEFECTS,ON SCENE,INJURY AND / OR TOW DUE TO CRASH,,,,"OVER $1,500",07/01/2022 12:24:00 AM,FAILING TO REDUCE SPEED TO AVOID CRASH,UNABLE TO DETERMINE,764,W,93RD ST,2223.0,,,,,,,2,NO INDICATION OF INJURY,0.0,0.0,0.0,0.0,0.0,1.0,0.0,0,6,7,41.7252211118,-87.6432539425,POINT (-87.643253942502 41.725221111802)
317f4c9c8ecc1c719a758a1de999541a7f95acd05861d23ab81a880ae4d91d38762c4136ef72c51c2aa9c74c9097aa9d91a0e21fcd053a684cac31f530d64f4f,,06/02/2019 03:00:00 PM,30,TRAFFIC SIGNAL,FUNCTIONING PROPERLY,CLEAR,DAYLIGHT,REAR END,FOUR WAY,,STRAIGHT AND LEVEL,DRY,NO DEFECTS,NOT ON SCENE (DESK REPORT),NO INJURY / DRIVE AWAY,Y,,Y,"OVER $1,500",06/02/2019 06:08:00 PM,FAILING TO REDUCE SPEED TO AVOID CRASH,NOT APPLICABLE,2407,W,LAWRENCE AVE,1911.0,,,,,,,2,NO INDICATION OF INJURY,0.0,0.0,0.0,0.0,0.0,2.0,0.0,15,1,6,41.9685035166,-87.6892020163,POINT (-87.689202016317 41.968503516622)
18816b23ed6760e2bcc4dc4ecc00978c79c223cc6716b08912cf63fe492b9f1fc151ceac7f791da15ff54fc8dd13709812ee15ec53166ef96db33db1e74e337e,,09/06/2024 08:19:00 AM,30,NO CONTROLS,NO CONTROLS,CLEAR,DAYLIGHT,PARKED MOTOR VEHICLE,NOT DIVIDED,,STRAIGHT AND LEVEL,DRY,NO DEFECTS,ON SCENE,NO INJURY / DRIVE AWAY,,,,"OVER $1,500",09/06/2024 08:19:00 AM,EQUIPMENT - VEHICLE CONDITION,NOT APPLICABLE,221,N,LAFLIN ST,1215.0,,,,,,,2,NO INDICATION OF INJURY,0.0,0.0,0.0,0.0,0.0,1.0,0.0,8,6,9,41.886062035,-87.6641580852,POINT (-87.664158085242 41.886062035027)
c47fbd7693524770605fa8cab8252b0eb657298f2314510ea96d0f17a006c975f371eeab319d483f076d593ef6ace4c062968b047bcf34b275a16c8bab8ae1a6,,07/26/2022 04:00:00 PM,30,NO CONTROLS,NO CONTROLS,CLEAR,DAYLIGHT,TURNING,NOT DIVIDED,,STRAIGHT AND LEVEL,DRY,NO DEFECTS,NOT ON SCENE (DESK REPORT),NO INJURY / DRIVE AWAY,,,,"$501 - $1,500",07/26/2022 10:30:00 PM,UNABLE TO DETERMINE,UNABLE TO DETERMINE,3511,W,DEVON AVE,1711.0,,,,,,,2,NO INDICATION OF INJURY,0.0,0.0,0.0,0.0,0.0,2.0,0.0,16,3,7,41.9971778221,-87.7171670329,POINT (-87.71716703291 41.99717782208)
2d0a28cd731eeeb413d41196b48a785d36fa4ce9e9d981f81a49fe607ea437e4a1e52b8da8cc5c9506f9cf88be939acfa6ac6ff836f8a424df290f24631b2486,,04/29/2019 01:40:00 AM,40,NO CONTROLS,NO CONTROLS,CLEAR,"DARKNESS, LIGHTED ROAD",SIDESWIPE SAME DIRECTION,DIVIDED - W/MEDIAN BARRIER,,STRAIGHT AND LEVEL,DRY,NO DEFECTS,ON SCENE,NO INJURY / DRIVE AWAY,,,Y,"$501 - $1,500",04/29/2019 01:44:00 AM,IMPROPER LANE USAGE,"OPERATING VEHICLE IN ERRATIC, RECKLESS, CARELESS, NEGLIGENT OR AGGRESSIVE MANNER",2000,N,LAKE SHORE DR NB,1814.0,,,,,,,2,NO INDICATION OF INJURY,0.0,0.0,0.0,0.0,0.0,3.0,0.0,1,2,4,41.9184162335,-87.6292248208,POINT (-87.62922482077 41.918416233534)
449c04920d329ba2d5672cb79d94ae7944c742cb572abfb9a229b8b837b5612bc9c6da2b16243a020bc4646679a9f00449d2510417b25736de2973f17f1dca97,,12/22/2024 04:55:00 AM,25,NO CONTROLS,NO CONTROLS,CLEAR,"DARKNESS, LIGHTED ROAD",FIXED OBJECT,NOT DIVIDED,,STRAIGHT AND LEVEL,DRY,NO DEFECTS,,INJURY AND / OR TOW DUE TO CRASH,,Y,,"OVER $1,500",12/22/2024 05:05:00 AM,UNABLE TO DETERMINE,NOT APPLICABLE,708,E,47TH ST,221.0,,,,,,,1,NO INDICATION OF INJURY,0.0,0.0,0.0,0.0,0.0,1.0,0.0,4,1,12,41.8096146907,-87.6085735504,POINT (-87.608573550389 41.809614690665)
f1f1d09cb88ecd6b29db8b87e4be9adcee126d0cfb931c85887d678ba39e5bc3a999346471990eb0e51c412772c23ed544b410fc13bc4577630a280b05c8ae75,,01/11/2025 12:23:00 AM,25,NO CONTROLS,NO CONTROLS,SNOW,"DARKNESS, LIGHTED ROAD",HEAD ON,ALLEY,,STRAIGHT AND LEVEL,SNOW OR SLUSH,NO DEFECTS,NOT ON SCENE (DESK REPORT),NO INJURY / DRIVE AWAY,,,Y,"$501 - $1,500",01/11/2025 12:23:00 AM,UNABLE TO DETERMINE,UNABLE TO DETERMINE,341,S,SACRAMENTO BLVD,1124.0,,,,,,,2,NO INDICATION OF INJURY,0.0,0.0,0.0,0.0,0.0,6.0,0.0,0,7,1,41.876111145,-87.7009403047,POINT (-87.700940304734 41.876111145023)
8a0c437073174a436ab55143b4073ef0db58c1fc4b7e4a81a180799382f159d86605105e8a93b623d0c60bbe871ef9b692c7eb179996c82b6abdfbce1c32ce27,,07/06/2023 04:29:00 PM,25,NO CONTROLS,NO CONTROLS,CLEAR,DAYLIGHT,PARKED MOTOR VEHICLE,FOUR WAY,,STRAIGHT AND LEVEL,DRY,NO DEFECTS,ON SCENE,NO INJURY / DRIVE AWAY,Y,,,"OVER $1,500",07/06/2023 04:29:00 PM,UNABLE TO DETERMINE,UNABLE TO DETERMINE,6359,N,HERMITAGE AVE,2433.0,,,,,,,2,NO INDICATION OF INJURY,0.0,0.0,0.0,0.0,0.0,2.0,0.0,16,5,7,41.997338077,-87.6733432725,POINT (-87.673343272464 41.997338076992)
b8e6a9d0246891a6f0db8c6d3bb89792916834cea7754fb6dc88ff091792a51e6b26aa4a4694ffb73ce418e9555753641e9bf4620c5a5ca790c2a7f7b5153f3f,,12/05/2023 08:15:00 AM,30,TRAFFIC SIGNAL,FUNCTIONING PROPERLY,CLEAR,DAYLIGHT,TURNING,DIVIDED - W/MEDIAN (NOT RAISED),,STRAIGHT AND LEVEL,SNOW OR SLUSH,NO DEFECTS,NOT ON SCENE (DESK REPORT),INJURY AND / OR TOW DUE TO CRASH,,,Y,"$501 - $1,500",12/05/2023 10:35:00 AM,UNABLE TO DETERMINE,NOT APPLICABLE,4400,N,KOSTNER AVE,1722.0,,,,,,,2,"REPORTED, NOT EVIDENT",1.0,0.0,0.0,0.0,1.0,1.0,0.0,8,3,12,41.9609168841,-87.7385752933,POINT (-87.738575293291 41.960916884054)
658ab6b88b270494ef046dac74b8ae8690da15bef988e527b8530e442c867c48a83c89b7399d97f6186361d74ec20845ce37e78018f240a93cdcdd2af785a71f,,11/30/2022 08:43:00 AM,40,UNKNOWN,UNKNOWN,UNKNOWN,"DARKNESS, LIGHTED ROAD",REAR END,DIVIDED - W/MEDIAN BARRIER,,STRAIGHT AND LEVEL,UNKNOWN,UNKNOWN,NOT ON SCENE (DESK REPORT),NO INJURY / DRIVE AWAY,,,,"OVER $1,500",11/30/2022 03:33:00 PM,NOT APPLICABLE,NOT APPLICABLE,2600,N,LAKE SHORE DR SB,1935.0,,,,,,,2,NO INDICATION OF INJURY,0.0,0.0,0.0,0.0,0.0,2.0,0.0,8,4,11,41.9299205114,-87.6323006958,POINT (-87.632300695836 41.929920511441)
9d69554e760cdbeea6d0f6ffac2076fedb5b8713ea8e12d58b478bfee13c773387d38ae94268b801b0c13a3a6a65834cf29a615d3df5725a67487e974c0cb643,,12/21/2024 01:15:00 PM,30,TRAFFIC SIGNAL,OTHER,CLEAR,DAYLIGHT,ANGLE,NOT DIVIDED,,STRAIGHT AND LEVEL,DRY,NO DEFECTS,NOT ON SCENE (DESK REPORT),NO INJURY / DRIVE AWAY,,,,"OVER $1,500",12/21/2024 01:50:00 PM,UNABLE TO DETERMINE,NOT APPLICABLE,668,W,LAKE ST,1214.0,,,,,,,2,NO INDICATION OF INJURY,0.0,0.0,0.0,0.0,0.0,2.0,0.0,13,7,12,41.8858002526,-87.6453975739,POINT (-87.645397573858 41.88580025257)
b50ba63026c065a50af5d1a390c9d34e2ccf0b356fa9e76722c8747504121725d3cf2a7443151ccd79823675258402bacbe64a736c6f8f8507e4dcd192b5cce0,,10/07/2025 04:00:00 PM,30,STOP SIGN/FLASHER,FUNCTIONING PROPERLY,CLEAR,DAYLIGHT,TURNING,FOUR WAY,,STRAIGHT AND LEVEL,DRY,NO DEFECTS,NOT ON SCENE (DESK REPORT),NO INJURY / DRIVE AWAY,Y,,,$500 OR LESS,10/08/2025 04:00:00 PM,UNABLE TO DETERMINE,UNABLE TO DETERMINE,700,S,ASHLAND AVE,1231.0,,,,,,,2,NO INDICATION OF INJURY,0.0,0.0,0.0,0.0,0.0,2.0,0.0,16,3,10,41.8728345407,-87.6667160697,POINT (-87.666716069722 41.872834540669)
9ebbe8f51593e576418f98addb8907d49b97d0238d9ee292c32f00619defff873bfc899c1e5e2880d6e363bfbc565df798b87affdcb9dcf0d6c3b56d74a227b9,Y,06/13/2025 05:45:00 PM,30,NO CONTROLS,NO CONTROLS,CLEAR,DUSK,SIDESWIPE SAME DIRECTION,DIVIDED - W/MEDIAN (NOT RAISED),,STRAIGHT AND LEVEL,WET,UNKNOWN,NOT ON SCENE (DESK REPORT),NO INJURY / DRIVE AWAY,,,,"OVER $1,500",06/13/2025 06:45:00 PM,UNABLE TO DETERMINE,NOT APPLICABLE,6500,N,WESTERN AVE,2412.0,,,,,,,2,NO INDICATION OF INJURY,0.0,0.0,0.0,0.0,0.0,2.0,0.0,17,6,6,41.9996324383,-87.690080925,POINT (-87.690080925006 41.999632438278)
93bcce32ceb13292dbbc25881c1e50d3d9573ac3e2d36a23fed5ef3173861b2345e9046cf072a5eb9abcb96dd50e611bd03eb304425e70d31511aa85fe389c62,,04/03/2024 07:44:00 PM,10,NO CONTROLS,NO CONTROLS,RAIN,"DARKNESS, LIGHTED ROAD",PARKED MOTOR VEHICLE,PARKING LOT,,STRAIGHT AND LEVEL,WET,NO DEFECTS,ON SCENE,NO INJURY / DRIVE AWAY,,Y,Y,$500 OR LESS,04/03/2024 07:44:00 PM,IMPROPER BACKING,FAILING TO REDUCE SPEED TO AVOID CRASH,5210,N,BROADWAY,2013.0,,,,,,,2,NO INDICATION OF INJURY,0.0,0.0,0.0,0.0,0.0,4.0,0.0,19,4,4,41.9766938822,-87.6600229568,POINT (-87.660022956791 41.976693882241)
c02f5d870a049409bb6bc65ec521d01622e82916f7a59820dfef5626ef128b656d97a26421643b239bfe40184caf6e94fed8ea44f8a004c508b6e78004701375,,01/24/2025 08:00:00 AM,30,NO CONTROLS,NO CONTROLS,CLEAR,DAYLIGHT,REAR TO FRONT,NOT DIVIDED,,STRAIGHT AND LEVEL,DRY,NO DEFECTS,NOT ON SCENE (DESK REPORT),NO INJURY / DRIVE AWAY,,,Y,"OVER $1,500",01/24/2025 10:26:00 AM,UNABLE TO DETERMINE,UNABLE TO DETERMINE,3958,W,85TH ST,834.0,,,,,,,2,NO INDICATION OF INJURY,0.0,0.0,0.0,0.0,0.0,2.0,0.0,8,6,1,41.7386295537,-87.7214421086,POINT (-87.721442108639 41.738629553676)
37c0c3474a2e6f09de12a24a7d7ea6a3df38c016f755886472c62eb3010bc61d285886d52ef3e8967186099c24e0ebb293a5efda99ca83592c0c99a756c0e637,,03/15/2019 12:20:00 PM,30,TRAFFIC SIGNAL,FUNCTIONING PROPERLY,CLEAR,DAYLIGHT,TURNING,DIVIDED - W/MEDIAN (NOT RAISED),4,STRAIGHT AND LEVEL,WET,NO DEFECTS,NOT ON SCENE (DESK REPORT),NO INJURY / DRIVE AWAY,Y,,,"$501 - $1,500",03/15/2019 01:20:00 PM,FOLLOWING TOO CLOSELY,NOT APPLICABLE,1200,S,INDIANA AVE,132.0,,,,,,,2,NO INDICATION OF INJURY,0.0,0.0,0.0,0.0,0.0,3.0,0.0,12,6,3,41.8673978764,-87.6227005116,POINT (-87.622700511583 41.867397876393)
2c29e08dd17b2379acf7d0cd477b3f7da9af1d091665511f44b2f3674ed9792a1ba9da5b56c90d4c43fd3b8429d1954fef18defa80d550d9d6aad4a3fccc61c2,,07/10/2018 03:00:00 PM,30,NO CONTROLS,NO CONTROLS,CLEAR,DAYLIGHT,PARKED MOTOR VEHICLE,ONE-WAY,1,STRAIGHT AND LEVEL,DRY,NO DEFECTS,NOT ON SCENE (DESK REPORT),NO INJURY / DRIVE AWAY,,,Y,"$501 - $1,500",07/10/2018 04:15:00 PM,"OPERATING VEHICLE IN ERRATIC, RECKLESS, CARELESS, NEGLIGENT OR AGGRESSIVE MANNER",NOT APPLICABLE,2021,N,SAWYER AVE,1413.0,,,,,,,2,NO INDICATION OF INJURY,0.0,0.0,0.0,0.0,0.0,1.0,0.0,15,3,7,41.9180393316,-87.7087981845,POINT (-87.708798184528 41.918039331606)
5bdfbaf1f3b9ba44045077d3ba829d2f5e79769478c0b8610b527691015b58a504ac3b93037d71b6c24c758090b0bfcd000c94d8a33cc1006c7a8931e58bd31c,,02/05/2024 03:20:00 PM,30,PEDESTRIAN CROSSING SIGN,OTHER,CLEAR,DAYLIGHT,REAR END,DIVIDED - W/MEDIAN (NOT RAISED),,STRAIGHT AND LEVEL,DRY,NO DEFECTS,NOT ON SCENE (DESK REPORT),NO INJURY / DRIVE AWAY,,,Y,"$501 - $1,500",02/05/2024 06:15:00 PM,FAILING TO YIELD RIGHT-OF-WAY,UNABLE TO DETERMINE,2248,W,MARQUETTE RD,832.0,,,,,,,2,NO INDICATION OF INJURY,0.0,0.0,0.0,0.0,0.0,7.0,0.0,15,2,2,41.772098661,-87.6808307827,POINT (-87.680830782693 41.772098661049)