CRASH_RECORD_ID,CRASH_DATE_EST_I,CRASH_DATE,POSTED_SPEED_LIMIT,TRAFFIC_CONTROL_DEVICE,DEVICE_CONDITION,WEATHER_CONDITION,LIGHTING_CONDITION,FIRST_CRASH_TYPE,TRAFFICWAY_TYPE,LANE_CNT,ALIGNMENT,ROADWAY_SURFACE_COND,ROAD_DEFECT,REPORT_TYPE,CRASH_TYPE,INTERSECTION_RELATED_I,NOT_RIGHT_OF_WAY_I,HIT_AND_RUN_I,DAMAGE,DATE_POLICE_NOTIFIED,PRIM_CONTRIBUTORY_CAUSE,SEC_CONTRIBUTORY_CAUSE,STREET_NO,STREET_DIRECTION,STREET_NAME,BEAT_OF_OCCURRENCE,PHOTOS_TAKEN_I,STATEMENTS_TAKEN_I,DOORING_I,WORK_ZONE_I,WORK_ZONE_TYPE,WORKERS_PRESENT_I,NUM_UNITS,MOST_SEVERE_INJURY,INJURIES_TOTAL,INJURIES_FATAL,INJURIES_INCAPACITATING,INJURIES_NON_INCAPACITATING,INJURIES_REPORTED_NOT_EVIDENT,INJURIES_NO_INDICATION,INJURIES_UNKNOWN,CRASH_HOUR,CRASH_DAY_OF_WEEK,CRASH_MONTH,LATITUDE,LONGITUDE,LOCATION
d2997509a6f6b9707c2084e5d753bece82cea7b6f71484cd7110a6928b26e1fecd06dbbddfcbc78e51fc2e66228861796a4b3cbc2ae5cb1dc59786e0502eb2b2,,04/25/2019 03:00:00 PM,30,STOP SIGN/FLASHER,FUNCTIONING PROPERLY,CLEAR,DAYLIGHT,ANGLE,NOT DIVIDED,,STRAIGHT AND LEVEL,DRY,NO DEFECTS,NOT ON SCENE (DESK REPORT),NO INJURY / DRIVE AWAY,Y,,Y,"$501 - $1,500",04/25/2019 04:00:00 PM,FAILING TO YIELD RIGHT-OF-WAY,FAILING TO REDUCE SPEED TO AVOID CRASH,7059,W,GRAND AVE,2512.0,,,,,,,2,NO INDICATION OF INJURY,0.0,0.0,0.0,0.0,0.0,2.0,0.0,15,5,4,41.9234329711,-87.8024808145,POINT (-87.80248081452 41.923432971056)
a576591cf8f1cace524cff6e9597fd89a66888cc38e580b450d2d5a1cddb9887b3d566775e63cd2b40f547cf0d93a749bde10aabe35d39c651c852b540b256dc,,09/22/2017 08:05:00 AM,15,NO CONTROLS,NO CONTROLS,CLEAR,DAYLIGHT,FIXED OBJECT,ALLEY,1,STRAIGHT AND LEVEL,DRY,NO DEFECTS,NOT ON SCENE (DESK REPORT),NO INJURY / DRIVE AWAY,,,,"OVER $1,500",09/22/2017 08:17:00 AM,NOT APPLICABLE,NOT APPLICABLE,131,S,PULASKI RD,1122.0,,,,,,,1,NO INDICATION OF INJURY,0.0,0.0,0.0,0.0,0.0,2.0,0.0,8,6,9,41.878917365,-87.7254617841,POINT (-87.725461784082 41.878917364971)
f63f03b110e15fa883cbab88966c68caa826c259f2bcaf29fd68e0fe29193b5a750852c5d76c56036f39870bfe853b353be3dd38197bcb61427beb6e1e2e3b02,,08/12/2019 04:30:00 PM,30,TRAFFIC SIGNAL,FUNCTIONING PROPERLY,CLEAR,DAYLIGHT,REAR END,DIVIDED - W/MEDIAN (NOT RAISED),,STRAIGHT AND LEVEL,DRY,UNKNOWN,NOT ON SCENE (DESK REPORT),NO INJURY / DRIVE AWAY,Y,,,"OVER $1,500",08/12/2019 06:50:00 PM,FOLLOWING TOO CLOSELY,UNABLE TO DETERMINE,2249,N,CLYBOURN AVE,1811.0,,,,,,,3,NO INDICATION OF INJURY,0.0,0.0,0.0,0.0,0.0,3.0,0.0,16,2,8,41.9225930473,-87.6655480399,POINT (-87.66554803985 41.922593047323)
8cadc7ac9fd924c351df4d29d2150e45f1f44039fce6469c1ed446112e1c45a328cc555674b8eef0f4eb28c030e40c0119109f2bc4d089a436252e5e921853c8,,03/23/2023 05:30:00 PM,30,UNKNOWN,UNKNOWN,CLEAR,DAYLIGHT,PARKED MOTOR VEHICLE,NOT DIVIDED,,STRAIGHT AND LEVEL,UNKNOWN,UNKNOWN,NOT ON SCENE (DESK REPORT),NO INJURY / DRIVE AWAY,,,,"$501 - $1,500",03/23/2023 06:02:00 PM,IMPROPER OVERTAKING/PASSING,UNABLE TO DETERMINE,4640,N,SHERIDAN RD,1914.0,,,,,,,2,NO INDICATION OF INJURY,0.0,0.0,0.0,0.0,0.0,8.0,0.0,17,5,3,41.9666666771,-87.6549419082,POINT (-87.654941908198 41.966666677115)
8dec4bfff3f11023b0084e40cd92a5e3b8b56732bf8faf6f23338ae2aea5cf87515e125b6589e74cd7e28b63a1ff8555fb7db65166934420faacde44ddf98ea7,,07/27/2024 05:00:00 PM,30,NO CONTROLS,NO CONTROLS,CLEAR,DAYLIGHT,REAR END,NOT DIVIDED,,STRAIGHT AND LEVEL,DRY,NO DEFECTS,NOT ON SCENE (DESK REPORT),NO INJURY / DRIVE AWAY,,,,"OVER $1,500",07/27/2024 05:41:00 PM,FOLLOWING TOO CLOSELY,NOT APPLICABLE,3749,W,55TH ST,822.0,,,,,,,2,NO INDICATION OF INJURY,0.0,0.0,0.0,0.0,0.0,2.0,0.0,17,7,7,41.7931716567,-87.7178794755,POINT (-87.717879475506 41.793171656747)
f24071788feb542c48ee610cb647bd8cdeb3bf0c913075031fa57dea78deeb3bba6d28362acca3f6c35ec4dc63497d0d807b01e3b279c41442b0804eb44d676d,,02/16/2023 07:40:00 PM,30,TRAFFIC SIGNAL,FUNCTIONING PROPERLY,SNOW,"DARKNESS, LIGHTED ROAD",PEDESTRIAN,FOUR WAY,,STRAIGHT AND LEVEL,SNOW OR SLUSH,NO DEFECTS,NOT ON SCENE (DESK REPORT),INJURY AND / OR TOW DUE TO CRASH,,,,"$501 - $1,500",02/17/2023 05:45:00 PM,FAILING TO YIELD RIGHT-OF-WAY,NOT APPLICABLE,4115,W,FULLERTON AVE,2525.0,,,,,,,2,NONINCAPACITATING INJURY,1.0,0.0,0.0,1.0,0.0,1.0,0.0,19,5,2,41.9243400254,-87.7298724153,POINT (-87.729872415281 41.924340025368)
86dcda0353f9f0150ff5e8ebbc3388ceae857000f95c62de2c7b02712498b3689be936beea927006cc9c50625a64f164b9f4883b12d5229add4d151c88022dec,,11/22/2023 08:22:00 PM,30,TRAFFIC SIGNAL,FUNCTIONING PROPERLY,CLEAR,"DARKNESS, LIGHTED ROAD",REAR END,DIVIDED - W/MEDIAN BARRIER,,STRAIGHT AND LEVEL,DRY,UNKNOWN,NOT ON SCENE (DESK REPORT),NO INJURY / DRIVE AWAY,,,Y,"OVER $1,500",11/23/2023 01:30:00 PM,NOT APPLICABLE,FAILING TO REDUCE SPEED TO AVOID CRASH,341,N,AUSTIN BLVD,1512.0,,,,,,,2,NO INDICATION OF INJURY,0.0,0.0,0.0,0.0,0.0,2.0,0.0,20,4,11,41.8867515725,-87.7747233049,POINT (-87.774723304929 41.886751572536)
bf965d070b04ff9e830c43cf11491ce7c4145087f02d1b4ebdef7d840d717c0dc0113d03b22cec791392c875984b9893bd53e3bda8407c688eeaebca654d8e82,,01/10/2024 05:30:00 PM,30,NO CONTROLS,NO CONTROLS,CLEAR,"DARKNESS, LIGHTED ROAD",SIDESWIPE SAME DIRECTION,ONE-WAY,,STRAIGHT AND LEVEL,DRY,NO DEFECTS,NOT ON SCENE (DESK REPORT),NO INJURY / DRIVE AWAY,,,,"$501 - $1,500",01/13/2024 06:00:00 PM,DRIVING SKILLS/KNOWLEDGE/EXPERIENCE,UNABLE TO DETERMINE,46,N,CANAL ST,121.0,,,,,,,2,NO INDICATION OF INJURY,0.0,0.0,0.0,0.0,0.0,2.0,0.0,17,4,1,41.8831063882,-87.6398802843,POINT (-87.639880284264 41.88310638818)
03350fe4919bb97c51ba2121d51a4fdec0346934e75d39db0631f7e6e3407b3667d6cadba91d9b1ca6b3e55be893d0c6bd7775d42ba9dd6cca8049c2542cf687,,10/08/2018 02:12:00 AM,30,NO CONTROLS,NO CONTROLS,CLEAR,"DARKNESS, LIGHTED ROAD",SIDESWIPE SAME DIRECTION,DIVIDED - W/MEDIAN (NOT RAISED),4,STRAIGHT AND LEVEL,WET,NO DEFECTS,ON SCENE,NO INJURY / DRIVE AWAY,,,Y,"OVER $1,500",10/08/2018 02:13:00 AM,FAILING TO REDUCE SPEED TO AVOID CRASH,NOT APPLICABLE,6654,S,ASHLAND AVE,725.0,,,,,,,2,NO INDICATION OF INJURY,0.0,0.0,0.0,0.0,0.0,3.0,0.0,2,2,10,41.7723932329,-87.6641746557,POINT (-87.664174655674 41.772393232857)
ff5062fcb68f458974539ca4dfa79ae14b89c458efb98af998fcdae88dc0c045ddebcf02468338b357b1f62501e5425d2033917b6c28dfe718a9d2cac816bdb5,,09/16/2023 04:04:00 PM,30,NO CONTROLS,NO CONTROLS,RAIN,DAYLIGHT,ANGLE,NOT DIVIDED,,STRAIGHT AND LEVEL,WET,UNKNOWN,ON SCENE,NO INJURY / DRIVE AWAY,,,Y,"OVER $1,500",09/16/2023 04:17:00 PM,UNABLE TO DETERMINE,UNABLE TO DETERMINE,1948,W,FULTON ST,1223.0,,,,,,,2,NO INDICATION OF INJURY,0.0,0.0,0.0,0.0,0.0,3.0,0.0,16,7,9,41.8868887116,-87.6762930368,POINT (-87.676293036763 41.886888711585)
1dccc44c358530064f3f69aad86be5fb9b73cf073b77892d4d0afcef6dd5288c1293ba7aaf7f99eb3e27556cb91650843d59f737d054d56e494b857cde5fcb22,,06/14/2020 02:00:00 AM,30,NO CONTROLS,NO CONTROLS,CLEAR,"DARKNESS, LIGHTED ROAD",TURNING,NOT DIVIDED,,STRAIGHT AND LEVEL,DRY,NO DEFECTS,ON SCENE,INJURY AND / OR TOW DUE TO CRASH,,,Y,"OVER $1,500",06/14/2020 02:07:00 AM,UNABLE TO DETERMINE,UNABLE TO DETERMINE,866,W,100TH ST,2232.0,,,,,,,2,NO INDICATION OF INJURY,0.0,0.0,0.0,0.0,0.0,3.0,0.0,2,1,6,41.7124534821,-87.645345492,POINT (-87.645345491984 41.712453482089)
c3a4d5fcea8f0a255b5e2524c8d83baf23d387e12d27187c73830e0ea7613ebe90b92dc99d621e628f329f7ac1d1467bdb6c34e9bb4e0372fe89ff4630e0df33,,01/14/2019 09:00:00 AM,35,NO CONTROLS,NO CONTROLS,CLEAR,DAYLIGHT,TURNING,DIVIDED - W/MEDIAN BARRIER,5,STRAIGHT AND LEVEL,WET,NO DEFECTS,ON SCENE,INJURY AND / OR TOW DUE TO CRASH,,,Y,"OVER $1,500",01/14/2019 09:06:00 AM,FAILING TO YIELD RIGHT-OF-WAY,UNABLE TO DETERMINE,731,E,130TH ST,533.0,,,,,,,3,NO INDICATION OF INJURY,0.0,0.0,0.0,0.0,0.0,5.0,0.0,9,2,1,41.6590391737,-87.6034845238,POINT (-87.603484523839 41.659039173701)
4c656827690799c551d8f582e411c60346112da218f550b9b4b8fc8203a7f235cdc77389740f378b288599d560822654e4cc6bb718c7aebc9f407f7700429670,,03/17/2025 01:15:00 PM,30,UNKNOWN,UNKNOWN,UNKNOWN,UNKNOWN,TURNING,UNKNOWN,,STRAIGHT AND LEVEL,UNKNOWN,UNKNOWN,NOT ON SCENE (DESK REPORT),NO INJURY / DRIVE AWAY,,,Y,"OVER $1,500",03/17/2025 04:50:00 PM,UNABLE TO DETERMINE,NOT APPLICABLE,4832,N,MILWAUKEE AVE,1623.0,,,,,,,2,NO INDICATION OF INJURY,0.0,0.0,0.0,0.0,0.0,4.0,0.0,13,2,3,41.968631529,-87.7615693495,POINT (-87.761569349479 41.968631529049)
ba5c1ef9cbfb542f30816be5c013e4d3c7a5ec0b06605ef3df2775d9b1e94b4b85050348d2a08bcdb45770e25b7b6a67ec45734504ef167b1087acb9c8a9d112,Y,04/25/2024 02:00:00 PM,30,NO CONTROLS,NO CONTROLS,UNKNOWN,UNKNOWN,PARKED MOTOR VEHICLE,NOT DIVIDED,,STRAIGHT AND LEVEL,UNKNOWN,UNKNOWN,NOT ON SCENE (DESK REPORT),NO INJURY / DRIVE AWAY,,,Y,"OVER $1,500",04/29/2024 12:10:00 PM,UNABLE TO DETERMINE,UNABLE TO DETERMINE,6200,N,SAYRE AVE,1611.0,,,,,,,2,NO INDICATION OF INJURY,0.0,0.0,0.0,0.0,0.0,1.0,0.0,14,5,4,41.9943963947,-87.8023944359,POINT (-87.802394435869 41.994396394735)
2d08c773d4d386e76c01e0b789c0f8badbba6aac697a0bfc049aadbae1dea6e9282ba50c19999be5e017b7ed46c996f5ed54e3d9b6f3cc09523ba1d610d02a99,Y,04/10/2023 09:00:00 PM,30,TRAFFIC SIGNAL,FUNCTIONING PROPERLY,CLEAR,DARKNESS,REAR END,NOT DIVIDED,,STRAIGHT AND LEVEL,DRY,NO DEFECTS,ON SCENE,INJURY AND / OR TOW DUE TO CRASH,,,,"OVER $1,500",04/10/2023 11:50:00 PM,UNABLE TO DETERMINE,NOT APPLICABLE,5358,S,PULASKI RD,815.0,,,,,,,2,NONINCAPACITATING INJURY,2.0,0.0,0.0,2.0,0.0,1.0,0.0,21,2,4,41.7951395437,-87.7233624082,POINT (-87.723362408186 41.795139543682)
00b4180128734f82eb8d5c3de94a4f212b409b5e404ad448e805e5d40e8b60870705fdafe546027fd61bbe4ff9fb40701987f0ad910b0c0d72c831ebbfdf9bb0,,05/09/2024 09:15:00 PM,30,NO CONTROLS,NO CONTROLS,CLEAR,DARKNESS,REAR END,NOT DIVIDED,,STRAIGHT AND LEVEL,WET,UNKNOWN,ON SCENE,NO INJURY / DRIVE AWAY,,,,$500 OR LESS,05/09/2024 09:26:00 PM,FOLLOWING TOO CLOSELY,FOLLOWING TOO CLOSELY,365,N,HALSTED ST,1214.0,,,,,,,2,NO INDICATION OF INJURY,0.0,0.0,0.0,0.0,0.0,4.0,0.0,21,5,5,41.8886812398,-87.6474228478,POINT (-87.647422847763 41.888681239762)
ee582396b4aacb29aac5da74abf486b03238b94ccd56c0048f04d1a8af63a9699384d8bb4dc92b085eb97a3008e2f2943f2236ca7ef86657b63caa942305c465,,09/03/2023 05:11:00 PM,30,NO CONTROLS,NO CONTROLS,CLEAR,DAYLIGHT,REAR END,NOT DIVIDED,,STRAIGHT AND LEVEL,DRY,UNKNOWN,NOT ON SCENE (DESK REPORT),NO INJURY / DRIVE AWAY,,,Y,"OVER $1,500",09/03/2023 05:32:00 PM,NOT APPLICABLE,FAILING TO REDUCE SPEED TO AVOID CRASH,543,S,CICERO AVE,1131.0,,,,,,,3,NO INDICATION OF INJURY,0.0,0.0,0.0,0.0,0.0,3.0,0.0,17,1,9,41.8731907046,-87.7448531634,POINT (-87.744853163395 41.873190704639)
f2a9ce694c9d4d44968dc959358a9df63a3c635ef4c6297c38c96e1b228f96c057cb547d1a9ea62d71444cb1ddf80628f68ea9d41b38a86465b76f45dbcebbe5,,09/03/2025 07:38:00 AM,30,NO CONTROLS,NO CONTROLS,CLEAR,DAYLIGHT,TURNING,DIVIDED - W/MEDIAN (NOT RAISED),,STRAIGHT AND LEVEL,DRY,NO DEFECTS,NOT ON SCENE (DESK REPORT),NO INJURY / DRIVE AWAY,,,,"OVER $1,500",09/04/2025 12:15:00 PM,UNABLE TO DETERMINE,UNABLE TO DETERMINE,3955,N,PULASKI RD,1732.0,,,,,,,2,NO INDICATION OF INJURY,0.0,0.0,0.0,0.0,0.0,2.0,0.0,7,4,9,41.9534846228,-87.7274657535,POINT (-87.727465753453 41.953484622812)
462e8c0e56685b5689b21224ce9ec011be1d963b4525a1cd2a77d5db8abcb74847e0cafe80ecba677c3fe04c1ce22a91cc55872b0394014d2e1e56953bcaa741,,12/12/2023 11:00:00 AM,30,NO CONTROLS,NO CONTROLS,CLEAR,DAYLIGHT,PARKED MOTOR VEHICLE,ONE-WAY,,STRAIGHT AND LEVEL,DRY,UNKNOWN,NOT ON SCENE (DESK REPORT),NO INJURY / DRIVE AWAY,,,Y,"OVER $1,500",12/12/2023 05:55:00 PM,NOT APPLICABLE,UNABLE TO DETERMINE,3800,W,15TH ST,1011.0,,,,,,,2,NO INDICATION OF INJURY,0.0,0.0,0.0,0.0,0.0,1.0,0.0,11,3,12,41.8608582866,-87.720199371,POINT (-87.720199370969 41.860858286607)
5236d008d5f0a76d6248e58e291de28174b1a0242ba3ceaf32eef83a8e3564e51274e00ce432dd09c567c3fd060028481cd3d52375d067367245d56a444df544,,12/12/2018 08:30:00 AM,35,STOP SIGN/FLASHER,NO CONTROLS,CLEAR,DAYLIGHT,TURNING,NOT DIVIDED,,STRAIGHT AND LEVEL,DRY,UNKNOWN,NOT ON SCENE (DESK REPORT),NO INJURY / DRIVE AWAY,,,,$500 OR LESS,12/12/2018 11:00:00 AM,IMPROPER LANE USAGE,IMPROPER TURNING/NO SIGNAL,500,S,DAMEN AVE,1225.0,,,,,,,2,NO INDICATION OF INJURY,0.0,0.0,0.0,0.0,0.0,2.0,0.0,8,4,12,41.8749696849,-87.6766322963,POINT (-87.67663229632 41.874969684894)
88b7a348378fbe144320715bec860bdcc6f6836c107b1bd82c4009c9cd928b19a3adeb6f9a23bd4d8faafb67d2adcf0ef58c605360e2ae0071ed162432109881,,04/11/2020 02:09:00 AM,30,NO CONTROLS,UNKNOWN,CLEAR,"DARKNESS, LIGHTED ROAD",FIXED OBJECT,NOT DIVIDED,,STRAIGHT AND LEVEL,DRY,NO DEFECTS,ON SCENE,INJURY AND / OR TOW DUE TO CRASH,,,,"OVER $1,500",04/11/2020 02:09:00 AM,UNABLE TO DETERMINE,UNABLE TO DETERMINE,7200,S,KIMBARK AVE,324.0,,,,,,,1,,,,,,,,,2,7,4,41.7641291694,-87.5935189803,POINT (-87.593518980251 41.764129169373)
40751e585ffb6f7c30b25dc95fff87179dca94027734022a2eef81c5f98dfdaaf8688584984624f9a057b81d69edac8655ca712a23b202615dcfca8d69254a0e,,08/31/2018 04:34:00 PM,25,NO CONTROLS,NO CONTROLS,CLEAR,DAYLIGHT,REAR END,DIVIDED - W/MEDIAN (NOT RAISED),2,STRAIGHT AND LEVEL,DRY,NO DEFECTS,ON SCENE,NO INJURY / DRIVE AWAY,,,,"OVER $1,500",08/31/2018 04:40:00 PM,FAILING TO REDUCE SPEED TO AVOID CRASH,DRIVING SKILLS/KNOWLEDGE/EXPERIENCE,1601,S,SACRAMENTO DR,1022.0,,,,,,,2,NO INDICATION OF INJURY,0.0,0.0,0.0,0.0,0.0,2.0,0.0,16,6,8,41.859334847,-87.7015909966,POINT (-87.701590996636 41.859334847022)
185a02ab66f162d2079137b0fcbf3e24a9b4c1f57d52f07dd494d163358c4a62e8d638bf4e0da7bae8a4af86c6ff0444ba62d1c5fa75af285ab27aa89367622a,,04/29/2019 09:56:00 AM,35,NO CONTROLS,NO CONTROLS,RAIN,DAYLIGHT,SIDESWIPE SAME DIRECTION,NOT DIVIDED,,STRAIGHT AND LEVEL,WET,NO DEFECTS,NOT ON SCENE (DESK REPORT),NO INJURY / DRIVE AWAY,,,,"$501 - $1,500",04/29/2019 11:00:00 AM,FAILING TO YIELD RIGHT-OF-WAY,UNABLE TO DETERMINE,1134,W,ARMITAGE AVE,1811.0,,,,,,,2,NO INDICATION OF INJURY,0.0,0.0,0.0,0.0,0.0,2.0,0.0,9,2,4,41.9181648087,-87.6568628321,POINT (-87.656862832138 41.918164808733)
d3cae51328bdedbcd1af4d81b5e12f88b40081d375fb64b6a61658babc05508e7e1110d51860b2d6abac34dd88c7dc6f78cede5189f542604ae3dd55ab198648,,11/27/2023 10:13:00 PM,30,TRAFFIC SIGNAL,FUNCTIONING PROPERLY,CLEAR,"DARKNESS, LIGHTED ROAD",TURNING,NOT DIVIDED,,STRAIGHT AND LEVEL,DRY,NO DEFECTS,ON SCENE,NO INJURY / DRIVE AWAY,Y,,Y,"OVER $1,500",11/27/2023 10:50:00 PM,FAILING TO YIELD RIGHT-OF-WAY,TURNING RIGHT ON RED,6201,N,BROADWAY,2433.0,Y,,,,,,2,NO INDICATION OF INJURY,0.0,0.0,0.0,0.0,0.0,3.0,0.0,22,2,11,41.9946456494,-87.6602615002,POINT (-87.660261500187 41.994645649373)
9655ebbd4321b1b833b3be8362ab65b4d340336f2fb3b6766167472cabe2843ce2cc38b89ccf81ea3371dfac2b37edc9133f477a047ee189c709773aca801dfa,,02/14/2019 01:10:00 PM,40,NO CONTROLS,NO CONTROLS,CLEAR,DAYLIGHT,OTHER NONCOLLISION,DIVIDED - W/MEDIAN BARRIER,6,STRAIGHT AND LEVEL,DRY,"RUT, HOLES",NOT ON SCENE (DESK REPORT),NO INJURY / DRIVE AWAY,,,,$500 OR LESS,02/19/2019 06:00:00 PM,ROAD ENGINEERING/SURFACE/MARKING DEFECTS,ROAD ENGINEERING/SURFACE/MARKING DEFECTS,1400,S,LAKE SHORE DR W,132.0,,,,,,,1,NO INDICATION OF INJURY,0.0,0.0,0.0,0.0,0.0,1.0,0.0,13,5,2,41.8640356398,-87.6192970692,POINT (-87.619297069192 41.864035639814)
070d59920cd43bd77bd12da1cfb36197e994587445dba1838f04af1c466bd9c2d73ff450895aeccd9b9d853284255406ef4f3af11297aa51591c9db0547dde66,,08/12/2023 01:32:00 PM,30,NO CONTROLS,NO CONTROLS,CLEAR,DAYLIGHT,PEDESTRIAN,ONE-WAY,,STRAIGHT AND LEVEL,DRY,NO DEFECTS,ON SCENE,INJURY AND / OR TOW DUE TO CRASH,Y,,N,"OVER $1,500",08/12/2023 01:32:00 PM,UNDER THE INFLUENCE OF ALCOHOL/DRUGS (USE WHEN ARREST IS EFFECTED),UNDER THE INFLUENCE OF ALCOHOL/DRUGS (USE WHEN ARREST IS EFFECTED),4359,N,MONTICELLO AVE,1723.0,,,,,,,7,NONINCAPACITATING INJURY,1.0,0.0,0.0,1.0,0.0,2.0,0.0,13,7,8,41.9609652871,-87.7191072908,POINT (-87.719107290751 41.960965287138)
d4d9f28c41476883e63d775a4b8881620306057796cb2985807a2fbe165c04e14e2c85798d85d7181ce20caeffb34fde7eebacc31d1da30ed43f7e404d31f9a3,,04/05/2024 08:17:00 PM,35,STOP SIGN/FLASHER,FUNCTIONING PROPERLY,CLEAR,"DARKNESS, LIGHTED ROAD",ANGLE,FOUR WAY,,STRAIGHT AND LEVEL,DRY,NO DEFECTS,ON SCENE,INJURY AND / OR TOW DUE TO CRASH,Y,,,"OVER $1,500",04/05/2024 08:17:00 PM,FAILING TO YIELD RIGHT-OF-WAY,FAILING TO YIELD RIGHT-OF-WAY,10800,S,AVENUE O,432.0,,,,,,,2,NONINCAPACITATING INJURY,2.0,0.0,0.0,2.0,0.0,1.0,0.0,20,6,4,41.6990422698,-87.5402330703,POINT (-87.540233070295 41.699042269751)
a0b21cc6dd049b5904be42088b29b07447f73aaae5dd3bfa8db65b1068b3e034ea385941ce5dc119118a5a99873dee271b119abe6fbc7283ef219f535e4a018b,,09/11/2015 02:00:00 PM,30,NO CONTROLS,FUNCTIONING PROPERLY,CLEAR,DAYLIGHT,REAR END,DIVIDED - W/MEDIAN BARRIER,6,STRAIGHT AND LEVEL,DRY,NO DEFECTS,NOT ON SCENE (DESK REPORT),NO INJURY / DRIVE AWAY,,,,"OVER $1,500",09/14/2015 09:45:00 AM,IMPROPER BACKING,IMPROPER BACKING,2124,W,GARFIELD BLVD,932.0,,,,,,,2,NO INDICATION OF INJURY,0.0,0.0,0.0,0.0,0.0,3.0,0.0,14,6,9,41.793989142,-87.6777465708,POINT (-87.677746570778 41.793989141954)
0ef1f45e401098c952eae8158bfa85e6205a5225f417d4e038d7978cb742f19d382d98c23eadb8bf94ee7f804bc3d4c129f7946bd45aeb66714125068dbf0897,,05/08/2019 03:30:00 PM,30,NO CONTROLS,NO CONTROLS,CLEAR,DAYLIGHT,ANGLE,Y-INTERSECTION,,STRAIGHT AND LEVEL,DRY,NO DEFECTS,ON SCENE,INJURY AND / OR TOW DUE TO CRASH,Y,,,"OVER $1,500",05/08/2019 03:35:00 PM,FAILING TO YIELD RIGHT-OF-WAY,NOT APPLICABLE,10188,S,VINCENNES AVE,2213.0,,,,,,,2,NO INDICATION OF INJURY,0.0,0.0,0.0,0.0,0.0,4.0,0.0,15,4,5,41.7089690565,-87.6553718995,POINT (-87.655371899452 41.708969056499)
4f8231a5ef951cbde090ff606fde94e144a932152a15f78905132cc751f440811e4677184a4f6fad8f77f6fa589654652e61d6fdd0c8682aa871dfde418de49b,,01/10/2025 04:13:00 AM,30,TRAFFIC SIGNAL,FUNCTIONING PROPERLY,CLEAR,"DARKNESS, LIGHTED ROAD",FIXED OBJECT,NOT REPORTED,,STRAIGHT AND LEVEL,DRY,NO DEFECTS,ON SCENE,INJURY AND / OR TOW DUE TO CRASH,Y,,,"OVER $1,500",01/10/2025 04:13:00 AM,UNABLE TO DETERMINE,UNABLE TO DETERMINE,2401,W,VAN BUREN ST,1135.0,,,,,,,1,NO INDICATION OF INJURY,0.0,0.0,0.0,0.0,0.0,1.0,0.0,4,6,1,41.8759725306,-87.6863294878,POINT (-87.686329487776 41.875972530571)
0ec2651ae592be89d84ccc2fe2c1134b07d44dd5501f80f42ebf0aad083a0d4834403eba30205dcbc370bb41278c1c4e3922c77761176b38d4eb4ae6440f9d5d,,03/09/2024 11:49:00 PM,30,NO CONTROLS,NO CONTROLS,CLEAR,"DARKNESS, LIGHTED ROAD",SIDESWIPE SAME DIRECTION,FOUR WAY,,STRAIGHT AND LEVEL,DRY,UNKNOWN,ON SCENE,NO INJURY / DRIVE AWAY,,,Y,"OVER $1,500",03/10/2024 12:02:00 AM,IMPROPER TURNING/NO SIGNAL,IMPROPER TURNING/NO SIGNAL,1202,N,LAKE SHORE DR,1824.0,,,,,,,2,NO INDICATION OF INJURY,0.0,0.0,0.0,0.0,0.0,2.0,0.0,23,7,3,41.9040964139,-87.6251755681,POINT (-87.62517556815 41.904096413919)
b3f16f6678906eec65808bad3a9bcc2387f86cfbc974fcc1530551e54c552d11668d94695c15b98bb165714f0ef634b12b43afca2cac5ec393607397961372d2,,10/11/2016 10:30:00 PM,30,NO CONTROLS,NO CONTROLS,CLEAR,DARKNESS,OTHER NONCOLLISION,PARKING LOT,,STRAIGHT AND LEVEL,DRY,"RUT, HOLES",NOT ON SCENE (DESK REPORT),NO INJURY / DRIVE AWAY,,Y,,"OVER $1,500",11/02/2016 09:35:00 AM,ROAD ENGINEERING/SURFACE/MARKING DEFECTS,NOT APPLICABLE,8059,S,ASHLAND AVE,612.0,,,,,,,1,NO INDICATION OF INJURY,0.0,0.0,0.0,0.0,0.0,1.0,0.0,22,3,10,41.7468073026,-87.6632001593,POINT (-87.663200159282 41.746807302596)
d9eb2de94a9bce9a39b4b6c7ec47612ebfadccb1600a599a35b331bb46e4fff4362f3a0f81aec613f69c4fc3524150068499e200ab72db89061dd06f618f5ff4,,10/30/2017 11:21:00 AM,30,NO CONTROLS,NO CONTROLS,CLEAR,DAYLIGHT,FIXED OBJECT,RAMP,6,STRAIGHT ON GRADE,DRY,NO DEFECTS,ON SCENE,INJURY AND / OR TOW DUE TO CRASH,,,,"OVER $1,500",10/30/2017 11:21:00 AM,DISTRACTION - FROM OUTSIDE VEHICLE,DRIVING SKILLS/KNOWLEDGE/EXPERIENCE,431,S,LOWER WACKER DR XR,123.0,,,,,,,1,NO INDICATION OF INJURY,0.0,0.0,0.0,0.0,0.0,1.0,0.0,11,2,10,41.8753844059,-87.6339022716,POINT (-87.633902271609 41.875384405873)