CRASH_RECORD_ID,CRASH_DATE_EST_I,CRASH_DATE,POSTED_SPEED_LIMIT,TRAFFIC_CONTROL_DEVICE,DEVICE_CONDITION,WEATHER_CONDITION,LIGHTING_CONDITION,FIRST_CRASH_TYPE,TRAFFICWAY_TYPE,LANE_CNT,ALIGNMENT,ROADWAY_SURFACE_COND,ROAD_DEFECT,REPORT_TYPE,CRASH_TYPE,INTERSECTION_RELATED_I,NOT_RIGHT_OF_WAY_I,HIT_AND_RUN_I,DAMAGE,DATE_POLICE_NOTIFIED,PRIM_CONTRIBUTORY_CAUSE,SEC_CONTRIBUTORY_CAUSE,STREET_NO,STREET_DIRECTION,STREET_NAME,BEAT_OF_OCCURRENCE,PHOTOS_TAKEN_I,STATEMENTS_TAKEN_I,DOORING_I,WORK_ZONE_I,WORK_ZONE_TYPE,WORKERS_PRESENT_I,NUM_UNITS,MOST_SEVERE_INJURY,INJURIES_TOTAL,INJURIES_FATAL,INJURIES_INCAPACITATING,INJURIES_NON_INCAPACITATING,INJURIES_REPORTED_NOT_EVIDENT,INJURIES_NO_INDICATION,INJURIES_UNKNOWN,CRASH_HOUR,CRASH_DAY_OF_WEEK,CRASH_MONTH,LATITUDE,LONGITUDE,LOCATION
c5eb27aa163dd8d87065f94379185eca438cc0b1bcd3cbc380a5500caf3ba6b819aef6ffa4886c6973fd513a3599ef4f5f46964bcd6a618d80b48ec05acc5ee8,,05/22/2018 08:27:00 PM,30,TRAFFIC SIGNAL,FUNCTIONING PROPERLY,CLEAR,"DARKNESS, LIGHTED ROAD",TURNING,DIVIDED - W/MEDIAN (NOT RAISED),,STRAIGHT AND LEVEL,DRY,NO DEFECTS,ON SCENE,NO INJURY / DRIVE AWAY,Y,,,$500 OR LESS,05/22/2018 08:30:00 PM,UNABLE TO DETERMINE,UNABLE TO DETERMINE,351,W,WASHINGTON ST,122.0,,,,,,,2,NO INDICATION OF INJURY,0.0,0.0,0.0,0.0,0.0,2.0,0.0,20,3,5,41.8830918802,-87.636722016,POINT (-87.636722016047 41.883091880163)
dd378dc1b53f6bc8a91b9e4da23da415d300ba36fc407aa6dcf7c147a68b71256ce628c001f2735e95f920f9ae02247a1f35f71d052047d4f44b65467b3102bf,,04/20/2022 08:30:00 PM,30,STOP SIGN/FLASHER,FUNCTIONING PROPERLY,RAIN,"DARKNESS, LIGHTED ROAD",ANGLE,FOUR WAY,,STRAIGHT AND LEVEL,WET,UNKNOWN,NOT ON SCENE (DESK REPORT),INJURY AND / OR TOW DUE TO CRASH,Y,,,"OVER $1,500",04/20/2022 09:50:00 PM,WEATHER,UNABLE TO DETERMINE,4532,W,CONGRESS PKWY,1131.0,,,,,,,2,NONINCAPACITATING INJURY,2.0,0.0,0.0,1.0,1.0,2.0,0.0,20,4,4,41.8742940286,-87.7390894687,POINT (-87.739089468683 41.874294028597)
135494cfdf5f6762733f57472b758a5ccc9c17a86625a65462b2960466f866ed779a3f74dda1c3077df215657525d3279199de7f12847bfa99f8840ee3dd4842,,07/02/2018 02:37:00 PM,35,NO CONTROLS,NO CONTROLS,CLEAR,DAYLIGHT,SIDESWIPE SAME DIRECTION,NOT DIVIDED,,STRAIGHT AND LEVEL,DRY,NO DEFECTS,ON SCENE,NO INJURY / DRIVE AWAY,,,,"OVER $1,500",07/02/2018 02:39:00 PM,IMPROPER TURNING/NO SIGNAL,UNABLE TO DETERMINE,11400,S,TORRENCE AVE,434.0,,,,,,,2,NO INDICATION OF INJURY,0.0,0.0,0.0,0.0,0.0,2.0,0.0,14,2,7,41.6881689534,-87.5595636777,POINT (-87.559563677725 41.688168953441)
adad6be3277b1a376d6a620a9248a137b59d569ed689f1f013ac4818329f4e939d2fdffdf47e8db84e887267718ae7a301f0e99c07b8af0a5221673a56db85b8,,05/30/2024 04:35:00 PM,30,NO CONTROLS,NO CONTROLS,CLEAR,DAWN,PARKED MOTOR VEHICLE,ALLEY,,STRAIGHT AND LEVEL,DRY,NO DEFECTS,NOT ON SCENE (DESK REPORT),NO INJURY / DRIVE AWAY,,,Y,"$501 - $1,500",05/30/2024 05:09:00 PM,NOT APPLICABLE,NOT APPLICABLE,5023,S,SEELEY AVE,931.0,,,,,,,2,NO INDICATION OF INJURY,0.0,0.0,0.0,0.0,0.0,1.0,0.0,16,5,5,41.8023298079,-87.6756028556,POINT (-87.675602855559 41.802329807886)
8f7301841f088ead377030aa2fc7278a289bafc43578564c292e49f6a153db6030c97a740c82ba64d5e058d0d5865255e406c4feab25bc69b71816649e36a726,Y,07/08/2021 04:35:00 AM,25,NO CONTROLS,NO CONTROLS,CLEAR,DAWN,PARKED MOTOR VEHICLE,ONE-WAY,,STRAIGHT AND LEVEL,DRY,NO DEFECTS,NOT ON SCENE (DESK REPORT),NO INJURY / DRIVE AWAY,,,Y,"OVER $1,500",07/08/2021 05:48:00 PM,UNABLE TO DETERMINE,HAD BEEN DRINKING (USE WHEN ARREST IS NOT MADE),3358,W,66TH PL,831.0,,,,,,,2,NO INDICATION OF INJURY,0.0,0.0,0.0,0.0,0.0,1.0,0.0,4,5,7,41.7726423006,-87.7077161269,POINT (-87.707716126863 41.772642300618)
81b71614c0a5263460482fe18bee370dd33c3f0b023fa96255855e341ac714a42f0c6193b419b4b7a82860b7a914dd94de0e3c0097fbae51bee6ad9b5a134449,,08/31/2018 03:15:00 PM,30,TRAFFIC SIGNAL,FUNCTIONING PROPERLY,CLEAR,DAYLIGHT,REAR END,DIVIDED - W/MEDIAN (NOT RAISED),,STRAIGHT AND LEVEL,DRY,NO DEFECTS,ON SCENE,INJURY AND / OR TOW DUE TO CRASH,,,,"OVER $1,500",08/31/2018 03:31:00 PM,FAILING TO REDUCE SPEED TO AVOID CRASH,FOLLOWING TOO CLOSELY,125,W,127TH ST,523.0,,,,,,,3,NO INDICATION OF INJURY,0.0,0.0,0.0,0.0,0.0,5.0,0.0,15,6,8,41.6638723849,-87.6253741082,POINT (-87.625374108244 41.663872384917)
aff281a238f48ad6bfa52e0cc659fe01923e15b420eac60e990b57f1e65ad1cdd42a965373aa0ae64717604e090551f79458c577ec4557f171b2b29e39597724,,09/02/2017 09:41:00 AM,30,TRAFFIC SIGNAL,FUNCTIONING PROPERLY,CLEAR,DAYLIGHT,REAR END,DIVIDED - W/MEDIAN BARRIER,4,STRAIGHT AND LEVEL,DRY,NO DEFECTS,NOT ON SCENE (DESK REPORT),NO INJURY / DRIVE AWAY,,,,"$501 - $1,500",09/02/2017 10:20:00 AM,UNABLE TO DETERMINE,NOT APPLICABLE,1207,S,BLUE ISLAND AVE,1232.0,,,,,,,2,NO INDICATION OF INJURY,0.0,0.0,0.0,0.0,0.0,4.0,0.0,9,7,9,41.8667749345,-87.6533792515,POINT (-87.65337925149 41.866774934544)
98731c84d31dda3227e4603dbece02dc5466efb8b34bfa917599a1c1c4a8fa3c69d8505462c147942f3519b4adf637e61f99bd1ab633b7786725d5cd38fbfc9b,,09/09/2024 08:00:00 PM,25,NO CONTROLS,NO CONTROLS,CLEAR,DAYLIGHT,PARKED MOTOR VEHICLE,NOT DIVIDED,,STRAIGHT AND LEVEL,DRY,NO DEFECTS,NOT ON SCENE (DESK REPORT),NO INJURY / DRIVE AWAY,N,,,"OVER $1,500",09/10/2024 01:00:00 PM,UNABLE TO DETERMINE,UNABLE TO DETERMINE,3920,W,24TH ST,1013.0,,,,,,,2,NO INDICATION OF INJURY,0.0,0.0,0.0,0.0,0.0,1.0,0.0,20,2,9,41.8480446696,-87.7231810751,POINT (-87.723181075059 41.848044669571)
a86f08e88f96e36189bf0b4e8aafbd53a99b08b930111ebab0dc47d525c70a4287164473ac824ec617d9912a813eebd4542a4a91fba15060b1cf84a44a6cea12,,03/18/2017 07:55:00 PM,30,TRAFFIC SIGNAL,FUNCTIONING PROPERLY,CLEAR,"DARKNESS, LIGHTED ROAD",REAR END,NOT DIVIDED,4,STRAIGHT ON HILLCREST,UNKNOWN,NO DEFECTS,NOT ON SCENE (DESK REPORT),NO INJURY / DRIVE AWAY,,,Y,"$501 - $1,500",03/18/2017 08:05:00 PM,FOLLOWING TOO CLOSELY,UNABLE TO DETERMINE,2001,W,111TH ST,2212.0,,,,,,,2,NO INDICATION OF INJURY,0.0,0.0,0.0,0.0,0.0,3.0,0.0,19,7,3,41.6918208362,-87.6719984039,POINT (-87.671998403893 41.691820836187)
078a32b9c2e057d1496eaec7e39366db3e5e84834d54efe08787910129a2a43b157e456410d1ce43810d76145b142ba42e42b0f732eb32cc8cb44f3d1792e9f7,,07/08/2018 12:46:00 PM,30,TRAFFIC SIGNAL,FUNCTIONING PROPERLY,CLEAR,DAYLIGHT,SIDESWIPE OPPOSITE DIRECTION,NOT DIVIDED,,STRAIGHT AND LEVEL,DRY,NO DEFECTS,ON SCENE,INJURY AND / OR TOW DUE TO CRASH,,,Y,"OVER $1,500",07/08/2018 01:05:00 PM,IMPROPER LANE USAGE,EXCEEDING AUTHORIZED SPEED LIMIT,3200,W,65TH ST,823.0,,,,,,,3,NO INDICATION OF INJURY,0.0,0.0,0.0,0.0,0.0,6.0,0.0,12,1,7,41.7754308192,-87.7031752646,POINT (-87.703175264606 41.775430819218)
96e02a05c903922d4392c6adf128988b2350587647848eb294e3ff75ccf975c96c2483080b2234df92a9487129e31c4c25f99b64fdc43b3afc9177876b9f6865,,01/30/2021 06:58:00 AM,30,NO CONTROLS,NO CONTROLS,CLEAR,DUSK,PARKED MOTOR VEHICLE,ONE-WAY,,STRAIGHT AND LEVEL,SNOW OR SLUSH,NO DEFECTS,ON SCENE,NO INJURY / DRIVE AWAY,,,Y,"$501 - $1,500",01/30/2021 09:15:00 AM,UNABLE TO DETERMINE,UNABLE TO DETERMINE,2842,W,38TH PL,911.0,,,,,,,2,NO INDICATION OF INJURY,0.0,0.0,0.0,0.0,0.0,1.0,0.0,6,7,1,41.8237738825,-87.6963549004,POINT (-87.696354900373 41.823773882464)
8b24a69e291eeb3d367e44dccb6afd7054ed8d6bcf1828b68c087b2a90cd4800745a3ecbbbc16e77ee203d1dcb1d1bb2561884ad5777b0998c209acaf39b6850,,10/15/2022 11:28:00 AM,30,TRAFFIC SIGNAL,FUNCTIONING PROPERLY,CLEAR,DAYLIGHT,REAR END,NOT DIVIDED,,STRAIGHT AND LEVEL,DRY,NO DEFECTS,NOT ON SCENE (DESK REPORT),NO INJURY / DRIVE AWAY,,,,"$501 - $1,500",10/22/2022 02:20:00 PM,FOLLOWING TOO CLOSELY,UNABLE TO DETERMINE,759,N,ASHLAND AVE,1215.0,,,,,,,2,NO INDICATION OF INJURY,0.0,0.0,0.0,0.0,0.0,2.0,0.0,11,7,10,41.8960300518,-87.6671433586,POINT (-87.66714335863 41.896030051806)
9af19f173a2f34baf5feb6c02f8e4b4a6ef62326d346036e3af0ac80ab3f07c747cc5ff6213df5703b8ce9ff482d6269892597cb53e01063844bb0f6a2d4a03f,,03/15/2017 07:45:00 AM,30,NO CONTROLS,NO CONTROLS,CLEAR,DAYLIGHT,REAR END,DIVIDED - W/MEDIAN (NOT RAISED),2,STRAIGHT AND LEVEL,WET,NO DEFECTS,NOT ON SCENE (DESK REPORT),NO INJURY / DRIVE AWAY,,,,"OVER $1,500",03/15/2017 02:30:00 PM,FOLLOWING TOO CLOSELY,WEATHER,540,E,83RD ST,631.0,,,,,,,2,NO INDICATION OF INJURY,0.0,0.0,0.0,0.0,0.0,5.0,0.0,7,4,3,41.7439876246,-87.6106966336,POINT (-87.61069663364 41.743987624625)
f9624a29490a7339e6bc1cc455ba348bea38d0807e91c984ef5ccf386385d9955d2be2d011af38eacecdc45f6f9f7e0a85f210740f34dd1bebe5e36e24e6219e,,02/18/2025 07:55:00 AM,30,NO CONTROLS,NO CONTROLS,CLEAR,DAYLIGHT,PARKED MOTOR VEHICLE,ONE-WAY,,STRAIGHT AND LEVEL,OTHER,NO DEFECTS,ON SCENE,INJURY AND / OR TOW DUE TO CRASH,,,,"OVER $1,500",02/18/2025 08:02:00 AM,DRIVING ON WRONG SIDE/WRONG WAY,DRIVING SKILLS/KNOWLEDGE/EXPERIENCE,2500,E,107TH ST,434.0,,,,,,,2,NONINCAPACITATING INJURY,1.0,0.0,0.0,1.0,0.0,1.0,0.0,7,3,2,41.7010640574,-87.56314258,POINT (-87.563142580025 41.701064057433)
85e9c570b30f8050ad186f9668b77826e7ada60944fe7e007ce78f40b2ec92a27fb0ba619662f339ac2f6a6d5f53749ee96d7b9f03f42b7fa3b33d2f85d743d6,,03/14/2023 03:20:00 PM,30,NO CONTROLS,NO CONTROLS,CLEAR,DAYLIGHT,SIDESWIPE SAME DIRECTION,ONE-WAY,,STRAIGHT AND LEVEL,DRY,NO DEFECTS,NOT ON SCENE (DESK REPORT),NO INJURY / DRIVE AWAY,,,,"OVER $1,500",03/14/2023 04:40:00 PM,FOLLOWING TOO CLOSELY,UNABLE TO DETERMINE,955,W,RANDOLPH ST,1224.0,,,,,,,2,NO INDICATION OF INJURY,0.0,0.0,0.0,0.0,0.0,3.0,0.0,15,3,3,41.8842192747,-87.6519544522,POINT (-87.651954452173 41.884219274718)
bafe9da1dfc40341e8a2104e2ed09dd8d4d841ec14b5aa99ee2425eca4ad0a14b868b31a50b8b0793ee710fb33b1cb44478258c34d7b2c037737dc7cc214b941,,10/19/2017 10:30:00 AM,30,NO CONTROLS,NO CONTROLS,CLEAR,DAYLIGHT,SIDESWIPE OPPOSITE DIRECTION,NOT DIVIDED,,STRAIGHT AND LEVEL,DRY,NO DEFECTS,ON SCENE,NO INJURY / DRIVE AWAY,Y,,,"OVER $1,500",10/19/2017 10:40:00 AM,IMPROPER BACKING,DRIVING SKILLS/KNOWLEDGE/EXPERIENCE,1557,E,65TH ST,321.0,,,,,,,2,NO INDICATION OF INJURY,0.0,0.0,0.0,0.0,0.0,2.0,0.0,10,5,10,41.7768655786,-87.5866366455,POINT (-87.586636645542 41.776865578557)
95f5538a53a2ec67d3533ffb97c2cb1eeb7da6df7dc1b7831579a6c6159c1e9c1a2ae439a9981bd13d0a594c4a4f82fdf5b94c78f5acee1efa80e0cce93fbe6e,,08/11/2021 12:55:00 PM,30,NO CONTROLS,NO CONTROLS,CLEAR,DAYLIGHT,PARKED MOTOR VEHICLE,NOT DIVIDED,,STRAIGHT AND LEVEL,DRY,NO DEFECTS,ON SCENE,NO INJURY / DRIVE AWAY,,,,"$501 - $1,500",08/11/2021 01:00:00 PM,UNABLE TO DETERMINE,NOT APPLICABLE,2420,E,93RD ST,423.0,,,,,,,3,NO INDICATION OF INJURY,0.0,0.0,0.0,0.0,0.0,1.0,0.0,12,4,8,41.7263603833,-87.5648022563,POINT (-87.564802256285 41.726360383259)
d52d8d448936126dc1c8ec3337b3c236c5ccac6c628020f3787049a9466f288042be6b0389158f41f4329c3ee1dea6e5bea907ac1cf56963356329356142fe66,,11/06/2016 09:00:00 AM,30,NO CONTROLS,NO CONTROLS,CLEAR,DAYLIGHT,PARKED MOTOR VEHICLE,ONE-WAY,4,STRAIGHT AND LEVEL,DRY,NO DEFECTS,NOT ON SCENE (DESK REPORT),NO INJURY / DRIVE AWAY,,,Y,"OVER $1,500",11/07/2016 12:50:00 PM,UNABLE TO DETERMINE,NOT APPLICABLE,2752,S,KEDVALE AVE,1031.0,,,,,,,2,NO INDICATION OF INJURY,0.0,0.0,0.0,0.0,0.0,1.0,0.0,9,1,11,41.8407815806,-87.728252799,POINT (-87.728252798988 41.840781580625)
4ed314a9a047d031c6ec8208de589e2bc2af322fa80e4af8a8d62275309883540db506c33920e5cac8de85ca38120959c247dfdcc68244380b7cbc34460304e3,,07/08/2022 06:20:00 PM,30,NO CONTROLS,FUNCTIONING PROPERLY,CLEAR,DAYLIGHT,SIDESWIPE SAME DIRECTION,NOT DIVIDED,,STRAIGHT AND LEVEL,DRY,NO DEFECTS,NOT ON SCENE (DESK REPORT),NO INJURY / DRIVE AWAY,,,,"OVER $1,500",07/08/2022 07:10:00 PM,IMPROPER LANE USAGE,IMPROPER LANE USAGE,800,S,COLUMBUS DR,114.0,,,,,,,2,NO INDICATION OF INJURY,0.0,0.0,0.0,0.0,0.0,2.0,0.0,18,6,7,41.8718673599,-87.6207141763,POINT (-87.62071417625 41.871867359855)
23e42aea5de1e89a13bf36174f918fd72b09bdc71596a903aba45deeb01851c8afa4bfe3658ff60a483126ca24d250135c953a7bfcf98c445882ef9cf261e692,,11/03/2022 01:50:00 PM,30,NO CONTROLS,NO CONTROLS,CLEAR,DAYLIGHT,PARKED MOTOR VEHICLE,ONE-WAY,,STRAIGHT AND LEVEL,UNKNOWN,UNKNOWN,NOT ON SCENE (DESK REPORT),NO INJURY / DRIVE AWAY,,,,"$501 - $1,500",11/03/2022 02:40:00 PM,UNABLE TO DETERMINE,NOT APPLICABLE,1537,W,JUNEWAY TER,2422.0,,,,,,,2,NO INDICATION OF INJURY,0.0,0.0,0.0,0.0,0.0,1.0,0.0,13,5,11,42.0221498779,-87.6697770515,POINT (-87.669777051478 42.022149877931)
8e0ada3607fdabc36bcd20b100d8ab12878091b7ca940377a5ca82024f49409aca10110a731945418556134ac75a157c264a21cbbf5de8a6d22191a4ad4e6663,,04/10/2021 07:44:00 AM,30,STOP SIGN/FLASHER,FUNCTIONING PROPERLY,CLEAR,DAYLIGHT,REAR END,NOT DIVIDED,,STRAIGHT AND LEVEL,DRY,NO DEFECTS,ON SCENE,NO INJURY / DRIVE AWAY,,,,"OVER $1,500",04/10/2021 07:44:00 AM,FAILING TO REDUCE SPEED TO AVOID CRASH,PHYSICAL CONDITION OF DRIVER,3300,N,CENTRAL AVE,1633.0,,Y,,,,,2,NO INDICATION OF INJURY,0.0,0.0,0.0,0.0,0.0,2.0,0.0,7,7,4,41.9404439822,-87.7667126479,POINT (-87.766712647861 41.940443982198)
597051cc397f80d23c49100a2173e3df3cc3571f067b1e790afaebfd96beb7fd8505527f366ea7da2894141a4364c9734cf295d9c616200010e3c6a73e8a0830,,06/24/2017 09:45:00 AM,35,TRAFFIC SIGNAL,FUNCTIONING PROPERLY,CLEAR,DAYLIGHT,REAR END,NOT DIVIDED,2,STRAIGHT AND LEVEL,DRY,NO DEFECTS,NOT ON SCENE (DESK REPORT),NO INJURY / DRIVE AWAY,,,Y,"OVER $1,500",06/24/2017 10:05:00 AM,"OPERATING VEHICLE IN ERRATIC, RECKLESS, CARELESS, NEGLIGENT OR AGGRESSIVE MANNER",DRIVING SKILLS/KNOWLEDGE/EXPERIENCE,500,W,71ST ST,732.0,,,,,,,2,NO INDICATION OF INJURY,0.0,0.0,0.0,0.0,0.0,2.0,0.0,9,7,6,41.7654263675,-87.6371865668,POINT (-87.637186566774 41.765426367455)
0862ffe5014b6cd4c656cb7a92e058cbc9f7edf80df4e44ef7e0fc7074de42e10711801a43571db106604e624ea7a41bc6488a26eaebe019af5fc75aa23fea79,,12/22/2024 08:38:00 AM,30,TRAFFIC SIGNAL,FUNCTIONING PROPERLY,CLEAR,DAYLIGHT,TURNING,DIVIDED - W/MEDIAN (NOT RAISED),,STRAIGHT AND LEVEL,DRY,NO DEFECTS,ON SCENE,INJURY AND / OR TOW DUE TO CRASH,Y,,,"OVER $1,500",12/22/2024 08:44:00 AM,FAILING TO YIELD RIGHT-OF-WAY,NOT APPLICABLE,8699,S,CALIFORNIA AVE,835.0,,,,,,,3,NONINCAPACITATING INJURY,3.0,0.0,0.0,3.0,0.0,0.0,0.0,8,1,12,41.7354062007,-87.6921025078,POINT (-87.692102507818 41.735406200698)
210bc8ad63c9f74ebbdffdb0c268f483f621ad5b2a884710fd412072bdd78d0ca8fe1d736e58ac0711fa168aeb5d45fedf64ce0e8dab12eda389df9375a88134,,05/25/2020 07:00:00 PM,30,NO CONTROLS,NO CONTROLS,CLEAR,DAYLIGHT,PARKED MOTOR VEHICLE,ONE-WAY,,STRAIGHT AND LEVEL,DRY,NO DEFECTS,NOT ON SCENE (DESK REPORT),NO INJURY / DRIVE AWAY,,,,"OVER $1,500",05/25/2020 07:05:00 PM,UNABLE TO DETERMINE,UNABLE TO DETERMINE,6104,S,KEDZIE AVE,823.0,,,,,,,4,NO INDICATION OF INJURY,0.0,0.0,0.0,0.0,0.0,1.0,0.0,19,2,5,41.7824403567,-87.7033822041,POINT (-87.703382204076 41.782440356671)
0b04e68f2ef3ca54c0574bf7bc0570ca35c8024c2735f8e10bc2a258c7c2bbd391476d9f9ff77e8bb69c062dd96b07c1632306469f258ddf325009e2ca04675f,,05/03/2018 08:02:00 PM,30,NO CONTROLS,NO CONTROLS,CLEAR,"DARKNESS, LIGHTED ROAD",PARKED MOTOR VEHICLE,OTHER,,STRAIGHT AND LEVEL,DRY,NO DEFECTS,ON SCENE,NO INJURY / DRIVE AWAY,,,,$500 OR LESS,05/03/2018 08:03:00 PM,UNABLE TO DETERMINE,NOT APPLICABLE,6700,S,ASHLAND AVE,725.0,,,,,,,2,NO INDICATION OF INJURY,0.0,0.0,0.0,0.0,0.0,6.0,0.0,20,5,5,41.7720982328,-87.6641646176,POINT (-87.664164617596 41.77209823278)
0fb3fa1a51c910c5a83d8aec9dba582531b780b9385d739218aca860427777d0dacb08c831a07b99248c1d9f8f26fb1259d1960e52c3f37e821d6fdbf06f053f,,11/08/2018 12:15:00 PM,30,TRAFFIC SIGNAL,FUNCTIONING PROPERLY,CLEAR,DAYLIGHT,SIDESWIPE SAME DIRECTION,DIVIDED - W/MEDIAN (NOT RAISED),,STRAIGHT AND LEVEL,DRY,NO DEFECTS,NOT ON SCENE (DESK REPORT),NO INJURY / DRIVE AWAY,,,,"OVER $1,500",11/08/2018 01:44:00 PM,FAILING TO YIELD RIGHT-OF-WAY,NOT APPLICABLE,150,N,MICHIGAN AVE,111.0,,,,,,,2,NO INDICATION OF INJURY,0.0,0.0,0.0,0.0,0.0,2.0,0.0,12,5,11,41.8845309638,-87.6246020446,POINT (-87.624602044601 41.884530963783)
19dfdb7bea5b53f60d34c454b39e999499b38473427e7d6721d19103b5196e679c14240d2c6da3b3a746b7d4edff8cea2dbd24a66e2f5094c294fedd925e787b,,12/01/2019 11:00:00 AM,30,STOP SIGN/FLASHER,OTHER,RAIN,UNKNOWN,PARKED MOTOR VEHICLE,OTHER,,STRAIGHT AND LEVEL,WET,NO DEFECTS,NOT ON SCENE (DESK REPORT),NO INJURY / DRIVE AWAY,,,Y,"OVER $1,500",12/01/2019 02:00:00 PM,IMPROPER LANE USAGE,NOT APPLICABLE,5047,N,CENTRAL AVE,1623.0,,,,,,,2,NO INDICATION OF INJURY,0.0,0.0,0.0,0.0,0.0,1.0,0.0,11,1,12,41.9728314318,-87.7683852969,POINT (-87.768385296877 41.972831431837)
a4743ddf5c7593de7e4b44194e1a390aea38f970dc56d6e86ec98e3149a9e2180ea66211e787465a4e33aa00b703d95d1aab65c4090008cbc141bab4aee75c6d,,07/27/2022 08:37:00 AM,10,NO CONTROLS,UNKNOWN,CLEAR,DAYLIGHT,FIXED OBJECT,PARKING LOT,,STRAIGHT AND LEVEL,DRY,NO DEFECTS,ON SCENE,NO INJURY / DRIVE AWAY,,Y,,$500 OR LESS,07/27/2022 08:58:00 AM,UNABLE TO DETERMINE,UNABLE TO DETERMINE,3857,S,DR MARTIN LUTHER KING JR DR,212.0,,,,,,,1,NO INDICATION OF INJURY,0.0,0.0,0.0,0.0,0.0,1.0,0.0,8,4,7,41.8239832515,-87.6168538908,POINT (-87.616853890785 41.823983251515)
a39643db6fd4c07d92972cca48eca4b696bb5d8df5741af738fad4a45fabadd754bbed1f75732372a9375d272954a5f70a1f03f42c8725975c6594e028134db1,,10/04/2024 07:00:00 AM,30,NO CONTROLS,NO CONTROLS,RAIN,DAWN,REAR END,PARKING LOT,,STRAIGHT AND LEVEL,WET,NO DEFECTS,ON SCENE,NO INJURY / DRIVE AWAY,,Y,,"$501 - $1,500",10/04/2024 07:14:00 AM,FOLLOWING TOO CLOSELY,NOT APPLICABLE,2569,W,FULLERTON AVE,1431.0,,,,,,,2,NO INDICATION OF INJURY,0.0,0.0,0.0,0.0,0.0,3.0,0.0,7,6,10,41.9247446326,-87.6925424355,POINT (-87.692542435528 41.924744632563)
259f142d4a883d5c15f6d70e38d91f914ef7ecb8c7bcbd6d7a12d3962a063dc1c6131cf4ac3e8e11ee206e8d52eceb077ec299e0528598d805ca7de5af0a2466,,09/16/2024 12:35:00 PM,30,NO CONTROLS,NO CONTROLS,RAIN,DAYLIGHT,TURNING,DIVIDED - W/MEDIAN (NOT RAISED),,STRAIGHT ON HILLCREST,DRY,NO DEFECTS,ON SCENE,INJURY AND / OR TOW DUE TO CRASH,,,,"OVER $1,500",09/16/2024 12:39:00 PM,IMPROPER TURNING/NO SIGNAL,NOT APPLICABLE,699,W,VAN BUREN ST,121.0,,,,,,,2,NO INDICATION OF INJURY,0.0,0.0,0.0,0.0,0.0,3.0,0.0,12,2,9,41.8766062928,-87.6438845062,POINT (-87.643884506173 41.87660629278)
3ee290fc648c62fa3cb9da3422266b4d000a0a7c7bbd041c3d207f29805edc9f43e0d8d17b25eba910dba155a56dd7cd2789ef404a740551a35ab5d177a4d775,,10/30/2022 05:23:00 PM,30,NO CONTROLS,NO CONTROLS,RAIN,DAYLIGHT,REAR TO FRONT,ONE-WAY,,STRAIGHT AND LEVEL,WET,NO DEFECTS,ON SCENE,NO INJURY / DRIVE AWAY,,,Y,"$501 - $1,500",10/30/2022 05:37:00 PM,"OPERATING VEHICLE IN ERRATIC, RECKLESS, CARELESS, NEGLIGENT OR AGGRESSIVE MANNER",NOT APPLICABLE,8046,S,DREXEL AVE,631.0,,,,,,,3,NO INDICATION OF INJURY,0.0,0.0,0.0,0.0,0.0,5.0,0.0,17,1,10,41.7480840951,-87.6028126551,POINT (-87.60281265513 41.748084095123)
c80a47229d6e7951f10fca0986bf4495060a2d34814e5803eb0757053ffd72524ab3c223a2760d964a1fe3d1bd535ee3db2e5e63128b6c9d242091a920b849fa,,03/16/2024 03:00:00 PM,30,NO CONTROLS,NO CONTROLS,CLEAR,DAYLIGHT,PARKED MOTOR VEHICLE,NOT DIVIDED,,STRAIGHT ON GRADE,DRY,NO DEFECTS,NOT ON SCENE (DESK REPORT),NO INJURY / DRIVE AWAY,,,Y,"OVER $1,500",03/16/2024 06:50:00 PM,FAILING TO REDUCE SPEED TO AVOID CRASH,NOT APPLICABLE,2352,W,111TH ST,2212.0,,,,,,,2,NO INDICATION OF INJURY,0.0,0.0,0.0,0.0,0.0,1.0,0.0,15,7,3,41.691886158,-87.6808307465,POINT (-87.680830746547 41.691886158038)
08e90517bb04dd79cad2e19b9f029c4b7f436d1152739841d83ff8034c3301507a4b0df1e627f531a46ccadd787d92553b3088f32a340b7102c2b26dd3793c7e,,02/11/2020 02:06:00 PM,30,TRAFFIC SIGNAL,FUNCTIONING PROPERLY,CLEAR,DAYLIGHT,REAR END,OTHER,,STRAIGHT AND LEVEL,DRY,UNKNOWN,ON SCENE,INJURY AND / OR TOW DUE TO CRASH,Y,,,"$501 - $1,500",02/11/2020 02:07:00 PM,FOLLOWING TOO CLOSELY,NOT APPLICABLE,3100,S,INDIANA AVE,211.0,,,,,,,2,"REPORTED, NOT EVIDENT",2.0,0.0,0.0,0.0,2.0,1.0,0.0,14,3,2,41.8382693814,-87.6220742317,POINT (-87.622074231675 41.838269381428)
556e484e124cba822e0cb9bea18e1a1aa55aa9d4cdf003e32d1209d2a80535cb9c0b4afa1c0703f20aacaca6598bb09cb9e79840ee4ba6d28fe83f372dca2dd0,,10/18/2016 09:30:00 PM,25,NO CONTROLS,NO CONTROLS,CLEAR,"DARKNESS, LIGHTED ROAD",TURNING,NOT DIVIDED,2,STRAIGHT AND LEVEL,DRY,NO DEFECTS,NOT ON SCENE (DESK REPORT),NO INJURY / DRIVE AWAY,,,,"OVER $1,500",10/18/2016 09:50:00 PM,IMPROPER TURNING/NO SIGNAL,NOT APPLICABLE,2110,S,HALSTED ST,1235.0,,,,,,,2,NO INDICATION OF INJURY,0.0,0.0,0.0,0.0,0.0,2.0,0.0,21,3,10,41.8538589401,-87.6466740732,POINT (-87.646674073162 41.853858940145)