CRASH_RECORD_ID,CRASH_DATE_EST_I,CRASH_DATE,POSTED_SPEED_LIMIT,TRAFFIC_CONTROL_DEVICE,DEVICE_CONDITION,WEATHER_CONDITION,LIGHTING_CONDITION,FIRST_CRASH_TYPE,TRAFFICWAY_TYPE,LANE_CNT,ALIGNMENT,ROADWAY_SURFACE_COND,ROAD_DEFECT,REPORT_TYPE,CRASH_TYPE,INTERSECTION_RELATED_I,NOT_RIGHT_OF_WAY_I,HIT_AND_RUN_I,DAMAGE,DATE_POLICE_NOTIFIED,PRIM_CONTRIBUTORY_CAUSE,SEC_CONTRIBUTORY_CAUSE,STREET_NO,STREET_DIRECTION,STREET_NAME,BEAT_OF_OCCURRENCE,PHOTOS_TAKEN_I,STATEMENTS_TAKEN_I,DOORING_I,WORK_ZONE_I,WORK_ZONE_TYPE,WORKERS_PRESENT_I,NUM_UNITS,MOST_SEVERE_INJURY,INJURIES_TOTAL,INJURIES_FATAL,INJURIES_INCAPACITATING,INJURIES_NON_INCAPACITATING,INJURIES_REPORTED_NOT_EVIDENT,INJURIES_NO_INDICATION,INJURIES_UNKNOWN,CRASH_HOUR,CRASH_DAY_OF_WEEK,CRASH_MONTH,LATITUDE,LONGITUDE,LOCATION
56567175991baf79975ab775dcfed05ccef720517754994fd9238a18d1d581724785e481f7e264d7f35ec632b9623eacfe18993b560aebf4ff912916c54770e2,,06/27/2022 08:45:00 AM,30,STOP SIGN/FLASHER,FUNCTIONING PROPERLY,CLEAR,DAYLIGHT,REAR END,NOT DIVIDED,,STRAIGHT AND LEVEL,DRY,NO DEFECTS,NOT ON SCENE (DESK REPORT),INJURY AND / OR TOW DUE TO CRASH,,,,"$501 - $1,500",06/29/2022 01:15:00 PM,FOLLOWING TOO CLOSELY,UNABLE TO DETERMINE,5558,N,CENTRAL AVE,1622.0,,,,Y,CONSTRUCTION,Y,2,INCAPACITATING INJURY,1.0,0.0,1.0,0.0,0.0,1.0,0.0,8,2,6,41.9828499788,-87.7684931528,POINT (-87.768493152846 41.982849978838)
374b3d68ce27907149eda8b34885dc04af2989fe73e9999fc3ff1294b9391b3f5fee222782127c8be84d0b2935ab50ebe256dd84a5bb9439d9f6e265db848fb6,,06/07/2019 11:49:00 PM,30,TRAFFIC SIGNAL,FUNCTIONING PROPERLY,CLEAR,"DARKNESS, LIGHTED ROAD",FIXED OBJECT,FOUR WAY,,STRAIGHT AND LEVEL,DRY,NO DEFECTS,ON SCENE,NO INJURY / DRIVE AWAY,Y,,,"OVER $1,500",06/07/2019 11:49:00 PM,DRIVING SKILLS/KNOWLEDGE/EXPERIENCE,FAILING TO REDUCE SPEED TO AVOID CRASH,2757,N,CALIFORNIA AVE,1411.0,,,,,,,1,NO INDICATION OF INJURY,0.0,0.0,0.0,0.0,0.0,2.0,0.0,23,6,6,41.9319502204,-87.697467092,POINT (-87.697467091988 41.931950220424)
c730bc3795a515e3c8d751a8b4dc5827763b2b6a6fe32512375b005d14ccfc3fd0f07399cc5b3b9e8f01dc29924e4c160c96d9a4319fc48a59906f35f443bc66,,08/21/2023 01:55:00 PM,30,STOP SIGN/FLASHER,FUNCTIONING PROPERLY,CLEAR,DAYLIGHT,REAR END,NOT DIVIDED,,STRAIGHT AND LEVEL,DRY,UNKNOWN,NOT ON SCENE (DESK REPORT),NO INJURY / DRIVE AWAY,,,,"OVER $1,500",08/21/2023 02:12:00 PM,NOT APPLICABLE,FAILING TO REDUCE SPEED TO AVOID CRASH,333,S,LARAMIE AVE,1533.0,,,,,,,2,NO INDICATION OF INJURY,0.0,0.0,0.0,0.0,0.0,2.0,0.0,13,2,8,41.8758029291,-87.7547489667,POINT (-87.754748966715 41.875802929078)
77b8fa526370f7e8872c8c4aee3474a089444d02f1bd18ae5ddcd7d25c76311148db1871172c43f9adaf6893aee3227670f2e01236dcce108c64aebcdf33316e,,07/15/2019 12:02:00 PM,25,NO CONTROLS,NO CONTROLS,CLEAR,DAYLIGHT,PARKED MOTOR VEHICLE,ONE-WAY,,STRAIGHT AND LEVEL,DRY,NO DEFECTS,ON SCENE,INJURY AND / OR TOW DUE TO CRASH,,,,"$501 - $1,500",07/15/2019 01:03:00 PM,IMPROPER BACKING,NOT APPLICABLE,4450,W,RICE ST,1111.0,,,,,,,2,NO INDICATION OF INJURY,0.0,0.0,0.0,0.0,0.0,1.0,0.0,12,2,7,41.8962087415,-87.7380098002,POINT (-87.738009800196 41.896208741502)
cc9013837b941fce02b9d690bf3ea2d5b991d15cd1e79d9182d9531755526ef4015c8358c1ab0721c3899605ccf7315dbd436b72ef0f54dab7eb5875c2d2e175,,09/18/2024 01:10:00 PM,25,NO CONTROLS,NO CONTROLS,CLEAR,DAYLIGHT,PARKED MOTOR VEHICLE,NOT DIVIDED,,STRAIGHT AND LEVEL,DRY,NO DEFECTS,ON SCENE,NO INJURY / DRIVE AWAY,,,,"$501 - $1,500",09/18/2024 01:30:00 PM,UNABLE TO DETERMINE,UNABLE TO DETERMINE,855,N,DEWITT PL,1833.0,,,,,,,2,NO INDICATION OF INJURY,0.0,0.0,0.0,0.0,0.0,1.0,0.0,13,4,9,41.8984053672,-87.6200508533,POINT (-87.620050853288 41.898405367159)
c8da519782135cd00485643c61f13c6e3594fd4f0b237aad43335a0c11bf2e883bec738e274386da0568638bb0ebb366d6c1c5197b0717d100adb18d68d71e07,,05/09/2022 09:30:00 AM,30,TRAFFIC SIGNAL,FUNCTIONING PROPERLY,CLEAR,DAYLIGHT,REAR END,NOT DIVIDED,,STRAIGHT AND LEVEL,DRY,NO DEFECTS,NOT ON SCENE (DESK REPORT),NO INJURY / DRIVE AWAY,,,,"OVER $1,500",05/09/2022 09:50:00 AM,FOLLOWING TOO CLOSELY,UNABLE TO DETERMINE,1400,S,ASHLAND AVE,1233.0,,,,,,,2,NO INDICATION OF INJURY,0.0,0.0,0.0,0.0,0.0,2.0,0.0,9,2,5,41.8632202264,-87.6664415695,POINT (-87.666441569504 41.863220226428)
5178fff6cc768f0b6dcf0f764ec8c18108835c6c15cbe13ba486f2e6e1622cb22adc45c7e3c706a3f68889ba799832eefdce79a68512b378f448d9929a8c6225,,10/19/2022 04:58:00 PM,30,NO CONTROLS,NO CONTROLS,CLEAR,DAYLIGHT,SIDESWIPE SAME DIRECTION,NOT DIVIDED,,STRAIGHT AND LEVEL,DRY,NO DEFECTS,NOT ON SCENE (DESK REPORT),NO INJURY / DRIVE AWAY,,,,$500 OR LESS,10/19/2022 05:40:00 PM,IMPROPER LANE USAGE,IMPROPER LANE USAGE,1931,S,STATE ST,131.0,,,,,,,2,NO INDICATION OF INJURY,0.0,0.0,0.0,0.0,0.0,2.0,0.0,16,4,10,41.8556692909,-87.6270044631,POINT (-87.627004463145 41.855669290863)
ed235c4f4cac2d67600ff95cd416eafd55ab7619064f69e317ac500d0b7513433bfad98e7d533ae0657ccdd3c5682d83c9137e31c1c405b3c693af2c29f81772,,12/19/2019 05:25:00 PM,30,NO CONTROLS,NO CONTROLS,CLEAR,DAYLIGHT,TURNING,NOT DIVIDED,,STRAIGHT AND LEVEL,DRY,NO DEFECTS,NOT ON SCENE (DESK REPORT),NO INJURY / DRIVE AWAY,,,,"$501 - $1,500",12/19/2019 06:53:00 PM,NOT APPLICABLE,NOT APPLICABLE,5500,S,CICERO AVE,813.0,,,,,,,2,NO INDICATION OF INJURY,0.0,0.0,0.0,0.0,0.0,4.0,0.0,17,5,12,41.7929108835,-87.742077343,POINT (-87.742077342959 41.792910883497)
048cfae18a5ae79150cd3bbb9ac3ee9d83412068244ae1690fddf540f491778d09e8b59c82383464157d38b6b175a431a131e11cb9928230b5c5d88a1885233f,,03/25/2025 06:20:00 PM,30,UNKNOWN,UNKNOWN,UNKNOWN,UNKNOWN,SIDESWIPE SAME DIRECTION,NOT DIVIDED,,STRAIGHT AND LEVEL,UNKNOWN,UNKNOWN,NOT ON SCENE (DESK REPORT),NO INJURY / DRIVE AWAY,,,,"OVER $1,500",03/26/2025 02:15:00 PM,UNABLE TO DETERMINE,UNABLE TO DETERMINE,3420,W,MADISON ST,1123.0,,,,,,,2,NO INDICATION OF INJURY,0.0,0.0,0.0,0.0,0.0,2.0,0.0,18,3,3,41.8810163687,-87.7119477955,POINT (-87.711947795471 41.881016368742)
19688a70161fabf6691b51506a2d8671fc88fd9a2319f8c9f88de4923551995deaa9ec10884b0365732cf0fed01f0f228b8d80f2fe5574a607cbec4322104338,,07/12/2024 02:50:00 AM,30,NO CONTROLS,NO CONTROLS,CLEAR,"DARKNESS, LIGHTED ROAD",FIXED OBJECT,NOT DIVIDED,,STRAIGHT AND LEVEL,DRY,NO DEFECTS,ON SCENE,INJURY AND / OR TOW DUE TO CRASH,,,,"OVER $1,500",07/12/2024 03:00:00 AM,EQUIPMENT - VEHICLE CONDITION,NOT APPLICABLE,500,W,79TH ST,621.0,,,,,,,1,NO INDICATION OF INJURY,0.0,0.0,0.0,0.0,0.0,1.0,0.0,2,6,7,41.7508541991,-87.6367915926,POINT (-87.636791592629 41.750854199117)
17e52478d999fc4415bf078e2d21a20447a0de2264d97d362763264d6ec21250e38fae2943295f274e1ac66f5db32e39ff3fa02b4bf42a528def6b9be8ec1895,,06/07/2021 02:00:00 PM,30,TRAFFIC SIGNAL,FUNCTIONING PROPERLY,RAIN,DAYLIGHT,TURNING,DIVIDED - W/MEDIAN BARRIER,,STRAIGHT AND LEVEL,DRY,NO DEFECTS,NOT ON SCENE (DESK REPORT),NO INJURY / DRIVE AWAY,Y,,,"$501 - $1,500",06/07/2021 04:30:00 PM,IMPROPER TURNING/NO SIGNAL,NOT APPLICABLE,200,N,PAULINA ST,1215.0,,,,,,,2,NO INDICATION OF INJURY,0.0,0.0,0.0,0.0,0.0,2.0,0.0,14,2,6,41.8852794544,-87.6695691479,POINT (-87.669569147901 41.885279454449)
dd53f9c33a5dbe3e7d9d9183a57f27a2ccd161c7d5696a57336942509ee8c484a7565e4195eb652e86effbcfb233c70a27adbba8be3f5ae3807a9909e570697f,,10/10/2020 06:25:00 PM,30,STOP SIGN/FLASHER,FUNCTIONING PROPERLY,CLEAR,DAYLIGHT,TURNING,T-INTERSECTION,,STRAIGHT AND LEVEL,DRY,NO DEFECTS,NOT ON SCENE (DESK REPORT),INJURY AND / OR TOW DUE TO CRASH,,,,"OVER $1,500",10/10/2020 06:27:00 PM,DISREGARDING STOP SIGN,NOT APPLICABLE,3700,W,GEORGE ST,2523.0,,,,,,,2,NO INDICATION OF INJURY,0.0,0.0,0.0,0.0,0.0,5.0,0.0,18,7,10,41.9338158776,-87.719742004,POINT (-87.719742004017 41.933815877557)
bb723785934d6a98ca4e686eda9a025acf08b20e68abfe5789cd6024de5ecebbeaaee950bfcf69eadec3a7644730708cd2b69359cce7b94474782d455de890d1,,05/20/2023 08:00:00 PM,30,NO CONTROLS,NO CONTROLS,CLEAR,"DARKNESS, LIGHTED ROAD",REAR END,NOT DIVIDED,,STRAIGHT AND LEVEL,DRY,NO DEFECTS,,NO INJURY / DRIVE AWAY,,,,"OVER $1,500",05/21/2023 10:08:00 AM,UNABLE TO DETERMINE,NOT APPLICABLE,141,N,AUSTIN BLVD,1512.0,,,,,,,2,NO INDICATION OF INJURY,0.0,0.0,0.0,0.0,0.0,2.0,0.0,20,7,5,41.8833742362,-87.7746157896,POINT (-87.774615789589 41.883374236157)
32df9727d0ebd4391e7f1d642e462917450995cae1887bef538e4da8e66ddc1a2be02b0356afa22933363b4eb845bbf10c3e8e41063b656e4f10c6f7940d472a,,07/19/2025 10:50:00 PM,30,NO CONTROLS,NO CONTROLS,CLEAR,"DARKNESS, LIGHTED ROAD",PARKED MOTOR VEHICLE,NOT DIVIDED,,STRAIGHT AND LEVEL,DRY,NO DEFECTS,ON SCENE,NO INJURY / DRIVE AWAY,,,Y,"OVER $1,500",07/19/2025 10:54:00 PM,UNABLE TO DETERMINE,UNABLE TO DETERMINE,7164,S,HARDING AVE,833.0,,,,,,,2,NO INDICATION OF INJURY,0.0,0.0,0.0,0.0,0.0,1.0,0.0,22,7,7,41.762376434,-87.7212568775,POINT (-87.721256877517 41.762376434005)
8c24efe587b5353b8e62f2bd9a62342a38d874377d7c41b22aaa8ddd2c6b4bb6edebe4624ebfba1b31c6306c58c074c28f250953a5c6c2beddfa4cfcd2d7ce41,,04/10/2021 12:30:00 PM,30,NO CONTROLS,NO CONTROLS,CLOUDY/OVERCAST,DAYLIGHT,SIDESWIPE SAME DIRECTION,DIVIDED - W/MEDIAN (NOT RAISED),,STRAIGHT AND LEVEL,DRY,NO DEFECTS,NOT ON SCENE (DESK REPORT),NO INJURY / DRIVE AWAY,,,,"$501 - $1,500",04/10/2021 01:10:00 PM,UNABLE TO DETERMINE,NOT APPLICABLE,220,S,LARAMIE AVE,1522.0,,,,,,,2,NO INDICATION OF INJURY,0.0,0.0,0.0,0.0,0.0,3.0,0.0,12,7,4,41.8777441026,-87.7551164306,POINT (-87.755116430607 41.877744102571)
b0a321ef86f4d8c81d1db3e09ff6cb65c747a1b53a3457c507a68032221f411c142ea7f903ebe9682a86307d68c05c9be7feb4fa76ef2ad93ee68dcc373c10e3,,01/04/2023 05:10:00 PM,20,NO CONTROLS,NO CONTROLS,RAIN,DARKNESS,FIXED OBJECT,ONE-WAY,,STRAIGHT AND LEVEL,WET,NO DEFECTS,ON SCENE,NO INJURY / DRIVE AWAY,,,,"OVER $1,500",01/04/2023 05:24:00 PM,UNABLE TO DETERMINE,NOT APPLICABLE,7435,W,TALCOTT AVE,1612.0,,,,,,,1,NO INDICATION OF INJURY,0.0,0.0,0.0,0.0,0.0,1.0,0.0,17,4,1,41.9885751828,-87.8129779122,POINT (-87.812977912195 41.988575182799)
e6b1bd780ce7b20c4d0c253af0689136e47325ff2f40df60d1d1a703825ce43593273cddb4bfedcaa846aa17b27c8e44564c4af2dabff2f7d05b0191838e5665,,08/11/2023 10:00:00 PM,30,TRAFFIC SIGNAL,FUNCTIONING PROPERLY,CLEAR,"DARKNESS, LIGHTED ROAD",PEDALCYCLIST,Y-INTERSECTION,,STRAIGHT AND LEVEL,DRY,NO DEFECTS,,INJURY AND / OR TOW DUE TO CRASH,,,,"$501 - $1,500",08/11/2023 10:10:00 PM,DISREGARDING TRAFFIC SIGNALS,NOT APPLICABLE,4031,W,IRVING PARK RD,1732.0,,,,,,,2,NONINCAPACITATING INJURY,1.0,0.0,0.0,1.0,0.0,4.0,0.0,22,6,8,41.953531094,-87.7284371039,POINT (-87.728437103926 41.953531094043)
33fa3d07b1166fa8bc1f3c5fd28caa2c49e00659152ed5d20019bc873205170dcd14585ec47e082f477961223a78ca816393646d766e57e4e456debe2e72d13c,,01/14/2018 12:15:00 PM,30,TRAFFIC SIGNAL,FUNCTIONING PROPERLY,CLEAR,DAYLIGHT,REAR END,NOT DIVIDED,2,STRAIGHT AND LEVEL,DRY,NO DEFECTS,NOT ON SCENE (DESK REPORT),NO INJURY / DRIVE AWAY,,,,"$501 - $1,500",01/14/2018 03:00:00 PM,FOLLOWING TOO CLOSELY,FAILING TO REDUCE SPEED TO AVOID CRASH,8358,W,ADDISON ST,1631.0,,,,,,,2,NO INDICATION OF INJURY,0.0,0.0,0.0,0.0,0.0,4.0,0.0,12,1,1,41.9448722097,-87.8363758463,POINT (-87.836375846345 41.944872209684)
499577f0e6f5e741352e3f1d66f0d99f3ac7592e1a90dc0aed63b19b0a5a8988c7ac3e75cee58021e8155dce1d15e4cd50a477c9ccf630723be19a02ad02ba48,,06/01/2022 02:45:00 PM,30,TRAFFIC SIGNAL,FUNCTIONING PROPERLY,CLEAR,DAYLIGHT,PEDALCYCLIST,NOT DIVIDED,,STRAIGHT AND LEVEL,UNKNOWN,UNKNOWN,ON SCENE,INJURY AND / OR TOW DUE TO CRASH,,,Y,"OVER $1,500",06/01/2022 06:56:00 PM,FAILING TO YIELD RIGHT-OF-WAY,NOT APPLICABLE,2400,N,STOCKTON DR,1935.0,,,,,,,2,NONINCAPACITATING INJURY,1.0,0.0,0.0,1.0,0.0,1.0,0.0,14,4,6,41.9257946768,-87.6362702695,POINT (-87.636270269466 41.925794676811)
7aaa5d66221ab72bb40e7bfa0633bd9e56eeff82bfe833919631446eed256b78fbce3823c2cf1062d4f101febe817827cb32542035d147b898df8a257812abb3,,10/05/2021 08:15:00 PM,25,NO CONTROLS,NO CONTROLS,CLEAR,"DARKNESS, LIGHTED ROAD",REAR END,NOT DIVIDED,,STRAIGHT ON GRADE,DRY,NO DEFECTS,NOT ON SCENE (DESK REPORT),NO INJURY / DRIVE AWAY,,,,"$501 - $1,500",10/09/2021 04:10:00 PM,FAILING TO REDUCE SPEED TO AVOID CRASH,FAILING TO REDUCE SPEED TO AVOID CRASH,5832,S,CALIFORNIA AVE,824.0,,,,,,,2,NO INDICATION OF INJURY,0.0,0.0,0.0,0.0,0.0,2.0,0.0,20,3,10,41.7872307017,-87.6937638248,POINT (-87.693763824827 41.787230701652)
b089d23b351cfd31e8a774e38dfa6b9a70413fa5e4764cc96759590e71815da821a60758db88ae9dd448de0782d9df08e089ea5c480bd58925eff097ddfc48a5,,10/25/2017 08:05:00 PM,30,NO CONTROLS,NO CONTROLS,CLEAR,DARKNESS,REAR END,NOT DIVIDED,2,STRAIGHT AND LEVEL,DRY,NO DEFECTS,NOT ON SCENE (DESK REPORT),NO INJURY / DRIVE AWAY,,,,"$501 - $1,500",10/25/2017 08:37:00 PM,FOLLOWING TOO CLOSELY,FOLLOWING TOO CLOSELY,2056,W,DIVISION ST,1424.0,,,,,,,2,NO INDICATION OF INJURY,0.0,0.0,0.0,0.0,0.0,2.0,0.0,20,4,10,41.903259684,-87.6795051309,POINT (-87.679505130879 41.903259683991)
69efc4a0b89ce356813d2a51f28499a646bcbb6bf916edeb5334fcd2c501cb2e5bf5ff6975ff73719bdb581527389bfd0a7b4f9e942750bfd15c785bbe52d971,,06/02/2023 02:50:00 PM,30,STOP SIGN/FLASHER,UNKNOWN,CLEAR,DAYLIGHT,REAR END,NOT DIVIDED,,STRAIGHT AND LEVEL,DRY,UNKNOWN,NOT ON SCENE (DESK REPORT),NO INJURY / DRIVE AWAY,,,N,"$501 - $1,500",06/02/2023 03:45:00 PM,UNABLE TO DETERMINE,NOT APPLICABLE,9900,S,THROOP ST,2213.0,,,,,,,2,NO INDICATION OF INJURY,0.0,0.0,0.0,0.0,0.0,2.0,0.0,14,6,6,41.7139512492,-87.6553135642,POINT (-87.655313564169 41.713951249155)
3978e6032724c7fe1880b379b682dc9db3a299075738b70237f6a55fd99dbbb416819c9acbeb01d09802ac9847b4771d6905927a9fc97847fbf308e12ea57ad7,,09/14/2019 12:45:00 PM,30,STOP SIGN/FLASHER,FUNCTIONING PROPERLY,CLEAR,DAYLIGHT,REAR END,NOT DIVIDED,,STRAIGHT AND LEVEL,DRY,NO DEFECTS,NOT ON SCENE (DESK REPORT),NO INJURY / DRIVE AWAY,,,,"OVER $1,500",09/14/2019 01:30:00 PM,UNABLE TO DETERMINE,NOT APPLICABLE,2258,N,CENTRAL PARK AVE,2525.0,,,,,,,3,NO INDICATION OF INJURY,0.0,0.0,0.0,0.0,0.0,6.0,0.0,12,7,9,41.9227256282,-87.7170842331,POINT (-87.717084233131 41.922725628201)
8804e235987fa77192742aedc30c63a5cfa76c5bd7bcaec91b6e919c823365d7579bdd3a98ae137e6ea0f93f97cfecea0009ebdc06144c0500eaef44d18435ec,,04/03/2020 09:40:00 AM,30,NO CONTROLS,NO CONTROLS,CLEAR,DAYLIGHT,SIDESWIPE SAME DIRECTION,NOT DIVIDED,,STRAIGHT AND LEVEL,DRY,NO DEFECTS,ON SCENE,INJURY AND / OR TOW DUE TO CRASH,Y,,Y,"OVER $1,500",04/03/2020 09:55:00 AM,IMPROPER TURNING/NO SIGNAL,UNABLE TO DETERMINE,7001,W,63RD ST,812.0,,,,,,,2,NONINCAPACITATING INJURY,1.0,0.0,0.0,1.0,0.0,1.0,0.0,9,6,4,41.777298211,-87.796086502,POINT (-87.796086502028 41.777298211004)
4e69fc2cf34efcab57b95cacaa85a6f20f29b589bbcb2179339375311036ba5285ccbc6fa978a7be446d93e76901099d3663720a22449f7f85f6b1da8484e548,,01/30/2020 02:14:00 AM,30,NO CONTROLS,NO CONTROLS,CLEAR,"DARKNESS, LIGHTED ROAD",PARKED MOTOR VEHICLE,NOT DIVIDED,,STRAIGHT AND LEVEL,DRY,NO DEFECTS,ON SCENE,NO INJURY / DRIVE AWAY,,,,"$501 - $1,500",01/30/2020 02:14:00 AM,UNABLE TO DETERMINE,NOT APPLICABLE,7554,S,YATES BLVD,414.0,,,,,,,2,NO INDICATION OF INJURY,0.0,0.0,0.0,0.0,0.0,1.0,0.0,2,5,1,41.7573613969,-87.5664857598,POINT (-87.566485759826 41.757361396946)
ef320c2a62cf7372ed81c6e0ca3acae808ff2e991daeec730f6badbc5fda36e54a7f64cd8d86d408d52b0a942bf604f1dabf4eb6c4827527c768b71717175b3e,,06/18/2021 11:42:00 AM,15,NO CONTROLS,NO CONTROLS,CLEAR,DAYLIGHT,PEDESTRIAN,PARKING LOT,,STRAIGHT ON GRADE,WET,NO DEFECTS,ON SCENE,INJURY AND / OR TOW DUE TO CRASH,,,,$500 OR LESS,06/18/2021 11:42:00 AM,UNABLE TO DETERMINE,UNABLE TO DETERMINE,242,E,103RD ST,511.0,,,,,,,2,"REPORTED, NOT EVIDENT",1.0,0.0,0.0,0.0,1.0,1.0,0.0,11,6,6,41.707374982,-87.6169460329,POINT (-87.61694603289 41.707374981987)
504e609f210283f80b608bf9dd584028941ec1f6925d1793e4094fc576916b1e0af4b419934d46255f71e08bcce4bbfeb6f85d0b62fd56a76c0ffa3aa8bcaed1,,03/17/2022 03:48:00 PM,30,TRAFFIC SIGNAL,UNKNOWN,CLEAR,DAYLIGHT,PEDALCYCLIST,NOT DIVIDED,,STRAIGHT AND LEVEL,UNKNOWN,UNKNOWN,ON SCENE,INJURY AND / OR TOW DUE TO CRASH,Y,,,"OVER $1,500",03/17/2022 03:50:00 PM,UNABLE TO DETERMINE,UNABLE TO DETERMINE,1200,N,CLARK ST,1821.0,,,,,,,2,"REPORTED, NOT EVIDENT",1.0,0.0,0.0,0.0,1.0,1.0,0.0,15,5,3,41.9039923328,-87.6315948953,POINT (-87.631594895269 41.903992332756)
2dd22a6f98eddebe22723454408f15227f9b8ec699478d5ab82fa1c2602246a450bd8e58631f06504391adcecd98ee2dc8e57b46c0fad9eb846f354b100f24c6,,12/01/2020 04:50:00 PM,35,TRAFFIC SIGNAL,FUNCTIONING PROPERLY,CLEAR,"DARKNESS, LIGHTED ROAD",REAR END,NOT DIVIDED,,STRAIGHT AND LEVEL,DRY,NO DEFECTS,ON SCENE,INJURY AND / OR TOW DUE TO CRASH,,,,"OVER $1,500",12/01/2020 04:55:00 PM,FOLLOWING TOO CLOSELY,NOT APPLICABLE,11058,S,WESTERN AVE,2212.0,,,,,,,2,NO INDICATION OF INJURY,0.0,0.0,0.0,0.0,0.0,2.0,0.0,16,3,12,41.6921640794,-87.6813131732,POINT (-87.681313173166 41.692164079406)
05134128bab20d0dd9e2c0a7272ee0a06a7a97d3ab1e406e63f1ea4c7e07cd3442043a3ec4eda1b55c42918cd0278bf53d537236b357e9f141d2c88c16209636,,07/15/2019 08:05:00 AM,30,TRAFFIC SIGNAL,FUNCTIONING PROPERLY,CLEAR,DAYLIGHT,TURNING,NOT DIVIDED,,STRAIGHT AND LEVEL,DRY,NO DEFECTS,ON SCENE,NO INJURY / DRIVE AWAY,,,,"$501 - $1,500",07/15/2019 08:10:00 AM,IMPROPER TURNING/NO SIGNAL,FAILING TO YIELD RIGHT-OF-WAY,4025,W,FOSTER AVE,1712.0,,,,,,,2,NO INDICATION OF INJURY,0.0,0.0,0.0,0.0,0.0,2.0,0.0,8,2,7,41.9754109723,-87.7292295285,POINT (-87.729229528481 41.975410972311)
1fb1361854f64c8d13c59b9b6f875805f86defb408102c561949ad8adafbba0a187789cd4cb2e116a64bda7af113b9044655ddebb5b8984a9c64d7c5f3e17943,,08/23/2021 06:20:00 PM,30,NO CONTROLS,NO CONTROLS,CLEAR,DAYLIGHT,PARKED MOTOR VEHICLE,ONE-WAY,,STRAIGHT AND LEVEL,DRY,NO DEFECTS,NOT ON SCENE (DESK REPORT),NO INJURY / DRIVE AWAY,,,,"OVER $1,500",08/23/2021 07:00:00 PM,UNABLE TO DETERMINE,UNABLE TO DETERMINE,56,S,LOCKWOOD AVE,1522.0,,,,,,,2,NO INDICATION OF INJURY,0.0,0.0,0.0,0.0,0.0,3.0,0.0,18,2,8,41.879390099,-87.7578042268,POINT (-87.757804226797 41.879390099034)
3c2966abbbf1071ad8152c81e396daca1f2d625adc9e512942841471b3ae6a1a257923002518da1c97ead8b92c28a3d50fdb0f7593ace07f975101742b47c67a,,05/10/2022 09:30:00 PM,30,STOP SIGN/FLASHER,FUNCTIONING PROPERLY,CLEAR,"DARKNESS, LIGHTED ROAD",TURNING,NOT DIVIDED,,STRAIGHT AND LEVEL,DRY,NO DEFECTS,NOT ON SCENE (DESK REPORT),NO INJURY / DRIVE AWAY,,,Y,"OVER $1,500",05/16/2022 01:10:00 PM,DRIVING SKILLS/KNOWLEDGE/EXPERIENCE,UNABLE TO DETERMINE,800,S,PULASKI RD,1132.0,,,,,,,2,NO INDICATION OF INJURY,0.0,0.0,0.0,0.0,0.0,3.0,0.0,21,3,5,41.870925814,-87.7254950769,POINT (-87.725495076865 41.87092581398)
a51944da6b1179d9b8f4556a0e57069b6d7fd65ad97944e1fe5d560f9a26c886f93c65509d1e1b7db3ef99654e2ee2d4d0a7b8cdbc2e70317faea11b5c49d252,,11/04/2017 11:25:00 AM,30,NO CONTROLS,NO CONTROLS,RAIN,DAYLIGHT,SIDESWIPE SAME DIRECTION,NOT DIVIDED,4,STRAIGHT AND LEVEL,WET,NO DEFECTS,NOT ON SCENE (DESK REPORT),NO INJURY / DRIVE AWAY,,,,"OVER $1,500",11/04/2017 12:07:00 PM,FAILING TO YIELD RIGHT-OF-WAY,IMPROPER LANE USAGE,200,S,STATE ST,113.0,,,,,,,2,NO INDICATION OF INJURY,0.0,0.0,0.0,0.0,0.0,2.0,0.0,11,7,11,41.879427045,-87.6278564858,POINT (-87.627856485786 41.879427045001)
9ef3f02e2d32111d27ec939b2cd1dbb6d0de9385c84a505a7094caa0902d24adb9fbee92c05ac0cb1145a6e91dabe20e504d08a0cf4c86e16011436e5009aa27,,01/14/2020 11:50:00 AM,30,NO CONTROLS,NO CONTROLS,CLEAR,DAYLIGHT,PARKED MOTOR VEHICLE,NOT DIVIDED,,STRAIGHT AND LEVEL,DRY,NO DEFECTS,ON SCENE,INJURY AND / OR TOW DUE TO CRASH,,,,"OVER $1,500",01/14/2020 11:53:00 AM,EQUIPMENT - VEHICLE CONDITION,DRIVING SKILLS/KNOWLEDGE/EXPERIENCE,4265,W,MONTROSE AVE,1722.0,,,,,,,2,NO INDICATION OF INJURY,0.0,0.0,0.0,0.0,0.0,1.0,0.0,11,3,1,41.9607540776,-87.7352850378,POINT (-87.73528503779 41.960754077582)