CRASH_RECORD_ID,CRASH_DATE_EST_I,CRASH_DATE,POSTED_SPEED_LIMIT,TRAFFIC_CONTROL_DEVICE,DEVICE_CONDITION,WEATHER_CONDITION,LIGHTING_CONDITION,FIRST_CRASH_TYPE,TRAFFICWAY_TYPE,LANE_CNT,ALIGNMENT,ROADWAY_SURFACE_COND,ROAD_DEFECT,REPORT_TYPE,CRASH_TYPE,INTERSECTION_RELATED_I,NOT_RIGHT_OF_WAY_I,HIT_AND_RUN_I,DAMAGE,DATE_POLICE_NOTIFIED,PRIM_CONTRIBUTORY_CAUSE,SEC_CONTRIBUTORY_CAUSE,STREET_NO,STREET_DIRECTION,STREET_NAME,BEAT_OF_OCCURRENCE,PHOTOS_TAKEN_I,STATEMENTS_TAKEN_I,DOORING_I,WORK_ZONE_I,WORK_ZONE_TYPE,WORKERS_PRESENT_I,NUM_UNITS,MOST_SEVERE_INJURY,INJURIES_TOTAL,INJURIES_FATAL,INJURIES_INCAPACITATING,INJURIES_NON_INCAPACITATING,INJURIES_REPORTED_NOT_EVIDENT,INJURIES_NO_INDICATION,INJURIES_UNKNOWN,CRASH_HOUR,CRASH_DAY_OF_WEEK,CRASH_MONTH,LATITUDE,LONGITUDE,LOCATION
4d83be887ea0ec0f38b7ce2b168bfd5b6e41a0f4b186585cfd13fb182a2f399d0e11e9866e25c6b5df604eac4c11d9cae538966cd456720fbd29cb5e89575c3c,,11/04/2023 01:20:00 AM,30,NO CONTROLS,NO CONTROLS,CLEAR,DARKNESS,PARKED MOTOR VEHICLE,NOT DIVIDED,,STRAIGHT AND LEVEL,DRY,NO DEFECTS,NOT ON SCENE (DESK REPORT),NO INJURY / DRIVE AWAY,,,Y,"OVER $1,500",11/04/2023 07:02:00 AM,UNABLE TO DETERMINE,UNABLE TO DETERMINE,6255,W,59TH ST,811.0,,,,,,,3,NO INDICATION OF INJURY,0.0,0.0,0.0,0.0,0.0,1.0,0.0,1,7,11,41.7849521741,-87.7788688671,POINT (-87.778868867083 41.784952174113)
b865aed9ad73f6a90969c81e79032cd85dccbc9024eeb2b689ca2eaa26603bb7c1bcf38d53a033e2776d0bd6bb0b6dbcc0762fac579d393add8512e4bad89411,,05/28/2019 08:55:00 AM,30,TRAFFIC SIGNAL,FUNCTIONING PROPERLY,CLEAR,DAYLIGHT,FIXED OBJECT,DIVIDED - W/MEDIAN (NOT RAISED),,STRAIGHT AND LEVEL,DRY,NO DEFECTS,ON SCENE,INJURY AND / OR TOW DUE TO CRASH,,,,"$501 - $1,500",05/28/2019 08:58:00 AM,EQUIPMENT - VEHICLE CONDITION,NOT APPLICABLE,6050,S,DR MARTIN LUTHER KING JR DR,311.0,,,,,,,1,NO INDICATION OF INJURY,0.0,0.0,0.0,0.0,0.0,1.0,0.0,8,3,5,41.7841979456,-87.615868741,POINT (-87.615868740966 41.784197945629)
52d07c18b527517b25056f4a5e2f2d4a580f5f3215bce2f03b462bb5048e4a834460d082bd766bbcabe9c4965f149c4815e4c9c90aea8577a08b1a05ab41056c,,06/07/2022 11:50:00 AM,30,UNKNOWN,UNKNOWN,UNKNOWN,DAYLIGHT,PARKED MOTOR VEHICLE,NOT DIVIDED,,STRAIGHT AND LEVEL,UNKNOWN,UNKNOWN,NOT ON SCENE (DESK REPORT),NO INJURY / DRIVE AWAY,,,Y,"OVER $1,500",06/07/2022 05:10:00 PM,UNABLE TO DETERMINE,NOT APPLICABLE,1500,S,FAIRFIELD AVE,1023.0,,,,,,,2,NO INDICATION OF INJURY,0.0,0.0,0.0,0.0,0.0,1.0,0.0,11,3,6,41.8610552113,-87.6945596339,POINT (-87.694559633925 41.861055211286)
3330eba861aca2723397ab4ff0ebb4817a168010ce81ad860a1a942680c0f6713d2360d3a6c7c6610eda0142fb280211c3d0b55a3852235a9ef4893c20a9fd20,,09/05/2017 09:15:00 AM,30,TRAFFIC SIGNAL,FUNCTIONING PROPERLY,CLEAR,DAYLIGHT,REAR END,DIVIDED - W/MEDIAN BARRIER,4,STRAIGHT AND LEVEL,DRY,NO DEFECTS,NOT ON SCENE (DESK REPORT),NO INJURY / DRIVE AWAY,,,,"OVER $1,500",09/05/2017 09:47:00 AM,UNABLE TO DETERMINE,UNABLE TO DETERMINE,1650,S,STATE ST,131.0,,Y,,,,,2,NO INDICATION OF INJURY,0.0,0.0,0.0,0.0,0.0,2.0,0.0,9,3,9,41.8590572214,-87.6273784843,POINT (-87.627378484332 41.859057221444)
e6cfde7d230eba0826371a1e2e1f8494491fe6408d2aff95dc1cf7f5bf822b5238e7e1f57e42f1108a9aeeee4572eabc1957b182552ea1bb7e524b0838dea2b9,,10/30/2017 02:57:00 PM,30,STOP SIGN/FLASHER,FUNCTIONING PROPERLY,CLEAR,DAYLIGHT,ANGLE,ONE-WAY,1,STRAIGHT AND LEVEL,DRY,NO DEFECTS,ON SCENE,NO INJURY / DRIVE AWAY,Y,,,"$501 - $1,500",10/30/2017 03:26:00 PM,FAILING TO YIELD RIGHT-OF-WAY,NOT APPLICABLE,9000,S,PAULINA ST,2221.0,,,,,,,2,NO INDICATION OF INJURY,0.0,0.0,0.0,0.0,0.0,3.0,0.0,14,2,10,41.73018959,-87.6654762411,POINT (-87.665476241081 41.730189589961)
664fa805e9bc79427c29a21c97e50b7a460dd5bc4df462c4b4b07ad7cc68ee36d27d6c30892f5c850eed27e87abeb3ce26856625b2df23c5ad5dcc9c82bb66f8,,09/10/2020 07:05:00 PM,30,UNKNOWN,UNKNOWN,UNKNOWN,UNKNOWN,PEDALCYCLIST,NOT DIVIDED,,STRAIGHT AND LEVEL,UNKNOWN,UNKNOWN,NOT ON SCENE (DESK REPORT),INJURY AND / OR TOW DUE TO CRASH,,,,$500 OR LESS,09/11/2020 01:00:00 PM,UNABLE TO DETERMINE,UNABLE TO DETERMINE,106,N,HALSTED ST,1224.0,,,Y,,,,2,NONINCAPACITATING INJURY,1.0,0.0,0.0,1.0,0.0,0.0,0.0,19,5,9,41.8833839752,-87.6475552045,POINT (-87.647555204452 41.883383975182)
8ff19e064a0b059bf863a03c601a2f8640770cc4b3dc46cc86b1f90871559b70b42a321c36e98985d8924efaf98f7245b6daf07553969cc5771b116e2f1d2171,,05/17/2022 09:15:00 PM,30,TRAFFIC SIGNAL,FUNCTIONING PROPERLY,CLEAR,"DARKNESS, LIGHTED ROAD",REAR END,FOUR WAY,,STRAIGHT AND LEVEL,DRY,NO DEFECTS,NOT ON SCENE (DESK REPORT),NO INJURY / DRIVE AWAY,,,Y,"OVER $1,500",05/17/2022 09:35:00 PM,FAILING TO REDUCE SPEED TO AVOID CRASH,NOT APPLICABLE,1602,N,CENTRAL AVE,2531.0,,,,,,,2,NO INDICATION OF INJURY,0.0,0.0,0.0,0.0,0.0,3.0,0.0,21,3,5,41.9095520101,-87.7658117384,POINT (-87.765811738402 41.909552010121)
f5b5407cd7e40280ec4bb430065f7e025ab430ec861dbf5739cd9e7e9c96f43a9b3927ca0ad228d7ebfb88fedc6731402e6dde6cdcbb2f76933babc11c18641c,,08/21/2025 01:00:00 PM,40,NO CONTROLS,NO CONTROLS,CLEAR,DAYLIGHT,SIDESWIPE SAME DIRECTION,DIVIDED - W/MEDIAN BARRIER,,STRAIGHT AND LEVEL,DRY,NO DEFECTS,NOT ON SCENE (DESK REPORT),INJURY AND / OR TOW DUE TO CRASH,,,,"OVER $1,500",08/25/2025 12:30:00 PM,IMPROPER OVERTAKING/PASSING,NOT APPLICABLE,9000,S,CHICAGO SKYWAY OB,423.0,,,,,,,2,NO INDICATION OF INJURY,0.0,0.0,0.0,0.0,0.0,2.0,0.0,13,5,8,,,
b43ae828ceaf34325a947942e7a9a98e6776e61d5c5859e857d2be8af93bfe85dfe6dfb40a7c927f6094d3f9c7f349077042d9eb14fedf9134995b6ca143f9cd,,01/24/2024 08:30:00 AM,30,TRAFFIC SIGNAL,FUNCTIONING PROPERLY,RAIN,DAYLIGHT,SIDESWIPE SAME DIRECTION,FOUR WAY,,STRAIGHT AND LEVEL,WET,NO DEFECTS,NOT ON SCENE (DESK REPORT),NO INJURY / DRIVE AWAY,,,,$500 OR LESS,01/24/2024 08:47:00 AM,PASSING STOPPED SCHOOL BUS,UNABLE TO DETERMINE,2001,E,MARQUETTE DR,331.0,,,,,,,2,NO INDICATION OF INJURY,0.0,0.0,0.0,0.0,0.0,3.0,0.0,8,4,1,41.7755627275,-87.5764444512,POINT (-87.576444451178 41.775562727526)
7702b0c67bca7743bfbf6b50ee349a1180648d91d9b3657a26c8acc973532d190bdcaabc651a629dc74aa7977273422bfaf3beda3ecd09f2cc23c16bb6c54c72,,08/22/2024 12:35:00 PM,30,STOP SIGN/FLASHER,FUNCTIONING PROPERLY,CLEAR,DAYLIGHT,TURNING,FOUR WAY,,STRAIGHT AND LEVEL,DRY,UNKNOWN,ON SCENE,NO INJURY / DRIVE AWAY,Y,,,"OVER $1,500",08/22/2024 01:54:00 PM,FAILING TO YIELD RIGHT-OF-WAY,DRIVING SKILLS/KNOWLEDGE/EXPERIENCE,8134,W,BELMONT AVE,1631.0,,,,,,,2,NO INDICATION OF INJURY,0.0,0.0,0.0,0.0,0.0,3.0,0.0,12,5,8,41.9377867182,-87.8301564913,POINT (-87.830156491333 41.937786718189)
78183b175a78154440c2e13bd5308ad2d029f1022b6e3121689700aa2ad445643f5aead464f6f1154f774ca124276d84754ce0c1d2885e54ac36caca5ffcdf7e,,10/21/2017 12:00:00 PM,15,NO CONTROLS,NO CONTROLS,CLEAR,DAYLIGHT,SIDESWIPE SAME DIRECTION,DIVIDED - W/MEDIAN (NOT RAISED),2,STRAIGHT AND LEVEL,DRY,NO DEFECTS,NOT ON SCENE (DESK REPORT),NO INJURY / DRIVE AWAY,,,,"$501 - $1,500",10/21/2017 01:05:00 PM,UNABLE TO DETERMINE,NOT APPLICABLE,4814,W,LE MOYNE ST,2533.0,,,,,,,2,NO INDICATION OF INJURY,0.0,0.0,0.0,0.0,0.0,2.0,0.0,12,7,10,41.9079026414,-87.7467295531,POINT (-87.746729553052 41.90790264135)
259f0e18b4eaf46297f4f06646a0db69a28bf9de60e538fbb91e6799758f249a8f2674b8418b6d4d75001f184164a062e32f8a9d9349607c3f22e0fc424a231a,,11/20/2022 02:36:00 PM,35,NO CONTROLS,NO CONTROLS,CLEAR,DAYLIGHT,SIDESWIPE SAME DIRECTION,DIVIDED - W/MEDIAN (NOT RAISED),,STRAIGHT AND LEVEL,DRY,NO DEFECTS,NOT ON SCENE (DESK REPORT),NO INJURY / DRIVE AWAY,,,Y,"OVER $1,500",11/20/2022 03:09:00 PM,IMPROPER LANE USAGE,CELL PHONE USE OTHER THAN TEXTING,3711,W,COLUMBUS AVE,834.0,,,,,,,2,NO INDICATION OF INJURY,0.0,0.0,0.0,0.0,0.0,2.0,0.0,14,1,11,41.7410128649,-87.714374184,POINT (-87.714374183955 41.741012864911)
57634ee24467296ecb66739093a4ff29751be6a1c005bd0ffd85f35a97ace216ad8f5ab327b029594a643e91d5e4e2b79247abb03466bbc95e76b83e3b1e90ef,,07/26/2020 02:07:00 AM,30,TRAFFIC SIGNAL,FUNCTIONING PROPERLY,CLEAR,"DARKNESS, LIGHTED ROAD",HEAD ON,FOUR WAY,,STRAIGHT AND LEVEL,DRY,NO DEFECTS,ON SCENE,INJURY AND / OR TOW DUE TO CRASH,Y,,Y,"OVER $1,500",07/26/2020 02:22:00 AM,DISREGARDING TRAFFIC SIGNALS,NOT APPLICABLE,6900,S,DAMEN AVE,735.0,,,,,,,2,NONINCAPACITATING INJURY,4.0,0.0,0.0,4.0,0.0,1.0,0.0,2,1,7,41.7683929797,-87.6737700561,POINT (-87.673770056146 41.768392979654)
d722ea080a227a36117ae9eb36644128b2c87482b1f044558401211ca394d2f1b47d734d08d1110b48e7363812317cc9aedf70a74a6bf237e53c9b2db1e65e1d,,09/21/2024 07:08:00 PM,30,NO CONTROLS,NO CONTROLS,CLEAR,"DARKNESS, LIGHTED ROAD",REAR END,DIVIDED - W/MEDIAN (NOT RAISED),,STRAIGHT AND LEVEL,DRY,NO DEFECTS,NOT ON SCENE (DESK REPORT),NO INJURY / DRIVE AWAY,,,Y,"OVER $1,500",09/23/2024 05:00:00 PM,UNABLE TO DETERMINE,UNABLE TO DETERMINE,2480,W,OGDEN AVE,1023.0,,,,,,,2,NO INDICATION OF INJURY,0.0,0.0,0.0,0.0,0.0,2.0,0.0,19,7,9,41.8639299178,-87.6886961267,POINT (-87.68869612674 41.863929917814)
3fff884d76b37eab3f0b1daa6376b2315b6b2c1775b298fc2e396ee6d7817c124ed42d005f9885d1f79a4c2345165ceaae119a6ff83eeeefabd4901f3499eb1a,,03/08/2019 08:00:00 PM,25,TRAFFIC SIGNAL,FUNCTIONING PROPERLY,CLEAR,"DARKNESS, LIGHTED ROAD",TURNING,NOT DIVIDED,2,STRAIGHT AND LEVEL,DRY,NO DEFECTS,ON SCENE,NO INJURY / DRIVE AWAY,Y,,Y,$500 OR LESS,03/08/2019 08:00:00 PM,IMPROPER OVERTAKING/PASSING,UNABLE TO DETERMINE,5059,S,WOODLAWN AVE,222.0,,,,,,,2,NO INDICATION OF INJURY,0.0,0.0,0.0,0.0,0.0,3.0,0.0,20,6,3,41.8024008352,-87.5965605124,POINT (-87.5965605124 41.802400835211)
77330adabdd72a586f6f4b3e4c4ecadefe69386e1e1f389223be1853f1606fecbca2e6d99cfbd85027f0265f5fb2c599d0ca2084f305697d1412c391d7726c9d,,07/06/2024 04:17:00 PM,35,TRAFFIC SIGNAL,FUNCTIONING PROPERLY,CLEAR,DAYLIGHT,PEDALCYCLIST,FOUR WAY,,STRAIGHT AND LEVEL,DRY,NO DEFECTS,ON SCENE,INJURY AND / OR TOW DUE TO CRASH,Y,,Y,"OVER $1,500",07/06/2024 06:04:00 PM,FAILING TO REDUCE SPEED TO AVOID CRASH,FAILING TO YIELD RIGHT-OF-WAY,3200,W,JACKSON BLVD,1124.0,,,,,,,2,NONINCAPACITATING INJURY,1.0,0.0,0.0,1.0,0.0,1.0,0.0,16,7,7,41.8774362051,-87.7061343001,POINT (-87.706134300119 41.877436205091)
f96ce131e1c1a9d2d56e618a7b925806d16f83819496f4dc9a6eaab74940002fe4409c22871cc9984630bf350ca01b31e8eb25988770ebaeb2d27b934ed9c6c3,,09/28/2023 07:43:00 AM,30,NO CONTROLS,NO CONTROLS,CLEAR,DAYLIGHT,OTHER OBJECT,ONE-WAY,,STRAIGHT AND LEVEL,DRY,NO DEFECTS,ON SCENE,INJURY AND / OR TOW DUE TO CRASH,Y,,,"$501 - $1,500",09/28/2023 07:44:00 AM,DRIVING SKILLS/KNOWLEDGE/EXPERIENCE,NOT APPLICABLE,1900,W,63RD ST,714.0,,,,,,,2,NONINCAPACITATING INJURY,1.0,0.0,0.0,1.0,0.0,2.0,0.0,7,5,9,41.7794593892,-87.6715572269,POINT (-87.671557226939 41.779459389224)
15ec1abc401102d0272dff203c84d7ed60d8df98cf7baefd135fb0843be557163d185d6f129313fc3ce49731ae9d248cd2741b78ba86659189bd7cf6e716cd0d,,08/16/2018 01:15:00 PM,10,NO CONTROLS,NO CONTROLS,CLEAR,DAYLIGHT,ANGLE,PARKING LOT,3,STRAIGHT AND LEVEL,DRY,UNKNOWN,NOT ON SCENE (DESK REPORT),NO INJURY / DRIVE AWAY,,Y,,"$501 - $1,500",08/16/2018 02:15:00 PM,IMPROPER BACKING,UNABLE TO DETERMINE,353,W,83RD ST,622.0,,,,,,,2,NO INDICATION OF INJURY,0.0,0.0,0.0,0.0,0.0,4.0,0.0,13,5,8,41.7434014119,-87.6337685852,POINT (-87.633768585157 41.743401411902)
f16954d77136bb3a14440c072f9fabbd36421849a043e8e03573adcb93107baf94a72744a9def66f011c215626db1ac9d5c37892094d984afe0ee8b07ac9cbf2,,10/27/2016 11:48:00 AM,30,NO CONTROLS,NO CONTROLS,CLEAR,DAYLIGHT,PARKED MOTOR VEHICLE,NOT DIVIDED,2,STRAIGHT AND LEVEL,DRY,NO DEFECTS,ON SCENE,INJURY AND / OR TOW DUE TO CRASH,,,Y,"OVER $1,500",10/27/2016 11:49:00 AM,"OPERATING VEHICLE IN ERRATIC, RECKLESS, CARELESS, NEGLIGENT OR AGGRESSIVE MANNER",NOT APPLICABLE,6621,S,MICHIGAN AVE,322.0,,,,,,,2,NO INDICATION OF INJURY,0.0,0.0,0.0,0.0,0.0,3.0,0.0,11,5,10,41.7743426967,-87.6226041991,POINT (-87.622604199126 41.774342696676)
e670b27eb39f2a1d2883e459738cc6e689da4b6b8b5ddd08c2833cee5354366eade02b37977e0be0843b27508883746da1e55c20633e4f67963aedc2c21216ab,,05/21/2019 07:50:00 AM,30,TRAFFIC SIGNAL,FUNCTIONING PROPERLY,RAIN,DAYLIGHT,REAR END,OTHER,,STRAIGHT AND LEVEL,WET,UNKNOWN,ON SCENE,INJURY AND / OR TOW DUE TO CRASH,,,,"$501 - $1,500",05/21/2019 07:55:00 AM,FOLLOWING TOO CLOSELY,NOT APPLICABLE,950,N,MICHIGAN AVE,1833.0,,,,,,,2,INCAPACITATING INJURY,1.0,0.0,1.0,0.0,0.0,4.0,0.0,7,3,5,41.9003527721,-87.6243329189,POINT (-87.624332918928 41.900352772063)
9fdb88c5e1ff12c14c9f98229765c3d2ca5379b9840e03e0fda8d3285217383293010f68cf957104d324e4d0cce458bc5e0c335ed69d0505048631b11f29a6d7,,02/20/2022 12:46:00 AM,30,TRAFFIC SIGNAL,FUNCTIONING PROPERLY,CLEAR,"DARKNESS, LIGHTED ROAD",FIXED OBJECT,DIVIDED - W/MEDIAN BARRIER,,STRAIGHT AND LEVEL,ICE,NO DEFECTS,ON SCENE,INJURY AND / OR TOW DUE TO CRASH,Y,,,"OVER $1,500",02/20/2022 12:47:00 AM,UNABLE TO DETERMINE,UNABLE TO DETERMINE,5100,S,WELLS ST,935.0,,Y,,,,,1,NO INDICATION OF INJURY,0.0,0.0,0.0,0.0,0.0,1.0,0.0,0,1,2,41.8017945403,-87.6321527164,POINT (-87.632152716406 41.801794540257)
056663f02a13a15f52e6db31782e32becbe833cd4b23a1203b26362aced0c7fcc18f0a69bdab245c3ec9910e80ce6c7979873694767d25d8c5fffe92e3097210,,10/24/2025 03:26:00 PM,30,NO CONTROLS,NO CONTROLS,CLEAR,DAYLIGHT,ANGLE,ONE-WAY,,STRAIGHT AND LEVEL,DRY,NO DEFECTS,ON SCENE,INJURY AND / OR TOW DUE TO CRASH,,,,"OVER $1,500",10/24/2025 03:46:00 PM,FAILING TO YIELD RIGHT-OF-WAY,NOT APPLICABLE,2412,N,MAJOR AVE,2515.0,,,,,,,2,NO INDICATION OF INJURY,0.0,0.0,0.0,0.0,0.0,2.0,0.0,15,6,10,41.9243707369,-87.7685839243,POINT (-87.768583924316 41.924370736941)
77b6a4a8340169ff84159a3562e45dd44f232734badc442d6ac6ee30d478db093fffabe1082b24a2b851b877f02fb60dfa59c21f0ddc9ee44f37ff6e335ca67f,,10/30/2021 03:30:00 PM,30,UNKNOWN,UNKNOWN,UNKNOWN,UNKNOWN,REAR END,UNKNOWN,,STRAIGHT AND LEVEL,UNKNOWN,UNKNOWN,NOT ON SCENE (DESK REPORT),NO INJURY / DRIVE AWAY,,,,"OVER $1,500",11/01/2021 03:15:00 PM,UNABLE TO DETERMINE,NOT APPLICABLE,3998,N,HARLEM AVE,1631.0,,,,,,,2,NO INDICATION OF INJURY,0.0,0.0,0.0,0.0,0.0,5.0,0.0,15,7,10,41.9526913626,-87.8074132476,POINT (-87.807413247555 41.952691362649)
3087f2bf4839216e1f99e7803c60a9f928037a1d1f7030d8e13ddcd06deab2182937733f57b40c3e5b5e8462cb5caa91b54086003aaf42550857da69861901e6,,03/27/2019 06:12:00 PM,30,NO CONTROLS,NO CONTROLS,CLOUDY/OVERCAST,DAYLIGHT,FIXED OBJECT,NOT DIVIDED,4,STRAIGHT AND LEVEL,DRY,NO DEFECTS,ON SCENE,NO INJURY / DRIVE AWAY,,,,"$501 - $1,500",03/27/2019 06:17:00 PM,"EVASIVE ACTION DUE TO ANIMAL, OBJECT, NONMOTORIST",UNABLE TO DETERMINE,6101,S,CENTRAL AVE,813.0,,,,,,,2,NO INDICATION OF INJURY,0.0,0.0,0.0,0.0,0.0,2.0,0.0,18,4,3,41.7816335314,-87.7617223972,POINT (-87.761722397242 41.781633531378)
d19f8eafa0231a079849e6829b53917b211e27cc9395437ffb5b5d4697f4cf07766469ee0cafa92081a00daa932bc324ab87c4cac9ffc5b43e6df8040faccb38,,05/05/2024 02:40:00 PM,35,NO CONTROLS,NO CONTROLS,CLEAR,DAYLIGHT,REAR END,DIVIDED - W/MEDIAN (NOT RAISED),,STRAIGHT AND LEVEL,DRY,NO DEFECTS,ON SCENE,NO INJURY / DRIVE AWAY,,,,"$501 - $1,500",05/05/2024 02:57:00 PM,UNABLE TO DETERMINE,NOT APPLICABLE,1825,S,ASHLAND AVE,1233.0,,Y,,,,,2,NO INDICATION OF INJURY,0.0,0.0,0.0,0.0,0.0,3.0,0.0,14,1,5,41.8569948349,-87.6659782327,POINT (-87.665978232652 41.85699483488)
615cdd50ad7667db6f9c1c672f29eab9dc53dfff1a99e50b2aa12125824089499e71b86e5cb6bb20e404f9696ef8d0cf01f0029313d256031a40cde5b27415b1,,08/13/2025 11:25:00 AM,30,TRAFFIC SIGNAL,NOT FUNCTIONING,CLEAR,DAYLIGHT,REAR END,NOT DIVIDED,,STRAIGHT AND LEVEL,DRY,NO DEFECTS,NOT ON SCENE (DESK REPORT),NO INJURY / DRIVE AWAY,,,,"OVER $1,500",08/13/2025 06:30:00 PM,UNABLE TO DETERMINE,NOT APPLICABLE,5800,N,SHERIDAN RD,2022.0,,,,,,,2,NO INDICATION OF INJURY,0.0,0.0,0.0,0.0,0.0,2.0,0.0,11,4,8,41.9874468008,-87.655453001,POINT (-87.65545300098 41.98744680079)
cbd844c07a40001a0ffc136c5335b8c485ca8542be8c53a138c7d90e102552d6f5d7cce6c9c0a43da2b265dbf797981d05e965c5e6a19029100575932bf2e76d,,08/06/2021 12:01:00 AM,25,NO CONTROLS,NO CONTROLS,CLEAR,"DARKNESS, LIGHTED ROAD",PARKED MOTOR VEHICLE,ONE-WAY,,STRAIGHT AND LEVEL,DRY,NO DEFECTS,ON SCENE,INJURY AND / OR TOW DUE TO CRASH,,,N,"OVER $1,500",08/06/2021 12:03:00 AM,DRIVING SKILLS/KNOWLEDGE/EXPERIENCE,"OPERATING VEHICLE IN ERRATIC, RECKLESS, CARELESS, NEGLIGENT OR AGGRESSIVE MANNER",3123,N,HARDING AVE,2523.0,,,,,,,2,NO INDICATION OF INJURY,0.0,0.0,0.0,0.0,0.0,1.0,0.0,0,6,8,41.9380013697,-87.7257858651,POINT (-87.72578586512 41.938001369662)
9055c415535688c65067ef1fc6c42a3e79cf5ca3d129797f64ee22ed587a5311b581ba16e242f8054b92d5b9e36a5974f9257ada9079bc3b2a43d8e9a90cfcd1,,09/22/2022 06:00:00 PM,30,TRAFFIC SIGNAL,FUNCTIONING PROPERLY,CLEAR,DAYLIGHT,REAR END,DIVIDED - W/MEDIAN (NOT RAISED),,STRAIGHT AND LEVEL,DRY,NO DEFECTS,,INJURY AND / OR TOW DUE TO CRASH,,,Y,"$501 - $1,500",09/22/2022 06:08:00 PM,FOLLOWING TOO CLOSELY,FOLLOWING TOO CLOSELY,3234,N,CALIFORNIA AVE,1733.0,,,,,,,3,NONINCAPACITATING INJURY,1.0,0.0,0.0,1.0,0.0,2.0,0.0,18,5,9,41.9404348102,-87.6980043378,POINT (-87.698004337775 41.940434810213)
f1d9949cf8c30364266bc80b8d9431ee5d45cad5e63c69278de539b6fd2fa218e189312ba493cf92550ec338f4f8524a7e0c08aa8982f5ce31f2d2aaedc1a14e,,07/17/2019 04:33:00 PM,15,NO CONTROLS,NO CONTROLS,CLEAR,DAYLIGHT,PARKED MOTOR VEHICLE,ALLEY,,STRAIGHT AND LEVEL,DRY,NO DEFECTS,ON SCENE,NO INJURY / DRIVE AWAY,,,,"$501 - $1,500",07/17/2019 04:42:00 PM,DRIVING SKILLS/KNOWLEDGE/EXPERIENCE,NOT APPLICABLE,190,S,LA SALLE ST,122.0,,,,,,,2,NO INDICATION OF INJURY,0.0,0.0,0.0,0.0,0.0,1.0,0.0,16,4,7,41.8794307562,-87.6324393694,POINT (-87.63243936944 41.879430756163)
b9f5ec9b4e01a3d622fffa9d96a6e62d9f4ca813e59b15bd508944f4ed7597be22a8949b8185b86136a1de0472c6a0987e89cd035bf5cb837ea07a9e032b9f85,,07/03/2021 08:45:00 PM,30,TRAFFIC SIGNAL,FUNCTIONING PROPERLY,CLEAR,"DARKNESS, LIGHTED ROAD",TURNING,DIVIDED - W/MEDIAN (NOT RAISED),,STRAIGHT AND LEVEL,DRY,UNKNOWN,NOT ON SCENE (DESK REPORT),NO INJURY / DRIVE AWAY,Y,,,$500 OR LESS,07/03/2021 09:10:00 PM,IMPROPER TURNING/NO SIGNAL,IMPROPER TURNING/NO SIGNAL,626,N,CLARK ST,1832.0,,,,,,,2,NO INDICATION OF INJURY,0.0,0.0,0.0,0.0,0.0,3.0,0.0,20,7,7,41.8931876284,-87.6313147202,POINT (-87.631314720159 41.893187628353)
eb0717ea8885494670eb028141e7e2a7be07989634ee0481a41172036dc912797bffcabfa66d3834ed82e8cf27bb199d454e1e466bf10e48a389d1e762697eec,Y,08/07/2019 11:00:00 PM,30,NO CONTROLS,NO CONTROLS,UNKNOWN,UNKNOWN,PARKED MOTOR VEHICLE,ONE-WAY,,STRAIGHT AND LEVEL,UNKNOWN,UNKNOWN,NOT ON SCENE (DESK REPORT),NO INJURY / DRIVE AWAY,,,Y,"OVER $1,500",08/08/2019 07:30:00 AM,NOT APPLICABLE,NOT APPLICABLE,145,S,KILDARE AVE,1115.0,,,,,,,2,NO INDICATION OF INJURY,0.0,0.0,0.0,0.0,0.0,1.0,0.0,23,4,8,41.8783381045,-87.732799559,POINT (-87.732799558991 41.878338104529)
f18e872a55f4c6a0ea6d2a36fc09e5a3fbbcf2166bc84aa73da6beef14236f1a839fd8bf123655e56600ab6eea3b190bf900f1a9e670d328614ec3c0240b238f,,12/05/2016 02:30:00 PM,30,NO CONTROLS,NO CONTROLS,CLEAR,DAYLIGHT,SIDESWIPE SAME DIRECTION,NOT DIVIDED,,STRAIGHT AND LEVEL,DRY,UNKNOWN,NOT ON SCENE (DESK REPORT),NO INJURY / DRIVE AWAY,,,,"OVER $1,500",12/05/2016 02:50:00 PM,DRIVING SKILLS/KNOWLEDGE/EXPERIENCE,NOT APPLICABLE,5900,S,CICERO AVE,813.0,,,,,,,2,NO INDICATION OF INJURY,0.0,0.0,0.0,0.0,0.0,2.0,0.0,14,2,12,41.7856433239,-87.7414857784,POINT (-87.741485778405 41.785643323876)
11ed9243250df20b2d10677a21f14c5a3452b7cd95610efbe5a93c045d3046d9b734f6f7557066dac2826d4c7535685916dbaac9a74e769f1ddf76c40782bde0,,07/17/2021 02:30:00 AM,40,NO CONTROLS,NO CONTROLS,CLEAR,"DARKNESS, LIGHTED ROAD",SIDESWIPE SAME DIRECTION,DIVIDED - W/MEDIAN BARRIER,,STRAIGHT AND LEVEL,DRY,NO DEFECTS,ON SCENE,INJURY AND / OR TOW DUE TO CRASH,,,,"OVER $1,500",07/17/2021 02:48:00 AM,IMPROPER LANE USAGE,UNABLE TO DETERMINE,5100,N,LAKE SHORE DR NB,2024.0,,,,,,,2,INCAPACITATING INJURY,1.0,0.0,1.0,0.0,0.0,1.0,0.0,2,7,7,41.9758260164,-87.650419778,POINT (-87.650419778017 41.975826016449)
98b7c705a7f80a9d7a6d9c76c5148af04771e8f349d16d0c58b4d9cf920c1dbf7c5fbc93ab38baeafa24efb97313ac97f9bbce3204120c7272aa554c8ba632ed,,10/11/2017 02:45:00 PM,30,NO CONTROLS,NO CONTROLS,RAIN,DAYLIGHT,ANGLE,ALLEY,2,STRAIGHT AND LEVEL,WET,UNKNOWN,NOT ON SCENE (DESK REPORT),NO INJURY / DRIVE AWAY,,,,"$501 - $1,500",10/11/2017 03:30:00 PM,FAILING TO YIELD RIGHT-OF-WAY,NOT APPLICABLE,2113,W,TOUHY AVE,2411.0,,,,,,,2,NO INDICATION OF INJURY,0.0,0.0,0.0,0.0,0.0,2.0,0.0,14,4,10,42.0121000994,-87.6835562133,POINT (-87.683556213276 42.012100099411)