CRASH_RECORD_ID,CRASH_DATE_EST_I,CRASH_DATE,POSTED_SPEED_LIMIT,TRAFFIC_CONTROL_DEVICE,DEVICE_CONDITION,WEATHER_CONDITION,LIGHTING_CONDITION,FIRST_CRASH_TYPE,TRAFFICWAY_TYPE,LANE_CNT,ALIGNMENT,ROADWAY_SURFACE_COND,ROAD_DEFECT,REPORT_TYPE,CRASH_TYPE,INTERSECTION_RELATED_I,NOT_RIGHT_OF_WAY_I,HIT_AND_RUN_I,DAMAGE,DATE_POLICE_NOTIFIED,PRIM_CONTRIBUTORY_CAUSE,SEC_CONTRIBUTORY_CAUSE,STREET_NO,STREET_DIRECTION,STREET_NAME,BEAT_OF_OCCURRENCE,PHOTOS_TAKEN_I,STATEMENTS_TAKEN_I,DOORING_I,WORK_ZONE_I,WORK_ZONE_TYPE,WORKERS_PRESENT_I,NUM_UNITS,MOST_SEVERE_INJURY,INJURIES_TOTAL,INJURIES_FATAL,INJURIES_INCAPACITATING,INJURIES_NON_INCAPACITATING,INJURIES_REPORTED_NOT_EVIDENT,INJURIES_NO_INDICATION,INJURIES_UNKNOWN,CRASH_HOUR,CRASH_DAY_OF_WEEK,CRASH_MONTH,LATITUDE,LONGITUDE,LOCATION
65251dd1059e14770b29fac197c841fe82da1fd048385611f917e624779ce0892d4a71ca7925f9f89ef1f627f4e5edd785810e10057d85f4c885ba7e40a8523e,,10/05/2023 12:33:00 PM,30,NO CONTROLS,NO CONTROLS,CLEAR,DAYLIGHT,TURNING,DIVIDED - W/MEDIAN (NOT RAISED),,STRAIGHT AND LEVEL,DRY,NO DEFECTS,ON SCENE,NO INJURY / DRIVE AWAY,,,,"OVER $1,500",10/05/2023 01:12:00 PM,IMPROPER LANE USAGE,UNABLE TO DETERMINE,2800,N,CALIFORNIA AVE,1411.0,,,,,,,2,NO INDICATION OF INJURY,0.0,0.0,0.0,0.0,0.0,2.0,0.0,12,5,10,41.9321207191,-87.6977653004,POINT (-87.697765300365 41.932120719106)
1c1d37dfb0219f5bf910c81533000195972b13cdc0f5a21dbd45093ece4e338509c18eb64e6e5d633d4286179618f250a86a6904698cbd098db410bbe0a8150f,,12/18/2018 07:01:00 AM,30,NO CONTROLS,NO CONTROLS,CLEAR,DAYLIGHT,TURNING,NOT DIVIDED,,STRAIGHT AND LEVEL,DRY,NO DEFECTS,NOT ON SCENE (DESK REPORT),NO INJURY / DRIVE AWAY,,,Y,"OVER $1,500",12/18/2018 11:10:00 AM,FAILING TO YIELD RIGHT-OF-WAY,UNABLE TO DETERMINE,2101,W,99TH ST,2213.0,,,,,,,2,NO INDICATION OF INJURY,0.0,0.0,0.0,0.0,0.0,2.0,0.0,7,3,12,41.7136567992,-87.6746402934,POINT (-87.674640293444 41.713656799166)
b7f56697aa8d1338f963673d10027bc4df31ec0d08be09c82b58f746a394ef5167bb66bcfbd0e7613c205c5db2f31b651a5278fdf3f3a31f1da7e4762aa16768,,06/05/2024 07:14:00 PM,30,OTHER,FUNCTIONING PROPERLY,CLEAR,DAYLIGHT,REAR END,OTHER,,STRAIGHT AND LEVEL,DRY,NO DEFECTS,NOT ON SCENE (DESK REPORT),NO INJURY / DRIVE AWAY,,,Y,"$501 - $1,500",06/05/2024 07:50:00 PM,UNABLE TO DETERMINE,NOT APPLICABLE,8801,S,CHICAGO SKYWAY OB,412.0,,,,,,,2,NO INDICATION OF INJURY,0.0,0.0,0.0,0.0,0.0,5.0,0.0,19,4,6,41.7353441671,-87.5655497374,POINT (-87.565549737402 41.735344167053)
d816b09daa656c46e36f5944c718c0ad4323f10a054c9b2755d1953a1cb96cbec4d8d9e7aceafe047e880b548e3a1c8f06c82b72be31b61cd74d727eaaf3fb2a,,10/28/2023 01:13:00 AM,30,NO CONTROLS,NO CONTROLS,CLEAR,DAYLIGHT,TURNING,NOT DIVIDED,,STRAIGHT AND LEVEL,DRY,NO DEFECTS,ON SCENE,NO INJURY / DRIVE AWAY,,,,"OVER $1,500",10/28/2023 01:13:00 AM,NOT APPLICABLE,NOT APPLICABLE,4938,S,KEDZIE AVE,821.0,,,,,,,2,NO INDICATION OF INJURY,0.0,0.0,0.0,0.0,0.0,2.0,0.0,1,7,10,41.8033030405,-87.7039827068,POINT (-87.703982706766 41.803303040491)
ca3b949fd8ebeb12bb2284e1d5d1519c038d95c573cf1e9de3bfb36dd737236a7a27c8ea0919eca9529bd691bb2b97b4082cf285c6a0c6885ba8c39707639b93,,06/04/2021 03:04:00 PM,30,TRAFFIC SIGNAL,UNKNOWN,CLEAR,DAYLIGHT,REAR END,NOT DIVIDED,,STRAIGHT AND LEVEL,DRY,UNKNOWN,NOT ON SCENE (DESK REPORT),INJURY AND / OR TOW DUE TO CRASH,,,,"OVER $1,500",06/04/2021 04:30:00 PM,FOLLOWING TOO CLOSELY,NOT APPLICABLE,3832,W,OGDEN AVE,1014.0,,,,,,,2,NO INDICATION OF INJURY,0.0,0.0,0.0,0.0,0.0,2.0,0.0,15,6,6,41.8525907954,-87.721030678,POINT (-87.721030678015 41.85259079539)
bfc2fdcf052dadb07cb112d5ce16f281e907963e08e8c180739242022f143ced80b1ee4be7b37ccbf2a6813d8bfb3128de42f316131237607a287d0bc21f9aa0,,07/11/2017 05:20:00 PM,30,TRAFFIC SIGNAL,FUNCTIONING PROPERLY,CLEAR,DAYLIGHT,SIDESWIPE SAME DIRECTION,ONE-WAY,,STRAIGHT AND LEVEL,DRY,UNKNOWN,NOT ON SCENE (DESK REPORT),NO INJURY / DRIVE AWAY,Y,,,"OVER $1,500",07/11/2017 05:55:00 PM,UNABLE TO DETERMINE,UNABLE TO DETERMINE,22,N,CLINTON ST,121.0,,,,,,,2,NO INDICATION OF INJURY,0.0,0.0,0.0,0.0,0.0,2.0,0.0,17,3,7,41.8825469768,-87.6413616642,POINT (-87.641361664232 41.88254697684)
9c1f9afecc38719783971ceb6fcf61a4df6b91956a44bf2e0fc90445aad9d7c01e4de86919e66f333f0aa81542f7949225872e9be3d222ffc64882106e919c82,,05/12/2023 06:30:00 PM,30,STOP SIGN/FLASHER,FUNCTIONING PROPERLY,UNKNOWN,DAYLIGHT,ANGLE,ONE-WAY,,STRAIGHT AND LEVEL,UNKNOWN,UNKNOWN,NOT ON SCENE (DESK REPORT),NO INJURY / DRIVE AWAY,Y,,Y,"OVER $1,500",05/12/2023 06:30:00 PM,FAILING TO YIELD RIGHT-OF-WAY,NOT APPLICABLE,1700,N,MERRIMAC AVE,2513.0,,,,,,,2,NO INDICATION OF INJURY,0.0,0.0,0.0,0.0,0.0,2.0,0.0,18,6,5,41.9110940385,-87.7819237966,POINT (-87.781923796583 41.911094038521)
728581d3398eb1da15a9aa2ba9029b0d7bcd75eec8ba2ac4e05fe2b6e2644944b0adeeac99267a0275f93faf933c4bfa21ea67c517c5cf4ec8ad6d1ac6ba93bc,,04/29/2017 12:01:00 PM,30,STOP SIGN/FLASHER,FUNCTIONING PROPERLY,RAIN,DAYLIGHT,PARKED MOTOR VEHICLE,DIVIDED - W/MEDIAN (NOT RAISED),2,STRAIGHT AND LEVEL,WET,NO DEFECTS,ON SCENE,NO INJURY / DRIVE AWAY,Y,,,"OVER $1,500",04/29/2017 12:05:00 PM,IMPROPER TURNING/NO SIGNAL,FAILING TO REDUCE SPEED TO AVOID CRASH,1701,S,RACINE AVE,1235.0,,,,,,,2,NO INDICATION OF INJURY,0.0,0.0,0.0,0.0,0.0,1.0,0.0,12,7,4,41.8588167905,-87.6563044094,POINT (-87.656304409434 41.858816790476)
5037df5ca34178014e7d10f00969f8ad57b66a1038e6bae67974f9b86094f1c111ae28d7c721d85b78db8fffccb8c1f3bc251e8c1b44b4a35c5597660a93799c,,10/17/2024 10:30:00 PM,30,TRAFFIC SIGNAL,FUNCTIONING PROPERLY,CLEAR,"DARKNESS, LIGHTED ROAD",SIDESWIPE SAME DIRECTION,ONE-WAY,,STRAIGHT AND LEVEL,DRY,NO DEFECTS,NOT ON SCENE (DESK REPORT),NO INJURY / DRIVE AWAY,Y,,,"OVER $1,500",10/17/2024 11:15:00 PM,IMPROPER LANE USAGE,NOT APPLICABLE,400,S,CLARK ST,122.0,,,,,,,2,NO INDICATION OF INJURY,0.0,0.0,0.0,0.0,0.0,4.0,0.0,22,5,10,41.8768182531,-87.6308945,POINT (-87.630894500009 41.876818253091)
1a7cc827d3bedb2d745eab35d187cab4a481acb5a38870eda28b78f8d0c670d731f794a3fb8c661cbe86b0c0b0183b97f852f1e0393439472447b95373144581,,01/07/2023 08:26:00 PM,30,NO CONTROLS,NO CONTROLS,CLEAR,"DARKNESS, LIGHTED ROAD",TURNING,NOT DIVIDED,,STRAIGHT AND LEVEL,DRY,NO DEFECTS,ON SCENE,NO INJURY / DRIVE AWAY,,,,"$501 - $1,500",01/07/2023 08:26:00 PM,IMPROPER OVERTAKING/PASSING,UNABLE TO DETERMINE,3150,N,CENTRAL AVE,2514.0,,,,,,,2,NO INDICATION OF INJURY,0.0,0.0,0.0,0.0,0.0,3.0,0.0,20,7,1,41.9382544602,-87.7666353903,POINT (-87.766635390273 41.938254460249)
da83463e38fd0915fabe0e5c55ce4e423f70a3ac1056c215d6f2c53f61d755b89e6659f12ca7ff2ebd9036ad1162e94bccf2bfe898e239c56334304fec11cbff,,08/01/2018 09:30:00 PM,15,NO CONTROLS,NO CONTROLS,CLEAR,"DARKNESS, LIGHTED ROAD",REAR END,PARKING LOT,1,STRAIGHT AND LEVEL,DRY,UNKNOWN,NOT ON SCENE (DESK REPORT),NO INJURY / DRIVE AWAY,,Y,,$500 OR LESS,08/01/2018 10:00:00 PM,UNABLE TO DETERMINE,UNABLE TO DETERMINE,2627,N,CLARK ST,1935.0,,,,,,,2,NO INDICATION OF INJURY,0.0,0.0,0.0,0.0,0.0,2.0,0.0,21,4,8,41.9303429657,-87.6435238571,POINT (-87.643523857102 41.930342965724)
f58095e92e1b128b4c1d8c351d71016e4084d775e793dab2495e467595d0dd1ebb3950e18c929f1827906cfef585b1e0ab7264f04459c8a48dd50309bc7ca28c,,12/30/2022 08:40:00 AM,20,NO CONTROLS,NO CONTROLS,CLEAR,DAYLIGHT,PARKED MOTOR VEHICLE,ONE-WAY,,STRAIGHT AND LEVEL,DRY,NO DEFECTS,NOT ON SCENE (DESK REPORT),NO INJURY / DRIVE AWAY,,,Y,$500 OR LESS,12/30/2022 10:45:00 AM,UNABLE TO DETERMINE,UNABLE TO DETERMINE,1542,W,HIGHLAND AVE,2433.0,,,,,,,2,NO INDICATION OF INJURY,0.0,0.0,0.0,0.0,0.0,1.0,0.0,8,6,12,41.9973805217,-87.6696110799,POINT (-87.669611079944 41.997380521686)
81dd14c1b48f933d005d6b80031e81d777e6604e36bbf1704a68ade77c729bbb12ab07690e3f7152bf7efbf65df9439e8ae9bc353e561d2184286a436b5a896e,,07/28/2017 11:00:00 AM,30,NO CONTROLS,NO CONTROLS,CLEAR,DAYLIGHT,PARKED MOTOR VEHICLE,DRIVEWAY,,STRAIGHT AND LEVEL,DRY,NO DEFECTS,ON SCENE,INJURY AND / OR TOW DUE TO CRASH,,N,Y,"OVER $1,500",07/28/2017 01:07:00 PM,UNABLE TO DETERMINE,UNABLE TO DETERMINE,3330,W,FULTON BLVD,1123.0,,Y,,,,,4,NO INDICATION OF INJURY,0.0,0.0,0.0,0.0,0.0,3.0,0.0,11,6,7,41.8864773901,-87.7100383776,POINT (-87.710038377643 41.886477390099)
4cab3dde1a97ec1c5ebe9d84faaefd3b22715de2436960da74eaf1dda8413f75ebb706fa22cc5f3176a29f6cf91437d9fef3d9df66ee1d26560417ab1a7492d9,,04/19/2018 03:15:00 PM,35,NO CONTROLS,NO CONTROLS,CLEAR,DAYLIGHT,SIDESWIPE SAME DIRECTION,NOT DIVIDED,,STRAIGHT AND LEVEL,DRY,NO DEFECTS,ON SCENE,NO INJURY / DRIVE AWAY,,,,"OVER $1,500",04/19/2018 03:19:00 PM,UNABLE TO DETERMINE,NOT APPLICABLE,6343,S,KEDVALE AVE,813.0,,,,,,,2,NO INDICATION OF INJURY,0.0,0.0,0.0,0.0,0.0,3.0,0.0,15,5,4,41.7772885439,-87.7262452858,POINT (-87.726245285839 41.777288543908)
d7a8ff1203c58c6439ed70a7d6312d4dbb4283c7aaceb446f67973f9e8c87f79e303ff869a1d2ba37c37583f8a5138608bc53d2ce4a97df65a0a9a4d5cf66861,,02/24/2024 01:00:00 PM,30,NO CONTROLS,NO CONTROLS,CLEAR,DAYLIGHT,REAR END,NOT DIVIDED,,STRAIGHT AND LEVEL,DRY,UNKNOWN,NOT ON SCENE (DESK REPORT),NO INJURY / DRIVE AWAY,Y,,,"OVER $1,500",02/25/2024 11:20:00 AM,FOLLOWING TOO CLOSELY,NOT APPLICABLE,4059,W,SCHOOL ST,1731.0,,,,,,,2,NO INDICATION OF INJURY,0.0,0.0,0.0,0.0,0.0,2.0,0.0,13,7,2,41.9407526606,-87.7296360922,POINT (-87.729636092167 41.940752660602)
5767b4f842a7b8931eb475f25a1bc761313b73ea2878217bab06bc552ce32cffa97fea3bcf8343836889ef783ed55513e70764a50b9f82b015f23d2ae693d65a,,11/18/2023 05:20:00 PM,30,TRAFFIC SIGNAL,FUNCTIONING PROPERLY,CLEAR,"DARKNESS, LIGHTED ROAD",SIDESWIPE SAME DIRECTION,FOUR WAY,,STRAIGHT AND LEVEL,DRY,NO DEFECTS,NOT ON SCENE (DESK REPORT),INJURY AND / OR TOW DUE TO CRASH,Y,,,"OVER $1,500",11/18/2023 06:45:00 PM,HAD BEEN DRINKING (USE WHEN ARREST IS NOT MADE),"OPERATING VEHICLE IN ERRATIC, RECKLESS, CARELESS, NEGLIGENT OR AGGRESSIVE MANNER",39,W,MARQUETTE RD,722.0,,,,,,,2,NONINCAPACITATING INJURY,1.0,0.0,0.0,1.0,0.0,2.0,0.0,17,7,11,41.7725763018,-87.626740364,POINT (-87.626740364026 41.772576301797)
e62c55ba36dc9e899cf405fa73a435f1739d4f26d75e9edc392f5d0ac8125e6709bcf0614877ffbb82187f9aa39d9d99b19830fa22188cf5a2a2f4e57b404bd0,,02/22/2025 09:00:00 PM,30,TRAFFIC SIGNAL,UNKNOWN,UNKNOWN,DARKNESS,SIDESWIPE SAME DIRECTION,NOT DIVIDED,,STRAIGHT AND LEVEL,UNKNOWN,UNKNOWN,NOT ON SCENE (DESK REPORT),NO INJURY / DRIVE AWAY,,,Y,"OVER $1,500",02/22/2025 09:00:00 PM,UNABLE TO DETERMINE,UNABLE TO DETERMINE,8510,S,ASHLAND AVE,614.0,,,,,,,2,NO INDICATION OF INJURY,0.0,0.0,0.0,0.0,0.0,2.0,0.0,21,7,2,41.7390568619,-87.6632941548,POINT (-87.663294154835 41.73905686195)
ac552c2f8021f461ccfbcc9c9206528639954ed7302d8a7fcd457fcb69a9dab06ab0bc73b87c1b95d18976bf79964da3726556c74df97babc1e941e41015c819,,11/12/2024 03:45:00 PM,35,NO CONTROLS,NO CONTROLS,CLEAR,DAYLIGHT,REAR END,NOT DIVIDED,,STRAIGHT AND LEVEL,DRY,NO DEFECTS,NOT ON SCENE (DESK REPORT),NO INJURY / DRIVE AWAY,,,,"$501 - $1,500",11/17/2024 11:00:00 AM,UNABLE TO DETERMINE,UNABLE TO DETERMINE,3347,E,100TH ST,432.0,,,,,,,2,NO INDICATION OF INJURY,0.0,0.0,0.0,0.0,0.0,2.0,0.0,15,3,11,41.7137190361,-87.5416284444,POINT (-87.541628444377 41.713719036107)
8db8bf020e5f3489c489bbacfdd6994aab68fae4450639effbf5f91827bd0d07ca1587e036172ce530ddd05d49ae6924ed6ffbcbe785d39c1f5c7f74ea848051,,06/07/2016 01:50:00 PM,30,TRAFFIC SIGNAL,FUNCTIONING PROPERLY,CLEAR,DAYLIGHT,REAR END,DIVIDED - W/MEDIAN (NOT RAISED),2,STRAIGHT AND LEVEL,DRY,UNKNOWN,ON SCENE,NO INJURY / DRIVE AWAY,,,Y,"$501 - $1,500",06/07/2016 02:52:00 PM,UNABLE TO DETERMINE,UNABLE TO DETERMINE,750,W,127TH ST,523.0,,,,,,,2,NO INDICATION OF INJURY,0.0,0.0,0.0,0.0,0.0,2.0,0.0,13,3,6,41.6633592433,-87.6410930088,POINT (-87.641093008755 41.663359243327)
baf5d5f79b11caa896614750b0d7adc407c44f591c657c31fa7b3756a550481ab645907f70a703666f124994c72e4d25df73af6b64375e14ff85aa61ad529fc8,,10/25/2024 02:50:00 PM,20,NO CONTROLS,NO CONTROLS,CLEAR,DAYLIGHT,ANGLE,PARKING LOT,,STRAIGHT ON GRADE,DRY,NO DEFECTS,NOT ON SCENE (DESK REPORT),NO INJURY / DRIVE AWAY,,Y,,"OVER $1,500",10/25/2024 05:00:00 PM,FAILING TO YIELD RIGHT-OF-WAY,NOT APPLICABLE,1744,W,PRYOR AVE,2212.0,,,,,,,2,NO INDICATION OF INJURY,0.0,0.0,0.0,0.0,0.0,2.0,0.0,14,6,10,41.692060407,-87.6656430914,POINT (-87.665643091417 41.692060407025)
63e1578df96b3ae4300987e73bc58eebf2c6158dbf333b41ab5f374b33105b77aad3f53ec5e985bf057ce463377184e7c147f6b69ff9c15c620a518e670dd481,,09/29/2019 08:20:00 PM,30,TRAFFIC SIGNAL,FUNCTIONING PROPERLY,RAIN,"DARKNESS, LIGHTED ROAD",REAR END,FOUR WAY,,STRAIGHT AND LEVEL,WET,NO DEFECTS,NOT ON SCENE (DESK REPORT),NO INJURY / DRIVE AWAY,Y,,,"OVER $1,500",09/29/2019 08:56:00 PM,UNABLE TO DETERMINE,UNABLE TO DETERMINE,2320,W,FULLERTON AVE,1432.0,,,,,,,2,NO INDICATION OF INJURY,0.0,0.0,0.0,0.0,0.0,2.0,0.0,20,1,9,41.9250294475,-87.6860580697,POINT (-87.686058069678 41.925029447525)
d0d18c85f5d1b35ca90f1f3867993236b725b332dcda193bd08d5afe0fe3968c6f91f6162754fbeb7b3f5e4b71954b786b74a9764a9fbf85d955519c99eb8a43,,07/29/2020 04:17:00 PM,35,STOP SIGN/FLASHER,FUNCTIONING PROPERLY,RAIN,DAYLIGHT,REAR END,NOT DIVIDED,,STRAIGHT AND LEVEL,WET,NO DEFECTS,ON SCENE,NO INJURY / DRIVE AWAY,,,,$500 OR LESS,07/29/2020 04:20:00 PM,FAILING TO REDUCE SPEED TO AVOID CRASH,NOT APPLICABLE,2800,W,BRYN MAWR AVE,2011.0,,,,,,,2,NO INDICATION OF INJURY,0.0,0.0,0.0,0.0,0.0,2.0,0.0,16,4,7,41.9832305406,-87.6992185119,POINT (-87.699218511897 41.983230540554)
2f8825a4d977e7304b67b8662b670c20cc088a18bfc7e31a55260e524474b4b1737b25e5a6e65c382f74d992d803aab3649b523f25074b92eaf1256a7b7b33e7,Y,02/20/2024 07:00:00 PM,30,NO CONTROLS,NO CONTROLS,CLEAR,UNKNOWN,PARKED MOTOR VEHICLE,NOT DIVIDED,,STRAIGHT AND LEVEL,DRY,NO DEFECTS,NOT ON SCENE (DESK REPORT),NO INJURY / DRIVE AWAY,,,Y,"OVER $1,500",02/21/2024 07:42:00 PM,UNABLE TO DETERMINE,NOT APPLICABLE,3205,S,AVERS AVE,1031.0,,,,,,,2,NO INDICATION OF INJURY,0.0,0.0,0.0,0.0,0.0,1.0,0.0,19,3,2,41.8349259405,-87.7204942963,POINT (-87.720494296267 41.834925940545)
7af9a44fcb37051c4f1054594d3aaef804bdad4435439f4a2c80a638411f152bdf04af1ed219c6dcbd2ed0037e29bedb81f083fa75413cf3f02d749e9b514b71,,09/14/2020 11:00:00 AM,30,NO CONTROLS,NO CONTROLS,CLEAR,DAYLIGHT,OTHER OBJECT,NOT DIVIDED,,STRAIGHT AND LEVEL,DRY,UNKNOWN,NOT ON SCENE (DESK REPORT),NO INJURY / DRIVE AWAY,,N,Y,"OVER $1,500",09/14/2020 07:38:00 PM,UNABLE TO DETERMINE,UNABLE TO DETERMINE,305,S,SPRINGFIELD AVE,1133.0,,,,,,,1,NO INDICATION OF INJURY,0.0,0.0,0.0,0.0,0.0,1.0,0.0,11,2,9,41.8769392156,-87.7229517069,POINT (-87.722951706904 41.876939215576)
10dea35eab7fff0cc2cfb86d2e1c8bb885c9c8a63470e09b3d6421047a3c75d54c9eb12aae411bb65d999badcbbc79eeb4f2c8963e2866afc1271d271356416b,,09/05/2018 12:00:00 PM,30,NO CONTROLS,NO CONTROLS,CLEAR,DAYLIGHT,PARKED MOTOR VEHICLE,ONE-WAY,1,STRAIGHT AND LEVEL,UNKNOWN,UNKNOWN,NOT ON SCENE (DESK REPORT),NO INJURY / DRIVE AWAY,,,Y,"$501 - $1,500",09/05/2018 04:33:00 PM,UNABLE TO DETERMINE,UNABLE TO DETERMINE,4306,N,KENMORE AVE,1915.0,,,,,,,2,NO INDICATION OF INJURY,0.0,0.0,0.0,0.0,0.0,1.0,0.0,12,4,9,41.9601099443,-87.6564387048,POINT (-87.656438704825 41.960109944291)
c2c8dc8544217450012ab28fa3a4c1a9f211b5ab585eb7026f90945279cd10fb97b65a12f9cada786fd37bac8530dec8f698147219d4129a5f48e535ec5c0c4f,,10/21/2025 08:00:00 AM,30,NO CONTROLS,NO CONTROLS,CLEAR,DAYLIGHT,PARKED MOTOR VEHICLE,ONE-WAY,,STRAIGHT AND LEVEL,UNKNOWN,UNKNOWN,NOT ON SCENE (DESK REPORT),NO INJURY / DRIVE AWAY,,,,"OVER $1,500",10/21/2025 06:40:00 PM,DRIVING SKILLS/KNOWLEDGE/EXPERIENCE,NOT APPLICABLE,4632,W,63RD ST,813.0,,,,,,,2,NO INDICATION OF INJURY,0.0,0.0,0.0,0.0,0.0,3.0,0.0,8,3,10,41.7785799607,-87.7386794371,POINT (-87.738679437114 41.77857996073)
a336df2e2fcf825409dc7f8118a821af33be864fb73c9d6a65daa5a265af23e68c6eed7155a7ca2deba0913e029f0feae35388b0a543942677df4c875e11600d,,05/01/2023 10:00:00 PM,30,TRAFFIC SIGNAL,FUNCTIONING PROPERLY,CLEAR,"DARKNESS, LIGHTED ROAD",ANGLE,NOT DIVIDED,,STRAIGHT AND LEVEL,DRY,NO DEFECTS,,INJURY AND / OR TOW DUE TO CRASH,Y,,,"OVER $1,500",05/02/2023 01:15:00 AM,DISREGARDING TRAFFIC SIGNALS,NOT APPLICABLE,340,N,CLARK ST,1831.0,,,,,,,2,NONINCAPACITATING INJURY,1.0,0.0,0.0,1.0,0.0,2.0,0.0,22,2,5,41.8885267139,-87.6311913744,POINT (-87.631191374354 41.888526713886)
5e6b4420f21f55d40239a843448182b8a7957bb91b4b39ea6197034bda50c4b795ddccc4fc5cf1b342d32ab45e7126ac97b6af6c6147e0950f16e0a25c9687eb,Y,09/12/2020 07:00:00 PM,20,NO CONTROLS,NO CONTROLS,CLEAR,"DARKNESS, LIGHTED ROAD",PARKED MOTOR VEHICLE,NOT DIVIDED,,STRAIGHT AND LEVEL,DRY,NO DEFECTS,NOT ON SCENE (DESK REPORT),INJURY AND / OR TOW DUE TO CRASH,,,Y,"OVER $1,500",09/13/2020 09:20:00 AM,IMPROPER BACKING,UNABLE TO DETERMINE,1158,W,106TH ST,2232.0,,,,,,,2,NO INDICATION OF INJURY,0.0,0.0,0.0,0.0,0.0,1.0,0.0,19,7,9,41.7014694381,-87.651740693,POINT (-87.651740692952 41.701469438103)
7faea39b77f929d88ccdb7dec309755a8e4949e8348016a215a8e9613439b98c0f96d5b0afeaa479af6ea4034e79f1e62dc62ca581fa6f99b9a5f9bb28e4bc54,Y,06/29/2025 02:58:00 PM,30,NO CONTROLS,NO CONTROLS,CLEAR,DAYLIGHT,PARKED MOTOR VEHICLE,NOT DIVIDED,,STRAIGHT AND LEVEL,DRY,NO DEFECTS,NOT ON SCENE (DESK REPORT),NO INJURY / DRIVE AWAY,,,Y,"OVER $1,500",06/29/2025 04:00:00 PM,"OPERATING VEHICLE IN ERRATIC, RECKLESS, CARELESS, NEGLIGENT OR AGGRESSIVE MANNER","OPERATING VEHICLE IN ERRATIC, RECKLESS, CARELESS, NEGLIGENT OR AGGRESSIVE MANNER",1601,N,KILBOURN AVE,2533.0,,,,,,,2,NO INDICATION OF INJURY,0.0,0.0,0.0,0.0,0.0,2.0,0.0,14,1,6,41.9097864088,-87.7384019282,POINT (-87.738401928178 41.90978640884)
55907f1331f6b3bda35a02cf3be45f42e134754e2ce5d920a77df005018f230d04e365be49a76926654c88f85715f32c631e55ccc5d5db80f548272d62328e26,,03/05/2025 08:01:00 PM,35,NO CONTROLS,NO CONTROLS,CLEAR,"DARKNESS, LIGHTED ROAD",PARKED MOTOR VEHICLE,ONE-WAY,,STRAIGHT AND LEVEL,WET,NO DEFECTS,ON SCENE,NO INJURY / DRIVE AWAY,,,,"OVER $1,500",03/05/2025 08:01:00 PM,UNABLE TO DETERMINE,NOT APPLICABLE,1142,N,WINCHESTER AVE,1212.0,,,,,,,3,NO INDICATION OF INJURY,0.0,0.0,0.0,0.0,0.0,2.0,0.0,20,4,3,41.9025946272,-87.676167567,POINT (-87.676167567017 41.902594627165)
d913155f07962e927fe28233a588ce2df51f00b18c3d6b94824afc75e2598f164ba244ce457d130d17a378aadf25e5d66ac7a0079b48f07b8e7a025b4321bcaf,,11/06/2021 03:20:00 PM,10,NO CONTROLS,NO CONTROLS,CLEAR,DAYLIGHT,PARKED MOTOR VEHICLE,PARKING LOT,,STRAIGHT AND LEVEL,DRY,NO DEFECTS,NOT ON SCENE (DESK REPORT),NO INJURY / DRIVE AWAY,,,,"OVER $1,500",11/07/2021 08:14:00 AM,UNABLE TO DETERMINE,UNABLE TO DETERMINE,5139,S,PULASKI RD,822.0,,,,,,,2,NO INDICATION OF INJURY,0.0,0.0,0.0,0.0,0.0,1.0,0.0,15,7,11,41.7993204319,-87.723190711,POINT (-87.72319071101 41.799320431921)
8d8393526b4e31f3a1fe32842f6ea6a2ac00a8aaeebbe49e7120f699fd4c2c0ebc16aaa46bd7739e78b2c7123ec30a2c4b39f1cc75ca88ee59245229c74ebd2c,,06/30/2016 04:20:00 PM,35,TRAFFIC SIGNAL,FUNCTIONING PROPERLY,CLEAR,DAYLIGHT,REAR END,NOT DIVIDED,4,STRAIGHT AND LEVEL,DRY,NO DEFECTS,NOT ON SCENE (DESK REPORT),NO INJURY / DRIVE AWAY,Y,,,"OVER $1,500",06/30/2016 05:01:00 PM,FAILING TO REDUCE SPEED TO AVOID CRASH,DISREGARDING TRAFFIC SIGNALS,4040,N,AUSTIN AVE,1624.0,,,,,,,2,NO INDICATION OF INJURY,0.0,0.0,0.0,0.0,0.0,2.0,0.0,16,5,6,41.9542749324,-87.7769635083,POINT (-87.776963508266 41.954274932428)
955f0b63e254091e6de7dd02a428a76077ecff3a82d7ca11232ad345df8ba89ea70af442b61078e4028a9945b10c8a9c5fbac090bddf7247628a456bc0b16196,,07/08/2024 08:23:00 AM,30,NO CONTROLS,NO CONTROLS,CLEAR,DAYLIGHT,TURNING,DIVIDED - W/MEDIAN BARRIER,,STRAIGHT AND LEVEL,WET,NO DEFECTS,ON SCENE,NO INJURY / DRIVE AWAY,Y,,N,"OVER $1,500",07/08/2024 08:29:00 AM,IMPROPER OVERTAKING/PASSING,IMPROPER OVERTAKING/PASSING,88,E,WASHINGTON ST,111.0,,,,,,,2,NO INDICATION OF INJURY,0.0,0.0,0.0,0.0,0.0,3.0,0.0,8,2,7,41.8833361704,-87.6247513235,POINT (-87.62475132354 41.883336170398)