CRASH_RECORD_ID,CRASH_DATE_EST_I,CRASH_DATE,POSTED_SPEED_LIMIT,TRAFFIC_CONTROL_DEVICE,DEVICE_CONDITION,WEATHER_CONDITION,LIGHTING_CONDITION,FIRST_CRASH_TYPE,TRAFFICWAY_TYPE,LANE_CNT,ALIGNMENT,ROADWAY_SURFACE_COND,ROAD_DEFECT,REPORT_TYPE,CRASH_TYPE,INTERSECTION_RELATED_I,NOT_RIGHT_OF_WAY_I,HIT_AND_RUN_I,DAMAGE,DATE_POLICE_NOTIFIED,PRIM_CONTRIBUTORY_CAUSE,SEC_CONTRIBUTORY_CAUSE,STREET_NO,STREET_DIRECTION,STREET_NAME,BEAT_OF_OCCURRENCE,PHOTOS_TAKEN_I,STATEMENTS_TAKEN_I,DOORING_I,WORK_ZONE_I,WORK_ZONE_TYPE,WORKERS_PRESENT_I,NUM_UNITS,MOST_SEVERE_INJURY,INJURIES_TOTAL,INJURIES_FATAL,INJURIES_INCAPACITATING,INJURIES_NON_INCAPACITATING,INJURIES_REPORTED_NOT_EVIDENT,INJURIES_NO_INDICATION,INJURIES_UNKNOWN,CRASH_HOUR,CRASH_DAY_OF_WEEK,CRASH_MONTH,LATITUDE,LONGITUDE,LOCATION
6bba2e05fc527d42fb9900d51461506407ef473e8bf6d021dbdd7e3b54ea008f36b749b9dd5b08c893dcaaed76f79792c29d3b5b96e95c8d89ce508ae9a4131d,,01/02/2025 06:45:00 AM,30,NO CONTROLS,NO CONTROLS,CLOUDY/OVERCAST,DAWN,FIXED OBJECT,NOT DIVIDED,,STRAIGHT AND LEVEL,DRY,NO DEFECTS,ON SCENE,INJURY AND / OR TOW DUE TO CRASH,,,,"OVER $1,500",01/02/2025 06:50:00 AM,UNABLE TO DETERMINE,UNABLE TO DETERMINE,2046,W,MARQUETTE RD,726.0,,,,,,,1,NO INDICATION OF INJURY,0.0,0.0,0.0,0.0,0.0,1.0,0.0,6,5,1,41.7721641344,-87.6755853139,POINT (-87.675585313917 41.772164134372)
06298d8a5ebafdd3bcc6481ed6226cb7c0075c8a3958dc98d4f41848d47bb6d320f932dfbcbf4be9a67f428cc11b0530ec696370cc224e43477799ca93a7ac6e,,03/23/2020 01:55:00 AM,30,NO CONTROLS,NO CONTROLS,SNOW,"DARKNESS, LIGHTED ROAD",PARKED MOTOR VEHICLE,ONE-WAY,,STRAIGHT AND LEVEL,SNOW OR SLUSH,"RUT, HOLES",NOT ON SCENE (DESK REPORT),NO INJURY / DRIVE AWAY,,,Y,"OVER $1,500",03/27/2020 12:20:00 PM,UNABLE TO DETERMINE,UNABLE TO DETERMINE,3626,N,PARIS AVE,1631.0,,,,,,,2,NO INDICATION OF INJURY,0.0,0.0,0.0,0.0,0.0,1.0,0.0,1,2,3,41.9457487728,-87.8304745515,POINT (-87.830474551522 41.945748772845)
7f55b8bb7d8f26b8a90499ca09c91689352c22ee95ba26a1daac664ee78452601028f143eb3af8874cf2cc5372da9e6463c3d85264db3f70a695704aca69f3e9,,02/06/2022 07:30:00 AM,30,TRAFFIC SIGNAL,FUNCTIONING PROPERLY,CLEAR,DAYLIGHT,REAR END,DIVIDED - W/MEDIAN (NOT RAISED),,STRAIGHT AND LEVEL,WET,NO DEFECTS,NOT ON SCENE (DESK REPORT),NO INJURY / DRIVE AWAY,,,,"OVER $1,500",04/13/2022 05:05:00 PM,FOLLOWING TOO CLOSELY,UNABLE TO DETERMINE,11100,S,KEDZIE AVE,2211.0,,,,,,,2,NO INDICATION OF INJURY,0.0,0.0,0.0,0.0,0.0,2.0,0.0,7,1,2,41.6914734717,-87.7009706451,POINT (-87.700970645109 41.691473471692)
50a60b36610df5e89f53a496ddbe09256210b959d357f50fb72c591bec3e60adff00d075621b7843d92690df46d134cc99cc763731e6c489777cd355712a0fd4,,02/03/2022 02:10:00 PM,30,TRAFFIC SIGNAL,FUNCTIONING PROPERLY,CLEAR,DAYLIGHT,TURNING,DIVIDED - W/MEDIAN (NOT RAISED),,STRAIGHT AND LEVEL,WET,NO DEFECTS,NOT ON SCENE (DESK REPORT),NO INJURY / DRIVE AWAY,Y,,Y,"$501 - $1,500",02/03/2022 03:35:00 PM,UNABLE TO DETERMINE,NOT APPLICABLE,5300,W,MADISON ST,1522.0,,,,,,,2,NO INDICATION OF INJURY,0.0,0.0,0.0,0.0,0.0,2.0,0.0,14,5,2,41.8804471974,-87.7577550463,POINT (-87.757755046348 41.880447197368)
f1cfc7ba7dde97f9e66471a44e9483760c597ff0bdc1d80aca43fa223a104dc831318f5ce376258dd2e0ab5a121f36f9bb83bfc3ed2493ee1ae393c0da168812,,05/14/2024 02:30:00 PM,30,UNKNOWN,UNKNOWN,UNKNOWN,UNKNOWN,REAR TO SIDE,NOT DIVIDED,,STRAIGHT AND LEVEL,UNKNOWN,UNKNOWN,NOT ON SCENE (DESK REPORT),NO INJURY / DRIVE AWAY,,,Y,"OVER $1,500",05/14/2024 04:20:00 PM,UNABLE TO DETERMINE,UNABLE TO DETERMINE,1313,N,RITCHIE CT,1824.0,,,,,,,2,NO INDICATION OF INJURY,0.0,0.0,0.0,0.0,0.0,2.0,0.0,14,3,5,41.9062935487,-87.626459679,POINT (-87.626459678952 41.90629354866)
2f9006c126373f6f7de483c33d865ddaa08991bfe5c2c88b4e59b03ddae859a1371b132c1ae144fc8a5456070570e25969652ab7054a224a4376c177c449cfc7,,06/10/2018 04:30:00 AM,5,NO CONTROLS,NO CONTROLS,RAIN,DARKNESS,FIXED OBJECT,PARKING LOT,,STRAIGHT AND LEVEL,WET,NO DEFECTS,NOT ON SCENE (DESK REPORT),NO INJURY / DRIVE AWAY,,Y,Y,"OVER $1,500",06/10/2018 10:27:00 PM,UNABLE TO DETERMINE,UNABLE TO DETERMINE,6015,S,PULASKI RD,823.0,N,,,,,,1,NO INDICATION OF INJURY,0.0,0.0,0.0,0.0,0.0,1.0,0.0,4,1,6,41.7835934282,-87.7227528859,POINT (-87.722752885851 41.783593428224)
2db465226afe86bdb6aaea750b7ef0c94d6ebf4cfedf8052f9937f449bc77c819afcec900cc7706c01939850f1c6eb1fb5ec45979cd4e2138c74b1bc9e10ae83,,04/02/2018 06:10:00 PM,30,NO CONTROLS,NO CONTROLS,CLEAR,DAYLIGHT,SIDESWIPE OPPOSITE DIRECTION,ALLEY,1,STRAIGHT AND LEVEL,UNKNOWN,UNKNOWN,NOT ON SCENE (DESK REPORT),NO INJURY / DRIVE AWAY,,,Y,"$501 - $1,500",04/02/2018 06:55:00 PM,UNABLE TO DETERMINE,UNABLE TO DETERMINE,3950,N,NORDICA AVE,1632.0,,,,,,,2,NO INDICATION OF INJURY,0.0,0.0,0.0,0.0,0.0,2.0,0.0,18,2,4,41.9522672809,-87.8037331877,POINT (-87.803733187692 41.952267280935)
f314a7c83c253b96ec96c88805009614e30820d5b81027c81b4acc631ea7f0e7c1b5f8821d6f04c3b7eadd7f72212b8163e5fa02886405b040cc4550cd5422f8,,03/15/2025 03:39:00 AM,30,NO CONTROLS,NO CONTROLS,RAIN,"DARKNESS, LIGHTED ROAD",OTHER OBJECT,NOT DIVIDED,,STRAIGHT AND LEVEL,WET,UNKNOWN,,INJURY AND / OR TOW DUE TO CRASH,,,Y,"OVER $1,500",03/15/2025 03:41:00 AM,UNABLE TO DETERMINE,PHYSICAL CONDITION OF DRIVER,5752,W,DIVISION ST,2531.0,,,,,,,1,NO INDICATION OF INJURY,0.0,0.0,0.0,0.0,0.0,1.0,0.0,3,7,3,41.902186212,-87.7701983751,POINT (-87.770198375051 41.902186211981)
466a66107a853729f7a00e62233b2ecb67c0dbc37eff02a1937c24e2c68e44cba3e29f9415ce49ecc782b1d407e91314d203c9e2fa1ae17664acd36f1e900c0b,,11/30/2018 08:08:00 PM,30,STOP SIGN/FLASHER,OTHER,CLEAR,"DARKNESS, LIGHTED ROAD",ANGLE,ONE-WAY,1,STRAIGHT AND LEVEL,OTHER,NO DEFECTS,ON SCENE,NO INJURY / DRIVE AWAY,Y,,,"OVER $1,500",11/30/2018 08:10:00 PM,DISREGARDING STOP SIGN,DISREGARDING STOP SIGN,1400,E,52ND ST,234.0,,,,,,,2,NO INDICATION OF INJURY,0.0,0.0,0.0,0.0,0.0,3.0,0.0,20,6,11,41.8010865344,-87.5917560948,POINT (-87.591756094785 41.801086534354)
edd9df8f74a07fce6ac4b36d91911c3d188298c50ac418a817efc867e11fdfb21a55e9a5eeff09e2baf54ae2906f226ffcd9c60d9076d87a70ab899597a86e65,,06/15/2024 05:30:00 PM,30,TRAFFIC SIGNAL,FUNCTIONING PROPERLY,CLEAR,DAYLIGHT,PEDALCYCLIST,"FIVE POINT, OR MORE",,STRAIGHT AND LEVEL,DRY,NO DEFECTS,NOT ON SCENE (DESK REPORT),INJURY AND / OR TOW DUE TO CRASH,,,,$500 OR LESS,06/15/2024 06:00:00 PM,UNABLE TO DETERMINE,NOT APPLICABLE,2900,N,LAKEWOOD AVE,1933.0,,,,,,,2,NONINCAPACITATING INJURY,1.0,0.0,0.0,1.0,0.0,1.0,0.0,17,7,6,41.9343776365,-87.6613476877,POINT (-87.661347687717 41.93437763648)
de1511df1f41e54f8a32b853f18b576b0d3c3c4484a22e16fd873e2dc82fe69d910b804b17699e97c7c504021e0ce3a73bf4ffdcf9633cbb69b4a0fd29591074,,08/05/2024 08:22:00 PM,25,NO CONTROLS,NO CONTROLS,CLEAR,DAYLIGHT,PARKED MOTOR VEHICLE,NOT DIVIDED,,STRAIGHT AND LEVEL,DRY,NO DEFECTS,NOT ON SCENE (DESK REPORT),NO INJURY / DRIVE AWAY,,,N,"$501 - $1,500",08/21/2024 12:10:00 PM,NOT APPLICABLE,NOT APPLICABLE,1908,W,CHASE AVE,2424.0,,,,,,,2,NO INDICATION OF INJURY,0.0,0.0,0.0,0.0,0.0,1.0,0.0,20,2,8,42.0138057568,-87.6787201203,POINT (-87.678720120341 42.013805756764)
6c7ea4cc2d2c22a4642d9cca53988ea774ee41d1825a84f6e7fd0607c18d88cb695e3ffa2b9d8ae45903246b0037f947bd03d6556aa85d75d970801ced065f5f,,08/29/2019 04:00:00 PM,30,TRAFFIC SIGNAL,FUNCTIONING PROPERLY,CLEAR,DAYLIGHT,SIDESWIPE SAME DIRECTION,NOT DIVIDED,,STRAIGHT AND LEVEL,DRY,NO DEFECTS,NOT ON SCENE (DESK REPORT),NO INJURY / DRIVE AWAY,,,,"OVER $1,500",08/29/2019 05:35:00 PM,IMPROPER LANE USAGE,UNABLE TO DETERMINE,600,W,127TH ST,523.0,,,,,,,2,NO INDICATION OF INJURY,0.0,0.0,0.0,0.0,0.0,2.0,0.0,16,5,8,41.6633688143,-87.6366675255,POINT (-87.636667525519 41.663368814348)
3baa7044aa0a577a04ee01ff817c1f6038228b1cf0c98ba0f9bf0602a64fe1ac1ec105342e98a232cd8b791b660ac2d625af5bdf942571e74a54b4b29b5b639e,Y,11/11/2021 02:40:00 PM,15,NO CONTROLS,NO CONTROLS,CLEAR,DAYLIGHT,FIXED OBJECT,ALLEY,,STRAIGHT AND LEVEL,DRY,NO DEFECTS,ON SCENE,NO INJURY / DRIVE AWAY,,Y,Y,"OVER $1,500",11/11/2021 02:41:00 PM,UNABLE TO DETERMINE,UNABLE TO DETERMINE,5731,W,ERIE ST,1511.0,,,,,,,1,NO INDICATION OF INJURY,0.0,0.0,0.0,0.0,0.0,1.0,0.0,14,5,11,41.8918303349,-87.7692213932,POINT (-87.769221393233 41.891830334888)
dc9dbf5c24b870a8e001516f4ee31f5ddde318d416b2dcc66e2d2173a7d7fca207484e9dab31564322f30db98be1c3659f7e7102741b7e22d3d7e3a22e287808,,04/19/2018 05:00:00 PM,0,NO CONTROLS,NO CONTROLS,CLEAR,DAYLIGHT,PARKED MOTOR VEHICLE,ONE-WAY,1,STRAIGHT AND LEVEL,DRY,NO DEFECTS,NOT ON SCENE (DESK REPORT),NO INJURY / DRIVE AWAY,,,,"OVER $1,500",04/23/2018 07:37:00 AM,UNABLE TO DETERMINE,NOT APPLICABLE,6147,S,CHAMPLAIN AVE,313.0,,,,,,,2,NO INDICATION OF INJURY,0.0,0.0,0.0,0.0,0.0,1.0,0.0,17,5,4,41.7826003489,-87.6094829919,POINT (-87.609482991915 41.782600348888)
56c7231a358ef2da6347490eeb0fd9b7e679b70168e2339dd782f540bfc6786a90d6eae8980e6f61c068f56ecae42364441c753e0c904b62adf3e6dda4efa5a6,,07/02/2022 01:25:00 AM,25,NO CONTROLS,NO CONTROLS,CLEAR,UNKNOWN,PARKED MOTOR VEHICLE,PARKING LOT,,STRAIGHT AND LEVEL,DRY,UNKNOWN,NOT ON SCENE (DESK REPORT),NO INJURY / DRIVE AWAY,,,,"$501 - $1,500",07/02/2022 10:34:00 PM,DRIVING SKILLS/KNOWLEDGE/EXPERIENCE,IMPROPER BACKING,4939,W,BELMONT AVE,2521.0,,,,,,,2,NO INDICATION OF INJURY,0.0,0.0,0.0,0.0,0.0,1.0,0.0,1,7,7,41.9386641526,-87.7509682546,POINT (-87.75096825463 41.938664152555)
6b2d325f961893731c727f819062258c282950ce85ddb6ddc9f3e06a28e0382e98449bf05d40c43c145e7bb74ea31b7265327d9079f5770489a7770cb680c7f9,,01/30/2025 06:35:00 PM,30,UNKNOWN,UNKNOWN,RAIN,UNKNOWN,PARKED MOTOR VEHICLE,UNKNOWN INTERSECTION TYPE,,STRAIGHT AND LEVEL,WET,UNKNOWN,NOT ON SCENE (DESK REPORT),NO INJURY / DRIVE AWAY,,,,"OVER $1,500",01/30/2025 09:00:00 PM,DRIVING SKILLS/KNOWLEDGE/EXPERIENCE,DRIVING SKILLS/KNOWLEDGE/EXPERIENCE,1201,W,WASHINGTON BLVD,1224.0,,,,,,,2,NO INDICATION OF INJURY,0.0,0.0,0.0,0.0,0.0,1.0,0.0,18,5,1,41.8828727959,-87.6567461959,POINT (-87.656746195893 41.882872795851)
a1c493a5696a08026d3cef91350e78de752eb952b4f9ca879684f78cf874616b95e5d833be21e5a4c08099d398a1fb0b62617c35038336d352b1df17d7a9321d,,03/01/2020 12:36:00 PM,30,STOP SIGN/FLASHER,FUNCTIONING PROPERLY,CLEAR,DAYLIGHT,FIXED OBJECT,NOT DIVIDED,,"CURVE, LEVEL",DRY,NO DEFECTS,ON SCENE,NO INJURY / DRIVE AWAY,,,Y,"OVER $1,500",03/01/2020 12:43:00 PM,UNABLE TO DETERMINE,UNABLE TO DETERMINE,4710,N,LINCOLN AVE,1911.0,,,,,,,1,NO INDICATION OF INJURY,0.0,0.0,0.0,0.0,0.0,1.0,0.0,12,1,3,41.9668270978,-87.6876012543,POINT (-87.687601254337 41.966827097768)
588f548b480922b508b494a9bf2f2a0151f8470c32e470e2c50e1c253f4cd8d5e3feabd578536aa35d161c50e4ac228deb95bac63b9e08f62185aca6f5cb62e6,,02/13/2020 03:27:00 PM,30,STOP SIGN/FLASHER,FUNCTIONING PROPERLY,SNOW,DAYLIGHT,REAR END,NOT DIVIDED,,STRAIGHT AND LEVEL,SNOW OR SLUSH,UNKNOWN,ON SCENE,INJURY AND / OR TOW DUE TO CRASH,,,,"OVER $1,500",02/13/2020 03:54:00 PM,FOLLOWING TOO CLOSELY,NOT APPLICABLE,2059,N,PULASKI RD,2525.0,,,,,,,2,NO INDICATION OF INJURY,0.0,0.0,0.0,0.0,0.0,2.0,0.0,15,5,2,41.9189500509,-87.7264668577,POINT (-87.72646685774 41.918950050892)
e2628b6955e53815228658cade0ed09dcd893171425ca0a487730ef0156abb79c06eaf70fc845f89916ec3524e7f551ba9b7b94fd2c1600e47d66fa065bf08fa,,08/25/2023 11:55:00 AM,30,TRAFFIC SIGNAL,FUNCTIONING PROPERLY,CLEAR,DAYLIGHT,REAR END,NOT DIVIDED,,STRAIGHT AND LEVEL,DRY,NO DEFECTS,NOT ON SCENE (DESK REPORT),NO INJURY / DRIVE AWAY,,,,"OVER $1,500",08/25/2023 12:30:00 PM,FOLLOWING TOO CLOSELY,NOT APPLICABLE,1151,N,ASHLAND AVE,1213.0,,,,,,,2,NO INDICATION OF INJURY,0.0,0.0,0.0,0.0,0.0,2.0,0.0,11,6,8,41.9031130523,-87.6673414425,POINT (-87.667341442515 41.903113052343)
22ebc6a9161d00f81a28a7d4a89b16921643a99d0304b97952e2ea43e7ccf7f0fe6acadad92cc8322b63810368b8fcd62b817b5c62152031e135a21f466ae955,,05/13/2019 03:38:00 PM,30,NO CONTROLS,NO CONTROLS,CLEAR,DAYLIGHT,REAR END,NOT DIVIDED,,STRAIGHT AND LEVEL,DRY,NO DEFECTS,,INJURY AND / OR TOW DUE TO CRASH,,,Y,"$501 - $1,500",05/13/2019 05:37:00 PM,FOLLOWING TOO CLOSELY,FAILING TO REDUCE SPEED TO AVOID CRASH,3330,W,CHICAGO AVE,1121.0,,,,,,,2,"REPORTED, NOT EVIDENT",1.0,0.0,0.0,0.0,1.0,1.0,0.0,15,2,5,41.895627547,-87.710202502,POINT (-87.710202501959 41.895627546974)
5d1cfd833dddb53767c56711ba117d7af60451b35f6857f5123780bba42533d8fcc30142b0b33567e0c67fe63d47fbe226ed68a1c65927d6f7143af0c9d8b014,,11/23/2025 02:00:00 PM,15,STOP SIGN/FLASHER,NO CONTROLS,CLEAR,DAYLIGHT,SIDESWIPE SAME DIRECTION,PARKING LOT,,STRAIGHT AND LEVEL,DRY,NO DEFECTS,NOT ON SCENE (DESK REPORT),NO INJURY / DRIVE AWAY,,Y,,"OVER $1,500",11/23/2025 02:40:00 PM,UNABLE TO DETERMINE,UNABLE TO DETERMINE,7500,S,ASHLAND AVE,611.0,,,,,,,2,NO INDICATION OF INJURY,0.0,0.0,0.0,0.0,0.0,2.0,0.0,14,1,11,41.7577325515,-87.6637545548,POINT (-87.663754554797 41.757732551539)
3525be09eae904ebc899037ca149c7c90228d9b77f7922dde8e9535e93c03dde977c748493dc90c6f3b552b6d4314222ac5746909121ae2910a2560f4af81050,,07/09/2017 04:30:00 PM,30,NO CONTROLS,NO CONTROLS,CLEAR,DAYLIGHT,REAR END,NOT DIVIDED,2,STRAIGHT AND LEVEL,DRY,NO DEFECTS,NOT ON SCENE (DESK REPORT),INJURY AND / OR TOW DUE TO CRASH,,,Y,"OVER $1,500",07/09/2017 06:00:00 PM,UNABLE TO DETERMINE,NOT APPLICABLE,3466,N,PULASKI RD,1731.0,,,,,,,2,"REPORTED, NOT EVIDENT",1.0,0.0,0.0,0.0,1.0,2.0,0.0,16,1,7,41.9446779596,-87.7274956497,POINT (-87.727495649701 41.944677959564)
fa026730f6295aa71697c4402d9d16ff1875000fbfc31b96d55b9f0d787058641f4ec04d23b1d7b5c66e8c018539a727410fb8cbf03364f36138367f1b466868,,11/21/2024 05:30:00 PM,25,NO CONTROLS,NO CONTROLS,SNOW,DARKNESS,REAR END,NOT DIVIDED,,STRAIGHT AND LEVEL,SNOW OR SLUSH,UNKNOWN,ON SCENE,INJURY AND / OR TOW DUE TO CRASH,,,,"OVER $1,500",11/21/2024 05:33:00 PM,FOLLOWING TOO CLOSELY,UNABLE TO DETERMINE,2240,N,KEDZIE BLVD,1413.0,,,,,,,2,"REPORTED, NOT EVIDENT",2.0,0.0,0.0,0.0,2.0,0.0,0.0,17,5,11,41.9223636592,-87.707290482,POINT (-87.707290481995 41.922363659201)
e6718905b0ce2bc9f272768bb4dcfc60fe570c800b2528b2aa8dd212709ca815706e0edbf66dff576c565c59d7720213c1f3a05443c02441511972aabf918ff6,,02/10/2024 02:00:00 PM,30,STOP SIGN/FLASHER,FUNCTIONING PROPERLY,CLEAR,DAYLIGHT,TURNING,NOT DIVIDED,,STRAIGHT AND LEVEL,DRY,NO DEFECTS,NOT ON SCENE (DESK REPORT),INJURY AND / OR TOW DUE TO CRASH,,,,"OVER $1,500",02/12/2024 10:45:00 AM,IMPROPER TURNING/NO SIGNAL,IMPROPER TURNING/NO SIGNAL,12200,S,STATE ST,523.0,,,,,,,2,NO INDICATION OF INJURY,0.0,0.0,0.0,0.0,0.0,6.0,0.0,14,7,2,41.6725083834,-87.6226429734,POINT (-87.622642973438 41.672508383363)
c97d35e89743d69d6ef98921f51d3dce031aba7ff49e7ad36de95db50127f4af98602211d87a71f3bbb49a70bc0397be100100ae6885cd1edb3b442460b75fa5,,04/24/2021 01:30:00 PM,30,STOP SIGN/FLASHER,UNKNOWN,CLEAR,DAYLIGHT,PARKED MOTOR VEHICLE,FOUR WAY,,STRAIGHT AND LEVEL,UNKNOWN,NO DEFECTS,ON SCENE,INJURY AND / OR TOW DUE TO CRASH,Y,,,"OVER $1,500",04/24/2021 03:15:00 PM,UNABLE TO DETERMINE,FAILING TO YIELD RIGHT-OF-WAY,733,E,47TH ST,223.0,,,,,,,2,NO INDICATION OF INJURY,0.0,0.0,0.0,0.0,0.0,1.0,0.0,13,7,4,41.8094055404,-87.6077372001,POINT (-87.60773720007 41.809405540372)
f7174159e6e9fa4a6a4f28b8ffdfe94f50c055524bcaad0b4e22ba3ecd7efd40bebc5d570c8bbd303f0d9362a135933f2b8877569bcf05bbacb462d4bb71bb52,,08/18/2025 08:20:00 PM,25,UNKNOWN,UNKNOWN,UNKNOWN,UNKNOWN,ANGLE,FOUR WAY,,STRAIGHT AND LEVEL,UNKNOWN,UNKNOWN,NOT ON SCENE (DESK REPORT),NO INJURY / DRIVE AWAY,,,Y,"OVER $1,500",08/18/2025 09:30:00 PM,NOT APPLICABLE,NOT APPLICABLE,10000,S,ESCANABA AVE,431.0,,,,,,,2,NO INDICATION OF INJURY,0.0,0.0,0.0,0.0,0.0,2.0,0.0,20,2,8,41.7132961515,-87.5538474927,POINT (-87.553847492704 41.7132961515)
dfa67e9cc5793d5fce84f852c22b42db97c11f171c0c6dff7d25a6bcd3a830ec225a5189221fc4f6b3263c078ce164ba0a2d0fcb01890d6abe0a22b20ec45ed2,,10/10/2019 11:45:00 PM,30,NO CONTROLS,NO CONTROLS,RAIN,"DARKNESS, LIGHTED ROAD",TURNING,DIVIDED - W/MEDIAN (NOT RAISED),,STRAIGHT AND LEVEL,WET,NO DEFECTS,ON SCENE,NO INJURY / DRIVE AWAY,,,,"OVER $1,500",10/10/2019 11:47:00 PM,FAILING TO YIELD RIGHT-OF-WAY,UNABLE TO DETERMINE,1942,N,PULASKI RD,2534.0,,,,,,,2,NO INDICATION OF INJURY,0.0,0.0,0.0,0.0,0.0,2.0,0.0,23,5,10,41.9166203992,-87.7266869349,POINT (-87.726686934922 41.916620399178)
1d44ec387a9334a70f0d1165cdf208adf0f7b7628c939eaaaa5caa178596a64dde50416878bbee15b0ca1da4fc0253c98286b0a3c3478dbc7afe8f8569229a9e,,11/09/2018 04:00:00 PM,30,NO CONTROLS,NO CONTROLS,CLEAR,DAYLIGHT,SIDESWIPE SAME DIRECTION,DIVIDED - W/MEDIAN BARRIER,4,STRAIGHT AND LEVEL,DRY,NO DEFECTS,NOT ON SCENE (DESK REPORT),NO INJURY / DRIVE AWAY,,,,"OVER $1,500",11/09/2018 05:09:00 PM,IMPROPER LANE USAGE,DRIVING SKILLS/KNOWLEDGE/EXPERIENCE,5500,S,CICERO AVE,813.0,,,,,,,2,NO INDICATION OF INJURY,0.0,0.0,0.0,0.0,0.0,2.0,0.0,16,6,11,41.7929108835,-87.742077343,POINT (-87.742077342959 41.792910883497)
0ff1d5ce929c5c78c8e771c66a59621ba64c33931c9b2efd79a7ba6c64d72c0d593e11c266b0f458c79531c5fc9b48ec240c028998e885127078074d56174ead,,05/05/2018 05:00:00 PM,30,TRAFFIC SIGNAL,FUNCTIONING PROPERLY,CLEAR,DAYLIGHT,TURNING,OTHER,4,STRAIGHT AND LEVEL,DRY,NO DEFECTS,ON SCENE,INJURY AND / OR TOW DUE TO CRASH,Y,,,"OVER $1,500",05/05/2018 05:09:00 PM,FAILING TO YIELD RIGHT-OF-WAY,UNABLE TO DETERMINE,801,W,127TH ST,523.0,,,,,,,2,NONINCAPACITATING INJURY,1.0,0.0,0.0,1.0,0.0,1.0,0.0,17,7,5,41.6631345332,-87.6414798673,POINT (-87.641479867328 41.663134533224)
22d0ead6eb37aaf164182d516f9c54cf6ff84071c8ce6e59914b6403e30214c6fada463f957b0e3dd8b3c60c3df46c977398d508e8138d27b1f78332bd5dd800,,08/25/2020 01:04:00 PM,30,TRAFFIC SIGNAL,FUNCTIONING PROPERLY,CLEAR,DAYLIGHT,REAR END,Y-INTERSECTION,,STRAIGHT AND LEVEL,DRY,NO DEFECTS,ON SCENE,NO INJURY / DRIVE AWAY,Y,,,"OVER $1,500",08/25/2020 01:22:00 PM,FAILING TO REDUCE SPEED TO AVOID CRASH,NOT APPLICABLE,5985,N,RIDGE AVE,2012.0,,,,,,,2,NO INDICATION OF INJURY,0.0,0.0,0.0,0.0,0.0,2.0,0.0,13,3,8,41.9906003037,-87.671533647,POINT (-87.671533646982 41.990600303704)
0cfd719738f19b811d863e74105b555e234c10dc369a38c13db7a0b1bab5ac0b58263aae43f333cc5b78b2fc91b53cd13ff901f18c3fb7663416bc5568519261,,04/21/2022 06:35:00 PM,30,NO CONTROLS,NO CONTROLS,CLEAR,DAYLIGHT,TURNING,NOT DIVIDED,,STRAIGHT AND LEVEL,DRY,NO DEFECTS,ON SCENE,NO INJURY / DRIVE AWAY,,,,"OVER $1,500",04/21/2022 06:45:00 PM,FAILING TO REDUCE SPEED TO AVOID CRASH,NOT APPLICABLE,2115,W,71ST ST,735.0,,,,,,,2,NO INDICATION OF INJURY,0.0,0.0,0.0,0.0,0.0,2.0,0.0,18,5,4,41.7646665919,-87.6765914084,POINT (-87.676591408432 41.76466659194)
7c4d2f88b208430821c6a0ca316a9ab342e5c4a444c3824e097f486501512c52fd483d162049916a4d55eecdc61e548dfdf21064965e3c535ba0d7a767555ef1,,08/22/2020 03:40:00 PM,30,TRAFFIC SIGNAL,FUNCTIONING IMPROPERLY,CLEAR,DAYLIGHT,TURNING,DIVIDED - W/MEDIAN (NOT RAISED),,STRAIGHT AND LEVEL,DRY,NO DEFECTS,,INJURY AND / OR TOW DUE TO CRASH,Y,,N,"OVER $1,500",08/22/2020 03:42:00 PM,UNABLE TO DETERMINE,UNABLE TO DETERMINE,2400,W,65TH ST,825.0,,,,,,,4,"REPORTED, NOT EVIDENT",2.0,0.0,0.0,0.0,2.0,2.0,0.0,15,7,8,41.77571267,-87.6835957954,POINT (-87.683595795444 41.775712670044)
3984ff68becb6c9441db1690326577f6433b21445652e57e141e283dd038d7ffaaa18ff84760acb594c4dfc75d99341c4a69503ca3dca6bf288b20bbbf5f1873,,06/29/2025 05:30:00 AM,30,NO CONTROLS,NO CONTROLS,CLEAR,DAYLIGHT,PARKED MOTOR VEHICLE,NOT DIVIDED,,STRAIGHT AND LEVEL,DRY,NO DEFECTS,NOT ON SCENE (DESK REPORT),NO INJURY / DRIVE AWAY,,,Y,"OVER $1,500",06/29/2025 01:40:00 PM,"OPERATING VEHICLE IN ERRATIC, RECKLESS, CARELESS, NEGLIGENT OR AGGRESSIVE MANNER",NOT APPLICABLE,7024,S,EUCLID AVE,332.0,,,,,,,2,NO INDICATION OF INJURY,0.0,0.0,0.0,0.0,0.0,1.0,0.0,5,1,6,41.7672632463,-87.5777035603,POINT (-87.577703560306 41.767263246264)
19f52c6368ed7cc89d8bde962dc0186471fa9baa0968f1d2d55674b0a75f35567aeb1fc5d20bff152f2fb2a5b3e74284f2630359d0b86aebdb7aeb2f5587128a,,01/23/2019 06:00:00 PM,30,STOP SIGN/FLASHER,FUNCTIONING PROPERLY,UNKNOWN,UNKNOWN,PARKED MOTOR VEHICLE,ONE-WAY,1,STRAIGHT AND LEVEL,SNOW OR SLUSH,NO DEFECTS,NOT ON SCENE (DESK REPORT),NO INJURY / DRIVE AWAY,,,Y,"$501 - $1,500",01/24/2019 12:41:00 PM,UNABLE TO DETERMINE,DRIVING SKILLS/KNOWLEDGE/EXPERIENCE,1802,S,WASHTENAW AVE,1023.0,Y,,,,,,2,NO INDICATION OF INJURY,0.0,0.0,0.0,0.0,0.0,1.0,0.0,18,4,1,41.857295184,-87.6933116309,POINT (-87.693311630934 41.857295184023)