CRASH_RECORD_ID,CRASH_DATE_EST_I,CRASH_DATE,POSTED_SPEED_LIMIT,TRAFFIC_CONTROL_DEVICE,DEVICE_CONDITION,WEATHER_CONDITION,LIGHTING_CONDITION,FIRST_CRASH_TYPE,TRAFFICWAY_TYPE,LANE_CNT,ALIGNMENT,ROADWAY_SURFACE_COND,ROAD_DEFECT,REPORT_TYPE,CRASH_TYPE,INTERSECTION_RELATED_I,NOT_RIGHT_OF_WAY_I,HIT_AND_RUN_I,DAMAGE,DATE_POLICE_NOTIFIED,PRIM_CONTRIBUTORY_CAUSE,SEC_CONTRIBUTORY_CAUSE,STREET_NO,STREET_DIRECTION,STREET_NAME,BEAT_OF_OCCURRENCE,PHOTOS_TAKEN_I,STATEMENTS_TAKEN_I,DOORING_I,WORK_ZONE_I,WORK_ZONE_TYPE,WORKERS_PRESENT_I,NUM_UNITS,MOST_SEVERE_INJURY,INJURIES_TOTAL,INJURIES_FATAL,INJURIES_INCAPACITATING,INJURIES_NON_INCAPACITATING,INJURIES_REPORTED_NOT_EVIDENT,INJURIES_NO_INDICATION,INJURIES_UNKNOWN,CRASH_HOUR,CRASH_DAY_OF_WEEK,CRASH_MONTH,LATITUDE,LONGITUDE,LOCATION
cadfb1bc9004124dc4b564f6b0998862bb43ddfc9a21360f87ea0c444297118906e7bc565e95f5e6ef0f45025e7ea7515ca1d47eb7072c9c8579fe0f06a1685d,,05/25/2018 02:55:00 AM,30,TRAFFIC SIGNAL,FUNCTIONING PROPERLY,CLEAR,"DARKNESS, LIGHTED ROAD",REAR END,NOT DIVIDED,4,STRAIGHT AND LEVEL,DRY,NO DEFECTS,NOT ON SCENE (DESK REPORT),NO INJURY / DRIVE AWAY,,,,"OVER $1,500",05/25/2018 03:25:00 AM,FOLLOWING TOO CLOSELY,UNABLE TO DETERMINE,2112,W,PETERSON AVE,2413.0,,,,,,,2,NO INDICATION OF INJURY,0.0,0.0,0.0,0.0,0.0,2.0,0.0,2,6,5,41.990729218,-87.6829794536,POINT (-87.682979453599 41.990729217961)
634b18ce29ece69920c8643007edab2714a672a765acdb12f642889491fdc48a1224e0ee26577fdf90d849ea0ced3b45d6731ff562d3f43a7e722f758a8fe842,,02/18/2021 07:50:00 AM,30,NO CONTROLS,NO CONTROLS,CLEAR,DAYLIGHT,ANGLE,DIVIDED - W/MEDIAN (NOT RAISED),,STRAIGHT AND LEVEL,SNOW OR SLUSH,NO DEFECTS,NOT ON SCENE (DESK REPORT),NO INJURY / DRIVE AWAY,,,,"OVER $1,500",02/19/2021 10:50:00 AM,FAILING TO YIELD RIGHT-OF-WAY,NOT APPLICABLE,1942,N,CENTRAL PARK AVE,2535.0,,,,,,,2,NO INDICATION OF INJURY,0.0,0.0,0.0,0.0,0.0,2.0,0.0,7,5,2,41.9166878687,-87.7169001033,POINT (-87.716900103262 41.916687868687)
2938bc2b3f2a99130326dc8477a390c6c24170d3d7aed0472bfdfc0ecb730c8dc664054256da5230c5cbdae350d27433c05a48f4bef56e2546b61d75c9c2a28d,,04/21/2024 02:50:00 PM,35,NO CONTROLS,NO CONTROLS,CLEAR,DAYLIGHT,SIDESWIPE SAME DIRECTION,PARKING LOT,,STRAIGHT AND LEVEL,DRY,NO DEFECTS,NOT ON SCENE (DESK REPORT),NO INJURY / DRIVE AWAY,,Y,Y,"OVER $1,500",04/22/2024 03:00:00 PM,FAILING TO YIELD RIGHT-OF-WAY,NOT APPLICABLE,8106,S,RACINE AVE,613.0,,,,,,,2,NO INDICATION OF INJURY,0.0,0.0,0.0,0.0,0.0,2.0,0.0,14,1,4,41.7465947076,-87.6537811741,POINT (-87.653781174108 41.746594707551)
49077c7253ed88daee50a7e2805fbfb49632c5e133357063bcd00bc5219c2779b98f920749cdc72f0a09b0a0378aa426bc943c7aad7cb89be7992e8690c9d55b,,12/24/2017 10:00:00 AM,30,NO CONTROLS,NO CONTROLS,SNOW,DAYLIGHT,TURNING,NOT DIVIDED,2,STRAIGHT AND LEVEL,SNOW OR SLUSH,NO DEFECTS,NOT ON SCENE (DESK REPORT),NO INJURY / DRIVE AWAY,,Y,Y,"OVER $1,500",12/24/2017 10:26:00 AM,UNABLE TO DETERMINE,WEATHER,7601,S,VERNON AVE,624.0,,,,,,,2,NO INDICATION OF INJURY,0.0,0.0,0.0,0.0,0.0,2.0,0.0,10,1,12,41.7565164371,-87.6136937351,POINT (-87.613693735115 41.756516437144)
9bc2708515477c54937f6471ddfe568f3dec64eb02e38d55d0bd327da76d196564e31e50df3f2592d7048a95379c43d81ef231e64f109b78c2c20ed2288b3a00,,01/03/2020 12:45:00 PM,35,NO CONTROLS,NO CONTROLS,CLOUDY/OVERCAST,DAYLIGHT,REAR END,NOT DIVIDED,,STRAIGHT AND LEVEL,DRY,NO DEFECTS,ON SCENE,INJURY AND / OR TOW DUE TO CRASH,,,,"OVER $1,500",01/03/2020 12:52:00 PM,FAILING TO REDUCE SPEED TO AVOID CRASH,UNABLE TO DETERMINE,4916,S,PULASKI RD,815.0,,,,,,,4,INCAPACITATING INJURY,2.0,0.0,2.0,0.0,0.0,1.0,0.0,12,6,1,41.8036416364,-87.7236077956,POINT (-87.723607795598 41.803641636434)
699f7f6b329734865225bc01f2d59726d836cd9758bfd03a517b05d2b3ab4622f3d69956e991a5124a21ee966b8eca08512d33d46ac75e55cb982e689a730fa3,,09/07/2018 07:30:00 AM,30,NO CONTROLS,NO CONTROLS,CLEAR,DAYLIGHT,SIDESWIPE OPPOSITE DIRECTION,NOT DIVIDED,,STRAIGHT AND LEVEL,DRY,NO DEFECTS,,NO INJURY / DRIVE AWAY,,,,"OVER $1,500",09/07/2018 07:45:00 AM,IMPROPER LANE USAGE,IMPROPER LANE USAGE,1428,W,16TH ST,1233.0,,,,,,,2,NO INDICATION OF INJURY,0.0,0.0,0.0,0.0,0.0,3.0,0.0,7,6,9,41.8597776492,-87.6625563202,POINT (-87.66255632023 41.859777649234)
ebe0dd3010ecddb0aad51cf7d860cff8665495e41edcba98488255af6cd9e31f301c08e48309bddfbca459c803df94a2155bf9338ec5d6448e3cf3bbc94761e1,,09/22/2017 08:53:00 AM,30,TRAFFIC SIGNAL,FUNCTIONING PROPERLY,CLEAR,DAYLIGHT,REAR END,DIVIDED - W/MEDIAN (NOT RAISED),2,STRAIGHT AND LEVEL,DRY,NO DEFECTS,ON SCENE,NO INJURY / DRIVE AWAY,,,Y,"$501 - $1,500",09/22/2017 09:00:00 AM,FOLLOWING TOO CLOSELY,UNABLE TO DETERMINE,1557,N,LARAMIE AVE,2533.0,,,,,,,2,NO INDICATION OF INJURY,0.0,0.0,0.0,0.0,0.0,2.0,0.0,8,6,9,41.9093354963,-87.7556884426,POINT (-87.755688442644 41.90933549629)
b08b5fe70e67348f8404cc738517ad911bf6b005ed37d1af89d6664bfaafc9967e586af78455365f7bcfc989f9f973f5d1bc6245f3ca24a6202ff540483f455d,,12/13/2024 12:25:00 PM,30,NO CONTROLS,NO CONTROLS,CLEAR,DAYLIGHT,SIDESWIPE SAME DIRECTION,ONE-WAY,,STRAIGHT AND LEVEL,DRY,NO DEFECTS,ON SCENE,NO INJURY / DRIVE AWAY,,,,"OVER $1,500",12/13/2024 12:26:00 PM,UNABLE TO DETERMINE,UNABLE TO DETERMINE,6410,S,SACRAMENTO AVE,823.0,,,,,,,2,NO INDICATION OF INJURY,0.0,0.0,0.0,0.0,0.0,2.0,0.0,12,6,12,41.7768464538,-87.6983575942,POINT (-87.698357594162 41.776846453838)
d9c20c2668298238f095417589f7355f3e018c00dff4c6b5d6163c1ec839871607b80630f0a67989c33cf5468b1470794f7d00f797a5249f8a16fa9ce4ba1a4b,,03/15/2024 07:15:00 PM,30,TRAFFIC SIGNAL,FUNCTIONING PROPERLY,CLEAR,"DARKNESS, LIGHTED ROAD",REAR END,T-INTERSECTION,,STRAIGHT AND LEVEL,DRY,NO DEFECTS,,INJURY AND / OR TOW DUE TO CRASH,Y,,,"OVER $1,500",03/15/2024 07:42:00 PM,FAILING TO REDUCE SPEED TO AVOID CRASH,NOT APPLICABLE,350,E,CHICAGO AVE,1833.0,,,,,,,3,NO INDICATION OF INJURY,0.0,0.0,0.0,0.0,0.0,8.0,0.0,19,6,3,41.8969291085,-87.6183379879,POINT (-87.61833798788 41.896929108477)
a8ce440b4af92fdbd12615ed384a8b73ffa208bdfb78a5f943363e2b79f28bab1715165a6eeffceba2c6d9ea102aec828e2b000c8d6c6d3168cdc95838da78bd,,02/27/2023 10:00:00 AM,35,NO CONTROLS,NO CONTROLS,RAIN,DAYLIGHT,REAR END,NOT DIVIDED,,STRAIGHT AND LEVEL,WET,UNKNOWN,NOT ON SCENE (DESK REPORT),NO INJURY / DRIVE AWAY,,,,"$501 - $1,500",02/27/2023 10:45:00 AM,FAILING TO REDUCE SPEED TO AVOID CRASH,UNABLE TO DETERMINE,6400,N,SHERIDAN RD,2432.0,,,,,,,2,NO INDICATION OF INJURY,0.0,0.0,0.0,0.0,0.0,2.0,0.0,10,2,2,41.9982179205,-87.6606952556,POINT (-87.660695255572 41.998217920532)
9e69ac9ff13419bacc67485cf79890620933be2224dc299ada072dc3f3e1225be50679a652cdf5d3f2cdadf0ea7d6291419ea52f9172f94319e2417cc6994eb6,,02/20/2024 01:20:00 PM,30,NO CONTROLS,NO CONTROLS,CLEAR,DAYLIGHT,ANGLE,DIVIDED - W/MEDIAN (NOT RAISED),,STRAIGHT AND LEVEL,DRY,NO DEFECTS,ON SCENE,NO INJURY / DRIVE AWAY,,,Y,"$501 - $1,500",02/20/2024 01:29:00 PM,IMPROPER LANE USAGE,NOT APPLICABLE,8130,S,KOSTNER AVE,834.0,,,,,,,2,NO INDICATION OF INJURY,0.0,0.0,0.0,0.0,0.0,4.0,0.0,13,3,2,41.744667328,-87.7311157614,POINT (-87.731115761423 41.744667328042)
9c0716b1d58c6574044681766c2ca78c3078d65e5824370f8181118fd1956391d36abb2d8f5f5d9f4d8e3505909c4eac323cb4685dc1f1c6d57b4cbfc19d35f5,,11/01/2023 10:15:00 AM,15,NO CONTROLS,NO CONTROLS,CLEAR,DAYLIGHT,ANGLE,PARKING LOT,,STRAIGHT AND LEVEL,DRY,NO DEFECTS,NOT ON SCENE (DESK REPORT),NO INJURY / DRIVE AWAY,,Y,,"OVER $1,500",11/01/2023 02:45:00 PM,FAILING TO YIELD RIGHT-OF-WAY,NOT APPLICABLE,6121,N,BROADWAY,2433.0,,,,,,,2,NO INDICATION OF INJURY,0.0,0.0,0.0,0.0,0.0,2.0,0.0,10,4,11,41.9929375042,-87.6602103263,POINT (-87.660210326281 41.992937504215)
eccb1dfe278d4f24b3f65b44b6d720e0ca1e72a45cafee75843397a673ed449c48fbf049815c4498acac9dbcd066654824beafa2850b8c497751ea758c824902,,10/23/2020 09:27:00 AM,30,NO CONTROLS,NO CONTROLS,RAIN,DAYLIGHT,PEDESTRIAN,ONE-WAY,,STRAIGHT AND LEVEL,WET,NO DEFECTS,ON SCENE,INJURY AND / OR TOW DUE TO CRASH,,,N,$500 OR LESS,10/23/2020 09:27:00 AM,UNDER THE INFLUENCE OF ALCOHOL/DRUGS (USE WHEN ARREST IS EFFECTED),NOT APPLICABLE,105,N,LAMON AVE,1532.0,,,,,,,2,NONINCAPACITATING INJURY,1.0,0.0,0.0,1.0,0.0,1.0,0.0,9,6,10,41.8819839618,-87.7476353608,POINT (-87.747635360848 41.881983961846)
1d9049679bce3cc155f1865a24a7fbaae807125cf0d83f83c9372f9eb6af123dcc49bbe2b0bf9e069d3fcbef2b62df015096ef854b417273a338ea20c68413fa,,03/11/2021 09:45:00 AM,30,TRAFFIC SIGNAL,FUNCTIONING PROPERLY,CLEAR,DAYLIGHT,TURNING,NOT DIVIDED,,STRAIGHT AND LEVEL,DRY,NO DEFECTS,ON SCENE,INJURY AND / OR TOW DUE TO CRASH,Y,,,"OVER $1,500",03/11/2021 09:49:00 AM,UNABLE TO DETERMINE,NOT APPLICABLE,4400,W,OGDEN AVE,1013.0,,,,,,,2,NO INDICATION OF INJURY,0.0,0.0,0.0,0.0,0.0,2.0,0.0,9,5,3,41.8477775228,-87.7345059687,POINT (-87.734505968748 41.847777522805)
0e774f2ec8ad4f17ae9cdec249621672e388383b4d08e9dcc460103a79bd68457a6c57b35abbdf935b8d191f7cbf4bad9b8e359f8838a9932ad68c69f9331709,,12/19/2019 03:05:00 PM,30,STOP SIGN/FLASHER,FUNCTIONING PROPERLY,CLEAR,DAYLIGHT,ANGLE,NOT DIVIDED,,STRAIGHT AND LEVEL,DRY,NO DEFECTS,ON SCENE,INJURY AND / OR TOW DUE TO CRASH,Y,,Y,"OVER $1,500",12/19/2019 03:10:00 PM,DISREGARDING STOP SIGN,NOT APPLICABLE,7800,S,DR MARTIN LUTHER KING JR DR,623.0,,,,,,,2,NO INDICATION OF INJURY,0.0,0.0,0.0,0.0,0.0,2.0,0.0,15,5,12,41.7528464469,-87.6151418072,POINT (-87.615141807179 41.752846446926)
f2f39003cc1d22cb178d736335e3fbfc6992d9c306fb1ed6368492ce7b6e2fdd7ae9873a7619f52b9e437d9ef47a947686293cfbd7fcefcb2999de16c380330e,,07/22/2023 02:30:00 PM,30,NO CONTROLS,NO CONTROLS,CLEAR,DAYLIGHT,PARKED MOTOR VEHICLE,NOT DIVIDED,,STRAIGHT ON GRADE,DRY,NO DEFECTS,NOT ON SCENE (DESK REPORT),NO INJURY / DRIVE AWAY,,,Y,"OVER $1,500",07/22/2023 04:35:00 PM,FAILING TO REDUCE SPEED TO AVOID CRASH,NOT APPLICABLE,1732,N,WESTERN AVE,1434.0,,,,,,,2,NO INDICATION OF INJURY,0.0,0.0,0.0,0.0,0.0,5.0,0.0,14,7,7,41.9131029923,-87.6874409542,POINT (-87.687440954243 41.913102992283)
c2ba0c2eb331d194c62db7e765c1f84689c96197712c5f8cd4aa196381e8cd79684efab6f692139bee2f7dd8ed09ecae7fea9c3f83bcb3f64bfd983d4d0ab92d,,05/06/2022 03:20:00 PM,30,TRAFFIC SIGNAL,FUNCTIONING PROPERLY,RAIN,DAYLIGHT,TURNING,FOUR WAY,,STRAIGHT AND LEVEL,WET,NO DEFECTS,ON SCENE,NO INJURY / DRIVE AWAY,Y,,,"OVER $1,500",05/06/2022 04:04:00 PM,FAILING TO YIELD RIGHT-OF-WAY,IMPROPER TURNING/NO SIGNAL,3719,S,WESTERN AVE,911.0,,,,,,,3,NO INDICATION OF INJURY,0.0,0.0,0.0,0.0,0.0,5.0,0.0,15,6,5,41.8259672922,-87.6847568052,POINT (-87.684756805186 41.82596729223)
f04200327dd475988dd954b03fefc96fca7bdcb0f5e7dfdbf60d4770791f7097118d2469091aa591f50982dc03ee36bbf8ef6941cc669986d3bc25716160e2c1,,10/31/2022 06:10:00 PM,30,NO CONTROLS,NO CONTROLS,CLEAR,DARKNESS,ANGLE,DIVIDED - W/MEDIAN (NOT RAISED),,STRAIGHT AND LEVEL,DRY,NO DEFECTS,NOT ON SCENE (DESK REPORT),INJURY AND / OR TOW DUE TO CRASH,,,,"OVER $1,500",10/31/2022 06:27:00 PM,UNABLE TO DETERMINE,UNABLE TO DETERMINE,3148,S,HALSTED ST,913.0,,Y,,,,,2,NO INDICATION OF INJURY,0.0,0.0,0.0,0.0,0.0,2.0,0.0,18,2,10,41.8365966572,-87.6463904159,POINT (-87.646390415859 41.836596657167)
3d0cf4cad1680e65db830c31165f2f313ba16bb4d4d1e17650f7af7ab14d3aed0204134584727a581cb1382e0eff934c0287dcf43de7821bc203f1499ce65f5d,,08/12/2016 10:15:00 PM,30,NO CONTROLS,NO CONTROLS,UNKNOWN,"DARKNESS, LIGHTED ROAD",SIDESWIPE SAME DIRECTION,NOT DIVIDED,0,STRAIGHT AND LEVEL,UNKNOWN,UNKNOWN,NOT ON SCENE (DESK REPORT),NO INJURY / DRIVE AWAY,Y,,Y,"OVER $1,500",08/13/2016 01:30:00 PM,UNABLE TO DETERMINE,UNABLE TO DETERMINE,3200,S,PULASKI RD,1031.0,,,,,,,2,NO INDICATION OF INJURY,0.0,0.0,0.0,0.0,0.0,2.0,0.0,22,6,8,41.8349730628,-87.7244547818,POINT (-87.724454781786 41.834973062794)
e7a0baf839af9e6d3f9627ba41050ba93a22444350b5ca429d7b2374ce98fbbba9546d9e9c4c6d030ef299a8e29d02467abb9d0be2defb181a65f8401d2302a9,,07/04/2020 12:40:00 AM,30,NO CONTROLS,NO CONTROLS,CLEAR,"DARKNESS, LIGHTED ROAD",PARKED MOTOR VEHICLE,NOT DIVIDED,,STRAIGHT AND LEVEL,DRY,NO DEFECTS,NOT ON SCENE (DESK REPORT),NO INJURY / DRIVE AWAY,,,Y,"OVER $1,500",07/04/2020 02:04:00 AM,IMPROPER BACKING,UNABLE TO DETERMINE,755,E,132ND ST,533.0,Y,,,,,,3,NO INDICATION OF INJURY,0.0,0.0,0.0,0.0,0.0,1.0,0.0,0,7,7,41.6557190302,-87.6026341432,POINT (-87.602634143189 41.655719030185)
22a9e184b9e1c3840d67c29e087cc2a23de1007732277d3f0bab38ff13e19780046bd8ef3d5134a2a1a7cf5882cce4f61e2987944880dd33d4fe8be36f96899e,,02/27/2023 07:00:00 AM,30,TRAFFIC SIGNAL,FUNCTIONING PROPERLY,RAIN,"DARKNESS, LIGHTED ROAD",SIDESWIPE SAME DIRECTION,DIVIDED - W/MEDIAN BARRIER,,STRAIGHT AND LEVEL,WET,UNKNOWN,NOT ON SCENE (DESK REPORT),NO INJURY / DRIVE AWAY,,,,"OVER $1,500",02/27/2023 09:30:00 AM,UNABLE TO DETERMINE,UNABLE TO DETERMINE,3613,W,DEVON AVE,1711.0,,,,,,,2,NO INDICATION OF INJURY,0.0,0.0,0.0,0.0,0.0,2.0,0.0,7,2,2,41.9971641313,-87.7196374425,POINT (-87.71963744252 41.997164131326)
d1a1a7664e218d21ed84828960ecb54f553e1fe3c5a69570be78dd04f7e06f61aa780cd46a0d6e280fa531d62a6fd3c6bca5afe7eb4f7d44e9a8ba1f67f72c1f,Y,11/24/2017 01:40:00 PM,30,TRAFFIC SIGNAL,FUNCTIONING PROPERLY,CLEAR,DAYLIGHT,ANGLE,NOT DIVIDED,,STRAIGHT AND LEVEL,DRY,NO DEFECTS,NOT ON SCENE (DESK REPORT),NO INJURY / DRIVE AWAY,Y,,,"$501 - $1,500",11/24/2017 02:41:00 PM,FAILING TO YIELD RIGHT-OF-WAY,NOT APPLICABLE,4800,N,ASHLAND AVE,2032.0,,,,,,,2,NO INDICATION OF INJURY,0.0,0.0,0.0,0.0,0.0,4.0,0.0,13,6,11,41.9690234296,-87.6695904335,POINT (-87.669590433542 41.969023429614)
a872884bc6052cf6cc3a4b268f2cb7a622f71a7ad26223fee7889517c1bf837131d44fe319ecbd44b8b49cf41e8c545f9697c6b47c1a19f1ebb6c862f7aa80ed,Y,08/24/2020 08:37:00 AM,30,NO CONTROLS,UNKNOWN,UNKNOWN,UNKNOWN,FIXED OBJECT,NOT DIVIDED,,STRAIGHT AND LEVEL,UNKNOWN,UNKNOWN,ON SCENE,NO INJURY / DRIVE AWAY,,Y,Y,"OVER $1,500",08/24/2020 08:37:00 AM,UNABLE TO DETERMINE,"OPERATING VEHICLE IN ERRATIC, RECKLESS, CARELESS, NEGLIGENT OR AGGRESSIVE MANNER",1405,W,72ND PL,734.0,,,,,,,1,NO INDICATION OF INJURY,0.0,0.0,0.0,0.0,0.0,1.0,0.0,8,2,8,41.7621408871,-87.6591354817,POINT (-87.659135481724 41.762140887132)
267c677b82555c8770e1aecf2c878025067d51c6314b625ecd19c4266a241d17957b6c793448af9e3d9bae17ef1d8d08c9cb182023b3ea0c219e813ee43280c1,,12/04/2019 09:33:00 PM,30,NO CONTROLS,NO CONTROLS,CLEAR,"DARKNESS, LIGHTED ROAD",PARKED MOTOR VEHICLE,NOT DIVIDED,,STRAIGHT AND LEVEL,DRY,UNKNOWN,ON SCENE,INJURY AND / OR TOW DUE TO CRASH,,Y,,"OVER $1,500",12/04/2019 09:35:00 PM,UNABLE TO DETERMINE,NOT APPLICABLE,2312,W,NORTH AVE,1434.0,,,,,,,2,NO INDICATION OF INJURY,0.0,0.0,0.0,0.0,0.0,1.0,0.0,21,4,12,41.9104582922,-87.6853511645,POINT (-87.685351164532 41.91045829223)
fcfa0b6a9e38f8034922df40058ffc63661f9af15f1574608a8187ef282908e4d63394ddfba3604777170c06cc609a46032d40b615d411a2e4df59f09634d8cd,,10/02/2019 07:40:00 AM,30,TRAFFIC SIGNAL,FUNCTIONING PROPERLY,RAIN,DAYLIGHT,REAR END,NOT DIVIDED,,STRAIGHT AND LEVEL,WET,NO DEFECTS,NOT ON SCENE (DESK REPORT),NO INJURY / DRIVE AWAY,Y,,,"OVER $1,500",10/03/2019 03:45:00 PM,FOLLOWING TOO CLOSELY,UNABLE TO DETERMINE,9701,S,DR MARTIN LUTHER KING JR DR,511.0,,,,,,,2,NO INDICATION OF INJURY,0.0,0.0,0.0,0.0,0.0,2.0,0.0,7,4,10,41.7181595336,-87.6139019216,POINT (-87.613901921612 41.718159533576)
c187a0d55aae3716337b26bbae24c030064815ee8c2302501a9651ef625bc71b099a0f9a231c3bacb9b3800e5974d58c2a0598e29ac23a8facaa11ffd89c95d3,,09/15/2025 10:13:00 AM,30,TRAFFIC SIGNAL,FUNCTIONING PROPERLY,CLEAR,DAYLIGHT,TURNING,FOUR WAY,,STRAIGHT AND LEVEL,DRY,NO DEFECTS,ON SCENE,NO INJURY / DRIVE AWAY,,,Y,"OVER $1,500",09/15/2025 10:13:00 AM,UNABLE TO DETERMINE,UNABLE TO DETERMINE,6000,N,PULASKI RD,1711.0,,,,,,,2,NO INDICATION OF INJURY,0.0,0.0,0.0,0.0,0.0,2.0,0.0,10,2,9,41.9901609228,-87.7287907476,POINT (-87.728790747599 41.990160922806)
f5609f9e462a1c97591120868c5846737c5c8115f3126d722b529646c68e09309765ca3686101beb85eacfc086a4da94206bc2a7ebc05839c15eb7d14a39fddc,,06/07/2020 05:30:00 PM,30,TRAFFIC SIGNAL,FUNCTIONING PROPERLY,CLEAR,DAYLIGHT,TURNING,DIVIDED - W/MEDIAN (NOT RAISED),,STRAIGHT AND LEVEL,DRY,UNKNOWN,NOT ON SCENE (DESK REPORT),NO INJURY / DRIVE AWAY,Y,,Y,"OVER $1,500",06/07/2020 08:15:00 PM,FAILING TO YIELD RIGHT-OF-WAY,NOT APPLICABLE,4806,W,OHIO ST,1532.0,,,,,,,2,NO INDICATION OF INJURY,0.0,0.0,0.0,0.0,0.0,2.0,0.0,17,1,6,41.8914880347,-87.7460405705,POINT (-87.746040570463 41.891488034728)
514ac4e413ca90f90f6569fdf9b66ab1c6bd2811e526923416dada847b809334b56cd22c075b1cbede05fea48a6f3f6c19d08537759224a6b365487ef0387ea1,,12/13/2021 04:40:00 PM,30,TRAFFIC SIGNAL,FUNCTIONING PROPERLY,CLEAR,DUSK,REAR END,DIVIDED - W/MEDIAN (NOT RAISED),,STRAIGHT AND LEVEL,DRY,NO DEFECTS,NOT ON SCENE (DESK REPORT),NO INJURY / DRIVE AWAY,Y,,,"OVER $1,500",12/13/2021 07:00:00 PM,FOLLOWING TOO CLOSELY,NOT APPLICABLE,1023,N,WESTERN AVE,1212.0,,,,,,,2,NO INDICATION OF INJURY,0.0,0.0,0.0,0.0,0.0,4.0,0.0,16,2,12,41.9001796963,-87.6868112992,POINT (-87.686811299236 41.900179696312)
4a11d8b62a2def09c11a7c99a4ad367cf24edc3705f7f16ab345bd4d30edb55e281d27417c8ac59d9461815d0d9b972060fdeb7da7a2e5d13eee8aed9caae548,,05/05/2021 06:39:00 PM,30,TRAFFIC SIGNAL,FUNCTIONING PROPERLY,CLEAR,DAYLIGHT,TURNING,NOT DIVIDED,,STRAIGHT AND LEVEL,DRY,NO DEFECTS,ON SCENE,INJURY AND / OR TOW DUE TO CRASH,Y,,,"OVER $1,500",05/05/2021 06:41:00 PM,FAILING TO YIELD RIGHT-OF-WAY,UNABLE TO DETERMINE,7601,S,KOSTNER AVE,833.0,,,,,,,3,NO INDICATION OF INJURY,0.0,0.0,0.0,0.0,0.0,3.0,0.0,18,4,5,41.7548841458,-87.7322222415,POINT (-87.732222241481 41.75488414584)
e0e5d1a77cb3faf8e8675babb11ebaa5be41a6b9ece54f4d1e5abb5337c3ac5062119933fd8c13e4308154cc18d35d5d5ccb374eeba402704d9d2c42329417e5,,08/11/2019 02:00:00 PM,30,NO CONTROLS,NO CONTROLS,CLEAR,DAYLIGHT,SIDESWIPE SAME DIRECTION,NOT DIVIDED,,STRAIGHT AND LEVEL,DRY,NO DEFECTS,NOT ON SCENE (DESK REPORT),NO INJURY / DRIVE AWAY,,,,"OVER $1,500",08/11/2019 02:22:00 PM,UNABLE TO DETERMINE,NOT APPLICABLE,1600,W,19TH ST,1234.0,,,,,,,2,NO INDICATION OF INJURY,0.0,0.0,0.0,0.0,0.0,2.0,0.0,14,1,8,41.8560819281,-87.6661404236,POINT (-87.666140423639 41.85608192809)
88bede688f1682bf56e00c3c7f4c5d78d35084b4ce25e919ec6175119e14c0a70584112fe545c848dd3a30ed00d09b3075c9c99f6e54d9374c80199717c9bb21,,11/21/2018 10:00:00 PM,30,TRAFFIC SIGNAL,FUNCTIONING PROPERLY,CLEAR,"DARKNESS, LIGHTED ROAD",TURNING,NOT DIVIDED,4,STRAIGHT AND LEVEL,DRY,NO DEFECTS,ON SCENE,INJURY AND / OR TOW DUE TO CRASH,Y,,,"OVER $1,500",11/21/2018 10:10:00 PM,IMPROPER TURNING/NO SIGNAL,NOT APPLICABLE,2399,W,ADDISON ST,1921.0,,,,,,,2,"REPORTED, NOT EVIDENT",1.0,0.0,0.0,0.0,1.0,1.0,0.0,22,4,11,41.9466216304,-87.6881950888,POINT (-87.68819508884 41.946621630423)
ae77dcbfce9ccfe573de23d86fe3fddb322db7e9fc296ee42dad5c53c3a3c05b78dd36529627984989a10068b49285bfc20999ab233742dbeb4956a615fe4349,,11/07/2020 08:30:00 PM,30,NO CONTROLS,NO CONTROLS,CLEAR,"DARKNESS, LIGHTED ROAD",SIDESWIPE SAME DIRECTION,DIVIDED - W/MEDIAN (NOT RAISED),,STRAIGHT AND LEVEL,DRY,NO DEFECTS,ON SCENE,NO INJURY / DRIVE AWAY,Y,,,"OVER $1,500",11/07/2020 08:35:00 PM,UNABLE TO DETERMINE,NOT APPLICABLE,7247,S,SOUTH SHORE DR,334.0,,,,,,,2,NO INDICATION OF INJURY,0.0,0.0,0.0,0.0,0.0,5.0,0.0,20,7,11,41.7647008059,-87.5610608399,POINT (-87.561060839873 41.764700805886)
f0fdb62389d7777282c36b3a3394fee93164e2a0573ab88617901ca4684a09a2127235f75ef9180b45d744a6efa4932be9a57866e22521024968f7a27615f4b3,,12/21/2022 06:10:00 PM,30,TRAFFIC SIGNAL,FUNCTIONING PROPERLY,CLEAR,"DARKNESS, LIGHTED ROAD",PEDALCYCLIST,FOUR WAY,,STRAIGHT AND LEVEL,DRY,UNKNOWN,ON SCENE,INJURY AND / OR TOW DUE TO CRASH,,,,"OVER $1,500",12/21/2022 06:14:00 PM,FAILING TO YIELD RIGHT-OF-WAY,NOT APPLICABLE,4125,W,IRVING PARK RD,1732.0,,,,,,,2,INCAPACITATING INJURY,1.0,0.0,1.0,0.0,0.0,1.0,0.0,18,4,12,41.9535100011,-87.7302621207,POINT (-87.730262120716 41.953510001139)