CRASH_RECORD_ID,CRASH_DATE_EST_I,CRASH_DATE,POSTED_SPEED_LIMIT,TRAFFIC_CONTROL_DEVICE,DEVICE_CONDITION,WEATHER_CONDITION,LIGHTING_CONDITION,FIRST_CRASH_TYPE,TRAFFICWAY_TYPE,LANE_CNT,ALIGNMENT,ROADWAY_SURFACE_COND,ROAD_DEFECT,REPORT_TYPE,CRASH_TYPE,INTERSECTION_RELATED_I,NOT_RIGHT_OF_WAY_I,HIT_AND_RUN_I,DAMAGE,DATE_POLICE_NOTIFIED,PRIM_CONTRIBUTORY_CAUSE,SEC_CONTRIBUTORY_CAUSE,STREET_NO,STREET_DIRECTION,STREET_NAME,BEAT_OF_OCCURRENCE,PHOTOS_TAKEN_I,STATEMENTS_TAKEN_I,DOORING_I,WORK_ZONE_I,WORK_ZONE_TYPE,WORKERS_PRESENT_I,NUM_UNITS,MOST_SEVERE_INJURY,INJURIES_TOTAL,INJURIES_FATAL,INJURIES_INCAPACITATING,INJURIES_NON_INCAPACITATING,INJURIES_REPORTED_NOT_EVIDENT,INJURIES_NO_INDICATION,INJURIES_UNKNOWN,CRASH_HOUR,CRASH_DAY_OF_WEEK,CRASH_MONTH,LATITUDE,LONGITUDE,LOCATION
e3775a7af10a849c6595462fe72006fd449b70601d9492826f6a893c18e8bd43e7934992a8f5ba6be1ec39be9d7656d55b4843edd8eb90aaa9a3b6e8b873c76a,,07/20/2022 10:17:00 PM,30,TRAFFIC SIGNAL,UNKNOWN,UNKNOWN,"DARKNESS, LIGHTED ROAD",TURNING,UNKNOWN,,STRAIGHT AND LEVEL,UNKNOWN,UNKNOWN,NOT ON SCENE (DESK REPORT),NO INJURY / DRIVE AWAY,,,,"OVER $1,500",07/20/2022 10:45:00 PM,IMPROPER LANE USAGE,DRIVING SKILLS/KNOWLEDGE/EXPERIENCE,2198,S,CLARK ST,131.0,,,,,,,2,NO INDICATION OF INJURY,0.0,0.0,0.0,0.0,0.0,4.0,0.0,22,4,7,41.8529339676,-87.6302142392,POINT (-87.630214239166 41.852933967598)
21c36886202b4af2e4b4d545581c73f0d20026cd852b30d987a7cf83a9aa540cedfc57bdbfd9d585d63e6df4bc217f68f128ffd1b2a563245a5361824361fb34,,10/31/2021 12:27:00 AM,30,NO CONTROLS,NO CONTROLS,CLEAR,"DARKNESS, LIGHTED ROAD",HEAD ON,NOT DIVIDED,,STRAIGHT AND LEVEL,DRY,NO DEFECTS,ON SCENE,INJURY AND / OR TOW DUE TO CRASH,,,,"OVER $1,500",10/31/2021 12:33:00 AM,UNABLE TO DETERMINE,RELATED TO BUS STOP,305,N,CENTRAL PARK AVE,1123.0,,,,,,,2,INCAPACITATING INJURY,2.0,0.0,2.0,0.0,0.0,3.0,0.0,0,1,10,41.8864736074,-87.7159130664,POINT (-87.715913066357 41.886473607385)
c9edb6c494bb138d16f9b182e25461b310a7ba0f55e77ca97317d43af04f798a226ff722755cdfe506c5b53b39cccc8dc9a74abb0a85152cda7050e2e3c32801,,12/28/2021 09:10:00 PM,30,TRAFFIC SIGNAL,FUNCTIONING PROPERLY,SNOW,"DARKNESS, LIGHTED ROAD",TURNING,FOUR WAY,,STRAIGHT AND LEVEL,SNOW OR SLUSH,NO DEFECTS,NOT ON SCENE (DESK REPORT),NO INJURY / DRIVE AWAY,Y,,,"OVER $1,500",12/28/2021 09:45:00 PM,FAILING TO REDUCE SPEED TO AVOID CRASH,NOT APPLICABLE,8300,S,DAMEN AVE,614.0,,,,,,,2,NO INDICATION OF INJURY,0.0,0.0,0.0,0.0,0.0,4.0,0.0,21,3,12,41.7428499806,-87.673107363,POINT (-87.673107362988 41.742849980643)
635fb49a33a6fa9716bfb87bb7863e0e84c8a66c53dc30058a82f596b1cf59fe2e7a3e9ad82dc5305da3aa478723a7c191ced977ecdb2dafbcfc4787f98fa060,,09/28/2020 10:00:00 AM,10,NO CONTROLS,NO CONTROLS,CLEAR,DAYLIGHT,REAR END,ALLEY,,STRAIGHT AND LEVEL,DRY,NO DEFECTS,NOT ON SCENE (DESK REPORT),NO INJURY / DRIVE AWAY,,,Y,"OVER $1,500",09/28/2020 10:45:00 AM,UNABLE TO DETERMINE,UNABLE TO DETERMINE,7819,S,ABERDEEN ST,612.0,,,,,,,2,NO INDICATION OF INJURY,0.0,0.0,0.0,0.0,0.0,2.0,0.0,10,2,9,41.7517564696,-87.6511984135,POINT (-87.651198413457 41.751756469565)
1f7ac315f45daa3edd90df58f63b320e557af6a8825b478e6ecf41398327974da75cf73e995298a96c4477c3c8152d2f9de2be029073d4ef59b89e6581d6a7d4,,07/29/2021 03:30:00 PM,30,STOP SIGN/FLASHER,OTHER,CLEAR,DAYLIGHT,REAR END,OTHER,,STRAIGHT AND LEVEL,DRY,NO DEFECTS,NOT ON SCENE (DESK REPORT),INJURY AND / OR TOW DUE TO CRASH,Y,,Y,"OVER $1,500",07/29/2021 04:45:00 PM,FOLLOWING TOO CLOSELY,NOT APPLICABLE,4719,W,ADDISON ST,1731.0,,,,,,,2,"REPORTED, NOT EVIDENT",1.0,0.0,0.0,0.0,1.0,1.0,0.0,15,5,7,41.9460399294,-87.7453561051,POINT (-87.745356105144 41.946039929385)
a4177f53384d4b71191bcba8bb13e57c99b15673afb80abd4331fccb36acbf6b303c4843e4a74921baa8cf008cb9b2f04b98a0e4c9eba2551d78c1c0d5dfbaf5,Y,02/24/2019 03:00:00 AM,30,NO CONTROLS,NO CONTROLS,CLEAR,DARKNESS,PARKED MOTOR VEHICLE,NOT DIVIDED,,STRAIGHT AND LEVEL,DRY,NO DEFECTS,NOT ON SCENE (DESK REPORT),NO INJURY / DRIVE AWAY,,,Y,"$501 - $1,500",02/24/2019 09:15:00 AM,UNABLE TO DETERMINE,NOT APPLICABLE,11221,S,KEDZIE AVE,2211.0,,,,,,,2,NO INDICATION OF INJURY,0.0,0.0,0.0,0.0,0.0,1.0,0.0,3,1,2,41.6891329845,-87.7005872237,POINT (-87.700587223715 41.689132984532)
0115903dfcc9b3ce14595676cbf30205c64c9ec3c0f32c3affdeb78c29cf483899380ff76469b72ee8c799625a1f7e67c88368150abd5b18be56d3154fefb97b,,06/21/2018 03:20:00 PM,30,NO CONTROLS,NO CONTROLS,CLEAR,DAYLIGHT,REAR END,DIVIDED - W/MEDIAN (NOT RAISED),,STRAIGHT AND LEVEL,WET,NO DEFECTS,ON SCENE,NO INJURY / DRIVE AWAY,,,,"$501 - $1,500",06/21/2018 04:20:00 PM,UNABLE TO DETERMINE,NOT APPLICABLE,6300,S,COTTAGE GROVE AVE,312.0,,,,,,,2,NO INDICATION OF INJURY,0.0,0.0,0.0,0.0,0.0,5.0,0.0,15,5,6,41.7803174705,-87.6060745584,POINT (-87.606074558366 41.78031747049)
46590c9c60e3e1d3f9389c09dc0e77bc03473c3e748f5038b1fccdd7578fdca3a86cbad9dbfb3583c5f724a523f75bd5beece5e0592bf0823029275caa9919da,,12/31/2024 09:40:00 PM,10,NO CONTROLS,NO CONTROLS,CLEAR,DAYLIGHT,PARKED MOTOR VEHICLE,PARKING LOT,,STRAIGHT AND LEVEL,DRY,NO DEFECTS,NOT ON SCENE (DESK REPORT),NO INJURY / DRIVE AWAY,,,,"$501 - $1,500",01/02/2025 11:37:00 AM,UNABLE TO DETERMINE,UNABLE TO DETERMINE,6700,S,COTTAGE GROVE AVE,321.0,,,,,,,2,NO INDICATION OF INJURY,0.0,0.0,0.0,0.0,0.0,2.0,0.0,21,3,12,41.7730478219,-87.6059130529,POINT (-87.605913052872 41.773047821886)
eeb0c3a233a10d084a9768141a93e4418bd7152c2dcac2d5b9be7c13999144d760f1297a280b91cd925bc626af69b6370b751c6e389df7e856c2f17a4f20cbd8,,06/30/2025 05:30:00 PM,25,UNKNOWN,UNKNOWN,UNKNOWN,UNKNOWN,FIXED OBJECT,UNKNOWN,,STRAIGHT AND LEVEL,UNKNOWN,UNKNOWN,NOT ON SCENE (DESK REPORT),NO INJURY / DRIVE AWAY,,,,"OVER $1,500",06/30/2025 07:50:00 PM,NOT APPLICABLE,NOT APPLICABLE,505,N,ORLEANS ST,1831.0,,,,,,,1,NO INDICATION OF INJURY,0.0,0.0,0.0,0.0,0.0,1.0,0.0,17,2,6,41.8909311234,-87.6368684999,POINT (-87.636868499875 41.890931123408)
d920ba172d2fdfdb26126694dda7dd9eb346c66774ee78e81e41464e01c52e3deb5c572689d1b49960077170fe9f898cb20e8912d5f10c86bb0e03fbffdbbb5c,,08/22/2022 07:35:00 PM,30,STOP SIGN/FLASHER,FUNCTIONING PROPERLY,CLEAR,"DARKNESS, LIGHTED ROAD",ANGLE,DIVIDED - W/MEDIAN (NOT RAISED),,STRAIGHT AND LEVEL,DRY,NO DEFECTS,ON SCENE,INJURY AND / OR TOW DUE TO CRASH,Y,,Y,"OVER $1,500",08/22/2022 07:55:00 PM,DISREGARDING STOP SIGN,UNABLE TO DETERMINE,3932,N,AUSTIN AVE,1633.0,,,,,,,2,"REPORTED, NOT EVIDENT",2.0,0.0,0.0,0.0,2.0,2.0,0.0,19,2,8,41.9521541038,-87.7768900138,POINT (-87.77689001377 41.952154103837)
fc6d819b6ba56fd1c81c6e15988efc6638edde5209abe24cac1bb0940bdb0b62243b4a7f8e6bdf3d4ad1b93a4c190997806cfdbae6705b202d4071abaadca0f9,,03/15/2018 09:10:00 PM,25,NO CONTROLS,NO CONTROLS,CLEAR,"DARKNESS, LIGHTED ROAD",TURNING,NOT DIVIDED,2,STRAIGHT AND LEVEL,DRY,NO DEFECTS,ON SCENE,NO INJURY / DRIVE AWAY,Y,,,$500 OR LESS,03/15/2018 09:13:00 PM,IMPROPER TURNING/NO SIGNAL,DRIVING SKILLS/KNOWLEDGE/EXPERIENCE,5656,N,CLARK ST,2012.0,,,,,,,2,NO INDICATION OF INJURY,0.0,0.0,0.0,0.0,0.0,3.0,0.0,21,5,3,41.9850778272,-87.669249727,POINT (-87.669249727021 41.985077827204)
4727965647133c5092ae90e677465c295c86843398e850ccfb7400060787fb762b454ba3ee712739b773fdbdb3f1f0f7af7cfeadb0847fe76852ab21c83cadea,,08/24/2022 08:00:00 AM,30,NO CONTROLS,NO CONTROLS,CLEAR,DAYLIGHT,REAR END,ONE-WAY,,STRAIGHT AND LEVEL,DRY,NO DEFECTS,NOT ON SCENE (DESK REPORT),NO INJURY / DRIVE AWAY,,,,"$501 - $1,500",08/29/2022 04:58:00 PM,IMPROPER BACKING,NOT APPLICABLE,3900,W,57TH PL,822.0,,,,,,,2,NO INDICATION OF INJURY,0.0,0.0,0.0,0.0,0.0,3.0,0.0,8,4,8,41.7888150133,-87.7207061271,POINT (-87.720706127113 41.788815013306)
764fccc0f8da858697062448f84790781ea8a6d20af181c48ba17108e7a575a1c17a8f40f80693e0c9859c3eee5dbdfbc00d3d5304114a0df6074819dea3bb51,,12/15/2016 04:00:00 PM,30,NO CONTROLS,NO CONTROLS,UNKNOWN,DUSK,ANGLE,ONE-WAY,1,STRAIGHT AND LEVEL,UNKNOWN,UNKNOWN,NOT ON SCENE (DESK REPORT),NO INJURY / DRIVE AWAY,,,,"OVER $1,500",12/15/2016 04:25:00 PM,UNABLE TO DETERMINE,UNABLE TO DETERMINE,2300,W,FARRAGUT AVE,2012.0,,,,,,,2,NO INDICATION OF INJURY,0.0,0.0,0.0,0.0,0.0,2.0,0.0,16,5,12,41.9769444823,-87.6868842097,POINT (-87.686884209682 41.976944482309)
c76f0eb842b19aa6cc21e10d39a0486c9c2d67d476c90d66fe713ac241740dcebf2957457a5acc2f30859fc7754d93f57842443abdd26b00d64a5b9255ec364e,,09/16/2023 06:00:00 PM,30,TRAFFIC SIGNAL,FUNCTIONING PROPERLY,UNKNOWN,DAYLIGHT,REAR END,UNKNOWN INTERSECTION TYPE,,STRAIGHT AND LEVEL,DRY,UNKNOWN,NOT ON SCENE (DESK REPORT),NO INJURY / DRIVE AWAY,,,Y,"$501 - $1,500",09/18/2023 12:00:00 PM,FOLLOWING TOO CLOSELY,FOLLOWING TOO CLOSELY,3168,N,LINCOLN AVE,1932.0,,,,,,,2,NO INDICATION OF INJURY,0.0,0.0,0.0,0.0,0.0,2.0,0.0,18,7,9,41.9393052824,-87.6683701553,POINT (-87.668370155299 41.939305282429)
31c301947ec2c14b7b7dc96e1f188baf314a52a32d59562a62817e4680af58963b12ff1073e47957f8e8daf94a1acd113f0ae954adb947d111f64acf2b81730c,,11/14/2021 02:20:00 PM,30,TRAFFIC SIGNAL,FUNCTIONING PROPERLY,CLEAR,DAYLIGHT,REAR END,NOT DIVIDED,,STRAIGHT AND LEVEL,DRY,NO DEFECTS,ON SCENE,INJURY AND / OR TOW DUE TO CRASH,,,,"OVER $1,500",11/14/2021 03:31:00 PM,FOLLOWING TOO CLOSELY,NOT APPLICABLE,1000,N,CICERO AVE,1531.0,,,,,,,2,"REPORTED, NOT EVIDENT",1.0,0.0,0.0,0.0,1.0,1.0,0.0,14,1,11,41.8987298306,-87.7460387132,POINT (-87.746038713154 41.898729830606)
24cd6f67283202462f6e68dc2764ccab35e8c3c343f474de05b40179c2872fbdbaf667da2eef437188c5be34dbec8fe320d181fc1d67c178be4d1ecdf843f013,Y,10/10/2021 01:40:00 AM,20,NO CONTROLS,NO CONTROLS,CLEAR,"DARKNESS, LIGHTED ROAD",PARKED MOTOR VEHICLE,ONE-WAY,,STRAIGHT AND LEVEL,WET,NO DEFECTS,ON SCENE,NO INJURY / DRIVE AWAY,,,Y,"OVER $1,500",10/10/2021 01:45:00 AM,UNABLE TO DETERMINE,UNABLE TO DETERMINE,4658,S,TRIPP AVE,815.0,,,,,,,2,NO INDICATION OF INJURY,0.0,0.0,0.0,0.0,0.0,1.0,0.0,1,1,10,41.807874968,-87.7299425616,POINT (-87.729942561629 41.807874967985)
04e4df5934e8c214feaed16c8ea45ad787a213fb4dcbebc4ec1f756381ff12bba0b6b650b536791b89ac0ad50ec5ef58f6b1997e69a2dab4c65ed2638f1fda05,,03/18/2022 07:58:00 PM,35,NO CONTROLS,NO CONTROLS,RAIN,DARKNESS,TURNING,DIVIDED - W/MEDIAN (NOT RAISED),,STRAIGHT AND LEVEL,WET,NO DEFECTS,ON SCENE,NO INJURY / DRIVE AWAY,,,,"OVER $1,500",03/18/2022 07:58:00 PM,UNABLE TO DETERMINE,UNABLE TO DETERMINE,1710,N,KOSTNER AVE,2533.0,,,,,,,2,NO INDICATION OF INJURY,0.0,0.0,0.0,0.0,0.0,2.0,0.0,19,6,3,41.911946233,-87.7363210811,POINT (-87.736321081128 41.91194623298)
26549a3c3ce8f9da89927a47200daec9a413fcb8c4344eceb8a63f0b7f2930d079117aa26b294e714a3af1a2a801de9631f3a6cf6f68883d238736a8b21321db,,09/13/2024 05:40:00 PM,5,NO CONTROLS,NO CONTROLS,CLEAR,DAYLIGHT,PARKED MOTOR VEHICLE,PARKING LOT,,STRAIGHT AND LEVEL,DRY,NO DEFECTS,NOT ON SCENE (DESK REPORT),NO INJURY / DRIVE AWAY,,,,"$501 - $1,500",09/13/2024 07:00:00 PM,HAD BEEN DRINKING (USE WHEN ARREST IS NOT MADE),NOT APPLICABLE,6349,S,COTTAGE GROVE AVE,312.0,,,,,,,2,NO INDICATION OF INJURY,0.0,0.0,0.0,0.0,0.0,1.0,0.0,17,6,9,41.7789688617,-87.6057520772,POINT (-87.605752077236 41.778968861667)
8f6940da2711c1a46966545a0de0d509e7a3f9d5f72ed8ccecfc5ffa4462a4710b3121077a1b5fa8db2302dd3623b5c1852b4f0baa03f4ce6652282a525374dd,,05/29/2024 10:00:00 PM,30,NO CONTROLS,NO CONTROLS,CLEAR,DAYLIGHT,SIDESWIPE SAME DIRECTION,NOT DIVIDED,,STRAIGHT AND LEVEL,DRY,NO DEFECTS,NOT ON SCENE (DESK REPORT),INJURY AND / OR TOW DUE TO CRASH,,,Y,"OVER $1,500",05/31/2024 02:07:00 PM,UNABLE TO DETERMINE,NOT APPLICABLE,4706,N,KIMBALL AVE,1723.0,,,,,,,2,NONINCAPACITATING INJURY,1.0,0.0,0.0,1.0,0.0,2.0,0.0,22,4,5,41.9668404779,-87.7134635359,POINT (-87.713463535908 41.966840477941)
5b86c62979025e95fc9136b13a98cfdbd8db0259812c544be6a673138d7d716397a7bf88a62c13e7388228eaf90ba5c8c1a48a1821bcd8640bf0022a3dafe531,,10/30/2021 09:28:00 AM,45,OTHER,FUNCTIONING PROPERLY,CLOUDY/OVERCAST,DAYLIGHT,FIXED OBJECT,DIVIDED - W/MEDIAN BARRIER,,CURVE ON GRADE,WET,NO DEFECTS,ON SCENE,INJURY AND / OR TOW DUE TO CRASH,,Y,,"OVER $1,500",10/30/2021 09:29:00 AM,FAILING TO REDUCE SPEED TO AVOID CRASH,UNABLE TO DETERMINE,6700,S,CHICAGO SKYWAY IB,322.0,,,,,,,2,NO INDICATION OF INJURY,0.0,0.0,0.0,0.0,0.0,5.0,0.0,9,7,10,41.7728135655,-87.6180036686,POINT (-87.61800366863 41.772813565463)
07a054fa7674e6b0ee08714e3f2474ac94e18ab55633614d530fb52c9400a770798edbd09c58fa65f9388815e84ee9841b970c4fc7adbce673efd74d1fd3ddce,,12/05/2020 05:59:00 PM,30,TRAFFIC SIGNAL,UNKNOWN,CLEAR,"DARKNESS, LIGHTED ROAD",TURNING,T-INTERSECTION,,STRAIGHT AND LEVEL,DRY,UNKNOWN,,INJURY AND / OR TOW DUE TO CRASH,Y,,,"OVER $1,500",12/05/2020 06:00:00 PM,FAILING TO YIELD RIGHT-OF-WAY,IMPROPER LANE USAGE,200,S,MICHIGAN AVE,113.0,,,,,,,2,NONINCAPACITATING INJURY,1.0,0.0,0.0,1.0,0.0,3.0,0.0,17,7,12,41.8794893287,-87.6244981249,POINT (-87.624498124934 41.879489328698)
3c41e277e6e0c647a782adb59c2f77b5d2a79ce0f7108c28d3eafb30c5195c741b1ab73ae4969334857b556d454f9f35e672eb74680096774ac84f0a870c9233,,02/22/2019 03:30:00 PM,30,NO CONTROLS,NO CONTROLS,CLEAR,DAYLIGHT,PARKED MOTOR VEHICLE,NOT DIVIDED,,STRAIGHT AND LEVEL,DRY,NO DEFECTS,NOT ON SCENE (DESK REPORT),NO INJURY / DRIVE AWAY,,,Y,"OVER $1,500",02/22/2019 03:50:00 PM,UNABLE TO DETERMINE,UNABLE TO DETERMINE,2200,W,HARRISON ST,1225.0,,,,,,,2,NO INDICATION OF INJURY,0.0,0.0,0.0,0.0,0.0,1.0,0.0,15,6,2,41.8740732041,-87.6814695372,POINT (-87.681469537173 41.874073204146)
acf5c101f717e3568fca1bacbe2d7610b32587eeb1ca63c2ec14a7c3e5a492d7990e16e72c27755b16a265dbb425cac6601111c1d1dde5ba98ce82f3babd6656,,12/22/2017 06:50:00 PM,30,NO CONTROLS,UNKNOWN,UNKNOWN,DARKNESS,SIDESWIPE SAME DIRECTION,ONE-WAY,,STRAIGHT AND LEVEL,UNKNOWN,UNKNOWN,NOT ON SCENE (DESK REPORT),NO INJURY / DRIVE AWAY,,,Y,"OVER $1,500",12/27/2017 05:30:00 PM,IMPROPER OVERTAKING/PASSING,UNABLE TO DETERMINE,401,S,HAMLIN BLVD,1133.0,,,,,,,2,NO INDICATION OF INJURY,0.0,0.0,0.0,0.0,0.0,2.0,0.0,18,6,12,41.8753202728,-87.7197376168,POINT (-87.719737616846 41.875320272789)
839a6509793b5dab7611ca9b935a2a8f7ea0217dfd23a0b8ea29c3cb2f12a2b1c8619c9aaff2d0fba5e9fff276f84d6cb0d2fb479f85a48fc04157ea83a28a0b,,08/17/2018 09:15:00 AM,30,NO CONTROLS,NO CONTROLS,CLOUDY/OVERCAST,DAYLIGHT,TURNING,NOT DIVIDED,,STRAIGHT AND LEVEL,UNKNOWN,NO DEFECTS,ON SCENE,INJURY AND / OR TOW DUE TO CRASH,Y,,,"OVER $1,500",08/17/2018 09:20:00 AM,FAILING TO REDUCE SPEED TO AVOID CRASH,UNABLE TO DETERMINE,8757,S,COMMERCIAL AVE,424.0,,,,,,,2,NONINCAPACITATING INJURY,1.0,0.0,0.0,1.0,0.0,5.0,0.0,9,6,8,41.7357073004,-87.5512462764,POINT (-87.551246276445 41.73570730038)
f9a5040e00f4cbf94e73d12d317de3495900b226635c069cfbe176e49096dd0eeac6c48b46b42dd1eba5b2d3dfd795fc7a141ee2bb9baf8cbaafeede82723b99,,09/25/2022 03:56:00 PM,30,TRAFFIC SIGNAL,FUNCTIONING PROPERLY,CLEAR,DAYLIGHT,PEDALCYCLIST,FOUR WAY,,STRAIGHT AND LEVEL,DRY,NO DEFECTS,ON SCENE,INJURY AND / OR TOW DUE TO CRASH,,,,"OVER $1,500",09/25/2022 04:05:00 PM,FAILING TO YIELD RIGHT-OF-WAY,NOT APPLICABLE,5198,W,FULLERTON AVE,2521.0,,,,,,,2,NONINCAPACITATING INJURY,1.0,0.0,0.0,1.0,0.0,1.0,0.0,15,1,9,41.9242189774,-87.7560263019,POINT (-87.756026301859 41.924218977389)
0790c61f6bcd778f03712ba86103353a9751470f7818efe45115c2c4381f62ee0a6c19e9f3bf43ad9ac71db113c9e9d30f24dc5bd928133dfb336ba684e85191,,08/11/2018 03:10:00 PM,25,NO CONTROLS,NO CONTROLS,CLEAR,DAYLIGHT,ANGLE,ALLEY,1,STRAIGHT AND LEVEL,DRY,NO DEFECTS,ON SCENE,INJURY AND / OR TOW DUE TO CRASH,,,,"OVER $1,500",08/11/2018 03:13:00 PM,IMPROPER BACKING,NOT APPLICABLE,4920,S,WINCHESTER AVE,931.0,,,,,,,2,"REPORTED, NOT EVIDENT",1.0,0.0,0.0,0.0,1.0,1.0,0.0,15,7,8,41.8042038229,-87.6735124041,POINT (-87.673512404069 41.804203822874)
0f4815883c159345d11b4cc6208a37aee566eee8fd6425350512c3263d06c2e7565c42a302ec95476f4fde3f9127378352ef5072a495496d1f667b26a2745cd7,,01/29/2019 12:48:00 PM,30,TRAFFIC SIGNAL,FUNCTIONING PROPERLY,CLEAR,DAYLIGHT,REAR END,NOT DIVIDED,2,STRAIGHT AND LEVEL,SNOW OR SLUSH,NO DEFECTS,NOT ON SCENE (DESK REPORT),NO INJURY / DRIVE AWAY,,N,Y,$500 OR LESS,01/29/2019 01:30:00 PM,FAILING TO YIELD RIGHT-OF-WAY,UNABLE TO DETERMINE,7100,S,MORGAN ST,733.0,,,,,,,2,NO INDICATION OF INJURY,0.0,0.0,0.0,0.0,0.0,3.0,0.0,12,3,1,41.7650348733,-87.6494113847,POINT (-87.649411384697 41.765034873314)
5e32c7b7d63410c33098baaf67e47be3a912cab6eef8d0907f4912986ebba8805867db9425efa3bb8b49d8a4c89b26035347229299faeb5ec3e8af8c18097491,,03/21/2021 11:50:00 AM,30,TRAFFIC SIGNAL,FUNCTIONING PROPERLY,CLEAR,DAYLIGHT,REAR END,TRAFFIC ROUTE,,STRAIGHT AND LEVEL,DRY,UNKNOWN,NOT ON SCENE (DESK REPORT),NO INJURY / DRIVE AWAY,Y,,,"OVER $1,500",03/21/2021 12:20:00 PM,WEATHER,NOT APPLICABLE,5658,S,LAKE SHORE DR SB,331.0,,,,,,,2,NO INDICATION OF INJURY,0.0,0.0,0.0,0.0,0.0,2.0,0.0,11,1,3,41.7915339165,-87.5802087355,POINT (-87.580208735455 41.791533916538)
26c4ac4c46a054980e6fae178d9516053ef789f74fe114b47b30d35f5170f76136bd5507413aa0aae3d64f372fa3b92867094cf1bf28ca65aee70173c2f9a35c,,08/11/2018 04:32:00 AM,30,TRAFFIC SIGNAL,FUNCTIONING PROPERLY,CLEAR,"DARKNESS, LIGHTED ROAD",TURNING,NOT DIVIDED,2,STRAIGHT AND LEVEL,DRY,NO DEFECTS,ON SCENE,INJURY AND / OR TOW DUE TO CRASH,,,,"OVER $1,500",08/11/2018 04:36:00 AM,DRIVING ON WRONG SIDE/WRONG WAY,IMPROPER TURNING/NO SIGNAL,6358,W,FULLERTON AVE,2512.0,,,,,,,2,NO INDICATION OF INJURY,0.0,0.0,0.0,0.0,0.0,2.0,0.0,4,7,8,41.9237884955,-87.7853841556,POINT (-87.785384155592 41.923788495497)
4a70a93363603bebec21db6fa2e89c4ad3014e6b5ee0ed84a14ebcaa84e3b385ad43eea884e1f66a96fba077266ae32c8fe13ce1fb80a87df734c254c4df41d0,Y,02/01/2022 10:00:00 PM,30,NO CONTROLS,NO CONTROLS,SNOW,DARKNESS,PARKED MOTOR VEHICLE,NOT DIVIDED,,STRAIGHT AND LEVEL,SNOW OR SLUSH,UNKNOWN,NOT ON SCENE (DESK REPORT),NO INJURY / DRIVE AWAY,,,Y,"$501 - $1,500",02/03/2022 02:10:00 PM,UNABLE TO DETERMINE,UNABLE TO DETERMINE,13331,S,INDIANA AVE,533.0,,,,,,,2,NO INDICATION OF INJURY,0.0,0.0,0.0,0.0,0.0,1.0,0.0,22,3,2,41.652626698,-87.6170907297,POINT (-87.617090729739 41.652626698036)
f7d3a13394299f4824c4dbb09e3e914b5cebde0583bfcc450f3249f52b4eb617ef41f08076c0f9022f39b6a93a26b1d5e7efe7471e4f8c98bdb12add288ca242,,05/24/2018 01:14:00 PM,30,TRAFFIC SIGNAL,FUNCTIONING PROPERLY,CLEAR,DAYLIGHT,REAR END,ONE-WAY,,STRAIGHT AND LEVEL,DRY,UNKNOWN,NOT ON SCENE (DESK REPORT),NO INJURY / DRIVE AWAY,,,,$500 OR LESS,05/24/2018 01:58:00 PM,UNABLE TO DETERMINE,UNABLE TO DETERMINE,203,N,CLARK ST,111.0,,,,,,,2,NO INDICATION OF INJURY,0.0,0.0,0.0,0.0,0.0,4.0,0.0,13,5,5,41.886018053,-87.6308364569,POINT (-87.630836456915 41.886018052969)
ad85ac9aefb770f9b1ab13ef127f3bfac743d2cca369c8ae9d1f1fd7145b8ee343d1d71c437f85161aca06fa36d172254dc925232f1ac8e6811174f10598f66c,,03/18/2023 09:50:00 PM,30,NO CONTROLS,NO CONTROLS,CLEAR,"DARKNESS, LIGHTED ROAD",PARKED MOTOR VEHICLE,NOT DIVIDED,,STRAIGHT AND LEVEL,DRY,NO DEFECTS,ON SCENE,NO INJURY / DRIVE AWAY,,,Y,"$501 - $1,500",03/18/2023 09:52:00 PM,UNABLE TO DETERMINE,NOT APPLICABLE,4347,S,HERMITAGE AVE,924.0,,,,,,,2,NO INDICATION OF INJURY,0.0,0.0,0.0,0.0,0.0,1.0,0.0,21,7,3,41.8144549298,-87.6686233327,POINT (-87.668623332689 41.814454929837)
4591502a7a2ffbabc1290d3e3c62b08fbba49e9940f298ffa6e0b6bc738990e56a1893ed8c94b5e01c421e381c008fd4f08f952ebf2c921052bf16f9a6de4092,,07/30/2025 11:45:00 AM,10,NO CONTROLS,NO CONTROLS,CLEAR,DAYLIGHT,PARKED MOTOR VEHICLE,PARKING LOT,,STRAIGHT AND LEVEL,DRY,NO DEFECTS,ON SCENE,NO INJURY / DRIVE AWAY,,Y,,"OVER $1,500",07/30/2025 12:30:00 PM,IMPROPER BACKING,NOT APPLICABLE,5130,W,63RD ST,813.0,,,,,,,2,NO INDICATION OF INJURY,0.0,0.0,0.0,0.0,0.0,1.0,0.0,11,4,7,41.778375551,-87.7507325629,POINT (-87.750732562886 41.778375551031)
fdd0461d4c0f9e7241faf5bfd11ee44926a75d08fc45e87df48026f0fa8e387cb3ef38e8ff7eacf063e834b4a62369d74b8231196ba70b6ef2010a9042501416,,01/31/2021 07:48:00 PM,30,NO CONTROLS,NO CONTROLS,CLEAR,DUSK,REAR END,NOT DIVIDED,,STRAIGHT AND LEVEL,WET,NO DEFECTS,NOT ON SCENE (DESK REPORT),INJURY AND / OR TOW DUE TO CRASH,,,Y,"$501 - $1,500",01/31/2021 08:17:00 PM,NOT APPLICABLE,NOT APPLICABLE,6501,S,CICERO AVE,833.0,,,,,,,2,NONINCAPACITATING INJURY,2.0,0.0,0.0,2.0,0.0,2.0,0.0,19,1,1,41.7746945416,-87.7420133008,POINT (-87.742013300808 41.774694541589)