CRASH_RECORD_ID,CRASH_DATE_EST_I,CRASH_DATE,POSTED_SPEED_LIMIT,TRAFFIC_CONTROL_DEVICE,DEVICE_CONDITION,WEATHER_CONDITION,LIGHTING_CONDITION,FIRST_CRASH_TYPE,TRAFFICWAY_TYPE,LANE_CNT,ALIGNMENT,ROADWAY_SURFACE_COND,ROAD_DEFECT,REPORT_TYPE,CRASH_TYPE,INTERSECTION_RELATED_I,NOT_RIGHT_OF_WAY_I,HIT_AND_RUN_I,DAMAGE,DATE_POLICE_NOTIFIED,PRIM_CONTRIBUTORY_CAUSE,SEC_CONTRIBUTORY_CAUSE,STREET_NO,STREET_DIRECTION,STREET_NAME,BEAT_OF_OCCURRENCE,PHOTOS_TAKEN_I,STATEMENTS_TAKEN_I,DOORING_I,WORK_ZONE_I,WORK_ZONE_TYPE,WORKERS_PRESENT_I,NUM_UNITS,MOST_SEVERE_INJURY,INJURIES_TOTAL,INJURIES_FATAL,INJURIES_INCAPACITATING,INJURIES_NON_INCAPACITATING,INJURIES_REPORTED_NOT_EVIDENT,INJURIES_NO_INDICATION,INJURIES_UNKNOWN,CRASH_HOUR,CRASH_DAY_OF_WEEK,CRASH_MONTH,LATITUDE,LONGITUDE,LOCATION
8f41455964b1c936c03f4b1b8d22a8474c7023d00ebe39a1eb737b2debdcbd64868115baa8f0c9bdb7552486c379fea258d71b25c896807a62e76e7db2c760ec,Y,06/01/2022 08:00:00 PM,20,TRAFFIC SIGNAL,FUNCTIONING PROPERLY,CLEAR,"DARKNESS, LIGHTED ROAD",TURNING,FOUR WAY,,STRAIGHT AND LEVEL,DRY,NO DEFECTS,NOT ON SCENE (DESK REPORT),NO INJURY / DRIVE AWAY,,,Y,"OVER $1,500",06/03/2022 07:00:00 AM,UNABLE TO DETERMINE,NOT APPLICABLE,5201,W,MADISON ST,1522.0,,,,,,,2,NO INDICATION OF INJURY,0.0,0.0,0.0,0.0,0.0,2.0,0.0,20,4,6,41.8802612545,-87.7551249799,POINT (-87.755124979873 41.880261254492)
58cd64045cd7406ecdbd910671cf24f0c1d5831d8f5e942c1eedb6d7ad57fcb4b46a60d5a0b49a192268f10046d5f5cb4763f3b4da34d622317955bbb83200de,,07/21/2023 07:20:00 PM,30,TRAFFIC SIGNAL,UNKNOWN,CLEAR,DAWN,REAR END,NOT DIVIDED,,STRAIGHT AND LEVEL,DRY,NO DEFECTS,NOT ON SCENE (DESK REPORT),NO INJURY / DRIVE AWAY,,,,"OVER $1,500",07/21/2023 07:50:00 PM,FAILING TO REDUCE SPEED TO AVOID CRASH,NOT APPLICABLE,4833,W,DIVERSEY AVE,2521.0,,,,,,,2,NO INDICATION OF INJURY,0.0,0.0,0.0,0.0,0.0,3.0,0.0,19,6,7,41.931406291,-87.7479369735,POINT (-87.747936973516 41.931406291047)
20bb2a1ee255ba0586c30d63adf0aa846f9109ebfd756223e04ddda2bdcc86d8d35c32ea73dd08e15af3ca62c47896e3d5066c2967d9e222a788ac96beb770e9,,01/30/2024 07:30:00 PM,30,NO CONTROLS,NO CONTROLS,CLEAR,"DARKNESS, LIGHTED ROAD",SIDESWIPE SAME DIRECTION,DIVIDED - W/MEDIAN (NOT RAISED),,STRAIGHT AND LEVEL,UNKNOWN,UNKNOWN,,NO INJURY / DRIVE AWAY,,,,"$501 - $1,500",01/31/2024 12:00:00 PM,UNABLE TO DETERMINE,UNABLE TO DETERMINE,1965,W,IRVING PARK RD,1922.0,,,,,,,2,NO INDICATION OF INJURY,0.0,0.0,0.0,0.0,0.0,2.0,0.0,19,3,1,41.9540487539,-87.6786304819,POINT (-87.678630481907 41.954048753853)
adcc62e94bfe2b7110aefdf5c6d58ce53887d681961127ed097f6d2b2277d02a0ac8e639b17e208d5a15d4e750e53f211ac48c0c2a77b78b12296f50f898ea52,,01/05/2022 10:45:00 PM,25,NO CONTROLS,NO CONTROLS,CLEAR,"DARKNESS, LIGHTED ROAD",ANGLE,ONE-WAY,,STRAIGHT AND LEVEL,WET,UNKNOWN,NOT ON SCENE (DESK REPORT),NO INJURY / DRIVE AWAY,,,Y,"OVER $1,500",01/05/2022 11:00:00 PM,DRIVING SKILLS/KNOWLEDGE/EXPERIENCE,DRIVING SKILLS/KNOWLEDGE/EXPERIENCE,100,N,PARKSIDE AVE,1512.0,,,,,,,2,NO INDICATION OF INJURY,0.0,0.0,0.0,0.0,0.0,2.0,0.0,22,4,1,41.882314703,-87.7667257904,POINT (-87.76672579038 41.882314702995)
d725f519f24a6670f949634a86fc06d5df834c33ba235658c40b79a1dfe70b4b9a7fe6b185b0e29252f241b7a0b066762b8efe9ced01f35fc00bc8e95af580e3,,07/03/2020 03:45:00 PM,30,NO CONTROLS,NO CONTROLS,CLEAR,DAYLIGHT,PARKED MOTOR VEHICLE,ONE-WAY,,STRAIGHT AND LEVEL,DRY,NO DEFECTS,NOT ON SCENE (DESK REPORT),NO INJURY / DRIVE AWAY,,,,$500 OR LESS,07/04/2020 11:55:00 AM,UNABLE TO DETERMINE,UNABLE TO DETERMINE,11717,S,HALE AVE,2212.0,,,,,,,2,NO INDICATION OF INJURY,0.0,0.0,0.0,0.0,0.0,1.0,0.0,15,6,7,41.6803986179,-87.6727137219,POINT (-87.672713721909 41.680398617872)
4134137d328aa98813962034f6fc8ed03c25ee24867fefc02a05fe221e172a7e305ccfb962f096f28f15fb5e65d2cff3fa4613aabe828acf01a4672836166e45,,08/29/2019 02:50:00 PM,30,NO CONTROLS,NO CONTROLS,CLEAR,DAYLIGHT,SIDESWIPE SAME DIRECTION,NOT DIVIDED,,STRAIGHT AND LEVEL,DRY,NO DEFECTS,NOT ON SCENE (DESK REPORT),NO INJURY / DRIVE AWAY,,,,"OVER $1,500",08/29/2019 02:50:00 PM,UNABLE TO DETERMINE,UNABLE TO DETERMINE,4011,W,LAKE ST,1114.0,,,,,,,2,NO INDICATION OF INJURY,0.0,0.0,0.0,0.0,0.0,2.0,0.0,14,5,8,41.8853728294,-87.7263163822,POINT (-87.726316382209 41.885372829404)
0a4533bf66b12afa90b791e0aefe365f1811f78b659f324aec18451185741d98d4905b132133a04873f23d9e9b4f0f8400f78352746a1c0b252c124c81a0c2c7,,05/27/2024 11:50:00 AM,30,STOP SIGN/FLASHER,FUNCTIONING PROPERLY,CLEAR,DAYLIGHT,ANGLE,NOT DIVIDED,,STRAIGHT AND LEVEL,DRY,NO DEFECTS,NOT ON SCENE (DESK REPORT),NO INJURY / DRIVE AWAY,,,,"$501 - $1,500",06/04/2024 01:12:00 PM,NOT APPLICABLE,NOT APPLICABLE,6401,S,PULASKI RD,823.0,,,,,,,3,NO INDICATION OF INJURY,0.0,0.0,0.0,0.0,0.0,2.0,0.0,11,2,5,41.7767833625,-87.722565512,POINT (-87.722565512035 41.776783362512)
0e251c7b118ad069ab2e3d80527e9ed11216469f0f89e027489c6705b6b41d0fc30966f5e0e8062c6a13524446b4af9327b05e399a32886807bb6340abbc3a09,,12/09/2016 03:45:00 PM,25,NO CONTROLS,NO CONTROLS,CLEAR,DAYLIGHT,TURNING,DIVIDED - W/MEDIAN (NOT RAISED),4,STRAIGHT AND LEVEL,DRY,NO DEFECTS,NOT ON SCENE (DESK REPORT),NO INJURY / DRIVE AWAY,,,,"$501 - $1,500",12/09/2016 04:32:00 PM,UNABLE TO DETERMINE,UNABLE TO DETERMINE,5600,S,ARCHER AVE,814.0,,,,,,,2,NO INDICATION OF INJURY,0.0,0.0,0.0,0.0,0.0,2.0,0.0,15,6,12,41.7976828486,-87.7503120919,POINT (-87.750312091905 41.797682848563)
359a5ec7f18fbe3869e75414f5a6cdc0a10c8e36d298f2c2f831e60c4dfec2da18dde787d7d426647ef96107e5a3e4df7ea60d01750da604399bee86aa32ee9b,,08/01/2021 05:30:00 PM,30,NO CONTROLS,NO CONTROLS,CLEAR,DAYLIGHT,PARKED MOTOR VEHICLE,ONE-WAY,,STRAIGHT AND LEVEL,DRY,UNKNOWN,NOT ON SCENE (DESK REPORT),NO INJURY / DRIVE AWAY,,,Y,"OVER $1,500",08/01/2021 09:00:00 PM,NOT APPLICABLE,NOT APPLICABLE,3900,W,19TH ST,1014.0,,,,,,,2,NO INDICATION OF INJURY,0.0,0.0,0.0,0.0,0.0,1.0,0.0,17,1,8,41.8551292663,-87.722411159,POINT (-87.722411159008 41.855129266304)
bf2662f0799469417f365058330e3027a59f57370ab5b092eaebe283979ab562718c9152b775e2c60c8d982ef529c17fc36c7ca7e431994935924836b4b6b940,,12/01/2024 02:43:00 PM,20,NO CONTROLS,NO CONTROLS,CLEAR,DAYLIGHT,SIDESWIPE SAME DIRECTION,NOT DIVIDED,,STRAIGHT AND LEVEL,DRY,UNKNOWN,ON SCENE,INJURY AND / OR TOW DUE TO CRASH,,,,"OVER $1,500",12/01/2024 02:50:00 PM,UNABLE TO DETERMINE,NOT APPLICABLE,1206,S,CLINTON ST,124.0,,,,,,,2,NO INDICATION OF INJURY,0.0,0.0,0.0,0.0,0.0,2.0,0.0,14,1,12,41.8670008473,-87.6408642353,POINT (-87.640864235295 41.867000847308)
10e67cffa02a670fba20f248b59e62a533af27b727a79f9d830670876bdaa9a11b21971c770add2711b10ea8b69bdaaf81a477f1257f7abeee79c0fd332c15bd,,09/29/2023 02:55:00 PM,30,TRAFFIC SIGNAL,FUNCTIONING PROPERLY,CLEAR,DAYLIGHT,SIDESWIPE SAME DIRECTION,NOT DIVIDED,,STRAIGHT AND LEVEL,DRY,NO DEFECTS,,NO INJURY / DRIVE AWAY,N,,Y,"OVER $1,500",10/02/2023 04:30:00 PM,UNABLE TO DETERMINE,NOT APPLICABLE,1636,W,ARMITAGE AVE,1432.0,,,,,,,2,NO INDICATION OF INJURY,0.0,0.0,0.0,0.0,0.0,2.0,0.0,14,6,9,41.9180272808,-87.6691112719,POINT (-87.669111271911 41.918027280755)
2b0c62138bbdd2b47a2e4725b68ae880b38e5f5ee006395c0688e7cba3f4b3dae254926c95a15825040b96300c8a3d5b8ce23afdf5217a4551f5d38f5bc2212c,,02/02/2022 09:30:00 AM,30,NO CONTROLS,NO CONTROLS,SNOW,DAYLIGHT,FIXED OBJECT,NOT DIVIDED,,STRAIGHT AND LEVEL,SNOW OR SLUSH,NO DEFECTS,ON SCENE,INJURY AND / OR TOW DUE TO CRASH,,,,"$501 - $1,500",02/02/2022 09:42:00 AM,WEATHER,UNABLE TO DETERMINE,353,W,83RD ST,622.0,,,,,,,1,NO INDICATION OF INJURY,0.0,0.0,0.0,0.0,0.0,2.0,0.0,9,4,2,41.7434014119,-87.6337685852,POINT (-87.633768585157 41.743401411902)
d15dfe348b9cb2f60c608fbb2e3c106d26fa0134a51768d5515d1fa79d69799f543bcc0c0945fedd781e69eabdd92443e417eef8049cef439f9c28d347c8a512,,02/04/2018 01:22:00 AM,30,TRAFFIC SIGNAL,FUNCTIONING PROPERLY,SNOW,"DARKNESS, LIGHTED ROAD",ANGLE,ONE-WAY,3,STRAIGHT AND LEVEL,SNOW OR SLUSH,NO DEFECTS,,INJURY AND / OR TOW DUE TO CRASH,Y,,,"OVER $1,500",02/04/2018 01:29:00 AM,DISREGARDING TRAFFIC SIGNALS,NOT APPLICABLE,111,N,FRANKLIN ST,122.0,,,,,,,2,NONINCAPACITATING INJURY,2.0,0.0,0.0,2.0,0.0,6.0,0.0,1,1,2,41.8835099709,-87.6352044148,POINT (-87.635204414786 41.883509970876)
e4e533f92a75c48763eb78352a78706a48a0f31b486feb6405113670b39a90db71cbcef2064a839b29ccbf5ddd2ccde96a28cf68e487cba7d25580a9ab2fac4c,,11/06/2017 01:30:00 PM,30,NO CONTROLS,NO CONTROLS,CLEAR,DAYLIGHT,FIXED OBJECT,NOT DIVIDED,2,STRAIGHT AND LEVEL,DRY,NO DEFECTS,ON SCENE,NO INJURY / DRIVE AWAY,,,,"OVER $1,500",11/06/2017 01:55:00 PM,UNABLE TO DETERMINE,FAILING TO REDUCE SPEED TO AVOID CRASH,600,E,GRAND AVE,1834.0,,,,,,,2,NO INDICATION OF INJURY,0.0,0.0,0.0,0.0,0.0,1.0,0.0,13,2,11,41.8920941369,-87.6115698839,POINT (-87.611569883947 41.892094136862)
bd71107db7213eb60074cce6bdee45326aefbe1b43de0e239a19a24fa3264b462beff7a200e8505f39f572633d848b544bcb1a381a255d97bed05e5e75e44f27,,04/04/2022 08:18:00 AM,30,STOP SIGN/FLASHER,FUNCTIONING PROPERLY,CLEAR,DAYLIGHT,ANGLE,NOT DIVIDED,,STRAIGHT AND LEVEL,WET,UNKNOWN,ON SCENE,INJURY AND / OR TOW DUE TO CRASH,Y,,,"OVER $1,500",04/04/2022 08:22:00 AM,DISREGARDING STOP SIGN,FAILING TO YIELD RIGHT-OF-WAY,1600,S,LAWNDALE AVE,1014.0,,,,,,,2,NONINCAPACITATING INJURY,1.0,0.0,0.0,1.0,0.0,1.0,0.0,8,2,4,41.8588529084,-87.7178212901,POINT (-87.717821290091 41.858852908363)
d3054f6935b0833ba8fb6475fcc0188da58e02ab143670214d665863dd30d6e51e98bb89366bbc68d7ecf604bd6ecb899f7eb90fb085cb70d49596d7f673ee64,,05/31/2025 11:00:00 PM,30,NO CONTROLS,NO CONTROLS,UNKNOWN,"DARKNESS, LIGHTED ROAD",SIDESWIPE SAME DIRECTION,NOT DIVIDED,,STRAIGHT AND LEVEL,UNKNOWN,UNKNOWN,NOT ON SCENE (DESK REPORT),NO INJURY / DRIVE AWAY,,,,"OVER $1,500",06/05/2025 07:50:00 PM,UNABLE TO DETERMINE,NOT APPLICABLE,2515,N,CENTRAL AVE,2515.0,,,,,,,2,NO INDICATION OF INJURY,0.0,0.0,0.0,0.0,0.0,2.0,0.0,23,7,5,41.9262945091,-87.7659243392,POINT (-87.765924339187 41.926294509067)
cef42a74c2c6446ee34c05bedbcd51b634bdf42e9a4978190974c70af2e44c08678d0cd3e57a2b87756dd04ab00ab37855473881f6c75d8771cc951a51986dba,,05/10/2023 02:00:00 PM,30,NO CONTROLS,NO CONTROLS,UNKNOWN,UNKNOWN,PARKED MOTOR VEHICLE,NOT DIVIDED,,STRAIGHT AND LEVEL,UNKNOWN,UNKNOWN,NOT ON SCENE (DESK REPORT),NO INJURY / DRIVE AWAY,,,Y,"$501 - $1,500",05/13/2023 01:53:00 PM,UNABLE TO DETERMINE,UNABLE TO DETERMINE,1722,W,GRANVILLE AVE,2433.0,,,,,,,2,NO INDICATION OF INJURY,0.0,0.0,0.0,0.0,0.0,1.0,0.0,14,4,5,41.9945028073,-87.6728478932,POINT (-87.672847893182 41.994502807284)
bd1a7a0b391f7da380a0148021f8c5442dfac83d139e621a1bf0cb7d9226eda00389a7bcdcac2d268371ddf4e385b5752d1350a4a0114503f8b6f0964c95e98c,,09/03/2023 05:23:00 AM,15,NO CONTROLS,NO CONTROLS,CLEAR,DUSK,PARKED MOTOR VEHICLE,NOT DIVIDED,,STRAIGHT AND LEVEL,DRY,NO DEFECTS,ON SCENE,NO INJURY / DRIVE AWAY,,,,$500 OR LESS,09/03/2023 06:45:00 PM,UNABLE TO DETERMINE,NOT APPLICABLE,1856,N,LOCKWOOD AVE,2532.0,,,,,,,2,NO INDICATION OF INJURY,0.0,0.0,0.0,0.0,0.0,2.0,0.0,5,1,9,41.9147540929,-87.7583402424,POINT (-87.758340242384 41.914754092908)
922e2fcbb264c1841df7a6e721165f39dda381504853eadc09b63a8a24253cae18d31e4b0e5d7e268da1daaf6c6f791f00145e34bccee6056160dfe801127fe0,,06/16/2021 02:00:00 PM,30,NO CONTROLS,NO CONTROLS,CLEAR,DAYLIGHT,REAR TO FRONT,NOT DIVIDED,,STRAIGHT AND LEVEL,DRY,NO DEFECTS,NOT ON SCENE (DESK REPORT),NO INJURY / DRIVE AWAY,,,Y,"OVER $1,500",06/16/2021 02:40:00 PM,IMPROPER BACKING,IMPROPER BACKING,2820,W,45TH ST,922.0,,,,,,,2,NO INDICATION OF INJURY,0.0,0.0,0.0,0.0,0.0,2.0,0.0,14,4,6,41.8120049462,-87.6952973909,POINT (-87.695297390923 41.812004946215)
929b207e38a11bfd8b87a46593531187e1e3948711f6799ec64ae63e73f4fba3d369ae590dc98869bc6f547ffbfe668bc4855a3ef476ccb68cbc9684aa3edcf9,Y,10/18/2017 06:00:00 PM,30,NO CONTROLS,NO CONTROLS,CLEAR,"DARKNESS, LIGHTED ROAD",PARKED MOTOR VEHICLE,NOT DIVIDED,,STRAIGHT AND LEVEL,DRY,UNKNOWN,NOT ON SCENE (DESK REPORT),NO INJURY / DRIVE AWAY,,,,"OVER $1,500",10/19/2017 11:00:00 AM,UNABLE TO DETERMINE,UNABLE TO DETERMINE,2600,N,DRAKE AVE,1412.0,,,,,,,2,NO INDICATION OF INJURY,0.0,0.0,0.0,0.0,0.0,1.0,0.0,18,4,10,41.9283598821,-87.7160142538,POINT (-87.716014253788 41.928359882108)
be26a7cba94f79e67ae2be3c3ec6eca64e51b01db7f10b0d732c9966df3bc420e794938b8e70734b609abbc71f4cac7757647cdca651218f6e7dc236bf5c9219,,09/21/2023 10:18:00 PM,30,NO CONTROLS,NO CONTROLS,CLEAR,DARKNESS,PARKED MOTOR VEHICLE,ONE-WAY,,STRAIGHT AND LEVEL,DRY,NO DEFECTS,NOT ON SCENE (DESK REPORT),NO INJURY / DRIVE AWAY,,,Y,"$501 - $1,500",09/21/2023 10:57:00 PM,UNABLE TO DETERMINE,UNABLE TO DETERMINE,2727,W,CONGRESS PKWY,1135.0,,,,,,,2,NO INDICATION OF INJURY,0.0,0.0,0.0,0.0,0.0,1.0,0.0,22,5,9,41.8747914716,-87.6946839512,POINT (-87.694683951228 41.874791471597)
3e4da74578d0e41775426df0b3dd7e0b2b26ce1a72f1970a79049892b740237b2e5d71006c423744293fce357ea0d028a4956e4c7bf120ecf4d467b2865a5559,,09/17/2022 04:30:00 AM,30,TRAFFIC SIGNAL,FUNCTIONING PROPERLY,CLEAR,"DARKNESS, LIGHTED ROAD",REAR END,NOT DIVIDED,,STRAIGHT AND LEVEL,DRY,NO DEFECTS,NOT ON SCENE (DESK REPORT),NO INJURY / DRIVE AWAY,,,Y,"OVER $1,500",09/17/2022 05:10:00 AM,FOLLOWING TOO CLOSELY,PHYSICAL CONDITION OF DRIVER,2800,W,47TH ST,922.0,,,,,,,2,NO INDICATION OF INJURY,0.0,0.0,0.0,0.0,0.0,2.0,0.0,4,7,9,41.8083895872,-87.6942693207,POINT (-87.694269320714 41.808389587198)
e8de33286f6c9a6a562fbcb1bac91941101bb404286f18ddcb9d87ceec83a8d29fba95f1d4fcdac78b8d4d6f9c96c423e8005db48675b34a9d4376329980dfb4,Y,03/01/2016 01:00:00 AM,30,NO CONTROLS,NO CONTROLS,RAIN,"DARKNESS, LIGHTED ROAD",PARKED MOTOR VEHICLE,PARKING LOT,1,STRAIGHT AND LEVEL,UNKNOWN,NO DEFECTS,NOT ON SCENE (DESK REPORT),NO INJURY / DRIVE AWAY,,,Y,"OVER $1,500",03/01/2016 10:20:00 AM,UNABLE TO DETERMINE,UNABLE TO DETERMINE,501,E,32ND ST,211.0,,,,,,,2,NO INDICATION OF INJURY,0.0,0.0,0.0,0.0,0.0,1.0,0.0,1,3,3,41.8359548859,-87.613350154,POINT (-87.61335015397 41.835954885923)
7ff0d9789f5d26b6766f47cdbb60e916a9387dcdf10fa691a6641392a042fab71b6a1d3afb7bb02561021982aa3fc9bfe900adc4f91cd35270b5645cb40f79a2,Y,03/10/2018 06:00:00 PM,20,NO CONTROLS,NO CONTROLS,CLEAR,DAYLIGHT,PARKED MOTOR VEHICLE,PARKING LOT,0,STRAIGHT AND LEVEL,DRY,NO DEFECTS,,NO INJURY / DRIVE AWAY,,,,"OVER $1,500",03/11/2018 08:10:00 PM,FAILING TO REDUCE SPEED TO AVOID CRASH,DRIVING SKILLS/KNOWLEDGE/EXPERIENCE,1548,W,95TH ST,2221.0,,,,,,,2,NO INDICATION OF INJURY,0.0,0.0,0.0,0.0,0.0,1.0,0.0,18,7,3,41.721330694,-87.6622593403,POINT (-87.662259340315 41.721330693976)
abe1ce044ebeba27b23a6d700b64d47a77a1bfdb6402b1cb95aa5e60f775e46afe6907d4115c5c32ad48cfa79754e55620781a5bb79c372ea56babd9920ae472,,11/04/2024 05:00:00 PM,40,NO CONTROLS,NO CONTROLS,CLEAR,DUSK,REAR END,DIVIDED - W/MEDIAN BARRIER,,STRAIGHT AND LEVEL,UNKNOWN,UNKNOWN,NOT ON SCENE (DESK REPORT),NO INJURY / DRIVE AWAY,,,Y,"OVER $1,500",11/04/2024 05:45:00 PM,UNABLE TO DETERMINE,NOT APPLICABLE,701,N,LAKE SHORE DR NB,1834.0,,,,,,,2,NO INDICATION OF INJURY,0.0,0.0,0.0,0.0,0.0,2.0,0.0,17,2,11,41.8951786579,-87.6153802903,POINT (-87.615380290346 41.895178657868)
9394195ecddfce1319c1ba91696df1cae6bfca49c2d2f760a2ce345d608006b3c1c5fed7fe0c535d9ab066bc1cce455572b8e71b3aea6eb72ceb20f796ccef03,,11/15/2016 03:45:00 PM,30,TRAFFIC SIGNAL,FUNCTIONING PROPERLY,CLEAR,DAYLIGHT,SIDESWIPE SAME DIRECTION,NOT DIVIDED,4,STRAIGHT AND LEVEL,DRY,NO DEFECTS,NOT ON SCENE (DESK REPORT),NO INJURY / DRIVE AWAY,,,,"OVER $1,500",11/15/2016 05:50:00 PM,NOT APPLICABLE,NOT APPLICABLE,1546,E,75TH ST,324.0,,,,,,,2,NO INDICATION OF INJURY,0.0,0.0,0.0,0.0,0.0,2.0,0.0,15,3,11,41.7588696764,-87.5866653475,POINT (-87.586665347523 41.75886967638)
93c537f7136eddf23215a2c3e733ab46f8a727a6ae6cd352f0bad2250608a4091c90c380c72bd830e0722e86962e7aa42fd473166f302365297ee735697c5ef9,,10/11/2025 11:20:00 AM,30,NO CONTROLS,NO CONTROLS,CLEAR,DAYLIGHT,PARKED MOTOR VEHICLE,NOT DIVIDED,,STRAIGHT AND LEVEL,DRY,NO DEFECTS,ON SCENE,INJURY AND / OR TOW DUE TO CRASH,,,,"OVER $1,500",10/11/2025 11:21:00 AM,IMPROPER LANE USAGE,UNABLE TO DETERMINE,3008,W,PRATT BLVD,2411.0,,,,,,,2,NO INDICATION OF INJURY,0.0,0.0,0.0,0.0,0.0,1.0,0.0,11,7,10,42.0048552679,-87.7049653922,POINT (-87.704965392206 42.004855267864)
5de14cc4371ead4800925c4a80f6e7233b07c839da2366ebf51df67fb3eeb768b7fe07f666cf1b8d1653562ca1f2a047dfe3f16e5eed44941e13f680ede2b674,,06/30/2018 07:30:00 AM,30,TRAFFIC SIGNAL,FUNCTIONING PROPERLY,CLEAR,DAYLIGHT,SIDESWIPE SAME DIRECTION,DIVIDED - W/MEDIAN (NOT RAISED),4,STRAIGHT AND LEVEL,DRY,NO DEFECTS,NOT ON SCENE (DESK REPORT),NO INJURY / DRIVE AWAY,,,,"OVER $1,500",06/30/2018 08:15:00 AM,IMPROPER LANE USAGE,IMPROPER LANE USAGE,3200,S,KEDZIE AVE,1032.0,,,,,,,2,NO INDICATION OF INJURY,0.0,0.0,0.0,0.0,0.0,2.0,0.0,7,7,6,41.8351780708,-87.7049085626,POINT (-87.704908562627 41.835178070832)
9de2cc4375d72dfc270a41925f37e2f4b8a981bc4cdf6a32f178838a0af5a0d8891e45073c851b0d5f2302ff295d65d03f269b7bf802de233eeff0b6fe2ec9ad,,11/08/2024 02:02:00 PM,30,NO CONTROLS,NO CONTROLS,CLEAR,DAYLIGHT,TURNING,DIVIDED - W/MEDIAN (NOT RAISED),,STRAIGHT AND LEVEL,DRY,NO DEFECTS,ON SCENE,INJURY AND / OR TOW DUE TO CRASH,,,,"OVER $1,500",11/08/2024 03:26:00 PM,FAILING TO YIELD RIGHT-OF-WAY,DRIVING SKILLS/KNOWLEDGE/EXPERIENCE,5659,W,NORTH AVE,2531.0,,,,,,,3,NONINCAPACITATING INJURY,2.0,0.0,0.0,1.0,1.0,0.0,0.0,14,6,11,41.9092331591,-87.7683077269,POINT (-87.768307726881 41.909233159141)
8b9e5f0dc1b9d82137d8d1cd22e1e979b31b167789e0036dc24efde6cd51a410f02282d58fca83db6258c93eb0838f1c52ff2cf21692039b18750ee5c95d98ce,,03/16/2023 05:00:00 PM,30,STOP SIGN/FLASHER,FUNCTIONING PROPERLY,CLEAR,DAYLIGHT,REAR END,DIVIDED - W/MEDIAN (NOT RAISED),,STRAIGHT AND LEVEL,DRY,NO DEFECTS,NOT ON SCENE (DESK REPORT),INJURY AND / OR TOW DUE TO CRASH,Y,,,$500 OR LESS,03/16/2023 05:25:00 PM,FOLLOWING TOO CLOSELY,UNABLE TO DETERMINE,5604,N,ELSTON AVE,1623.0,,,,,,,2,"REPORTED, NOT EVIDENT",1.0,0.0,0.0,0.0,1.0,1.0,0.0,17,5,3,41.9830376037,-87.7647646603,POINT (-87.764764660254 41.983037603676)
a1c1d2bcdd4d4587099dcec7e8d5a0bb65ac17b64dede5687022c021ca8f4291985a6dd923d12383380130d7e11936f73d4ee21b708f103c78eaa7377dbc73c1,,03/24/2024 09:45:00 AM,15,NO CONTROLS,NO CONTROLS,CLEAR,DAYLIGHT,REAR END,ALLEY,,STRAIGHT AND LEVEL,DRY,NO DEFECTS,ON SCENE,INJURY AND / OR TOW DUE TO CRASH,,,,"OVER $1,500",03/24/2024 09:45:00 AM,PHYSICAL CONDITION OF DRIVER,UNABLE TO DETERMINE,1300,N,WALLER AVE,2531.0,,,,,,,2,INCAPACITATING INJURY,3.0,0.0,1.0,2.0,0.0,1.0,0.0,9,1,3,41.9040060549,-87.7682950022,POINT (-87.768295002236 41.90400605487)
ccfb9ae2404f4e666585a781d8216ddb2fb27d1066c676ae9bdefe7a3f0b2b098dc3e7889cb140a55027b6dd2d894170a0039bf6bfc3d718e91727d781af41a2,,03/18/2021 02:15:00 PM,15,NO CONTROLS,NO CONTROLS,CLEAR,DAYLIGHT,PARKED MOTOR VEHICLE,PARKING LOT,,STRAIGHT AND LEVEL,DRY,NO DEFECTS,NOT ON SCENE (DESK REPORT),NO INJURY / DRIVE AWAY,,,,"$501 - $1,500",03/18/2021 06:00:00 PM,UNABLE TO DETERMINE,UNABLE TO DETERMINE,3551,N,CENTRAL AVE,1633.0,,,,,,,2,NO INDICATION OF INJURY,0.0,0.0,0.0,0.0,0.0,1.0,0.0,14,5,3,41.9455989871,-87.766599243,POINT (-87.766599242952 41.945598987088)
2edb80847d546e456bc5a470db4a2032727ef9e9ada1f3a9e5171487f029182fc272c7ace0d101815c4503aefecf2f84e5802a10d81561fdf6b0e14cdd32957d,,05/15/2019 01:45:00 PM,35,NO CONTROLS,NO CONTROLS,CLEAR,DAYLIGHT,PARKED MOTOR VEHICLE,DIVIDED - W/MEDIAN BARRIER,,STRAIGHT AND LEVEL,DRY,NO DEFECTS,ON SCENE,NO INJURY / DRIVE AWAY,,,Y,$500 OR LESS,05/15/2019 01:50:00 PM,UNABLE TO DETERMINE,NOT APPLICABLE,2553,W,79TH ST,835.0,,,,,,,2,NO INDICATION OF INJURY,0.0,0.0,0.0,0.0,0.0,1.0,0.0,13,4,5,41.749862453,-87.68732666,POINT (-87.687326660007 41.749862452973)