CRASH_RECORD_ID,CRASH_DATE_EST_I,CRASH_DATE,POSTED_SPEED_LIMIT,TRAFFIC_CONTROL_DEVICE,DEVICE_CONDITION,WEATHER_CONDITION,LIGHTING_CONDITION,FIRST_CRASH_TYPE,TRAFFICWAY_TYPE,LANE_CNT,ALIGNMENT,ROADWAY_SURFACE_COND,ROAD_DEFECT,REPORT_TYPE,CRASH_TYPE,INTERSECTION_RELATED_I,NOT_RIGHT_OF_WAY_I,HIT_AND_RUN_I,DAMAGE,DATE_POLICE_NOTIFIED,PRIM_CONTRIBUTORY_CAUSE,SEC_CONTRIBUTORY_CAUSE,STREET_NO,STREET_DIRECTION,STREET_NAME,BEAT_OF_OCCURRENCE,PHOTOS_TAKEN_I,STATEMENTS_TAKEN_I,DOORING_I,WORK_ZONE_I,WORK_ZONE_TYPE,WORKERS_PRESENT_I,NUM_UNITS,MOST_SEVERE_INJURY,INJURIES_TOTAL,INJURIES_FATAL,INJURIES_INCAPACITATING,INJURIES_NON_INCAPACITATING,INJURIES_REPORTED_NOT_EVIDENT,INJURIES_NO_INDICATION,INJURIES_UNKNOWN,CRASH_HOUR,CRASH_DAY_OF_WEEK,CRASH_MONTH,LATITUDE,LONGITUDE,LOCATION
ae930773712f1431c34669d3470a90735bfcc51156b396d2616db507f51d98d4eca3c63f05cca80017b20397b62ecd02041b226b96de5d45790fa55716dc0947,,01/19/2017 11:40:00 AM,20,NO CONTROLS,NO CONTROLS,CLEAR,DAYLIGHT,PARKED MOTOR VEHICLE,PARKING LOT,,STRAIGHT AND LEVEL,DRY,NO DEFECTS,NOT ON SCENE (DESK REPORT),NO INJURY / DRIVE AWAY,,Y,,"OVER $1,500",01/19/2017 12:59:00 PM,UNABLE TO DETERMINE,UNABLE TO DETERMINE,2859,W,THOMAS ST,1211.0,,,,,,,2,NO INDICATION OF INJURY,0.0,0.0,0.0,0.0,0.0,1.0,0.0,11,5,1,41.9009749214,-87.6992487456,POINT (-87.699248745641 41.900974921388)
dfaaf5a12ff5bd7b50f7195793986107fd3d09bf1a4b89c7d0b68903347fced550a498f10783b2c89e44215644dbe898f18f3de215eb2d57d194e71b3e88e6c4,,07/10/2021 01:59:00 PM,40,NO CONTROLS,NO CONTROLS,CLEAR,DAYLIGHT,SIDESWIPE SAME DIRECTION,RAMP,,STRAIGHT ON GRADE,DRY,NO DEFECTS,ON SCENE,NO INJURY / DRIVE AWAY,,,,"OVER $1,500",07/10/2021 01:59:00 PM,"OPERATING VEHICLE IN ERRATIC, RECKLESS, CARELESS, NEGLIGENT OR AGGRESSIVE MANNER",UNABLE TO DETERMINE,2400,N,LAKE SHORE DR SB,1935.0,,,,,,,2,NO INDICATION OF INJURY,0.0,0.0,0.0,0.0,0.0,4.0,0.0,13,7,7,41.9261607198,-87.6315146648,POINT (-87.631514664826 41.926160719812)
d063d19b51a1b70cdd2262b5b2a87d01faa944babb26b1bcdcda41abb3de04f6a710fc8c04453f410c017f8eeb5444ef7a123abf781d58d4935d0786522071c6,,07/23/2023 09:34:00 AM,35,TRAFFIC SIGNAL,FUNCTIONING PROPERLY,CLEAR,DAYLIGHT,ANGLE,FOUR WAY,,STRAIGHT AND LEVEL,DRY,NO DEFECTS,ON SCENE,INJURY AND / OR TOW DUE TO CRASH,Y,,,"OVER $1,500",07/23/2023 09:35:00 AM,DISREGARDING TRAFFIC SIGNALS,FAILING TO REDUCE SPEED TO AVOID CRASH,9901,S,HALSTED ST,2232.0,,,,,,,2,"REPORTED, NOT EVIDENT",2.0,0.0,0.0,0.0,2.0,3.0,0.0,9,1,7,41.7141256493,-87.6428525474,POINT (-87.642852547443 41.714125649277)
ab34cea4ca72a6702c79252f6b92f5596380596ce08395f35fc937d29808fed26678bafb7678f7095eb8fda6129f93316ff92ac29017c8dbf4a5c838a81562f0,,02/09/2020 12:03:00 AM,30,TRAFFIC SIGNAL,FUNCTIONING PROPERLY,CLEAR,"DARKNESS, LIGHTED ROAD",ANGLE,NOT DIVIDED,,STRAIGHT AND LEVEL,DRY,NO DEFECTS,NOT ON SCENE (DESK REPORT),INJURY AND / OR TOW DUE TO CRASH,Y,,Y,"OVER $1,500",02/09/2020 12:05:00 AM,UNABLE TO DETERMINE,NOT APPLICABLE,3300,W,16TH ST,1021.0,,,,,,,2,NO INDICATION OF INJURY,0.0,0.0,0.0,0.0,0.0,2.0,0.0,0,1,2,41.8591619845,-87.7079559694,POINT (-87.707955969431 41.859161984484)
b077492eecd0168d11ba23f95e099b450f28d4d387cde557a1eaa4f53ec2b5397c2a13a676edf5381d76927ed2cb27233e39ff635ad5fdf1a6fc64f4799c0b34,Y,05/29/2021 04:00:00 AM,30,NO CONTROLS,NO CONTROLS,CLEAR,"DARKNESS, LIGHTED ROAD",PARKED MOTOR VEHICLE,DIVIDED - W/MEDIAN BARRIER,,STRAIGHT AND LEVEL,DRY,NO DEFECTS,NOT ON SCENE (DESK REPORT),INJURY AND / OR TOW DUE TO CRASH,,,Y,"OVER $1,500",06/01/2021 03:56:00 PM,DRIVING ON WRONG SIDE/WRONG WAY,UNABLE TO DETERMINE,6130,N,CLARK ST,2433.0,,,,,,,2,NO INDICATION OF INJURY,0.0,0.0,0.0,0.0,0.0,1.0,0.0,4,7,5,41.993550357,-87.6702792537,POINT (-87.670279253728 41.993550356995)
ecddc270ca9eca91e93311d6eb18350a533a4375641f2aa46d6cd4070c22ba4a1dfe7ed898689aa141f3f85d84d9c8702f9c9dc6abb49b0fbf1a51993df72141,,11/22/2017 09:50:00 AM,30,NO CONTROLS,NO CONTROLS,CLEAR,DAYLIGHT,SIDESWIPE SAME DIRECTION,NOT DIVIDED,2,STRAIGHT AND LEVEL,DRY,NO DEFECTS,ON SCENE,INJURY AND / OR TOW DUE TO CRASH,,,,"OVER $1,500",11/22/2017 10:05:00 AM,DRIVING SKILLS/KNOWLEDGE/EXPERIENCE,UNABLE TO DETERMINE,3857,W,ROOSEVELT RD,1011.0,,,,,,,2,NO INDICATION OF INJURY,0.0,0.0,0.0,0.0,0.0,2.0,0.0,9,4,11,41.8660991559,-87.7224888857,POINT (-87.722488885715 41.866099155882)
884edf98fd4925c725705b6b890b8006730b4e97de4998e5848843fee199440d957e2b840fd33ce6643dc3144f5764841472cb477fa3b350e7a093dfed9aead1,Y,01/08/2024 05:00:00 AM,15,NO CONTROLS,NO CONTROLS,UNKNOWN,UNKNOWN,PARKED MOTOR VEHICLE,ONE-WAY,,STRAIGHT AND LEVEL,UNKNOWN,UNKNOWN,ON SCENE,NO INJURY / DRIVE AWAY,,,Y,"$501 - $1,500",01/08/2024 05:50:00 AM,UNABLE TO DETERMINE,NOT APPLICABLE,7014,S,EUCLID AVE,332.0,,,,,,,2,NO INDICATION OF INJURY,0.0,0.0,0.0,0.0,0.0,1.0,0.0,5,2,1,41.7675217465,-87.5777092444,POINT (-87.577709244421 41.76752174653)
91f149a10a4c3fe31fe4bdd0d8ca184a3d61287fdb38106ff9e9ea1c828cb3319efe34612b6a800f6e64e2dde269477981313de1f3414b8d1a868a0f463f7c91,,12/28/2023 12:50:00 PM,30,NO CONTROLS,NO CONTROLS,RAIN,DAYLIGHT,REAR END,NOT DIVIDED,,STRAIGHT AND LEVEL,WET,NO DEFECTS,NOT ON SCENE (DESK REPORT),INJURY AND / OR TOW DUE TO CRASH,,,,"OVER $1,500",12/29/2023 12:00:00 PM,UNABLE TO DETERMINE,NOT APPLICABLE,2191,S,MARSHFIELD AVE,1234.0,,,,,,,2,NO INDICATION OF INJURY,0.0,0.0,0.0,0.0,0.0,2.0,0.0,12,5,12,,,
df4f108de8b5b0b5121abaf0d2c0c9604a3fbfa01ab626a920730ee4e1c9d5553d28f454ca23450bbc675accaa244b4bebecde92b241d4820d983ab2bf87b904,,12/22/2023 12:30:00 PM,30,NO CONTROLS,NO CONTROLS,CLOUDY/OVERCAST,DAYLIGHT,SIDESWIPE SAME DIRECTION,DIVIDED - W/MEDIAN (NOT RAISED),,STRAIGHT AND LEVEL,DRY,NO DEFECTS,NOT ON SCENE (DESK REPORT),NO INJURY / DRIVE AWAY,Y,,Y,"OVER $1,500",12/22/2023 02:50:00 PM,UNABLE TO DETERMINE,NOT APPLICABLE,10400,S,HALSTED ST,2233.0,,,,,,,2,NO INDICATION OF INJURY,0.0,0.0,0.0,0.0,0.0,2.0,0.0,12,6,12,41.7050015457,-87.6429209365,POINT (-87.642920936522 41.705001545737)
bc8999cad83f958ffc14d73b4daf74873690089e6a7bfbccd86eaddcf0b7e383241b8cb8771c5b60674e06a9d122c39c4ed075d2ea079871f3a8e1bfb904e67b,,01/28/2025 07:40:00 AM,25,UNKNOWN,UNKNOWN,CLEAR,DAYLIGHT,TURNING,NOT DIVIDED,,STRAIGHT AND LEVEL,DRY,UNKNOWN,NOT ON SCENE (DESK REPORT),NO INJURY / DRIVE AWAY,,,,$500 OR LESS,01/28/2025 07:40:00 AM,FAILING TO YIELD RIGHT-OF-WAY,FOLLOWING TOO CLOSELY,1647,N,LA SALLE DR,1814.0,,,,,,,2,NO INDICATION OF INJURY,0.0,0.0,0.0,0.0,0.0,2.0,0.0,7,3,1,41.9125032395,-87.6330119329,POINT (-87.633011932875 41.912503239452)
ceb4de89301a320767e051c48096640a317da1d58bb01c036d7d1fa3129db41ec63aeb96c86baf2bebc74df81fb98accb4a54d980e835ed2f80be7a08c3b6229,,09/05/2016 11:30:00 AM,25,NO CONTROLS,NO CONTROLS,CLEAR,DAYLIGHT,PARKED MOTOR VEHICLE,ONE-WAY,4,STRAIGHT AND LEVEL,DRY,NO DEFECTS,NOT ON SCENE (DESK REPORT),NO INJURY / DRIVE AWAY,,,Y,"$501 - $1,500",09/05/2016 04:40:00 PM,UNABLE TO DETERMINE,UNABLE TO DETERMINE,3503,W,58TH PL,822.0,,,,,,,2,NO INDICATION OF INJURY,0.0,0.0,0.0,0.0,0.0,1.0,0.0,11,2,9,41.7869284198,-87.7109077852,POINT (-87.710907785205 41.786928419827)
93e873ad1679e632f7cbc2b3a1cb7b10278ca5444be2a5f8d4e315613068a639ccc8d688f82f17cdfa8a465a8627eccfa0cfaf032f2fba495022f51449006f58,,09/04/2018 08:00:00 AM,30,NO CONTROLS,NO CONTROLS,CLEAR,DAYLIGHT,FIXED OBJECT,ONE-WAY,,STRAIGHT AND LEVEL,DRY,NO DEFECTS,NOT ON SCENE (DESK REPORT),NO INJURY / DRIVE AWAY,,,,"OVER $1,500",09/04/2018 10:40:00 AM,NOT APPLICABLE,NOT APPLICABLE,2650,W,CONGRESS PKWY,1135.0,,,,,,,1,NO INDICATION OF INJURY,0.0,0.0,0.0,0.0,0.0,1.0,0.0,8,3,9,41.8750269416,-87.6933095283,POINT (-87.693309528286 41.875026941589)
975d80380111a496695f77e476ca471e3025543f4bc7597d81d4a831294ab8b638fb5ce13409978916966742c4c04f83a061ae584dd5cfc68b7f2a42bde82393,,10/20/2020 04:40:00 PM,30,NO CONTROLS,NO CONTROLS,CLEAR,DAYLIGHT,TURNING,NOT DIVIDED,,STRAIGHT AND LEVEL,DRY,NO DEFECTS,NOT ON SCENE (DESK REPORT),NO INJURY / DRIVE AWAY,,,,"OVER $1,500",10/20/2020 05:13:00 PM,FAILING TO YIELD RIGHT-OF-WAY,NOT APPLICABLE,6366,N,MILWAUKEE AVE,1611.0,,,,,,,2,NO INDICATION OF INJURY,0.0,0.0,0.0,0.0,0.0,2.0,0.0,16,3,10,41.9968118092,-87.7875466849,POINT (-87.787546684907 41.99681180921)
b54166c9d451f99f417c5e1f12633a2098475b262c0e2f7f6bdac98d7da90f4831c5b68846b5feb5822d1db99511608302258dde133984ea6e4e93df3bf6adb1,,09/07/2023 06:30:00 PM,10,UNKNOWN,NO CONTROLS,CLEAR,"DARKNESS, LIGHTED ROAD",PARKED MOTOR VEHICLE,PARKING LOT,,STRAIGHT AND LEVEL,DRY,NO DEFECTS,NOT ON SCENE (DESK REPORT),NO INJURY / DRIVE AWAY,,Y,Y,"OVER $1,500",09/07/2023 07:23:00 PM,UNABLE TO DETERMINE,NOT APPLICABLE,150,W,ROOSEVELT RD,123.0,,,,,,,2,NO INDICATION OF INJURY,0.0,0.0,0.0,0.0,0.0,1.0,0.0,18,5,9,41.8674527309,-87.6323342366,POINT (-87.632334236597 41.867452730876)
2cf728dfcde93dcbe19950602a4353f3a4618808aed6f4e23fc3527240a22fe454ab682796755a99f737bbbbdb1acb02a5d08a1e0be41b00e93b413316bd40d1,,10/14/2021 08:00:00 AM,30,NO CONTROLS,NO CONTROLS,UNKNOWN,UNKNOWN,PARKED MOTOR VEHICLE,ONE-WAY,,STRAIGHT AND LEVEL,UNKNOWN,UNKNOWN,NOT ON SCENE (DESK REPORT),NO INJURY / DRIVE AWAY,,,Y,"OVER $1,500",10/14/2021 01:40:00 PM,UNABLE TO DETERMINE,UNABLE TO DETERMINE,6119,N,FRANCISCO AVE,2413.0,,,,,,,2,NO INDICATION OF INJURY,0.0,0.0,0.0,0.0,0.0,1.0,0.0,8,5,10,41.9927585718,-87.701756597,POINT (-87.701756597019 41.992758571754)
f6696d50582eecab0612719746864a7d3e7dc4af0519f0cbbacc1fab6bc1d66e6f84e8aadce5c76b39c279eccb6f328cb23c9454f9beefaccf32f405ebe2d61f,Y,01/01/2019 10:15:00 AM,20,NO CONTROLS,NO CONTROLS,UNKNOWN,DAYLIGHT,PARKED MOTOR VEHICLE,NOT DIVIDED,,STRAIGHT AND LEVEL,UNKNOWN,NO DEFECTS,ON SCENE,NO INJURY / DRIVE AWAY,,,N,"OVER $1,500",01/02/2019 06:50:00 PM,IMPROPER OVERTAKING/PASSING,UNABLE TO DETERMINE,2359,W,JARVIS AVE,2411.0,,,,,,,2,NO INDICATION OF INJURY,0.0,0.0,0.0,0.0,0.0,1.0,0.0,10,3,1,42.0155535481,-87.6901508093,POINT (-87.690150809312 42.015553548096)
a40378f2f58fd83915aaf5cbb9adc2940f9bb07a39d359230cfb1d0791bdceba83e73457e99629f02f9f21950e7ac7db1f5ebbec45fc20afee39e0c2c1aae260,,10/19/2024 12:15:00 PM,10,NO CONTROLS,NO CONTROLS,CLEAR,DAYLIGHT,PARKED MOTOR VEHICLE,PARKING LOT,,STRAIGHT AND LEVEL,DRY,NO DEFECTS,ON SCENE,NO INJURY / DRIVE AWAY,,Y,,"OVER $1,500",10/19/2024 12:27:00 PM,NOT APPLICABLE,NOT APPLICABLE,5838,N,SHERIDAN RD,2022.0,,,,,,,2,NO INDICATION OF INJURY,0.0,0.0,0.0,0.0,0.0,1.0,0.0,12,7,10,41.9884680903,-87.6554850125,POINT (-87.655485012499 41.988468090343)
489d12ede2ec7210e0000b0b0a15b3b46a7efdb389487bff02f7ad3561988ccb83c069b3d80e05d90f38e5169078e2ec663678dd3b426d9dc25f5e21e34c376a,,08/11/2018 01:30:00 PM,0,UNKNOWN,UNKNOWN,CLEAR,DAYLIGHT,REAR END,DIVIDED - W/MEDIAN (NOT RAISED),4,STRAIGHT AND LEVEL,DRY,NO DEFECTS,NOT ON SCENE (DESK REPORT),NO INJURY / DRIVE AWAY,,,,"OVER $1,500",08/11/2018 03:35:00 PM,FOLLOWING TOO CLOSELY,UNABLE TO DETERMINE,5523,S,COTTAGE GROVE AVE,235.0,,,,,,,2,NO INDICATION OF INJURY,0.0,0.0,0.0,0.0,0.0,2.0,0.0,13,7,8,41.7942583938,-87.6060648459,POINT (-87.606064845905 41.794258393803)
2a2eab40b42d7178fded8d345b270b7a464525df621e94328aa48a81ea29bdb1a1268a6d2e45d0b47c03a772156ae1ae7769e9c7e32a7457af796c259b20c262,,05/25/2023 10:02:00 PM,30,UNKNOWN,UNKNOWN,UNKNOWN,UNKNOWN,PEDALCYCLIST,FOUR WAY,,STRAIGHT AND LEVEL,UNKNOWN,UNKNOWN,NOT ON SCENE (DESK REPORT),NO INJURY / DRIVE AWAY,Y,,,"$501 - $1,500",05/25/2023 10:30:00 PM,NOT APPLICABLE,NOT APPLICABLE,600,W,BELMONT AVE,1925.0,,,,,,,2,NO INDICATION OF INJURY,0.0,0.0,0.0,0.0,0.0,2.0,0.0,22,5,5,41.9401520755,-87.6445257003,POINT (-87.644525700326 41.94015207546)
04ba98b4edf2157c949530a10caf796ce29d2939aa8779473347f97bbf2d446b920af4d7b5524af4d828eb92bc224dece6e17ded9d78d79551228c2b83263e2e,,02/09/2018 10:18:00 PM,30,NO CONTROLS,NO CONTROLS,SNOW,"DARKNESS, LIGHTED ROAD",TURNING,NOT DIVIDED,2,STRAIGHT AND LEVEL,SNOW OR SLUSH,NO DEFECTS,ON SCENE,NO INJURY / DRIVE AWAY,Y,,,"OVER $1,500",02/09/2018 10:21:00 PM,IMPROPER OVERTAKING/PASSING,WEATHER,4300,W,JACKSON BLVD,1115.0,,Y,,,,,2,NO INDICATION OF INJURY,0.0,0.0,0.0,0.0,0.0,4.0,0.0,22,6,2,41.8771057566,-87.7330250092,POINT (-87.733025009199 41.877105756596)
d52541f62a2faf81cf7a6c985e2e93ea6ca5268edd8da12fd89af785fa40f5704158efe908eb5cf9eca64412c32294343b09c982d288ac76c8b8e5ce668604ea,,04/16/2025 05:46:00 PM,35,TRAFFIC SIGNAL,FUNCTIONING PROPERLY,CLEAR,DAYLIGHT,ANGLE,FOUR WAY,,STRAIGHT AND LEVEL,DRY,NO DEFECTS,,NO INJURY / DRIVE AWAY,Y,,,"$501 - $1,500",04/16/2025 05:47:00 PM,FAILING TO YIELD RIGHT-OF-WAY,NOT APPLICABLE,3500,S,DAMEN AVE,912.0,,Y,,,,,2,NO INDICATION OF INJURY,0.0,0.0,0.0,0.0,0.0,4.0,0.0,17,4,4,41.8302974337,-87.6754255228,POINT (-87.675425522752 41.830297433738)
1aacf00a897396a000441df09f7d6695559b6f5dcf9a9068344d575a3561b3f32b425bcb24b2a02eef5afb1dde4f5ec99d7036c526d25352b39e98296cfcaed9,,06/20/2022 05:30:00 PM,30,NO CONTROLS,NO CONTROLS,CLEAR,DAYLIGHT,ANGLE,NOT DIVIDED,,STRAIGHT AND LEVEL,DRY,NO DEFECTS,NOT ON SCENE (DESK REPORT),NO INJURY / DRIVE AWAY,,,,"$501 - $1,500",06/20/2022 05:50:00 PM,IMPROPER BACKING,NOT APPLICABLE,4749,N,SIMONDS DR,1914.0,Y,,,,,,2,NO INDICATION OF INJURY,0.0,0.0,0.0,0.0,0.0,2.0,0.0,17,2,6,41.9693189931,-87.6453975861,POINT (-87.645397586138 41.969318993066)
d212351f73346892da972d88fa959165751d050746ae10c473ba8c1c0e45ec7bebf51dfff856893e7efb28efbf5372b88d1d9169f9eecccc493930b9376133bc,Y,11/15/2021 03:00:00 PM,30,NO CONTROLS,NO CONTROLS,CLEAR,DAYLIGHT,PARKED MOTOR VEHICLE,ONE-WAY,,STRAIGHT AND LEVEL,DRY,NO DEFECTS,NOT ON SCENE (DESK REPORT),NO INJURY / DRIVE AWAY,,,Y,"$501 - $1,500",11/17/2021 05:30:00 PM,UNABLE TO DETERMINE,UNABLE TO DETERMINE,3986,N,AVONDALE AVE,1731.0,,,,,,,2,NO INDICATION OF INJURY,0.0,0.0,0.0,0.0,0.0,1.0,0.0,15,2,11,41.9534061493,-87.7321437618,POINT (-87.732143761774 41.953406149312)
de4bf6ce8630cf036a49b9aaa52eb7402a760a722a2ab8b87ef42daa545ebb0689a0560d1437451f9d18ba932e84c89dc67520c3ef98b8ebd3202e2b75bd5d91,,07/07/2025 11:00:00 PM,30,NO CONTROLS,NO CONTROLS,CLEAR,"DARKNESS, LIGHTED ROAD",TURNING,NOT DIVIDED,,STRAIGHT AND LEVEL,DRY,NO DEFECTS,NOT ON SCENE (DESK REPORT),NO INJURY / DRIVE AWAY,,,Y,"OVER $1,500",07/08/2025 05:50:00 PM,FAILING TO YIELD RIGHT-OF-WAY,UNABLE TO DETERMINE,4601,N,BROADWAY,1914.0,,,,,,,2,NO INDICATION OF INJURY,0.0,0.0,0.0,0.0,0.0,2.0,0.0,23,2,7,41.9655235084,-87.657390798,POINT (-87.657390797953 41.965523508419)
05a17a7a9c8a5e55d92157297f1ec4c2ba8b88141cec2ac3a61047f7447474d2081c59ec8e1d35fbd812f746f71427ba28b1e1c452316425e7b59673bee1f6a9,,06/22/2022 01:30:00 PM,30,TRAFFIC SIGNAL,UNKNOWN,CLEAR,DAYLIGHT,SIDESWIPE SAME DIRECTION,OTHER,,STRAIGHT AND LEVEL,UNKNOWN,NO DEFECTS,,NO INJURY / DRIVE AWAY,,,,"OVER $1,500",06/22/2022 03:00:00 PM,UNABLE TO DETERMINE,UNABLE TO DETERMINE,3951,N,ELSTON AVE,1732.0,,,,,,,2,NO INDICATION OF INJURY,0.0,0.0,0.0,0.0,0.0,3.0,0.0,13,4,6,41.9529723175,-87.7178804553,POINT (-87.717880455289 41.952972317497)
94d4121f55a4c072c88e9a14a12c9b692ce7182af37dd232778d183957421d0d7c49da8c6762240825097a7ffe2790a1953757c6f7390f1890807ad5faca2630,Y,03/10/2017 09:00:00 AM,10,NO CONTROLS,NO CONTROLS,CLEAR,DAYLIGHT,PARKED MOTOR VEHICLE,PARKING LOT,1,STRAIGHT AND LEVEL,DRY,NO DEFECTS,NOT ON SCENE (DESK REPORT),NO INJURY / DRIVE AWAY,,,Y,"OVER $1,500",03/10/2017 11:15:00 AM,IMPROPER BACKING,NOT APPLICABLE,3240,N,CENTRAL AVE,1633.0,,,,,,,2,NO INDICATION OF INJURY,0.0,0.0,0.0,0.0,0.0,1.0,0.0,9,6,3,41.9398247583,-87.7666904111,POINT (-87.766690411056 41.939824758254)
7f168a4380e6ab98380155795782fd2aedbcbd280f926479a726da189cbde1ee6ff125a79d0f1c0399e981d6f67c88ce14fa9737d6dbbf74a6fee5c9dc9232b7,,01/06/2017 09:00:00 PM,30,UNKNOWN,UNKNOWN,CLEAR,DARKNESS,PARKED MOTOR VEHICLE,NOT DIVIDED,,STRAIGHT AND LEVEL,UNKNOWN,UNKNOWN,NOT ON SCENE (DESK REPORT),NO INJURY / DRIVE AWAY,,,,"$501 - $1,500",01/07/2017 02:45:00 PM,UNABLE TO DETERMINE,UNABLE TO DETERMINE,1351,W,ADDISON ST,1924.0,,,,,,,2,NO INDICATION OF INJURY,0.0,0.0,0.0,0.0,0.0,1.0,0.0,21,6,1,41.9469642019,-87.6636616004,POINT (-87.663661600404 41.94696420187)
e98c0c520c4c944fd3e3be895bc927c052c49bcf89f813dbb887aca81443536027ef4fc21ff73989598a7985c236c34116483c82b56c5f228edb1ed628d41dea,,02/20/2018 07:35:00 AM,30,STOP SIGN/FLASHER,FUNCTIONING PROPERLY,RAIN,DAYLIGHT,TURNING,DIVIDED - W/MEDIAN (NOT RAISED),,STRAIGHT AND LEVEL,WET,NO DEFECTS,NOT ON SCENE (DESK REPORT),NO INJURY / DRIVE AWAY,,,,"OVER $1,500",02/20/2018 03:15:00 PM,FAILING TO YIELD RIGHT-OF-WAY,FAILING TO REDUCE SPEED TO AVOID CRASH,5100,N,MILWAUKEE AVE,1623.0,,,,,,,2,NO INDICATION OF INJURY,0.0,0.0,0.0,0.0,0.0,2.0,0.0,7,3,2,41.9729942182,-87.765516696,POINT (-87.765516696023 41.97299421819)
6c775d770a6af25d8a752311c51aa37096251f467b9186786b6db59c005a6ba95505bc42cefcf58585d685530f4b294b53d9e1ca5832a7944625b404ea9281cc,N,01/27/2022 09:30:00 AM,30,NO CONTROLS,NO CONTROLS,CLEAR,DAYLIGHT,TURNING,NOT DIVIDED,,STRAIGHT AND LEVEL,DRY,NO DEFECTS,NOT ON SCENE (DESK REPORT),NO INJURY / DRIVE AWAY,,,,"OVER $1,500",01/27/2022 04:22:00 PM,IMPROPER TURNING/NO SIGNAL,NOT APPLICABLE,1000,W,79TH ST,612.0,,,,,,,2,NO INDICATION OF INJURY,0.0,0.0,0.0,0.0,0.0,2.0,0.0,9,5,1,41.7506784647,-87.6489514311,POINT (-87.6489514311 41.750678464653)
14652ff8419a23a28a3d08c6940e211f0f4aaa1a7a5e0a8e1308ed602d523f3d24b92a670222fea971451c06f83d501a61519aaedc1cd29c498eeb51cc30f6ff,,04/12/2020 04:45:00 PM,30,NO CONTROLS,NO CONTROLS,CLOUDY/OVERCAST,DAYLIGHT,TURNING,PARKING LOT,,STRAIGHT AND LEVEL,DRY,NO DEFECTS,NOT ON SCENE (DESK REPORT),NO INJURY / DRIVE AWAY,,,,"$501 - $1,500",04/12/2020 05:00:00 PM,FAILING TO YIELD RIGHT-OF-WAY,FAILING TO YIELD RIGHT-OF-WAY,3611,E,106TH ST,432.0,,,,,,,2,NO INDICATION OF INJURY,0.0,0.0,0.0,0.0,0.0,2.0,0.0,16,1,4,41.7026266903,-87.5360147243,POINT (-87.53601472432 41.702626690343)
b21b16b1ef26ea8a93d97a2d768794cbd946bf9a3623f9f3b67357601f24b804a57a61aa9688ab40c07b3d9b1641f4edeae58a5c7c3fc6aab2b4e5d36f56ba98,,06/24/2025 12:18:00 AM,30,NO CONTROLS,NO CONTROLS,CLEAR,"DARKNESS, LIGHTED ROAD",PARKED MOTOR VEHICLE,NOT DIVIDED,,STRAIGHT AND LEVEL,DRY,NO DEFECTS,ON SCENE,NO INJURY / DRIVE AWAY,,,Y,"OVER $1,500",06/24/2025 12:19:00 AM,DRIVING SKILLS/KNOWLEDGE/EXPERIENCE,NOT APPLICABLE,918,W,35TH ST,913.0,,,,,,,2,NO INDICATION OF INJURY,0.0,0.0,0.0,0.0,0.0,1.0,0.0,0,3,6,41.8308165617,-87.6494353393,POINT (-87.649435339254 41.830816561693)
47443852edec13dd0542fdf8350a338320ad2f28c52e741c5c3c003c9f3210040fd6c285882dc82812aedf7864ddafad86aaa31355beab12b6ad24fb6c9fe72b,,11/27/2020 04:15:00 AM,30,STOP SIGN/FLASHER,FUNCTIONING PROPERLY,CLEAR,"DARKNESS, LIGHTED ROAD",TURNING,ONE-WAY,,STRAIGHT AND LEVEL,DRY,NO DEFECTS,ON SCENE,NO INJURY / DRIVE AWAY,Y,,,"OVER $1,500",11/27/2020 04:15:00 AM,FAILING TO YIELD RIGHT-OF-WAY,UNABLE TO DETERMINE,659,W,RANDOLPH ST,121.0,,,,,,,2,NO INDICATION OF INJURY,0.0,0.0,0.0,0.0,0.0,2.0,0.0,4,6,11,41.8843094488,-87.6450296622,POINT (-87.645029662249 41.884309448849)
4debf11ec652e2101cc07a2800247799379b0a2c299cfc7f3743e05079a52ef53646611dad7b17e92ad0b6fd73be9ee4b2d5e32e5b0d24c9f569d5ad32864527,,05/28/2023 03:31:00 PM,30,NO CONTROLS,NO CONTROLS,CLEAR,DAYLIGHT,REAR END,FOUR WAY,,STRAIGHT AND LEVEL,DRY,NO DEFECTS,ON SCENE,INJURY AND / OR TOW DUE TO CRASH,,,,"OVER $1,500",05/28/2023 03:35:00 PM,UNABLE TO DETERMINE,NOT APPLICABLE,3501,W,BRYN MAWR AVE,1712.0,,,,,,,2,NO INDICATION OF INJURY,0.0,0.0,0.0,0.0,0.0,2.0,0.0,15,1,5,41.9828622279,-87.7162359907,POINT (-87.716235990743 41.982862227887)
e7ecc3c6c9a0c4cd09dafa697958c67471c072d55381376821f104b20cfa0f7bada4adf03db27244c5d8904a4616faf6176d4fe9315758278148050794cc85d6,,07/30/2024 01:32:00 AM,30,TRAFFIC SIGNAL,FUNCTIONING PROPERLY,CLEAR,"DARKNESS, LIGHTED ROAD",FIXED OBJECT,FOUR WAY,,STRAIGHT AND LEVEL,DRY,NO DEFECTS,ON SCENE,INJURY AND / OR TOW DUE TO CRASH,,,,"OVER $1,500",07/30/2024 01:37:00 AM,PHYSICAL CONDITION OF DRIVER,NOT APPLICABLE,6703,S,INDIANA AVE,322.0,,,,,,,1,FATAL,1.0,1.0,0.0,0.0,0.0,0.0,0.0,1,3,7,41.7727291931,-87.6201534799,POINT (-87.620153479869 41.772729193088)