CRASH_RECORD_ID,CRASH_DATE_EST_I,CRASH_DATE,POSTED_SPEED_LIMIT,TRAFFIC_CONTROL_DEVICE,DEVICE_CONDITION,WEATHER_CONDITION,LIGHTING_CONDITION,FIRST_CRASH_TYPE,TRAFFICWAY_TYPE,LANE_CNT,ALIGNMENT,ROADWAY_SURFACE_COND,ROAD_DEFECT,REPORT_TYPE,CRASH_TYPE,INTERSECTION_RELATED_I,NOT_RIGHT_OF_WAY_I,HIT_AND_RUN_I,DAMAGE,DATE_POLICE_NOTIFIED,PRIM_CONTRIBUTORY_CAUSE,SEC_CONTRIBUTORY_CAUSE,STREET_NO,STREET_DIRECTION,STREET_NAME,BEAT_OF_OCCURRENCE,PHOTOS_TAKEN_I,STATEMENTS_TAKEN_I,DOORING_I,WORK_ZONE_I,WORK_ZONE_TYPE,WORKERS_PRESENT_I,NUM_UNITS,MOST_SEVERE_INJURY,INJURIES_TOTAL,INJURIES_FATAL,INJURIES_INCAPACITATING,INJURIES_NON_INCAPACITATING,INJURIES_REPORTED_NOT_EVIDENT,INJURIES_NO_INDICATION,INJURIES_UNKNOWN,CRASH_HOUR,CRASH_DAY_OF_WEEK,CRASH_MONTH,LATITUDE,LONGITUDE,LOCATION
c5d4b64b345f73642157599da7095d6e0b3fbafc6b01346c5dda0ea9294fd43ceb5d9a828db645da6d5ee513f8c647a5bbcfa497764ccb52c91eabde1a14c341,,12/10/2022 04:10:00 PM,30,UNKNOWN,UNKNOWN,UNKNOWN,UNKNOWN,SIDESWIPE SAME DIRECTION,ONE-WAY,,STRAIGHT AND LEVEL,UNKNOWN,UNKNOWN,NOT ON SCENE (DESK REPORT),NO INJURY / DRIVE AWAY,,,,"OVER $1,500",12/10/2022 06:00:00 PM,UNABLE TO DETERMINE,UNABLE TO DETERMINE,108,E,SUPERIOR ST,1833.0,,,,,,,2,NO INDICATION OF INJURY,0.0,0.0,0.0,0.0,0.0,2.0,0.0,16,7,12,41.8958396382,-87.6249881413,POINT (-87.624988141316 41.895839638207)
116c56a242eaec84c867da5d2750296676006554f55ec59a5da0b6330f2da587e433a9cd78ac96ec3ca461f60bdc5ebb323efb1054d830ae21c98e3a8817fe44,,09/22/2019 07:42:00 PM,35,NO CONTROLS,NO CONTROLS,RAIN,"DARKNESS, LIGHTED ROAD",REAR END,NOT DIVIDED,,STRAIGHT AND LEVEL,WET,NO DEFECTS,ON SCENE,INJURY AND / OR TOW DUE TO CRASH,,,,"OVER $1,500",09/22/2019 07:44:00 PM,"VISION OBSCURED (SIGNS, TREE LIMBS, BUILDINGS, ETC.)",WEATHER,6488,N,CALDWELL AVE,1621.0,,,,,,,2,"REPORTED, NOT EVIDENT",1.0,0.0,0.0,0.0,1.0,1.0,0.0,19,1,9,41.9988482596,-87.7703115565,POINT (-87.770311556481 41.998848259558)
ef23af361a7169071fcfdccdeb86fa55f5c9a90ea8f0ad59247ae625ce4802d6329c1e30c88ddf736521d132c252619651ed7333a458fa9d535a7a0550384307,,09/30/2019 04:15:00 PM,30,NO CONTROLS,NO CONTROLS,CLEAR,DAYLIGHT,SIDESWIPE SAME DIRECTION,NOT DIVIDED,,STRAIGHT AND LEVEL,DRY,NO DEFECTS,ON SCENE,NO INJURY / DRIVE AWAY,,,Y,"OVER $1,500",09/30/2019 04:21:00 PM,UNABLE TO DETERMINE,NOT APPLICABLE,5820,S,STATE ST,232.0,,,,,,,2,NO INDICATION OF INJURY,0.0,0.0,0.0,0.0,0.0,2.0,0.0,16,2,9,41.7885275131,-87.6256916459,POINT (-87.625691645897 41.788527513062)
3aed05d470c8bd501ab061cdf496c49936d80b57afc16e0765afd79865d0c5ebf6a8cac8fecaf3c0d5188ec5ad81f546282fedd23a9cc2dbb9815a19c5adadc4,,02/13/2016 11:00:00 PM,30,STOP SIGN/FLASHER,FUNCTIONING PROPERLY,CLEAR,"DARKNESS, LIGHTED ROAD",SIDESWIPE SAME DIRECTION,NOT DIVIDED,4,STRAIGHT AND LEVEL,DRY,NO DEFECTS,NOT ON SCENE (DESK REPORT),NO INJURY / DRIVE AWAY,,,N,"$501 - $1,500",02/14/2016 12:10:00 AM,IMPROPER LANE USAGE,UNABLE TO DETERMINE,5653,N,RIDGE AVE,2013.0,,,,,,,2,NO INDICATION OF INJURY,0.0,0.0,0.0,0.0,0.0,2.0,0.0,23,7,2,41.9848093496,-87.6617716342,POINT (-87.66177163419 41.984809349628)
e6a244f9125ed4c2eb60813432a15baedb7dc7e564f4b890833fcf1c1e787399203a34e95868c856af77a4fe4f5a3602ea4c9910c33f62ac21c7443316656310,,08/08/2020 05:30:00 PM,25,NO CONTROLS,NO CONTROLS,CLEAR,DAYLIGHT,PEDALCYCLIST,NOT DIVIDED,,STRAIGHT AND LEVEL,DRY,NO DEFECTS,ON SCENE,INJURY AND / OR TOW DUE TO CRASH,,,,"$501 - $1,500",08/08/2020 05:32:00 PM,FAILING TO YIELD RIGHT-OF-WAY,UNABLE TO DETERMINE,7601,W,ROSCOE ST,1631.0,,,N,,,,2,NONINCAPACITATING INJURY,1.0,0.0,0.0,1.0,0.0,1.0,0.0,17,7,8,41.9412412933,-87.816698115,POINT (-87.816698115017 41.941241293327)
85ed3fcc11b35ef3d07660556fba55f1092d8c3b267e940dde533a85d788fdd05cdd2400eb2d4d31a7737d6d60c970cf636c3a2852ec6d6e4516225612b45fa9,,05/13/2024 12:00:00 PM,35,NO CONTROLS,NO CONTROLS,CLEAR,DAYLIGHT,PARKED MOTOR VEHICLE,ONE-WAY,,STRAIGHT AND LEVEL,DRY,NO DEFECTS,NOT ON SCENE (DESK REPORT),NO INJURY / DRIVE AWAY,,,,"$501 - $1,500",05/13/2024 01:15:00 PM,IMPROPER BACKING,IMPROPER BACKING,1,S,STATE ST,112.0,,,,,,,2,NO INDICATION OF INJURY,0.0,0.0,0.0,0.0,0.0,1.0,0.0,12,2,5,41.8819951976,-87.6276472452,POINT (-87.62764724523 41.881995197635)
f2991ee234a5071cb6a1c07b5e874f890358400cab30edf29c95dadbd79bde27eb238a75fe8bdd52b20495b3ad166226b47ab23f9229d99181440fc390ec0660,Y,05/24/2022 05:00:00 AM,20,NO CONTROLS,NO CONTROLS,CLEAR,DAWN,PARKED MOTOR VEHICLE,ONE-WAY,,STRAIGHT AND LEVEL,OTHER,OTHER,ON SCENE,NO INJURY / DRIVE AWAY,,,Y,"OVER $1,500",05/24/2022 10:30:00 AM,UNABLE TO DETERMINE,UNABLE TO DETERMINE,704,S,CAMPBELL AVE,1135.0,,,,,,,2,NO INDICATION OF INJURY,0.0,0.0,0.0,0.0,0.0,1.0,0.0,5,3,5,41.8727912936,-87.6887798926,POINT (-87.688779892565 41.872791293559)
d2076b080c595b96cd8fa113e5eb0f8eeda09531928a1cb8c2d709a527ffe83295a9ed0d67f9487b9564988b806934ed15719c7d2a10487ce13a672b92765085,,02/11/2020 08:00:00 AM,30,NO CONTROLS,NO CONTROLS,CLEAR,DAYLIGHT,PARKED MOTOR VEHICLE,DIVIDED - W/MEDIAN (NOT RAISED),,STRAIGHT AND LEVEL,DRY,NO DEFECTS,NOT ON SCENE (DESK REPORT),NO INJURY / DRIVE AWAY,,,Y,"OVER $1,500",02/12/2020 12:00:00 PM,UNABLE TO DETERMINE,UNABLE TO DETERMINE,841,E,45TH ST,221.0,,,,,,,2,NO INDICATION OF INJURY,0.0,0.0,0.0,0.0,0.0,1.0,0.0,8,3,2,41.8130808137,-87.6049526039,POINT (-87.604952603945 41.813080813716)
df2ead34fa3268b454227d2a32afce3d820bb9794540dd1547b45960df60be034e3202b42a1be05c27116def46eca81169289ef07c62c6940b3ecce90c3e8d24,,08/28/2020 05:15:00 PM,30,NO CONTROLS,NO CONTROLS,CLEAR,DAYLIGHT,HEAD ON,NOT DIVIDED,,STRAIGHT AND LEVEL,DRY,NO DEFECTS,NOT ON SCENE (DESK REPORT),NO INJURY / DRIVE AWAY,,,Y,"$501 - $1,500",08/28/2020 07:48:00 PM,NOT APPLICABLE,NOT APPLICABLE,5700,S,ST LOUIS AVE,822.0,,,,,,,2,NO INDICATION OF INJURY,0.0,0.0,0.0,0.0,0.0,2.0,0.0,17,6,8,41.7897205544,-87.7109499662,POINT (-87.710949966177 41.789720554444)
26abc87025c43f7351e5cd776e0cb8435f526b91a11267caa27dc6f8185bf587a63870aaf79d2c5334a4a7dfb5168dd3f56c9bd96a1589517692aa516d8968e9,,12/16/2024 01:04:00 PM,30,NO CONTROLS,NO CONTROLS,CLEAR,DAYLIGHT,PARKED MOTOR VEHICLE,ONE-WAY,,STRAIGHT AND LEVEL,DRY,NO DEFECTS,ON SCENE,NO INJURY / DRIVE AWAY,,,,"OVER $1,500",12/16/2024 01:21:00 PM,UNABLE TO DETERMINE,NOT APPLICABLE,99,N,WABASH AVE,112.0,,,,,,,2,NO INDICATION OF INJURY,0.0,0.0,0.0,0.0,0.0,1.0,0.0,13,2,12,41.8831619321,-87.626084665,POINT (-87.626084664988 41.883161932058)
f808b769b72ef026c6a139ffde359b6604fab8609bf4d5af4c90febc46552a3daae415b6e67a6e6df87de9b9ae03193d117ff5a6b42ba4c18d495ab2151c4cb9,,03/06/2019 07:04:00 AM,35,NO CONTROLS,NO CONTROLS,CLEAR,DAYLIGHT,TURNING,DIVIDED - W/MEDIAN (NOT RAISED),2,STRAIGHT AND LEVEL,DRY,NO DEFECTS,ON SCENE,NO INJURY / DRIVE AWAY,,,,"OVER $1,500",03/06/2019 07:25:00 AM,"VISION OBSCURED (SIGNS, TREE LIMBS, BUILDINGS, ETC.)",NOT APPLICABLE,4050,W,115TH ST,2211.0,,,,,,,2,NO INDICATION OF INJURY,0.0,0.0,0.0,0.0,0.0,2.0,0.0,7,4,3,41.684044161,-87.7219628752,POINT (-87.721962875224 41.684044160978)
841e98d84a688e368669801a75b03436b18eed1b83fa2b385edb3a9c42b8cf82cd6b3a556afaf1101eb9a41e0a2a12f8ae606e95b13a057debf48f21cb252f8f,,06/19/2024 06:05:00 PM,30,STOP SIGN/FLASHER,FUNCTIONING PROPERLY,CLEAR,DAYLIGHT,REAR END,DIVIDED - W/MEDIAN (NOT RAISED),,STRAIGHT AND LEVEL,DRY,NO DEFECTS,NOT ON SCENE (DESK REPORT),NO INJURY / DRIVE AWAY,,,,"OVER $1,500",06/19/2024 06:21:00 PM,FOLLOWING TOO CLOSELY,NOT APPLICABLE,2658,S,CENTRAL PARK AVE,1032.0,,,,,,,2,NO INDICATION OF INJURY,0.0,0.0,0.0,0.0,0.0,2.0,0.0,18,4,6,41.8426421089,-87.7148882794,POINT (-87.714888279388 41.842642108893)
cafdf457534ecaa6f000d08615eb432d6eb942806af3ee27bf3f5882a9533326fa488b7f7a49153533e61ae1052d6ab2d06226614ed5c9026fff2d9424b26139,,02/09/2022 12:00:00 PM,30,OTHER,NO CONTROLS,CLEAR,DAYLIGHT,PARKED MOTOR VEHICLE,PARKING LOT,,STRAIGHT AND LEVEL,DRY,NO DEFECTS,NOT ON SCENE (DESK REPORT),NO INJURY / DRIVE AWAY,,,,"$501 - $1,500",02/10/2022 03:57:00 PM,UNABLE TO DETERMINE,NOT APPLICABLE,7131,S,STONY ISLAND AVE,324.0,,,,,,,2,NO INDICATION OF INJURY,0.0,0.0,0.0,0.0,0.0,1.0,0.0,12,4,2,41.7651032302,-87.5857486797,POINT (-87.585748679706 41.765103230214)
9dfcf240c35d4b17934bfd9b0b7ef39af2ff682dd83376bdf2042a1dde9520ddfdde4e1f74fd4544296b4c8f5e88c2d93aee6402f6fb0f802dfd56146af77a2f,,12/17/2018 02:30:00 PM,30,TRAFFIC SIGNAL,FUNCTIONING PROPERLY,CLEAR,DAYLIGHT,TURNING,NOT DIVIDED,2,STRAIGHT AND LEVEL,WET,NO DEFECTS,NOT ON SCENE (DESK REPORT),INJURY AND / OR TOW DUE TO CRASH,,,,"OVER $1,500",12/17/2018 04:30:00 PM,IMPROPER TURNING/NO SIGNAL,IMPROPER LANE USAGE,1502,S,PULASKI RD,1012.0,,,,,,,2,NONINCAPACITATING INJURY,1.0,0.0,0.0,1.0,0.0,1.0,0.0,14,2,12,41.8605444053,-87.7251509913,POINT (-87.725150991324 41.860544405287)
bc2f948d463eeb04588f5a4604c175071e790b79c6b44b35340d47697710c2a7a5fcb4c23d348b3441faeea4062a0204cf245fb2a59de59de9a54e5835d31514,,02/14/2020 08:57:00 PM,30,NO CONTROLS,NO CONTROLS,CLEAR,"DARKNESS, LIGHTED ROAD",SIDESWIPE SAME DIRECTION,NOT DIVIDED,,STRAIGHT AND LEVEL,DRY,NO DEFECTS,NOT ON SCENE (DESK REPORT),NO INJURY / DRIVE AWAY,,,,"OVER $1,500",02/15/2020 08:25:00 AM,UNABLE TO DETERMINE,NOT APPLICABLE,6006,N,SHERIDAN RD,2433.0,,,,,,,2,NO INDICATION OF INJURY,0.0,0.0,0.0,0.0,0.0,2.0,0.0,20,6,2,41.9912426387,-87.6555676329,POINT (-87.655567632854 41.991242638719)
bc623d97844316fd1baa8b11b064dd95f67071df5a25eb5deb6eb0ad86185d5ad02b327cefae81829d8ec2a972f49cc2adb53ed81fafe201b8b6582487ff0e1c,,01/19/2020 11:45:00 AM,30,TRAFFIC SIGNAL,NO CONTROLS,CLEAR,DAYLIGHT,ANGLE,NOT DIVIDED,,STRAIGHT AND LEVEL,DRY,NO DEFECTS,NOT ON SCENE (DESK REPORT),NO INJURY / DRIVE AWAY,,,,"OVER $1,500",01/19/2020 11:50:00 AM,FAILING TO YIELD RIGHT-OF-WAY,NOT APPLICABLE,8100,S,RACINE AVE,613.0,,,,,,,2,NO INDICATION OF INJURY,0.0,0.0,0.0,0.0,0.0,2.0,0.0,11,1,1,41.7467655361,-87.6537855649,POINT (-87.653785564942 41.746765536142)
5dfc65ebb4b90718ebe15c8bab2308e4000b8b7afdbdd8c70d23cf150601d1f246ce023a489a825e0d876cd222195b015c27f47d38e73ea794c612f93853e2fd,,09/11/2017 09:52:00 AM,20,NO CONTROLS,NO CONTROLS,CLEAR,DAYLIGHT,PARKED MOTOR VEHICLE,NOT DIVIDED,,STRAIGHT AND LEVEL,DRY,NO DEFECTS,ON SCENE,NO INJURY / DRIVE AWAY,,,,$500 OR LESS,09/11/2017 09:53:00 AM,IMPROPER BACKING,NOT APPLICABLE,5861,N,NATOMA AVE,1612.0,,,,,,,2,NO INDICATION OF INJURY,0.0,0.0,0.0,0.0,0.0,1.0,0.0,9,2,9,41.9881837102,-87.7946339998,POINT (-87.794633999832 41.98818371015)
53e18e33979078fab9726dacb710a29fd63d8dce4422d238e1885ade35043005f59b265f903ec84d6daa48b580814f663558e6edee33800b8bfc8b30717225b9,,07/30/2023 12:30:00 PM,30,NO CONTROLS,NO CONTROLS,CLEAR,DAYLIGHT,PARKED MOTOR VEHICLE,ONE-WAY,,STRAIGHT AND LEVEL,DRY,NO DEFECTS,,INJURY AND / OR TOW DUE TO CRASH,,,,"OVER $1,500",07/30/2023 12:35:00 PM,UNDER THE INFLUENCE OF ALCOHOL/DRUGS (USE WHEN ARREST IS EFFECTED),UNDER THE INFLUENCE OF ALCOHOL/DRUGS (USE WHEN ARREST IS EFFECTED),5632,S,SACRAMENTO AVE,824.0,,,,,,,5,NO INDICATION OF INJURY,0.0,0.0,0.0,0.0,0.0,1.0,0.0,12,1,7,41.7907875568,-87.6987464678,POINT (-87.698746467807 41.790787556811)
c5a507c28b12b52da7cd8b95be8d08a4227d9722fe47ac6566eb43e7eec427a0221def037ad324ef4e06257c72d38482a342768e0fbee72c65400bf8a55a2b68,,08/27/2025 06:52:00 PM,30,NO CONTROLS,NO CONTROLS,CLEAR,DUSK,SIDESWIPE OPPOSITE DIRECTION,NOT DIVIDED,,STRAIGHT AND LEVEL,DRY,NO DEFECTS,ON SCENE,NO INJURY / DRIVE AWAY,,,,"OVER $1,500",08/27/2025 06:54:00 PM,IMPROPER BACKING,UNABLE TO DETERMINE,4712,N,ROCKWELL ST,1911.0,,,,,,,2,NO INDICATION OF INJURY,0.0,0.0,0.0,0.0,0.0,2.0,0.0,18,4,8,41.9671624375,-87.6939024826,POINT (-87.693902482554 41.967162437463)
c980109eadf48913ee3fa24e3602d25937a28958959a5476f223bd27eca9ed2fe08784e6ad4781ae823dfae185493fd5edeb381e8dc6a060cfb78fbbb06d3b34,,07/03/2025 03:35:00 PM,30,NO CONTROLS,NO CONTROLS,CLEAR,DAYLIGHT,PEDALCYCLIST,T-INTERSECTION,,STRAIGHT AND LEVEL,DRY,NO DEFECTS,ON SCENE,INJURY AND / OR TOW DUE TO CRASH,Y,,,"$501 - $1,500",07/03/2025 03:43:00 PM,UNABLE TO DETERMINE,NOT APPLICABLE,878,N,WELLS ST,1823.0,,,,,,,2,NONINCAPACITATING INJURY,1.0,0.0,0.0,1.0,0.0,1.0,0.0,15,5,7,41.8989397542,-87.6344367837,POINT (-87.634436783688 41.898939754166)
4c725b5132afef6fab0c16b0a6042b69ecec6206df2f6eb2fa14340a9eb321eb58f7e79429d154b3035f8d5310fc5d9cfec0c6eee20d5b90fa29ddc4723533e4,,08/09/2025 05:53:00 PM,30,STOP SIGN/FLASHER,FUNCTIONING PROPERLY,CLEAR,DAYLIGHT,REAR END,FOUR WAY,,STRAIGHT AND LEVEL,DRY,NO DEFECTS,ON SCENE,NO INJURY / DRIVE AWAY,Y,,Y,"OVER $1,500",08/09/2025 05:55:00 PM,FOLLOWING TOO CLOSELY,NOT APPLICABLE,4900,S,WOLCOTT AVE,931.0,,,,,,,2,NO INDICATION OF INJURY,0.0,0.0,0.0,0.0,0.0,2.0,0.0,17,7,8,41.8048830624,-87.6723112867,POINT (-87.672311286728 41.804883062379)
5d1f145f2e57face054f9b3ec58b409ee2fae793694144dd68c9399dc753b923cc4ed2bde03e81a9ca89623db80a0255bb103a128156d0106275fb5f98416339,,09/02/2024 09:30:00 AM,30,NO CONTROLS,NO CONTROLS,CLEAR,DAYLIGHT,REAR TO SIDE,PARKING LOT,,STRAIGHT AND LEVEL,DRY,NO DEFECTS,NOT ON SCENE (DESK REPORT),NO INJURY / DRIVE AWAY,,,,"$501 - $1,500",09/02/2024 10:00:00 AM,UNABLE TO DETERMINE,UNABLE TO DETERMINE,4334,W,26TH ST,1013.0,,Y,,,,,2,NO INDICATION OF INJURY,0.0,0.0,0.0,0.0,0.0,2.0,0.0,9,2,9,41.8442494336,-87.732620605,POINT (-87.732620605015 41.844249433592)
c70b88b6a89fd452331b66da85c6e27687eb08e32db4d69d929a88e7011815a64e4073507cae5e2f8fdc54501e184ef72276216d4b902e5c850f80efce992cea,,11/08/2017 04:50:00 PM,30,NO CONTROLS,FUNCTIONING PROPERLY,CLEAR,"DARKNESS, LIGHTED ROAD",HEAD ON,NOT DIVIDED,0,STRAIGHT AND LEVEL,DRY,NO DEFECTS,NOT ON SCENE (DESK REPORT),NO INJURY / DRIVE AWAY,Y,,,"OVER $1,500",11/08/2017 05:50:00 PM,UNABLE TO DETERMINE,NOT APPLICABLE,3199,N,CENTRAL PARK AVE,1412.0,,,,,,,3,NO INDICATION OF INJURY,0.0,0.0,0.0,0.0,0.0,3.0,0.0,16,4,11,41.9391287034,-87.7172482025,POINT (-87.717248202469 41.939128703361)
8687d29856b409c061155314883e1b47e82672b5ca37a3732e5a01ae60c78de1e0750014559b73aef38e805b8fede8b95d62b8f0c9d807cdfed05c00647fd8ff,,09/20/2019 08:03:00 PM,20,STOP SIGN/FLASHER,OTHER,CLEAR,"DARKNESS, LIGHTED ROAD",TURNING,T-INTERSECTION,,"CURVE, LEVEL",DRY,NO DEFECTS,ON SCENE,INJURY AND / OR TOW DUE TO CRASH,Y,,,"OVER $1,500",09/20/2019 08:07:00 PM,FAILING TO YIELD RIGHT-OF-WAY,NOT APPLICABLE,10000,W,OHARE ST,1651.0,,,,,,,2,"REPORTED, NOT EVIDENT",1.0,0.0,0.0,0.0,1.0,2.0,0.0,20,6,9,41.976201139,-87.9053091251,POINT (-87.905309125103 41.976201139024)
9bf9e91fa137a875672d3a1e45e7e2de43fd7a6d6c6f6410c37b769c3d9a85cc5ace7313b38d57841a4f2d6fafbadf46739f81d16b7357656fd9a54f35f652d1,,06/11/2022 01:30:00 AM,30,TRAFFIC SIGNAL,UNKNOWN,CLEAR,"DARKNESS, LIGHTED ROAD",REAR END,FOUR WAY,,STRAIGHT AND LEVEL,DRY,UNKNOWN,,INJURY AND / OR TOW DUE TO CRASH,,,Y,"OVER $1,500",06/11/2022 01:42:00 AM,FOLLOWING TOO CLOSELY,FOLLOWING TOO CLOSELY,1,S,LARAMIE AVE,1533.0,,,,,,,3,"REPORTED, NOT EVIDENT",3.0,0.0,0.0,0.0,3.0,3.0,0.0,1,7,6,41.8803248056,-87.7549183963,POINT (-87.754918396312 41.880324805598)
3c81fa8f313744fa75a87a19594e5b37f81952f19b67e5bf0a6e4f7cef532daa39642c2947289e0fc510e06e43c99c3a1404bfa6a71f8eddda90d29eaa0a7e24,,07/06/2021 08:15:00 AM,30,TRAFFIC SIGNAL,FUNCTIONING PROPERLY,CLEAR,DAYLIGHT,REAR END,FOUR WAY,,STRAIGHT AND LEVEL,DRY,NO DEFECTS,NOT ON SCENE (DESK REPORT),NO INJURY / DRIVE AWAY,Y,,,$500 OR LESS,07/06/2021 08:45:00 AM,FOLLOWING TOO CLOSELY,NOT APPLICABLE,4658,S,WESTERN AVE,922.0,,,,,,,2,NO INDICATION OF INJURY,0.0,0.0,0.0,0.0,0.0,2.0,0.0,8,3,7,41.8084697367,-87.6845733986,POINT (-87.684573398567 41.808469736745)
95319579178b5f127c70d3f87a112d82dc0fd21005d1af79dbb92cdd86edcbc90e3432164f8a54dd0ca9e7bf1c2bfee1afaf497f6769213de552356a6cbd8d77,,06/14/2020 05:00:00 PM,30,NO CONTROLS,NO CONTROLS,CLEAR,DAYLIGHT,PARKED MOTOR VEHICLE,ONE-WAY,,STRAIGHT AND LEVEL,DRY,UNKNOWN,ON SCENE,NO INJURY / DRIVE AWAY,,,Y,$500 OR LESS,06/15/2020 11:32:00 AM,IMPROPER BACKING,PHYSICAL CONDITION OF DRIVER,157,N,LOTUS AVE,1523.0,,,,,,,2,NO INDICATION OF INJURY,0.0,0.0,0.0,0.0,0.0,1.0,0.0,17,1,6,41.8839587297,-87.7615221939,POINT (-87.761522193909 41.883958729701)
bb50666626bd54a427406b44f0f0ebd6cf478a45541109ab4f0bb493c39e2e19fc3897cf3572c94cadee6f562913e3ecd080d94c772185d4429de83195b534ba,,11/17/2016 04:30:00 PM,30,NO CONTROLS,NO CONTROLS,CLEAR,DAYLIGHT,REAR END,DIVIDED - W/MEDIAN (NOT RAISED),4,STRAIGHT AND LEVEL,DRY,NO DEFECTS,NOT ON SCENE (DESK REPORT),NO INJURY / DRIVE AWAY,,,,"OVER $1,500",11/17/2016 05:45:00 PM,DRIVING SKILLS/KNOWLEDGE/EXPERIENCE,FAILING TO REDUCE SPEED TO AVOID CRASH,200,N,HALSTED ST,1214.0,,,,,,,2,NO INDICATION OF INJURY,0.0,0.0,0.0,0.0,0.0,2.0,0.0,16,5,11,41.8856896157,-87.6476217315,POINT (-87.647621731544 41.88568961566)
73e95e0d5d86b940d18d0449cd0d971974eca64867b3560ec54245fe4df6fd551b9e6a316ec7a4e85e072215d4e58cb753bd0aafa87eaf240e78ed6d83451995,,06/01/2023 01:30:00 PM,30,NO CONTROLS,UNKNOWN,UNKNOWN,UNKNOWN,TURNING,T-INTERSECTION,,STRAIGHT AND LEVEL,UNKNOWN,UNKNOWN,NOT ON SCENE (DESK REPORT),NO INJURY / DRIVE AWAY,Y,,,"OVER $1,500",06/01/2023 04:08:00 PM,FAILING TO YIELD RIGHT-OF-WAY,FOLLOWING TOO CLOSELY,1112,W,NORTH SHORE AVE,2432.0,,,,,,,2,NO INDICATION OF INJURY,0.0,0.0,0.0,0.0,0.0,2.0,0.0,13,5,6,42.0038156331,-87.6592709346,POINT (-87.659270934562 42.003815633135)
fffd47d54ee9d52c5b3c9bbf2aea3f211b1fa634e0c16e12d3e53e46721f59a261a64e4f0eba2ea171d1bf9d0b5e97f7a147488e2f6852a4f7fa146eb34541ec,,04/13/2023 02:00:00 PM,30,TRAFFIC SIGNAL,FUNCTIONING PROPERLY,CLEAR,DAYLIGHT,REAR END,NOT DIVIDED,,STRAIGHT AND LEVEL,DRY,NO DEFECTS,NOT ON SCENE (DESK REPORT),NO INJURY / DRIVE AWAY,,,,"OVER $1,500",04/17/2023 02:45:00 PM,UNABLE TO DETERMINE,NOT APPLICABLE,604,S,LARAMIE AVE,1522.0,,,,,,,2,NO INDICATION OF INJURY,0.0,0.0,0.0,0.0,0.0,3.0,0.0,14,5,4,41.8727682114,-87.7549499789,POINT (-87.754949978887 41.87276821137)
4655d1c7a3fcfddb6863aae1ac1bc7c3e5f80efef135dfd77d2cdda944d91e21f2fe407b04a739f56585b3fa9f8d4ad1ef1cf02271f0718bdecab43cad8860a2,,10/26/2017 06:35:00 AM,30,TRAFFIC SIGNAL,FUNCTIONING PROPERLY,CLEAR,DAYLIGHT,REAR END,DIVIDED - W/MEDIAN (NOT RAISED),,STRAIGHT AND LEVEL,DRY,NO DEFECTS,NOT ON SCENE (DESK REPORT),NO INJURY / DRIVE AWAY,,,,"OVER $1,500",10/26/2017 07:44:00 AM,UNABLE TO DETERMINE,UNABLE TO DETERMINE,7949,S,KEDZIE AVE,835.0,,,,,,,2,NO INDICATION OF INJURY,0.0,0.0,0.0,0.0,0.0,2.0,0.0,6,5,10,41.7482380412,-87.7022046635,POINT (-87.702204663531 41.748238041207)
380fd8329e7cb55a9ac0db244ebde7062f426c2b0270556db71f02e0ca41c3e9ce1d31c213843cc8fb4405bf18162b98e92d5d9af74b72fcb6b5d26eae7df077,,06/05/2018 07:10:00 PM,30,NO CONTROLS,NO CONTROLS,CLEAR,DAYLIGHT,REAR END,NOT DIVIDED,,STRAIGHT AND LEVEL,DRY,NO DEFECTS,NOT ON SCENE (DESK REPORT),NO INJURY / DRIVE AWAY,,,,"$501 - $1,500",06/05/2018 08:23:00 PM,UNABLE TO DETERMINE,NOT APPLICABLE,541,E,87TH ST,632.0,,,,,,,2,NO INDICATION OF INJURY,0.0,0.0,0.0,0.0,0.0,3.0,0.0,19,3,6,41.7364554739,-87.6104365071,POINT (-87.61043650713 41.736455473947)
0ac7dd6d2f9bde8adb9f870d32a93c3d3c04e79e9c2942aa0844a1028f9f8e7c80f8e4ae2385648007f60db542618e69c01bde42197a148c5ce609f6d96353d3,,10/31/2022 02:40:00 PM,30,STOP SIGN/FLASHER,FUNCTIONING PROPERLY,CLEAR,DAYLIGHT,ANGLE,FOUR WAY,,STRAIGHT AND LEVEL,DRY,NO DEFECTS,NOT ON SCENE (DESK REPORT),NO INJURY / DRIVE AWAY,,,,"$501 - $1,500",11/02/2022 09:20:00 AM,IMPROPER OVERTAKING/PASSING,UNABLE TO DETERMINE,9300,S,DR MARTIN LUTHER KING JR DR,633.0,,,,,,,2,NO INDICATION OF INJURY,0.0,0.0,0.0,0.0,0.0,2.0,0.0,14,2,10,41.7254499395,-87.6143812208,POINT (-87.614381220771 41.725449939459)
269a18c220740ee8ecfcf4208d0b53d89787d04004217fe4a7cce2889481d3ced048c7cd1e36972855f48441e820caabed35fa5dff3b485af77cfd092baea27a,,12/06/2017 03:46:00 PM,30,TRAFFIC SIGNAL,FUNCTIONING PROPERLY,CLEAR,DAYLIGHT,SIDESWIPE SAME DIRECTION,DIVIDED - W/MEDIAN (NOT RAISED),2,STRAIGHT AND LEVEL,DRY,UNKNOWN,,NO INJURY / DRIVE AWAY,,,,"$501 - $1,500",12/06/2017 04:10:00 PM,UNABLE TO DETERMINE,UNABLE TO DETERMINE,3960,W,PETERSON AVE,1711.0,,,,,,,2,NO INDICATION OF INJURY,0.0,0.0,0.0,0.0,0.0,2.0,0.0,15,4,12,41.990245669,-87.7286084122,POINT (-87.728608412236 41.990245668981)