CRASH_RECORD_ID,CRASH_DATE_EST_I,CRASH_DATE,POSTED_SPEED_LIMIT,TRAFFIC_CONTROL_DEVICE,DEVICE_CONDITION,WEATHER_CONDITION,LIGHTING_CONDITION,FIRST_CRASH_TYPE,TRAFFICWAY_TYPE,LANE_CNT,ALIGNMENT,ROADWAY_SURFACE_COND,ROAD_DEFECT,REPORT_TYPE,CRASH_TYPE,INTERSECTION_RELATED_I,NOT_RIGHT_OF_WAY_I,HIT_AND_RUN_I,DAMAGE,DATE_POLICE_NOTIFIED,PRIM_CONTRIBUTORY_CAUSE,SEC_CONTRIBUTORY_CAUSE,STREET_NO,STREET_DIRECTION,STREET_NAME,BEAT_OF_OCCURRENCE,PHOTOS_TAKEN_I,STATEMENTS_TAKEN_I,DOORING_I,WORK_ZONE_I,WORK_ZONE_TYPE,WORKERS_PRESENT_I,NUM_UNITS,MOST_SEVERE_INJURY,INJURIES_TOTAL,INJURIES_FATAL,INJURIES_INCAPACITATING,INJURIES_NON_INCAPACITATING,INJURIES_REPORTED_NOT_EVIDENT,INJURIES_NO_INDICATION,INJURIES_UNKNOWN,CRASH_HOUR,CRASH_DAY_OF_WEEK,CRASH_MONTH,LATITUDE,LONGITUDE,LOCATION
4f1436d5626d82e7f339d0178484d9b9469bd1c79cd809209be7947b98292f84e4995c120e884a828ae63a5cbb01483b0e9aed075a6f711a51e152839b49bebf,,02/24/2018 07:25:00 PM,25,STOP SIGN/FLASHER,FUNCTIONING PROPERLY,RAIN,"DARKNESS, LIGHTED ROAD",TURNING,NOT DIVIDED,2,STRAIGHT AND LEVEL,WET,NO DEFECTS,ON SCENE,INJURY AND / OR TOW DUE TO CRASH,Y,,,"OVER $1,500",02/24/2018 07:28:00 PM,"VISION OBSCURED (SIGNS, TREE LIMBS, BUILDINGS, ETC.)",WEATHER,3700,N,KEDZIE AVE,1733.0,,,,,,,2,NO INDICATION OF INJURY,0.0,0.0,0.0,0.0,0.0,2.0,0.0,19,7,2,41.9485414209,-87.708020179,POINT (-87.708020178996 41.948541420905)
c10a8b6338ca7d2711455ceb0f9a4ddd785627e8e815e9c3da2cd0bb19219516ec474fab7fc61c5fb3d1495d431b2902efc4d06aabe243c9296152db1c02266d,,07/20/2020 06:57:00 AM,25,NO CONTROLS,NO CONTROLS,CLEAR,DAYLIGHT,PARKED MOTOR VEHICLE,ONE-WAY,,STRAIGHT AND LEVEL,DRY,NO DEFECTS,ON SCENE,INJURY AND / OR TOW DUE TO CRASH,,,N,"OVER $1,500",07/20/2020 06:58:00 AM,DISTRACTION - FROM INSIDE VEHICLE,"OPERATING VEHICLE IN ERRATIC, RECKLESS, CARELESS, NEGLIGENT OR AGGRESSIVE MANNER",10601,S,WABASH AVE,512.0,,,,,,,2,"REPORTED, NOT EVIDENT",1.0,0.0,0.0,0.0,1.0,1.0,0.0,6,2,7,41.7015418959,-87.6220272177,POINT (-87.622027217736 41.701541895889)
4bf56ec2da7e9f97cb91c29973b6eeff7e96d94ce465ea2f6affcea6cef4a925c48afa424b97b46fa5980fcd601d2e86dfa7bac26efaee207bbb9c64499ce558,,11/25/2018 01:35:00 PM,30,STOP SIGN/FLASHER,FUNCTIONING PROPERLY,RAIN,DAYLIGHT,ANGLE,NOT DIVIDED,4,STRAIGHT ON GRADE,WET,NO DEFECTS,ON SCENE,INJURY AND / OR TOW DUE TO CRASH,Y,,Y,"OVER $1,500",11/25/2018 01:40:00 PM,FAILING TO YIELD RIGHT-OF-WAY,WEATHER,133,N,PULASKI RD,1122.0,,,,,,,2,NO INDICATION OF INJURY,0.0,0.0,0.0,0.0,0.0,2.0,0.0,13,1,11,41.8828827339,-87.7255836014,POINT (-87.725583601397 41.882882733935)
96659898adf85390118798bcc6b5a885d8e52354992b848c4e8c95459431f68f8260618dc25bee78f73db27e2639e1335516a11255acca1502f1652c2364d872,,10/26/2020 11:02:00 AM,30,NO CONTROLS,NO CONTROLS,SNOW,DAYLIGHT,TURNING,NOT DIVIDED,,STRAIGHT AND LEVEL,WET,NO DEFECTS,ON SCENE,INJURY AND / OR TOW DUE TO CRASH,,,,"OVER $1,500",10/26/2020 11:05:00 AM,IMPROPER TURNING/NO SIGNAL,WEATHER,1417,N,KOSTNER AVE,2534.0,,,,,,,2,NO INDICATION OF INJURY,0.0,0.0,0.0,0.0,0.0,2.0,0.0,11,2,10,41.9066788229,-87.7361074602,POINT (-87.736107460186 41.906678822907)
c19ee58d98029d71c52ff8115590506f5bcc05d6194d336b9909a6804b9e4c06c5324d479b8f49fb9b03701e913a1b167efc5232c0444db5f865bf075d9dd0ac,,01/09/2024 04:00:00 PM,25,UNKNOWN,FUNCTIONING PROPERLY,SNOW,DAYLIGHT,SIDESWIPE SAME DIRECTION,NOT DIVIDED,,STRAIGHT AND LEVEL,SNOW OR SLUSH,NO DEFECTS,ON SCENE,NO INJURY / DRIVE AWAY,,,Y,$500 OR LESS,01/09/2024 04:05:00 PM,UNABLE TO DETERMINE,UNABLE TO DETERMINE,746,W,103RD ST,2232.0,,,,,,,2,NO INDICATION OF INJURY,0.0,0.0,0.0,0.0,0.0,2.0,0.0,16,3,1,41.7070328316,-87.6422702094,POINT (-87.642270209362 41.70703283158)
00eb9b779433d89ef67be9b4147df75d82af2f386d3752abe90ccc40af3f43b40ab73790a7788fd843545a16f663e3eb9adf4a090d0e5af3aa320eba1d5bb263,,12/13/2016 12:00:00 AM,30,NO CONTROLS,FUNCTIONING PROPERLY,CLEAR,DARKNESS,SIDESWIPE SAME DIRECTION,DIVIDED - W/MEDIAN (NOT RAISED),4,"CURVE, LEVEL",DRY,NO DEFECTS,NOT ON SCENE (DESK REPORT),NO INJURY / DRIVE AWAY,,,,"OVER $1,500",12/13/2016 12:20:00 AM,UNABLE TO DETERMINE,UNABLE TO DETERMINE,7736,N,SHERIDAN RD,2422.0,,,,,,,2,NO INDICATION OF INJURY,0.0,0.0,0.0,0.0,0.0,2.0,0.0,0,3,12,42.0223124248,-87.6669801889,POINT (-87.666980188891 42.022312424809)
6346bb371a7578badb0a5204f5c7a849ddbfbe3ec276ceb6d3dbf66e124cba9f339c10e70109a24d1ad10d3832e022bb768d701dd655861752bdde76177b7f75,,06/26/2021 07:28:00 PM,20,NO CONTROLS,NO CONTROLS,RAIN,DUSK,ANGLE,ALLEY,,STRAIGHT AND LEVEL,DRY,NO DEFECTS,NOT ON SCENE (DESK REPORT),NO INJURY / DRIVE AWAY,,,,"$501 - $1,500",06/26/2021 08:56:00 PM,NOT APPLICABLE,NOT APPLICABLE,5542,S,HOMAN AVE,822.0,,,,,,,2,NO INDICATION OF INJURY,0.0,0.0,0.0,0.0,0.0,3.0,0.0,19,7,6,41.7921643682,-87.7085681541,POINT (-87.708568154132 41.792164368177)
a3b37cb66ab2d07883f7895a59cb95c7b8bdef3804cfd20cdbfa37ce10c18c30e1521df112d32038b78309cf46085403a4e9b44bf15e9c304a7ac5718cf9c6e5,Y,04/29/2018 09:30:00 AM,30,STOP SIGN/FLASHER,NO CONTROLS,CLEAR,DAYLIGHT,FIXED OBJECT,NOT DIVIDED,,STRAIGHT AND LEVEL,DRY,NO DEFECTS,NOT ON SCENE (DESK REPORT),NO INJURY / DRIVE AWAY,Y,,,"$501 - $1,500",04/30/2018 01:40:00 PM,FAILING TO YIELD RIGHT-OF-WAY,NOT APPLICABLE,2151,W,DEVON AVE,2413.0,,,,,,,1,NO INDICATION OF INJURY,0.0,0.0,0.0,0.0,0.0,1.0,0.0,9,1,4,41.9977097531,-87.6846100286,POINT (-87.684610028567 41.997709753074)
d9470b60bf977234ca84e3b754d95e5451db598f89bbbd31cac3ad4a4d4aeca6b71c537de5698e099347ac025970ef841a35db520602bc3acc29bfa55361f1f3,,06/15/2019 07:00:00 PM,30,TRAFFIC SIGNAL,FUNCTIONING PROPERLY,CLEAR,DAYLIGHT,TURNING,FOUR WAY,,STRAIGHT AND LEVEL,DRY,NO DEFECTS,NOT ON SCENE (DESK REPORT),NO INJURY / DRIVE AWAY,Y,,,"OVER $1,500",06/16/2019 01:39:00 AM,IMPROPER TURNING/NO SIGNAL,NOT APPLICABLE,544,N,CLARK ST,1831.0,,,,,,,2,NO INDICATION OF INJURY,0.0,0.0,0.0,0.0,0.0,2.0,0.0,19,7,6,41.8921384207,-87.6312872649,POINT (-87.631287264889 41.892138420746)
d1c77d97b8e769b58ab0e03cdadcabdf89c2bab1d092eab236c195bb0916e6ac64b6368ec7cc1f520e2cd93d0c353dc10897adb4fe00ea20b7c377b8c529311c,,12/15/2017 10:45:00 AM,30,NO CONTROLS,NO CONTROLS,CLEAR,DAYLIGHT,TURNING,NOT DIVIDED,2,STRAIGHT AND LEVEL,DRY,NO DEFECTS,NOT ON SCENE (DESK REPORT),NO INJURY / DRIVE AWAY,,,,"$501 - $1,500",12/22/2017 12:12:00 PM,IMPROPER OVERTAKING/PASSING,UNABLE TO DETERMINE,1048,E,72ND ST,324.0,,,,,,,2,NO INDICATION OF INJURY,0.0,0.0,0.0,0.0,0.0,2.0,0.0,10,6,12,41.7642398361,-87.5987098751,POINT (-87.598709875066 41.764239836064)
f0a740486c21b2a643eafa75b90ed84b6906cb9f5da0d7ce241af84964789b1201fe831c6ffae18580c1ee46356e44ad05ae6fb41b624fdfd7fd18d3bed326a3,,06/12/2018 03:45:00 PM,30,TRAFFIC SIGNAL,FUNCTIONING PROPERLY,CLEAR,DAYLIGHT,SIDESWIPE SAME DIRECTION,DIVIDED - W/MEDIAN (NOT RAISED),2,STRAIGHT AND LEVEL,DRY,UNKNOWN,NOT ON SCENE (DESK REPORT),INJURY AND / OR TOW DUE TO CRASH,Y,,,"OVER $1,500",06/12/2018 04:05:00 PM,UNABLE TO DETERMINE,UNABLE TO DETERMINE,2800,N,CLYBOURN AVE,1931.0,,,,,,,2,"REPORTED, NOT EVIDENT",1.0,0.0,0.0,0.0,1.0,1.0,0.0,15,3,6,41.9322970111,-87.6783610875,POINT (-87.678361087495 41.932297011088)
d2d10bf315074a0861620292a84bccea5c8002caf3994cf59ed73f4efc3b1e04afb6d084a697ce76d1aec81eac0406f05b8bdc282ef0fd3400dcb1021a38ad36,,07/07/2022 07:50:00 AM,35,NO CONTROLS,NO CONTROLS,CLEAR,DAYLIGHT,FIXED OBJECT,DIVIDED - W/MEDIAN BARRIER,,STRAIGHT AND LEVEL,DRY,UNKNOWN,ON SCENE,NO INJURY / DRIVE AWAY,,,,"OVER $1,500",07/07/2022 07:55:00 AM,ROAD ENGINEERING/SURFACE/MARKING DEFECTS,UNABLE TO DETERMINE,9515,S,STONY ISLAND AVE,431.0,,,,,,,1,NO INDICATION OF INJURY,0.0,0.0,0.0,0.0,0.0,1.0,0.0,7,5,7,41.7217899675,-87.5849180404,POINT (-87.584918040409 41.721789967541)
89a5f598fc5d8dade845e250094850f293dd01735acb5b9d65abd6cb1ec11882fb9101a701e2cfb67559d1e03afd71da3ee898eecde95971a3af07dc9ab28edb,,03/01/2017 09:00:00 PM,30,NO CONTROLS,NO CONTROLS,SNOW,"DARKNESS, LIGHTED ROAD",PARKED MOTOR VEHICLE,DIVIDED - W/MEDIAN (NOT RAISED),,STRAIGHT AND LEVEL,WET,UNKNOWN,NOT ON SCENE (DESK REPORT),INJURY AND / OR TOW DUE TO CRASH,,,Y,"OVER $1,500",03/01/2017 11:00:00 PM,UNABLE TO DETERMINE,UNABLE TO DETERMINE,4200,W,DIVERSEY AVE,2523.0,,,,,,,3,NO INDICATION OF INJURY,0.0,0.0,0.0,0.0,0.0,1.0,0.0,21,4,3,41.9318422442,-87.7315640374,POINT (-87.73156403745 41.931842244193)
3538e41c69fb9b3b071c921089f7460fe656316825b21e16a14a2fb0b839648427cf6771e2d6dea19a229340c5d4582e2c2f69a63148397d968a56a051d8d254,,05/27/2025 06:30:00 PM,25,NO CONTROLS,NO CONTROLS,CLEAR,DAYLIGHT,PARKED MOTOR VEHICLE,DRIVEWAY,,STRAIGHT AND LEVEL,DRY,UNKNOWN,ON SCENE,NO INJURY / DRIVE AWAY,,,Y,"OVER $1,500",05/27/2025 07:53:00 PM,UNABLE TO DETERMINE,NOT APPLICABLE,1456,W,WOLFRAM ST,1932.0,,,,,,,2,NO INDICATION OF INJURY,0.0,0.0,0.0,0.0,0.0,1.0,0.0,18,3,5,41.9334617769,-87.6658240282,POINT (-87.665824028183 41.933461776899)
0edf940e72e2329669dbbebe8acfe483be1aa32bd0c7a711b8395ff29e2ea2e947ae535ab31e25eb9673994d4500837729cef2d59533f3d0f53dd6efc404d7fc,,05/10/2025 02:00:00 PM,30,TRAFFIC SIGNAL,FUNCTIONING PROPERLY,CLEAR,DAYLIGHT,ANGLE,FOUR WAY,,STRAIGHT AND LEVEL,DRY,NO DEFECTS,NOT ON SCENE (DESK REPORT),NO INJURY / DRIVE AWAY,,,Y,"OVER $1,500",05/10/2025 05:50:00 PM,IMPROPER OVERTAKING/PASSING,NOT APPLICABLE,7900,S,VINCENNES AVE,621.0,,,,,,,2,NO INDICATION OF INJURY,0.0,0.0,0.0,0.0,0.0,2.0,0.0,14,7,5,41.7507503867,-87.6343843454,POINT (-87.634384345423 41.750750386696)
9eb92e84d134bc1a1b24b1e98a60461424a176507106b2966b1e8155e95fb3353e341afaea6f965f59f056b42f8afd12b8fe964f86e2646e8e309c387eaf765c,,07/23/2025 08:50:00 AM,30,NO CONTROLS,NO CONTROLS,CLEAR,DAYLIGHT,TURNING,FOUR WAY,,STRAIGHT AND LEVEL,DRY,NO DEFECTS,ON SCENE,INJURY AND / OR TOW DUE TO CRASH,Y,,,"OVER $1,500",07/23/2025 08:55:00 AM,FAILING TO YIELD RIGHT-OF-WAY,NOT APPLICABLE,2438,W,LAKE ST,1222.0,,,,,,,2,NO INDICATION OF INJURY,0.0,0.0,0.0,0.0,0.0,2.0,0.0,8,4,7,41.8846927743,-87.6879679904,POINT (-87.687967990354 41.884692774288)
f89107ca8ddd6b1211a106604abfaf0190b170d6975c01df13c6388da51fb5cfe8a2007f406ccac79d9f3cfc4e3f6c4bd608c2c68e8a690d81411c7c33e7217d,,11/12/2025 07:00:00 AM,30,NO CONTROLS,NO CONTROLS,UNKNOWN,"DARKNESS, LIGHTED ROAD",PARKED MOTOR VEHICLE,NOT DIVIDED,,STRAIGHT AND LEVEL,UNKNOWN,UNKNOWN,NOT ON SCENE (DESK REPORT),NO INJURY / DRIVE AWAY,,,Y,"OVER $1,500",11/12/2025 07:00:00 PM,UNABLE TO DETERMINE,NOT APPLICABLE,1633,W,MADISON ST,1224.0,,,,,,,2,NO INDICATION OF INJURY,0.0,0.0,0.0,0.0,0.0,1.0,0.0,7,4,11,41.8813290607,-87.6680499009,POINT (-87.668049900896 41.881329060652)
f9f110829f4f07e4031ad8f93ebdfe0b5f3cbf07545ca2a1bc52326b7061d5415ac1579368781e3eb564474207fe0d8d230be10c0de0f75f501158b39ebd0be9,,10/27/2025 09:03:00 AM,30,NO CONTROLS,NO CONTROLS,CLEAR,DAYLIGHT,PARKED MOTOR VEHICLE,NOT DIVIDED,,STRAIGHT AND LEVEL,DRY,NO DEFECTS,ON SCENE,NO INJURY / DRIVE AWAY,,,,$500 OR LESS,10/27/2025 09:07:00 AM,UNABLE TO DETERMINE,NOT APPLICABLE,836,W,WELLINGTON AVE,1933.0,,,,,,,2,NO INDICATION OF INJURY,0.0,0.0,0.0,0.0,0.0,1.0,0.0,9,2,10,41.9364501676,-87.650552452,POINT (-87.650552452041 41.936450167582)
b3a81e42c0c32b27560c35528571da9589afa639ecb016c786b94fcd3d6a13ef6c641974bec7ab0e2e2f37f06016e7751f23359982429411bc3c6a9e869ab0f4,Y,05/16/2017 06:30:00 PM,30,NO CONTROLS,NO CONTROLS,CLEAR,DAYLIGHT,SIDESWIPE SAME DIRECTION,ONE-WAY,,STRAIGHT AND LEVEL,DRY,NO DEFECTS,NOT ON SCENE (DESK REPORT),NO INJURY / DRIVE AWAY,,,,"$501 - $1,500",05/16/2017 07:41:00 PM,FAILING TO YIELD RIGHT-OF-WAY,NOT APPLICABLE,108,E,SUPERIOR ST,1833.0,,,,,,,2,NO INDICATION OF INJURY,0.0,0.0,0.0,0.0,0.0,3.0,0.0,18,3,5,41.8958396382,-87.6249881413,POINT (-87.624988141316 41.895839638207)
2a2ccf3311d87745b9233d7007b05947781483c3ec4111efad06fa73b264bdc9bab5e60ce40ec6d4bf0bbdda1bdfcb79cef96fdb400fdb2ef510a72d3a497e16,,11/14/2021 10:07:00 AM,25,DELINEATORS,FUNCTIONING PROPERLY,CLOUDY/OVERCAST,DAYLIGHT,REAR TO REAR,DIVIDED - W/MEDIAN BARRIER,,"CURVE, LEVEL",WET,NO DEFECTS,ON SCENE,INJURY AND / OR TOW DUE TO CRASH,,,,"OVER $1,500",11/14/2021 10:07:00 AM,ROAD ENGINEERING/SURFACE/MARKING DEFECTS,WEATHER,1000,N,LAKE SHORE DR NB,1824.0,,,,,,,2,NONINCAPACITATING INJURY,2.0,0.0,0.0,2.0,0.0,0.0,0.0,10,1,11,41.9009589191,-87.6199281737,POINT (-87.619928173678 41.900958919109)
5a1537ff404816987d86d4cb5e303a413fdd0c2267c7db8fb3ca2859e313686ae72ea82a0c207335579c82534a735d491c7a5455fab69fb8c255c8193ac8229e,,10/24/2020 08:18:00 PM,30,UNKNOWN,UNKNOWN,CLEAR,"DARKNESS, LIGHTED ROAD",FIXED OBJECT,DIVIDED - W/MEDIAN (NOT RAISED),,STRAIGHT AND LEVEL,DRY,NO DEFECTS,ON SCENE,INJURY AND / OR TOW DUE TO CRASH,,,,"OVER $1,500",10/24/2020 08:28:00 PM,UNABLE TO DETERMINE,NOT APPLICABLE,11601,S,AVENUE O,433.0,,,,,,,1,NONINCAPACITATING INJURY,1.0,0.0,0.0,1.0,0.0,0.0,0.0,20,7,10,41.6844989233,-87.5399832173,POINT (-87.539983217336 41.684498923346)
de6ac99cd94d4a0367c248037bba029e3a999f2961c3c74aeed9927a244abbba9740d4530b466fad94f36a9ea0ad47055964dc42d9e7c2f44b74ba250ecb6aab,,07/06/2016 05:30:00 PM,30,NO CONTROLS,NO CONTROLS,CLEAR,DAYLIGHT,SIDESWIPE SAME DIRECTION,DIVIDED - W/MEDIAN (NOT RAISED),4,STRAIGHT AND LEVEL,DRY,NO DEFECTS,NOT ON SCENE (DESK REPORT),NO INJURY / DRIVE AWAY,,,,"OVER $1,500",07/07/2016 05:00:00 PM,DRIVING SKILLS/KNOWLEDGE/EXPERIENCE,IMPROPER OVERTAKING/PASSING,4800,S,CICERO AVE,814.0,,,,,,,2,NO INDICATION OF INJURY,0.0,0.0,0.0,0.0,0.0,2.0,0.0,17,4,7,41.8057070122,-87.7432520283,POINT (-87.743252028253 41.805707012223)
8741291a4527acb0644c38980ce5216a264c16f85945eb3dadbb80025920e91b55ea2b368d203297ecd7251bd511f5df672bcabcef97b3636db7d8f3d6e8597c,,05/11/2018 12:15:00 PM,30,NO CONTROLS,NO CONTROLS,CLEAR,DAYLIGHT,SIDESWIPE SAME DIRECTION,NOT DIVIDED,1,STRAIGHT AND LEVEL,DRY,NO DEFECTS,ON SCENE,NO INJURY / DRIVE AWAY,,,,"OVER $1,500",05/11/2018 12:30:00 PM,UNABLE TO DETERMINE,UNABLE TO DETERMINE,6219,N,LAWNDALE AVE,1711.0,,,,,,,2,NO INDICATION OF INJURY,0.0,0.0,0.0,0.0,0.0,2.0,0.0,12,6,5,41.9943127368,-87.7213067732,POINT (-87.721306773206 41.994312736784)
56d41e94bec416159121af5e5c977c36636fb419b8c16efcd15d8f2f57f6c0a5c27282ee09b42f2d76b63bd15a4e226cc79539f008822f8bf26ae2a7d12593a6,,03/26/2021 05:00:00 PM,30,NO CONTROLS,NO CONTROLS,CLEAR,DAYLIGHT,REAR END,NOT DIVIDED,,STRAIGHT AND LEVEL,DRY,NO DEFECTS,NOT ON SCENE (DESK REPORT),NO INJURY / DRIVE AWAY,,,,$500 OR LESS,03/26/2021 05:30:00 PM,UNABLE TO DETERMINE,UNABLE TO DETERMINE,5998,N,CICERO AVE,1621.0,,,,,,,2,NO INDICATION OF INJURY,0.0,0.0,0.0,0.0,0.0,2.0,0.0,17,6,3,41.9898417041,-87.7484731419,POINT (-87.748473141935 41.989841704087)
65fb42b9b2c4e43cc78fb3d601cec649dc6f70f60f4f29577076cc69fa54cc8757fd6d60c9fcca3405d272345a5dec58cb841052c014fb622d23785a97427d86,,10/12/2021 03:14:00 PM,30,TRAFFIC SIGNAL,NO CONTROLS,CLEAR,DAYLIGHT,TURNING,FOUR WAY,,STRAIGHT AND LEVEL,DRY,NO DEFECTS,ON SCENE,INJURY AND / OR TOW DUE TO CRASH,,N,,"$501 - $1,500",10/12/2021 03:36:00 PM,DISREGARDING TRAFFIC SIGNALS,EQUIPMENT - VEHICLE CONDITION,7101,S,PULASKI RD,833.0,,,,,,,2,NO INDICATION OF INJURY,0.0,0.0,0.0,0.0,0.0,3.0,0.0,15,3,10,41.7640120044,-87.7222059328,POINT (-87.7222059328 41.764012004448)
df556e97cddf8ca3278bc6c749f9c7bfc6097b466d70bad79135b3667d69923c3a8e0e08d6c158c3f7b636f33b2bf5a32413fd35deb3c24027040a56ae778ffe,,01/16/2023 12:50:00 PM,35,TRAFFIC SIGNAL,FUNCTIONING PROPERLY,RAIN,DAYLIGHT,ANGLE,DIVIDED - W/MEDIAN (NOT RAISED),,STRAIGHT AND LEVEL,WET,NO DEFECTS,NOT ON SCENE (DESK REPORT),INJURY AND / OR TOW DUE TO CRASH,Y,,,"OVER $1,500",01/16/2023 12:53:00 PM,NOT APPLICABLE,NOT APPLICABLE,820,W,87TH ST,613.0,,,,,,,2,NO INDICATION OF INJURY,0.0,0.0,0.0,0.0,0.0,2.0,0.0,12,2,1,41.7361695153,-87.6446195199,POINT (-87.644619519912 41.736169515335)
c7d96e38b3b37a51648699737a30ff0cb076eca2f64231c92707f828febaaa172d842a8abfbaa5b8e7f0bc0fbba347aa942398a19f7eda815c666e179adab368,,09/13/2021 12:00:00 PM,30,NO CONTROLS,NO CONTROLS,CLEAR,DAYLIGHT,PARKED MOTOR VEHICLE,ONE-WAY,,STRAIGHT AND LEVEL,DRY,NO DEFECTS,NOT ON SCENE (DESK REPORT),NO INJURY / DRIVE AWAY,,,,"$501 - $1,500",09/25/2021 08:48:00 AM,UNABLE TO DETERMINE,UNABLE TO DETERMINE,6635,S,CAMPBELL AVE,832.0,,,,,,,2,NO INDICATION OF INJURY,0.0,0.0,0.0,0.0,0.0,1.0,0.0,12,2,9,41.7727114061,-87.6857571225,POINT (-87.68575712254 41.772711406083)
0ebf7b04ca7b9d4edd44d4f623dded3d8d00b60712b7061631abb2fdce6d379b41efe88cbed073c4eec5f6133498c273e59b706670e7d41ed14ff8c88ef7b02d,,06/18/2020 02:35:00 PM,30,STOP SIGN/FLASHER,FUNCTIONING PROPERLY,CLEAR,DAYLIGHT,REAR END,NOT DIVIDED,,STRAIGHT AND LEVEL,DRY,NO DEFECTS,ON SCENE,NO INJURY / DRIVE AWAY,Y,,,"OVER $1,500",06/18/2020 04:00:00 PM,FOLLOWING TOO CLOSELY,NOT APPLICABLE,4300,W,SCHUBERT AVE,2524.0,,,,,,,2,NO INDICATION OF INJURY,0.0,0.0,0.0,0.0,0.0,2.0,0.0,14,5,6,41.9299775911,-87.7344141862,POINT (-87.73441418623 41.929977591103)
cfc900277e5305d9432092ae14daa3db44f8197093fbf5a6bf4a0cfac51b092f4200956227209bc63a16197adae8a26dc29e1229f5c043e5fc4c43626498de65,,01/21/2019 12:40:00 PM,30,NO CONTROLS,NO CONTROLS,SNOW,DAYLIGHT,SIDESWIPE OPPOSITE DIRECTION,NOT DIVIDED,,STRAIGHT AND LEVEL,SNOW OR SLUSH,UNKNOWN,NOT ON SCENE (DESK REPORT),NO INJURY / DRIVE AWAY,,,,"OVER $1,500",01/21/2019 01:30:00 PM,UNABLE TO DETERMINE,NOT APPLICABLE,5322,S,HARPER AVE,234.0,,,,,,,2,NO INDICATION OF INJURY,0.0,0.0,0.0,0.0,0.0,2.0,0.0,12,2,1,41.7988096509,-87.5892202485,POINT (-87.589220248458 41.798809650922)
d90889a81096871af6bb6b10cb62c1e3d2f4de46059c722c0f23948e6c415833d5bcfa5d0da402f5af8333c59edaa9be4d8678d9e2b0919aacb76ce6ce1b889d,,06/10/2025 04:45:00 PM,30,TRAFFIC SIGNAL,FUNCTIONING PROPERLY,CLEAR,DAYLIGHT,REAR END,NOT DIVIDED,,STRAIGHT AND LEVEL,DRY,NO DEFECTS,NOT ON SCENE (DESK REPORT),NO INJURY / DRIVE AWAY,,,,"OVER $1,500",06/10/2025 05:01:00 PM,FOLLOWING TOO CLOSELY,NOT APPLICABLE,7901,S,PULASKI RD,834.0,,,,,,,2,NO INDICATION OF INJURY,0.0,0.0,0.0,0.0,0.0,2.0,0.0,16,3,6,41.7493453428,-87.7217590501,POINT (-87.721759050076 41.749345342805)
024443bc19a2b16ee2d249a8c8e67d7b52b37505e093dc54f996dfe1fb29cb8905ff3145d9721103b0fc0bac0e38d1938c28e96983af9430ffd14eaa726267e2,,08/29/2020 01:03:00 AM,30,TRAFFIC SIGNAL,FUNCTIONING PROPERLY,CLEAR,"DARKNESS, LIGHTED ROAD",TURNING,NOT DIVIDED,,STRAIGHT AND LEVEL,DRY,NO DEFECTS,NOT ON SCENE (DESK REPORT),NO INJURY / DRIVE AWAY,Y,,Y,"OVER $1,500",08/30/2020 04:00:00 PM,UNABLE TO DETERMINE,NOT APPLICABLE,4400,N,CENTRAL AVE,1622.0,,,,,,,2,NO INDICATION OF INJURY,0.0,0.0,0.0,0.0,0.0,3.0,0.0,1,7,8,41.9605276405,-87.7673910923,POINT (-87.767391092331 41.960527640542)
1217edf36eb298b09c1a451af98b747a23696fe066a2ad34d5a9492effe1794afe31bac75c3e971c6b21056f7a5b70660c64fda12ab01af81273748e611bb767,,05/18/2019 05:10:00 PM,30,TRAFFIC SIGNAL,FUNCTIONING PROPERLY,CLEAR,DAYLIGHT,TURNING,FOUR WAY,,STRAIGHT AND LEVEL,WET,NO DEFECTS,ON SCENE,NO INJURY / DRIVE AWAY,Y,,,"$501 - $1,500",05/18/2019 05:16:00 PM,IMPROPER TURNING/NO SIGNAL,IMPROPER LANE USAGE,2400,N,LAKE SHORE DR SB,1935.0,,,,,,,2,NO INDICATION OF INJURY,0.0,0.0,0.0,0.0,0.0,3.0,0.0,17,7,5,41.9261607198,-87.6315146648,POINT (-87.631514664826 41.926160719812)
f578820b581ab14db416bbb96d89a6ea2a9aceccedcca45a2c71ccac4ed026f24b8b3f272c527ac8dcc8f3ec0a1aed1b9a869a74a9f7f2061afe831a64d597a3,,09/24/2024 12:15:00 PM,30,TRAFFIC SIGNAL,FUNCTIONING PROPERLY,RAIN,DAYLIGHT,ANGLE,NOT DIVIDED,,STRAIGHT AND LEVEL,WET,NO DEFECTS,NOT ON SCENE (DESK REPORT),NO INJURY / DRIVE AWAY,,,,"OVER $1,500",09/24/2024 12:30:00 PM,FAILING TO YIELD RIGHT-OF-WAY,IMPROPER TURNING/NO SIGNAL,1604,W,IRVING PARK RD,1912.0,,,,,,,2,NO INDICATION OF INJURY,0.0,0.0,0.0,0.0,0.0,2.0,0.0,12,3,9,41.9543972349,-87.6692711004,POINT (-87.669271100365 41.954397234914)