CRASH_RECORD_ID,CRASH_DATE_EST_I,CRASH_DATE,POSTED_SPEED_LIMIT,TRAFFIC_CONTROL_DEVICE,DEVICE_CONDITION,WEATHER_CONDITION,LIGHTING_CONDITION,FIRST_CRASH_TYPE,TRAFFICWAY_TYPE,LANE_CNT,ALIGNMENT,ROADWAY_SURFACE_COND,ROAD_DEFECT,REPORT_TYPE,CRASH_TYPE,INTERSECTION_RELATED_I,NOT_RIGHT_OF_WAY_I,HIT_AND_RUN_I,DAMAGE,DATE_POLICE_NOTIFIED,PRIM_CONTRIBUTORY_CAUSE,SEC_CONTRIBUTORY_CAUSE,STREET_NO,STREET_DIRECTION,STREET_NAME,BEAT_OF_OCCURRENCE,PHOTOS_TAKEN_I,STATEMENTS_TAKEN_I,DOORING_I,WORK_ZONE_I,WORK_ZONE_TYPE,WORKERS_PRESENT_I,NUM_UNITS,MOST_SEVERE_INJURY,INJURIES_TOTAL,INJURIES_FATAL,INJURIES_INCAPACITATING,INJURIES_NON_INCAPACITATING,INJURIES_REPORTED_NOT_EVIDENT,INJURIES_NO_INDICATION,INJURIES_UNKNOWN,CRASH_HOUR,CRASH_DAY_OF_WEEK,CRASH_MONTH,LATITUDE,LONGITUDE,LOCATION
d0de50827801e5e19765c0af3ca0f7009a7e074c89e89819b29bfac420977e1b32daf08edda5c739cb0824b74aed7960dfd1548727191a5d83748e21b42ac1ad,,08/06/2023 08:18:00 PM,25,NO CONTROLS,NO CONTROLS,CLEAR,"DARKNESS, LIGHTED ROAD",PARKED MOTOR VEHICLE,ONE-WAY,,STRAIGHT AND LEVEL,DRY,NO DEFECTS,ON SCENE,INJURY AND / OR TOW DUE TO CRASH,,,,"OVER $1,500",08/06/2023 08:27:00 PM,FAILING TO REDUCE SPEED TO AVOID CRASH,UNABLE TO DETERMINE,2357,N,KENNETH AVE,2522.0,,,,,,,7,NONINCAPACITATING INJURY,1.0,0.0,0.0,1.0,0.0,0.0,0.0,20,1,8,41.9242072429,-87.7376344703,POINT (-87.73763447027 41.924207242882)
4fa742509f72db333a8f7751937847df006049c1839805366953b5235fe4ada1db64053751f38303d13f67e017411575d62adaed10d0353d0df10b98479fd5dc,,11/24/2016 01:08:00 PM,20,TRAFFIC SIGNAL,FUNCTIONING PROPERLY,CLEAR,DAWN,SIDESWIPE SAME DIRECTION,NOT DIVIDED,2,STRAIGHT AND LEVEL,DRY,NO DEFECTS,NOT ON SCENE (DESK REPORT),NO INJURY / DRIVE AWAY,,,,"$501 - $1,500",11/24/2016 02:10:00 PM,IMPROPER OVERTAKING/PASSING,UNABLE TO DETERMINE,1199,W,GRANVILLE AVE,2433.0,,,,,,,2,NO INDICATION OF INJURY,0.0,0.0,0.0,0.0,0.0,2.0,0.0,13,5,11,41.9944433564,-87.6603416954,POINT (-87.660341695406 41.994443356381)
36437a75641f013a15c98e28e89f30f0f5642cb8c5104d39fd953e7f5a35187c17da4dffbfdc32cb4482187af31a2b2bfc954bdebbb3df26bc381a7886edb518,,08/09/2020 02:45:00 PM,35,NO CONTROLS,NO CONTROLS,CLEAR,DAYLIGHT,SIDESWIPE SAME DIRECTION,DIVIDED - W/MEDIAN (NOT RAISED),,STRAIGHT AND LEVEL,DRY,NO DEFECTS,NOT ON SCENE (DESK REPORT),NO INJURY / DRIVE AWAY,,,,"OVER $1,500",08/09/2020 03:30:00 PM,FAILING TO YIELD RIGHT-OF-WAY,FAILING TO REDUCE SPEED TO AVOID CRASH,3907,W,LAWRENCE AVE,1723.0,,,,,,,2,NO INDICATION OF INJURY,0.0,0.0,0.0,0.0,0.0,3.0,0.0,14,1,8,41.9681521278,-87.7259069527,POINT (-87.725906952695 41.968152127751)
fd376db8353dd1e8b5a0f13d6c7caafb87d6b591dfb1709a8145fff5b43a62b4dfe76085edad495ebed177c26c7129d689a7b211c7d240060ae3bafe0cd468df,,10/07/2024 09:58:00 AM,25,NO CONTROLS,NO CONTROLS,CLEAR,DAYLIGHT,PARKED MOTOR VEHICLE,NOT DIVIDED,,STRAIGHT AND LEVEL,DRY,NO DEFECTS,ON SCENE,NO INJURY / DRIVE AWAY,,,,$500 OR LESS,10/07/2024 10:19:00 AM,UNABLE TO DETERMINE,UNABLE TO DETERMINE,2265,N,LINCOLN AVE,1812.0,,,,,,,2,NO INDICATION OF INJURY,0.0,0.0,0.0,0.0,0.0,2.0,0.0,9,2,10,41.9234051568,-87.6456966448,POINT (-87.64569664482 41.923405156805)
89ad007f54f94ad71c8af84259c24530d847080a6f9e2303f70c7e5270fe6f494a3c91747155bbb6b3eeab67c8fc4ec98a178be45a6bc8d3f52c295771005296,,06/09/2017 05:30:00 PM,30,UNKNOWN,NO CONTROLS,CLEAR,DAYLIGHT,REAR END,UNKNOWN,,STRAIGHT AND LEVEL,DRY,UNKNOWN,NOT ON SCENE (DESK REPORT),NO INJURY / DRIVE AWAY,,,,"$501 - $1,500",06/09/2017 06:05:00 PM,FOLLOWING TOO CLOSELY,FOLLOWING TOO CLOSELY,3808,N,CENTRAL AVE,1633.0,,,,,,,2,NO INDICATION OF INJURY,0.0,0.0,0.0,0.0,0.0,2.0,0.0,17,6,6,41.9498216839,-87.7670367982,POINT (-87.767036798195 41.949821683932)
13cbe945a491ecbb7428d663c36d8b5113c42be2db3800ab76dde4de50fc3475cf3f22d58b82b1b6a8bd573b3087867a6e2d4aad05fb4652ca670e745329cda7,,11/27/2024 03:30:00 PM,15,NO CONTROLS,NO CONTROLS,CLOUDY/OVERCAST,DAYLIGHT,REAR END,PARKING LOT,,STRAIGHT AND LEVEL,DRY,NO DEFECTS,NOT ON SCENE (DESK REPORT),NO INJURY / DRIVE AWAY,,Y,,"OVER $1,500",11/27/2024 03:45:00 PM,FOLLOWING TOO CLOSELY,DRIVING SKILLS/KNOWLEDGE/EXPERIENCE,3500,N,CLARK ST,1924.0,,,,,,,2,NO INDICATION OF INJURY,0.0,0.0,0.0,0.0,0.0,2.0,0.0,15,4,11,41.945592917,-87.6553914759,POINT (-87.655391475929 41.945592917045)
54597ca6e1513676858a85e3c024b9f624884b40513e7bbbc5c1488de31f9490c0638343f342dded4f98275d2de0e7204eedeee7de074723874fbc9e4b07e995,,01/16/2025 09:33:00 PM,30,TRAFFIC SIGNAL,FUNCTIONING PROPERLY,CLEAR,DARKNESS,REAR END,FOUR WAY,,STRAIGHT AND LEVEL,DRY,NO DEFECTS,,NO INJURY / DRIVE AWAY,,,,"OVER $1,500",01/16/2025 09:33:00 PM,FAILING TO REDUCE SPEED TO AVOID CRASH,NOT APPLICABLE,3737,N,WESTERN AVE,1921.0,,,,,,,2,NO INDICATION OF INJURY,0.0,0.0,0.0,0.0,0.0,3.0,0.0,21,5,1,41.9496645511,-87.6881921408,POINT (-87.688192140823 41.949664551074)
5b39e73e4a5c0c0bfdaa5b41730739c6b1064290e1aedc6d795113cf6f311776d1dba63b41df1bf15a02798b4ac4f37c55b02abb7c5fb1696fd7f6fdbdd6cb81,,03/11/2020 09:55:00 AM,30,NO CONTROLS,NO CONTROLS,CLEAR,DAYLIGHT,TURNING,DIVIDED - W/MEDIAN BARRIER,,STRAIGHT AND LEVEL,DRY,NO DEFECTS,NOT ON SCENE (DESK REPORT),NO INJURY / DRIVE AWAY,,,Y,$500 OR LESS,03/11/2020 10:00:00 AM,IMPROPER LANE USAGE,IMPROPER OVERTAKING/PASSING,301,E,ROOSEVELT DR,132.0,,,,,,,2,NO INDICATION OF INJURY,0.0,0.0,0.0,0.0,0.0,4.0,0.0,9,4,3,41.8674039834,-87.6203241257,POINT (-87.620324125727 41.867403983361)
de7b7d496106d5348fcceae19edb7a0ce44b83d0463f753a7e9816c6130a76cd36c8a37f73b2977ffd5047d1af7cb57a1cb3a0c6239227ac57f521c0db7a9c48,,04/12/2025 10:50:00 AM,30,TRAFFIC SIGNAL,FUNCTIONING PROPERLY,CLEAR,DAYLIGHT,REAR END,NOT DIVIDED,,STRAIGHT AND LEVEL,DRY,NO DEFECTS,NOT ON SCENE (DESK REPORT),NO INJURY / DRIVE AWAY,,,Y,"OVER $1,500",04/12/2025 12:10:00 PM,UNABLE TO DETERMINE,NOT APPLICABLE,3,E,OAK ST,1833.0,,,,,,,2,NO INDICATION OF INJURY,0.0,0.0,0.0,0.0,0.0,2.0,0.0,10,7,4,41.9006339683,-87.6281687605,POINT (-87.628168760497 41.900633968286)
b09cf779967be46faa08d0c7d7d7db45f4f83ead7aa02f8cf769c0f092a9c6a0163e7f9567ab174f29aa687cc15958460eb095b9f5af1dc4953bd55709838e97,,12/22/2023 12:15:00 PM,30,TRAFFIC SIGNAL,FUNCTIONING PROPERLY,CLEAR,DAYLIGHT,SIDESWIPE SAME DIRECTION,DIVIDED - W/MEDIAN (NOT RAISED),,STRAIGHT AND LEVEL,UNKNOWN,NO DEFECTS,ON SCENE,NO INJURY / DRIVE AWAY,,,,$500 OR LESS,12/22/2023 12:16:00 PM,IMPROPER LANE USAGE,NOT APPLICABLE,2358,W,87TH ST,614.0,,,,,,,2,NO INDICATION OF INJURY,0.0,0.0,0.0,0.0,0.0,3.0,0.0,12,6,12,41.7356384439,-87.682405788,POINT (-87.682405788023 41.735638443917)
3e43d40b1dfecd08500e778ff9c990db7e6246e636e78ffdc4dde82c38ae5b634e05bb473240d2dc634e83c16fde676cffdfbfdaa5f42250dc7aca2c60a98ecc,,11/28/2022 08:40:00 AM,30,NO CONTROLS,NO CONTROLS,CLEAR,DAYLIGHT,ANGLE,T-INTERSECTION,,STRAIGHT AND LEVEL,DRY,NO DEFECTS,ON SCENE,INJURY AND / OR TOW DUE TO CRASH,Y,,,"OVER $1,500",11/28/2022 08:40:00 AM,FAILING TO YIELD RIGHT-OF-WAY,DISREGARDING STOP SIGN,1300,N,CENTRAL AVE,2531.0,,,,,,,2,NONINCAPACITATING INJURY,4.0,0.0,0.0,4.0,0.0,3.0,0.0,8,2,11,41.9039942751,-87.7658673582,POINT (-87.76586735817 41.903994275067)
5637b6da7b9b81574e9363b6b4521ae365bffbd167ec1f3d5cb45334ec0524277d6fb76ad694ef349436565a11c9d689e69f5cf75643167b2e37c8d71e3c25d1,,02/26/2021 04:02:00 PM,30,NO CONTROLS,NO CONTROLS,CLEAR,DAYLIGHT,SIDESWIPE SAME DIRECTION,DIVIDED - W/MEDIAN (NOT RAISED),,STRAIGHT AND LEVEL,DRY,NO DEFECTS,ON SCENE,NO INJURY / DRIVE AWAY,,,,"$501 - $1,500",02/26/2021 04:06:00 PM,FAILING TO REDUCE SPEED TO AVOID CRASH,FAILING TO YIELD RIGHT-OF-WAY,3450,S,ASHLAND AVE,912.0,,,,,,,2,NO INDICATION OF INJURY,0.0,0.0,0.0,0.0,0.0,2.0,0.0,16,6,2,41.8308196267,-87.6657228413,POINT (-87.665722841276 41.830819626698)
b1e848de3328c36e6ce3cd182b6df4c576393b7ac4a6e13fe76cdebcf32e41b880a06a67f5c404db261b0172a77e759f08da505623841c8bab70b8098f908b1f,,08/29/2022 02:45:00 PM,30,NO CONTROLS,NO CONTROLS,UNKNOWN,DAYLIGHT,OTHER OBJECT,NOT DIVIDED,,STRAIGHT AND LEVEL,WET,NO DEFECTS,ON SCENE,INJURY AND / OR TOW DUE TO CRASH,,,,"OVER $1,500",08/29/2022 03:00:00 PM,DRIVING SKILLS/KNOWLEDGE/EXPERIENCE,UNABLE TO DETERMINE,3130,S,WOOD ST,912.0,,,,,,,1,NO INDICATION OF INJURY,0.0,0.0,0.0,0.0,0.0,1.0,0.0,14,2,8,41.836839865,-87.6707065971,POINT (-87.670706597128 41.836839864979)
c89e5b978a0359c880d29890a1e9099fabadf75fd8083cc0d6e060d7115734f8435c40331b82060609930fcaae7a1c69c017b2b32f821eb6b3cf1bc532dbb079,,04/27/2023 03:56:00 PM,25,NO CONTROLS,FUNCTIONING PROPERLY,CLEAR,DAYLIGHT,PARKED MOTOR VEHICLE,FOUR WAY,,STRAIGHT AND LEVEL,DRY,NO DEFECTS,ON SCENE,INJURY AND / OR TOW DUE TO CRASH,Y,,,"OVER $1,500",04/27/2023 04:10:00 PM,FAILING TO REDUCE SPEED TO AVOID CRASH,NOT APPLICABLE,6445,N,WESTERN AVE,2412.0,,,,,,,2,NO INDICATION OF INJURY,0.0,0.0,0.0,0.0,0.0,1.0,0.0,15,5,4,41.9990607052,-87.6897704848,POINT (-87.689770484794 41.99906070517)
0e12705ed3f9f1472c337abdb8966d7e55c001f05be92c7133c4d56236cd340e202fa9de6b68a0dff6692c2a82d85fe05b67f6856dcaf9b0610e091f3768600a,,04/09/2024 10:02:00 PM,20,NO CONTROLS,UNKNOWN,CLEAR,"DARKNESS, LIGHTED ROAD",PARKED MOTOR VEHICLE,ONE-WAY,,STRAIGHT AND LEVEL,DRY,UNKNOWN,ON SCENE,INJURY AND / OR TOW DUE TO CRASH,,,,"OVER $1,500",04/09/2024 10:30:00 PM,UNABLE TO DETERMINE,NOT APPLICABLE,8400,S,BUFFALO AVE,424.0,,,,,,,3,NONINCAPACITATING INJURY,1.0,0.0,0.0,1.0,0.0,0.0,0.0,22,3,4,41.7428381088,-87.5443746448,POINT (-87.544374644813 41.742838108808)
a4a9569cc0e752c83dd01b6c2a8f16a9de63ec05db0d896a1c7a8e1c61dad90d100021e5c8898654c9984ee6fa68453a650b79e42ab299e47e6ca8a5f038d4db,,06/26/2021 06:13:00 AM,30,TRAFFIC SIGNAL,FUNCTIONING PROPERLY,RAIN,DAYLIGHT,ANGLE,NOT DIVIDED,,STRAIGHT AND LEVEL,WET,NO DEFECTS,ON SCENE,INJURY AND / OR TOW DUE TO CRASH,Y,,,"OVER $1,500",06/26/2021 06:13:00 AM,UNABLE TO DETERMINE,UNABLE TO DETERMINE,4500,W,WASHINGTON BLVD,1113.0,,,,,,,2,NO INDICATION OF INJURY,0.0,0.0,0.0,0.0,0.0,3.0,0.0,6,7,6,41.8820086436,-87.7380810685,POINT (-87.73808106854 41.882008643613)
bbfed80490f858526ce7bb95fdca20cb94f7c5fef8a9a876ea02f824521f1e4b7695830af67ba49107920e3410e7db15c869efe3ff56ed85c116228e4d1958d0,,12/08/2022 04:28:00 PM,30,NO CONTROLS,NO CONTROLS,CLEAR,DUSK,PARKED MOTOR VEHICLE,NOT DIVIDED,,STRAIGHT AND LEVEL,DRY,NO DEFECTS,ON SCENE,INJURY AND / OR TOW DUE TO CRASH,,,,"OVER $1,500",12/08/2022 06:26:00 PM,UNABLE TO DETERMINE,UNABLE TO DETERMINE,6424,S,DORCHESTER AVE,314.0,,,,,,,2,NO INDICATION OF INJURY,0.0,0.0,0.0,0.0,0.0,1.0,0.0,16,5,12,41.7780432753,-87.591594831,POINT (-87.591594831032 41.778043275346)
ab250dfac5b3e294ce9915af9b40af2ee075a351f1a39fd7160d54a08e75e4821e88a7959f7da6fe72975c6b0ac3c4929f29d278212af24ccae92b1239f07f9c,,01/03/2025 07:55:00 AM,25,NO CONTROLS,NO CONTROLS,CLEAR,DAYLIGHT,FIXED OBJECT,NOT DIVIDED,,STRAIGHT AND LEVEL,DRY,NO DEFECTS,ON SCENE,INJURY AND / OR TOW DUE TO CRASH,,,,"OVER $1,500",01/03/2025 07:57:00 AM,DISREGARDING ROAD MARKINGS,NOT APPLICABLE,3054,N,SACRAMENTO AVE,1411.0,,,,,,,1,NO INDICATION OF INJURY,0.0,0.0,0.0,0.0,0.0,1.0,0.0,7,6,1,41.9372067489,-87.7028134966,POINT (-87.702813496588 41.937206748922)
734b18d1fc852a054ce8f90df5fcf5c97aa6d9835d06eaf6c10a1e463bfe68fd0749cdfce5df36aa34bbaae76390e9f2cd7876f5a9c0e0a8b7f64b494353264c,,05/02/2023 07:56:00 AM,10,NO CONTROLS,NO CONTROLS,CLEAR,DAYLIGHT,SIDESWIPE OPPOSITE DIRECTION,NOT DIVIDED,,STRAIGHT AND LEVEL,DRY,UNKNOWN,ON SCENE,NO INJURY / DRIVE AWAY,,,,"$501 - $1,500",05/02/2023 07:56:00 AM,FOLLOWING TOO CLOSELY,NOT APPLICABLE,6628,N,DAMEN AVE,2412.0,,,,,,,2,NO INDICATION OF INJURY,0.0,0.0,0.0,0.0,0.0,5.0,0.0,7,3,5,42.0023675686,-87.6804279017,POINT (-87.680427901701 42.002367568607)
4c494ca207a6c6ce1e93000dfd78a0cb019421647904e827dff9a6ca2008146bc178f42e0d7c1068b5662c6e0926258fa6a6903d8d0d7e939b8484edbc1ea117,,07/12/2018 05:20:00 AM,30,TRAFFIC SIGNAL,FUNCTIONING PROPERLY,CLEAR,DAYLIGHT,ANGLE,OTHER,0,STRAIGHT AND LEVEL,DRY,NO DEFECTS,NOT ON SCENE (DESK REPORT),NO INJURY / DRIVE AWAY,Y,,,"OVER $1,500",07/12/2018 05:25:00 PM,DISREGARDING TRAFFIC SIGNALS,DRIVING SKILLS/KNOWLEDGE/EXPERIENCE,505,N,LAKE SHORE DR NB,1834.0,,,,,,,2,NO INDICATION OF INJURY,0.0,0.0,0.0,0.0,0.0,2.0,0.0,5,5,7,41.8912550819,-87.6137508142,POINT (-87.613750814226 41.891255081885)
8d3bf9aed1b5099498e3d8b5638d0f15149d2d321e4e899d84b72788657164d2351657083baa9eb0075fc37fab7b0edeb8a8bf2113bd3b2f875b086dd1500989,Y,09/20/2020 08:00:00 PM,30,NO CONTROLS,NO CONTROLS,CLEAR,UNKNOWN,PARKED MOTOR VEHICLE,NOT DIVIDED,,STRAIGHT AND LEVEL,DRY,NO DEFECTS,NOT ON SCENE (DESK REPORT),NO INJURY / DRIVE AWAY,,,Y,"OVER $1,500",09/21/2020 03:00:00 PM,UNABLE TO DETERMINE,NOT APPLICABLE,5100,W,AUGUSTA BLVD,1531.0,,,,,,,2,NO INDICATION OF INJURY,0.0,0.0,0.0,0.0,0.0,1.0,0.0,20,1,9,41.8987157002,-87.7533047277,POINT (-87.753304727671 41.898715700151)
e8346239b0a3b06e07a793d5646d7b4edf437809e46188fd7e1c2534a56cf8dbee33e45a17fae91924be1c45c63fcc6c48281b6355b2b98486fcfbcc43440c48,,06/27/2019 12:00:00 PM,30,TRAFFIC SIGNAL,FUNCTIONING PROPERLY,CLEAR,DAYLIGHT,SIDESWIPE SAME DIRECTION,DIVIDED - W/MEDIAN (NOT RAISED),,STRAIGHT AND LEVEL,DRY,NO DEFECTS,ON SCENE,INJURY AND / OR TOW DUE TO CRASH,,Y,,"OVER $1,500",06/27/2019 12:05:00 PM,UNABLE TO DETERMINE,UNABLE TO DETERMINE,2429,W,IRVING PARK RD,1921.0,,,,,,,2,INCAPACITATING INJURY,3.0,0.0,1.0,0.0,2.0,1.0,0.0,12,5,6,41.9538856622,-87.6896301287,POINT (-87.68963012875 41.953885662217)
4f43698ba5a91d6eef9cfe2d0c96d3ebeede63aa4ed286507d5c20e3e66820b945ecfcb4040cd9c872b379f497f9ce5b9ef381659d83f969ea53617d8c4727a5,,10/31/2024 11:10:00 AM,30,NO CONTROLS,NO CONTROLS,SEVERE CROSS WIND GATE,DAYLIGHT,OTHER OBJECT,NOT DIVIDED,,STRAIGHT AND LEVEL,OTHER,NO DEFECTS,ON SCENE,NO INJURY / DRIVE AWAY,,,,"OVER $1,500",10/31/2024 11:17:00 AM,WEATHER,WEATHER,2744,W,DIVISION ST,1423.0,,,,,,,1,NO INDICATION OF INJURY,0.0,0.0,0.0,0.0,0.0,1.0,0.0,11,5,10,41.9030403382,-87.696222404,POINT (-87.696222404031 41.903040338177)
cac1389deeef839dab0fc1830aa05b1696a448073c5c799730eab7f8fedcb21abcf665a3226a5919b8859b25589da176107951367113c11d7e0183a03da01c04,,11/18/2022 08:15:00 PM,30,NO CONTROLS,NO CONTROLS,UNKNOWN,"DARKNESS, LIGHTED ROAD",PARKED MOTOR VEHICLE,ONE-WAY,,STRAIGHT AND LEVEL,UNKNOWN,NO DEFECTS,ON SCENE,NO INJURY / DRIVE AWAY,,,Y,"OVER $1,500",11/19/2022 08:02:00 AM,UNABLE TO DETERMINE,UNABLE TO DETERMINE,3346,W,BERTEAU AVE,1724.0,,,,,,,2,NO INDICATION OF INJURY,0.0,0.0,0.0,0.0,0.0,1.0,0.0,20,6,11,41.9576357319,-87.7124535474,POINT (-87.712453547441 41.957635731894)
6f5598cf0400af008a5aa2a944391ac1b5f75ab352a2507720e0bf8cbc9ad2da8b10c90aa890a487d8476e74dd8eaffa93460b3bd10b268d8c56c1a0c8c21822,Y,07/23/2023 10:35:00 AM,30,NO CONTROLS,NO CONTROLS,UNKNOWN,UNKNOWN,PARKED MOTOR VEHICLE,NOT DIVIDED,,STRAIGHT AND LEVEL,UNKNOWN,UNKNOWN,NOT ON SCENE (DESK REPORT),NO INJURY / DRIVE AWAY,,,,"OVER $1,500",07/23/2023 04:55:00 PM,DRIVING SKILLS/KNOWLEDGE/EXPERIENCE,NOT APPLICABLE,221,E,121ST PL,532.0,,,,,,,2,NO INDICATION OF INJURY,0.0,0.0,0.0,0.0,0.0,1.0,0.0,10,1,7,41.6734380243,-87.6168451167,POINT (-87.616845116708 41.673438024325)
22bb1d3cccdcc2d1344a4aea1391db70fb2508ecfce8320d70d1e8ec10e491fd69aa035b6315bddcb700f0b50fac12798ef0b55f8b76e067bc26681f5d3a89ca,,01/01/2021 09:00:00 PM,25,TRAFFIC SIGNAL,FUNCTIONING PROPERLY,SNOW,DARKNESS,REAR END,ONE-WAY,,STRAIGHT AND LEVEL,SNOW OR SLUSH,NO DEFECTS,ON SCENE,INJURY AND / OR TOW DUE TO CRASH,Y,,,"OVER $1,500",01/01/2021 09:30:00 PM,WEATHER,NOT APPLICABLE,173,N,BESSIE COLEMAN DR,1654.0,,,,,,,3,"REPORTED, NOT EVIDENT",1.0,0.0,0.0,0.0,1.0,2.0,0.0,21,6,1,,,
20a2619aa7690938e92f6ad30854121a1e69ae6ff332d781164647593f7f6089cdf5ffad302c1f4006bbd5105839a7787f78375dff8c5f5eda318b966c20395e,,10/26/2018 02:47:00 PM,30,NO CONTROLS,NO CONTROLS,CLEAR,DAYLIGHT,REAR END,DIVIDED - W/MEDIAN (NOT RAISED),2,STRAIGHT AND LEVEL,DRY,UNKNOWN,NOT ON SCENE (DESK REPORT),INJURY AND / OR TOW DUE TO CRASH,,,,"$501 - $1,500",10/26/2018 04:00:00 PM,NOT APPLICABLE,NOT APPLICABLE,3755,W,LAWRENCE AVE,1723.0,,,,,,,2,"REPORTED, NOT EVIDENT",1.0,0.0,0.0,0.0,1.0,1.0,0.0,14,6,10,41.9681871314,-87.7229319767,POINT (-87.722931976674 41.968187131445)
eaba1f9cd44c997b31d02481e223bccc20773cd2b239d158bc08092b548dad84f45c301ea6bdb118e1de4556d11a0269a6347cdf27c471a9c5c9ff6bd1ce407f,,01/13/2016 10:50:00 AM,30,STOP SIGN/FLASHER,FUNCTIONING PROPERLY,CLEAR,DAYLIGHT,REAR END,NOT DIVIDED,2,STRAIGHT AND LEVEL,UNKNOWN,NO DEFECTS,NOT ON SCENE (DESK REPORT),NO INJURY / DRIVE AWAY,,,,"OVER $1,500",01/13/2016 11:00:00 AM,FOLLOWING TOO CLOSELY,FAILING TO REDUCE SPEED TO AVOID CRASH,2100,W,PRATT BLVD,2411.0,,,,,,,2,NO INDICATION OF INJURY,0.0,0.0,0.0,0.0,0.0,2.0,0.0,10,4,1,42.0052501468,-87.6839241701,POINT (-87.683924170103 42.005250146833)
cc78d74f2e36e21c3261fbe6646f79bb3158e7c7e6885dd6c317218e85e1801fb0f40c8345498e399595626eb4305423c3ec2cc147f619b7dd2ac55a4909d82d,,08/03/2017 08:40:00 AM,25,NO CONTROLS,NO CONTROLS,CLEAR,DAYLIGHT,SIDESWIPE SAME DIRECTION,NOT DIVIDED,2,STRAIGHT AND LEVEL,DRY,UNKNOWN,NOT ON SCENE (DESK REPORT),NO INJURY / DRIVE AWAY,,,,"$501 - $1,500",08/03/2017 09:35:00 AM,UNABLE TO DETERMINE,UNABLE TO DETERMINE,4100,W,76TH ST,833.0,,,,,,,2,NO INDICATION OF INJURY,0.0,0.0,0.0,0.0,0.0,2.0,0.0,8,5,8,41.7551635,-87.7245595702,POINT (-87.724559570174 41.755163500032)
56611cb5d7488a12f0bb374b9575b6e68b9344978881e13d0ee5850b9ac972c2c6ea1d7f0cd3f56e44b2883fad20232f9e154b966f57bf0d8407d2cb9c166f29,,03/29/2018 05:12:00 PM,30,NO CONTROLS,NO CONTROLS,CLEAR,DAYLIGHT,SIDESWIPE OPPOSITE DIRECTION,NOT DIVIDED,2,STRAIGHT AND LEVEL,DRY,NO DEFECTS,ON SCENE,NO INJURY / DRIVE AWAY,,,,"$501 - $1,500",03/29/2018 05:12:00 PM,IMPROPER LANE USAGE,DRIVING SKILLS/KNOWLEDGE/EXPERIENCE,146,E,114TH PL,531.0,,Y,,,,,2,NO INDICATION OF INJURY,0.0,0.0,0.0,0.0,0.0,4.0,0.0,17,5,3,41.6863843763,-87.619025036,POINT (-87.619025036042 41.686384376332)
aa9c97872c0eba420034870ced7c8d94793f96717d746953350d45bff6db133e36e90ff524a1fb20926aa79db3f50c369ffd782b0638143dac4c926ea96276b1,,12/14/2018 03:30:00 AM,30,NO CONTROLS,NO CONTROLS,RAIN,"DARKNESS, LIGHTED ROAD",PARKED MOTOR VEHICLE,NOT DIVIDED,2,STRAIGHT AND LEVEL,WET,NO DEFECTS,ON SCENE,INJURY AND / OR TOW DUE TO CRASH,,,,"OVER $1,500",12/14/2018 03:36:00 AM,EXCEEDING SAFE SPEED FOR CONDITIONS,WEATHER,5753,S,CALIFORNIA AVE,824.0,,,,,,,3,NO INDICATION OF INJURY,0.0,0.0,0.0,0.0,0.0,1.0,0.0,3,6,12,41.788491739,-87.6935073102,POINT (-87.693507310165 41.788491738996)
4ab2f1534612ed26acf2b96d3fa5ed15285f0eb2f2ec3871820ed77023f13966d32ca7c4b65c8537de88ff8d7bbe6b453a943c7d22febf8ed72302803a60d3f3,,07/18/2021 07:26:00 PM,10,NO CONTROLS,NO CONTROLS,CLEAR,DUSK,OTHER OBJECT,ALLEY,,STRAIGHT AND LEVEL,DRY,NO DEFECTS,NOT ON SCENE (DESK REPORT),NO INJURY / DRIVE AWAY,,,Y,"OVER $1,500",07/18/2021 09:30:00 PM,IMPROPER BACKING,FAILING TO REDUCE SPEED TO AVOID CRASH,5221,S,LOTUS AVE,814.0,,,,,,,1,NO INDICATION OF INJURY,0.0,0.0,0.0,0.0,0.0,1.0,0.0,19,1,7,41.7976258852,-87.7586339877,POINT (-87.758633987666 41.797625885162)
84b059ed8a0c782f37eb5f235bb30550fcd511d396f650b7231bd2c815d8528f39bc482cc0b78bc7bfc4f0dc4f238bc9935fa504a2a61bb46b47ab7f05b88a6c,,09/17/2019 04:40:00 AM,35,TRAFFIC SIGNAL,FUNCTIONING PROPERLY,CLEAR,"DARKNESS, LIGHTED ROAD",TURNING,NOT DIVIDED,,STRAIGHT AND LEVEL,DRY,NO DEFECTS,NOT ON SCENE (DESK REPORT),NO INJURY / DRIVE AWAY,Y,,,"OVER $1,500",09/17/2019 05:00:00 AM,UNABLE TO DETERMINE,NOT APPLICABLE,2157,S,CLARK ST,131.0,,,,,,,2,NO INDICATION OF INJURY,0.0,0.0,0.0,0.0,0.0,2.0,0.0,4,3,9,41.8529504172,-87.6299214318,POINT (-87.629921431809 41.852950417239)
8104bf9da532d61b55903f2c41410ec1b2c1973e6a9f13e4d0762ff54f3ebb15ca2a2bfb97dc2edb681e6b5fc227bd391cfe7cb02476b00e6ee2a03fb9b6c2dd,,03/23/2024 08:15:00 AM,20,NO CONTROLS,NO CONTROLS,CLEAR,DAYLIGHT,SIDESWIPE SAME DIRECTION,ONE-WAY,,STRAIGHT AND LEVEL,DRY,NO DEFECTS,NOT ON SCENE (DESK REPORT),NO INJURY / DRIVE AWAY,,,,"OVER $1,500",03/26/2024 07:40:00 AM,UNABLE TO DETERMINE,NOT APPLICABLE,3225,N,MAJOR AVE,1633.0,,,,,,,2,NO INDICATION OF INJURY,0.0,0.0,0.0,0.0,0.0,2.0,0.0,8,7,3,41.9393494633,-87.7688118712,POINT (-87.768811871236 41.939349463335)