CRASH_RECORD_ID,CRASH_DATE_EST_I,CRASH_DATE,POSTED_SPEED_LIMIT,TRAFFIC_CONTROL_DEVICE,DEVICE_CONDITION,WEATHER_CONDITION,LIGHTING_CONDITION,FIRST_CRASH_TYPE,TRAFFICWAY_TYPE,LANE_CNT,ALIGNMENT,ROADWAY_SURFACE_COND,ROAD_DEFECT,REPORT_TYPE,CRASH_TYPE,INTERSECTION_RELATED_I,NOT_RIGHT_OF_WAY_I,HIT_AND_RUN_I,DAMAGE,DATE_POLICE_NOTIFIED,PRIM_CONTRIBUTORY_CAUSE,SEC_CONTRIBUTORY_CAUSE,STREET_NO,STREET_DIRECTION,STREET_NAME,BEAT_OF_OCCURRENCE,PHOTOS_TAKEN_I,STATEMENTS_TAKEN_I,DOORING_I,WORK_ZONE_I,WORK_ZONE_TYPE,WORKERS_PRESENT_I,NUM_UNITS,MOST_SEVERE_INJURY,INJURIES_TOTAL,INJURIES_FATAL,INJURIES_INCAPACITATING,INJURIES_NON_INCAPACITATING,INJURIES_REPORTED_NOT_EVIDENT,INJURIES_NO_INDICATION,INJURIES_UNKNOWN,CRASH_HOUR,CRASH_DAY_OF_WEEK,CRASH_MONTH,LATITUDE,LONGITUDE,LOCATION
3c7cdb2c957b5c1668cd110af4f6d5c76516cd4803314df0d629b11df62664f050adef97c88714073715c5921e6e419f0673e983f9f427cf2a73599de3f06b14,,03/18/2017 04:15:00 PM,30,NO CONTROLS,NO CONTROLS,CLEAR,DAYLIGHT,PARKED MOTOR VEHICLE,PARKING LOT,,STRAIGHT AND LEVEL,DRY,NO DEFECTS,NOT ON SCENE (DESK REPORT),NO INJURY / DRIVE AWAY,,,Y,"$501 - $1,500",03/20/2017 04:30:00 PM,UNABLE TO DETERMINE,UNABLE TO DETERMINE,11033,S,STATE ST,513.0,,,,,,,2,NO INDICATION OF INJURY,0.0,0.0,0.0,0.0,0.0,1.0,0.0,16,7,3,41.6933944685,-87.6229828367,POINT (-87.622982836719 41.693394468512)
f6618d000677a7122588ce4d83f5d47893b72a9b08bd6f34da1f1aa04aa726ae29744b0d7d337b50fded44d13d5b6a51871f830270c5a70c3c041f8cd252f882,,06/06/2023 04:31:00 AM,30,NO CONTROLS,NO CONTROLS,CLEAR,DAWN,PARKED MOTOR VEHICLE,ONE-WAY,,STRAIGHT AND LEVEL,DRY,NO DEFECTS,ON SCENE,NO INJURY / DRIVE AWAY,,,Y,"OVER $1,500",06/06/2023 05:03:00 AM,UNABLE TO DETERMINE,UNABLE TO DETERMINE,7309,S,PAXTON AVE,333.0,,,,,,,2,NO INDICATION OF INJURY,0.0,0.0,0.0,0.0,0.0,1.0,0.0,4,3,6,41.7622530648,-87.5711478819,POINT (-87.57114788192 41.762253064785)
05b32156cf788e487f5ac8ff8ca8ada835805818a2ad30259d2e786a4dc9fbd70243e7c9acdd3d60efa75c714b69fbe5874d8f5aac18a52635ea456150f2d0bf,,01/13/2021 02:00:00 PM,30,NO CONTROLS,NO CONTROLS,CLEAR,DAYLIGHT,REAR END,NOT DIVIDED,,STRAIGHT AND LEVEL,DRY,NO DEFECTS,ON SCENE,NO INJURY / DRIVE AWAY,N,,Y,"OVER $1,500",01/13/2021 02:00:00 PM,FOLLOWING TOO CLOSELY,UNABLE TO DETERMINE,105,E,47TH ST,224.0,,,,,,,3,NO INDICATION OF INJURY,0.0,0.0,0.0,0.0,0.0,3.0,0.0,14,4,1,41.8091812937,-87.6225691339,POINT (-87.622569133922 41.809181293691)
d21e318349b614f887ad843a7513ec030ca54c6705e3f1a23ca14220101c6b0d52041c2cc04ca60088461c2b74eaa294368579e77c46cb73f224318d0815e120,,08/18/2024 11:02:00 PM,30,NO CONTROLS,NO CONTROLS,CLEAR,"DARKNESS, LIGHTED ROAD",PARKED MOTOR VEHICLE,NOT DIVIDED,,STRAIGHT AND LEVEL,DRY,NO DEFECTS,ON SCENE,INJURY AND / OR TOW DUE TO CRASH,,,,"OVER $1,500",08/18/2024 11:02:00 PM,FAILING TO REDUCE SPEED TO AVOID CRASH,UNABLE TO DETERMINE,1618,W,34TH ST,912.0,,,,,,,3,NO INDICATION OF INJURY,0.0,0.0,0.0,0.0,0.0,2.0,0.0,23,1,8,41.8324378708,-87.6663448182,POINT (-87.666344818182 41.83243787078)
f7466936554e8852a6747d4264eb723239a5c8af546f48fa1bf13cb9469e3de876baf8711a97f90add5084a9fdbe5ebe0df2979f0d8694abbc91b139a86a362a,,05/26/2016 08:55:00 AM,20,NO CONTROLS,NO CONTROLS,CLEAR,DAYLIGHT,SIDESWIPE SAME DIRECTION,NOT DIVIDED,1,STRAIGHT AND LEVEL,DRY,NO DEFECTS,ON SCENE,NO INJURY / DRIVE AWAY,,,,$500 OR LESS,05/26/2016 08:58:00 AM,IMPROPER OVERTAKING/PASSING,FOLLOWING TOO CLOSELY,6300,S,CALUMET AVE,312.0,,,,,,,2,NO INDICATION OF INJURY,0.0,0.0,0.0,0.0,0.0,2.0,0.0,8,5,5,41.7799612677,-87.6174723657,POINT (-87.617472365657 41.779961267732)
50eeaf21c7f33da26fa3b25b4317a353256d2e2cd416961d59a2f68090ccd309f649c4843053c68262e4ecb871527a4cab0689d9a4a7e2b165aa6179c89115d9,,09/14/2022 01:00:00 PM,30,NO CONTROLS,NO CONTROLS,CLEAR,DAYLIGHT,PARKED MOTOR VEHICLE,NOT DIVIDED,,STRAIGHT AND LEVEL,DRY,NO DEFECTS,NOT ON SCENE (DESK REPORT),NO INJURY / DRIVE AWAY,,,Y,"OVER $1,500",09/15/2022 02:25:00 PM,UNABLE TO DETERMINE,UNABLE TO DETERMINE,7435,W,TALCOTT AVE,1612.0,,,,,,,2,NO INDICATION OF INJURY,0.0,0.0,0.0,0.0,0.0,1.0,0.0,13,4,9,41.9885751828,-87.8129779122,POINT (-87.812977912195 41.988575182799)
bdf4bf9a4cc08411c87aa9ba5d120c335a70ba79792ed2a007972f7608798618f76213a61fa75b2ae27fb8448e4070100ac0b88ba64a6dce246aeeee86e1a94a,,04/07/2019 09:00:00 PM,30,NO CONTROLS,NO CONTROLS,UNKNOWN,DAYLIGHT,PARKED MOTOR VEHICLE,NOT DIVIDED,,STRAIGHT AND LEVEL,DRY,NO DEFECTS,NOT ON SCENE (DESK REPORT),NO INJURY / DRIVE AWAY,,,Y,$500 OR LESS,04/08/2019 02:15:00 PM,UNABLE TO DETERMINE,UNABLE TO DETERMINE,1931,N,OAK PARK AVE,2513.0,,,,,,,2,NO INDICATION OF INJURY,0.0,0.0,0.0,0.0,0.0,1.0,0.0,21,1,4,41.9154261265,-87.7948412634,POINT (-87.794841263422 41.915426126469)
ab1c73805382f8077628f3bb3140668495f800b558c9b0da593246e96adb24b3f8db97cee796b203a19144a1c1732afcdef538963a197112c150974e10ebc91c,,07/29/2020 12:00:00 PM,20,NO CONTROLS,NO CONTROLS,CLEAR,DAYLIGHT,PARKED MOTOR VEHICLE,OTHER,,STRAIGHT AND LEVEL,DRY,UNKNOWN,NOT ON SCENE (DESK REPORT),NO INJURY / DRIVE AWAY,,,Y,"$501 - $1,500",07/29/2020 01:33:00 PM,UNABLE TO DETERMINE,UNABLE TO DETERMINE,2820,W,FARRAGUT AVE,2011.0,,,,,,,2,NO INDICATION OF INJURY,0.0,0.0,0.0,0.0,0.0,1.0,0.0,12,4,7,41.9768363615,-87.6998319442,POINT (-87.699831944153 41.976836361537)
075a357a08446b89cfba06f132b80c740d396e38ea9d0ae179b0b56e20fee7fb04847446ab94544b8a98548746c61a4086696cb7b4b08d2bc5e2aac0e919cc97,,10/21/2018 08:45:00 PM,30,NO CONTROLS,NO CONTROLS,CLEAR,"DARKNESS, LIGHTED ROAD",PARKED MOTOR VEHICLE,NOT DIVIDED,,STRAIGHT AND LEVEL,DRY,NO DEFECTS,ON SCENE,INJURY AND / OR TOW DUE TO CRASH,,,,"OVER $1,500",10/21/2018 09:30:00 PM,IMPROPER BACKING,NOT APPLICABLE,1329,N,MILWAUKEE AVE,1433.0,,,,,,,2,NO INDICATION OF INJURY,0.0,0.0,0.0,0.0,0.0,1.0,0.0,20,1,10,41.9060947231,-87.6705407524,POINT (-87.670540752393 41.906094723098)
fb5b2d734ebb49ea5e0c9c4457402b376865ce2cf6ab0aec4bac3253bedead86190d8185e7b49cbad339ffc3a34015573408f6ea8c29ed594859b371768cf248,Y,11/14/2018 08:30:00 AM,30,NO CONTROLS,NO CONTROLS,UNKNOWN,UNKNOWN,PARKED MOTOR VEHICLE,ONE-WAY,1,STRAIGHT AND LEVEL,UNKNOWN,UNKNOWN,NOT ON SCENE (DESK REPORT),NO INJURY / DRIVE AWAY,,,Y,"$501 - $1,500",11/16/2018 02:14:00 PM,UNABLE TO DETERMINE,UNABLE TO DETERMINE,1938,W,PATTERSON AVE,1922.0,,,,,,,2,NO INDICATION OF INJURY,0.0,0.0,0.0,0.0,0.0,1.0,0.0,8,4,11,41.9479060314,-87.6777083185,POINT (-87.677708318462 41.947906031424)
4d13d012f8bf53c5978890d81a1e590d9ad7f9c429b5f976721610beb7058a57765455c570484dcb384e6557891191d9e51ca6a1a539edce68c76bb0eb5e6833,,01/17/2023 06:38:00 PM,30,TRAFFIC SIGNAL,FUNCTIONING PROPERLY,CLEAR,"DARKNESS, LIGHTED ROAD",PARKED MOTOR VEHICLE,FOUR WAY,,STRAIGHT AND LEVEL,DRY,NO DEFECTS,ON SCENE,NO INJURY / DRIVE AWAY,Y,,,"OVER $1,500",01/17/2023 06:39:00 PM,IMPROPER OVERTAKING/PASSING,IMPROPER TURNING/NO SIGNAL,1599,E,79TH ST,411.0,,,,,,,2,NO INDICATION OF INJURY,0.0,0.0,0.0,0.0,0.0,3.0,0.0,18,3,1,41.751392401,-87.5856679376,POINT (-87.585667937612 41.751392400955)
6054c731bdb2d523b18f42a7f403cc6608f603765afba8fbcda0a8cc21c2eda2fe48b9a8f4de28b584cc60909cd7a7b7bbfc349f594817db8781f552ff183c6d,,10/26/2025 02:00:00 AM,30,TRAFFIC SIGNAL,FUNCTIONING PROPERLY,CLEAR,"DARKNESS, LIGHTED ROAD",PARKED MOTOR VEHICLE,NOT DIVIDED,,STRAIGHT AND LEVEL,DRY,NO DEFECTS,NOT ON SCENE (DESK REPORT),INJURY AND / OR TOW DUE TO CRASH,Y,,,"$501 - $1,500",10/27/2025 10:30:00 AM,IMPROPER OVERTAKING/PASSING,NOT APPLICABLE,5005,N,ASHLAND AVE,2032.0,,,,,,,2,NO INDICATION OF INJURY,0.0,0.0,0.0,0.0,0.0,1.0,0.0,2,1,10,41.9726798222,-87.669397175,POINT (-87.669397175027 41.972679822168)
7442cbbcc3700f4387418bb223404994824749e4a8b7acf4faf8186a87793afa9c796c99ec4a65f01aa41fa2fd50c9a5866c52fca45a25b4f3bac0e1943461c1,,05/16/2024 06:45:00 PM,25,TRAFFIC SIGNAL,FUNCTIONING PROPERLY,CLEAR,DUSK,REAR END,RAMP,,STRAIGHT ON HILLCREST,DRY,NO DEFECTS,ON SCENE,NO INJURY / DRIVE AWAY,,,,"$501 - $1,500",05/16/2024 07:00:00 PM,FOLLOWING TOO CLOSELY,NOT APPLICABLE,5601,S,CICERO AVE,813.0,,,,,,,2,NO INDICATION OF INJURY,0.0,0.0,0.0,0.0,0.0,2.0,0.0,18,5,5,41.7912929133,-87.7414037711,POINT (-87.741403771086 41.791292913253)
dd47a1dec7f9b4f483f439ec3d79f4e38c421e0a59e53d8a4e79190c7efbb6c891269b5f4d809135562c2cc84a7908c44b7a8122d21b34bbf9db4c0f0eb3e8e1,,04/25/2018 01:45:00 AM,30,TRAFFIC SIGNAL,FUNCTIONING PROPERLY,CLOUDY/OVERCAST,"DARKNESS, LIGHTED ROAD",TURNING,OTHER,,STRAIGHT AND LEVEL,DRY,NO DEFECTS,ON SCENE,INJURY AND / OR TOW DUE TO CRASH,,,,"OVER $1,500",04/25/2018 01:47:00 AM,FAILING TO YIELD RIGHT-OF-WAY,UNABLE TO DETERMINE,2800,N,KIMBALL AVE,1412.0,,,,,,,2,"REPORTED, NOT EVIDENT",1.0,0.0,0.0,0.0,1.0,3.0,0.0,1,4,4,,,
cfdb6366e841077f42d08f0a77fbc38a37fc083ad718a79df0c5e33bfa7e93b999a1e85d1d958de416b3652f22e9f384588b514e86b95c4dfa48b2e7cf777cce,,04/09/2023 06:10:00 PM,30,NO CONTROLS,NO CONTROLS,CLEAR,DAYLIGHT,ANGLE,FOUR WAY,,STRAIGHT AND LEVEL,DRY,NO DEFECTS,NOT ON SCENE (DESK REPORT),NO INJURY / DRIVE AWAY,,,,"OVER $1,500",04/09/2023 06:30:00 PM,FAILING TO YIELD RIGHT-OF-WAY,NOT APPLICABLE,2413,N,MONITOR AVE,2515.0,,,,,,,2,NO INDICATION OF INJURY,0.0,0.0,0.0,0.0,0.0,2.0,0.0,18,1,4,41.9243198749,-87.7719377344,POINT (-87.77193773441 41.924319874854)
659674a3233d1ff643c51c8c0c00f835a0203e46b057da6ebe6730077d0c980a31e0c387d73e9ad8650597de30f766cfc8df2aeb2bc9212f06d71c7971bb874b,,12/05/2019 10:37:00 AM,30,NO CONTROLS,NO CONTROLS,CLEAR,DAYLIGHT,PARKED MOTOR VEHICLE,ALLEY,,STRAIGHT AND LEVEL,DRY,NO DEFECTS,ON SCENE,NO INJURY / DRIVE AWAY,,,,$500 OR LESS,12/05/2019 10:50:00 AM,DRIVING SKILLS/KNOWLEDGE/EXPERIENCE,UNABLE TO DETERMINE,1912,W,ARGYLE ST,2032.0,,,,,,,2,NO INDICATION OF INJURY,0.0,0.0,0.0,0.0,0.0,1.0,0.0,10,5,12,41.9725470471,-87.6768861565,POINT (-87.676886156523 41.972547047065)
a7ceee3ac3f8d0b870bc97b4b2ec139c38ccd6c82ff9e72112084ffcdb65e63d6b4afb4f5e8e6374bd73814525f03cda01a94b2d62ff2521631b2d51991d81c3,,06/08/2022 10:35:00 PM,25,NO CONTROLS,NO CONTROLS,CLEAR,DARKNESS,PEDALCYCLIST,NOT DIVIDED,,STRAIGHT AND LEVEL,DRY,NO DEFECTS,ON SCENE,INJURY AND / OR TOW DUE TO CRASH,,,,"$501 - $1,500",06/08/2022 10:59:00 PM,UNABLE TO DETERMINE,NOT APPLICABLE,1418,W,18TH ST,1233.0,,,Y,,,,2,NONINCAPACITATING INJURY,1.0,0.0,0.0,1.0,0.0,0.0,0.0,22,4,6,41.8579737211,-87.6620469023,POINT (-87.662046902308 41.857973721134)
16e23ffa791bda90efbb65113f3a3eb409476d2f5243d1a896c9d1460e4d80b894db2ac38885a3562690e75958ddddf66e661c82fcadd75f2f6fb39ce52ea553,,04/04/2016 06:00:00 PM,30,NO CONTROLS,NO CONTROLS,UNKNOWN,DARKNESS,PARKED MOTOR VEHICLE,ONE-WAY,1,STRAIGHT AND LEVEL,UNKNOWN,UNKNOWN,NOT ON SCENE (DESK REPORT),NO INJURY / DRIVE AWAY,,,Y,"OVER $1,500",04/21/2016 02:00:00 PM,UNABLE TO DETERMINE,NOT APPLICABLE,6714,S,EAST END AVE,332.0,,,,,,,2,NO INDICATION OF INJURY,0.0,0.0,0.0,0.0,0.0,1.0,0.0,18,2,4,41.7728662996,-87.5839958122,POINT (-87.583995812203 41.772866299646)
dd928e5938b002c0e13406a2de74787943b418535e0501fe9e9a21fb8475fa7a08a04ff2a2b0153339e593e5724d09b9cc87929c1bf72de6945594a2ee3b747b,,12/10/2018 08:48:00 PM,30,NO CONTROLS,NO CONTROLS,CLEAR,"DARKNESS, LIGHTED ROAD",PARKED MOTOR VEHICLE,ONE-WAY,1,STRAIGHT AND LEVEL,DRY,NO DEFECTS,ON SCENE,NO INJURY / DRIVE AWAY,,,,$500 OR LESS,12/10/2018 08:48:00 PM,IMPROPER BACKING,NOT APPLICABLE,5209,N,KENMORE AVE,2023.0,,,,,,,2,NO INDICATION OF INJURY,0.0,0.0,0.0,0.0,0.0,1.0,0.0,20,2,12,41.9766944071,-87.6562774979,POINT (-87.656277497896 41.97669440708)
be0317181f4690b83e300be5686c3880f7f5f502943b616f764ba5416ac71f343a1d82017d4ae4466102c0dac65170b70d1cf512f765e542c9ac2b99782f9b99,,01/05/2024 06:15:00 PM,35,NO CONTROLS,NO CONTROLS,CLEAR,DARKNESS,ANIMAL,DIVIDED - W/MEDIAN (NOT RAISED),,STRAIGHT AND LEVEL,DRY,NO DEFECTS,ON SCENE,INJURY AND / OR TOW DUE TO CRASH,,,,"OVER $1,500",01/05/2024 06:30:00 PM,ANIMAL,ANIMAL,13200,S,TORRENCE AVE,434.0,,,,,,,1,NO INDICATION OF INJURY,0.0,0.0,0.0,0.0,0.0,1.0,0.0,18,6,1,41.6554848752,-87.5594453285,POINT (-87.55944532854 41.655484875173)
5045958cc1693d1ac2f4ebbb3f1192a8e5eb5d8763d22ce01f2d7439c59fca9c86404a19d404813366dd48b648ba148ee5fb931978bb68b71b38c6707ed0d1ef,,11/09/2018 11:00:00 AM,35,NO CONTROLS,NO CONTROLS,SNOW,DAYLIGHT,REAR END,NOT DIVIDED,4,STRAIGHT AND LEVEL,WET,NO DEFECTS,ON SCENE,INJURY AND / OR TOW DUE TO CRASH,,,,"OVER $1,500",11/09/2018 11:45:00 AM,EQUIPMENT - VEHICLE CONDITION,FAILING TO REDUCE SPEED TO AVOID CRASH,5625,N,BROADWAY,2022.0,,,,,,,2,"REPORTED, NOT EVIDENT",1.0,0.0,0.0,0.0,1.0,2.0,0.0,11,6,11,41.9844021603,-87.6599455597,POINT (-87.659945559696 41.984402160261)
74306af82ea2b3bc696c1efc3fcc35d89d879ac16e4d038ccac29e7158e31479f4106fa574a843e2dbe1a67fa2936283e361d1033c03dadfff69d34c00843852,,10/15/2019 05:45:00 PM,30,NO CONTROLS,NO CONTROLS,CLEAR,DAYLIGHT,REAR TO REAR,ONE-WAY,,STRAIGHT AND LEVEL,DRY,NO DEFECTS,NOT ON SCENE (DESK REPORT),NO INJURY / DRIVE AWAY,,,,"OVER $1,500",10/15/2019 06:10:00 PM,FOLLOWING TOO CLOSELY,"OPERATING VEHICLE IN ERRATIC, RECKLESS, CARELESS, NEGLIGENT OR AGGRESSIVE MANNER",5744,S,ADA ST,713.0,,,,,,,2,NO INDICATION OF INJURY,0.0,0.0,0.0,0.0,0.0,2.0,0.0,17,3,10,41.789139016,-87.6585354447,POINT (-87.658535444729 41.789139015991)
dd6352378659ab626fcbadb8f5bf2966aa2c1ff6700cb80915cab7b9de7e9b0cb9c845073c83453128810dc5e3a8fd01c1c3820bac75c05278ecd3af895cb010,,02/25/2020 05:15:00 PM,30,TRAFFIC SIGNAL,FUNCTIONING PROPERLY,SNOW,DUSK,TURNING,DIVIDED - W/MEDIAN (NOT RAISED),,STRAIGHT AND LEVEL,SNOW OR SLUSH,NO DEFECTS,NOT ON SCENE (DESK REPORT),NO INJURY / DRIVE AWAY,Y,,,"OVER $1,500",02/25/2020 05:24:00 PM,IMPROPER TURNING/NO SIGNAL,NOT APPLICABLE,36,W,CONGRESS PKWY,113.0,,,,,,,2,NO INDICATION OF INJURY,0.0,0.0,0.0,0.0,0.0,3.0,0.0,17,3,2,41.8757380182,-87.6289718655,POINT (-87.628971865532 41.875738018246)
abefd85dcacdcf84fe703ee88f696fd6edc4ecec180742a11a5df056b0013efae70b48a468d0d54a535438c5884d9754b06ad54a8b49f9d3b372415cf84ce5b9,,11/17/2019 01:59:00 PM,20,STOP SIGN/FLASHER,FUNCTIONING PROPERLY,CLEAR,DAYLIGHT,PARKED MOTOR VEHICLE,NOT DIVIDED,,STRAIGHT AND LEVEL,DRY,UNKNOWN,ON SCENE,NO INJURY / DRIVE AWAY,,,,"$501 - $1,500",11/17/2019 02:55:00 PM,UNABLE TO DETERMINE,UNABLE TO DETERMINE,3002,E,90TH ST,424.0,,,,,,,2,NO INDICATION OF INJURY,0.0,0.0,0.0,0.0,0.0,1.0,0.0,13,1,11,41.7320139025,-87.551141271,POINT (-87.551141271045 41.732013902503)
1a7734fc9d551471c651563fb3ab090bbf58fcbd6448f4f52b2ee28ecfb9664f9e6178aeb752db1a7cb1bd6583eaf41f1197fc2d5935e3b2ef9ff700e37265bf,,07/05/2024 03:45:00 PM,30,TRAFFIC SIGNAL,FUNCTIONING PROPERLY,CLEAR,DAYLIGHT,TURNING,NOT DIVIDED,,STRAIGHT AND LEVEL,DRY,NO DEFECTS,NOT ON SCENE (DESK REPORT),NO INJURY / DRIVE AWAY,,,,"$501 - $1,500",07/05/2024 04:32:00 PM,UNABLE TO DETERMINE,DRIVING SKILLS/KNOWLEDGE/EXPERIENCE,9862,S,BEVERLY AVE,2213.0,,,,,,,2,NO INDICATION OF INJURY,0.0,0.0,0.0,0.0,0.0,2.0,0.0,15,6,7,41.7141098854,-87.6598526513,POINT (-87.659852651318 41.71410988544)
805b09fe08ae9ed942cc46605257a2979a366d6356d79b5305634b54a143f7377cbe79b5467063276ed86b370680a79d020aa89f2bc1e3637d36984757dbc8c4,,05/25/2023 11:28:00 AM,10,NO CONTROLS,NO CONTROLS,CLEAR,DAYLIGHT,REAR TO SIDE,PARKING LOT,,STRAIGHT AND LEVEL,DRY,NO DEFECTS,ON SCENE,NO INJURY / DRIVE AWAY,,,,"$501 - $1,500",05/25/2023 11:31:00 AM,FAILING TO YIELD RIGHT-OF-WAY,NOT APPLICABLE,1809,W,LAWRENCE AVE,1912.0,,,,,,,2,NO INDICATION OF INJURY,0.0,0.0,0.0,0.0,0.0,3.0,0.0,11,5,5,41.9687002966,-87.6751090975,POINT (-87.675109097517 41.968700296617)
81281f092059acd81a1662f5d8a93150012fb8ac90af79b77fd4b1515c2bca0329c102f4caadfebc10fd634b7f79c47db5a32c4ca917ddef84f94109e9477565,,07/28/2025 08:20:00 AM,25,OTHER,NO CONTROLS,CLEAR,DAYLIGHT,FIXED OBJECT,ALLEY,,STRAIGHT AND LEVEL,DRY,NO DEFECTS,ON SCENE,INJURY AND / OR TOW DUE TO CRASH,N,,,"OVER $1,500",07/28/2025 08:21:00 AM,UNABLE TO DETERMINE,UNABLE TO DETERMINE,419,E,42ND ST,214.0,,,N,,,,1,NO INDICATION OF INJURY,0.0,0.0,0.0,0.0,0.0,1.0,0.0,8,2,7,41.8183408016,-87.6157668072,POINT (-87.615766807204 41.818340801615)
9c6860ababb9be133bcc43887868b4f905e6351f086af613ba7965ff9c9cdfa248ce111dad184cab0fdb7da1cd1fa869bf246e74f28b88049656842c909ef57e,,04/17/2024 04:40:00 AM,35,TRAFFIC SIGNAL,FUNCTIONING PROPERLY,CLEAR,"DARKNESS, LIGHTED ROAD",REAR END,ONE-WAY,,STRAIGHT AND LEVEL,DRY,NO DEFECTS,NOT ON SCENE (DESK REPORT),NO INJURY / DRIVE AWAY,,,,"OVER $1,500",04/17/2024 04:41:00 AM,FOLLOWING TOO CLOSELY,DRIVING SKILLS/KNOWLEDGE/EXPERIENCE,162,N,BESSIE COLEMAN DR,1654.0,,,,,,,2,NO INDICATION OF INJURY,0.0,0.0,0.0,0.0,0.0,2.0,0.0,4,4,4,,,
63f868d7a0455283114fe15daeaf45926271997e380858cb1646203c060f92d068b29b46ef7e275a07363c64b846191abd7e7b66c7db01bdd56dc20fa7bc76d2,,12/02/2024 03:51:00 PM,20,NO CONTROLS,NO CONTROLS,CLEAR,DAYLIGHT,SIDESWIPE SAME DIRECTION,OTHER,,STRAIGHT AND LEVEL,DRY,NO DEFECTS,ON SCENE,NO INJURY / DRIVE AWAY,,,,"$501 - $1,500",12/02/2024 03:59:00 PM,FAILING TO YIELD RIGHT-OF-WAY,DRIVING SKILLS/KNOWLEDGE/EXPERIENCE,5,W,TERMINAL ST,1655.0,,,,,,,2,NO INDICATION OF INJURY,0.0,0.0,0.0,0.0,0.0,2.0,0.0,15,2,12,,,
414add75769139035231c1cd8075c5dea7037722aa58ba31f4f256a13b94c1d164b7c8cf002c81f9e0054825f1d681c33971bb8544750d9ccaf2a128743412fc,,08/31/2016 10:20:00 PM,30,NO CONTROLS,NO CONTROLS,CLEAR,"DARKNESS, LIGHTED ROAD",PARKED MOTOR VEHICLE,PARKING LOT,0,STRAIGHT AND LEVEL,DRY,NO DEFECTS,NOT ON SCENE (DESK REPORT),NO INJURY / DRIVE AWAY,,,Y,"OVER $1,500",08/31/2016 11:22:00 PM,IMPROPER BACKING,"OPERATING VEHICLE IN ERRATIC, RECKLESS, CARELESS, NEGLIGENT OR AGGRESSIVE MANNER",5704,N,CENTRAL AVE,1622.0,,,,,,,2,NO INDICATION OF INJURY,0.0,0.0,0.0,0.0,0.0,1.0,0.0,22,4,8,41.9848849514,-87.7684487549,POINT (-87.768448754948 41.984884951415)
aacd292a2fb64899113d4d59bcffbba8cbc243b834700542db4847f017c28c0b99f343b6a8d25c0666b5bd79541a12279b96c2edbe4414048681c0251bac7ba9,,02/14/2021 10:07:00 PM,30,TRAFFIC SIGNAL,FUNCTIONING PROPERLY,SNOW,"DARKNESS, LIGHTED ROAD",TURNING,FOUR WAY,,STRAIGHT AND LEVEL,SNOW OR SLUSH,UNKNOWN,NOT ON SCENE (DESK REPORT),NO INJURY / DRIVE AWAY,Y,,,"OVER $1,500",02/14/2021 11:11:00 PM,FAILING TO YIELD RIGHT-OF-WAY,WEATHER,3600,W,FULLERTON AVE,2524.0,,,,,,,2,NO INDICATION OF INJURY,0.0,0.0,0.0,0.0,0.0,2.0,0.0,22,1,2,41.9247124142,-87.7170573515,POINT (-87.717057351489 41.924712414194)
174bb3dab55e1a85d35b6fe21813fbab0db92756be405eb1d10984f278b6eb7a355203ba653b8ba21334a5a2757adda3c85e0358ebd2dddddeafc3227ab4ba75,,10/26/2019 05:54:00 PM,20,NO CONTROLS,NO CONTROLS,RAIN,"DARKNESS, LIGHTED ROAD",FIXED OBJECT,PARKING LOT,,STRAIGHT AND LEVEL,WET,NO DEFECTS,ON SCENE,INJURY AND / OR TOW DUE TO CRASH,,,,"OVER $1,500",10/26/2019 05:54:00 PM,NOT APPLICABLE,NOT APPLICABLE,5044,N,DAMEN AVE,2032.0,,,,,,,1,NO INDICATION OF INJURY,0.0,0.0,0.0,0.0,0.0,1.0,0.0,17,7,10,41.9737005019,-87.6794820313,POINT (-87.679482031305 41.973700501869)
1757d828fd1d0af9a2d0743d3baec347b8661b855decaebece5cb638a4aba07ad387cf583c6c9bb36a1667a25c4c3a9f6753a1983d9e19e2bd9c129aebe3652c,,08/25/2022 12:55:00 PM,10,NO CONTROLS,NO CONTROLS,CLOUDY/OVERCAST,DAYLIGHT,PARKED MOTOR VEHICLE,PARKING LOT,,STRAIGHT AND LEVEL,DRY,UNKNOWN,ON SCENE,NO INJURY / DRIVE AWAY,,,,"$501 - $1,500",08/25/2022 01:55:00 PM,UNABLE TO DETERMINE,UNABLE TO DETERMINE,157,W,DIVISION ST,1824.0,,,,,,,2,NO INDICATION OF INJURY,0.0,0.0,0.0,0.0,0.0,1.0,0.0,12,5,8,41.9037569383,-87.6336184333,POINT (-87.633618433327 41.903756938255)
1eba6fde283d1c8150d072a2732a3915fb94f7394320b99ad05dee70cd8b0311170f70ee3b1ea38f995180739dc5383bbb3a8929edac1bc1f3e0155a5dfc9ad9,,05/19/2019 11:19:00 AM,30,NO CONTROLS,NO CONTROLS,UNKNOWN,DAYLIGHT,ANGLE,OTHER,,STRAIGHT AND LEVEL,WET,UNKNOWN,ON SCENE,INJURY AND / OR TOW DUE TO CRASH,,,,"OVER $1,500",05/19/2019 11:20:00 AM,FAILING TO YIELD RIGHT-OF-WAY,UNABLE TO DETERMINE,9517,S,MUSKEGON AVE,431.0,,,,,,,2,NO INDICATION OF INJURY,0.0,0.0,0.0,0.0,0.0,2.0,0.0,11,1,5,41.7221734326,-87.5550679158,POINT (-87.555067915849 41.722173432605)