CRASH_RECORD_ID,CRASH_DATE_EST_I,CRASH_DATE,POSTED_SPEED_LIMIT,TRAFFIC_CONTROL_DEVICE,DEVICE_CONDITION,WEATHER_CONDITION,LIGHTING_CONDITION,FIRST_CRASH_TYPE,TRAFFICWAY_TYPE,LANE_CNT,ALIGNMENT,ROADWAY_SURFACE_COND,ROAD_DEFECT,REPORT_TYPE,CRASH_TYPE,INTERSECTION_RELATED_I,NOT_RIGHT_OF_WAY_I,HIT_AND_RUN_I,DAMAGE,DATE_POLICE_NOTIFIED,PRIM_CONTRIBUTORY_CAUSE,SEC_CONTRIBUTORY_CAUSE,STREET_NO,STREET_DIRECTION,STREET_NAME,BEAT_OF_OCCURRENCE,PHOTOS_TAKEN_I,STATEMENTS_TAKEN_I,DOORING_I,WORK_ZONE_I,WORK_ZONE_TYPE,WORKERS_PRESENT_I,NUM_UNITS,MOST_SEVERE_INJURY,INJURIES_TOTAL,INJURIES_FATAL,INJURIES_INCAPACITATING,INJURIES_NON_INCAPACITATING,INJURIES_REPORTED_NOT_EVIDENT,INJURIES_NO_INDICATION,INJURIES_UNKNOWN,CRASH_HOUR,CRASH_DAY_OF_WEEK,CRASH_MONTH,LATITUDE,LONGITUDE,LOCATION
571d46f6ef4cd183555c613a57484ab712475e16a304465ef7cc4feb344290ab1a5dc45cb2dd6fd69766e2eb0b085a896a3181c69fa6f8cce3be29758addcddc,,08/28/2025 08:37:00 PM,35,STOP SIGN/FLASHER,OTHER,CLEAR,"DARKNESS, LIGHTED ROAD",ANGLE,FOUR WAY,,STRAIGHT AND LEVEL,DRY,NO DEFECTS,NOT ON SCENE (DESK REPORT),NO INJURY / DRIVE AWAY,,,,$500 OR LESS,08/28/2025 09:10:00 PM,UNABLE TO DETERMINE,UNABLE TO DETERMINE,7500,S,COLES AVE,421.0,,,,,,,2,NO INDICATION OF INJURY,0.0,0.0,0.0,0.0,0.0,2.0,0.0,20,5,8,41.7597491553,-87.558686097,POINT (-87.558686096985 41.759749155254)
fbba823aa5f6cdada03bf7bc9b02c438fd0143206ef3ff1979400d8578d524d63052b9c4037057761da833e1b93e19c7c7b2f28463626e3ea830e14a29149300,,06/03/2016 08:30:00 AM,0,NO CONTROLS,NO CONTROLS,UNKNOWN,UNKNOWN,PARKED MOTOR VEHICLE,PARKING LOT,0,STRAIGHT AND LEVEL,UNKNOWN,UNKNOWN,NOT ON SCENE (DESK REPORT),NO INJURY / DRIVE AWAY,,Y,,"OVER $1,500",06/03/2016 12:30:00 PM,IMPROPER BACKING,UNABLE TO DETERMINE,3554,W,NORTH AVE,1422.0,,,,,,,2,NO INDICATION OF INJURY,0.0,0.0,0.0,0.0,0.0,1.0,0.0,8,6,6,41.9101080822,-87.7163634778,POINT (-87.716363477798 41.910108082249)
f20e271624515c0bfadabafbff5097663fc4755e69e5add906c7cc5fb55eeef46abd7eb646120009ef49d2b0f8ad759e6aed681289e35b82b344249d3c349fc8,,08/10/2020 09:03:00 AM,30,TRAFFIC SIGNAL,FUNCTIONING PROPERLY,CLEAR,DAYLIGHT,TURNING,NOT DIVIDED,,STRAIGHT AND LEVEL,DRY,UNKNOWN,NOT ON SCENE (DESK REPORT),NO INJURY / DRIVE AWAY,Y,,,"$501 - $1,500",08/10/2020 10:10:00 AM,UNABLE TO DETERMINE,NOT APPLICABLE,5176,S,CICERO AVE,814.0,,,,,,,2,NO INDICATION OF INJURY,0.0,0.0,0.0,0.0,0.0,2.0,0.0,9,2,8,41.7987409104,-87.7430789522,POINT (-87.743078952172 41.79874091043)
3d8ba3e407a7e86c9f4e8d10db32d42a45d1fefe1435c3666b7c6d3d71c891587f0272c3d3a9078be2333eaccbe96d6eab96ba1bb3a3c78c1cfa87d31fbe5367,,06/17/2025 10:40:00 AM,30,NO CONTROLS,NO CONTROLS,CLEAR,DAYLIGHT,REAR END,DIVIDED - W/MEDIAN (NOT RAISED),,STRAIGHT AND LEVEL,DRY,UNKNOWN,ON SCENE,NO INJURY / DRIVE AWAY,,,,"OVER $1,500",06/17/2025 10:42:00 AM,UNABLE TO DETERMINE,UNABLE TO DETERMINE,2616,N,CICERO AVE,2521.0,,,,,,,2,NO INDICATION OF INJURY,0.0,0.0,0.0,0.0,0.0,5.0,0.0,10,3,6,41.9284540814,-87.7466156311,POINT (-87.746615631056 41.928454081408)
a6d9bf32615423bcadde4b739dec6385e398e1f54ee3f6fab4895e02a74e040d52508fdde5ef2e3dbddc2eae9c1e979d26f60d3ff579d7ab0765471bde74d759,,03/13/2025 02:10:00 PM,30,NO CONTROLS,NO CONTROLS,CLEAR,DAYLIGHT,REAR END,NOT DIVIDED,,STRAIGHT AND LEVEL,DRY,NO DEFECTS,NOT ON SCENE (DESK REPORT),NO INJURY / DRIVE AWAY,,,,"OVER $1,500",03/13/2025 02:40:00 PM,UNABLE TO DETERMINE,UNABLE TO DETERMINE,3515,S,WESTERN BLVD,912.0,,,,,,,2,NO INDICATION OF INJURY,0.0,0.0,0.0,0.0,0.0,2.0,0.0,14,5,3,41.829792424,-87.6842997367,POINT (-87.684299736708 41.829792423978)
7faff58f05736038c29ba7e4bc14a9d9185a556aaf9833d4cb8e93ca49091d5af844919fb6daa9d5673792bf10ba635c30b2df3d3c58bdd78c56830a71c1b89e,,11/20/2024 02:15:00 PM,20,STOP SIGN/FLASHER,NO CONTROLS,CLEAR,DAYLIGHT,PARKED MOTOR VEHICLE,ONE-WAY,,STRAIGHT AND LEVEL,DRY,NO DEFECTS,NOT ON SCENE (DESK REPORT),NO INJURY / DRIVE AWAY,,,Y,"OVER $1,500",11/20/2024 02:45:00 PM,UNABLE TO DETERMINE,NOT APPLICABLE,8442,S,WINCHESTER AVE,614.0,,,,,,,2,NO INDICATION OF INJURY,0.0,0.0,0.0,0.0,0.0,1.0,0.0,14,4,11,41.7398589176,-87.6718211642,POINT (-87.671821164172 41.739858917573)
5430a718a45cace0c976178a370f278024864d3e57f452a77d072b6e526de0c60339a4786baa26f70fb1c1dc3816020e10066a1d7cee92910a94f3ecbe2be3fc,,01/17/2025 05:30:00 PM,30,TRAFFIC SIGNAL,UNKNOWN,CLEAR,"DARKNESS, LIGHTED ROAD",TURNING,FOUR WAY,,STRAIGHT AND LEVEL,UNKNOWN,UNKNOWN,NOT ON SCENE (DESK REPORT),NO INJURY / DRIVE AWAY,Y,,,"OVER $1,500",01/17/2025 05:40:00 PM,UNABLE TO DETERMINE,NOT APPLICABLE,3600,W,OGDEN AVE,1014.0,,,,,,,2,NO INDICATION OF INJURY,0.0,0.0,0.0,0.0,0.0,2.0,0.0,17,6,1,41.8546457019,-87.7152062518,POINT (-87.715206251845 41.854645701934)
3d73b067dbadf58691f7f9cddf043b049375dcc1da1e37a1709c620c682bc87c645d1d83458ba3d5e1a7d9b3fbdbcc5b001510b554453612ac0e460fa0f01470,,06/15/2024 05:20:00 PM,30,TRAFFIC SIGNAL,FUNCTIONING PROPERLY,CLEAR,DAYLIGHT,SIDESWIPE SAME DIRECTION,FOUR WAY,,STRAIGHT AND LEVEL,DRY,UNKNOWN,NOT ON SCENE (DESK REPORT),NO INJURY / DRIVE AWAY,,,Y,"$501 - $1,500",06/16/2024 03:33:00 PM,"OPERATING VEHICLE IN ERRATIC, RECKLESS, CARELESS, NEGLIGENT OR AGGRESSIVE MANNER",NOT APPLICABLE,1200,W,FULLERTON AVE,1932.0,,,,,,,2,NO INDICATION OF INJURY,0.0,0.0,0.0,0.0,0.0,2.0,0.0,17,7,6,41.9253999806,-87.6585591016,POINT (-87.658559101601 41.925399980558)
0853b225ecb6c88b913d6119d5b985ab5f07b09499c0db95c29d586dbe6c2d401d709b88de32263b3847ffd8ea164bd057192f72c9813a6353d57cfd0ccb3e13,,05/28/2017 02:50:00 AM,35,NO CONTROLS,NO CONTROLS,CLEAR,DARKNESS,SIDESWIPE SAME DIRECTION,NOT DIVIDED,3,STRAIGHT AND LEVEL,DRY,NO DEFECTS,NOT ON SCENE (DESK REPORT),NO INJURY / DRIVE AWAY,,,,"$501 - $1,500",05/28/2017 03:10:00 AM,IMPROPER LANE USAGE,IMPROPER LANE USAGE,42,E,WACKER DR,111.0,,,,,,,2,NO INDICATION OF INJURY,0.0,0.0,0.0,0.0,0.0,2.0,0.0,2,1,5,41.8874310866,-87.6266795065,POINT (-87.626679506471 41.887431086623)
8c82400d56ebae9997921d92229876b58ccde339b8238eef53af71c4eb3aefb2a11380a3628f5a60ff0306ebc1200155bd0f17f57d4f35a982362657fe7bad01,,06/10/2025 04:22:00 PM,30,NO CONTROLS,NO CONTROLS,CLEAR,DAYLIGHT,SIDESWIPE SAME DIRECTION,NOT DIVIDED,,STRAIGHT AND LEVEL,DRY,NO DEFECTS,NOT ON SCENE (DESK REPORT),NO INJURY / DRIVE AWAY,,,,"OVER $1,500",06/10/2025 04:50:00 PM,UNABLE TO DETERMINE,UNABLE TO DETERMINE,4750,W,FOSTER AVE,1712.0,,,,,,,2,NO INDICATION OF INJURY,0.0,0.0,0.0,0.0,0.0,3.0,0.0,16,3,6,41.975455379,-87.7476027753,POINT (-87.747602775308 41.97545537896)
28c52704d24e8bed15b4e6ec07819a1b791f148ade58f975521b054267a1bce7ed4586ae752203eb1da335074536c5b38836fb707d4e46ee721034ec38cf8356,,02/13/2019 12:00:00 PM,30,NO CONTROLS,NO CONTROLS,CLEAR,DAYLIGHT,REAR END,DIVIDED - W/MEDIAN BARRIER,4,STRAIGHT AND LEVEL,UNKNOWN,UNKNOWN,NOT ON SCENE (DESK REPORT),NO INJURY / DRIVE AWAY,,,Y,"OVER $1,500",02/13/2019 01:07:00 PM,FOLLOWING TOO CLOSELY,UNABLE TO DETERMINE,1537,N,LA SALLE DR,1821.0,,,,,,,3,NO INDICATION OF INJURY,0.0,0.0,0.0,0.0,0.0,3.0,0.0,12,4,2,41.9102485792,-87.632971857,POINT (-87.63297185705 41.910248579199)
c41aea23e1c77c352239b8fd142c1d71c9cb97b4547f240f80341461f28cbee17b32cac87eaad5be167b3a52d63251d094aae66cb36c03f33630a1bfb1ddb1aa,,01/27/2025 12:41:00 PM,10,NO CONTROLS,NO CONTROLS,CLEAR,DAYLIGHT,PARKED MOTOR VEHICLE,OTHER,,STRAIGHT AND LEVEL,UNKNOWN,UNKNOWN,NOT ON SCENE (DESK REPORT),NO INJURY / DRIVE AWAY,,,Y,"OVER $1,500",02/03/2025 08:30:00 PM,UNABLE TO DETERMINE,NOT APPLICABLE,4250,N,MARINE DR,1915.0,,,,,,,2,NO INDICATION OF INJURY,0.0,0.0,0.0,0.0,0.0,1.0,0.0,12,2,1,41.960019954,-87.6469060276,POINT (-87.646906027619 41.960019954019)
a8c17ee2eddd9b0606d9ca632048a65ae58de0b342cb5796071d1755f09ac5f1e04f229dfc1e6b5712b5fac59ebb2e668ca50879fbd8b4ca6c5f3917cd9363fa,,10/21/2024 11:30:00 AM,10,NO CONTROLS,NO CONTROLS,UNKNOWN,UNKNOWN,PARKED MOTOR VEHICLE,PARKING LOT,,STRAIGHT AND LEVEL,UNKNOWN,UNKNOWN,NOT ON SCENE (DESK REPORT),NO INJURY / DRIVE AWAY,,,Y,"OVER $1,500",10/21/2024 05:30:00 PM,UNABLE TO DETERMINE,NOT APPLICABLE,4759,W,FULLERTON AVE,2522.0,,,,,,,2,NO INDICATION OF INJURY,0.0,0.0,0.0,0.0,0.0,1.0,0.0,11,2,10,41.9241304308,-87.7462374335,POINT (-87.746237433534 41.92413043084)
d63a55db38f9c8e38da19cea36894f8c36bc15d4faa72729f4928e5c8a69238fa88d231b3ab2f93227877bee73f4fde83cf467aed92241e84eb648b5279a1a7e,,05/15/2017 06:00:00 PM,30,TRAFFIC SIGNAL,NO CONTROLS,CLEAR,DAYLIGHT,REAR END,DIVIDED - W/MEDIAN (NOT RAISED),4,STRAIGHT AND LEVEL,DRY,NO DEFECTS,NOT ON SCENE (DESK REPORT),NO INJURY / DRIVE AWAY,Y,,,"$501 - $1,500",05/16/2017 03:20:00 PM,FOLLOWING TOO CLOSELY,NOT APPLICABLE,2358,W,PRATT BLVD,2411.0,,,,,,,2,NO INDICATION OF INJURY,0.0,0.0,0.0,0.0,0.0,2.0,0.0,18,2,5,42.0051445345,-87.6899687325,POINT (-87.689968732521 42.005144534455)
84d718a06bc94e6e55d4625b28dc662503f81bf986505e3e46b8fb166b4352d6763dcaa3214f168d13550f41f60d2289e9ed4d13e498ed359979df84467a9629,,11/22/2022 07:28:00 PM,35,TRAFFIC SIGNAL,FUNCTIONING PROPERLY,CLEAR,DAYLIGHT,SIDESWIPE SAME DIRECTION,DIVIDED - W/MEDIAN (NOT RAISED),,STRAIGHT AND LEVEL,DRY,NO DEFECTS,NOT ON SCENE (DESK REPORT),NO INJURY / DRIVE AWAY,,,,"$501 - $1,500",11/22/2022 08:01:00 PM,UNABLE TO DETERMINE,UNABLE TO DETERMINE,7901,S,KEDZIE AVE,835.0,,,,,,,2,NO INDICATION OF INJURY,0.0,0.0,0.0,0.0,0.0,2.0,0.0,19,3,11,41.7497284151,-87.7022464674,POINT (-87.702246467369 41.749728415098)
1fcb9cc6a5b54230a74805458f721e18edcfc2f477c0a99c4b921d13b956e5f60a325bd01f844028f7e8db632f6b4e9f1ffb4ee6234790c626eda6eddcae167f,,04/20/2021 08:00:00 AM,30,STOP SIGN/FLASHER,NO CONTROLS,CLEAR,DAYLIGHT,TURNING,ONE-WAY,,STRAIGHT AND LEVEL,DRY,NO DEFECTS,NOT ON SCENE (DESK REPORT),NO INJURY / DRIVE AWAY,Y,,,"$501 - $1,500",04/20/2021 01:15:00 PM,IMPROPER LANE USAGE,NOT APPLICABLE,1850,W,CONGRESS PKWY,1225.0,,,,,,,2,NO INDICATION OF INJURY,0.0,0.0,0.0,0.0,0.0,2.0,0.0,8,3,4,41.8751743582,-87.6735667201,POINT (-87.673566720064 41.87517435823)
468030597024c5fac462c2f9e4bfebe2b50906e9140e4dac5f7bae94b236e89f6f3b950cd51f6044951c164279ff85fe8518325c29713ad04c1279ca8e91b4d5,,06/27/2019 08:09:00 AM,30,NO CONTROLS,NO CONTROLS,CLEAR,DAYLIGHT,FIXED OBJECT,NOT DIVIDED,,STRAIGHT AND LEVEL,DRY,NO DEFECTS,ON SCENE,NO INJURY / DRIVE AWAY,,,,$500 OR LESS,06/27/2019 08:17:00 AM,IMPROPER BACKING,NOT APPLICABLE,65,E,HARRISON ST,123.0,,,,,,,1,NO INDICATION OF INJURY,0.0,0.0,0.0,0.0,0.0,1.0,0.0,8,5,6,41.874313521,-87.6253198326,POINT (-87.625319832619 41.874313521008)
93b07770550f5d1dd394421f12b235411e179a4cb093a47ffd6f0b72f35dd5cf748fdfb4581852f1bd7158bf6f7e1964c3edb329406e6065e87980bac503e53a,,05/25/2025 05:30:00 PM,15,NO CONTROLS,NO CONTROLS,CLEAR,DAYLIGHT,PARKED MOTOR VEHICLE,PARKING LOT,,STRAIGHT AND LEVEL,DRY,NO DEFECTS,NOT ON SCENE (DESK REPORT),NO INJURY / DRIVE AWAY,,,Y,"OVER $1,500",05/25/2025 05:38:00 PM,NOT APPLICABLE,NOT APPLICABLE,5724,S,KEDZIE AVE,822.0,,,,,,,2,NO INDICATION OF INJURY,0.0,0.0,0.0,0.0,0.0,3.0,0.0,17,1,5,41.789112548,-87.7035797266,POINT (-87.703579726608 41.789112548017)
26f6f3defe80c4d5fbf2c0cf210a70d6ff294e527401c896db6c1f9227dd706b414f4919e3452a07635a7bf0262956da92d711971c70e95e42bd078492c6f37b,,04/25/2022 08:29:00 AM,30,STOP SIGN/FLASHER,FUNCTIONING PROPERLY,CLEAR,DAYLIGHT,PARKED MOTOR VEHICLE,NOT DIVIDED,,STRAIGHT AND LEVEL,DRY,NO DEFECTS,ON SCENE,NO INJURY / DRIVE AWAY,,,,"OVER $1,500",04/25/2022 08:29:00 AM,UNABLE TO DETERMINE,UNABLE TO DETERMINE,4352,W,BELMONT AVE,1731.0,,,,,,,2,NO INDICATION OF INJURY,0.0,0.0,0.0,0.0,0.0,4.0,0.0,8,2,4,41.9390753092,-87.7367386737,POINT (-87.736738673712 41.93907530924)
ea0b76158e5e41001b631c2ad590ecb459d7d8d4f91742a335dd004adbc3e67056dc515ca0626e9d1ba9a4ea69d9f9867fd43f8f82792dc134a21ef0a9fc2a35,Y,01/25/2019 12:00:00 PM,0,NO CONTROLS,NO CONTROLS,CLEAR,DAYLIGHT,PARKED MOTOR VEHICLE,NOT DIVIDED,2,STRAIGHT AND LEVEL,DRY,NO DEFECTS,ON SCENE,NO INJURY / DRIVE AWAY,,,Y,$500 OR LESS,01/25/2019 12:30:00 PM,UNABLE TO DETERMINE,UNABLE TO DETERMINE,2035,N,MOBILE AVE,2512.0,,,,,,,2,NO INDICATION OF INJURY,0.0,0.0,0.0,0.0,0.0,1.0,0.0,12,6,1,41.9175933405,-87.7826626677,POINT (-87.782662667659 41.917593340511)
8fa85893fbd574ec7d1adc52894d588eff5f2e6cccccdf545f3c71cfff14f00b151a7c7252d54688d15f930ba0fb6c365cd89c992c2f5890d493cd72725b6ff7,,08/24/2021 05:35:00 PM,30,TRAFFIC SIGNAL,FUNCTIONING PROPERLY,UNKNOWN,UNKNOWN,TURNING,"FIVE POINT, OR MORE",,STRAIGHT AND LEVEL,UNKNOWN,UNKNOWN,,INJURY AND / OR TOW DUE TO CRASH,Y,,,"OVER $1,500",08/25/2021 07:00:00 AM,UNABLE TO DETERMINE,NOT APPLICABLE,7859,S,STONY ISLAND AVE,411.0,,,,,,,2,NO INDICATION OF INJURY,0.0,0.0,0.0,0.0,0.0,2.0,0.0,17,3,8,41.75151786,-87.5854651406,POINT (-87.585465140554 41.751517859972)
b46467d063af8e2717e2f7d97beafe13db43def654147ab92cb29999f1a9dbc92457dd7faadeb6f9daaec8c6ad0cbe9a288b71d52b6ba0aa932aee95247b9b03,,07/31/2018 10:10:00 PM,30,NO CONTROLS,NO CONTROLS,CLEAR,"DARKNESS, LIGHTED ROAD",OTHER OBJECT,ONE-WAY,1,STRAIGHT AND LEVEL,DRY,NO DEFECTS,ON SCENE,INJURY AND / OR TOW DUE TO CRASH,,,,"OVER $1,500",07/31/2018 10:13:00 PM,DISTRACTION - FROM OUTSIDE VEHICLE,NOT APPLICABLE,6012,W,DAKIN ST,1633.0,,,,,,,1,NO INDICATION OF INJURY,0.0,0.0,0.0,0.0,0.0,1.0,0.0,22,3,7,41.9522113354,-87.7773214672,POINT (-87.777321467171 41.952211335447)
303c76b9a645208c4ad969ff3707d71739c733828b140eda5d2b4383ae861f67cc3d428621c5e22a1b0e2a6bdcb9db5dc616652d0dfbc57b467d403629c69f99,,10/18/2023 07:05:00 PM,20,NO CONTROLS,NO CONTROLS,CLEAR,DARKNESS,REAR END,DIVIDED - W/MEDIAN (NOT RAISED),,STRAIGHT AND LEVEL,DRY,NO DEFECTS,NOT ON SCENE (DESK REPORT),NO INJURY / DRIVE AWAY,,,Y,"OVER $1,500",10/18/2023 07:45:00 PM,FOLLOWING TOO CLOSELY,NOT APPLICABLE,9929,S,VINCENNES AVE,2232.0,,,,,,,2,NO INDICATION OF INJURY,0.0,0.0,0.0,0.0,0.0,2.0,0.0,19,4,10,41.7131811169,-87.6534980644,POINT (-87.653498064356 41.713181116866)
09c71847922feae28387334b1c77528890164d19410110ab47fc36b824d415f8e6e0a5077f81ab8fedc6c9fa9ec864eb81abe5f24f0cb42f5f35b56c14781f39,,03/18/2020 03:30:00 PM,35,TRAFFIC SIGNAL,FUNCTIONING PROPERLY,RAIN,"DARKNESS, LIGHTED ROAD",SIDESWIPE SAME DIRECTION,DIVIDED - W/MEDIAN (NOT RAISED),,STRAIGHT AND LEVEL,WET,NO DEFECTS,NOT ON SCENE (DESK REPORT),NO INJURY / DRIVE AWAY,Y,,,"$501 - $1,500",03/19/2020 10:30:00 AM,IMPROPER OVERTAKING/PASSING,NOT APPLICABLE,2800,W,51ST ST,923.0,,,,,,,2,NO INDICATION OF INJURY,0.0,0.0,0.0,0.0,0.0,2.0,0.0,15,4,3,41.801097935,-87.6940649966,POINT (-87.694064996621 41.801097935023)
e28d4658cb6b40224b601ee6c8382af5b4c7e65c979a0f9883d7edb0c482d5c45563cbb585ef3eadc3d66b520b9fc4439cffeff92a2b2c6dcfa2508b23f5cfb5,,10/23/2025 11:10:00 AM,30,TRAFFIC SIGNAL,FUNCTIONING PROPERLY,CLEAR,DAYLIGHT,TURNING,FOUR WAY,,STRAIGHT AND LEVEL,DRY,NO DEFECTS,ON SCENE,NO INJURY / DRIVE AWAY,Y,,Y,"OVER $1,500",10/23/2025 11:13:00 AM,IMPROPER TURNING/NO SIGNAL,IMPROPER TURNING/NO SIGNAL,5500,S,WELLS ST,711.0,,,,,,,2,NO INDICATION OF INJURY,0.0,0.0,0.0,0.0,0.0,2.0,0.0,11,5,10,41.7941994854,-87.6319254825,POINT (-87.631925482492 41.794199485414)
b2e78bbaf1a5b5cf5068d16f2e0280f35ab568027e4f8b896996007f2032f8d6d5783749ffe876d77c26d5c752b4e88f12c803d6e76e338ce6c7842daf7ddee3,,05/02/2016 02:30:00 PM,15,NO CONTROLS,NO CONTROLS,CLEAR,DAYLIGHT,PARKED MOTOR VEHICLE,PARKING LOT,1,STRAIGHT AND LEVEL,DRY,NO DEFECTS,NOT ON SCENE (DESK REPORT),NO INJURY / DRIVE AWAY,,,Y,"$501 - $1,500",05/03/2016 09:57:00 AM,UNABLE TO DETERMINE,UNABLE TO DETERMINE,4655,S,DEARBORN ST,215.0,,,,,,,2,NO INDICATION OF INJURY,0.0,0.0,0.0,0.0,0.0,1.0,0.0,14,2,5,41.8096548026,-87.6270297981,POINT (-87.627029798059 41.809654802647)
bce97d382f6cee80da8395c39c5897aa913ffc9cb6fed15990909c681b1482b9b8b81cc20b359c77027ea5bcc6b6ab403559a1f1d3c2988a5a987ac2e86b91ef,,12/10/2021 04:25:00 PM,30,NO CONTROLS,NO CONTROLS,RAIN,"DARKNESS, LIGHTED ROAD",SIDESWIPE SAME DIRECTION,NOT DIVIDED,,STRAIGHT AND LEVEL,WET,UNKNOWN,ON SCENE,INJURY AND / OR TOW DUE TO CRASH,,,Y,"OVER $1,500",12/10/2021 04:25:00 PM,FAILING TO REDUCE SPEED TO AVOID CRASH,UNABLE TO DETERMINE,6234,N,BROADWAY,2433.0,,,,,,,2,NO INDICATION OF INJURY,0.0,0.0,0.0,0.0,0.0,2.0,0.0,16,6,12,41.9955702909,-87.6605830711,POINT (-87.660583071124 41.995570290931)
54eed637098d5bde7bf2d6615cb075286f4cab2d395357ea28fb7f3a4b8ecd0b5de12b65bc04353b90bb699af181cce421f18a03210f8100cf86ef800f91fbf9,,06/22/2019 03:00:00 PM,20,NO CONTROLS,NO CONTROLS,CLEAR,DAYLIGHT,PARKED MOTOR VEHICLE,PARKING LOT,,CURVE ON HILLCREST,DRY,"RUT, HOLES",ON SCENE,NO INJURY / DRIVE AWAY,,Y,Y,$500 OR LESS,06/22/2019 04:15:00 PM,UNABLE TO DETERMINE,UNABLE TO DETERMINE,1701,S,WENTWORTH ST,914.0,,,,,,,2,NO INDICATION OF INJURY,0.0,0.0,0.0,0.0,0.0,1.0,0.0,15,7,6,41.8589362978,-87.6317082219,POINT (-87.631708221889 41.858936297782)
14c06f2f6a7817ebcc2ef2bef9040fa0431c88dc9752f923fc140523800e5bbaa34f68c91036ed9393d5e96cdd30e8052896cb15cb77bc0bc01603314fcd2463,,05/15/2019 10:12:00 PM,30,NO CONTROLS,NO CONTROLS,CLEAR,"DARKNESS, LIGHTED ROAD",PARKED MOTOR VEHICLE,NOT DIVIDED,,CURVE ON GRADE,DRY,UNKNOWN,ON SCENE,INJURY AND / OR TOW DUE TO CRASH,,,,"OVER $1,500",05/15/2019 10:12:00 PM,UNABLE TO DETERMINE,UNDER THE INFLUENCE OF ALCOHOL/DRUGS (USE WHEN ARREST IS EFFECTED),6106,N,PULASKI RD,1711.0,,,,,,,2,NO INDICATION OF INJURY,0.0,0.0,0.0,0.0,0.0,1.0,0.0,22,4,5,41.9921705451,-87.7290182738,POINT (-87.729018273837 41.992170545101)
6f4ee468ade1ddc8a46a7109b8c1ff2a85891383a2a276f1b89e1b7e5015d7f1e483d7c8e507e5988e9b2ea457c590db57c0916fa4f5894339d2755a979b5898,,02/05/2023 03:05:00 PM,30,STOP SIGN/FLASHER,FUNCTIONING PROPERLY,CLEAR,DAYLIGHT,ANGLE,NOT DIVIDED,,STRAIGHT AND LEVEL,DRY,NO DEFECTS,NOT ON SCENE (DESK REPORT),NO INJURY / DRIVE AWAY,,,,"$501 - $1,500",02/05/2023 03:14:00 PM,NOT APPLICABLE,NOT APPLICABLE,6300,S,KILDARE AVE,813.0,,,,,,,2,NO INDICATION OF INJURY,0.0,0.0,0.0,0.0,0.0,2.0,0.0,15,1,2,41.7785411324,-87.7302195908,POINT (-87.730219590807 41.778541132384)
d3d891a8ac6b45e678a97b4c84be6f657fb62a7c99116469a5956b08a9a54944bf1d1602d0ccaba1d406d94912d5e943d918c1d920019d2bcd471b962747ddfa,,12/06/2019 03:15:00 PM,30,TRAFFIC SIGNAL,FUNCTIONING PROPERLY,CLEAR,DAYLIGHT,REAR END,DIVIDED - W/MEDIAN (NOT RAISED),,STRAIGHT AND LEVEL,DRY,NO DEFECTS,ON SCENE,INJURY AND / OR TOW DUE TO CRASH,,,,"$501 - $1,500",12/06/2019 03:30:00 PM,UNABLE TO DETERMINE,NOT APPLICABLE,2406,N,KIMBALL AVE,1413.0,,,,,,,2,"REPORTED, NOT EVIDENT",2.0,0.0,0.0,0.0,2.0,1.0,0.0,15,6,12,41.9249195177,-87.7122583304,POINT (-87.712258330393 41.924919517717)
df4d89d5e66f3634a537692131c44753af7726d845cb90a8cbb625df087832a07163d0651c1ce339a95d303124acd8371630c151701e9f5b93692a026276d480,,08/24/2022 09:40:00 PM,25,NO CONTROLS,NO CONTROLS,CLEAR,"DARKNESS, LIGHTED ROAD",PARKED MOTOR VEHICLE,ONE-WAY,,STRAIGHT AND LEVEL,DRY,NO DEFECTS,ON SCENE,INJURY AND / OR TOW DUE TO CRASH,,,,"OVER $1,500",08/24/2022 09:44:00 PM,NOT APPLICABLE,NOT APPLICABLE,3345,W,WELLINGTON AVE,1412.0,,,,,,,2,NO INDICATION OF INJURY,0.0,0.0,0.0,0.0,0.0,1.0,0.0,21,4,8,41.9355468978,-87.7118611777,POINT (-87.711861177738 41.935546897795)
d3917668fc6105f31f1d071f193fb4c8b4ff1cb067a2c76f6cc3e7e715fc5451db1cd3eb3380ae6d602894e6c370e54c0abba56a0436da047a9be7cd64381c6e,,09/03/2022 11:45:00 AM,20,NO CONTROLS,NO CONTROLS,CLEAR,DAYLIGHT,PEDALCYCLIST,NOT DIVIDED,,STRAIGHT AND LEVEL,DRY,NO DEFECTS,NOT ON SCENE (DESK REPORT),INJURY AND / OR TOW DUE TO CRASH,,,,"$501 - $1,500",09/05/2022 05:05:00 PM,FAILING TO YIELD RIGHT-OF-WAY,NOT APPLICABLE,1615,W,BERTEAU AVE,1912.0,,,,,,,2,INCAPACITATING INJURY,1.0,0.0,1.0,0.0,0.0,1.0,0.0,11,7,9,41.9578289833,-87.6698468778,POINT (-87.669846877767 41.957828983296)
1e431787f13d5eaf286403dddc036a5114a22862eff1b84cdd4959c14bd7c5615b945b3d6bbdcb1c72b159202840731555783bf0971931950d71095546aca44d,,09/12/2021 01:30:00 AM,30,NO CONTROLS,NO CONTROLS,CLEAR,"DARKNESS, LIGHTED ROAD",PARKED MOTOR VEHICLE,NOT DIVIDED,,STRAIGHT AND LEVEL,DRY,NO DEFECTS,ON SCENE,INJURY AND / OR TOW DUE TO CRASH,,,,"OVER $1,500",09/12/2021 02:19:00 AM,"OPERATING VEHICLE IN ERRATIC, RECKLESS, CARELESS, NEGLIGENT OR AGGRESSIVE MANNER","OPERATING VEHICLE IN ERRATIC, RECKLESS, CARELESS, NEGLIGENT OR AGGRESSIVE MANNER",2402,W,62ND ST,825.0,,,,,,,2,NO INDICATION OF INJURY,0.0,0.0,0.0,0.0,0.0,1.0,0.0,1,1,9,41.7811825313,-87.6838174543,POINT (-87.683817454318 41.78118253128)