CRASH_RECORD_ID,CRASH_DATE_EST_I,CRASH_DATE,POSTED_SPEED_LIMIT,TRAFFIC_CONTROL_DEVICE,DEVICE_CONDITION,WEATHER_CONDITION,LIGHTING_CONDITION,FIRST_CRASH_TYPE,TRAFFICWAY_TYPE,LANE_CNT,ALIGNMENT,ROADWAY_SURFACE_COND,ROAD_DEFECT,REPORT_TYPE,CRASH_TYPE,INTERSECTION_RELATED_I,NOT_RIGHT_OF_WAY_I,HIT_AND_RUN_I,DAMAGE,DATE_POLICE_NOTIFIED,PRIM_CONTRIBUTORY_CAUSE,SEC_CONTRIBUTORY_CAUSE,STREET_NO,STREET_DIRECTION,STREET_NAME,BEAT_OF_OCCURRENCE,PHOTOS_TAKEN_I,STATEMENTS_TAKEN_I,DOORING_I,WORK_ZONE_I,WORK_ZONE_TYPE,WORKERS_PRESENT_I,NUM_UNITS,MOST_SEVERE_INJURY,INJURIES_TOTAL,INJURIES_FATAL,INJURIES_INCAPACITATING,INJURIES_NON_INCAPACITATING,INJURIES_REPORTED_NOT_EVIDENT,INJURIES_NO_INDICATION,INJURIES_UNKNOWN,CRASH_HOUR,CRASH_DAY_OF_WEEK,CRASH_MONTH,LATITUDE,LONGITUDE,LOCATION
7cc7af9eb3f6a2ee9572a34489621bfbd53b240277e7713e55b1f19061882c860a8df9bfcd20a4f3853fc5c8c3b866cb22d544102a6e19736927781e9b293866,,12/25/2017 11:40:00 PM,30,NO CONTROLS,NO CONTROLS,CLEAR,"DARKNESS, LIGHTED ROAD",SIDESWIPE SAME DIRECTION,OTHER,1,STRAIGHT AND LEVEL,SNOW OR SLUSH,NO DEFECTS,ON SCENE,NO INJURY / DRIVE AWAY,,,Y,"$501 - $1,500",12/25/2017 11:45:00 PM,IMPROPER OVERTAKING/PASSING,NOT APPLICABLE,4009,W,EDDY ST,1731.0,,,,,,,2,NO INDICATION OF INJURY,0.0,0.0,0.0,0.0,0.0,2.0,0.0,23,2,12,41.9454989249,-87.7277795601,POINT (-87.727779560055 41.945498924896)
3334201ab503c51406b1984014f7731f6ecdd3ba96bb5284e2753e1aa7e07fb326b24862ae526efa2f509dd09d1a6297111e633e56fc34ba3fa282f540253eb0,Y,02/09/2024 10:00:00 PM,20,NO CONTROLS,NO CONTROLS,CLEAR,DAYLIGHT,PARKED MOTOR VEHICLE,NOT DIVIDED,,STRAIGHT AND LEVEL,DRY,NO DEFECTS,ON SCENE,NO INJURY / DRIVE AWAY,,,Y,"$501 - $1,500",02/10/2024 10:49:00 AM,UNABLE TO DETERMINE,UNABLE TO DETERMINE,8699,S,KILPATRICK AVE,834.0,,,,,,,2,NO INDICATION OF INJURY,0.0,0.0,0.0,0.0,0.0,1.0,0.0,22,6,2,41.7346541684,-87.7382759115,POINT (-87.738275911466 41.734654168426)
76b114d83a094cb385ec6c40308e76d8c7801c9d56651075a34ef27be23db81c0a445d964a82b362d3c2465424e4210a975b7b304a4fb2f12537b5d7cde31b9a,,11/13/2019 01:45:00 AM,30,NO CONTROLS,NO CONTROLS,CLEAR,"DARKNESS, LIGHTED ROAD",FIXED OBJECT,NOT DIVIDED,,STRAIGHT AND LEVEL,ICE,NO DEFECTS,ON SCENE,INJURY AND / OR TOW DUE TO CRASH,,,,"OVER $1,500",11/13/2019 01:48:00 AM,UNABLE TO DETERMINE,UNABLE TO DETERMINE,13615,S,TORRENCE AVE,433.0,,,,,,,1,FATAL,1.0,1.0,0.0,0.0,0.0,0.0,0.0,1,4,11,41.6477087952,-87.5591495673,POINT (-87.559149567343 41.647708795221)
41b9ecbe05160304a04779a48715ff8c76c073d80fe800cd72fee2acfa6207243b1ed83adef5d1245c57ef0130a2fd6489e3c864aad09a324bc2baf82887ca8c,Y,04/27/2019 10:00:00 AM,30,NO CONTROLS,UNKNOWN,UNKNOWN,UNKNOWN,PARKED MOTOR VEHICLE,NOT DIVIDED,,STRAIGHT AND LEVEL,UNKNOWN,UNKNOWN,NOT ON SCENE (DESK REPORT),NO INJURY / DRIVE AWAY,,,Y,"OVER $1,500",04/27/2019 01:50:00 PM,UNABLE TO DETERMINE,NOT APPLICABLE,4245,W,ARMITAGE AVE,2534.0,,,,,,,2,NO INDICATION OF INJURY,0.0,0.0,0.0,0.0,0.0,1.0,0.0,10,7,4,41.9169681416,-87.7332747912,POINT (-87.733274791186 41.916968141611)
255207ed9d26dbff568cdb3578913fe16807da8ad484e39b806a5a1201cb4e68a58f4e5af6cd76cf4188ef8b7b3e2802c09294a47053382ead6c313a23c53683,,07/15/2017 10:30:00 AM,30,TRAFFIC SIGNAL,FUNCTIONING PROPERLY,CLEAR,DAYLIGHT,ANGLE,DIVIDED - W/MEDIAN (NOT RAISED),4,STRAIGHT AND LEVEL,DRY,NO DEFECTS,NOT ON SCENE (DESK REPORT),NO INJURY / DRIVE AWAY,,,,"$501 - $1,500",07/15/2017 10:50:00 AM,FAILING TO YIELD RIGHT-OF-WAY,UNABLE TO DETERMINE,6336,W,NORTH AVE,2513.0,,,,,,,2,NO INDICATION OF INJURY,0.0,0.0,0.0,0.0,0.0,3.0,0.0,10,7,7,41.9092584326,-87.7849219948,POINT (-87.784921994803 41.909258432645)
e61ca15197aaed43098f522fcc2f30cc949d4efa34d570d814989e9b2d1418881a5a0d6c66eb2af3966b76c274c2be82e1d7eacb55e3b5ca211404ea09af8918,,07/19/2018 06:48:00 AM,30,NO CONTROLS,NO CONTROLS,CLEAR,DAYLIGHT,PARKED MOTOR VEHICLE,NOT DIVIDED,1,STRAIGHT AND LEVEL,DRY,NO DEFECTS,ON SCENE,NO INJURY / DRIVE AWAY,,,,$500 OR LESS,07/19/2018 07:00:00 AM,IMPROPER BACKING,IMPROPER BACKING,401,E,RANDOLPH ST,114.0,,,,,,,2,NO INDICATION OF INJURY,0.0,0.0,0.0,0.0,0.0,1.0,0.0,6,5,7,41.8842600894,-87.6171630014,POINT (-87.617163001396 41.884260089371)
e5fd177c0e7ab0bd62d9b64785c55a8f661b0e878dd98b258491c96b9fa3610dfe630d3d9866056457f3165860bd35fd3fb44b73956ea84866ba06b2ab6b0c68,,01/06/2018 09:15:00 PM,30,TRAFFIC SIGNAL,FUNCTIONING PROPERLY,CLEAR,"DARKNESS, LIGHTED ROAD",REAR END,DIVIDED - W/MEDIAN (NOT RAISED),4,STRAIGHT AND LEVEL,DRY,NO DEFECTS,NOT ON SCENE (DESK REPORT),NO INJURY / DRIVE AWAY,N,,,$500 OR LESS,01/06/2018 10:25:00 PM,FOLLOWING TOO CLOSELY,UNABLE TO DETERMINE,4200,N,WESTERN AVE,1911.0,,,,,,,2,NO INDICATION OF INJURY,0.0,0.0,0.0,0.0,0.0,2.0,0.0,21,7,1,41.9577122954,-87.6887224636,POINT (-87.68872246363 41.957712295358)
a9a1b9aa7c8b2ccf4d1508fb5fd2b72c5a2dd0f997d2592188a81f8b6dc2705784620adacad523107a131375a337f67a38db74b8b884026c150efd40dd94288c,,08/16/2021 04:00:00 PM,25,NO CONTROLS,NO CONTROLS,UNKNOWN,UNKNOWN,PARKED MOTOR VEHICLE,NOT DIVIDED,,STRAIGHT AND LEVEL,UNKNOWN,UNKNOWN,NOT ON SCENE (DESK REPORT),NO INJURY / DRIVE AWAY,,,Y,"OVER $1,500",08/16/2021 05:15:00 PM,UNABLE TO DETERMINE,UNABLE TO DETERMINE,2555,E,73RD ST,334.0,,,,,,,2,NO INDICATION OF INJURY,0.0,0.0,0.0,0.0,0.0,1.0,0.0,16,2,8,41.7631657122,-87.562123728,POINT (-87.562123727995 41.763165712172)
17f1c59bbd9efe28184f96d30b6d6c30847f9137dba0bc674df2d9ab9385341580fdfe7552359c10ee85d8fac153591afaae1a7bd12a3cceb72e5c31dce5d648,,01/23/2019 12:40:00 PM,30,TRAFFIC SIGNAL,NO CONTROLS,CLEAR,DAYLIGHT,REAR END,DIVIDED - W/MEDIAN (NOT RAISED),2,STRAIGHT AND LEVEL,UNKNOWN,NO DEFECTS,NOT ON SCENE (DESK REPORT),NO INJURY / DRIVE AWAY,,,,"OVER $1,500",01/24/2019 02:32:00 PM,FOLLOWING TOO CLOSELY,DRIVING SKILLS/KNOWLEDGE/EXPERIENCE,1561,N,FREMONT ST,1822.0,,,,,,,2,NO INDICATION OF INJURY,0.0,0.0,0.0,0.0,0.0,2.0,0.0,12,4,1,41.9102866559,-87.650941527,POINT (-87.650941527011 41.910286655933)
fcc9ec3bd6810cd38b144637957c71b6f77bed76a827db2fa8e8d93928b04c91bfbe88ee83297728cd031aa459dfcdfb283781e4044f7737de59e94b106cafd8,,02/12/2018 04:15:00 PM,30,TRAFFIC SIGNAL,FUNCTIONING PROPERLY,CLEAR,DAYLIGHT,PEDESTRIAN,NOT DIVIDED,2,STRAIGHT AND LEVEL,WET,NO DEFECTS,ON SCENE,INJURY AND / OR TOW DUE TO CRASH,,,Y,$500 OR LESS,02/12/2018 05:38:00 PM,FAILING TO YIELD RIGHT-OF-WAY,FAILING TO YIELD RIGHT-OF-WAY,401,E,ILLINOIS ST,1834.0,,,,,,,2,"REPORTED, NOT EVIDENT",1.0,0.0,0.0,0.0,1.0,1.0,0.0,16,2,2,41.8909436152,-87.6175405926,POINT (-87.617540592608 41.890943615222)
9fbe4bb8cdc042be3f5b1427b1e0d7267c33ab3b63f6c17a846765a4ed8c2b1891db2e6384ebc1c300d78f9deee4c9a4e4dc8b7e432c034e30130bedbccab074,,04/23/2024 07:00:00 AM,25,NO CONTROLS,NO CONTROLS,CLEAR,DAWN,ANGLE,ONE-WAY,,STRAIGHT AND LEVEL,DRY,NO DEFECTS,,NO INJURY / DRIVE AWAY,,,,"OVER $1,500",04/23/2024 08:30:00 AM,FAILING TO YIELD RIGHT-OF-WAY,NOT APPLICABLE,1942,N,KENNETH AVE,2533.0,,,,,,,2,NO INDICATION OF INJURY,0.0,0.0,0.0,0.0,0.0,2.0,0.0,7,3,4,41.9164867511,-87.7376832733,POINT (-87.737683273327 41.916486751133)
81efbfbfe4d030b4ec0a1affaa8a2008fa122785c5709d48499318c4a105f707d3013a396b25d2921cff1db9a027ee98f1483b6d645f5e9830a38202dc544287,,05/13/2024 01:30:00 PM,30,TRAFFIC SIGNAL,FUNCTIONING PROPERLY,CLEAR,DAYLIGHT,ANGLE,DIVIDED - W/MEDIAN (NOT RAISED),,STRAIGHT AND LEVEL,DRY,NO DEFECTS,ON SCENE,INJURY AND / OR TOW DUE TO CRASH,Y,,,"OVER $1,500",05/13/2024 01:32:00 PM,UNABLE TO DETERMINE,FAILING TO YIELD RIGHT-OF-WAY,5999,N,LINCOLN AVE,2011.0,,Y,,,,,2,NONINCAPACITATING INJURY,1.0,0.0,0.0,1.0,0.0,1.0,0.0,13,2,5,41.9904368678,-87.7072273441,POINT (-87.707227344108 41.990436867815)
1184dc016262682eac6f6f2a428dd3a5b60a2cb25839a754e1480601204c10f182b3d40b0f0b4626e59a8aa5dc498e97ac547e72bfb7a266203fb778d76d65aa,,07/17/2018 03:30:00 PM,30,NO CONTROLS,NO CONTROLS,CLEAR,DAYLIGHT,SIDESWIPE SAME DIRECTION,NOT DIVIDED,,STRAIGHT AND LEVEL,DRY,NO DEFECTS,ON SCENE,NO INJURY / DRIVE AWAY,,,,"OVER $1,500",07/18/2018 09:47:00 AM,IMPROPER OVERTAKING/PASSING,IMPROPER OVERTAKING/PASSING,4732,W,LAKE ST,1113.0,,,,,,,2,NO INDICATION OF INJURY,0.0,0.0,0.0,0.0,0.0,2.0,0.0,15,3,7,41.8866406694,-87.7443722715,POINT (-87.744372271462 41.886640669431)
e3c5cb95979c6d3e364d789cf6f6494617ecb5059761870a6e3d7635189511b8f9ae2c8104a837500d30ac8d277b637f5234640f3a59bfa5bd7cf66f49e1c81a,,04/12/2023 08:20:00 AM,30,NO CONTROLS,NO CONTROLS,CLEAR,DAYLIGHT,SIDESWIPE SAME DIRECTION,DIVIDED - W/MEDIAN (NOT RAISED),,STRAIGHT AND LEVEL,DRY,NO DEFECTS,NOT ON SCENE (DESK REPORT),NO INJURY / DRIVE AWAY,,,,"OVER $1,500",04/12/2023 09:45:00 AM,UNABLE TO DETERMINE,UNABLE TO DETERMINE,2255,W,LAWRENCE AVE,1911.0,,,,,,,2,NO INDICATION OF INJURY,0.0,0.0,0.0,0.0,0.0,3.0,0.0,8,4,4,41.9685411267,-87.6862408789,POINT (-87.686240878944 41.968541126735)
f506eb00529850c8d745c72e77a30392c8d05b41e118373302d762b151f8a7b1bca94225a4b4a0fb8e54d536b358bf3644d133af90e157239f1a2a35584da64b,,09/17/2023 11:17:00 PM,25,NO CONTROLS,NO CONTROLS,CLEAR,"DARKNESS, LIGHTED ROAD",PARKED MOTOR VEHICLE,ONE-WAY,,STRAIGHT AND LEVEL,DRY,NO DEFECTS,ON SCENE,NO INJURY / DRIVE AWAY,,,,"OVER $1,500",09/17/2023 11:20:00 PM,IMPROPER BACKING,NOT APPLICABLE,11530,S,MAY ST,524.0,,,,,,,2,NO INDICATION OF INJURY,0.0,0.0,0.0,0.0,0.0,1.0,0.0,23,1,9,41.6840285041,-87.6507778897,POINT (-87.650777889741 41.684028504114)
fee625453bbbcb018a343fd174d5cdaffa5b9ea3586c0c7d1c3470f787693c607dd824f0b6f7a5d42ad92a809ceaf512c2ab42796257cb464ca78e2d9fda61c1,,04/13/2019 11:30:00 AM,30,NO CONTROLS,NO CONTROLS,RAIN,DAYLIGHT,PARKED MOTOR VEHICLE,NOT DIVIDED,,STRAIGHT AND LEVEL,DRY,NO DEFECTS,ON SCENE,NO INJURY / DRIVE AWAY,,,Y,$500 OR LESS,04/13/2019 12:20:00 PM,"OPERATING VEHICLE IN ERRATIC, RECKLESS, CARELESS, NEGLIGENT OR AGGRESSIVE MANNER",EXCEEDING SAFE SPEED FOR CONDITIONS,10434,S,CHARLES ST,2212.0,,,,,,,2,NO INDICATION OF INJURY,0.0,0.0,0.0,0.0,0.0,1.0,0.0,11,7,4,41.7039332323,-87.6576061499,POINT (-87.657606149914 41.703933232268)
ec3ff244a120f11004112181a92375fec2dbf8cfc15d4ba412a79ff7c24de44f800c8c6ec737cf85086c35e3379db0dbca0c86fdf186b62a4a2e5b566652f9df,,09/18/2023 12:50:00 PM,30,NO CONTROLS,NO CONTROLS,CLEAR,DAYLIGHT,REAR END,NOT DIVIDED,,STRAIGHT AND LEVEL,DRY,NO DEFECTS,NOT ON SCENE (DESK REPORT),INJURY AND / OR TOW DUE TO CRASH,,,,"OVER $1,500",09/18/2023 02:50:00 PM,FOLLOWING TOO CLOSELY,NOT APPLICABLE,5636,S,KEDZIE AVE,822.0,,,,,,,2,NONINCAPACITATING INJURY,1.0,0.0,0.0,1.0,0.0,1.0,0.0,12,2,9,41.7905915046,-87.7036198056,POINT (-87.703619805559 41.790591504621)
bbeaee5ab4fa0dbec7fc97d82f8186b7a194128c7f3f3fe615664cadfaa9f23bf9c3eb6660e0d307608c22233a5fd43c125ab6fc7f9bcb3ed80aa91192b9d3c6,,06/03/2024 11:55:00 AM,30,UNKNOWN,UNKNOWN,CLEAR,DAYLIGHT,REAR TO FRONT,ONE-WAY,,STRAIGHT AND LEVEL,DRY,NO DEFECTS,NOT ON SCENE (DESK REPORT),NO INJURY / DRIVE AWAY,,,,"$501 - $1,500",06/03/2024 02:21:00 PM,IMPROPER BACKING,IMPROPER BACKING,2237,N,CLEVELAND AVE,1812.0,,,,,,,2,NO INDICATION OF INJURY,0.0,0.0,0.0,0.0,0.0,2.0,0.0,11,2,6,41.9230151136,-87.6412536008,POINT (-87.641253600838 41.923015113577)
300b32ba64538c8e0b1a6e8dc063c233962a39eadc8574e8097a6933f0802eaa3114c5acee2d8b813b6f5631ea3c7a837a65d60c8d705d99306d094331d93b8e,,05/25/2025 01:21:00 PM,30,NO CONTROLS,FUNCTIONING PROPERLY,CLEAR,DAYLIGHT,SIDESWIPE SAME DIRECTION,NOT DIVIDED,,STRAIGHT AND LEVEL,DRY,UNKNOWN,NOT ON SCENE (DESK REPORT),NO INJURY / DRIVE AWAY,,,,"OVER $1,500",05/25/2025 01:30:00 PM,IMPROPER OVERTAKING/PASSING,FOLLOWING TOO CLOSELY,8001,S,WESTERN AVE,835.0,,,,,,,2,NO INDICATION OF INJURY,0.0,0.0,0.0,0.0,0.0,2.0,0.0,13,1,5,41.7482456092,-87.6826572503,POINT (-87.68265725033 41.748245609197)
7438670dd22d93f2fd152140dc1cbbf343cd1dbf8d263b878d8c4e1fbcb55d78954d1a3e50f32d3525a61aa9109cfd8ba5f4ccb8662122ce91af313f93aea3c1,,01/25/2025 05:15:00 PM,30,STOP SIGN/FLASHER,FUNCTIONING PROPERLY,CLEAR,"DARKNESS, LIGHTED ROAD",ANGLE,FOUR WAY,,STRAIGHT AND LEVEL,DRY,NO DEFECTS,NOT ON SCENE (DESK REPORT),NO INJURY / DRIVE AWAY,,,,"OVER $1,500",01/25/2025 09:20:00 PM,DISREGARDING STOP SIGN,FAILING TO YIELD RIGHT-OF-WAY,8000,S,RACINE AVE,612.0,,,,,,,2,NO INDICATION OF INJURY,0.0,0.0,0.0,0.0,0.0,6.0,0.0,17,7,1,41.7485834781,-87.653833843,POINT (-87.653833842963 41.748583478125)
5ffc8d9b7f2138f265ce4b13053380a942f432a69bf96f4bcd926e9ba50a96f651543e8cdb82fbda4f99746fa5022d65aa3829561855fcfcf98d363b3feb0a5a,Y,12/16/2018 11:15:00 AM,25,NO CONTROLS,NO CONTROLS,CLEAR,DAYLIGHT,SIDESWIPE SAME DIRECTION,NOT DIVIDED,2,"CURVE, LEVEL",DRY,NO DEFECTS,NOT ON SCENE (DESK REPORT),NO INJURY / DRIVE AWAY,,,,"OVER $1,500",12/16/2018 11:40:00 AM,UNABLE TO DETERMINE,UNABLE TO DETERMINE,1662,N,LA SALLE DR,1814.0,,,,,,,2,NO INDICATION OF INJURY,0.0,0.0,0.0,0.0,0.0,4.0,0.0,11,1,12,41.9128644207,-87.6332926524,POINT (-87.63329265238 41.912864420684)
55b8c170aa38d27f09b5d360a149a27aff4dbfa1fe4a06b979842be2974448548cc78673c7f7e20b2a2ee4864173a8c60dfeaf5638ee0acabb4099384e10ea37,,06/28/2021 04:55:00 PM,30,NO CONTROLS,NO CONTROLS,RAIN,DAYLIGHT,TURNING,NOT DIVIDED,,STRAIGHT AND LEVEL,WET,NO DEFECTS,ON SCENE,NO INJURY / DRIVE AWAY,,,,"OVER $1,500",06/28/2021 04:58:00 PM,UNABLE TO DETERMINE,NOT APPLICABLE,7042,S,HALSTED ST,733.0,,,,,,,3,NO INDICATION OF INJURY,0.0,0.0,0.0,0.0,0.0,3.0,0.0,16,2,6,41.7657412059,-87.6445740452,POINT (-87.644574045248 41.765741205931)
ee7a639a85c7175379caa5accd2794240323b5fecb5407bbe97d29f0f880a728650be075ec3dae845786edb7aad44cfa07f52d56c8f0440b1b98b8d73f69b24d,,01/12/2017 05:40:00 PM,30,NO CONTROLS,NO CONTROLS,CLEAR,"DARKNESS, LIGHTED ROAD",REAR END,PARKING LOT,,STRAIGHT AND LEVEL,DRY,NO DEFECTS,NOT ON SCENE (DESK REPORT),NO INJURY / DRIVE AWAY,,,,"$501 - $1,500",01/12/2017 06:41:00 PM,FAILING TO YIELD RIGHT-OF-WAY,FOLLOWING TOO CLOSELY,3033,N,PULASKI RD,2523.0,,,,,,,3,NO INDICATION OF INJURY,0.0,0.0,0.0,0.0,0.0,3.0,0.0,17,5,1,41.9363997446,-87.726960337,POINT (-87.726960336977 41.936399744558)
37a484196c8da5b3383587a89b92424a1df6f50e34c670b3675fe2f281e7a2c192292b9becd5eced066b90a8aed738ee47097662ef14b81bd8b3a645202cc5f2,,11/06/2025 05:48:00 PM,30,TRAFFIC SIGNAL,UNKNOWN,UNKNOWN,UNKNOWN,SIDESWIPE SAME DIRECTION,NOT DIVIDED,,STRAIGHT AND LEVEL,UNKNOWN,UNKNOWN,ON SCENE,NO INJURY / DRIVE AWAY,,,Y,"OVER $1,500",11/06/2025 05:55:00 PM,UNABLE TO DETERMINE,NOT APPLICABLE,2000,W,CHICAGO AVE,1212.0,,,,,,,2,NO INDICATION OF INJURY,0.0,0.0,0.0,0.0,0.0,4.0,0.0,17,5,11,41.8960189604,-87.6771786155,POINT (-87.677178615507 41.896018960386)
ff45f928746044f6a75814a1ca4ebb14889b995cd9d26c4e28877045def67e493839ad29803d5170b121eba1be3dbb0968372631ec9baf40370b08439c3ca3ea,,03/18/2023 12:30:00 PM,30,NO CONTROLS,NO CONTROLS,CLEAR,DAYLIGHT,SIDESWIPE SAME DIRECTION,CENTER TURN LANE,,STRAIGHT ON HILLCREST,DRY,NO DEFECTS,NOT ON SCENE (DESK REPORT),NO INJURY / DRIVE AWAY,Y,,,"OVER $1,500",03/18/2023 02:00:00 PM,DRIVING SKILLS/KNOWLEDGE/EXPERIENCE,UNABLE TO DETERMINE,630,W,MADISON ST,121.0,,,,,,,2,NO INDICATION OF INJURY,0.0,0.0,0.0,0.0,0.0,3.0,0.0,12,7,3,41.8819308706,-87.6440566114,POINT (-87.644056611427 41.881930870609)
d3aa948d2e867fc530ee584ac2daefd313d9dd585c44d0185c3e67d36b18793d5dac04ce533fc4eb952e9fe33c2e2bb3b3f350e73786274d701fe9b79fe16e98,N,05/16/2024 12:06:00 PM,30,NO CONTROLS,NO CONTROLS,CLEAR,DAYLIGHT,PARKED MOTOR VEHICLE,PARKING LOT,,STRAIGHT AND LEVEL,DRY,NO DEFECTS,ON SCENE,NO INJURY / DRIVE AWAY,,Y,Y,"$501 - $1,500",05/16/2024 12:06:00 PM,DRIVING SKILLS/KNOWLEDGE/EXPERIENCE,UNABLE TO DETERMINE,2134,W,DIVISION ST,1424.0,,Y,,,,,2,NO INDICATION OF INJURY,0.0,0.0,0.0,0.0,0.0,1.0,0.0,12,5,5,41.9032330972,-87.6811125712,POINT (-87.681112571158 41.903233097198)
90b95e1d3547ee6bf6a6001b48467eea26e68126e5fb4bb65f1f884f55f455f7423ba340833881562184535d0346896491d2df1ae7137098b864f3a7e03d4d7e,,02/29/2024 01:00:00 PM,30,NO CONTROLS,NO CONTROLS,CLEAR,DAYLIGHT,TURNING,PARKING LOT,,STRAIGHT AND LEVEL,DRY,NO DEFECTS,NOT ON SCENE (DESK REPORT),NO INJURY / DRIVE AWAY,,Y,,"OVER $1,500",02/29/2024 01:20:00 PM,UNABLE TO DETERMINE,UNABLE TO DETERMINE,10331,S,KEDZIE AVE,2211.0,,,,,,,2,NO INDICATION OF INJURY,0.0,0.0,0.0,0.0,0.0,2.0,0.0,13,5,2,41.7052084895,-87.7011632563,POINT (-87.701163256253 41.705208489493)
dd4ec89ece62eeec76569ddc18ed890b03d72445a17231da86e8e8156fc53afbda293a26575595ba8f02116e9b4b9f73ccf9fe91c36a0a2dbd4b2592bbf31a1f,,04/02/2019 03:22:00 PM,30,TRAFFIC SIGNAL,FUNCTIONING PROPERLY,CLEAR,DAYLIGHT,PEDALCYCLIST,DIVIDED - W/MEDIAN (NOT RAISED),2,STRAIGHT AND LEVEL,DRY,UNKNOWN,ON SCENE,INJURY AND / OR TOW DUE TO CRASH,,,,"OVER $1,500",04/02/2019 03:22:00 PM,UNABLE TO DETERMINE,NOT APPLICABLE,3951,N,SOUTHPORT AVE,1923.0,,,,,,,2,NONINCAPACITATING INJURY,1.0,0.0,0.0,1.0,0.0,0.0,0.0,15,3,4,41.9540399881,-87.6640625326,POINT (-87.664062532627 41.954039988115)
8de4b5a5c3fbc90df404ea04efe0dbd3e470a7cc48035751efa8c59baaa399e841eb70090887ce8931b8b314a7362340e80240fe7e609dac8352bbba5597c2d6,,07/28/2017 03:30:00 PM,30,STOP SIGN/FLASHER,FUNCTIONING PROPERLY,CLEAR,DAYLIGHT,ANGLE,NOT DIVIDED,4,STRAIGHT AND LEVEL,DRY,NO DEFECTS,NOT ON SCENE (DESK REPORT),NO INJURY / DRIVE AWAY,Y,,,"$501 - $1,500",07/28/2017 04:28:00 PM,UNABLE TO DETERMINE,NOT APPLICABLE,1919,S,ASHLAND AVE,1235.0,,,,,,,2,NO INDICATION OF INJURY,0.0,0.0,0.0,0.0,0.0,2.0,0.0,15,6,7,41.8553638854,-87.6659331916,POINT (-87.665933191572 41.855363885442)
fe8a9bbb9e1a765a606fc8e68f0087bd7ffb99f03bf0ad669ab170920dce242c65371a7f2759d2ac16337bdff5a5ae820f0dcfe2cff64a036e01c3bade76d0e8,,07/04/2017 03:00:00 PM,30,TRAFFIC SIGNAL,FUNCTIONING PROPERLY,CLEAR,DAYLIGHT,TURNING,DIVIDED - W/MEDIAN (NOT RAISED),4,STRAIGHT AND LEVEL,DRY,NO DEFECTS,ON SCENE,INJURY AND / OR TOW DUE TO CRASH,Y,,,"OVER $1,500",07/04/2017 03:15:00 PM,FAILING TO REDUCE SPEED TO AVOID CRASH,FAILING TO YIELD RIGHT-OF-WAY,4025,W,PETERSON AVE,1711.0,,,,,,,2,NO INDICATION OF INJURY,0.0,0.0,0.0,0.0,0.0,2.0,0.0,15,3,7,41.9900137339,-87.7296161987,POINT (-87.72961619868 41.990013733891)
b9fc4c164a21a97f14290b8c3273cf6aedcf43b959ec5271a8cb5d3480ecb107dab31591b304248d7d7a6c1c81ba3274d337aa47a2a02b7e74a3969cb673c389,,04/19/2023 11:12:00 PM,30,TRAFFIC SIGNAL,FUNCTIONING PROPERLY,CLEAR,"DARKNESS, LIGHTED ROAD",SIDESWIPE SAME DIRECTION,ONE-WAY,,STRAIGHT AND LEVEL,DRY,NO DEFECTS,ON SCENE,NO INJURY / DRIVE AWAY,,,,"OVER $1,500",04/19/2023 11:16:00 PM,"VISION OBSCURED (SIGNS, TREE LIMBS, BUILDINGS, ETC.)",NOT APPLICABLE,1199,W,ALBION AVE,2432.0,,,,,,,2,NO INDICATION OF INJURY,0.0,0.0,0.0,0.0,0.0,3.0,0.0,23,4,4,42.0024420793,-87.6606727713,POINT (-87.660672771328 42.002442079301)
b08b553f83f22682b47b631da88f690f912bcf777978a247ccf8b5722b07288cb371de44f25b8b03d0c8256cd57287e507c7aaf67e4a16b3d4901df6ccd8cb48,,08/26/2017 09:05:00 PM,30,UNKNOWN,UNKNOWN,UNKNOWN,"DARKNESS, LIGHTED ROAD",SIDESWIPE SAME DIRECTION,ONE-WAY,,STRAIGHT AND LEVEL,UNKNOWN,UNKNOWN,NOT ON SCENE (DESK REPORT),NO INJURY / DRIVE AWAY,,,,"$501 - $1,500",08/26/2017 09:15:00 PM,IMPROPER TURNING/NO SIGNAL,IMPROPER TURNING/NO SIGNAL,1430,W,ADDISON ST,1922.0,,,,,,,2,NO INDICATION OF INJURY,0.0,0.0,0.0,0.0,0.0,2.0,0.0,21,7,8,41.9471591136,-87.6651720201,POINT (-87.665172020097 41.947159113581)
5ef052e81c394586961f19381279bd45b270aa68a739b789a4e591f8b98e3351fc5808728a7ade5a07897705890cbb5b71026fcdedf44ea1e649f75fcb59520c,,12/10/2023 01:05:00 AM,30,NO CONTROLS,NO CONTROLS,CLEAR,"DARKNESS, LIGHTED ROAD",REAR END,NOT DIVIDED,,STRAIGHT AND LEVEL,DRY,NO DEFECTS,ON SCENE,INJURY AND / OR TOW DUE TO CRASH,,,,"OVER $1,500",12/10/2023 01:18:00 AM,FOLLOWING TOO CLOSELY,NOT APPLICABLE,920,W,BELMONT AVE,1924.0,,,,,,,2,NONINCAPACITATING INJURY,2.0,0.0,0.0,2.0,0.0,1.0,0.0,1,1,12,41.9400469097,-87.652393356,POINT (-87.652393356017 41.940046909662)