CRASH_RECORD_ID,CRASH_DATE_EST_I,CRASH_DATE,POSTED_SPEED_LIMIT,TRAFFIC_CONTROL_DEVICE,DEVICE_CONDITION,WEATHER_CONDITION,LIGHTING_CONDITION,FIRST_CRASH_TYPE,TRAFFICWAY_TYPE,LANE_CNT,ALIGNMENT,ROADWAY_SURFACE_COND,ROAD_DEFECT,REPORT_TYPE,CRASH_TYPE,INTERSECTION_RELATED_I,NOT_RIGHT_OF_WAY_I,HIT_AND_RUN_I,DAMAGE,DATE_POLICE_NOTIFIED,PRIM_CONTRIBUTORY_CAUSE,SEC_CONTRIBUTORY_CAUSE,STREET_NO,STREET_DIRECTION,STREET_NAME,BEAT_OF_OCCURRENCE,PHOTOS_TAKEN_I,STATEMENTS_TAKEN_I,DOORING_I,WORK_ZONE_I,WORK_ZONE_TYPE,WORKERS_PRESENT_I,NUM_UNITS,MOST_SEVERE_INJURY,INJURIES_TOTAL,INJURIES_FATAL,INJURIES_INCAPACITATING,INJURIES_NON_INCAPACITATING,INJURIES_REPORTED_NOT_EVIDENT,INJURIES_NO_INDICATION,INJURIES_UNKNOWN,CRASH_HOUR,CRASH_DAY_OF_WEEK,CRASH_MONTH,LATITUDE,LONGITUDE,LOCATION
f6bdc7e34faee247d1af8456a17ddb1acd7b96b28ded439e07c0b3ce4c0becaf2d88bebe0453d706ffc07fa52cc48d12168a257e6265ec42950cea69a750725a,,08/21/2025 09:34:00 PM,30,STOP SIGN/FLASHER,FUNCTIONING PROPERLY,CLEAR,"DARKNESS, LIGHTED ROAD",TURNING,NOT DIVIDED,,STRAIGHT AND LEVEL,DRY,NO DEFECTS,NOT ON SCENE (DESK REPORT),NO INJURY / DRIVE AWAY,Y,,,"$501 - $1,500",08/22/2025 10:25:00 AM,FAILING TO YIELD RIGHT-OF-WAY,NOT APPLICABLE,1035,E,75TH ST,624.0,,,,,,,2,NO INDICATION OF INJURY,0.0,0.0,0.0,0.0,0.0,3.0,0.0,21,5,8,41.7585372925,-87.5991782883,POINT (-87.599178288348 41.758537292546)
a18e986849f95a511acb83163767ea7e2ac7e307b3230732e387a6375b86a5e683320d4f6155acd8a94d8b2048e8dc8540d8622fdf76fc7183f51d5f3a6b9cc8,,04/14/2025 01:51:00 PM,30,TRAFFIC SIGNAL,FUNCTIONING PROPERLY,CLEAR,DAYLIGHT,REAR END,NOT DIVIDED,,STRAIGHT AND LEVEL,DRY,NO DEFECTS,NOT ON SCENE (DESK REPORT),INJURY AND / OR TOW DUE TO CRASH,Y,,Y,"OVER $1,500",04/15/2025 04:15:00 PM,FOLLOWING TOO CLOSELY,FAILING TO REDUCE SPEED TO AVOID CRASH,2601,E,83RD ST,423.0,,,,,,,2,"REPORTED, NOT EVIDENT",2.0,0.0,0.0,0.0,2.0,1.0,0.0,13,2,4,41.7444168321,-87.561197287,POINT (-87.561197287035 41.744416832074)
62079ab2d51f6c119c1ff2215b5aac0b9948ba06dda4d6fe2260dc5a4ae35e8ea2e9c817749a5d66fcfb0da7a76a67104ebbb00d69d372f9e80870551bec8a20,,12/19/2024 03:12:00 PM,20,NO CONTROLS,NO CONTROLS,CLEAR,DAYLIGHT,PARKED MOTOR VEHICLE,ONE-WAY,,STRAIGHT AND LEVEL,DRY,NO DEFECTS,NOT ON SCENE (DESK REPORT),NO INJURY / DRIVE AWAY,,,Y,"OVER $1,500",12/19/2024 05:25:00 PM,UNABLE TO DETERMINE,NOT APPLICABLE,1619,W,77TH ST,611.0,,,,,,,2,NO INDICATION OF INJURY,0.0,0.0,0.0,0.0,0.0,1.0,0.0,15,5,12,41.7538738061,-87.6643423048,POINT (-87.664342304794 41.75387380611)
d1f1e3f1329162695aa6d6467ace2f9bc5987b2c021422eeccad12caa5532b7a3a6351ce810c4b4fa17df4d72c13a29449a56b3cda8ffe242a6946f274c80adc,,03/22/2024 02:45:00 PM,30,STOP SIGN/FLASHER,FUNCTIONING PROPERLY,SNOW,DAYLIGHT,ANGLE,DIVIDED - W/MEDIAN (NOT RAISED),,STRAIGHT AND LEVEL,SNOW OR SLUSH,UNKNOWN,ON SCENE,INJURY AND / OR TOW DUE TO CRASH,Y,,,"OVER $1,500",03/22/2024 02:46:00 PM,FAILING TO YIELD RIGHT-OF-WAY,NOT APPLICABLE,2231,W,ADDISON ST,1921.0,,,,,,,2,NO INDICATION OF INJURY,0.0,0.0,0.0,0.0,0.0,2.0,0.0,14,6,3,41.9466746756,-87.684556204,POINT (-87.684556203974 41.946674675605)
e9c5903722ea09283be86611931a7d95a8dee43e8808af230e28cac88f509c9995a797c079b37fab7220062f51e3603aafa5250cd3c160956d55f63da45e9032,,05/23/2019 04:01:00 PM,30,TRAFFIC SIGNAL,FUNCTIONING PROPERLY,CLEAR,DAYLIGHT,TURNING,FOUR WAY,,STRAIGHT AND LEVEL,DRY,NO DEFECTS,ON SCENE,INJURY AND / OR TOW DUE TO CRASH,Y,,Y,"OVER $1,500",05/23/2019 04:07:00 PM,FAILING TO YIELD RIGHT-OF-WAY,IMPROPER TURNING/NO SIGNAL,2900,S,LOOMIS ST,913.0,,N,,,,,2,NO INDICATION OF INJURY,0.0,0.0,0.0,0.0,0.0,3.0,0.0,16,5,5,41.8416207997,-87.6577074962,POINT (-87.657707496226 41.841620799669)
35ff54edcd30ca487620dcc1b035bfa2ba8e6996fb06d316097ac188371a3ef23d0eb871e2fdfc5b735904c29bc0c901bf58983bf56c826521774e7605a7143f,Y,12/23/2019 10:00:00 PM,30,STOP SIGN/FLASHER,FUNCTIONING PROPERLY,CLEAR,DUSK,TURNING,FOUR WAY,,STRAIGHT AND LEVEL,DRY,NO DEFECTS,ON SCENE,INJURY AND / OR TOW DUE TO CRASH,Y,,Y,"OVER $1,500",12/23/2019 10:10:00 PM,DISREGARDING STOP SIGN,FAILING TO YIELD RIGHT-OF-WAY,10400,S,TORRENCE AVE,434.0,,,,,,,3,NO INDICATION OF INJURY,0.0,0.0,0.0,0.0,0.0,2.0,0.0,22,2,12,41.7063077218,-87.5597909176,POINT (-87.559790917563 41.706307721812)
30200ee7848229f9e81b229aea77673dcd1c412b9a4aa42dc285304b51517637b7e82de448005097bddef11aced1459e2bc0ceea89f215957a7119ac7fb0a9d1,Y,11/20/2018 05:30:00 PM,30,NO CONTROLS,NO CONTROLS,CLEAR,DAYLIGHT,TURNING,ONE-WAY,,STRAIGHT AND LEVEL,DRY,NO DEFECTS,NOT ON SCENE (DESK REPORT),NO INJURY / DRIVE AWAY,,,,"$501 - $1,500",11/20/2018 06:47:00 PM,FOLLOWING TOO CLOSELY,NOT APPLICABLE,1,W,LAKE ST,111.0,,,,,,,2,NO INDICATION OF INJURY,0.0,0.0,0.0,0.0,0.0,2.0,0.0,17,3,11,41.8856397992,-87.6280197438,POINT (-87.628019743803 41.885639799182)
8a9a0f892bf735159e3dece06b86c1aaa8028331c4476593f783bc02bad30cda3973d10d0014950e822f60c3780e791c9baac4ee8275fa490e8460b482d45cf5,,02/21/2019 12:25:00 PM,30,NO CONTROLS,NO CONTROLS,CLEAR,DAYLIGHT,ANGLE,NOT DIVIDED,2,STRAIGHT AND LEVEL,DRY,NO DEFECTS,ON SCENE,INJURY AND / OR TOW DUE TO CRASH,,,,"OVER $1,500",02/21/2019 12:25:00 PM,NOT APPLICABLE,NOT APPLICABLE,207,E,35TH ST,212.0,,,,,,,2,NO INDICATION OF INJURY,0.0,0.0,0.0,0.0,0.0,2.0,0.0,12,5,2,41.8309527893,-87.621449163,POINT (-87.621449163007 41.830952789304)
4677c5b52c027883e290ea430570d88bf5fb6b8efa78af27224a2a6f14fa0f6c71c9a4f27b225ea2be426a198d04aedbaafde1b8afbd96fa0ef31a6be3e3d737,,10/23/2025 07:50:00 AM,30,NO CONTROLS,NO CONTROLS,CLEAR,DAYLIGHT,SIDESWIPE SAME DIRECTION,ONE-WAY,,STRAIGHT AND LEVEL,DRY,NO DEFECTS,,NO INJURY / DRIVE AWAY,,,,"OVER $1,500",10/23/2025 07:51:00 AM,NOT APPLICABLE,NOT APPLICABLE,5216,W,KINZIE ST,1523.0,,,,,,,2,NO INDICATION OF INJURY,0.0,0.0,0.0,0.0,0.0,6.0,0.0,7,5,10,41.8879073026,-87.756068924,POINT (-87.756068924015 41.887907302619)
e8efeb02939acb85b6cdc15cd26790e8236a27704c72e66eee7c1cde9d668baf7b26b9c0449a5f618c6b945d06a728b61f570962dfc864266821008400b95440,,03/01/2017 03:30:00 PM,5,NO CONTROLS,NO CONTROLS,RAIN,DAYLIGHT,PARKED MOTOR VEHICLE,PARKING LOT,1,STRAIGHT AND LEVEL,WET,UNKNOWN,NOT ON SCENE (DESK REPORT),NO INJURY / DRIVE AWAY,,,Y,"OVER $1,500",03/01/2017 04:44:00 PM,UNABLE TO DETERMINE,NOT APPLICABLE,4700,S,KEDZIE AVE,821.0,,,,,,,2,NO INDICATION OF INJURY,0.0,0.0,0.0,0.0,0.0,1.0,0.0,15,4,3,41.8080472717,-87.7041188223,POINT (-87.704118822299 41.80804727165)
ab3b31e632a2545e57bcd5f58f542ada52acf5b1b985b9ab3bc89dd6a02ee8e8f2903e10f88f0deac5313ec60b91227199874bcdee3c88270dd42db5e9198817,,09/10/2025 10:58:00 PM,45,NO CONTROLS,NO CONTROLS,CLEAR,"DARKNESS, LIGHTED ROAD",FIXED OBJECT,ONE-WAY,,STRAIGHT AND LEVEL,DRY,NO DEFECTS,ON SCENE,INJURY AND / OR TOW DUE TO CRASH,,,,"OVER $1,500",09/10/2025 11:00:00 PM,UNABLE TO DETERMINE,FAILING TO REDUCE SPEED TO AVOID CRASH,5238,S,LAKE SHORE DR SB,234.0,,,,,,,1,NONINCAPACITATING INJURY,1.0,0.0,0.0,1.0,0.0,0.0,0.0,22,4,9,41.8003646329,-87.5816901194,POINT (-87.58169011941 41.800364632944)
fc97d67e87e2d0db6697cbee1bffe6611f20d999cc28844f43829891bbcfb49d3b9aef921195b0455b088fe61144eca95862d857d6d8e5beaf695810a3efd112,,02/14/2025 09:44:00 AM,30,TRAFFIC SIGNAL,FUNCTIONING PROPERLY,CLEAR,DAYLIGHT,REAR END,NOT DIVIDED,,STRAIGHT AND LEVEL,DRY,NO DEFECTS,ON SCENE,NO INJURY / DRIVE AWAY,Y,,,"OVER $1,500",02/14/2025 09:45:00 AM,UNABLE TO DETERMINE,UNABLE TO DETERMINE,7598,N,CALIFORNIA AVE,2411.0,,,,,,,2,NO INDICATION OF INJURY,0.0,0.0,0.0,0.0,0.0,2.0,0.0,9,6,2,42.0192823663,-87.6997380233,POINT (-87.699738023322 42.019282366335)
d4e46df2c83584eca7acf9581839a49507db26828cd3c0eec1d468bbc3202485ea355d733952951e5401ab40ef8c2c188b0fcf938640a86db01a6621145ccee9,,03/12/2023 08:15:00 AM,35,UNKNOWN,UNKNOWN,CLOUDY/OVERCAST,DAWN,PARKED MOTOR VEHICLE,NOT DIVIDED,,STRAIGHT AND LEVEL,WET,NO DEFECTS,NOT ON SCENE (DESK REPORT),NO INJURY / DRIVE AWAY,,,Y,"OVER $1,500",03/12/2023 09:47:00 AM,UNABLE TO DETERMINE,UNABLE TO DETERMINE,5047,W,WINONA ST,1623.0,,,,,,,2,NO INDICATION OF INJURY,0.0,0.0,0.0,0.0,0.0,1.0,0.0,8,1,3,41.9742278463,-87.7547405952,POINT (-87.754740595182 41.974227846312)
c924e3c27b8d898064299a5948b35b15c026c757485f9c07ae7d8fd366570dbad0439f7d9e5d65d3e4365652b75c625adab1736a5251165a42af194ed7284eaa,,02/10/2020 11:40:00 AM,20,NO CONTROLS,NO CONTROLS,CLEAR,DAYLIGHT,PARKED MOTOR VEHICLE,PARKING LOT,,STRAIGHT AND LEVEL,DRY,NO DEFECTS,ON SCENE,NO INJURY / DRIVE AWAY,,,Y,$500 OR LESS,02/10/2020 11:41:00 AM,IMPROPER BACKING,UNABLE TO DETERMINE,2017,E,95TH ST,431.0,,,,,,,2,NO INDICATION OF INJURY,0.0,0.0,0.0,0.0,0.0,1.0,0.0,11,2,2,41.7223669803,-87.5746643912,POINT (-87.57466439121 41.722366980323)
bf0cbd03a132ef8aa9122f3792292c81e7d165d116ac01adf17e27bae2f0ea1791fba28e46280f7c7c8780027e044e4bc0bdbfa263e4e37204a52cdab1a41b84,,02/13/2018 10:30:00 AM,35,TRAFFIC SIGNAL,FUNCTIONING PROPERLY,CLEAR,DAYLIGHT,REAR END,ONE-WAY,4,STRAIGHT AND LEVEL,DRY,NO DEFECTS,NOT ON SCENE (DESK REPORT),NO INJURY / DRIVE AWAY,Y,,,"OVER $1,500",02/13/2018 11:00:00 AM,EXCEEDING SAFE SPEED FOR CONDITIONS,FAILING TO REDUCE SPEED TO AVOID CRASH,900,N,MICHIGAN AVE,1833.0,,,,,,,2,NO INDICATION OF INJURY,0.0,0.0,0.0,0.0,0.0,2.0,0.0,10,3,2,41.899248597,-87.6242749782,POINT (-87.624274978205 41.899248597036)
645fbcb346b43130e681c9a9f4b2042a8245e7486986a6c64035278eb7623795bb7ac5dd9636e1acac8521c1c8218fefe316f3898791097417eee0983d0a1443,,12/10/2019 01:34:00 AM,30,TRAFFIC SIGNAL,UNKNOWN,CLEAR,DAYLIGHT,PARKED MOTOR VEHICLE,NOT DIVIDED,,STRAIGHT AND LEVEL,DRY,UNKNOWN,NOT ON SCENE (DESK REPORT),NO INJURY / DRIVE AWAY,,,,"$501 - $1,500",12/16/2019 12:15:00 AM,IMPROPER LANE USAGE,UNABLE TO DETERMINE,2610,W,DEVON AVE,2412.0,,,,,,,2,NO INDICATION OF INJURY,0.0,0.0,0.0,0.0,0.0,1.0,0.0,1,3,12,41.9977473006,-87.6952511581,POINT (-87.695251158076 41.997747300648)
42dde01d11c087d7426bef5cf2cb5847f8f9a66e7e476445ac83a1077a5db3992b8d8c54bc9fae1a744f6e0f9c2611bf1a6c343c36265694b2bf548872960619,,05/18/2023 08:32:00 AM,30,NO CONTROLS,NO CONTROLS,CLEAR,DAYLIGHT,SIDESWIPE SAME DIRECTION,NOT DIVIDED,,STRAIGHT AND LEVEL,DRY,NO DEFECTS,ON SCENE,NO INJURY / DRIVE AWAY,,,,"OVER $1,500",05/18/2023 08:48:00 AM,DISTRACTION - FROM INSIDE VEHICLE,NOT APPLICABLE,4400,W,45TH ST,815.0,,Y,,,,,2,NO INDICATION OF INJURY,0.0,0.0,0.0,0.0,0.0,2.0,0.0,8,5,5,41.8115128774,-87.7335826838,POINT (-87.73358268379 41.811512877369)
465d1e9dc687fc7bf2bc0cd291e1c23816093f9d49d6991a3870f9dc3b3054aa9a6b22b970aab8816894ee0a9150d4b83dae69ccd7e1a144826cffb29e76f66b,,01/27/2021 09:00:00 AM,30,STOP SIGN/FLASHER,FUNCTIONING PROPERLY,CLEAR,DAYLIGHT,SIDESWIPE SAME DIRECTION,NOT DIVIDED,,STRAIGHT AND LEVEL,DRY,NO DEFECTS,NOT ON SCENE (DESK REPORT),NO INJURY / DRIVE AWAY,,,Y,"OVER $1,500",01/27/2021 10:20:00 AM,IMPROPER OVERTAKING/PASSING,IMPROPER OVERTAKING/PASSING,7900,S,PEORIA ST,621.0,,,,,,,2,NO INDICATION OF INJURY,0.0,0.0,0.0,0.0,0.0,2.0,0.0,9,4,1,41.7505120711,-87.6466103206,POINT (-87.646610320633 41.750512071127)
ab8361ae84a4dca13cce63a10afac406d18200ca530d193a637948a4d585d4e337f2f193c76a78c8876aca2983193936f99bba6f41bcc53fa78f7116887db312,,10/10/2025 04:50:00 PM,30,NO CONTROLS,NO CONTROLS,CLEAR,DAYLIGHT,ANGLE,NOT DIVIDED,,STRAIGHT AND LEVEL,DRY,NO DEFECTS,NOT ON SCENE (DESK REPORT),NO INJURY / DRIVE AWAY,,,,"OVER $1,500",10/10/2025 06:00:00 PM,FAILING TO YIELD RIGHT-OF-WAY,NOT APPLICABLE,317,E,43RD ST,215.0,,,,,,,2,NO INDICATION OF INJURY,0.0,0.0,0.0,0.0,0.0,2.0,0.0,16,6,10,41.8164890341,-87.6190236703,POINT (-87.619023670307 41.816489034081)
8a9add0af4d44cb4f5fd4b9524b830f03c99eb67a4dbba28c859d167e64737d831545fce267d3301751cbb51df8b917b9df16057aeb5c07f2c385350cd9ebe2c,,06/13/2022 10:30:00 AM,30,NO CONTROLS,NO CONTROLS,CLEAR,DAYLIGHT,PARKED MOTOR VEHICLE,NOT DIVIDED,,STRAIGHT AND LEVEL,DRY,NO DEFECTS,NOT ON SCENE (DESK REPORT),NO INJURY / DRIVE AWAY,,,Y,"OVER $1,500",06/14/2022 12:30:00 PM,IMPROPER OVERTAKING/PASSING,UNABLE TO DETERMINE,3747,W,61ST ST,823.0,,,,,,,2,NO INDICATION OF INJURY,0.0,0.0,0.0,0.0,0.0,1.0,0.0,10,2,6,41.782272664,-87.7173748137,POINT (-87.717374813737 41.782272664007)
0312fea94bb2acb6a163582dad8ac46a975177ee59c6558cc8dcc7168c6e3efe0f36b9e76e4774eb25b342ccece19d01e0695a6a58f8a36874c39f5d73dfc8c7,,09/04/2021 04:58:00 PM,30,NO CONTROLS,NO CONTROLS,CLEAR,DAYLIGHT,ANGLE,ONE-WAY,,STRAIGHT AND LEVEL,DRY,NO DEFECTS,ON SCENE,INJURY AND / OR TOW DUE TO CRASH,,,Y,"OVER $1,500",09/04/2021 05:08:00 PM,UNABLE TO DETERMINE,NOT APPLICABLE,1145,S,MASON AVE,1513.0,,,,,,,2,"REPORTED, NOT EVIDENT",3.0,0.0,0.0,0.0,3.0,1.0,0.0,16,7,9,41.8659697165,-87.7727713687,POINT (-87.772771368729 41.865969716526)
b9ebf9b54032b5d8a5cc708362895ce261d41fde8e02f43157014ade09bf215a47e0256485794b8d16294dbb0d36acd2ef67e407639f49904da36d5e40fde700,,05/05/2023 08:00:00 PM,30,NO CONTROLS,NO CONTROLS,CLEAR,"DARKNESS, LIGHTED ROAD",REAR END,NOT DIVIDED,,STRAIGHT AND LEVEL,DRY,NO DEFECTS,NOT ON SCENE (DESK REPORT),NO INJURY / DRIVE AWAY,,,,$500 OR LESS,05/05/2023 11:05:00 PM,UNABLE TO DETERMINE,UNABLE TO DETERMINE,8024,S,COTTAGE GROVE AVE,631.0,,,,,,,2,NO INDICATION OF INJURY,0.0,0.0,0.0,0.0,0.0,2.0,0.0,20,6,5,41.74868153,-87.6053130112,POINT (-87.605313011205 41.748681529958)
1816e56cefdc585ea27a480d2dd4b7590de9f6751ebd597930d19daef5bcc4780af2ee304c748d827fc687fd1b031b327dc15d9e93a0b0f5a153bb1be698fd0a,,10/21/2018 02:46:00 PM,30,TRAFFIC SIGNAL,FUNCTIONING PROPERLY,CLEAR,DAYLIGHT,ANGLE,ONE-WAY,5,STRAIGHT AND LEVEL,DRY,NO DEFECTS,NOT ON SCENE (DESK REPORT),INJURY AND / OR TOW DUE TO CRASH,Y,,Y,"OVER $1,500",10/21/2018 04:17:00 PM,UNABLE TO DETERMINE,NOT APPLICABLE,50,E,OHIO ST,1834.0,,,,,,,2,"REPORTED, NOT EVIDENT",1.0,0.0,0.0,0.0,1.0,1.0,0.0,14,1,10,41.89261824,-87.6261603485,POINT (-87.626160348476 41.892618240004)
6d900fcab55f276fbe9bc333e7ead0d4025c0b009d6803eae305d53a4d6633b703bc9b11811ee57840fbb2e62236ffce4e3b482615b0caf7375b75ade78c5105,,07/14/2023 10:19:00 AM,15,NO CONTROLS,NO CONTROLS,CLEAR,DAYLIGHT,FIXED OBJECT,ALLEY,,STRAIGHT AND LEVEL,UNKNOWN,UNKNOWN,NOT ON SCENE (DESK REPORT),NO INJURY / DRIVE AWAY,,,,"OVER $1,500",07/15/2023 03:00:00 PM,UNABLE TO DETERMINE,NOT APPLICABLE,209,N,LONG AVE,1523.0,,,,,,,1,NO INDICATION OF INJURY,0.0,0.0,0.0,0.0,0.0,1.0,0.0,10,6,7,41.8846195064,-87.7600904401,POINT (-87.760090440086 41.884619506421)
88cf20c79f236747c8356e2df405afa269885c67a3e4d363c4ebf0a5d329a5b7e903635140c4140f4ca3314bca9ce547f54181a1a04aa423b18dd8b269ad4c3a,,07/13/2020 07:20:00 AM,30,NO CONTROLS,NO CONTROLS,CLEAR,DAYLIGHT,PARKED MOTOR VEHICLE,NOT DIVIDED,,STRAIGHT AND LEVEL,DRY,NO DEFECTS,NOT ON SCENE (DESK REPORT),NO INJURY / DRIVE AWAY,,,,"$501 - $1,500",07/13/2020 02:30:00 PM,UNABLE TO DETERMINE,NOT APPLICABLE,3900,W,LAKE ST,1122.0,,,,,,,2,NO INDICATION OF INJURY,0.0,0.0,0.0,0.0,0.0,1.0,0.0,7,2,7,41.8854537826,-87.7233908844,POINT (-87.723390884374 41.88545378257)
e6cef123488554cd658dcc13749aa4a43bd5404022dde1950e1015658e83e22d405237ca05cdf63ee3ff01af3febb371da78219fcbd2e543c1c209028662066f,,01/28/2017 05:15:00 PM,30,NO CONTROLS,NO CONTROLS,CLEAR,DARKNESS,PARKED MOTOR VEHICLE,NOT DIVIDED,2,STRAIGHT AND LEVEL,DRY,NO DEFECTS,ON SCENE,INJURY AND / OR TOW DUE TO CRASH,,,,"OVER $1,500",01/28/2017 05:15:00 PM,NOT APPLICABLE,NOT APPLICABLE,6041,S,DAMEN AVE,714.0,,,,,,,2,NO INDICATION OF INJURY,0.0,0.0,0.0,0.0,0.0,3.0,0.0,17,7,1,41.7835850563,-87.6738715234,POINT (-87.673871523405 41.783585056328)
0a1d712c7483b16a17de56e3cda26009a1af3ddf3221e859a3b62066eade7132783267dc8228eb8a97f833b6d693bc9b41b8baabc7d406ec69c83a6c4e83e744,,08/08/2025 11:10:00 PM,30,NO CONTROLS,UNKNOWN,CLEAR,"DARKNESS, LIGHTED ROAD",PARKED MOTOR VEHICLE,NOT DIVIDED,,STRAIGHT AND LEVEL,DRY,NO DEFECTS,ON SCENE,INJURY AND / OR TOW DUE TO CRASH,,,,"OVER $1,500",08/08/2025 11:40:00 PM,IMPROPER OVERTAKING/PASSING,UNABLE TO DETERMINE,105,E,CHICAGO AVE,1833.0,,,,,,,2,NO INDICATION OF INJURY,0.0,0.0,0.0,0.0,0.0,1.0,0.0,23,6,8,41.8966048453,-87.6252326505,POINT (-87.62523265055 41.896604845251)
ac05f0300181b0cb386d5ab96f1fc551aa991fc43b78f24a69c2d5927636791d0873bff566b37790111757d48889a4cabd3cca508dd9a1c133a2eccdc536f6d8,,09/05/2025 12:10:00 PM,30,TRAFFIC SIGNAL,FUNCTIONING PROPERLY,CLEAR,DAYLIGHT,TURNING,NOT DIVIDED,,STRAIGHT AND LEVEL,DRY,NO DEFECTS,NOT ON SCENE (DESK REPORT),NO INJURY / DRIVE AWAY,Y,,,"$501 - $1,500",09/05/2025 12:10:00 PM,FAILING TO YIELD RIGHT-OF-WAY,NOT APPLICABLE,2,E,103RD ST,511.0,,,,,,,2,NO INDICATION OF INJURY,0.0,0.0,0.0,0.0,0.0,3.0,0.0,12,6,9,41.7072753216,-87.6234661719,POINT (-87.623466171882 41.707275321599)
e26c84194757302d0570d088ef0de0aa623865eac27de81d76479bb0ccc209a2edba462cc4749fe52419ed760ec6189a8e4395ce81129647e88a97c8bb7f6b3e,,09/16/2023 01:21:00 AM,35,TRAFFIC SIGNAL,FUNCTIONING PROPERLY,CLEAR,"DARKNESS, LIGHTED ROAD",FIXED OBJECT,DIVIDED - W/MEDIAN BARRIER,,STRAIGHT AND LEVEL,DRY,NO DEFECTS,NOT ON SCENE (DESK REPORT),INJURY AND / OR TOW DUE TO CRASH,Y,,,"OVER $1,500",09/16/2023 01:22:00 AM,NOT APPLICABLE,NOT APPLICABLE,6322,S,COAST GUARD DR,331.0,,,,,,,1,NO INDICATION OF INJURY,0.0,0.0,0.0,0.0,0.0,1.0,0.0,1,7,9,41.7793627422,-87.5753051097,POINT (-87.575305109733 41.779362742221)
6a80e60a14f7bcdc116b2a78c2c0755ecebaa29d5b8f18376a6b96379a02aa5bcc5a4c047688dad9d389f770fc78015e22676f31c9f19b6a2a3d53abfe9102f8,,12/16/2024 02:30:00 PM,30,NO CONTROLS,NO CONTROLS,CLEAR,DAYLIGHT,PARKED MOTOR VEHICLE,NOT DIVIDED,,STRAIGHT AND LEVEL,DRY,NO DEFECTS,NOT ON SCENE (DESK REPORT),NO INJURY / DRIVE AWAY,,,Y,"OVER $1,500",12/16/2024 02:40:00 PM,UNABLE TO DETERMINE,NOT APPLICABLE,2817,W,63RD ST,823.0,,,,,,,2,NO INDICATION OF INJURY,0.0,0.0,0.0,0.0,0.0,1.0,0.0,14,2,12,41.778995705,-87.6941259874,POINT (-87.6941259874 41.778995704985)
26a2fa4e143ccda1587fac4abeb923615439eb2057473dce33d39cf5b20b403b17046c39a07b2e53801449e06a05b2d47f97ca8357a117ba53cb849d4fd9977f,,09/27/2018 07:55:00 AM,35,STOP SIGN/FLASHER,FUNCTIONING PROPERLY,CLEAR,DAYLIGHT,ANGLE,DIVIDED - W/MEDIAN (NOT RAISED),,STRAIGHT AND LEVEL,DRY,NO DEFECTS,ON SCENE,NO INJURY / DRIVE AWAY,Y,,,"OVER $1,500",09/27/2018 08:03:00 AM,DISREGARDING STOP SIGN,NOT APPLICABLE,5106,S,ARCHER AVE,815.0,,Y,,,,,2,NO INDICATION OF INJURY,0.0,0.0,0.0,0.0,0.0,4.0,0.0,7,5,9,41.8008694948,-87.7295108154,POINT (-87.729510815359 41.800869494844)
235fe963df9ae5228885dfaf2a66be1369c2a9aca1dfa0d9a629519a6f94255487a21e4e81a50be5aaaf21133e5dd2bb7cad62ae10700755b77afa73d32d002d,,09/27/2023 11:33:00 PM,30,NO CONTROLS,NO CONTROLS,CLEAR,"DARKNESS, LIGHTED ROAD",TURNING,FOUR WAY,,STRAIGHT AND LEVEL,DRY,NO DEFECTS,ON SCENE,INJURY AND / OR TOW DUE TO CRASH,,,,"OVER $1,500",09/28/2023 12:00:00 AM,FAILING TO YIELD RIGHT-OF-WAY,NOT APPLICABLE,5253,S,PULASKI RD,822.0,,,,,,,2,NO INDICATION OF INJURY,0.0,0.0,0.0,0.0,0.0,2.0,0.0,23,4,9,41.7971097354,-87.7231243505,POINT (-87.723124350529 41.797109735429)
9632518ff166023fecf3d894158a9bf9a46dfc4414194317dce6525bd5b025e103968487abcf84c206fd366895c92a891dc6569b608a8163f8fc17d0a11847cd,,06/28/2024 06:30:00 PM,30,TRAFFIC SIGNAL,FUNCTIONING PROPERLY,CLEAR,DAYLIGHT,REAR END,NOT DIVIDED,,STRAIGHT AND LEVEL,WET,UNKNOWN,NOT ON SCENE (DESK REPORT),INJURY AND / OR TOW DUE TO CRASH,,,,"OVER $1,500",06/28/2024 08:30:00 PM,FOLLOWING TOO CLOSELY,FOLLOWING TOO CLOSELY,800,N,LARAMIE AVE,1524.0,,,,,,,2,"REPORTED, NOT EVIDENT",2.0,0.0,0.0,0.0,2.0,1.0,0.0,18,6,6,41.8950231464,-87.7557497823,POINT (-87.755749782345 41.895023146364)
1a8ae3570f2e76fccec27a41a18f44ca36569590a5ec1e9174b0ede6fc1d732e003fc6aeaca43bc165c5ac1009131ab3853ccda1ea726555c784d74dead27f10,,09/14/2023 05:30:00 PM,30,NO CONTROLS,NO CONTROLS,CLEAR,DAYLIGHT,TURNING,NOT DIVIDED,,STRAIGHT AND LEVEL,DRY,NO DEFECTS,NOT ON SCENE (DESK REPORT),NO INJURY / DRIVE AWAY,,,,"$501 - $1,500",09/14/2023 07:35:00 PM,NOT APPLICABLE,NOT APPLICABLE,7000,S,PULASKI RD,833.0,,,,,,,2,NO INDICATION OF INJURY,0.0,0.0,0.0,0.0,0.0,2.0,0.0,17,5,9,41.7658812858,-87.7225871577,POINT (-87.722587157729 41.76588128582)