CRASH_RECORD_ID,CRASH_DATE_EST_I,CRASH_DATE,POSTED_SPEED_LIMIT,TRAFFIC_CONTROL_DEVICE,DEVICE_CONDITION,WEATHER_CONDITION,LIGHTING_CONDITION,FIRST_CRASH_TYPE,TRAFFICWAY_TYPE,LANE_CNT,ALIGNMENT,ROADWAY_SURFACE_COND,ROAD_DEFECT,REPORT_TYPE,CRASH_TYPE,INTERSECTION_RELATED_I,NOT_RIGHT_OF_WAY_I,HIT_AND_RUN_I,DAMAGE,DATE_POLICE_NOTIFIED,PRIM_CONTRIBUTORY_CAUSE,SEC_CONTRIBUTORY_CAUSE,STREET_NO,STREET_DIRECTION,STREET_NAME,BEAT_OF_OCCURRENCE,PHOTOS_TAKEN_I,STATEMENTS_TAKEN_I,DOORING_I,WORK_ZONE_I,WORK_ZONE_TYPE,WORKERS_PRESENT_I,NUM_UNITS,MOST_SEVERE_INJURY,INJURIES_TOTAL,INJURIES_FATAL,INJURIES_INCAPACITATING,INJURIES_NON_INCAPACITATING,INJURIES_REPORTED_NOT_EVIDENT,INJURIES_NO_INDICATION,INJURIES_UNKNOWN,CRASH_HOUR,CRASH_DAY_OF_WEEK,CRASH_MONTH,LATITUDE,LONGITUDE,LOCATION
5cc3a664019843432b26e7680a1253cc412c0313cf6d506ca8212fb01f895e27e16a071a013efbc4d1c0ade6f8c26763bc2eb9ddc062fb9e750b7e0c9bc0e2fc,,07/21/2023 11:40:00 AM,10,NO CONTROLS,NO CONTROLS,CLEAR,DAYLIGHT,PARKED MOTOR VEHICLE,PARKING LOT,,STRAIGHT ON GRADE,DRY,NO DEFECTS,NOT ON SCENE (DESK REPORT),NO INJURY / DRIVE AWAY,,,Y,"$501 - $1,500",07/21/2023 12:05:00 PM,UNABLE TO DETERMINE,NOT APPLICABLE,3337,W,BELMONT AVE,1412.0,,,,,,,2,NO INDICATION OF INJURY,0.0,0.0,0.0,0.0,0.0,1.0,0.0,11,6,7,41.9391926023,-87.7115658884,POINT (-87.711565888431 41.939192602255)
f592171ddb5c839c60b8fc269d4630ea7521606191e03eac8c5f0b17a14dd85a5babf660ebfe4f79fbafe34cb535c67dd55f90c8b02b801b820060e97cbff092,,08/05/2022 09:30:00 AM,30,TRAFFIC SIGNAL,NOT FUNCTIONING,CLEAR,DAYLIGHT,SIDESWIPE SAME DIRECTION,DIVIDED - W/MEDIAN BARRIER,,STRAIGHT AND LEVEL,DRY,UNKNOWN,NOT ON SCENE (DESK REPORT),NO INJURY / DRIVE AWAY,,,,"OVER $1,500",08/07/2022 12:59:00 PM,UNABLE TO DETERMINE,NOT APPLICABLE,1030,W,CHICAGO AVE,1213.0,,,,,,,2,NO INDICATION OF INJURY,0.0,0.0,0.0,0.0,0.0,2.0,0.0,9,6,8,41.8964000539,-87.6537495116,POINT (-87.65374951159 41.896400053928)
625a06f1ad89264b5d798dfc71712ac81981103447594fa2fc57c7cd045132b5eccd870d340530fb62ae59427079b60ca62c5164955dab1b0c9d0dd508a2e5c2,,10/20/2022 03:10:00 PM,20,NO CONTROLS,NO CONTROLS,CLEAR,DAYLIGHT,PARKED MOTOR VEHICLE,ONE-WAY,,STRAIGHT AND LEVEL,DRY,NO DEFECTS,NOT ON SCENE (DESK REPORT),NO INJURY / DRIVE AWAY,,,,"OVER $1,500",10/20/2022 03:55:00 PM,UNABLE TO DETERMINE,NOT APPLICABLE,6130,S,WOLCOTT AVE,714.0,,,,,,,2,NO INDICATION OF INJURY,0.0,0.0,0.0,0.0,0.0,1.0,0.0,15,5,10,41.7820427976,-87.6716985782,POINT (-87.671698578172 41.782042797594)
5f7eb8e0f49d23aa4188a0b2d2e4d8882570423aa1fd6a7525fe9f53c3c071a5f284a4cf10d6047358d61d2f183c68a56e648b1e6d8b60046fdbb9ff9f4d93a5,,04/15/2020 06:15:00 AM,45,NO CONTROLS,NO CONTROLS,SNOW,DAWN,SIDESWIPE SAME DIRECTION,DIVIDED - W/MEDIAN BARRIER,,STRAIGHT AND LEVEL,WET,NO DEFECTS,ON SCENE,NO INJURY / DRIVE AWAY,,,Y,"OVER $1,500",04/15/2020 06:24:00 AM,IMPROPER OVERTAKING/PASSING,IMPROPER LANE USAGE,1900,S,LAKE SHORE DR W,132.0,,,,,,,2,NO INDICATION OF INJURY,0.0,0.0,0.0,0.0,0.0,2.0,0.0,6,4,4,41.8566269176,-87.6162852833,POINT (-87.616285283296 41.856626917647)
59be6acd52f64f43334c22915547f54ba499bf9de94ed690330a80a66a306d0e0fc1f358d9c9968abc805e466b27a3bb4aa9e8289d787bf660db8f7b3d7b891e,,05/30/2024 11:00:00 AM,30,UNKNOWN,UNKNOWN,UNKNOWN,UNKNOWN,PARKED MOTOR VEHICLE,NOT DIVIDED,,STRAIGHT AND LEVEL,UNKNOWN,UNKNOWN,,NO INJURY / DRIVE AWAY,,,Y,$500 OR LESS,05/30/2024 02:17:00 PM,UNABLE TO DETERMINE,UNABLE TO DETERMINE,1650,W,JUNEWAY TER,2422.0,,,,,,,2,NO INDICATION OF INJURY,0.0,0.0,0.0,0.0,0.0,1.0,0.0,11,5,5,42.0226370101,-87.6724407978,POINT (-87.672440797756 42.022637010116)
b19313548670d3f8b449303532bae8cb9cd89c912b1bc2c89c19296de9120252ebfc3fbcc91238cdad30c2ffaa4fdae1bb3e3c2163f0826f37d2a9d790160c83,,05/15/2019 08:15:00 AM,30,NO CONTROLS,NO CONTROLS,CLEAR,DAYLIGHT,REAR END,NOT DIVIDED,,STRAIGHT AND LEVEL,DRY,NO DEFECTS,NOT ON SCENE (DESK REPORT),INJURY AND / OR TOW DUE TO CRASH,,,,"OVER $1,500",05/15/2019 09:52:00 AM,UNABLE TO DETERMINE,UNABLE TO DETERMINE,460,N,PULASKI RD,1111.0,,,,,,,2,NO INDICATION OF INJURY,0.0,0.0,0.0,0.0,0.0,2.0,0.0,8,4,5,41.8897712627,-87.7260714844,POINT (-87.726071484355 41.889771262714)
83c6c84528be9765963f58da446141d3c04eefda9d8164e4cdda3d6caa87186acad3154407af61b2d557989636f4f20337010ef190678a5ea8c94dbbb65e2ab6,,07/30/2022 09:16:00 PM,30,NO CONTROLS,UNKNOWN,CLEAR,DUSK,REAR TO SIDE,NOT DIVIDED,,STRAIGHT AND LEVEL,DRY,UNKNOWN,ON SCENE,NO INJURY / DRIVE AWAY,,,,"OVER $1,500",07/30/2022 09:47:00 PM,IMPROPER OVERTAKING/PASSING,UNABLE TO DETERMINE,1615,E,95TH ST,431.0,,,,,,,2,NO INDICATION OF INJURY,0.0,0.0,0.0,0.0,0.0,2.0,0.0,21,7,7,41.722239198,-87.5844572475,POINT (-87.584457247452 41.722239197974)
bd6af6419f0a5466fd1f33d81ae4f733cc19f7362d3b665e596b5dedf3ec3c16749977b03c9219de2198bcd310fb56fd6e7ac17835de755cee87a293df19de8e,,04/23/2017 02:00:00 PM,30,TRAFFIC SIGNAL,FUNCTIONING PROPERLY,CLEAR,DAYLIGHT,REAR END,DIVIDED - W/MEDIAN (NOT RAISED),2,STRAIGHT AND LEVEL,DRY,NO DEFECTS,NOT ON SCENE (DESK REPORT),NO INJURY / DRIVE AWAY,Y,,,"$501 - $1,500",04/26/2017 02:30:00 PM,FOLLOWING TOO CLOSELY,NOT APPLICABLE,3800,W,WASHINGTON BLVD,1122.0,,,,,,,2,NO INDICATION OF INJURY,0.0,0.0,0.0,0.0,0.0,2.0,0.0,14,1,4,41.8820071016,-87.7209427466,POINT (-87.720942746585 41.882007101597)
674eaa5e2dcce5fe4e3112431509962bf146de5c4bc89462b1689f8675e3acbd130a91516fcec8d57f7d9375e9bcbade4a943fa7d8926d872d6682516e87147f,,04/27/2021 11:22:00 AM,30,NO CONTROLS,NO CONTROLS,CLEAR,DAYLIGHT,PARKED MOTOR VEHICLE,DIVIDED - W/MEDIAN BARRIER,,STRAIGHT AND LEVEL,DRY,NO DEFECTS,ON SCENE,INJURY AND / OR TOW DUE TO CRASH,,,,"OVER $1,500",04/27/2021 11:35:00 AM,UNABLE TO DETERMINE,UNABLE TO DETERMINE,6260,N,CLARK ST,2433.0,,,,,,,2,NONINCAPACITATING INJURY,1.0,0.0,0.0,1.0,0.0,0.0,0.0,11,3,4,41.996127609,-87.6703581783,POINT (-87.670358178289 41.99612760904)
5a593a296d9eb7f20cdd3da1e88b144c41231cf3137c43b804087c89a5d022c3c8cb32b130155287ef8596b872a3604f991f1dc923aa98de5b377a3f08d5327a,,07/29/2017 10:30:00 PM,30,TRAFFIC SIGNAL,UNKNOWN,CLEAR,"DARKNESS, LIGHTED ROAD",SIDESWIPE SAME DIRECTION,CENTER TURN LANE,3,STRAIGHT AND LEVEL,DRY,UNKNOWN,NOT ON SCENE (DESK REPORT),NO INJURY / DRIVE AWAY,Y,,,"$501 - $1,500",07/29/2017 10:45:00 PM,IMPROPER OVERTAKING/PASSING,UNABLE TO DETERMINE,3202,N,WESTERN AVE,1921.0,,,,,,,2,NO INDICATION OF INJURY,0.0,0.0,0.0,0.0,0.0,3.0,0.0,22,7,7,41.9395610706,-87.6883155485,POINT (-87.688315548544 41.939561070618)
a452300cbd10b0077b90b742d8da249e4033096e01482891ad678c994c0f3510eb509f6b0f598cbad0bbb75d9d26efbb8958d333ffdc5544db37ec54bdce8b04,,08/16/2024 03:04:00 PM,30,NO CONTROLS,NO CONTROLS,CLEAR,DAYLIGHT,REAR END,NOT DIVIDED,,STRAIGHT AND LEVEL,DRY,NO DEFECTS,ON SCENE,NO INJURY / DRIVE AWAY,,,,"OVER $1,500",08/16/2024 03:04:00 PM,FAILING TO REDUCE SPEED TO AVOID CRASH,NOT APPLICABLE,1504,W,71ST ST,734.0,,,,,,,2,NO INDICATION OF INJURY,0.0,0.0,0.0,0.0,0.0,3.0,0.0,15,6,8,41.765048547,-87.6616152764,POINT (-87.66161527635 41.765048547004)
82814cf9fc2bda967fb7c5b0a2bcc4d94bbd5a622837efffa6e9972256f9ae1b7cd81c47f2320e373bf4115d017358a7d78d7ae1a3d79d8eced205cd2df90dd8,,02/03/2023 12:30:00 PM,30,NO CONTROLS,NO CONTROLS,CLEAR,DAYLIGHT,REAR END,NOT DIVIDED,,STRAIGHT AND LEVEL,DRY,NO DEFECTS,NOT ON SCENE (DESK REPORT),NO INJURY / DRIVE AWAY,,,,$500 OR LESS,02/03/2023 12:45:00 PM,UNABLE TO DETERMINE,NOT APPLICABLE,3900,W,FOSTER AVE,1712.0,,,,,,,2,NO INDICATION OF INJURY,0.0,0.0,0.0,0.0,0.0,2.0,0.0,12,6,2,41.9756657767,-87.7258810442,POINT (-87.725881044203 41.975665776711)
c82b3eaf4860fbd55f51a68ea0496cb41dd875871dd7944917292a8cdc63c47413447ae35142f940bb4b37eed5d18a154ae6dd4b2bf48c08e81005a945746256,,08/12/2023 04:10:00 PM,30,NO CONTROLS,NO CONTROLS,CLEAR,DAYLIGHT,SIDESWIPE OPPOSITE DIRECTION,NOT DIVIDED,,STRAIGHT AND LEVEL,DRY,NO DEFECTS,ON SCENE,INJURY AND / OR TOW DUE TO CRASH,,,,"OVER $1,500",08/12/2023 04:10:00 PM,FAILING TO YIELD RIGHT-OF-WAY,UNABLE TO DETERMINE,4400,N,KOSTNER AVE,1722.0,,,,,,,2,NONINCAPACITATING INJURY,3.0,0.0,0.0,3.0,0.0,1.0,0.0,16,7,8,41.9609168841,-87.7385752933,POINT (-87.738575293291 41.960916884054)
3821a0720a5e26687a6923ca8217e8f0f483178de7154a4fc007ef5326986646d7eebe963583f2131c092495410c94573bc0a59c54bd9c9ad9b62a971090b1fe,Y,12/25/2017 08:40:00 AM,30,NO CONTROLS,NO CONTROLS,CLEAR,DAWN,PARKED MOTOR VEHICLE,ONE-WAY,,STRAIGHT AND LEVEL,SNOW OR SLUSH,NO DEFECTS,ON SCENE,NO INJURY / DRIVE AWAY,,,Y,"OVER $1,500",12/25/2017 10:45:00 AM,NOT APPLICABLE,UNABLE TO DETERMINE,3035,S,TROY ST,1033.0,,,,,,,2,NO INDICATION OF INJURY,0.0,0.0,0.0,0.0,0.0,1.0,0.0,8,2,12,41.8380244964,-87.7034750631,POINT (-87.703475063099 41.838024496446)
5d5ce6d51c07970f3f4c9860bfae63b60b3fab080fac31925e20331441bbd1b4096f890fe9379ca41d6017784a50a472fe754d7f4b43fd9773e125de80557554,,01/26/2023 02:40:00 PM,30,NO CONTROLS,NO CONTROLS,CLEAR,DAYLIGHT,SIDESWIPE SAME DIRECTION,DIVIDED - W/MEDIAN BARRIER,,STRAIGHT AND LEVEL,DRY,NO DEFECTS,NOT ON SCENE (DESK REPORT),NO INJURY / DRIVE AWAY,,,Y,"OVER $1,500",01/26/2023 06:37:00 PM,IMPROPER OVERTAKING/PASSING,NOT APPLICABLE,4750,S,WESTERN BLVD,922.0,,,,,,,2,NO INDICATION OF INJURY,0.0,0.0,0.0,0.0,0.0,2.0,0.0,14,5,1,41.8068939013,-87.6839638701,POINT (-87.683963870064 41.806893901319)
cf53bd5ee122535b376d3091339d0c169294e2c2d92fe706e21cc16df291f51a3c4bd1e5b6408b04871494f9f2b95aea766a8083f4c2bd4f4b613f7ee3264089,,06/03/2019 07:40:00 AM,30,NO CONTROLS,NO CONTROLS,CLEAR,DAYLIGHT,PARKED MOTOR VEHICLE,OTHER,,STRAIGHT AND LEVEL,DRY,NO DEFECTS,ON SCENE,NO INJURY / DRIVE AWAY,,,Y,"OVER $1,500",06/03/2019 08:30:00 AM,IMPROPER OVERTAKING/PASSING,IMPROPER OVERTAKING/PASSING,3159,W,CHICAGO AVE,1221.0,,,,,,,3,NO INDICATION OF INJURY,0.0,0.0,0.0,0.0,0.0,2.0,0.0,7,2,6,41.8954442329,-87.7064929539,POINT (-87.706492953851 41.895444232898)
afab7430c7e0306a831b235e3e466e9476f231ae2de02fbe36cf25b124e06a7cd5b89d63138216bd1c6b554c083973c0bac84f6fdbdd281d0013d46b0b173305,,09/27/2017 12:30:00 PM,35,NO CONTROLS,NO CONTROLS,CLEAR,DAYLIGHT,ANGLE,NOT DIVIDED,2,STRAIGHT AND LEVEL,DRY,UNKNOWN,NOT ON SCENE (DESK REPORT),NO INJURY / DRIVE AWAY,,,Y,"OVER $1,500",09/27/2017 02:00:00 PM,IMPROPER BACKING,DRIVING SKILLS/KNOWLEDGE/EXPERIENCE,205,E,75TH ST,623.0,,,,,,,2,NO INDICATION OF INJURY,0.0,0.0,0.0,0.0,0.0,2.0,0.0,12,4,9,41.7582152713,-87.6196697663,POINT (-87.619669766341 41.758215271342)
58be2a037eb382491657a36d2ce45f5df13da8dc27fad42e4e299820fc93cf71ca88265addf2f027aaf773888a07ea12ae23f34d1488f2b52fdfaf11793a8df2,,12/22/2020 01:00:00 PM,30,UNKNOWN,UNKNOWN,UNKNOWN,UNKNOWN,SIDESWIPE SAME DIRECTION,DIVIDED - W/MEDIAN BARRIER,,STRAIGHT AND LEVEL,UNKNOWN,UNKNOWN,NOT ON SCENE (DESK REPORT),NO INJURY / DRIVE AWAY,,,Y,"$501 - $1,500",12/22/2020 04:00:00 PM,UNABLE TO DETERMINE,UNABLE TO DETERMINE,1200,N,LAKE SHORE DR NB,1824.0,,,,,,,2,NO INDICATION OF INJURY,0.0,0.0,0.0,0.0,0.0,2.0,0.0,13,3,12,41.904076743,-87.6248039371,POINT (-87.624803937073 41.904076743028)
e0518d8586496a060487a07c0c7187111fa0626e62c70a9586a315a42098a57e6cd5fc29844403c6686bc3624c24238e052e1a661d627e53270af34811535bda,Y,06/12/2023 06:00:00 AM,30,NO CONTROLS,NO CONTROLS,UNKNOWN,DAYLIGHT,PARKED MOTOR VEHICLE,ONE-WAY,,STRAIGHT AND LEVEL,UNKNOWN,NO DEFECTS,NOT ON SCENE (DESK REPORT),NO INJURY / DRIVE AWAY,,,Y,"OVER $1,500",06/23/2023 08:35:00 PM,UNABLE TO DETERMINE,NOT APPLICABLE,9346,S,LAFLIN ST,2221.0,,,,,,,2,NO INDICATION OF INJURY,0.0,0.0,0.0,0.0,0.0,1.0,0.0,6,2,6,41.7234961377,-87.6604439697,POINT (-87.660443969733 41.723496137679)
5d68978312db945b5843b1aedbbf20f98c550ebdf334ca04bb062bf5dbae0ea087da2c2f026e760e7641a6d383abddc1fefd0e5860db9d1de8ba8bf658fa115a,,01/01/2020 09:15:00 AM,15,NO CONTROLS,NO CONTROLS,SLEET/HAIL,DAYLIGHT,PARKED MOTOR VEHICLE,ALLEY,,"CURVE, LEVEL",ICE,WORN SURFACE,ON SCENE,NO INJURY / DRIVE AWAY,,,Y,"OVER $1,500",01/01/2020 09:25:00 AM,UNABLE TO DETERMINE,WEATHER,2525,W,FITCH AVE,2411.0,,,,,,,2,NO INDICATION OF INJURY,0.0,0.0,0.0,0.0,0.0,1.0,0.0,9,4,1,42.0111911916,-87.6936491341,POINT (-87.693649134116 42.011191191552)
f500f962dadb91b38a519d6ce267a9108193d57d954dcfcf5bcd4c574d180872c27c8bf6872973334926aeda97623ae9656e65062c6f258704cd67405a9aa801,,02/25/2025 05:35:00 AM,25,OTHER WARNING SIGN,FUNCTIONING PROPERLY,CLEAR,DAWN,REAR END,ONE-WAY,,STRAIGHT AND LEVEL,WET,NO DEFECTS,ON SCENE,INJURY AND / OR TOW DUE TO CRASH,,,,"OVER $1,500",02/25/2025 05:35:00 AM,DISREGARDING OTHER TRAFFIC SIGNS,DRIVING SKILLS/KNOWLEDGE/EXPERIENCE,1,W,TERMINAL ST,1651.0,,,,,,,2,NO INDICATION OF INJURY,0.0,0.0,0.0,0.0,0.0,2.0,0.0,5,3,2,,,
df2d3696bb99bbc403a9a53a5a97a47ab386305603c5aa0e53f42e443ec313651f02ec2f9a16865d78074442698f108525091adaddcc361374d517a3538060e7,,09/16/2016 03:14:00 PM,30,TRAFFIC SIGNAL,FUNCTIONING PROPERLY,CLEAR,DAYLIGHT,REAR END,NOT DIVIDED,4,STRAIGHT AND LEVEL,DRY,NO DEFECTS,ON SCENE,INJURY AND / OR TOW DUE TO CRASH,,,,"OVER $1,500",09/16/2016 03:15:00 PM,ROAD CONSTRUCTION/MAINTENANCE,FAILING TO REDUCE SPEED TO AVOID CRASH,6458,S,COTTAGE GROVE AVE,312.0,,,,,,,2,NO INDICATION OF INJURY,0.0,0.0,0.0,0.0,0.0,3.0,0.0,15,6,9,41.7768663218,-87.6059982481,POINT (-87.605998248145 41.776866321838)
3ef046df7e076b6a089d3cc239894b905214da3c23d5502505e8cb99963c053767f2ade2d5333bd9ad512c6a4f81bab16d95c16a60d5597030d4bd3fc38621cf,,01/04/2025 02:45:00 AM,30,NO CONTROLS,NO CONTROLS,CLEAR,"DARKNESS, LIGHTED ROAD",PARKED MOTOR VEHICLE,NOT DIVIDED,,STRAIGHT AND LEVEL,DRY,NO DEFECTS,ON SCENE,NO INJURY / DRIVE AWAY,,,Y,"$501 - $1,500",01/04/2025 03:08:00 AM,NOT APPLICABLE,NOT APPLICABLE,1890,N,MILWAUKEE AVE,1434.0,,,,,,,2,NO INDICATION OF INJURY,0.0,0.0,0.0,0.0,0.0,1.0,0.0,2,7,1,41.9157089201,-87.6859238521,POINT (-87.685923852088 41.91570892011)
02e2930678d4c8161c80e44a3df18fb5186e2f57bb5adacdc18b186af4ff95e4817f486591a4e014274be4b7422db90c294a3cfa608481668df1b91d128479d8,,10/19/2022 07:57:00 AM,20,YIELD,NO CONTROLS,CLEAR,DAYLIGHT,SIDESWIPE SAME DIRECTION,ONE-WAY,,STRAIGHT AND LEVEL,DRY,NO DEFECTS,NOT ON SCENE (DESK REPORT),NO INJURY / DRIVE AWAY,,,Y,"OVER $1,500",10/19/2022 08:20:00 AM,FAILING TO YIELD RIGHT-OF-WAY,UNABLE TO DETERMINE,2842,S,KEELER AVE,1031.0,,,,,,,2,NO INDICATION OF INJURY,0.0,0.0,0.0,0.0,0.0,2.0,0.0,7,4,10,41.8392142864,-87.7294224098,POINT (-87.729422409829 41.839214286391)
6d63ef6d90865d481310e7060a652354791c130b76d0d79d974cbc79885cbfb860205532834158d9a804b05a2bd80ba2f995061b6c370d1a12b85a5d43313576,,05/13/2022 11:00:00 PM,30,STOP SIGN/FLASHER,NO CONTROLS,CLEAR,UNKNOWN,REAR END,T-INTERSECTION,,STRAIGHT AND LEVEL,UNKNOWN,UNKNOWN,ON SCENE,INJURY AND / OR TOW DUE TO CRASH,Y,,Y,"OVER $1,500",05/14/2022 02:01:00 AM,"OPERATING VEHICLE IN ERRATIC, RECKLESS, CARELESS, NEGLIGENT OR AGGRESSIVE MANNER",FOLLOWING TOO CLOSELY,1801,E,67TH ST,332.0,,,,,,,2,NONINCAPACITATING INJURY,2.0,0.0,0.0,2.0,0.0,1.0,0.0,23,6,5,41.7732814334,-87.5813505835,POINT (-87.581350583469 41.773281433432)
b75dfe85c4ef3a51b9d7bb5b8fbc12d35845e3481c07afbe7a884976f84fbb80872ebde8501d694ef28768ecf627c5d0d7f6f0ae918d8b441d5d837f66edc85e,,07/23/2022 05:09:00 PM,25,NO CONTROLS,NO CONTROLS,CLEAR,DAYLIGHT,HEAD ON,NOT DIVIDED,,STRAIGHT AND LEVEL,DRY,NO DEFECTS,ON SCENE,INJURY AND / OR TOW DUE TO CRASH,Y,,N,"OVER $1,500",07/23/2022 05:09:00 PM,UNABLE TO DETERMINE,UNABLE TO DETERMINE,2000,N,CICERO AVE,2522.0,,,,,,,2,NO INDICATION OF INJURY,0.0,0.0,0.0,0.0,0.0,3.0,0.0,17,7,7,41.9169733245,-87.7462602225,POINT (-87.746260222511 41.916973324511)
606532e4c6d4af90e5ea7af4ebb2bd73bb16542b58153027d13f0048bc528f32e24f55a11e66490fade29677de6b4d96f0b06956c4e06dac59c866e852eee162,,11/18/2019 12:15:00 PM,30,NO CONTROLS,NO CONTROLS,CLEAR,DAYLIGHT,SIDESWIPE SAME DIRECTION,DIVIDED - W/MEDIAN (NOT RAISED),,STRAIGHT AND LEVEL,WET,UNKNOWN,,NO INJURY / DRIVE AWAY,,,,"OVER $1,500",11/18/2019 12:28:00 PM,UNABLE TO DETERMINE,UNABLE TO DETERMINE,2399,W,61ST ST,825.0,,,,,,,2,NO INDICATION OF INJURY,0.0,0.0,0.0,0.0,0.0,2.0,0.0,12,2,11,,,
e3cb2c06b4cfcd64eb5f051418d48fb7b0dfbbc693c09962d9a1ef6bfe997a7241c632413144c5aa15c72ac8f476f68ad0dbcd897b0afd23dea08f1e60dae5b3,,05/06/2022 10:18:00 AM,30,NO CONTROLS,NO CONTROLS,RAIN,DAYLIGHT,REAR END,NOT DIVIDED,,STRAIGHT AND LEVEL,WET,NO DEFECTS,ON SCENE,INJURY AND / OR TOW DUE TO CRASH,,,Y,"OVER $1,500",05/06/2022 10:20:00 AM,IMPROPER OVERTAKING/PASSING,UNABLE TO DETERMINE,4933,S,WESTERN BLVD,931.0,,,,,,,2,NO INDICATION OF INJURY,0.0,0.0,0.0,0.0,0.0,3.0,0.0,10,6,5,41.8037095294,-87.6835807817,POINT (-87.683580781733 41.803709529361)
d974df7840f825d85765846004d9f82ff96273db635969a6f008a509fcf682f009c42f64b45918b65cb9404800c33b62d31518d0f4ca44d35f228d6d7c017b83,,08/26/2020 01:00:00 PM,30,TRAFFIC SIGNAL,FUNCTIONING PROPERLY,CLEAR,DAYLIGHT,TURNING,FOUR WAY,,STRAIGHT AND LEVEL,DRY,NO DEFECTS,ON SCENE,NO INJURY / DRIVE AWAY,Y,,,"OVER $1,500",08/26/2020 01:10:00 PM,IMPROPER TURNING/NO SIGNAL,NOT APPLICABLE,4000,S,PULASKI RD,815.0,,,,,,,2,NO INDICATION OF INJURY,0.0,0.0,0.0,0.0,0.0,2.0,0.0,13,4,8,41.8190524663,-87.7241127025,POINT (-87.7241127025 41.819052466282)
57cf2e9746ecfa98578393f71d1abcbb7ef5429c3550f7b24579d5eb0212b0d1961295802e9fc4cf92f9287e78429ae2aa80d3f2aec098b0df6c701913c580de,,02/08/2018 03:45:00 PM,30,NO CONTROLS,NO CONTROLS,SNOW,DAYLIGHT,PEDALCYCLIST,NOT DIVIDED,2,STRAIGHT AND LEVEL,SNOW OR SLUSH,NO DEFECTS,ON SCENE,INJURY AND / OR TOW DUE TO CRASH,,,,$500 OR LESS,02/08/2018 03:51:00 PM,UNABLE TO DETERMINE,UNABLE TO DETERMINE,1747,W,NORTH AVE,1433.0,,,Y,,,,2,INCAPACITATING INJURY,1.0,0.0,1.0,0.0,0.0,1.0,0.0,15,5,2,41.9104593518,-87.6719997325,POINT (-87.671999732499 41.910459351793)
56cafdf9fbc168f906ab8011563ece9030deda6034c36525e40414872a1207f178fa93282125ebca30e503220a07a7f2e518ac43ef7158436efeec6a5edff8c9,,08/21/2024 05:12:00 PM,15,NO CONTROLS,NO CONTROLS,CLEAR,DAYLIGHT,REAR TO FRONT,ONE-WAY,,STRAIGHT AND LEVEL,DRY,NO DEFECTS,ON SCENE,NO INJURY / DRIVE AWAY,,,,"OVER $1,500",08/21/2024 07:10:00 PM,UNABLE TO DETERMINE,UNABLE TO DETERMINE,5932,S,KEDVALE AVE,813.0,,,,,,,2,NO INDICATION OF INJURY,0.0,0.0,0.0,0.0,0.0,3.0,0.0,17,4,8,41.7849034401,-87.7267453779,POINT (-87.726745377894 41.784903440116)
27492f5ba0559abbbfa111963e8a13595326130aa9edd5bbec0f0d536fd436d313d665073f6acb4be0f6443865dc4c4d7c8433e5afacbeef71f3e7bbbe3784a0,Y,11/24/2016 09:00:00 AM,30,NO CONTROLS,NO CONTROLS,CLEAR,"DARKNESS, LIGHTED ROAD",PARKED MOTOR VEHICLE,NOT DIVIDED,2,STRAIGHT AND LEVEL,DRY,NO DEFECTS,NOT ON SCENE (DESK REPORT),NO INJURY / DRIVE AWAY,,,Y,"$501 - $1,500",11/24/2016 11:30:00 AM,UNABLE TO DETERMINE,NOT APPLICABLE,2402,W,42ND ST,924.0,,,,,,,2,NO INDICATION OF INJURY,0.0,0.0,0.0,0.0,0.0,1.0,0.0,9,5,11,41.817620114,-87.6848359545,POINT (-87.68483595454 41.817620114041)
c92841c0ef497e488ac400088f5903d9e13b4ac4e970f4a333bd0f32622b4ff27562f7c8e62d2c5e877aa6ec180223ab2e91225a294a5ac8636f3dd6ab4fe258,,08/16/2024 04:46:00 AM,30,TRAFFIC SIGNAL,FUNCTIONING PROPERLY,RAIN,"DARKNESS, LIGHTED ROAD",FIXED OBJECT,NOT DIVIDED,,STRAIGHT AND LEVEL,WET,NO DEFECTS,ON SCENE,INJURY AND / OR TOW DUE TO CRASH,,,,"OVER $1,500",08/16/2024 04:48:00 AM,WEATHER,NOT APPLICABLE,4700,S,DR MARTIN LUTHER KING JR DR,224.0,,,,,,,1,"REPORTED, NOT EVIDENT",1.0,0.0,0.0,0.0,1.0,0.0,0.0,4,6,8,41.8092909105,-87.616733046,POINT (-87.616733045993 41.809290910501)
ccd5a9105e5615af2cc3173f26eb160890f745970a914de9ecf5a45409abda6c52c7cdb6ff3415be8867435125c4611b228214e2dc991376cb3a3645b9daca96,,09/08/2022 08:28:00 AM,10,NO CONTROLS,NO CONTROLS,RAIN,DAYLIGHT,FIXED OBJECT,OTHER,,STRAIGHT AND LEVEL,DRY,NO DEFECTS,NOT ON SCENE (DESK REPORT),NO INJURY / DRIVE AWAY,,N,,"$501 - $1,500",09/08/2022 09:00:00 AM,EQUIPMENT - VEHICLE CONDITION,NOT APPLICABLE,4900,W,SUNNYSIDE AVE,1623.0,,,,,,,1,NO INDICATION OF INJURY,0.0,0.0,0.0,0.0,0.0,1.0,0.0,8,5,9,41.9626268404,-87.7500984768,POINT (-87.750098476814 41.962626840395)