CRASH_RECORD_ID,CRASH_DATE_EST_I,CRASH_DATE,POSTED_SPEED_LIMIT,TRAFFIC_CONTROL_DEVICE,DEVICE_CONDITION,WEATHER_CONDITION,LIGHTING_CONDITION,FIRST_CRASH_TYPE,TRAFFICWAY_TYPE,LANE_CNT,ALIGNMENT,ROADWAY_SURFACE_COND,ROAD_DEFECT,REPORT_TYPE,CRASH_TYPE,INTERSECTION_RELATED_I,NOT_RIGHT_OF_WAY_I,HIT_AND_RUN_I,DAMAGE,DATE_POLICE_NOTIFIED,PRIM_CONTRIBUTORY_CAUSE,SEC_CONTRIBUTORY_CAUSE,STREET_NO,STREET_DIRECTION,STREET_NAME,BEAT_OF_OCCURRENCE,PHOTOS_TAKEN_I,STATEMENTS_TAKEN_I,DOORING_I,WORK_ZONE_I,WORK_ZONE_TYPE,WORKERS_PRESENT_I,NUM_UNITS,MOST_SEVERE_INJURY,INJURIES_TOTAL,INJURIES_FATAL,INJURIES_INCAPACITATING,INJURIES_NON_INCAPACITATING,INJURIES_REPORTED_NOT_EVIDENT,INJURIES_NO_INDICATION,INJURIES_UNKNOWN,CRASH_HOUR,CRASH_DAY_OF_WEEK,CRASH_MONTH,LATITUDE,LONGITUDE,LOCATION
05111b396fa3fcd5dca1003d4fcc8077896d1ba6af2333ba749e208e4b5eb147c498fd58d2a8080bb5786d0b4514e021f1f13672d94a50b3c634c5802a4eb885,,03/06/2016 07:14:00 PM,30,NO CONTROLS,NO CONTROLS,CLEAR,"DARKNESS, LIGHTED ROAD",SIDESWIPE SAME DIRECTION,NOT DIVIDED,2,STRAIGHT AND LEVEL,DRY,NO DEFECTS,NOT ON SCENE (DESK REPORT),NO INJURY / DRIVE AWAY,,,,"$501 - $1,500",03/06/2016 07:41:00 PM,FAILING TO YIELD RIGHT-OF-WAY,UNABLE TO DETERMINE,7606,N,BOSWORTH AVE,2422.0,,,,,,,2,NO INDICATION OF INJURY,0.0,0.0,0.0,0.0,0.0,3.0,0.0,19,1,3,42.0196200762,-87.6696419067,POINT (-87.66964190673 42.019620076151)
56e1e853b6d65400da77ffa6e463c6d3b31b87a45442d02171492ebed3711d5fae546d84f3f3ec228753b2ff7f9e28efb1b831fba932df1dbd33986839fce26b,,07/16/2022 09:20:00 AM,30,TRAFFIC SIGNAL,FUNCTIONING PROPERLY,CLEAR,DAYLIGHT,REAR END,FOUR WAY,,STRAIGHT AND LEVEL,UNKNOWN,UNKNOWN,NOT ON SCENE (DESK REPORT),NO INJURY / DRIVE AWAY,Y,,,"OVER $1,500",07/16/2022 12:11:00 PM,UNABLE TO DETERMINE,UNABLE TO DETERMINE,8650,S,STONY ISLAND AVE,412.0,,,,,,,2,NO INDICATION OF INJURY,0.0,0.0,0.0,0.0,0.0,2.0,0.0,9,7,7,41.7372110604,-87.585782207,POINT (-87.58578220704 41.73721106039)
1b09e687a4cd6ee1345eb42b0a13b7463c0bb8016b2bd5e13943332130efe820a4e82bcb9c290beb40304cabb65fa3d70f161b08fb34444530d94cfddc6293cf,,06/07/2024 09:15:00 PM,30,TRAFFIC SIGNAL,FUNCTIONING PROPERLY,CLEAR,"DARKNESS, LIGHTED ROAD",TURNING,UNKNOWN INTERSECTION TYPE,,STRAIGHT AND LEVEL,DRY,NO DEFECTS,NOT ON SCENE (DESK REPORT),NO INJURY / DRIVE AWAY,Y,,Y,"$501 - $1,500",06/07/2024 09:45:00 PM,UNABLE TO DETERMINE,NOT APPLICABLE,111,N,LAKE SHORE DR NB,114.0,,,,,,,2,NO INDICATION OF INJURY,0.0,0.0,0.0,0.0,0.0,2.0,0.0,21,6,6,41.8830656226,-87.6154561345,POINT (-87.615456134488 41.883065622637)
5b2d14d362b178f204a75e3cbbfb43766b89a14c504db6f4ee4b6e29609ab482d44f3fe7c0a41e4c0062ced8f5c030e93d11ac728207da85ff3eb50d66dd2719,,02/25/2024 11:00:00 AM,30,NO CONTROLS,NO CONTROLS,CLEAR,DAYLIGHT,TURNING,NOT DIVIDED,,STRAIGHT AND LEVEL,DRY,NO DEFECTS,NOT ON SCENE (DESK REPORT),NO INJURY / DRIVE AWAY,,,,"$501 - $1,500",02/25/2024 12:30:00 PM,UNABLE TO DETERMINE,NOT APPLICABLE,2526,W,PRATT BLVD,2411.0,,,,,,,2,NO INDICATION OF INJURY,0.0,0.0,0.0,0.0,0.0,2.0,0.0,11,1,2,42.0050818183,-87.6935154063,POINT (-87.693515406263 42.005081818335)
df785c37780d9e31a4e9e57c32b51a1021e94c52fc1efe2a2ae75f658187c742c586bf9526ae20d8a7741bfc5af0e24693b547f2c9a5fbdb90bb7d97e2d8f5c3,,04/15/2016 02:00:00 PM,30,NO CONTROLS,NO CONTROLS,CLEAR,DAYLIGHT,TURNING,DIVIDED - W/MEDIAN (NOT RAISED),2,STRAIGHT AND LEVEL,DRY,UNKNOWN,NOT ON SCENE (DESK REPORT),NO INJURY / DRIVE AWAY,,,Y,"OVER $1,500",04/15/2016 02:30:00 PM,NOT APPLICABLE,NOT APPLICABLE,5057,N,KIMBALL AVE,1713.0,,,,,,,2,NO INDICATION OF INJURY,0.0,0.0,0.0,0.0,0.0,3.0,0.0,14,6,4,41.9736612589,-87.7133634309,POINT (-87.713363430885 41.973661258879)
cdaf4dd441a10b614c8c403f0c82320efdddf21782ed1424deabc220e0262cb1d53d08eb5c2f3105474ff333eb8080382828c3ce59c670fa3b9cbf7fe0fb1c64,,08/22/2024 02:00:00 PM,25,NO CONTROLS,NO CONTROLS,CLEAR,DAYLIGHT,FIXED OBJECT,ALLEY,,STRAIGHT AND LEVEL,DRY,UNKNOWN,NOT ON SCENE (DESK REPORT),NO INJURY / DRIVE AWAY,,Y,Y,"$501 - $1,500",09/01/2024 10:00:00 PM,UNABLE TO DETERMINE,UNABLE TO DETERMINE,7915,S,ESSEX AVE,422.0,,,,,,,1,NO INDICATION OF INJURY,0.0,0.0,0.0,0.0,0.0,1.0,0.0,14,5,8,41.7513013324,-87.5636535091,POINT (-87.563653509119 41.751301332367)
b5a009f2262143b1fe0b04f25d62c748c575bea12bd7c2692a502147c2298476d56cb3081a97b0e689b55d1e994cbe926d3d8ede21516dbe33b08683d0dcbd93,,10/04/2022 04:30:00 PM,30,NO CONTROLS,NO CONTROLS,CLEAR,DAYLIGHT,TURNING,ONE-WAY,,STRAIGHT AND LEVEL,DRY,NO DEFECTS,ON SCENE,INJURY AND / OR TOW DUE TO CRASH,,,,"OVER $1,500",10/04/2022 04:54:00 PM,IMPROPER OVERTAKING/PASSING,NOT APPLICABLE,3700,S,WENTWORTH AVE,915.0,,,,,,,2,NO INDICATION OF INJURY,0.0,0.0,0.0,0.0,0.0,5.0,0.0,16,3,10,41.8272023118,-87.6315653942,POINT (-87.631565394199 41.827202311791)
ba78d3356e771f8b3c1923f7d650c48ca6024be5dfef75458a86015c3fcfcde4f9917c7030859593e7c48476809b4dcfff94ac2fb340c0885b1ab02981fd70a5,,07/02/2019 07:30:00 AM,30,UNKNOWN,UNKNOWN,UNKNOWN,DAYLIGHT,PEDESTRIAN,NOT DIVIDED,,STRAIGHT AND LEVEL,UNKNOWN,UNKNOWN,NOT ON SCENE (DESK REPORT),INJURY AND / OR TOW DUE TO CRASH,,,Y,"$501 - $1,500",07/07/2019 10:00:00 PM,UNABLE TO DETERMINE,NOT APPLICABLE,3600,W,LAKE ST,1123.0,,,,,,,2,NONINCAPACITATING INJURY,1.0,0.0,0.0,1.0,0.0,1.0,0.0,7,3,7,41.8850319304,-87.7160477357,POINT (-87.716047735724 41.885031930422)
6d7f5c12a67ada3dc01423351723a1fbf23fdfaf18a25916f2218008eed1882c139ffec45f6b343abaaf005950d8976258c034fad8b7997f0caa2cf3ae973530,,12/21/2021 05:41:00 PM,30,TRAFFIC SIGNAL,FUNCTIONING PROPERLY,CLEAR,"DARKNESS, LIGHTED ROAD",REAR END,ONE-WAY,,STRAIGHT AND LEVEL,DRY,NO DEFECTS,NOT ON SCENE (DESK REPORT),NO INJURY / DRIVE AWAY,,,,$500 OR LESS,12/21/2021 06:41:00 PM,FOLLOWING TOO CLOSELY,NOT APPLICABLE,500,W,MONROE ST,121.0,,,,,,,2,NO INDICATION OF INJURY,0.0,0.0,0.0,0.0,0.0,3.0,0.0,17,3,12,41.8806992461,-87.6397250266,POINT (-87.639725026639 41.880699246124)
b65c042a4368c93e12643113cd637c7f450f1ae4f0f261724332a72e9fd7ed06601816b0a5960d611c5000f0049c8a2def9e9a68327f63187d2543fe3549c3de,,05/26/2021 12:48:00 PM,30,TRAFFIC SIGNAL,FUNCTIONING PROPERLY,CLEAR,DAYLIGHT,REAR END,FOUR WAY,,STRAIGHT ON GRADE,DRY,NO DEFECTS,ON SCENE,INJURY AND / OR TOW DUE TO CRASH,Y,,,"OVER $1,500",05/26/2021 12:49:00 PM,FAILING TO REDUCE SPEED TO AVOID CRASH,NOT APPLICABLE,11115,S,CICERO AVE,2211.0,,,,,,,3,NONINCAPACITATING INJURY,1.0,0.0,0.0,1.0,0.0,2.0,0.0,12,4,5,41.6903820461,-87.7395717436,POINT (-87.739571743618 41.690382046131)
83f662d7376bf88659b5d5bfefa61fa4f22f18089f3b1eea3e860e8c12350e8fd3eb16056c61224798f8c1f8dea8ab950afb255ee0bb6c32a0e567a06534f6ab,,10/06/2023 05:00:00 PM,30,TRAFFIC SIGNAL,FUNCTIONING PROPERLY,CLEAR,DAYLIGHT,SIDESWIPE SAME DIRECTION,DIVIDED - W/MEDIAN BARRIER,,STRAIGHT AND LEVEL,DRY,UNKNOWN,NOT ON SCENE (DESK REPORT),NO INJURY / DRIVE AWAY,,,,"OVER $1,500",10/06/2023 05:38:00 PM,UNABLE TO DETERMINE,NOT APPLICABLE,2400,S,KEDZIE AVE,1024.0,,,,,,,2,NO INDICATION OF INJURY,0.0,0.0,0.0,0.0,0.0,2.0,0.0,17,6,10,41.8480495689,-87.7052946636,POINT (-87.705294663572 41.848049568878)
a7be5476fd9db64724a597ad87fc842f3b3e5cb256b56bee043204c032cf91cb6c215a0e05ff5c9b30ccace898b0dc7d37d2ddb7c04743e4891b7e273c6cd3e9,Y,05/01/2022 02:00:00 PM,30,NO CONTROLS,NO CONTROLS,UNKNOWN,UNKNOWN,PARKED MOTOR VEHICLE,ALLEY,,STRAIGHT AND LEVEL,UNKNOWN,UNKNOWN,ON SCENE,NO INJURY / DRIVE AWAY,,,Y,"OVER $1,500",05/01/2022 03:43:00 PM,UNABLE TO DETERMINE,UNABLE TO DETERMINE,428,E,47TH ST,221.0,,,,,,,2,NO INDICATION OF INJURY,0.0,0.0,0.0,0.0,0.0,1.0,0.0,14,1,5,41.8095155423,-87.6151311708,POINT (-87.615131170802 41.809515542262)
f6e010f754f4d21f40e2e97293a254beb0f006db7ef874a3bea76247912fdd7612dff58b52b054070354e563af97e889f50a9811557b66a32aa5ad5af447ebc8,Y,03/02/2019 11:02:00 PM,35,NO CONTROLS,NO CONTROLS,CLEAR,"DARKNESS, LIGHTED ROAD",PARKED MOTOR VEHICLE,NOT DIVIDED,2,STRAIGHT AND LEVEL,DRY,NO DEFECTS,ON SCENE,INJURY AND / OR TOW DUE TO CRASH,,,Y,"OVER $1,500",03/02/2019 11:13:00 PM,UNABLE TO DETERMINE,UNABLE TO DETERMINE,653,E,75TH ST,624.0,,,,,,,2,NO INDICATION OF INJURY,0.0,0.0,0.0,0.0,0.0,2.0,0.0,23,7,3,41.7584236592,-87.6081505909,POINT (-87.608150590912 41.758423659223)
d60ddc9fb882599cc27aeb123169e6882b81ea69b873b63e99a4fd6431942bd4b01dc45ad5e556a1955a111266f3594f35ad8432115e8c46ec4f815769490d4c,,05/31/2025 11:00:00 PM,15,NO CONTROLS,NO CONTROLS,CLEAR,"DARKNESS, LIGHTED ROAD",SIDESWIPE SAME DIRECTION,ALLEY,,STRAIGHT AND LEVEL,DRY,NO DEFECTS,ON SCENE,NO INJURY / DRIVE AWAY,,,Y,"$501 - $1,500",06/01/2025 12:20:00 AM,UNABLE TO DETERMINE,UNABLE TO DETERMINE,1721,N,ALBANY AVE,1421.0,,,,,,,2,NO INDICATION OF INJURY,0.0,0.0,0.0,0.0,0.0,2.0,0.0,23,7,5,41.9125853972,-87.7044429643,POINT (-87.704442964316 41.912585397225)
632699689fe2d856b05c7ea5324ca69b35b731086874f25d6fc9fc4aa6d48a9057b8145944506430ada61d169c2206fb92621a9602beccc7860f966eaaca6a1a,,01/29/2019 05:15:00 AM,30,NO CONTROLS,NO CONTROLS,SNOW,"DARKNESS, LIGHTED ROAD",FIXED OBJECT,DIVIDED - W/MEDIAN BARRIER,,STRAIGHT AND LEVEL,SNOW OR SLUSH,NO DEFECTS,NOT ON SCENE (DESK REPORT),NO INJURY / DRIVE AWAY,,,,"OVER $1,500",02/02/2019 10:50:00 AM,WEATHER,NOT APPLICABLE,644,N,LAKE SHORE DR,1834.0,,,,,,,1,NO INDICATION OF INJURY,0.0,0.0,0.0,0.0,0.0,1.0,0.0,5,3,1,41.8938713478,-87.6152747773,POINT (-87.615274777284 41.893871347793)
8def380db79d6df990bef093d36d41ba175c8f96c38b752ce6b2d877ec136e1272c32a6ae24a5fd50fb635d93bb6149592e3ee6bfbdb6158832f4cb6941a5360,,05/03/2020 05:22:00 PM,30,STOP SIGN/FLASHER,FUNCTIONING PROPERLY,CLEAR,DAYLIGHT,TURNING,NOT DIVIDED,,STRAIGHT AND LEVEL,DRY,NO DEFECTS,ON SCENE,NO INJURY / DRIVE AWAY,Y,,,"OVER $1,500",05/03/2020 05:25:00 PM,UNABLE TO DETERMINE,NOT APPLICABLE,7500,S,DANTE AVE,411.0,,,,,,,2,NO INDICATION OF INJURY,0.0,0.0,0.0,0.0,0.0,2.0,0.0,17,1,5,41.7586419168,-87.5897293659,POINT (-87.589729365908 41.758641916753)
13381669921bd507b62c657141c11088d739533638248344b93b1f49d71c1e60dfa7698283affd43d4654083b7a13fd1fb38d88f7330e686204b99aa4f717ce5,Y,04/08/2021 05:45:00 AM,30,TRAFFIC SIGNAL,UNKNOWN,RAIN,"DARKNESS, LIGHTED ROAD",PEDESTRIAN,UNKNOWN,,STRAIGHT AND LEVEL,WET,UNKNOWN,NOT ON SCENE (DESK REPORT),NO INJURY / DRIVE AWAY,Y,,,$500 OR LESS,04/08/2021 06:58:00 AM,FAILING TO YIELD RIGHT-OF-WAY,UNABLE TO DETERMINE,2402,W,TAYLOR ST,1135.0,,,,,,,2,NO INDICATION OF INJURY,0.0,0.0,0.0,0.0,0.0,2.0,0.0,5,5,4,41.8694477312,-87.6863103214,POINT (-87.686310321358 41.86944773122)
a6c3c87d50b639c051250b6413fc002625dc2e0dbdaf64e7f3c48ca0e2d51f09707b790d1f4d2b4b462ea759dee27e9a48b1f77c947df7a69313c717e9a409c3,,08/30/2020 08:12:00 PM,30,NO CONTROLS,NO CONTROLS,CLEAR,DUSK,PEDALCYCLIST,FOUR WAY,,STRAIGHT AND LEVEL,DRY,NO DEFECTS,ON SCENE,INJURY AND / OR TOW DUE TO CRASH,Y,,,"OVER $1,500",08/30/2020 08:14:00 PM,IMPROPER LANE USAGE,HAD BEEN DRINKING (USE WHEN ARREST IS NOT MADE),5657,W,FULLERTON AVE,2515.0,,,,,,,2,NONINCAPACITATING INJURY,1.0,0.0,0.0,1.0,0.0,1.0,0.0,20,1,8,41.9238350688,-87.7682791741,POINT (-87.768279174149 41.92383506879)
85a50a7c8cbd6b5a10db1075fe69fb258875d344bd2f4eed44bb562fa27664cc6a65de87d30deffb517aedbabc8792902990e588894acf126e6cdc1404da8c06,,10/01/2018 01:25:00 AM,30,NO CONTROLS,NO CONTROLS,RAIN,"DARKNESS, LIGHTED ROAD",TURNING,NOT DIVIDED,,STRAIGHT AND LEVEL,WET,UNKNOWN,NOT ON SCENE (DESK REPORT),NO INJURY / DRIVE AWAY,,,,"OVER $1,500",10/01/2018 01:41:00 AM,UNABLE TO DETERMINE,UNABLE TO DETERMINE,6000,W,MONTROSE AVE,1622.0,,,,,,,2,NO INDICATION OF INJURY,0.0,0.0,0.0,0.0,0.0,2.0,0.0,1,2,10,41.9604605384,-87.7770828329,POINT (-87.777082832894 41.960460538426)
ea3ef8cc0c961e351a2b4f5fa392da42b7354e530c929f13c96919045dd5b1ae8283cd7399c298803b1549a09fa3f7df1a0aee2901689cfc96c21101e8e09b66,,03/05/2020 07:30:00 AM,30,PEDESTRIAN CROSSING SIGN,FUNCTIONING PROPERLY,CLEAR,DAYLIGHT,ANGLE,DIVIDED - W/MEDIAN (NOT RAISED),,STRAIGHT ON GRADE,DRY,NO DEFECTS,ON SCENE,INJURY AND / OR TOW DUE TO CRASH,Y,,,"OVER $1,500",03/05/2020 07:45:00 AM,FAILING TO YIELD RIGHT-OF-WAY,NOT APPLICABLE,1140,N,LA SALLE DR,1824.0,,,,,,,2,"REPORTED, NOT EVIDENT",1.0,0.0,0.0,0.0,1.0,2.0,0.0,7,5,3,41.9030477003,-87.6330394917,POINT (-87.633039491686 41.903047700283)
77cef5bb58cf83519f61b36186ce16a1c49d1e11361611e3ca46d12e7da94909e7235fc33a3382a2bfbab65d306c7400dee6ace5105d34e9e7a108626f97a23f,,09/26/2024 09:40:00 AM,30,NO CONTROLS,NO CONTROLS,CLEAR,DAYLIGHT,PEDESTRIAN,DIVIDED - W/MEDIAN (NOT RAISED),,STRAIGHT AND LEVEL,DRY,NO DEFECTS,ON SCENE,INJURY AND / OR TOW DUE TO CRASH,,,Y,"OVER $1,500",09/26/2024 09:41:00 AM,UNABLE TO DETERMINE,UNABLE TO DETERMINE,1614,N,OAK PARK AVE,2513.0,,,,,,,2,NONINCAPACITATING INJURY,1.0,0.0,0.0,1.0,0.0,1.0,0.0,9,5,9,41.9095081602,-87.7949520683,POINT (-87.794952068338 41.90950816019)
53f2a15c7c2d8245b2989ab38a049c19a4649d9e6c33886177bef79d5b6d3adf078c40a2f1d547662caaaa31c5cac9c65836e9970560982dd46ac21c6a6dfdbb,,09/08/2023 04:07:00 PM,30,NO CONTROLS,NO CONTROLS,CLEAR,DAYLIGHT,TURNING,DIVIDED - W/MEDIAN BARRIER,,STRAIGHT AND LEVEL,DRY,NO DEFECTS,NOT ON SCENE (DESK REPORT),NO INJURY / DRIVE AWAY,Y,,,"OVER $1,500",09/08/2023 05:00:00 PM,FAILING TO YIELD RIGHT-OF-WAY,FAILING TO YIELD RIGHT-OF-WAY,3500,W,IRVING PARK RD,1723.0,,,,,,,2,NO INDICATION OF INJURY,0.0,0.0,0.0,0.0,0.0,2.0,0.0,16,6,9,41.953930482,-87.7154261961,POINT (-87.715426196115 41.953930481958)
3437d3079a9d99a77a20476b6b9f60ed3f9b416324b9e778bdbfb7adc02685928a32a231b4d44338d981851de0242eca76c32e668eb408e9f1a06eb39c52dd71,,05/30/2019 02:45:00 PM,30,TRAFFIC SIGNAL,FUNCTIONING PROPERLY,CLEAR,DAYLIGHT,REAR END,NOT DIVIDED,,STRAIGHT AND LEVEL,DRY,NO DEFECTS,NOT ON SCENE (DESK REPORT),NO INJURY / DRIVE AWAY,,,,"OVER $1,500",05/30/2019 04:50:00 PM,UNABLE TO DETERMINE,UNABLE TO DETERMINE,2200,S,PULASKI RD,1013.0,,,,,,,2,NO INDICATION OF INJURY,0.0,0.0,0.0,0.0,0.0,2.0,0.0,14,5,5,41.8515214423,-87.7249047867,POINT (-87.72490478675 41.851521442331)
467ceffa1cb7d9ec9edf9bbd9c9a874120519acd5d378bd537af3d5c021a990428661c09f7eaa7f463c752b4728278c5c5cacd24ff83dff4fb751ab9a08af78e,,02/08/2018 10:40:00 AM,30,NO CONTROLS,NO CONTROLS,CLEAR,DAYLIGHT,SIDESWIPE SAME DIRECTION,NOT DIVIDED,,STRAIGHT AND LEVEL,DRY,NO DEFECTS,ON SCENE,INJURY AND / OR TOW DUE TO CRASH,,,,"OVER $1,500",02/08/2018 10:50:00 AM,FAILING TO YIELD RIGHT-OF-WAY,NOT APPLICABLE,1120,W,WILSON AVE,1913.0,,,,,,,2,NO INDICATION OF INJURY,0.0,0.0,0.0,0.0,0.0,2.0,0.0,10,5,2,41.9654980435,-87.6583249393,POINT (-87.658324939276 41.96549804346)
1506111d8626c165b7c222ac40d044407a02f2a34d8f428efa122232fb8288bcfabd012881eef20a51087a5f8d045b4a214207e7ab71474da0e2dc45527b400d,,02/14/2023 03:05:00 PM,25,STOP SIGN/FLASHER,FUNCTIONING PROPERLY,UNKNOWN,DAYLIGHT,PARKED MOTOR VEHICLE,FOUR WAY,,STRAIGHT AND LEVEL,UNKNOWN,UNKNOWN,ON SCENE,NO INJURY / DRIVE AWAY,Y,,Y,"OVER $1,500",02/15/2023 09:06:00 AM,IMPROPER TURNING/NO SIGNAL,UNABLE TO DETERMINE,5932,N,MAGNOLIA AVE,2013.0,,,,,,,2,NO INDICATION OF INJURY,0.0,0.0,0.0,0.0,0.0,1.0,0.0,15,3,2,41.9900178993,-87.6617007223,POINT (-87.661700722344 41.990017899324)
0f471b4a2de51ca88da66b1afc34f57228aa68244774fd21b75b021a4648e1eac22648c8910b3728c55ac91d9398a558d4b3671d68bf51b34a378ebbe81bf028,Y,04/14/2025 04:30:00 PM,25,NO CONTROLS,NO CONTROLS,CLEAR,DAYLIGHT,PARKED MOTOR VEHICLE,ONE-WAY,,STRAIGHT AND LEVEL,DRY,NO DEFECTS,ON SCENE,INJURY AND / OR TOW DUE TO CRASH,,,Y,"OVER $1,500",04/14/2025 04:39:00 PM,UNABLE TO DETERMINE,NOT APPLICABLE,7651,S,WABASH AVE,623.0,,,,,,,3,NO INDICATION OF INJURY,0.0,0.0,0.0,0.0,0.0,1.0,0.0,16,2,4,41.7549397808,-87.6229332155,POINT (-87.622933215535 41.754939780782)
84eeda9b48eea685fd15a6d30a47ccbf21bc630f4751b26c90891592b1c8a89463b4465fa4d5c12415f431cb3ad7c59d2460f6d80bf6d9326e9d4d4302133f4c,,08/22/2025 08:40:00 PM,30,NO CONTROLS,NO CONTROLS,CLEAR,DARKNESS,PARKED MOTOR VEHICLE,ALLEY,,STRAIGHT AND LEVEL,DRY,NO DEFECTS,ON SCENE,NO INJURY / DRIVE AWAY,,,,"OVER $1,500",08/22/2025 08:42:00 PM,IMPROPER TURNING/NO SIGNAL,DRIVING SKILLS/KNOWLEDGE/EXPERIENCE,816,W,ERIE ST,1214.0,,,,,,,2,NO INDICATION OF INJURY,0.0,0.0,0.0,0.0,0.0,1.0,0.0,20,6,8,41.893472535,-87.648442393,POINT (-87.648442392994 41.893472535021)
78c548124538f36a4eef535c7199831daa3bb205125b99474ed80adc6dd715eb486f4bf9fc1ed28e3fab832c58e7da69f9d4c51114ea909e8d12e0c65e06ad9e,,02/26/2018 10:40:00 PM,30,TRAFFIC SIGNAL,FUNCTIONING PROPERLY,CLEAR,"DARKNESS, LIGHTED ROAD",ANGLE,NOT DIVIDED,3,STRAIGHT AND LEVEL,DRY,NO DEFECTS,ON SCENE,INJURY AND / OR TOW DUE TO CRASH,Y,,,"OVER $1,500",02/26/2018 10:44:00 PM,UNABLE TO DETERMINE,NOT APPLICABLE,300,W,MONROE ST,122.0,,,,,,,2,"REPORTED, NOT EVIDENT",1.0,0.0,0.0,0.0,1.0,1.0,0.0,22,2,2,41.8807498156,-87.6353557458,POINT (-87.635355745793 41.880749815573)
53d90408041b2bcc8135aec4ada3b3f4e1180b0a8561b850b93b07c3b156c6b1104123f4c35e734503b81024e0958d6d1d5794dfe3a683ce76a8150223d76fc7,,09/06/2025 04:27:00 PM,30,NO CONTROLS,NO CONTROLS,CLEAR,DAYLIGHT,ANGLE,NOT DIVIDED,,STRAIGHT AND LEVEL,UNKNOWN,NO DEFECTS,NOT ON SCENE (DESK REPORT),NO INJURY / DRIVE AWAY,,,,"OVER $1,500",09/07/2025 11:15:00 AM,FAILING TO YIELD RIGHT-OF-WAY,UNABLE TO DETERMINE,1225,N,WELLS ST,1821.0,,,,,,,2,NO INDICATION OF INJURY,0.0,0.0,0.0,0.0,0.0,3.0,0.0,16,7,9,41.9046504825,-87.6343606727,POINT (-87.634360672708 41.904650482462)
dccedb0edf66b7861c24da27dc83f6b33f0b3e2bbbdacdb4dde9ce580a981dd49f55b9d7ac4ffe6066ace52979e5be873ed565ba5d68ba9c90431bbbb7a33708,,03/20/2022 03:50:00 AM,30,NO CONTROLS,NO CONTROLS,CLEAR,"DARKNESS, LIGHTED ROAD",PARKED MOTOR VEHICLE,NOT DIVIDED,,STRAIGHT AND LEVEL,DRY,NO DEFECTS,ON SCENE,INJURY AND / OR TOW DUE TO CRASH,,,Y,"OVER $1,500",03/20/2022 11:00:00 AM,UNABLE TO DETERMINE,UNABLE TO DETERMINE,13310,S,AVENUE M,433.0,,,,,,,3,NO INDICATION OF INJURY,0.0,0.0,0.0,0.0,0.0,1.0,0.0,3,1,3,41.6532902166,-87.5376069345,POINT (-87.537606934536 41.653290216611)
3eb8713ff7c9dea986dd03ea42de0e4f4233bb336afd2f6861f6e3015968d5775079d446ead209d8c6b53fb46e1aa4169fe95fd03273495941e3fdff05cfc56c,,09/17/2015 04:45:00 PM,20,NO CONTROLS,NO CONTROLS,CLEAR,DAYLIGHT,PEDALCYCLIST,NOT DIVIDED,2,STRAIGHT AND LEVEL,DRY,NO DEFECTS,NOT ON SCENE (DESK REPORT),INJURY AND / OR TOW DUE TO CRASH,,,,$500 OR LESS,09/18/2015 09:20:00 AM,UNABLE TO DETERMINE,NOT APPLICABLE,400,E,RANDOLPH ST,114.0,,,,,,,2,NONINCAPACITATING INJURY,1.0,0.0,0.0,1.0,0.0,1.0,0.0,16,5,9,41.8846463654,-87.6172484962,POINT (-87.617248496239 41.884646365435)
455774c137df17927313337753b754330b1d3fa66343458e84718169d8b5309bbc6a389576efdeed4b2c95afadd7b19cd488fdf742f8ad9465eaef0ba736482a,,10/04/2017 05:25:00 PM,30,NO CONTROLS,NO CONTROLS,CLEAR,DAYLIGHT,REAR END,NOT DIVIDED,2,STRAIGHT AND LEVEL,DRY,NO DEFECTS,ON SCENE,NO INJURY / DRIVE AWAY,Y,,,$500 OR LESS,10/04/2017 05:43:00 PM,FAILING TO REDUCE SPEED TO AVOID CRASH,NOT APPLICABLE,5401,W,DIVISION ST,1524.0,,,,,,,2,NO INDICATION OF INJURY,0.0,0.0,0.0,0.0,0.0,2.0,0.0,17,4,10,41.9020808161,-87.7610798058,POINT (-87.761079805774 41.90208081614)
773adea9045063f70a0a91410780ecfed2cffc5c0606256b4e6a0f2369dd69e31c5bf21e79e2906ef7ffe4ad246ca8354971644a7ad18d701c95d10983dba11b,,10/31/2019 04:25:00 PM,30,STOP SIGN/FLASHER,FUNCTIONING PROPERLY,SNOW,DAYLIGHT,ANGLE,DIVIDED - W/MEDIAN (NOT RAISED),,STRAIGHT AND LEVEL,SNOW OR SLUSH,NO DEFECTS,NOT ON SCENE (DESK REPORT),NO INJURY / DRIVE AWAY,Y,,,"OVER $1,500",10/31/2019 04:50:00 PM,FAILING TO YIELD RIGHT-OF-WAY,NOT APPLICABLE,7900,S,HONORE ST,611.0,,,,,,,2,NO INDICATION OF INJURY,0.0,0.0,0.0,0.0,0.0,3.0,0.0,16,5,10,41.7501847394,-87.6696391312,POINT (-87.669639131161 41.750184739393)
10acf2ef823521e851e1fedf2edf7a6873614a43f2894e838d0d7dd3b8ab472ce259e104302d89ee6d8306eaef318dc91da7876b8178e42105d9b37fea96f307,,07/31/2024 07:20:00 AM,30,TRAFFIC SIGNAL,FUNCTIONING PROPERLY,CLEAR,DAYLIGHT,REAR END,FOUR WAY,,STRAIGHT AND LEVEL,DRY,NO DEFECTS,NOT ON SCENE (DESK REPORT),NO INJURY / DRIVE AWAY,Y,,,"OVER $1,500",07/31/2024 07:52:00 AM,FOLLOWING TOO CLOSELY,NOT APPLICABLE,6500,S,WESTERN AVE,832.0,,,,,,,2,NO INDICATION OF INJURY,0.0,0.0,0.0,0.0,0.0,2.0,0.0,7,4,7,41.7755057585,-87.683691462,POINT (-87.683691462002 41.775505758518)