CRASH_RECORD_ID,CRASH_DATE_EST_I,CRASH_DATE,POSTED_SPEED_LIMIT,TRAFFIC_CONTROL_DEVICE,DEVICE_CONDITION,WEATHER_CONDITION,LIGHTING_CONDITION,FIRST_CRASH_TYPE,TRAFFICWAY_TYPE,LANE_CNT,ALIGNMENT,ROADWAY_SURFACE_COND,ROAD_DEFECT,REPORT_TYPE,CRASH_TYPE,INTERSECTION_RELATED_I,NOT_RIGHT_OF_WAY_I,HIT_AND_RUN_I,DAMAGE,DATE_POLICE_NOTIFIED,PRIM_CONTRIBUTORY_CAUSE,SEC_CONTRIBUTORY_CAUSE,STREET_NO,STREET_DIRECTION,STREET_NAME,BEAT_OF_OCCURRENCE,PHOTOS_TAKEN_I,STATEMENTS_TAKEN_I,DOORING_I,WORK_ZONE_I,WORK_ZONE_TYPE,WORKERS_PRESENT_I,NUM_UNITS,MOST_SEVERE_INJURY,INJURIES_TOTAL,INJURIES_FATAL,INJURIES_INCAPACITATING,INJURIES_NON_INCAPACITATING,INJURIES_REPORTED_NOT_EVIDENT,INJURIES_NO_INDICATION,INJURIES_UNKNOWN,CRASH_HOUR,CRASH_DAY_OF_WEEK,CRASH_MONTH,LATITUDE,LONGITUDE,LOCATION
00c9d798be8784dcc91da8e7392de707040a40327fa5c8a0971f95d7e34e91424525953fd6d967224606d81e0b4b62c2cd603844ce06d2b07bedc77e5f742f8b,,03/27/2021 09:15:00 AM,30,TRAFFIC SIGNAL,FUNCTIONING PROPERLY,CLEAR,DAYLIGHT,TURNING,ONE-WAY,,STRAIGHT AND LEVEL,DRY,NO DEFECTS,NOT ON SCENE (DESK REPORT),NO INJURY / DRIVE AWAY,Y,,,"$501 - $1,500",03/27/2021 10:10:00 AM,IMPROPER LANE USAGE,UNABLE TO DETERMINE,36,W,SUPERIOR ST,1832.0,,,,,,,2,NO INDICATION OF INJURY,0.0,0.0,0.0,0.0,0.0,2.0,0.0,9,7,3,41.895768039,-87.629678317,POINT (-87.629678317 41.895768039028)
1b564959fa35fdd0e95e5622d20cf2901fa68a70d537acc97930ba89f0b9b0bb7de8e7486cfa16fac1f445f63768d34c74279bdafdc296d9912e654fa61a70dd,Y,05/17/2020 06:15:00 PM,30,NO CONTROLS,NO CONTROLS,RAIN,DAYLIGHT,TURNING,ONE-WAY,,STRAIGHT AND LEVEL,WET,UNKNOWN,NOT ON SCENE (DESK REPORT),INJURY AND / OR TOW DUE TO CRASH,,,Y,"OVER $1,500",05/17/2020 06:20:00 PM,IMPROPER TURNING/NO SIGNAL,IMPROPER LANE USAGE,112,W,87TH ST,622.0,,,,,,,3,"REPORTED, NOT EVIDENT",1.0,0.0,0.0,0.0,1.0,3.0,0.0,18,1,5,41.7363800456,-87.627509219,POINT (-87.627509219026 41.736380045588)
6df1a2f8bc8f8cf598b69b66ef4eaa963db0d1aeb3420f8ec730c800c15539e47d1a9c2162d89db772d86084ae8fbab37a4905c6ab025c17a1b1a26cc60f2f5e,,10/19/2018 01:50:00 PM,30,NO CONTROLS,NO CONTROLS,CLEAR,DAYLIGHT,PARKED MOTOR VEHICLE,ALLEY,,STRAIGHT AND LEVEL,UNKNOWN,NO DEFECTS,NOT ON SCENE (DESK REPORT),NO INJURY / DRIVE AWAY,,,,"$501 - $1,500",10/19/2018 02:04:00 PM,IMPROPER BACKING,NOT APPLICABLE,1810,S,BLUE ISLAND AVE,1233.0,,,,,,,2,NO INDICATION OF INJURY,0.0,0.0,0.0,0.0,0.0,1.0,0.0,13,6,10,41.8574527464,-87.6616883311,POINT (-87.661688331064 41.857452746396)
ae3b6d373ca24b1a3585a9db4ca1585f8ee60f6c6e2868e651b0afd4c7f0473a1a819a685d040f86b05426e12b5b0a21dcb34d8bd809af344427dd494fc5b942,,07/18/2020 10:45:00 PM,35,TRAFFIC SIGNAL,FUNCTIONING PROPERLY,CLEAR,"DARKNESS, LIGHTED ROAD",TURNING,NOT DIVIDED,,STRAIGHT AND LEVEL,DRY,NO DEFECTS,ON SCENE,INJURY AND / OR TOW DUE TO CRASH,Y,,,"OVER $1,500",07/18/2020 10:50:00 PM,DISREGARDING OTHER TRAFFIC SIGNS,UNABLE TO DETERMINE,1316,W,DIVISION ST,1433.0,,,,,,,2,"REPORTED, NOT EVIDENT",3.0,0.0,0.0,0.0,3.0,0.0,0.0,22,7,7,41.9035484117,-87.6613142604,POINT (-87.661314260408 41.903548411658)
e17bd288b79f4ee01afd56d3dd194085287572d5d0bb38e5ef68ed743cf43e3a53e67429586e38709ba06e3501d67510dc83160908c6eb000dade89af146de90,,06/09/2023 03:00:00 PM,30,UNKNOWN,UNKNOWN,UNKNOWN,UNKNOWN,SIDESWIPE SAME DIRECTION,DIVIDED - W/MEDIAN BARRIER,,STRAIGHT AND LEVEL,UNKNOWN,UNKNOWN,NOT ON SCENE (DESK REPORT),NO INJURY / DRIVE AWAY,,,Y,"OVER $1,500",06/09/2023 08:00:00 PM,UNABLE TO DETERMINE,UNABLE TO DETERMINE,1600,N,LAKE SHORE DR NB,1814.0,,,,,,,2,NO INDICATION OF INJURY,0.0,0.0,0.0,0.0,0.0,2.0,0.0,15,6,6,41.9118569525,-87.6261695233,POINT (-87.626169523312 41.911856952541)
e2bdd625fcc850adf27dd235b1d115509cbc5acbc164bb0f243c11fba36539625c5373e5db26d6e98a881451ae9fb144f6c60a2a29624164a2a4641b2894d33e,,11/22/2022 12:18:00 PM,30,NO CONTROLS,NO CONTROLS,CLEAR,DAYLIGHT,SIDESWIPE SAME DIRECTION,DIVIDED - W/MEDIAN (NOT RAISED),,STRAIGHT AND LEVEL,DRY,NO DEFECTS,NOT ON SCENE (DESK REPORT),NO INJURY / DRIVE AWAY,,,,"OVER $1,500",11/22/2022 03:00:00 PM,FAILING TO YIELD RIGHT-OF-WAY,UNABLE TO DETERMINE,3333,W,NORTH AVE,1422.0,,,,,,,2,NO INDICATION OF INJURY,0.0,0.0,0.0,0.0,0.0,2.0,0.0,12,3,11,41.9099557726,-87.7107690557,POINT (-87.710769055716 41.909955772566)
0820cc393ce074850281fec29e911f9ec65764e5f0a7f21b02c456e5def590818e068975622910d1c2f73a73cd2e854800cd17fd34ba1b008cb3c95bf8b28901,,01/20/2017 12:30:00 PM,10,NO CONTROLS,NO CONTROLS,CLEAR,DAYLIGHT,ANGLE,PARKING LOT,1,STRAIGHT AND LEVEL,DRY,UNKNOWN,NOT ON SCENE (DESK REPORT),NO INJURY / DRIVE AWAY,,,,"OVER $1,500",01/20/2017 01:00:00 PM,IMPROPER BACKING,UNABLE TO DETERMINE,6103,N,LINCOLN AVE,1711.0,,,,,,,2,NO INDICATION OF INJURY,0.0,0.0,0.0,0.0,0.0,2.0,0.0,12,6,1,41.9931117934,-87.7115744514,POINT (-87.711574451411 41.9931117934)
c9b3097fb04a01b15659f150b9fa3c437ad1012f37bcc25d15101a354b210d9b5cf5945eb6401b2d0dbbf2fea53a437a28ad6e4f4b353cdfbba25d1cb461346b,,03/06/2024 09:30:00 PM,30,NO CONTROLS,NO CONTROLS,CLEAR,"DARKNESS, LIGHTED ROAD",PARKED MOTOR VEHICLE,DIVIDED - W/MEDIAN (NOT RAISED),,STRAIGHT AND LEVEL,DRY,NO DEFECTS,ON SCENE,INJURY AND / OR TOW DUE TO CRASH,,,Y,"OVER $1,500",03/06/2024 09:56:00 PM,UNABLE TO DETERMINE,NOT APPLICABLE,8613,W,FOSTER AVE,1614.0,,,,,,,3,NO INDICATION OF INJURY,0.0,0.0,0.0,0.0,0.0,1.0,0.0,21,4,3,41.9736793124,-87.841516403,POINT (-87.841516402974 41.97367931245)
881101001d10ef103fb44357af413b7086904e1f987608530c0616f35db28d827c5db6fb533fffcd71e43104219af7f97ceb8381062f881b8f2e1b1b8393c5ad,,06/29/2022 03:06:00 PM,30,NO CONTROLS,NO CONTROLS,CLEAR,DAYLIGHT,SIDESWIPE OPPOSITE DIRECTION,ONE-WAY,,STRAIGHT AND LEVEL,DRY,NO DEFECTS,NOT ON SCENE (DESK REPORT),NO INJURY / DRIVE AWAY,,,Y,"OVER $1,500",06/29/2022 06:04:00 PM,DRIVING ON WRONG SIDE/WRONG WAY,UNABLE TO DETERMINE,8223,S,LA SALLE ST,622.0,,,,,,,2,NO INDICATION OF INJURY,0.0,0.0,0.0,0.0,0.0,4.0,0.0,15,4,6,41.7447057777,-87.6279337068,POINT (-87.627933706828 41.744705777734)
3757191726cd3978f8e3f014799572d12f8b945c5c6d88fe02e8cb4cde33145cb5d9321ce746aced1a30573e76b5497127809754964cc7da96bd97c128b229aa,,12/25/2017 04:00:00 PM,25,NO CONTROLS,NO CONTROLS,CLEAR,DAWN,SIDESWIPE SAME DIRECTION,NOT DIVIDED,2,STRAIGHT AND LEVEL,SNOW OR SLUSH,NO DEFECTS,ON SCENE,NO INJURY / DRIVE AWAY,,,,$500 OR LESS,12/25/2017 04:01:00 PM,IMPROPER OVERTAKING/PASSING,NOT APPLICABLE,9207,S,RACINE AVE,2222.0,,,,,,,2,NO INDICATION OF INJURY,0.0,0.0,0.0,0.0,0.0,2.0,0.0,16,2,12,41.7265571907,-87.6529289426,POINT (-87.652928942569 41.726557190715)
ca268444ceed526d0ea1bee3c7aa3356782a425d46ee7a56154af1c5e0a6dd558762246bcec820777ad806f1961ee98ea3529d926bd6cd92fded539811b9b182,,05/14/2020 01:30:00 PM,10,NO CONTROLS,NO CONTROLS,RAIN,DAYLIGHT,PARKED MOTOR VEHICLE,PARKING LOT,,STRAIGHT AND LEVEL,WET,UNKNOWN,NOT ON SCENE (DESK REPORT),NO INJURY / DRIVE AWAY,,,,$500 OR LESS,05/14/2020 01:48:00 PM,UNABLE TO DETERMINE,UNABLE TO DETERMINE,340,S,SACRAMENTO BLVD,1124.0,,,,,,,2,NO INDICATION OF INJURY,0.0,0.0,0.0,0.0,0.0,1.0,0.0,13,5,5,41.8761275956,-87.7012332201,POINT (-87.701233220133 41.876127595607)
443ff717a83de55e158f46ffad2737e381ba3433941340ae976509049f11059e92caafaa83ba774c2fd751f3effa85dde9afc48a4a57ef5b8ad12b49e8e0c9e3,,10/16/2015 05:00:00 PM,35,NO CONTROLS,NO CONTROLS,CLEAR,DAYLIGHT,REAR END,NOT DIVIDED,1,STRAIGHT AND LEVEL,DRY,NO DEFECTS,NOT ON SCENE (DESK REPORT),NO INJURY / DRIVE AWAY,,,,"OVER $1,500",10/16/2015 06:46:00 PM,FOLLOWING TOO CLOSELY,DRIVING SKILLS/KNOWLEDGE/EXPERIENCE,9510,S,MICHIGAN AVE,511.0,,,,,,,2,NO INDICATION OF INJURY,0.0,0.0,0.0,0.0,0.0,2.0,0.0,17,6,10,41.7214252499,-87.6207274418,POINT (-87.620727441832 41.721425249945)
8a48b005094b1567223cf0e148b3f7e04bcea5151ea5b5d63111dca6169b653337c1068eb6a7871757cf063471a73a10251a87194d019caad5779ab37d8fcd83,,01/15/2019 09:30:00 AM,30,NO CONTROLS,NO CONTROLS,CLEAR,DAYLIGHT,REAR END,NOT DIVIDED,,STRAIGHT AND LEVEL,DRY,NO DEFECTS,NOT ON SCENE (DESK REPORT),NO INJURY / DRIVE AWAY,,,,"$501 - $1,500",01/15/2019 10:00:00 AM,UNABLE TO DETERMINE,NOT APPLICABLE,1423,N,PULASKI RD,2535.0,,,,,,,2,NO INDICATION OF INJURY,0.0,0.0,0.0,0.0,0.0,2.0,0.0,9,3,1,41.9068490427,-87.7262818226,POINT (-87.726281822576 41.906849042659)
ff33d0aa7cde3d0a856bf0b112079ebaa615d42c142d50371ff946ca86a0c4c11d5dd589739b485d6b510808247b4cbda3e1bdb1077769bb6ffd082d9a4b6b1c,Y,02/02/2016 01:30:00 AM,20,UNKNOWN,UNKNOWN,CLEAR,"DARKNESS, LIGHTED ROAD",PARKED MOTOR VEHICLE,ONE-WAY,1,STRAIGHT AND LEVEL,DRY,NO DEFECTS,NOT ON SCENE (DESK REPORT),NO INJURY / DRIVE AWAY,,,Y,"OVER $1,500",02/02/2016 11:36:00 AM,UNABLE TO DETERMINE,NOT APPLICABLE,5525,N,SAWYER AVE,1712.0,,,,,,,2,NO INDICATION OF INJURY,0.0,0.0,0.0,0.0,0.0,1.0,0.0,1,3,2,41.9820111597,-87.7099036017,POINT (-87.709903601675 41.982011159679)
0240c74acc6c3d53db34b94e22b4585716980c9af4183153350321b63a6f1c9de8f4e868e65ac2f0eae9cdc6d9ee3d7900922b4acc338723909c90ff86455bae,,06/03/2023 02:00:00 AM,30,TRAFFIC SIGNAL,FUNCTIONING PROPERLY,CLEAR,"DARKNESS, LIGHTED ROAD",TURNING,Y-INTERSECTION,,STRAIGHT AND LEVEL,DRY,UNKNOWN,NOT ON SCENE (DESK REPORT),NO INJURY / DRIVE AWAY,N,,,"OVER $1,500",06/07/2023 04:20:00 PM,UNABLE TO DETERMINE,NOT APPLICABLE,450,E,LOWER WACKER DR,114.0,,,,,,,2,NO INDICATION OF INJURY,0.0,0.0,0.0,0.0,0.0,3.0,0.0,2,7,6,41.8875273824,-87.6165999096,POINT (-87.616599909647 41.887527382373)
cd45aa4ddcb4b157b1aab6e8e372755955b13aab4c2bdc282b260fd7f271492acbbbe0a2695ea131af503f9456a3b1235c4750921d211a1ad9f44d679eee2900,,12/22/2019 02:10:00 PM,30,NO CONTROLS,NO CONTROLS,UNKNOWN,DAYLIGHT,SIDESWIPE SAME DIRECTION,NOT DIVIDED,,STRAIGHT AND LEVEL,UNKNOWN,UNKNOWN,NOT ON SCENE (DESK REPORT),NO INJURY / DRIVE AWAY,,,,"OVER $1,500",12/24/2019 02:30:00 PM,UNABLE TO DETERMINE,UNABLE TO DETERMINE,5650,N,CENTRAL AVE,1622.0,,,,,,,2,NO INDICATION OF INJURY,0.0,0.0,0.0,0.0,0.0,2.0,0.0,14,1,12,41.9844027875,-87.7684583336,POINT (-87.768458333593 41.984402787506)
cadb25f8748fc754e8235fe18f006f75f141176f415a64f0aadd540d80e757309b7f248a5def3d9efffd483cdd126459d725ab2c2602923eb059eb1d80edadf7,,09/19/2020 11:30:00 AM,15,NO CONTROLS,NO CONTROLS,UNKNOWN,DARKNESS,PARKED MOTOR VEHICLE,NOT DIVIDED,,STRAIGHT AND LEVEL,UNKNOWN,UNKNOWN,ON SCENE,NO INJURY / DRIVE AWAY,,,Y,"OVER $1,500",09/21/2020 12:26:00 PM,FAILING TO YIELD RIGHT-OF-WAY,UNABLE TO DETERMINE,159,W,BURTON PL,1821.0,,,,,,,2,NO INDICATION OF INJURY,0.0,0.0,0.0,0.0,0.0,1.0,0.0,11,7,9,41.9090485894,-87.6336532781,POINT (-87.633653278105 41.909048589367)
9fd576f1a19c4a26111d11f013e52b1d9965477afcf3c27e50c6215ec46b16d9a71c1030ef89b22492dbf2b042de0a5e9228fe0290d7f0a31d10d4b5a7bee63f,,12/01/2018 04:15:00 AM,30,TRAFFIC SIGNAL,FUNCTIONING PROPERLY,CLEAR,"DARKNESS, LIGHTED ROAD",REAR END,NOT DIVIDED,2,STRAIGHT AND LEVEL,DRY,NO DEFECTS,ON SCENE,NO INJURY / DRIVE AWAY,,,Y,"OVER $1,500",12/01/2018 04:22:00 AM,FAILING TO REDUCE SPEED TO AVOID CRASH,NOT APPLICABLE,4450,N,LINCOLN AVE,1911.0,,,,,,,2,NO INDICATION OF INJURY,0.0,0.0,0.0,0.0,0.0,3.0,0.0,4,7,12,41.9627373285,-87.684872658,POINT (-87.684872657991 41.962737328538)
d07b471bfb04638ac80e75c7b6195aac10bf5cf8112f967442bb32ab625e49cb8a31246f24684a0b59b21496cb8cdc3756c3226963dda8f6c790771a4991b3f4,,03/04/2016 04:45:00 PM,30,STOP SIGN/FLASHER,FUNCTIONING PROPERLY,CLEAR,"DARKNESS, LIGHTED ROAD",SIDESWIPE SAME DIRECTION,NOT DIVIDED,2,STRAIGHT AND LEVEL,DRY,"RUT, HOLES",NOT ON SCENE (DESK REPORT),NO INJURY / DRIVE AWAY,Y,,,"$501 - $1,500",03/04/2016 07:30:00 PM,FAILING TO YIELD RIGHT-OF-WAY,UNABLE TO DETERMINE,1000,W,71ST ST,733.0,,,,,,,2,NO INDICATION OF INJURY,0.0,0.0,0.0,0.0,0.0,4.0,0.0,16,6,3,41.7652365249,-87.6493310276,POINT (-87.649331027564 41.765236524931)
9e60bbced24db464306307739102d26f08f55702548da50fda44c8990b3d24f4311dd57698ff5d47587f80f0cf869e8d321d0c5c405e941b9bf39184603f9299,,10/19/2017 01:45:00 PM,30,NO CONTROLS,NO CONTROLS,CLEAR,DAYLIGHT,SIDESWIPE SAME DIRECTION,NOT DIVIDED,,STRAIGHT AND LEVEL,DRY,UNKNOWN,NOT ON SCENE (DESK REPORT),NO INJURY / DRIVE AWAY,,,,"OVER $1,500",10/19/2017 03:40:00 PM,DRIVING SKILLS/KNOWLEDGE/EXPERIENCE,NOT APPLICABLE,3100,W,79TH ST,835.0,,,,,,,2,NO INDICATION OF INJURY,0.0,0.0,0.0,0.0,0.0,2.0,0.0,13,5,10,41.7499705592,-87.700015894,POINT (-87.700015894037 41.749970559166)
cb277c456053c1b14158cf05c01812bf74d47311458aee9bb3c97d2d9c0615a07a64350546dbc95ec87dda057b476458ed2fffdb50067478b2eec41749909130,,08/24/2024 03:47:00 PM,30,NO CONTROLS,NO CONTROLS,CLEAR,DAYLIGHT,ANGLE,NOT DIVIDED,,STRAIGHT AND LEVEL,DRY,NO DEFECTS,NOT ON SCENE (DESK REPORT),NO INJURY / DRIVE AWAY,,,,"OVER $1,500",08/25/2024 02:15:00 PM,IMPROPER BACKING,FAILING TO YIELD RIGHT-OF-WAY,11137,S,CENTRAL PARK AVE,2211.0,,,,,,,2,NO INDICATION OF INJURY,0.0,0.0,0.0,0.0,0.0,2.0,0.0,15,7,8,41.6903395262,-87.7103904351,POINT (-87.710390435147 41.690339526248)
ad467604b10775f71ccf0ceec3826ee18aa66dee9201f8a8ab24adb539f495e043aa144ed36dc150a62183814fccd1c6d07d6811e452642f7f944bc0fe356d73,,08/19/2021 01:15:00 PM,30,NO CONTROLS,NO CONTROLS,RAIN,DAYLIGHT,PARKED MOTOR VEHICLE,PARKING LOT,,STRAIGHT AND LEVEL,WET,UNKNOWN,NOT ON SCENE (DESK REPORT),NO INJURY / DRIVE AWAY,,Y,Y,"OVER $1,500",08/19/2021 03:40:00 PM,UNABLE TO DETERMINE,UNABLE TO DETERMINE,87,W,87TH ST,634.0,,,,,,,2,NO INDICATION OF INJURY,0.0,0.0,0.0,0.0,0.0,1.0,0.0,13,5,8,41.7361451282,-87.626917844,POINT (-87.626917843973 41.736145128237)
9b2b08607d4903f04d6652fc488533e7f22350ecaf01e909b86af6ac31c9ecd6ebb35497b443e09b69985178b68fcb345579a5d7423c035d4197a8d8fdd4f2dc,,04/13/2023 04:00:00 PM,30,NO CONTROLS,NO CONTROLS,CLEAR,DAYLIGHT,SIDESWIPE SAME DIRECTION,DIVIDED - W/MEDIAN (NOT RAISED),,STRAIGHT AND LEVEL,DRY,NO DEFECTS,NOT ON SCENE (DESK REPORT),NO INJURY / DRIVE AWAY,,,,"OVER $1,500",04/13/2023 05:15:00 PM,DRIVING SKILLS/KNOWLEDGE/EXPERIENCE,UNABLE TO DETERMINE,5838,S,PULASKI RD,813.0,,,,,,,2,NO INDICATION OF INJURY,0.0,0.0,0.0,0.0,0.0,2.0,0.0,16,5,4,41.7866084095,-87.7231300289,POINT (-87.723130028895 41.786608409502)
94bbb8acff040ce313cdbb3d5d525336bc95cbae644c1544d9e97ce80a3c61eea6c16e65913e4c2895b3c4fc032a31dd378e1bd8cb015fa5c80fd22348ea6168,,10/30/2022 08:17:00 PM,30,NO CONTROLS,NO CONTROLS,RAIN,DARKNESS,SIDESWIPE SAME DIRECTION,DIVIDED - W/MEDIAN BARRIER,,STRAIGHT AND LEVEL,WET,NO DEFECTS,NOT ON SCENE (DESK REPORT),NO INJURY / DRIVE AWAY,,,,"OVER $1,500",10/31/2022 10:15:00 AM,IMPROPER OVERTAKING/PASSING,UNABLE TO DETERMINE,5700,S,CICERO AVE,813.0,,,,,,,2,NO INDICATION OF INJURY,0.0,0.0,0.0,0.0,0.0,2.0,0.0,20,1,10,41.7893293233,-87.7416456442,POINT (-87.741645644196 41.789329323265)
969f4babb80657e0e5210a85d757c486ed99c9c998a48c1c9f277e507960e241fccbd86f3c0cb841cf406a86884a0d8dd270d0f8d0a7c5abe325d64207ce6a5f,,11/19/2022 03:30:00 PM,20,NO CONTROLS,NO CONTROLS,CLEAR,DAYLIGHT,ANGLE,T-INTERSECTION,,STRAIGHT AND LEVEL,DRY,NO DEFECTS,NOT ON SCENE (DESK REPORT),NO INJURY / DRIVE AWAY,Y,,Y,"OVER $1,500",11/19/2022 04:20:00 PM,UNABLE TO DETERMINE,UNABLE TO DETERMINE,2715,N,KILPATRICK AVE,2521.0,,,,,,,2,NO INDICATION OF INJURY,0.0,0.0,0.0,0.0,0.0,2.0,0.0,15,7,11,41.9300883837,-87.7439420164,POINT (-87.743942016417 41.93008838365)
f9211eb36e14628f260988a19eb720f898e4d2cb56c98b771d1052927944d0e38a7929ef1b9bac1d7ce03f8cdcb921f7885bc17ac25b65e2e2df04005adad4b2,,08/17/2019 11:00:00 AM,30,TRAFFIC SIGNAL,FUNCTIONING PROPERLY,RAIN,DAYLIGHT,REAR END,DIVIDED - W/MEDIAN (NOT RAISED),,STRAIGHT AND LEVEL,WET,UNKNOWN,NOT ON SCENE (DESK REPORT),NO INJURY / DRIVE AWAY,,,,$500 OR LESS,08/17/2019 11:25:00 AM,FOLLOWING TOO CLOSELY,UNABLE TO DETERMINE,2421,W,FOSTER AVE,2031.0,,,,,,,2,NO INDICATION OF INJURY,0.0,0.0,0.0,0.0,0.0,4.0,0.0,11,7,8,41.975777794,-87.6900068951,POINT (-87.690006895087 41.975777793974)
f4d3aad0f1f96f6ca544abf178bd099c756d84fc5b3a3cd82ddb1e7f6f8a19a0a35ad2410fa2fc6e889c692abc455fb621b2e9dfbffbfce88c5c1f902e119e34,,11/23/2024 04:46:00 AM,30,NO CONTROLS,NO CONTROLS,CLEAR,"DARKNESS, LIGHTED ROAD",FIXED OBJECT,NOT DIVIDED,,STRAIGHT AND LEVEL,DRY,NO DEFECTS,ON SCENE,NO INJURY / DRIVE AWAY,,,,"$501 - $1,500",11/23/2024 04:46:00 AM,UNDER THE INFLUENCE OF ALCOHOL/DRUGS (USE WHEN ARREST IS EFFECTED),IMPROPER LANE USAGE,629,W,CERMAK RD,1235.0,,,,,,,1,NO INDICATION OF INJURY,0.0,0.0,0.0,0.0,0.0,3.0,0.0,4,7,11,41.8525840894,-87.6429050911,POINT (-87.642905091082 41.852584089414)
f07d4a8f928f8be553d2dbfb07859edf402c12614682d441565c0155b995958130957a44cd26723d9fa61ca77da12acaab1b195207c4156473d756e069b598c0,,02/12/2018 02:50:00 PM,30,NO CONTROLS,NO CONTROLS,CLEAR,DAYLIGHT,SIDESWIPE SAME DIRECTION,DIVIDED - W/MEDIAN (NOT RAISED),4,STRAIGHT AND LEVEL,DRY,NO DEFECTS,ON SCENE,NO INJURY / DRIVE AWAY,,,,$500 OR LESS,02/12/2018 02:55:00 PM,FAILING TO YIELD RIGHT-OF-WAY,NOT APPLICABLE,4851,S,PULASKI RD,821.0,,,,,,,2,NO INDICATION OF INJURY,0.0,0.0,0.0,0.0,0.0,6.0,0.0,14,2,2,41.8045277244,-87.7233402108,POINT (-87.72334021081 41.804527724402)
cb0ee73bbc8a1342922f4bce8ba1f6e653a3f22f8ac4b0330821fb5f8e0937d574b63f5621b4ca6a7d681f6d546bf0da77dcc8a93a6f5ec19c08bbe7d1dbd83b,,02/16/2022 06:00:00 PM,30,STOP SIGN/FLASHER,FUNCTIONING PROPERLY,CLEAR,DARKNESS,REAR END,NOT DIVIDED,,STRAIGHT AND LEVEL,DRY,NO DEFECTS,NOT ON SCENE (DESK REPORT),NO INJURY / DRIVE AWAY,,,Y,"OVER $1,500",02/18/2022 02:30:00 PM,FOLLOWING TOO CLOSELY,FOLLOWING TOO CLOSELY,8100,S,ELLIS AVE,631.0,,,,,,,2,NO INDICATION OF INJURY,0.0,0.0,0.0,0.0,0.0,2.0,0.0,18,4,2,41.7475864382,-87.6003777798,POINT (-87.600377779793 41.747586438161)
d6dcdde696a08675598bd49b3a4c346c8f3a816df2c16c38680d2873057d45a9fa358a52d4d9fbcd538e6a4d12ec53eec2c2a5a64c64791f43a253bca0f474b2,Y,03/02/2022 07:30:00 PM,20,NO CONTROLS,NO CONTROLS,CLEAR,DAYLIGHT,PARKED MOTOR VEHICLE,NOT DIVIDED,,STRAIGHT AND LEVEL,DRY,NO DEFECTS,,NO INJURY / DRIVE AWAY,,,Y,"OVER $1,500",03/03/2022 11:30:00 AM,UNABLE TO DETERMINE,UNABLE TO DETERMINE,1844,W,GRACE ST,1922.0,,,,,,,2,NO INDICATION OF INJURY,0.0,0.0,0.0,0.0,0.0,1.0,0.0,19,4,3,41.9506590197,-87.6757867394,POINT (-87.675786739418 41.950659019708)
3c1f7cf18db9c8d6ef4eb8b3b58a6dbf37abd04a24f4dda269a02b6d42f13fa5e1addfbe4eae83759ea5b95c623bec0cdbfc00cedef463689696f03010afdf6e,,07/12/2018 02:15:00 PM,30,NO CONTROLS,NO CONTROLS,CLEAR,DAYLIGHT,REAR END,NOT DIVIDED,2,STRAIGHT AND LEVEL,DRY,NO DEFECTS,ON SCENE,NO INJURY / DRIVE AWAY,N,,,"OVER $1,500",07/12/2018 02:20:00 PM,FOLLOWING TOO CLOSELY,NOT APPLICABLE,2485,N,CLARK ST,1935.0,,,,,,,3,NO INDICATION OF INJURY,0.0,0.0,0.0,0.0,0.0,7.0,0.0,14,5,7,41.9278338177,-87.6416588091,POINT (-87.641658809105 41.927833817665)
0a0096a5e5b42d71452b8949d6a03abfe5d8fa5db59e3832784f2b0f37c4f7d9d13ad6a952b5c5e1dd06b10dc8a92c1b8a9bcddf1b5b00c9dd4541f88137473a,,09/27/2016 08:20:00 AM,30,UNKNOWN,UNKNOWN,CLEAR,DAYLIGHT,PEDESTRIAN,NOT DIVIDED,2,STRAIGHT AND LEVEL,DRY,UNKNOWN,ON SCENE,INJURY AND / OR TOW DUE TO CRASH,,,,$500 OR LESS,09/27/2016 08:25:00 AM,UNABLE TO DETERMINE,UNABLE TO DETERMINE,1032,W,70TH ST,733.0,,Y,,,,,2,NONINCAPACITATING INJURY,1.0,0.0,0.0,1.0,0.0,1.0,0.0,8,3,9,41.7670394916,-87.6505876961,POINT (-87.65058769611 41.767039491603)
c7395ba1b7091e6a6eb9ca26b11fe31156ddf46ecafe70faa83077d33fea766c58f6c635cfaa8dfee8b52d6b18db9d5a1f8df80bcb35aff57408b146228411b6,,03/28/2021 03:10:00 AM,30,TRAFFIC SIGNAL,FUNCTIONING PROPERLY,RAIN,"DARKNESS, LIGHTED ROAD",ANGLE,FOUR WAY,,STRAIGHT AND LEVEL,WET,NO DEFECTS,ON SCENE,INJURY AND / OR TOW DUE TO CRASH,Y,,Y,"OVER $1,500",03/28/2021 03:16:00 AM,DISREGARDING TRAFFIC SIGNALS,DRIVING SKILLS/KNOWLEDGE/EXPERIENCE,3801,W,CONGRESS PKWY,1133.0,,,,,,,2,"REPORTED, NOT EVIDENT",3.0,0.0,0.0,0.0,3.0,1.0,0.0,3,1,3,41.874332415,-87.7204610336,POINT (-87.720461033581 41.874332415049)