CRASH_RECORD_ID,CRASH_DATE_EST_I,CRASH_DATE,POSTED_SPEED_LIMIT,TRAFFIC_CONTROL_DEVICE,DEVICE_CONDITION,WEATHER_CONDITION,LIGHTING_CONDITION,FIRST_CRASH_TYPE,TRAFFICWAY_TYPE,LANE_CNT,ALIGNMENT,ROADWAY_SURFACE_COND,ROAD_DEFECT,REPORT_TYPE,CRASH_TYPE,INTERSECTION_RELATED_I,NOT_RIGHT_OF_WAY_I,HIT_AND_RUN_I,DAMAGE,DATE_POLICE_NOTIFIED,PRIM_CONTRIBUTORY_CAUSE,SEC_CONTRIBUTORY_CAUSE,STREET_NO,STREET_DIRECTION,STREET_NAME,BEAT_OF_OCCURRENCE,PHOTOS_TAKEN_I,STATEMENTS_TAKEN_I,DOORING_I,WORK_ZONE_I,WORK_ZONE_TYPE,WORKERS_PRESENT_I,NUM_UNITS,MOST_SEVERE_INJURY,INJURIES_TOTAL,INJURIES_FATAL,INJURIES_INCAPACITATING,INJURIES_NON_INCAPACITATING,INJURIES_REPORTED_NOT_EVIDENT,INJURIES_NO_INDICATION,INJURIES_UNKNOWN,CRASH_HOUR,CRASH_DAY_OF_WEEK,CRASH_MONTH,LATITUDE,LONGITUDE,LOCATION
c9231c8568f3476c896a43601139a41306c9b9c5fb9d992092160e52bd4aea298c44a42f0b983f652cffbc60cdb5dab44da88acbced8c478c99a6d2de6cbbb27,,12/20/2020 09:04:00 AM,30,TRAFFIC SIGNAL,FUNCTIONING PROPERLY,CLEAR,DAYLIGHT,REAR END,NOT DIVIDED,,STRAIGHT AND LEVEL,DRY,NO DEFECTS,ON SCENE,NO INJURY / DRIVE AWAY,,,,"$501 - $1,500",12/20/2020 09:08:00 AM,IMPROPER BACKING,NOT APPLICABLE,199,N,STATE ST,111.0,,N,,,,,2,NO INDICATION OF INJURY,0.0,0.0,0.0,0.0,0.0,2.0,0.0,9,1,12,41.885719361,-87.627792462,POINT (-87.627792461951 41.88571936101)
9a814263f08179b2f3546916430d065e8f4d2db1d39080424414ce0e5dbbe0fab2c8cafa6a33d562eed2ecb7ff2a9737c07b1c4eec709d3ff2235673b2a360df,,01/28/2025 03:00:00 PM,30,UNKNOWN,UNKNOWN,CLEAR,DAYLIGHT,PARKED MOTOR VEHICLE,NOT DIVIDED,,STRAIGHT AND LEVEL,UNKNOWN,UNKNOWN,NOT ON SCENE (DESK REPORT),NO INJURY / DRIVE AWAY,,,,"OVER $1,500",01/28/2025 04:30:00 PM,UNABLE TO DETERMINE,UNABLE TO DETERMINE,3198,N,MENARD AVE,2514.0,,,,,,,2,NO INDICATION OF INJURY,0.0,0.0,0.0,0.0,0.0,1.0,0.0,15,3,1,41.9384167866,-87.7715007984,POINT (-87.771500798437 41.938416786604)
e66be4ebf24b241c9228d2a54e1f7ea21201e9b379d859479669077fb9489b270363e4b9832bf03f5e742ca38f4a5a3d764ce824fab9b7306fcd9df8ab1e0f5f,,12/24/2023 02:00:00 AM,25,NO CONTROLS,NO CONTROLS,CLEAR,"DARKNESS, LIGHTED ROAD",PARKED MOTOR VEHICLE,ONE-WAY,,STRAIGHT AND LEVEL,UNKNOWN,NO DEFECTS,ON SCENE,NO INJURY / DRIVE AWAY,,,Y,"OVER $1,500",12/24/2023 10:57:00 AM,UNABLE TO DETERMINE,NOT APPLICABLE,5511,W,GLADYS AVE,1522.0,,,,,,,3,NO INDICATION OF INJURY,0.0,0.0,0.0,0.0,0.0,1.0,0.0,2,1,12,41.8755542806,-87.7621739518,POINT (-87.7621739518 41.875554280619)
0290771561f20a804ef03ff1a07243992bfd95527276dc4cacdae5253f96eef995793bcf07182e5b59e5e4c61f997078354585b55188ce3a026df9b05adca43c,,06/16/2025 03:30:00 AM,30,NO CONTROLS,NO CONTROLS,UNKNOWN,"DARKNESS, LIGHTED ROAD",PARKED MOTOR VEHICLE,UNKNOWN INTERSECTION TYPE,,STRAIGHT AND LEVEL,UNKNOWN,UNKNOWN,NOT ON SCENE (DESK REPORT),NO INJURY / DRIVE AWAY,,,,"OVER $1,500",06/16/2025 06:00:00 PM,UNABLE TO DETERMINE,NOT APPLICABLE,7641,S,MORGAN ST,621.0,,Y,,,,,2,NO INDICATION OF INJURY,0.0,0.0,0.0,0.0,0.0,1.0,0.0,3,2,6,41.7548116075,-87.6488563718,POINT (-87.648856371766 41.754811607537)
4b18140243274ec03a412967ffadda3f3e8a56ced5431cb82b9f2d612749d05e1d195bf945c10937e0f8a1709e3aab5d8a4d7a55604fcf462d1788986016429e,,03/02/2018 01:15:00 PM,30,NO CONTROLS,NO CONTROLS,CLEAR,DAYLIGHT,PARKED MOTOR VEHICLE,DRIVEWAY,,STRAIGHT AND LEVEL,DRY,NO DEFECTS,NOT ON SCENE (DESK REPORT),NO INJURY / DRIVE AWAY,,,,$500 OR LESS,03/02/2018 01:40:00 PM,UNABLE TO DETERMINE,NOT APPLICABLE,4799,N,MARMORA AVE,1622.0,,,,,,,2,NO INDICATION OF INJURY,0.0,0.0,0.0,0.0,0.0,1.0,0.0,13,6,3,41.9676440395,-87.7746765143,POINT (-87.774676514346 41.967644039538)
4d4bdf6828c4c5ad211fce621d0de9b5b395dcaf0b440aa224737d61f232a0e8037de4d0fad0770b96f58dc7523f8a913ef52b6f87b0682dfe0f7e2c5913e384,,03/29/2019 03:30:00 PM,35,STOP SIGN/FLASHER,FUNCTIONING PROPERLY,CLEAR,DAYLIGHT,REAR END,ONE-WAY,,STRAIGHT AND LEVEL,DRY,NO DEFECTS,,NO INJURY / DRIVE AWAY,,,,$500 OR LESS,04/30/2019 12:11:00 PM,FOLLOWING TOO CLOSELY,UNABLE TO DETERMINE,6900,S,CRANDON AVE,331.0,,,,,,,2,NO INDICATION OF INJURY,0.0,0.0,0.0,0.0,0.0,2.0,0.0,15,6,3,41.7697785455,-87.5700153009,POINT (-87.570015300923 41.76977854545)
a745395e8ff1fa2054c43b8733eaf5aafb9d8d45698768e22ff0b5ea6f687ebf70c5afbbf5e502504a72a0f954f04e370235aa72200953c803ca34276c13ef56,,02/07/2021 12:30:00 PM,30,NO CONTROLS,NO CONTROLS,CLEAR,DAYLIGHT,TURNING,NOT DIVIDED,,STRAIGHT AND LEVEL,DRY,SHOULDER DEFECT,NOT ON SCENE (DESK REPORT),NO INJURY / DRIVE AWAY,,,,"$501 - $1,500",02/07/2021 01:01:00 PM,UNABLE TO DETERMINE,UNABLE TO DETERMINE,2956,W,PETERSON AVE,2413.0,,,,,,,2,NO INDICATION OF INJURY,0.0,0.0,0.0,0.0,0.0,2.0,0.0,12,1,2,41.9905256734,-87.704110326,POINT (-87.704110325999 41.990525673404)
bb66b5bd8eb8b2d7e316ab4876de709585d574b9d246284c1353a9009d15a30ca493c98adf2d1b9988db4c72eaec27d461c8ffef403906a7e96da8a5330fb58d,,12/01/2023 01:40:00 AM,30,TRAFFIC SIGNAL,FUNCTIONING PROPERLY,CLEAR,"DARKNESS, LIGHTED ROAD",ANGLE,T-INTERSECTION,,STRAIGHT AND LEVEL,DRY,NO DEFECTS,ON SCENE,INJURY AND / OR TOW DUE TO CRASH,Y,,,"OVER $1,500",12/01/2023 01:40:00 AM,DRIVING ON WRONG SIDE/WRONG WAY,NOT APPLICABLE,35,W,CHICAGO AVE,1832.0,,,,,,,2,NO INDICATION OF INJURY,0.0,0.0,0.0,0.0,0.0,5.0,0.0,1,6,12,41.8965468455,-87.6296932091,POINT (-87.629693209075 41.896546845548)
d68cf852effb240b6135dadcf0263c0d9652946fe976c7c11d8d2c6362088eb54348a29b0321dd98e68b096b353e5c4b3cecbaef2657cea52982d3f9ceeafea4,Y,12/08/2024 04:55:00 PM,30,NO CONTROLS,NO CONTROLS,CLEAR,DARKNESS,SIDESWIPE SAME DIRECTION,NOT DIVIDED,,STRAIGHT ON GRADE,DRY,NO DEFECTS,ON SCENE,NO INJURY / DRIVE AWAY,,,Y,"OVER $1,500",12/08/2024 05:04:00 PM,"OPERATING VEHICLE IN ERRATIC, RECKLESS, CARELESS, NEGLIGENT OR AGGRESSIVE MANNER",NOT APPLICABLE,3737,W,GRAND AVE,2535.0,,,,,,,2,NO INDICATION OF INJURY,0.0,0.0,0.0,0.0,0.0,3.0,0.0,16,1,12,41.903983207,-87.721244898,POINT (-87.721244897993 41.903983206955)
dd4250b96610b8a5ef08553cd3e44ec03806dff4ac2bae9c3e9caa54bc37a6e38e16b7b853da6fb3c7eeaf1d599d67e5051aa55ee333d3573f350becdf7e1136,,11/15/2024 03:45:00 PM,30,UNKNOWN,UNKNOWN,UNKNOWN,UNKNOWN,REAR END,NOT DIVIDED,,STRAIGHT AND LEVEL,UNKNOWN,UNKNOWN,NOT ON SCENE (DESK REPORT),NO INJURY / DRIVE AWAY,,,,$500 OR LESS,11/15/2024 04:45:00 PM,UNABLE TO DETERMINE,UNABLE TO DETERMINE,1814,W,PRATT BLVD,2424.0,,,,,,,2,NO INDICATION OF INJURY,0.0,0.0,0.0,0.0,0.0,2.0,0.0,15,6,11,42.0053908145,-87.6763315274,POINT (-87.676331527374 42.005390814532)
f0e17109a320f6336711c1e1410e3c2a56249df7657f58c95807bd23d0200799be19cba16fbeb381ae3d89eae7bf1581c6eeabc04e0369f598359294ec9003b9,,07/11/2021 02:47:00 AM,30,TRAFFIC SIGNAL,FUNCTIONING PROPERLY,CLEAR,"DARKNESS, LIGHTED ROAD",SIDESWIPE SAME DIRECTION,NOT DIVIDED,,STRAIGHT AND LEVEL,WET,UNKNOWN,ON SCENE,NO INJURY / DRIVE AWAY,,,Y,$500 OR LESS,07/11/2021 02:50:00 AM,IMPROPER OVERTAKING/PASSING,NOT APPLICABLE,3,S,AUSTIN BLVD,1513.0,,,,,,,2,NO INDICATION OF INJURY,0.0,0.0,0.0,0.0,0.0,5.0,0.0,2,1,7,41.8799695009,-87.7745048552,POINT (-87.774504855153 41.879969500892)
7807f4f9def7263d11b57e550630031680e750d6ded1228eb183617e07972251dec1e942841aeaea1854c6a01f66d5b2da684a41e06a0b17d6c207fad514a838,,09/05/2023 12:10:00 PM,35,NO CONTROLS,NO CONTROLS,CLEAR,DAYLIGHT,REAR TO FRONT,NOT DIVIDED,,STRAIGHT AND LEVEL,DRY,UNKNOWN,ON SCENE,NO INJURY / DRIVE AWAY,,,,"OVER $1,500",09/05/2023 12:12:00 PM,IMPROPER BACKING,IMPROPER BACKING,101,W,112TH PL,522.0,,Y,,,,,2,NO INDICATION OF INJURY,0.0,0.0,0.0,0.0,0.0,2.0,0.0,12,3,9,41.6897227939,-87.6258421788,POINT (-87.625842178789 41.689722793902)
b4fd0bf039981ffb75e52fa8e7d25f419fbfdfbcf886ae2c788d51473e28c3acd8c0efa74cb6619c2e981bbc825eec652ab686333d363a6a0bde8664f2f35b06,,08/29/2021 08:45:00 PM,30,NO CONTROLS,NO CONTROLS,CLEAR,"DARKNESS, LIGHTED ROAD",PARKED MOTOR VEHICLE,ONE-WAY,,STRAIGHT AND LEVEL,UNKNOWN,UNKNOWN,NOT ON SCENE (DESK REPORT),NO INJURY / DRIVE AWAY,,,Y,"OVER $1,500",08/29/2021 10:00:00 PM,UNABLE TO DETERMINE,UNABLE TO DETERMINE,6821,S,HONORE ST,726.0,,,,,,,2,NO INDICATION OF INJURY,0.0,0.0,0.0,0.0,0.0,1.0,0.0,20,1,8,41.7696489878,-87.6698699745,POINT (-87.669869974539 41.769648987788)
99a04a7d81b56cdf14ccc256df018a3726765f0f85eb3da196738231b0dc0e21b7bad371aa5164b8601db3d88c5bc817bdb261f94cdbc4a06f09d6f3c7220458,,06/09/2016 09:11:00 PM,30,NO CONTROLS,NO CONTROLS,CLEAR,DARKNESS,SIDESWIPE SAME DIRECTION,NOT DIVIDED,2,STRAIGHT AND LEVEL,DRY,NO DEFECTS,ON SCENE,NO INJURY / DRIVE AWAY,,,,"$501 - $1,500",06/09/2016 09:15:00 PM,IMPROPER OVERTAKING/PASSING,IMPROPER OVERTAKING/PASSING,130,E,71ST ST,322.0,,Y,,,,,2,NO INDICATION OF INJURY,0.0,0.0,0.0,0.0,0.0,2.0,0.0,21,5,6,41.76571748,-87.6203496435,POINT (-87.620349643544 41.765717479994)
c586669bc5d649661dc433cc64ae90e9c3750de311380c7182a14c97c2a1e695c7e4ed7cbe93f103ef405086b3543ad33ed640a546a33d39ba48472d164e9d31,,03/08/2022 11:40:00 AM,30,TRAFFIC SIGNAL,FUNCTIONING PROPERLY,CLEAR,DAYLIGHT,TURNING,DIVIDED - W/MEDIAN (NOT RAISED),,STRAIGHT AND LEVEL,DRY,NO DEFECTS,ON SCENE,NO INJURY / DRIVE AWAY,Y,,,"$501 - $1,500",03/08/2022 11:40:00 AM,IMPROPER OVERTAKING/PASSING,NOT APPLICABLE,1200,S,CANAL ST,124.0,,,,,,,2,NO INDICATION OF INJURY,0.0,0.0,0.0,0.0,0.0,2.0,0.0,11,3,3,41.8671751247,-87.6393758126,POINT (-87.639375812581 41.86717512472)
bc2a241afbe24800b5d21d657945cf8686dc27b188f6771d525f9d8a718be5647f9f8e99abd6066ae9d51b78259b07fee4a4ac092bb76b56a863be077aa36184,Y,06/01/2021 03:41:00 PM,30,UNKNOWN,UNKNOWN,CLEAR,DAYLIGHT,SIDESWIPE OPPOSITE DIRECTION,NOT DIVIDED,,STRAIGHT AND LEVEL,UNKNOWN,UNKNOWN,ON SCENE,NO INJURY / DRIVE AWAY,,,Y,"OVER $1,500",06/01/2021 04:00:00 PM,NOT APPLICABLE,NOT APPLICABLE,541,N,HOMAN AVE,1121.0,,,,,,,2,NO INDICATION OF INJURY,0.0,0.0,0.0,0.0,0.0,3.0,0.0,15,3,6,41.891480351,-87.7111689514,POINT (-87.711168951404 41.891480350978)
e4241ad2da265a89fa305a7ffc3c74c487c24fefe01cf949c4fd7ee5a2fb1ba405130a1ebb20aebd8e5bc9698d428bc070d7ee82297b337e808b4eddb42d21c2,,02/04/2021 01:50:00 PM,30,TRAFFIC SIGNAL,FUNCTIONING PROPERLY,SNOW,DAYLIGHT,TURNING,DIVIDED - W/MEDIAN (NOT RAISED),,STRAIGHT AND LEVEL,SNOW OR SLUSH,NO DEFECTS,NOT ON SCENE (DESK REPORT),NO INJURY / DRIVE AWAY,,,Y,"$501 - $1,500",02/04/2021 03:35:00 PM,UNABLE TO DETERMINE,UNABLE TO DETERMINE,3900,W,16TH ST,1014.0,,,,,,,2,NO INDICATION OF INJURY,0.0,0.0,0.0,0.0,0.0,2.0,0.0,13,5,2,41.8590027798,-87.7225539663,POINT (-87.722553966281 41.859002779791)
c305361e823ef1c55f23ebf70c22d1a99b5b16255bebb12a1a701263ff0bbc87c837d1efa59f9bf29cf1722d5ca2858a6fe90c95e24b59c6516161aff7f7e287,,01/15/2018 12:00:00 PM,30,NO CONTROLS,NO CONTROLS,SNOW,DAYLIGHT,PARKED MOTOR VEHICLE,DIVIDED - W/MEDIAN (NOT RAISED),2,STRAIGHT AND LEVEL,SNOW OR SLUSH,NO DEFECTS,NOT ON SCENE (DESK REPORT),NO INJURY / DRIVE AWAY,,,,$500 OR LESS,01/15/2018 12:24:00 PM,UNABLE TO DETERMINE,UNABLE TO DETERMINE,600,N,PAULINA ST,1215.0,,,,,,,2,NO INDICATION OF INJURY,0.0,0.0,0.0,0.0,0.0,1.0,0.0,12,2,1,41.8924041322,-87.6697647301,POINT (-87.669764730132 41.892404132157)
581b8acb387a94d2230828e813f1bcd226bcc267a7f78761c31062afffd17218015caa6d6dde52a8d436dfd5fe6edd2905068634b29efbe6da48a43f736748bb,,12/23/2021 03:10:00 PM,30,UNKNOWN,UNKNOWN,CLEAR,DAYLIGHT,REAR END,DIVIDED - W/MEDIAN (NOT RAISED),,STRAIGHT AND LEVEL,DRY,NO DEFECTS,ON SCENE,NO INJURY / DRIVE AWAY,,,,"OVER $1,500",12/23/2021 03:23:00 PM,UNABLE TO DETERMINE,UNABLE TO DETERMINE,300,W,GRAND AVE,1831.0,,,,,,,2,NO INDICATION OF INJURY,0.0,0.0,0.0,0.0,0.0,2.0,0.0,15,5,12,41.8916756338,-87.6356513888,POINT (-87.635651388781 41.891675633763)
91ddfc8ba62e78392301b4afa0cbf6de89e2ee2874c52808c5c7c35f74f9f2cc3f6bfecc5af19055bcedf96874dd14da837eabb17c44c73b5dba5029d6847b03,,11/28/2017 07:00:00 AM,10,NO CONTROLS,NO CONTROLS,CLEAR,DAYLIGHT,FIXED OBJECT,PARKING LOT,1,STRAIGHT AND LEVEL,DRY,NO DEFECTS,ON SCENE,NO INJURY / DRIVE AWAY,,Y,Y,"OVER $1,500",11/28/2017 07:24:00 AM,NOT APPLICABLE,NOT APPLICABLE,5931,S,KEDZIE AVE,824.0,,,,,,,1,NO INDICATION OF INJURY,0.0,0.0,0.0,0.0,0.0,1.0,0.0,7,3,11,41.7853401913,-87.7031743238,POINT (-87.703174323842 41.785340191257)
69e673371ca4ee4f31a8d5c137ad90d13677819c6c288d40735012cbd59462f2c0dc7f07361c43ab95420bd6f4cb6d6e98ba7c6db4de968c3a3e90a3d91fe474,,09/03/2022 01:50:00 PM,25,NO CONTROLS,NO CONTROLS,UNKNOWN,UNKNOWN,PARKED MOTOR VEHICLE,NOT DIVIDED,,STRAIGHT AND LEVEL,UNKNOWN,UNKNOWN,NOT ON SCENE (DESK REPORT),NO INJURY / DRIVE AWAY,,,Y,"OVER $1,500",09/13/2022 09:20:00 AM,UNABLE TO DETERMINE,UNABLE TO DETERMINE,1620,W,HARRISON ST,1231.0,,,,,,,2,NO INDICATION OF INJURY,0.0,0.0,0.0,0.0,0.0,1.0,0.0,13,7,9,41.8742961615,-87.6676128105,POINT (-87.667612810518 41.8742961615)
aff4b06e55dc90d6f9037e129cf4d3a135d2f100e02efe2bd639595b83eba5792934f54fe977704dfddb0c01440640b675d6067d5eae09b2c49176131d37243e,,07/04/2019 11:25:00 PM,30,TRAFFIC SIGNAL,FUNCTIONING PROPERLY,CLEAR,"DARKNESS, LIGHTED ROAD",REAR END,FOUR WAY,,STRAIGHT AND LEVEL,DRY,UNKNOWN,NOT ON SCENE (DESK REPORT),INJURY AND / OR TOW DUE TO CRASH,Y,,,"OVER $1,500",07/08/2019 05:00:00 PM,UNABLE TO DETERMINE,FAILING TO REDUCE SPEED TO AVOID CRASH,9200,S,SOUTH CHICAGO AVE,423.0,,,,,,,2,NONINCAPACITATING INJURY,1.0,0.0,0.0,1.0,0.0,2.0,0.0,23,5,7,41.7279905011,-87.5531297372,POINT (-87.553129737225 41.727990501132)
199019981f05f03dc0814f6bbd208f69cc6bd1130a4a3691d2ccd3e2396401e7e5c3adb7087bae80b7c6a94cf22f4727db512b60bca296b6ca391bee4922ee12,,03/27/2024 10:00:00 PM,30,TRAFFIC SIGNAL,FUNCTIONING PROPERLY,CLEAR,"DARKNESS, LIGHTED ROAD",SIDESWIPE OPPOSITE DIRECTION,FOUR WAY,,STRAIGHT AND LEVEL,UNKNOWN,WORN SURFACE,ON SCENE,INJURY AND / OR TOW DUE TO CRASH,Y,,,"OVER $1,500",03/27/2024 10:00:00 PM,UNDER THE INFLUENCE OF ALCOHOL/DRUGS (USE WHEN ARREST IS EFFECTED),IMPROPER LANE USAGE,6900,S,HALSTED ST,733.0,,,,,,,2,NO INDICATION OF INJURY,0.0,0.0,0.0,0.0,0.0,3.0,0.0,22,4,3,41.7687443409,-87.6446513782,POINT (-87.644651378169 41.768744340933)
fb11f7eb495c83cb9464f87fc2b159cf284e37b0abfd2eb4e2e1843ff8bfc75eb36739811ddfe52f30dc78cb583546d03cc3d4d0981210140166b6e22ba33707,Y,11/05/2021 01:00:00 AM,25,NO CONTROLS,NO CONTROLS,UNKNOWN,UNKNOWN,PARKED MOTOR VEHICLE,ONE-WAY,,STRAIGHT AND LEVEL,UNKNOWN,UNKNOWN,ON SCENE,NO INJURY / DRIVE AWAY,,,Y,"OVER $1,500",11/05/2021 03:00:00 PM,UNABLE TO DETERMINE,UNABLE TO DETERMINE,8335,S,CONSTANCE AVE,412.0,,,,,,,2,NO INDICATION OF INJURY,0.0,0.0,0.0,0.0,0.0,1.0,0.0,1,6,11,41.743233163,-87.5793238651,POINT (-87.579323865065 41.743233162973)
4dd53874d45edd98f61dc3e069af2270f70731fb996afbadb96b2b688999c95f1406c7eb31f8f192dd8e00258b76f134ca2cc34e7bcd3a99fb3d7358b3ae88d9,,01/26/2019 02:20:00 AM,30,TRAFFIC SIGNAL,FUNCTIONING PROPERLY,CLEAR,"DARKNESS, LIGHTED ROAD",REAR END,DIVIDED - W/MEDIAN (NOT RAISED),4,STRAIGHT AND LEVEL,DRY,NO DEFECTS,NOT ON SCENE (DESK REPORT),NO INJURY / DRIVE AWAY,,,Y,"$501 - $1,500",01/26/2019 02:40:00 AM,FOLLOWING TOO CLOSELY,FAILING TO REDUCE SPEED TO AVOID CRASH,1958,W,47TH ST,924.0,,,,,,,2,NO INDICATION OF INJURY,0.0,0.0,0.0,0.0,0.0,2.0,0.0,2,7,1,41.8086204581,-87.6746280126,POINT (-87.674628012572 41.808620458069)
a80bfaaa5a1c76a8858f8c8c67d1cce2d3cfde70e9f04faf92a213bd512bf58bc696520296fe49cbe3bc46f2f4de4acdfe60ab82bf68405c8a75ab5c3aaccb5e,,10/12/2018 12:40:00 PM,30,NO CONTROLS,NO CONTROLS,CLEAR,DAYLIGHT,PARKED MOTOR VEHICLE,NOT DIVIDED,,STRAIGHT AND LEVEL,DRY,NO DEFECTS,NOT ON SCENE (DESK REPORT),NO INJURY / DRIVE AWAY,,,,"$501 - $1,500",10/12/2018 01:41:00 PM,NOT APPLICABLE,NOT APPLICABLE,160,N,ELIZABETH ST,1224.0,,,,,,,2,NO INDICATION OF INJURY,0.0,0.0,0.0,0.0,0.0,2.0,0.0,12,6,10,41.8847616848,-87.6589883361,POINT (-87.658988336087 41.884761684813)
55e2eeabd17658332133e8d9ad8bdaa7fd6112e3446c18a02a8a67db4d665ff24feab2ad03b3e4642c9b9941fd2605d4e0778558bcd553242bcb3cfd257d280e,,08/14/2018 11:00:00 AM,30,NO CONTROLS,NO CONTROLS,CLEAR,DAYLIGHT,PARKED MOTOR VEHICLE,NOT DIVIDED,2,STRAIGHT AND LEVEL,DRY,NO DEFECTS,NOT ON SCENE (DESK REPORT),NO INJURY / DRIVE AWAY,,,Y,$500 OR LESS,08/15/2018 08:45:00 AM,EQUIPMENT - VEHICLE CONDITION,EQUIPMENT - VEHICLE CONDITION,2252,N,AUSTIN AVE,2512.0,,,,,,,2,NO INDICATION OF INJURY,0.0,0.0,0.0,0.0,0.0,1.0,0.0,11,3,8,41.9219309867,-87.7757976271,POINT (-87.775797627132 41.921930986747)
2d8e8e3164a3ba6ec84cf2a64d572daeedda4aee5f90950aa8c7a6ca499a32a7327b59c3cd3b7c12a4d543fdf5feb49b6859ae50ee861ebf47ed05c35ad8477f,,08/08/2019 09:45:00 AM,30,NO CONTROLS,NO CONTROLS,CLEAR,DAYLIGHT,FIXED OBJECT,DIVIDED - W/MEDIAN (NOT RAISED),,STRAIGHT AND LEVEL,DRY,NO DEFECTS,ON SCENE,NO INJURY / DRIVE AWAY,,,,$500 OR LESS,08/08/2019 09:47:00 AM,IMPROPER BACKING,DRIVING SKILLS/KNOWLEDGE/EXPERIENCE,305,N,COLUMBUS DR,114.0,,,,,,,1,NO INDICATION OF INJURY,0.0,0.0,0.0,0.0,0.0,1.0,0.0,9,5,8,41.8870602768,-87.6205553611,POINT (-87.620555361101 41.887060276803)
724ffa3ede4e167b49dc1c42476d5a422d973efcec208b869e124d3219a29640b35c91ea33aeeb5813c908088f7f35e5916cad6a019ed35d27926cad65f3ca90,,02/13/2025 01:36:00 PM,30,TRAFFIC SIGNAL,FUNCTIONING PROPERLY,CLEAR,DAYLIGHT,PARKED MOTOR VEHICLE,NOT DIVIDED,,STRAIGHT AND LEVEL,SNOW OR SLUSH,NO DEFECTS,ON SCENE,NO INJURY / DRIVE AWAY,Y,,,"OVER $1,500",02/13/2025 01:37:00 PM,IMPROPER TURNING/NO SIGNAL,NOT APPLICABLE,2399,W,DEVON AVE,2413.0,,,,,,,2,NO INDICATION OF INJURY,0.0,0.0,0.0,0.0,0.0,1.0,0.0,13,5,2,41.9976214911,-87.689817437,POINT (-87.689817436992 41.997621491136)
38c8688ac79715ce19d6226dd9619426b3aa9e56b1095b69860a89e4d8cee699f1b85a860fdf49bda6a986fa937dd71c5cb6e08b83b8153a91e71efa4142bcc6,,03/19/2019 11:40:00 AM,30,OTHER REG. SIGN,NO CONTROLS,CLEAR,DAYLIGHT,REAR END,NOT DIVIDED,,STRAIGHT ON HILLCREST,DRY,NO DEFECTS,ON SCENE,NO INJURY / DRIVE AWAY,,,Y,$500 OR LESS,03/19/2019 11:41:00 AM,FOLLOWING TOO CLOSELY,UNABLE TO DETERMINE,3401,E,100TH ST,432.0,,,,,,,2,NO INDICATION OF INJURY,0.0,0.0,0.0,0.0,0.0,2.0,0.0,11,3,3,41.713725005,-87.5411776841,POINT (-87.541177684119 41.713725005018)
eaef7a8fba4726e4c268d785c38e338b45eadb4bdced71648bdcf5828708d5fd93e71903dce0fa6e2cef6daafd2716dbc78dd99b8cfdb1ed8e883265620a2832,,01/10/2019 04:00:00 PM,30,NO CONTROLS,NO CONTROLS,CLEAR,DAYLIGHT,PARKED MOTOR VEHICLE,NOT DIVIDED,,STRAIGHT AND LEVEL,DRY,NO DEFECTS,NOT ON SCENE (DESK REPORT),NO INJURY / DRIVE AWAY,,,Y,$500 OR LESS,01/14/2019 07:10:00 PM,UNABLE TO DETERMINE,NOT APPLICABLE,1828,W,WABANSIA AVE,1434.0,,,,,,,2,NO INDICATION OF INJURY,0.0,0.0,0.0,0.0,0.0,1.0,0.0,16,5,1,41.9124746459,-87.6737882041,POINT (-87.673788204147 41.912474645934)
61956e1df81c3ad908909ebfa1757e07afa25c66a0095b700213fabd4846668889dbdba8235aeea6294c9033fbce6c38fa7d6f6a8bfc5cfee628d950a351c260,,10/30/2017 01:15:00 PM,30,UNKNOWN,UNKNOWN,CLEAR,DAYLIGHT,SIDESWIPE SAME DIRECTION,UNKNOWN,,STRAIGHT AND LEVEL,DRY,UNKNOWN,NOT ON SCENE (DESK REPORT),NO INJURY / DRIVE AWAY,,,,$500 OR LESS,10/31/2017 03:45:00 PM,FAILING TO YIELD RIGHT-OF-WAY,FAILING TO YIELD RIGHT-OF-WAY,1547,N,AUSTIN BLVD,2531.0,,,,,,,2,NO INDICATION OF INJURY,0.0,0.0,0.0,0.0,0.0,2.0,0.0,13,2,10,41.9088277659,-87.7754417241,POINT (-87.775441724051 41.908827765882)
c19b243a710f03472f85dce9bf26b94ed5409a76651278b381ce74707e7829abd4cf9d2423de4f7d60e74f99f441b8c9cb8314469b738cb196d627de110f0907,,10/04/2020 04:20:00 PM,30,NO CONTROLS,NO CONTROLS,CLEAR,DAYLIGHT,PARKED MOTOR VEHICLE,PARKING LOT,,STRAIGHT AND LEVEL,DRY,UNKNOWN,NOT ON SCENE (DESK REPORT),NO INJURY / DRIVE AWAY,,Y,,"OVER $1,500",10/04/2020 05:13:00 PM,UNABLE TO DETERMINE,UNABLE TO DETERMINE,4700,S,PULASKI RD,815.0,,,,,,,2,NO INDICATION OF INJURY,0.0,0.0,0.0,0.0,0.0,1.0,0.0,16,1,10,41.8077887691,-87.7237303316,POINT (-87.72373033158 41.807788769095)
ab603d28b361418ef81858551b1ac2426f7564f962f2fcd69896689728c1b0adae88d08e64d5d250a00f01d97df40e701aa7452ace66f3c7718e01506777ed8e,,01/11/2019 05:55:00 PM,30,STOP SIGN/FLASHER,FUNCTIONING PROPERLY,CLEAR,"DARKNESS, LIGHTED ROAD",REAR END,NOT DIVIDED,2,STRAIGHT AND LEVEL,DRY,UNKNOWN,ON SCENE,NO INJURY / DRIVE AWAY,,,Y,$500 OR LESS,01/11/2019 05:56:00 PM,FOLLOWING TOO CLOSELY,NOT APPLICABLE,7150,N,CALIFORNIA AVE,2411.0,,,,,,,2,NO INDICATION OF INJURY,0.0,0.0,0.0,0.0,0.0,2.0,0.0,17,6,1,42.011774558,-87.6998713597,POINT (-87.699871359734 42.01177455804)