CRASH_RECORD_ID,CRASH_DATE_EST_I,CRASH_DATE,POSTED_SPEED_LIMIT,TRAFFIC_CONTROL_DEVICE,DEVICE_CONDITION,WEATHER_CONDITION,LIGHTING_CONDITION,FIRST_CRASH_TYPE,TRAFFICWAY_TYPE,LANE_CNT,ALIGNMENT,ROADWAY_SURFACE_COND,ROAD_DEFECT,REPORT_TYPE,CRASH_TYPE,INTERSECTION_RELATED_I,NOT_RIGHT_OF_WAY_I,HIT_AND_RUN_I,DAMAGE,DATE_POLICE_NOTIFIED,PRIM_CONTRIBUTORY_CAUSE,SEC_CONTRIBUTORY_CAUSE,STREET_NO,STREET_DIRECTION,STREET_NAME,BEAT_OF_OCCURRENCE,PHOTOS_TAKEN_I,STATEMENTS_TAKEN_I,DOORING_I,WORK_ZONE_I,WORK_ZONE_TYPE,WORKERS_PRESENT_I,NUM_UNITS,MOST_SEVERE_INJURY,INJURIES_TOTAL,INJURIES_FATAL,INJURIES_INCAPACITATING,INJURIES_NON_INCAPACITATING,INJURIES_REPORTED_NOT_EVIDENT,INJURIES_NO_INDICATION,INJURIES_UNKNOWN,CRASH_HOUR,CRASH_DAY_OF_WEEK,CRASH_MONTH,LATITUDE,LONGITUDE,LOCATION
33e3fde4ee78d7c99bf5d90e2d68805ec01f48b584c14b7d18c6f792123d685008ea78adf347905f490c09ce70a8e5cdcfcdc1b0db28479d7f0e346886b0cd31,,02/16/2021 10:25:00 PM,30,NO CONTROLS,NO CONTROLS,CLEAR,"DARKNESS, LIGHTED ROAD",REAR TO SIDE,NOT DIVIDED,,STRAIGHT AND LEVEL,UNKNOWN,UNKNOWN,ON SCENE,NO INJURY / DRIVE AWAY,,,,"OVER $1,500",02/16/2021 10:45:00 PM,IMPROPER TURNING/NO SIGNAL,NOT APPLICABLE,743,N,PULASKI RD,1112.0,,,,,,,2,NO INDICATION OF INJURY,0.0,0.0,0.0,0.0,0.0,2.0,0.0,22,3,2,41.8948224708,-87.725918762,POINT (-87.725918761997 41.894822470798)
7bf5126c2e78d5fdcb4aa5c13b5c434399d793315d6a549feca384096bc7d499fb2808c46bf6627b3f994ebf5c00c4b73de40eb227df2f399ed415d7cc5eabeb,,05/17/2022 05:50:00 AM,25,TRAFFIC SIGNAL,FUNCTIONING PROPERLY,CLEAR,DAYLIGHT,TURNING,NOT DIVIDED,,STRAIGHT AND LEVEL,DRY,UNKNOWN,NOT ON SCENE (DESK REPORT),NO INJURY / DRIVE AWAY,,,,"$501 - $1,500",05/27/2022 05:40:00 PM,UNABLE TO DETERMINE,NOT APPLICABLE,749,S,CICERO AVE,1131.0,,,,,,,2,NO INDICATION OF INJURY,0.0,0.0,0.0,0.0,0.0,2.0,0.0,5,3,5,41.8708260144,-87.7447676388,POINT (-87.744767638847 41.870826014449)
9073d71fa08518935a968a08b6a08f0c937dbe4e309c31ff87fc4ac1038a957024c3f827b49e810c8c8aff443b8e956bb0d1f173b8ce34f921afb6573ff4feb7,,11/22/2022 11:00:00 AM,30,NO CONTROLS,FUNCTIONING PROPERLY,CLEAR,DAYLIGHT,REAR END,TRAFFIC ROUTE,,STRAIGHT AND LEVEL,DRY,NO DEFECTS,,NO INJURY / DRIVE AWAY,,,,"$501 - $1,500",11/22/2022 11:20:00 AM,FOLLOWING TOO CLOSELY,FOLLOWING TOO CLOSELY,10900,S,VINCENNES AVE,2212.0,,,,,,,2,NO INDICATION OF INJURY,0.0,0.0,0.0,0.0,0.0,2.0,0.0,11,3,11,41.6957728094,-87.6609361851,POINT (-87.660936185053 41.695772809448)
d7325b9314da2fe0a7ba0707d949b9d6eb4bca626948d53b7fbd9dfaf2feba3a7e781e362cc9622016fff822bbccc9fe654e5e74cae6efba5ec7385af05839c5,,09/14/2023 03:30:00 PM,30,NO CONTROLS,NO CONTROLS,CLEAR,DAYLIGHT,PARKED MOTOR VEHICLE,ALLEY,,STRAIGHT AND LEVEL,DRY,NO DEFECTS,NOT ON SCENE (DESK REPORT),NO INJURY / DRIVE AWAY,,,,"OVER $1,500",09/14/2023 04:20:00 PM,UNABLE TO DETERMINE,UNABLE TO DETERMINE,1300,N,HAMLIN AVE,2535.0,,,,,,,2,NO INDICATION OF INJURY,0.0,0.0,0.0,0.0,0.0,1.0,0.0,15,5,9,41.9042184149,-87.7216254165,POINT (-87.72162541654 41.904218414926)
01ee13abd5c86fd46d318770565288b42386900b0aa4b8bc356a41fcbff01c7e72be187af4820e6479340b3def2499fd6924266621fce3723aeac4b9d6d8644b,Y,01/16/2022 02:00:00 AM,30,NO CONTROLS,NO CONTROLS,SNOW,"DARKNESS, LIGHTED ROAD",PARKED MOTOR VEHICLE,NOT DIVIDED,,STRAIGHT AND LEVEL,SNOW OR SLUSH,NO DEFECTS,ON SCENE,INJURY AND / OR TOW DUE TO CRASH,,,Y,"OVER $1,500",01/16/2022 03:06:00 AM,UNABLE TO DETERMINE,UNABLE TO DETERMINE,1144,W,18TH ST,1235.0,,,,,,,2,NO INDICATION OF INJURY,0.0,0.0,0.0,0.0,0.0,1.0,0.0,2,1,1,41.8580844048,-87.6551668737,POINT (-87.655166873748 41.858084404825)
c4a4a6ee35acafd1e0cbc8bd504ce7c6726cb45a11f80c40ef2a307b7af91f91f45f8868a76652957589019260e94cc2db075c10c37dba772f81ba810cf93563,Y,11/13/2018 08:20:00 AM,30,NO CONTROLS,NO CONTROLS,CLEAR,DAYLIGHT,PARKED MOTOR VEHICLE,DIVIDED - W/MEDIAN (NOT RAISED),,STRAIGHT AND LEVEL,DRY,NO DEFECTS,NOT ON SCENE (DESK REPORT),NO INJURY / DRIVE AWAY,,,,"$501 - $1,500",11/13/2018 11:30:00 AM,UNABLE TO DETERMINE,NOT APPLICABLE,1805,W,TAYLOR ST,1231.0,,,,,,,2,NO INDICATION OF INJURY,0.0,0.0,0.0,0.0,0.0,1.0,0.0,8,3,11,41.8690822505,-87.6716685206,POINT (-87.671668520559 41.869082250486)
0912d698089fd0e5078adf5d150b7fc28fb78df0cceca6dfc89d4b30c654b0c01eb25151525aebf312786deb9146b95cdbef71c041cf149e16640c0b95704f34,,10/08/2017 05:07:00 AM,30,TRAFFIC SIGNAL,FUNCTIONING PROPERLY,CLEAR,"DARKNESS, LIGHTED ROAD",FIXED OBJECT,DIVIDED - W/MEDIAN (NOT RAISED),4,STRAIGHT AND LEVEL,DRY,NO DEFECTS,ON SCENE,INJURY AND / OR TOW DUE TO CRASH,,,,"OVER $1,500",10/08/2017 05:10:00 AM,PHYSICAL CONDITION OF DRIVER,NOT APPLICABLE,2762,N,LINCOLN AVE,1932.0,,,,,,,1,NO INDICATION OF INJURY,0.0,0.0,0.0,0.0,0.0,1.0,0.0,5,1,10,41.931945729,-87.6580639941,POINT (-87.658063994104 41.931945728955)
0f9ea5e721a76c6b5854780dc07673ab08735cd12a67720307a423f41ccba4476343f899c2cc5e39b87b8c8bf18eef5b76c4ed1fdf6ddc6cf7b389f69311bab0,,06/30/2021 01:01:00 PM,25,UNKNOWN,UNKNOWN,CLEAR,DAYLIGHT,OTHER OBJECT,PARKING LOT,,STRAIGHT AND LEVEL,UNKNOWN,UNKNOWN,NOT ON SCENE (DESK REPORT),NO INJURY / DRIVE AWAY,,,,"$501 - $1,500",06/30/2021 03:57:00 PM,UNABLE TO DETERMINE,NOT APPLICABLE,2923,N,CALIFORNIA AVE,1411.0,,,,,,,1,NO INDICATION OF INJURY,0.0,0.0,0.0,0.0,0.0,1.0,0.0,13,4,6,41.9346891994,-87.6975471911,POINT (-87.697547191107 41.934689199351)
18159de1f8c3ce62dd1d6b78b8a562a0a4caba1e1699273ad23e0b1e4d00d14e28a5a9601a4abf78d4830d44f44b369e009c668e14ecda8cefb9b7f8380c7cfb,,04/12/2023 03:35:00 PM,30,NO CONTROLS,NO CONTROLS,CLEAR,DAYLIGHT,SIDESWIPE SAME DIRECTION,NOT DIVIDED,,STRAIGHT AND LEVEL,DRY,NO DEFECTS,NOT ON SCENE (DESK REPORT),NO INJURY / DRIVE AWAY,,,,"OVER $1,500",04/12/2023 05:20:00 PM,UNABLE TO DETERMINE,NOT APPLICABLE,5701,N,SHERIDAN RD,2022.0,,,,,,,2,NO INDICATION OF INJURY,0.0,0.0,0.0,0.0,0.0,2.0,0.0,15,4,4,41.985638421,-87.6550943233,POINT (-87.655094323271 41.985638421049)
a3d336949ea50b5ab1d748c41e5931821b48b8c3016f2fcbf4a7d14e39f3ae64c8e0880d2767819e1902dc773568335250b7e507d5afa2e57167b5e907c35ff4,,05/15/2024 08:10:00 AM,30,UNKNOWN,UNKNOWN,CLEAR,DAYLIGHT,OTHER NONCOLLISION,UNKNOWN,,STRAIGHT AND LEVEL,UNKNOWN,"RUT, HOLES",NOT ON SCENE (DESK REPORT),NO INJURY / DRIVE AWAY,,,,"OVER $1,500",05/16/2024 01:37:00 AM,NOT APPLICABLE,NOT APPLICABLE,3336,S,WESTERN AVE,911.0,,,,,,,1,NO INDICATION OF INJURY,0.0,0.0,0.0,0.0,0.0,1.0,0.0,8,4,5,41.832771331,-87.685235314,POINT (-87.68523531401 41.832771331043)
8c1ab3febf8284c2dd4089f81c6244ad48e7ade383b0880ea9bdea34e190d21a915d9f9f183c499b7caac203c9bb8fd110878e9f81929df2e6cb8bfd010e8119,,12/19/2021 01:45:00 AM,15,NO CONTROLS,NO CONTROLS,CLEAR,"DARKNESS, LIGHTED ROAD",PARKED MOTOR VEHICLE,ONE-WAY,,STRAIGHT AND LEVEL,DRY,NO DEFECTS,ON SCENE,INJURY AND / OR TOW DUE TO CRASH,,,Y,"OVER $1,500",12/19/2021 04:06:00 AM,UNABLE TO DETERMINE,UNABLE TO DETERMINE,5441,W,WRIGHTWOOD AVE,2515.0,,,,,,,3,NO INDICATION OF INJURY,0.0,0.0,0.0,0.0,0.0,1.0,0.0,1,1,12,41.9275605946,-87.7628832512,POINT (-87.762883251184 41.927560594623)
8a6439f590cbdc97d205b0cc4398732220e6e45a116f02cc25265757f0d221e9458ab8cebbf3e6893849a1286c20dd83a78640778eecdac2a7c039eec7a95897,,02/07/2020 02:00:00 PM,25,NO CONTROLS,NO CONTROLS,UNKNOWN,DARKNESS,REAR END,NOT DIVIDED,,STRAIGHT AND LEVEL,UNKNOWN,NO DEFECTS,,NO INJURY / DRIVE AWAY,,,Y,"OVER $1,500",02/08/2020 09:00:00 AM,UNABLE TO DETERMINE,UNABLE TO DETERMINE,8729,S,COMMERCIAL AVE,424.0,,,,,,,2,NO INDICATION OF INJURY,0.0,0.0,0.0,0.0,0.0,2.0,0.0,14,6,2,41.7364985356,-87.5512636786,POINT (-87.55126367857 41.736498535575)
2f29068b8ca8d7e3bead667adc1c873a83cab30f34b0607c32b2213ec2577d6f3c5f3e63b9d7b93f600b7026cc81f786f5ce94c048b4a1e08c9b4b0c84c757a0,,05/28/2025 09:00:00 AM,15,NO CONTROLS,NO CONTROLS,RAIN,DAYLIGHT,PARKED MOTOR VEHICLE,OTHER,,STRAIGHT ON GRADE,WET,OTHER,ON SCENE,NO INJURY / DRIVE AWAY,,Y,,"OVER $1,500",05/29/2025 08:19:00 AM,DRIVING SKILLS/KNOWLEDGE/EXPERIENCE,NOT APPLICABLE,3005,S,ROCKWELL ST,1034.0,,,,,,,2,NO INDICATION OF INJURY,0.0,0.0,0.0,0.0,0.0,1.0,0.0,9,4,5,41.8384942712,-87.6894340563,POINT (-87.689434056267 41.838494271158)
74e687e068562e9f6d718fa43eaf831683f543dc3e62c660120ef366db1a227e112dda61d48c2fb9132b7f0a2309c7cdfb02c0648460f07aa45c158f7722e713,,06/08/2021 04:20:00 PM,30,NO CONTROLS,NO CONTROLS,CLEAR,DAYLIGHT,SIDESWIPE SAME DIRECTION,ONE-WAY,,STRAIGHT AND LEVEL,DRY,NO DEFECTS,,NO INJURY / DRIVE AWAY,,,Y,"OVER $1,500",06/08/2021 05:00:00 PM,IMPROPER LANE USAGE,IMPROPER LANE USAGE,5451,S,MICHIGAN AVE,231.0,,,,,,,2,NO INDICATION OF INJURY,0.0,0.0,0.0,0.0,0.0,3.0,0.0,16,3,6,41.7950024435,-87.622326823,POINT (-87.622326823039 41.795002443519)
c39085a3fcc011f3410468b7c57851467878f13c1bbfff2e797190f7e2078f14d96c140968d2a30111ff205f96d63b4495f9acc27eab3c67da3a75cd72db2129,,08/30/2018 07:30:00 AM,35,UNKNOWN,NO CONTROLS,CLEAR,DAYLIGHT,REAR END,NOT DIVIDED,,STRAIGHT AND LEVEL,DRY,NO DEFECTS,NOT ON SCENE (DESK REPORT),NO INJURY / DRIVE AWAY,,,,"$501 - $1,500",08/30/2018 01:30:00 PM,UNABLE TO DETERMINE,NOT APPLICABLE,4606,N,CENTRAL AVE,1622.0,,,,,,,2,NO INDICATION OF INJURY,0.0,0.0,0.0,0.0,0.0,2.0,0.0,7,5,8,41.9643790088,-87.7675169229,POINT (-87.76751692287 41.9643790088)
c9df300d36601d4a49a76ecc22196e143aee557d9976e76d7f9e72302805f3d48917acf6029caacf0802e3f621b6e3791b618d310348f3d8426bfb16dd65476b,,12/19/2024 05:55:00 PM,30,NO CONTROLS,NO CONTROLS,UNKNOWN,"DARKNESS, LIGHTED ROAD",SIDESWIPE SAME DIRECTION,ONE-WAY,,STRAIGHT AND LEVEL,UNKNOWN,UNKNOWN,NOT ON SCENE (DESK REPORT),NO INJURY / DRIVE AWAY,,,,"$501 - $1,500",12/21/2024 09:38:00 AM,UNABLE TO DETERMINE,UNABLE TO DETERMINE,6720,S,KOLMAR AVE,833.0,,,,,,,2,NO INDICATION OF INJURY,0.0,0.0,0.0,0.0,0.0,2.0,0.0,17,5,12,41.7705663945,-87.7361111576,POINT (-87.736111157599 41.770566394538)
3200e2e50b77579596e2fa49f260714342d2202307070e42b5c20de5f8ea134471e0a9227bb0f0b5157013432fcaa35cebf6d29519617fc1f392b352569f368d,,12/20/2017 02:00:00 PM,30,UNKNOWN,UNKNOWN,UNKNOWN,UNKNOWN,REAR END,UNKNOWN,1,STRAIGHT AND LEVEL,UNKNOWN,UNKNOWN,NOT ON SCENE (DESK REPORT),NO INJURY / DRIVE AWAY,,,Y,"$501 - $1,500",12/20/2017 02:55:00 PM,FAILING TO YIELD RIGHT-OF-WAY,NOT APPLICABLE,1700,N,OAK PARK AVE,2513.0,,,,,,,2,NO INDICATION OF INJURY,0.0,0.0,0.0,0.0,0.0,2.0,0.0,14,4,12,41.9109279185,-87.7949953864,POINT (-87.79499538644 41.910927918485)
89bb47d58a78e456371babb3e725f42b6c979ca7bda0f4b198b2d2afbb3e08aed7f3be1506b95ae460de801be5f91e874d552422f08c3771d03ec627c5de4131,,07/24/2024 05:20:00 PM,30,NO CONTROLS,NO CONTROLS,CLEAR,DAYLIGHT,REAR END,NOT DIVIDED,,STRAIGHT AND LEVEL,DRY,NO DEFECTS,NOT ON SCENE (DESK REPORT),INJURY AND / OR TOW DUE TO CRASH,,,,"OVER $1,500",07/24/2024 05:59:00 PM,FOLLOWING TOO CLOSELY,NOT APPLICABLE,6255,S,CENTRAL AVE,813.0,,,,,,,2,NONINCAPACITATING INJURY,1.0,0.0,0.0,1.0,0.0,2.0,0.0,17,4,7,41.7782617812,-87.7615776831,POINT (-87.761577683053 41.778261781191)
fdb603d9d651749d0612143e4b90649187d48899a51c17da0adf71633dd1d2ad107da90ac3fb22c75bd0cdb57280bfcf6b417e7101c41cdf098530077b513555,,03/06/2025 06:11:00 AM,30,TRAFFIC SIGNAL,FUNCTIONING PROPERLY,UNKNOWN,UNKNOWN,REAR END,NOT DIVIDED,,STRAIGHT AND LEVEL,UNKNOWN,UNKNOWN,NOT ON SCENE (DESK REPORT),NO INJURY / DRIVE AWAY,,,,"$501 - $1,500",03/06/2025 06:45:00 AM,UNABLE TO DETERMINE,NOT APPLICABLE,5501,S,CICERO AVE,813.0,,,,,,,2,NO INDICATION OF INJURY,0.0,0.0,0.0,0.0,0.0,2.0,0.0,6,5,3,41.7929943849,-87.7418060289,POINT (-87.741806028879 41.792994384855)
5e3ab9800a13caabb15a07e8e2a1cdd751ace84cc5032b11e546a22f50315edc7e28b320f798dfbbe1d35b6473d62a0beacf134a4f85493034057328fa9ed422,,07/11/2018 05:30:00 PM,15,TRAFFIC SIGNAL,FUNCTIONING PROPERLY,CLEAR,DAYLIGHT,REAR END,PARKING LOT,2,STRAIGHT AND LEVEL,DRY,NO DEFECTS,NOT ON SCENE (DESK REPORT),NO INJURY / DRIVE AWAY,,,,"OVER $1,500",07/11/2018 05:50:00 PM,FOLLOWING TOO CLOSELY,UNABLE TO DETERMINE,1919,N,CICERO AVE,2533.0,,,,,,,2,NO INDICATION OF INJURY,0.0,0.0,0.0,0.0,0.0,2.0,0.0,17,4,7,41.9157101456,-87.7459077545,POINT (-87.745907754514 41.915710145553)
91ac00cb132522e3a7182d11a56e2e54bdb891fa31e083e7fe18902458d709be5dcb9921c33654ee37cd4d9727ce3fdb7eeafe3f07e4d79b15f11162914439c2,,04/06/2019 07:15:00 PM,30,NO CONTROLS,NO CONTROLS,CLEAR,DAYLIGHT,PARKED MOTOR VEHICLE,NOT DIVIDED,2,STRAIGHT AND LEVEL,DRY,NO DEFECTS,ON SCENE,INJURY AND / OR TOW DUE TO CRASH,,,Y,"OVER $1,500",04/06/2019 07:25:00 PM,NOT APPLICABLE,NOT APPLICABLE,2911,W,CARROLL AVE,1222.0,,,,,,,2,NO INDICATION OF INJURY,0.0,0.0,0.0,0.0,0.0,1.0,0.0,19,7,4,41.8874956299,-87.6994291923,POINT (-87.699429192337 41.887495629853)
90af119353b93dc3f6262a37ee99cf5e6e69ba7b28865de10f78b9955adcb4907c13a6548e7afa68df0ed848b9abc024675fb98f140cdecbbf9f195e5242251d,,08/13/2024 05:40:00 PM,30,TRAFFIC SIGNAL,FUNCTIONING PROPERLY,CLEAR,DAYLIGHT,TURNING,FOUR WAY,,STRAIGHT AND LEVEL,DRY,NO DEFECTS,NOT ON SCENE (DESK REPORT),NO INJURY / DRIVE AWAY,Y,,,"$501 - $1,500",08/14/2024 09:30:00 AM,FAILING TO REDUCE SPEED TO AVOID CRASH,UNABLE TO DETERMINE,1300,N,NOBLE ST,1433.0,,,,,,,2,NO INDICATION OF INJURY,0.0,0.0,0.0,0.0,0.0,2.0,0.0,17,3,8,41.9052533949,-87.6628183012,POINT (-87.662818301225 41.905253394863)
cdc86f430644e94e5f293d33ea84ec45c83fdb8ec2746bfe2e3d46cb171b6aa7c5fa000e3f1f58bbd684c66e48edc197ef093f4f2567709786eb23d9797869db,,12/20/2016 07:50:00 PM,30,TRAFFIC SIGNAL,FUNCTIONING PROPERLY,SNOW,"DARKNESS, LIGHTED ROAD",REAR END,NOT DIVIDED,0,STRAIGHT AND LEVEL,WET,NO DEFECTS,NOT ON SCENE (DESK REPORT),NO INJURY / DRIVE AWAY,Y,,Y,$500 OR LESS,12/20/2016 09:10:00 PM,DISREGARDING TRAFFIC SIGNALS,UNABLE TO DETERMINE,4200,W,LAKE ST,1114.0,,,,,,,2,NO INDICATION OF INJURY,0.0,0.0,0.0,0.0,0.0,2.0,0.0,19,3,12,41.8858584262,-87.7308374451,POINT (-87.730837445119 41.885858426161)
0a06e1f22b327cee6705b2bc0780eecd14dcdd967a48c27f615861a661f54872edd5d9a7ccebabd93d95a6d80a28f4362b79c5fa778a116cb6c77136985a5aa6,,10/09/2025 07:59:00 PM,30,NO CONTROLS,NO CONTROLS,CLEAR,"DARKNESS, LIGHTED ROAD",REAR END,NOT DIVIDED,,STRAIGHT AND LEVEL,DRY,UNKNOWN,ON SCENE,INJURY AND / OR TOW DUE TO CRASH,,,,"OVER $1,500",10/09/2025 07:59:00 PM,FAILING TO REDUCE SPEED TO AVOID CRASH,NOT APPLICABLE,121,N,CICERO AVE,1113.0,,,,,,,2,NO INDICATION OF INJURY,0.0,0.0,0.0,0.0,0.0,3.0,0.0,19,5,10,41.8825796682,-87.7452105496,POINT (-87.745210549615 41.882579668235)
ba04225b8885798effe8f4a07a50d368d2edce472ea615e6263f29349dbe926e1993dd3053aa4f84552c62417e786ee77c1a8866f56a4ca917df7d67276beed9,,07/10/2019 08:20:00 PM,30,TRAFFIC SIGNAL,FUNCTIONING PROPERLY,CLEAR,"DARKNESS, LIGHTED ROAD",TURNING,NOT DIVIDED,,STRAIGHT AND LEVEL,DRY,NO DEFECTS,NOT ON SCENE (DESK REPORT),INJURY AND / OR TOW DUE TO CRASH,Y,,,"OVER $1,500",07/10/2019 08:20:00 PM,UNABLE TO DETERMINE,UNABLE TO DETERMINE,3859,W,CHICAGO AVE,1112.0,,,,,,,2,INCAPACITATING INJURY,1.0,0.0,1.0,0.0,0.0,1.0,0.0,20,4,7,41.8952804647,-87.7235754235,POINT (-87.723575423488 41.895280464712)
7dd6b21e52cd9592cb1dbb9375c322db0b7eab62d832ceb5d5803bd50c9b3de4c89360bd4b7c920899dcd45c7375827d0557575f908e1c47ff30cf562dabfd2c,,05/15/2025 08:02:00 PM,30,STOP SIGN/FLASHER,FUNCTIONING PROPERLY,RAIN,DARKNESS,ANGLE,NOT DIVIDED,,STRAIGHT AND LEVEL,WET,NO DEFECTS,NOT ON SCENE (DESK REPORT),NO INJURY / DRIVE AWAY,Y,,,"OVER $1,500",05/15/2025 09:30:00 PM,UNABLE TO DETERMINE,UNABLE TO DETERMINE,9800,S,GENOA AVE,2223.0,,,,,,,2,NO INDICATION OF INJURY,0.0,0.0,0.0,0.0,0.0,6.0,0.0,20,5,5,41.7157539415,-87.6515446735,POINT (-87.651544673477 41.715753941456)
81ec7b30127d3e1f8333bb92b1372fca233ae373c350a5c10cd0d68e08fb1e575569fbb0f177d5bebd86ec84fbc7cd5f5496281322986cf417400eaed20bf88a,,09/16/2025 04:03:00 PM,30,NO CONTROLS,NO CONTROLS,CLEAR,DAYLIGHT,SIDESWIPE SAME DIRECTION,ONE-WAY,,STRAIGHT AND LEVEL,DRY,NO DEFECTS,NOT ON SCENE (DESK REPORT),NO INJURY / DRIVE AWAY,,,,"OVER $1,500",09/16/2025 06:15:00 PM,UNABLE TO DETERMINE,UNABLE TO DETERMINE,6299,S,INDIANA AVE,311.0,,,,,,,2,NO INDICATION OF INJURY,0.0,0.0,0.0,0.0,0.0,2.0,0.0,16,3,9,41.7802223006,-87.6202863887,POINT (-87.62028638869 41.780222300615)
6a00a9bc2b8fdbac2a8d40e1d8bd2ed58e028e9105921503683d4910af344aa512acd24d1a7b87dd7d903115885008c396a4b3d16bef0fe8258176a9d59dfb79,,02/01/2018 12:07:00 PM,30,TRAFFIC SIGNAL,FUNCTIONING PROPERLY,CLEAR,DAYLIGHT,PEDESTRIAN,NOT DIVIDED,4,STRAIGHT AND LEVEL,DRY,NO DEFECTS,ON SCENE,INJURY AND / OR TOW DUE TO CRASH,Y,,Y,"OVER $1,500",02/01/2018 12:08:00 PM,UNABLE TO DETERMINE,NOT APPLICABLE,6300,S,ASHLAND AVE,725.0,,,,,,,2,INCAPACITATING INJURY,1.0,0.0,1.0,0.0,0.0,1.0,0.0,12,5,2,41.7793722205,-87.6643653474,POINT (-87.664365347416 41.779372220485)
61bc64e08553facd0c450b6815fa40810d230a7d0d491a68a0b8fc1d45f3ffb7447b4a66c3ea0d9f282e0ab61c071d91abcedf734bbc0f1ecc09e98c9c87f019,,11/22/2015 01:58:00 PM,30,NO CONTROLS,NO CONTROLS,CLEAR,DAYLIGHT,OTHER OBJECT,NOT DIVIDED,4,STRAIGHT AND LEVEL,ICE,NO DEFECTS,NOT ON SCENE (DESK REPORT),NO INJURY / DRIVE AWAY,,,,$500 OR LESS,11/22/2015 02:37:00 PM,NOT APPLICABLE,NOT APPLICABLE,1130,N,HALSTED ST,1822.0,,,,,,,1,NO INDICATION OF INJURY,0.0,0.0,0.0,0.0,0.0,1.0,0.0,13,1,11,41.9024013494,-87.6481785981,POINT (-87.64817859807 41.902401349443)
ce4adad9f4747a03caf2e8233702f9575002891e2e4e130e91abb6e18e92a15f284f6c04b2bf36ff7df9d9e7dd9d23e4c397914982b1cd692b75643d6003ba15,,12/07/2023 07:20:00 PM,15,NO CONTROLS,NO CONTROLS,CLEAR,"DARKNESS, LIGHTED ROAD",TURNING,PARKING LOT,,STRAIGHT AND LEVEL,DRY,NO DEFECTS,ON SCENE,NO INJURY / DRIVE AWAY,,Y,Y,"OVER $1,500",12/07/2023 07:25:00 PM,FOLLOWING TOO CLOSELY,UNABLE TO DETERMINE,7530,S,STONY ISLAND AVE,411.0,,,,,,,2,NO INDICATION OF INJURY,0.0,0.0,0.0,0.0,0.0,2.0,0.0,19,5,12,41.7578056585,-87.586268258,POINT (-87.586268258019 41.757805658543)
fc15bc5a746bb1d2d191638a4642bf7046e49eb56da28095fade342d7d241dcb39df7065d6a583b6f63f90dc52d3bbeccc281d2ff748445ecad7d77964d84f6c,,05/20/2025 11:01:00 AM,30,NO CONTROLS,NO CONTROLS,RAIN,DAYLIGHT,SIDESWIPE SAME DIRECTION,NOT DIVIDED,,STRAIGHT AND LEVEL,WET,NO DEFECTS,ON SCENE,NO INJURY / DRIVE AWAY,,,,"OVER $1,500",05/20/2025 11:29:00 AM,IMPROPER OVERTAKING/PASSING,IMPROPER OVERTAKING/PASSING,1528,W,87TH ST,614.0,,,,,,,2,NO INDICATION OF INJURY,0.0,0.0,0.0,0.0,0.0,3.0,0.0,11,3,5,41.7359186846,-87.66179093,POINT (-87.661790929972 41.735918684635)
4666750b69fe52184a95636666112d1b0d5290ed0491d8d8ffa3ca82eede1e68b3e7400fe781cef889f2ab7e28bbd7e74dc8e2cb91e3a9f67a1705266b397ac8,,12/31/2022 09:06:00 PM,40,NO CONTROLS,NO CONTROLS,CLEAR,"DARKNESS, LIGHTED ROAD",FIXED OBJECT,DIVIDED - W/MEDIAN BARRIER,,STRAIGHT AND LEVEL,DRY,NO DEFECTS,ON SCENE,INJURY AND / OR TOW DUE TO CRASH,,,,"OVER $1,500",12/31/2022 10:15:00 PM,UNABLE TO DETERMINE,NOT APPLICABLE,5500,S,LAKE SHORE DR SB,235.0,,,,,,,1,NO INDICATION OF INJURY,0.0,0.0,0.0,0.0,0.0,1.0,0.0,21,7,12,41.7951885625,-87.5793730012,POINT (-87.579373001156 41.795188562546)
dbd779ac3fbfd5586e84b7224d0c794985bbfaff2275ea16376ce0750fef28e9bb4a181eadef84e6b533312e34a7d42f7faa621f2e1c7625c8da97a10d0537f2,,04/27/2023 05:15:00 PM,20,NO CONTROLS,NO CONTROLS,CLEAR,DAYLIGHT,PARKED MOTOR VEHICLE,ONE-WAY,,STRAIGHT AND LEVEL,UNKNOWN,UNKNOWN,NOT ON SCENE (DESK REPORT),NO INJURY / DRIVE AWAY,,,,"OVER $1,500",04/27/2023 06:20:00 PM,UNABLE TO DETERMINE,NOT APPLICABLE,5210,W,FERDINAND ST,1523.0,,,,,,,2,NO INDICATION OF INJURY,0.0,0.0,0.0,0.0,0.0,2.0,0.0,17,5,4,41.8890462825,-87.7558845073,POINT (-87.755884507266 41.889046282527)
6add73eb5130fb190dbaa24d6c1313e8398c72ebfaa779228131685886ffa9e8cca40b64e0b02c15e89f9fd1652c2610def7ca34a85955802d554edf4b0e6c99,,12/05/2020 06:00:00 PM,30,NO CONTROLS,NO CONTROLS,CLEAR,"DARKNESS, LIGHTED ROAD",PARKED MOTOR VEHICLE,NOT DIVIDED,,STRAIGHT AND LEVEL,DRY,NO DEFECTS,ON SCENE,NO INJURY / DRIVE AWAY,,,Y,"OVER $1,500",12/05/2020 06:30:00 PM,UNABLE TO DETERMINE,UNABLE TO DETERMINE,7517,S,COLES AVE,421.0,,,,,,,2,NO INDICATION OF INJURY,0.0,0.0,0.0,0.0,0.0,1.0,0.0,18,7,12,41.7595295311,-87.558113923,POINT (-87.558113923015 41.759529531137)