CRASH_RECORD_ID,CRASH_DATE_EST_I,CRASH_DATE,POSTED_SPEED_LIMIT,TRAFFIC_CONTROL_DEVICE,DEVICE_CONDITION,WEATHER_CONDITION,LIGHTING_CONDITION,FIRST_CRASH_TYPE,TRAFFICWAY_TYPE,LANE_CNT,ALIGNMENT,ROADWAY_SURFACE_COND,ROAD_DEFECT,REPORT_TYPE,CRASH_TYPE,INTERSECTION_RELATED_I,NOT_RIGHT_OF_WAY_I,HIT_AND_RUN_I,DAMAGE,DATE_POLICE_NOTIFIED,PRIM_CONTRIBUTORY_CAUSE,SEC_CONTRIBUTORY_CAUSE,STREET_NO,STREET_DIRECTION,STREET_NAME,BEAT_OF_OCCURRENCE,PHOTOS_TAKEN_I,STATEMENTS_TAKEN_I,DOORING_I,WORK_ZONE_I,WORK_ZONE_TYPE,WORKERS_PRESENT_I,NUM_UNITS,MOST_SEVERE_INJURY,INJURIES_TOTAL,INJURIES_FATAL,INJURIES_INCAPACITATING,INJURIES_NON_INCAPACITATING,INJURIES_REPORTED_NOT_EVIDENT,INJURIES_NO_INDICATION,INJURIES_UNKNOWN,CRASH_HOUR,CRASH_DAY_OF_WEEK,CRASH_MONTH,LATITUDE,LONGITUDE,LOCATION
f4a0c9b27daf17d689597f5e45fd27177998518f7c5832c7e5bcf500a4d164f350606a665ce4b89f17393c61b35ea809bf4aa7492427eb791c2844c88c14977d,,11/04/2021 07:20:00 PM,30,TRAFFIC SIGNAL,FUNCTIONING PROPERLY,CLEAR,"DARKNESS, LIGHTED ROAD",REAR END,DIVIDED - W/MEDIAN (NOT RAISED),,STRAIGHT AND LEVEL,DRY,NO DEFECTS,NOT ON SCENE (DESK REPORT),NO INJURY / DRIVE AWAY,,,,"$501 - $1,500",11/05/2021 06:20:00 PM,FAILING TO YIELD RIGHT-OF-WAY,UNABLE TO DETERMINE,2300,N,LINCOLN AVE,1812.0,,,,,,,2,NO INDICATION OF INJURY,0.0,0.0,0.0,0.0,0.0,2.0,0.0,19,5,11,41.9236244659,-87.6464272903,POINT (-87.64642729029 41.92362446591)
e986e347de49d45b6fd7adb1460b7976275aa701fe0cd16042c2f71b95b5e8b2c505fa65eeb9d6814b519b6fbf9d8854da3fe2b840806cf2e3fb063cea7f4c13,Y,04/13/2020 06:00:00 PM,30,NO CONTROLS,NO CONTROLS,CLEAR,DAWN,PARKED MOTOR VEHICLE,ONE-WAY,,STRAIGHT AND LEVEL,DRY,NO DEFECTS,NOT ON SCENE (DESK REPORT),NO INJURY / DRIVE AWAY,,,Y,"$501 - $1,500",04/14/2020 10:00:00 AM,UNABLE TO DETERMINE,UNABLE TO DETERMINE,6600,S,INGLESIDE AVE,321.0,,,,,,,2,NO INDICATION OF INJURY,0.0,0.0,0.0,0.0,0.0,1.0,0.0,18,2,4,41.7749057847,-87.6022987901,POINT (-87.602298790061 41.77490578475)
0b9f96087dd2758f5210eea93e1669984bbb3189583e58061730541a190d89e5fb021e9be33474457eb3122fa8dd643753e7ac5fe9a873f5d7aa5c4a49bc90e7,,02/16/2024 05:48:00 PM,30,UNKNOWN,UNKNOWN,UNKNOWN,UNKNOWN,SIDESWIPE SAME DIRECTION,NOT DIVIDED,,STRAIGHT AND LEVEL,UNKNOWN,UNKNOWN,NOT ON SCENE (DESK REPORT),NO INJURY / DRIVE AWAY,,,N,"OVER $1,500",02/16/2024 06:19:00 PM,UNABLE TO DETERMINE,NOT APPLICABLE,2799,N,CLYBOURN AVE,1931.0,,,,,,,2,NO INDICATION OF INJURY,0.0,0.0,0.0,0.0,0.0,2.0,0.0,17,6,2,41.9322451125,-87.6778926228,POINT (-87.67789262275 41.932245112462)
b03b988229af984f37a69a03726458632241b90b98ec485df51da8bcff5bef8c01857e6dc645167e2ab23552f1251c3ce4a421cba00992bc969ff3aac4c882de,,05/02/2025 01:50:00 PM,30,TRAFFIC SIGNAL,FUNCTIONING PROPERLY,CLEAR,DAYLIGHT,TURNING,FOUR WAY,,STRAIGHT AND LEVEL,DRY,NO DEFECTS,NOT ON SCENE (DESK REPORT),NO INJURY / DRIVE AWAY,Y,,,"OVER $1,500",05/02/2025 04:15:00 PM,IMPROPER TURNING/NO SIGNAL,NOT APPLICABLE,6370,N,RIDGE AVE,2413.0,,,,,,,2,NO INDICATION OF INJURY,0.0,0.0,0.0,0.0,0.0,2.0,0.0,13,6,5,41.9975146554,-87.6767878069,POINT (-87.676787806899 41.997514655384)
7cc6bfd5dd425bfbca4459203878419fa211c4abae479a22d72c673d7539ff6f6723de26c6bd41957f73289cac5d29c31725d2ec7801098c357b9efb539f0691,,01/20/2022 08:30:00 PM,30,NO CONTROLS,NO CONTROLS,CLEAR,DARKNESS,SIDESWIPE SAME DIRECTION,NOT DIVIDED,,STRAIGHT AND LEVEL,DRY,NO DEFECTS,NOT ON SCENE (DESK REPORT),NO INJURY / DRIVE AWAY,,,,"$501 - $1,500",01/21/2022 02:15:00 PM,IMPROPER OVERTAKING/PASSING,NOT APPLICABLE,3743,N,NARRAGANSETT AVE,1633.0,,,,,,,2,NO INDICATION OF INJURY,0.0,0.0,0.0,0.0,0.0,2.0,0.0,20,5,1,41.9487869837,-87.7862324816,POINT (-87.786232481628 41.948786983668)
357fb8c36f76f66370c642c08d00cd9f74c29ccdb3e4b03459c750181b11e235572598edee7a9141f54fa118d86a1a2167c02901684cb563db7b0c473f9c2bb1,,09/03/2017 01:15:00 PM,5,NO CONTROLS,NO CONTROLS,CLEAR,DAYLIGHT,ANGLE,PARKING LOT,1,STRAIGHT AND LEVEL,DRY,NO DEFECTS,NOT ON SCENE (DESK REPORT),NO INJURY / DRIVE AWAY,,,Y,$500 OR LESS,09/03/2017 08:50:00 PM,UNABLE TO DETERMINE,UNABLE TO DETERMINE,7601,S,CICERO AVE,833.0,,,,,,,2,NO INDICATION OF INJURY,0.0,0.0,0.0,0.0,0.0,5.0,0.0,13,1,9,41.7546601244,-87.7413847586,POINT (-87.741384758605 41.754660124394)
63c8e668413876bd6ff024a3784aa872ae02d36546344b972bb33cc5c82a5e7694154dd93815fbf0579f01b9457dfcc99bb366c94f87ff2f2f8ceaed23258ff6,,08/07/2025 10:05:00 AM,30,NO CONTROLS,NO CONTROLS,CLEAR,DAYLIGHT,TURNING,NOT DIVIDED,,STRAIGHT AND LEVEL,DRY,NO DEFECTS,NOT ON SCENE (DESK REPORT),NO INJURY / DRIVE AWAY,,,,"OVER $1,500",08/07/2025 11:25:00 AM,UNABLE TO DETERMINE,NOT APPLICABLE,3200,W,WASHINGTON BLVD,1123.0,,,,,,,2,NO INDICATION OF INJURY,0.0,0.0,0.0,0.0,0.0,2.0,0.0,10,5,8,41.8829022397,-87.7063028812,POINT (-87.706302881219 41.882902239693)
8d00c74b38403be6015d1e4a5e8c7f9d23e845136c2fe96e33df8e863c83767b87b523cf9ab3c29d2b8b66b2c3a38cfda128581919017bf9852a29019684f93f,,05/12/2024 03:08:00 AM,25,STOP SIGN/FLASHER,OTHER,CLEAR,"DARKNESS, LIGHTED ROAD",SIDESWIPE OPPOSITE DIRECTION,FOUR WAY,,STRAIGHT AND LEVEL,DRY,NO DEFECTS,ON SCENE,INJURY AND / OR TOW DUE TO CRASH,,,,"OVER $1,500",05/12/2024 03:08:00 AM,FAILING TO REDUCE SPEED TO AVOID CRASH,NOT APPLICABLE,5199,W,AUGUSTA BLVD,1531.0,,,,,,,2,NO INDICATION OF INJURY,0.0,0.0,0.0,0.0,0.0,3.0,0.0,3,1,5,41.8984727559,-87.7556293384,POINT (-87.755629338417 41.898472755909)
740caf79016d578cdf0101533d38b9d82c3b626509944b1593dd021fa33bcca8324153f1f4fc56647906a021824eac1a7cce3d1f34c7a93e4f154ec681f0111e,,04/23/2025 08:10:00 AM,30,TRAFFIC SIGNAL,FUNCTIONING PROPERLY,RAIN,DUSK,SIDESWIPE SAME DIRECTION,ONE-WAY,,STRAIGHT AND LEVEL,WET,NO DEFECTS,NOT ON SCENE (DESK REPORT),NO INJURY / DRIVE AWAY,,,,"OVER $1,500",04/23/2025 08:30:00 AM,UNABLE TO DETERMINE,UNABLE TO DETERMINE,8659,S,STATE ST,632.0,,,,,,,2,NO INDICATION OF INJURY,0.0,0.0,0.0,0.0,0.0,2.0,0.0,8,4,4,41.7363580134,-87.6240150581,POINT (-87.624015058087 41.736358013424)
128ef98ee001c09d74c1f789439dbe0b2d1ca14852f17e93ddcefd145d1d72d046f132f0b12f567739ea0a7956151fe2cd025d9b2e50ec7314760e6db17f0d91,,07/02/2018 10:06:00 PM,30,TRAFFIC SIGNAL,FUNCTIONING PROPERLY,CLEAR,"DARKNESS, LIGHTED ROAD",ANGLE,DIVIDED - W/MEDIAN BARRIER,4,STRAIGHT AND LEVEL,DRY,NO DEFECTS,ON SCENE,INJURY AND / OR TOW DUE TO CRASH,Y,,,"OVER $1,500",07/02/2018 10:06:00 PM,DISREGARDING TRAFFIC SIGNALS,UNDER THE INFLUENCE OF ALCOHOL/DRUGS (USE WHEN ARREST IS EFFECTED),9901,S,HALSTED ST,2232.0,,Y,,,,,2,INCAPACITATING INJURY,2.0,0.0,1.0,1.0,0.0,0.0,0.0,22,2,7,41.7141256493,-87.6428525474,POINT (-87.642852547443 41.714125649277)
61829646badd4fbd8c6812a23b69801a4aa5b2ce81ddf57fa2fdf3f93cff606e95325e7f9e45d6ddf5e75ddf4f8e978619cf81ac8506dfdc18ce1508705dd94c,,12/31/2022 01:31:00 PM,30,TRAFFIC SIGNAL,UNKNOWN,CLEAR,DAYLIGHT,TURNING,ONE-WAY,,STRAIGHT AND LEVEL,DRY,NO DEFECTS,NOT ON SCENE (DESK REPORT),NO INJURY / DRIVE AWAY,Y,,,"OVER $1,500",12/31/2022 02:20:00 PM,IMPROPER TURNING/NO SIGNAL,NOT APPLICABLE,600,S,JEFFERSON ST,124.0,,,,,,,2,NO INDICATION OF INJURY,0.0,0.0,0.0,0.0,0.0,2.0,0.0,13,7,12,41.8743278118,-87.6425691755,POINT (-87.642569175521 41.874327811839)
e265ff40d2749b44884cba992bdef6d53c6dfe886cef43fac71da39684f01843908b0a5f4a0b7faec797b85def612ba635d6e87364ed2e3bfed480f4d64ad685,,05/11/2021 06:30:00 PM,25,NO CONTROLS,NO CONTROLS,CLEAR,DAYLIGHT,SIDESWIPE SAME DIRECTION,NOT DIVIDED,,STRAIGHT AND LEVEL,DRY,NO DEFECTS,ON SCENE,NO INJURY / DRIVE AWAY,,,,$500 OR LESS,05/11/2021 06:42:00 PM,FAILING TO YIELD RIGHT-OF-WAY,UNABLE TO DETERMINE,2219,W,24TH ST,1034.0,,,,,,,2,NO INDICATION OF INJURY,0.0,0.0,0.0,0.0,0.0,2.0,0.0,18,3,5,41.8483519524,-87.6814519021,POINT (-87.681451902123 41.848351952412)
3f10ddcad9e718b07313bbad71864f2b36f3178a3f522f30973a4f38040e5855b39e0e83931f450d634a8ddbf8236345298b193d5cfb40912f6ee26ef04d03ef,,12/11/2019 08:00:00 AM,30,STOP SIGN/FLASHER,NO CONTROLS,SNOW,DAYLIGHT,ANGLE,T-INTERSECTION,,STRAIGHT AND LEVEL,SNOW OR SLUSH,NO DEFECTS,ON SCENE,INJURY AND / OR TOW DUE TO CRASH,,,,"OVER $1,500",12/11/2019 08:20:00 AM,UNABLE TO DETERMINE,NOT APPLICABLE,5900,S,MAPLEWOOD AVE,824.0,,,,,,,2,NO INDICATION OF INJURY,0.0,0.0,0.0,0.0,0.0,3.0,0.0,8,4,12,41.7864098361,-87.6876412111,POINT (-87.687641211092 41.786409836124)
b0b4d80197a7c10ca5db0be63946b13cbf83f33972ac44ed03d16f46203c04bef63b6b386324074d9104b1cb96c642991f96d54aaa5e18dae8f1deb5d03d13ac,,11/22/2022 12:00:00 AM,35,UNKNOWN,UNKNOWN,CLEAR,UNKNOWN,PARKED MOTOR VEHICLE,NOT DIVIDED,,STRAIGHT AND LEVEL,DRY,NO DEFECTS,ON SCENE,NO INJURY / DRIVE AWAY,,,Y,"OVER $1,500",11/22/2022 08:17:00 AM,IMPROPER LANE USAGE,NOT APPLICABLE,8407,S,STATE ST,632.0,,,,,,,2,NO INDICATION OF INJURY,0.0,0.0,0.0,0.0,0.0,1.0,0.0,0,3,11,41.7415707934,-87.6241313686,POINT (-87.624131368643 41.741570793397)
5fadb76c84f42ed9ddcc84199498dfe7fe953d7ffb059e8301fba01c16b10b80983593c76f0c9a64122ee1a9498740ec3a0a8465799c2471ef7a9c1bb483c8b2,,12/21/2015 06:20:00 PM,30,NO CONTROLS,NO CONTROLS,CLEAR,"DARKNESS, LIGHTED ROAD",SIDESWIPE SAME DIRECTION,DIVIDED - W/MEDIAN (NOT RAISED),4,STRAIGHT AND LEVEL,DRY,NO DEFECTS,NOT ON SCENE (DESK REPORT),INJURY AND / OR TOW DUE TO CRASH,,,,"OVER $1,500",12/21/2015 07:45:00 PM,IMPROPER OVERTAKING/PASSING,IMPROPER LANE USAGE,2647,N,WESTERN AVE,1432.0,,,,,,,2,NO INDICATION OF INJURY,0.0,0.0,0.0,0.0,0.0,3.0,0.0,18,2,12,41.9301910754,-87.687687408,POINT (-87.687687408034 41.930191075358)
2a451e20a3490a7ad0e47ed3f21e002d98a62224be4e8f513a011a72d2dfd700a2708589aa15b90b5c79aa7767604b6541df78ada136bf33b88a09d7fc695bef,,06/01/2019 05:10:00 PM,35,NO CONTROLS,NO CONTROLS,RAIN,DAYLIGHT,SIDESWIPE SAME DIRECTION,NOT DIVIDED,,STRAIGHT AND LEVEL,WET,NO DEFECTS,ON SCENE,NO INJURY / DRIVE AWAY,,,,"OVER $1,500",06/01/2019 05:15:00 PM,FAILING TO YIELD RIGHT-OF-WAY,UNABLE TO DETERMINE,3100,S,KEDZIE AVE,1032.0,,Y,,,,,2,NO INDICATION OF INJURY,0.0,0.0,0.0,0.0,0.0,7.0,0.0,17,7,6,41.8371326714,-87.7049671148,POINT (-87.704967114787 41.837132671422)
32511bdb8d93a1d0ea28232bb9520561d24775ea4046a076993da8844ada01e771245d0bbdf5a394932134f1ac0a0aec86737f03088fbb2cc3b0dda53ab680b3,,05/09/2019 06:10:00 AM,20,NO CONTROLS,NO CONTROLS,UNKNOWN,UNKNOWN,PARKED MOTOR VEHICLE,ONE-WAY,,STRAIGHT AND LEVEL,UNKNOWN,UNKNOWN,ON SCENE,INJURY AND / OR TOW DUE TO CRASH,,,Y,"OVER $1,500",05/15/2019 01:35:00 PM,UNABLE TO DETERMINE,NOT APPLICABLE,3009,N,OSCEOLA AVE,2511.0,,,,,,,2,NO INDICATION OF INJURY,0.0,0.0,0.0,0.0,0.0,1.0,0.0,6,5,5,41.9347111154,-87.812593314,POINT (-87.812593313959 41.934711115418)
5fb8b799e05733435a914e7d30de8a05d5bbeeac9d152ff538f63525ad4402c488d091315f07902622cc9eba48abbe2f4e0277f35b811e86287f245dcc89034f,,08/08/2020 12:21:00 AM,30,NO CONTROLS,NO CONTROLS,CLEAR,"DARKNESS, LIGHTED ROAD",SIDESWIPE OPPOSITE DIRECTION,NOT DIVIDED,,STRAIGHT AND LEVEL,DRY,NO DEFECTS,ON SCENE,INJURY AND / OR TOW DUE TO CRASH,,,Y,"OVER $1,500",08/08/2020 12:21:00 AM,UNABLE TO DETERMINE,NOT APPLICABLE,2329,N,LARAMIE AVE,2522.0,,,,,,,2,NO INDICATION OF INJURY,0.0,0.0,0.0,0.0,0.0,3.0,0.0,0,7,8,41.9231507908,-87.7559619617,POINT (-87.755961961702 41.923150790794)
d6da7e71241ac58482faa9566addba0b0d1797d0c1fe27a8df929b25953772bde9bc358892734d90539132f0a658d9ffc9f2185909ead946469bbec25ce97a0f,,12/19/2022 09:10:00 AM,20,STOP SIGN/FLASHER,FUNCTIONING PROPERLY,CLEAR,DAYLIGHT,TURNING,NOT DIVIDED,,STRAIGHT AND LEVEL,DRY,NO DEFECTS,NOT ON SCENE (DESK REPORT),NO INJURY / DRIVE AWAY,,,,"OVER $1,500",12/19/2022 09:30:00 AM,UNABLE TO DETERMINE,UNABLE TO DETERMINE,6000,W,ALTGELD ST,2512.0,,,,,,,2,NO INDICATION OF INJURY,0.0,0.0,0.0,0.0,0.0,2.0,0.0,9,2,12,41.9257636356,-87.7758417649,POINT (-87.775841764854 41.925763635626)
7c90a3655f8f27af401cf351cbf491eaaa21316d21c750bce7004291e46289f82e26f0886ee501eb46e6ae5b4be22fe8b1c84e3415d3f0cb2c07462ab9c74ac1,,04/25/2017 03:30:00 PM,30,TRAFFIC SIGNAL,FUNCTIONING PROPERLY,CLEAR,DAYLIGHT,REAR END,NOT DIVIDED,4,STRAIGHT AND LEVEL,DRY,NO DEFECTS,NOT ON SCENE (DESK REPORT),INJURY AND / OR TOW DUE TO CRASH,Y,,,"$501 - $1,500",05/01/2017 09:18:00 PM,UNABLE TO DETERMINE,NOT APPLICABLE,6601,W,ARCHER AVE,811.0,,,,,,,2,"REPORTED, NOT EVIDENT",1.0,0.0,0.0,0.0,1.0,2.0,0.0,15,3,4,41.7921389422,-87.7867484759,POINT (-87.786748475874 41.7921389422)
81db237f7e73ba3fd583a60d7c5b02a22dc7fd0bf5fbf3afc5abc37aa98abd20d6030d892a95028c6d78de055e811b2749c37d4806be8e8aa4aefbb78b5a1aac,,04/28/2023 03:50:00 PM,30,NO CONTROLS,NO CONTROLS,CLEAR,DAYLIGHT,PARKED MOTOR VEHICLE,OTHER,,STRAIGHT AND LEVEL,DRY,NO DEFECTS,ON SCENE,NO INJURY / DRIVE AWAY,,,,"$501 - $1,500",04/28/2023 03:53:00 PM,DRIVING SKILLS/KNOWLEDGE/EXPERIENCE,DRIVING SKILLS/KNOWLEDGE/EXPERIENCE,6802,S,HALSTED ST,723.0,,Y,,,,,2,NO INDICATION OF INJURY,0.0,0.0,0.0,0.0,0.0,1.0,0.0,15,6,4,41.7705056611,-87.6446963871,POINT (-87.644696387121 41.770505661104)
a29a15fcd9fc93e7201f342e3252a5346bc3ce97b35990fd483162be565a73a3f1ee010d3643706ead4d8e01c0b54d40efadb343b33f52f7f4095842e7f86282,,01/24/2025 07:45:00 AM,30,NO CONTROLS,NO CONTROLS,CLEAR,DAYLIGHT,REAR END,NOT DIVIDED,,STRAIGHT AND LEVEL,DRY,NO DEFECTS,ON SCENE,NO INJURY / DRIVE AWAY,,,,"OVER $1,500",01/27/2025 12:10:00 PM,FOLLOWING TOO CLOSELY,FAILING TO REDUCE SPEED TO AVOID CRASH,2852,W,63RD ST,823.0,,,,,,,2,NO INDICATION OF INJURY,0.0,0.0,0.0,0.0,0.0,4.0,0.0,7,6,1,41.7791940664,-87.6955178414,POINT (-87.69551784136 41.779194066419)
9f1f485f1bc5a853b831f95568e028d955601429aa6626adb2ec3016f8de4b97e9aa2d7a5492bb71164b72507659748bdf353a880b9bfecad04c2400170a5c2a,,01/12/2019 02:55:00 PM,30,NO CONTROLS,NO CONTROLS,SNOW,DAYLIGHT,PARKED MOTOR VEHICLE,ONE-WAY,1,STRAIGHT AND LEVEL,SNOW OR SLUSH,NO DEFECTS,ON SCENE,NO INJURY / DRIVE AWAY,,,,"$501 - $1,500",01/12/2019 02:57:00 PM,WEATHER,NOT APPLICABLE,595,W,HAWTHORNE PL,1925.0,,,,,,,2,NO INDICATION OF INJURY,0.0,0.0,0.0,0.0,0.0,1.0,0.0,14,7,1,41.9440839406,-87.6449588869,POINT (-87.644958886942 41.944083940642)
e3860bb447547cf1b6885e737e29d901a686be368814a2df9428c27bb133ab22b0ac5a4635a4226e620d8cc52e5839a91c3261a55455117a0d69becdc517d88a,,11/17/2017 08:15:00 AM,30,TRAFFIC SIGNAL,FUNCTIONING PROPERLY,CLEAR,DAYLIGHT,SIDESWIPE SAME DIRECTION,NOT DIVIDED,,STRAIGHT AND LEVEL,DRY,NO DEFECTS,NOT ON SCENE (DESK REPORT),NO INJURY / DRIVE AWAY,,,,"$501 - $1,500",11/17/2017 09:35:00 AM,DISTRACTION - FROM OUTSIDE VEHICLE,FAILING TO REDUCE SPEED TO AVOID CRASH,747,E,79TH ST,624.0,,,,,,,2,NO INDICATION OF INJURY,0.0,0.0,0.0,0.0,0.0,3.0,0.0,8,6,11,41.7511636783,-87.6057811692,POINT (-87.605781169202 41.751163678349)
971256bd5d623ce3d71c4485e8627f41db49fea37416b3e60188db04ef5145630af52858516248c90b68aa3bb51164b127102268f5b2b6273074179b72b3bb6b,,09/02/2021 08:17:00 PM,30,TRAFFIC SIGNAL,FUNCTIONING PROPERLY,CLEAR,"DARKNESS, LIGHTED ROAD",TURNING,DIVIDED - W/MEDIAN (NOT RAISED),,STRAIGHT AND LEVEL,DRY,NO DEFECTS,ON SCENE,INJURY AND / OR TOW DUE TO CRASH,,,,"OVER $1,500",09/02/2021 08:24:00 PM,FAILING TO YIELD RIGHT-OF-WAY,FAILING TO YIELD RIGHT-OF-WAY,3930,N,PULASKI RD,1732.0,,,,,,,2,NONINCAPACITATING INJURY,2.0,0.0,0.0,2.0,0.0,1.0,0.0,20,5,9,41.9527655539,-87.7277366939,POINT (-87.727736693855 41.952765553864)
d37743f1f83a5c60171feb457a02b4a7658485c21ab68bf2f988442377c19e84b2dee0a3c130aa7ab81235fa8092d1db72d01a05777bcd04b13941696e8c41e4,,03/15/2017 05:20:00 PM,30,TRAFFIC SIGNAL,FUNCTIONING PROPERLY,CLEAR,DAYLIGHT,TURNING,NOT DIVIDED,2,STRAIGHT AND LEVEL,DRY,UNKNOWN,ON SCENE,INJURY AND / OR TOW DUE TO CRASH,Y,,,"OVER $1,500",03/15/2017 05:30:00 PM,FAILING TO YIELD RIGHT-OF-WAY,IMPROPER TURNING/NO SIGNAL,4000,W,CERMAK RD,1012.0,,,,,,,2,NO INDICATION OF INJURY,0.0,0.0,0.0,0.0,0.0,2.0,0.0,17,4,3,41.8516543687,-87.7248829753,POINT (-87.724882975308 41.851654368676)
ae5084708621c3bc7f8a89c6a92fc90daf1723792192632fd7546cd0fafc620273f791ff36c8057f582ea815a48020676c1fb426f3564052a2c123e07fed8bbd,,04/22/2019 01:49:00 PM,15,NO CONTROLS,NO CONTROLS,CLEAR,DAYLIGHT,PARKED MOTOR VEHICLE,PARKING LOT,,STRAIGHT AND LEVEL,DRY,NO DEFECTS,ON SCENE,NO INJURY / DRIVE AWAY,,Y,,"$501 - $1,500",04/22/2019 02:38:00 PM,IMPROPER BACKING,UNABLE TO DETERMINE,2525,S,BLUE ISLAND AVE,1034.0,,,,,,,2,NO INDICATION OF INJURY,0.0,0.0,0.0,0.0,0.0,1.0,0.0,13,2,4,41.8463568161,-87.681117595,POINT (-87.681117595026 41.846356816117)
57bfbaa6363d1a2a7b96259cc01c9f3ceb62464f8a2484c1f1ab2b3e54c4ddbc4a820e626927c52183ffaff37723be4d7174a95de80987de7dc087617de2ae8f,,06/03/2025 01:53:00 AM,40,TRAFFIC SIGNAL,FUNCTIONING PROPERLY,CLEAR,"DARKNESS, LIGHTED ROAD",TURNING,DIVIDED - W/MEDIAN (NOT RAISED),,STRAIGHT AND LEVEL,DRY,NO DEFECTS,ON SCENE,INJURY AND / OR TOW DUE TO CRASH,Y,,,"OVER $1,500",06/03/2025 01:53:00 AM,DISREGARDING TRAFFIC SIGNALS,FAILING TO REDUCE SPEED TO AVOID CRASH,800,N,LAKE SHORE DR SB,1833.0,,,,,,,3,NONINCAPACITATING INJURY,1.0,0.0,0.0,1.0,0.0,2.0,0.0,1,3,6,41.8968049724,-87.6170274232,POINT (-87.617027423234 41.896804972416)
b99da02a608fcafe1ae6a82e2dcb229e8400f02c540e106d052c367ac289b911d4f9df539ab4a2623ccf774a0547d26589ae249f0e2660daafd19b4a2d254490,,07/10/2021 09:45:00 AM,30,NO CONTROLS,NO CONTROLS,CLEAR,DAYLIGHT,PEDALCYCLIST,NOT DIVIDED,,STRAIGHT AND LEVEL,DRY,NO DEFECTS,ON SCENE,INJURY AND / OR TOW DUE TO CRASH,,,,$500 OR LESS,07/10/2021 09:50:00 AM,DRIVING SKILLS/KNOWLEDGE/EXPERIENCE,NOT APPLICABLE,3320,W,LAWRENCE AVE,1713.0,N,,N,,,,2,"REPORTED, NOT EVIDENT",2.0,0.0,0.0,0.0,2.0,0.0,0.0,9,7,7,41.9685299044,-87.7118338058,POINT (-87.711833805824 41.968529904353)
c74ec6b79f971c389579ca8502609e25dd4de52f7e940482acfa9be7ec5fddbf09cbd8a2d78b914338f118cc57ca49df5f2b19c88614d83f23007881dd7e2d21,Y,05/02/2021 02:30:00 PM,30,NO CONTROLS,NO CONTROLS,CLEAR,DAYLIGHT,PARKED MOTOR VEHICLE,ONE-WAY,,STRAIGHT AND LEVEL,DRY,NO DEFECTS,NOT ON SCENE (DESK REPORT),NO INJURY / DRIVE AWAY,,,Y,"$501 - $1,500",05/02/2021 08:00:00 PM,UNABLE TO DETERMINE,UNABLE TO DETERMINE,4425,N,HARDING AVE,1723.0,,,,,,,2,NO INDICATION OF INJURY,0.0,0.0,0.0,0.0,0.0,1.0,0.0,14,1,5,41.9616889087,-87.726477269,POINT (-87.726477268953 41.961688908677)
107899759e18a5e9d222b9f30ece5af5973aa2b1575b6ef52ff6adf050acfe5122a2a516e842fc73a0e3ece85652ee9eec39e8cfa54332447e19db8d9fddc1e6,Y,10/18/2024 05:45:00 PM,30,NO CONTROLS,NO CONTROLS,CLEAR,"DARKNESS, LIGHTED ROAD",PARKED MOTOR VEHICLE,NOT DIVIDED,,STRAIGHT AND LEVEL,DRY,NO DEFECTS,NOT ON SCENE (DESK REPORT),NO INJURY / DRIVE AWAY,,,Y,"OVER $1,500",10/21/2024 09:15:00 AM,UNABLE TO DETERMINE,NOT APPLICABLE,106,W,CERMAK RD,131.0,,,,,,,2,NO INDICATION OF INJURY,0.0,0.0,0.0,0.0,0.0,1.0,0.0,17,6,10,41.8529885481,-87.6297071384,POINT (-87.62970713837 41.852988548133)
da5bc474e3b842e4d246e152af2899e57f420d3896b848dae10f1dd3e85271b0821101d45ea93681a2b18b924b0fb0b90852a3436905c4e5c67edcb6f13157c5,,11/17/2025 08:00:00 AM,30,STOP SIGN/FLASHER,FUNCTIONING PROPERLY,CLEAR,DAYLIGHT,PEDESTRIAN,UNKNOWN INTERSECTION TYPE,,STRAIGHT AND LEVEL,DRY,NO DEFECTS,ON SCENE,INJURY AND / OR TOW DUE TO CRASH,,,Y,$500 OR LESS,11/17/2025 12:00:00 PM,FAILING TO YIELD RIGHT-OF-WAY,IMPROPER TURNING/NO SIGNAL,5825,S,HAMLIN AVE,822.0,,,,,,,2,"REPORTED, NOT EVIDENT",1.0,0.0,0.0,0.0,1.0,1.0,0.0,8,2,11,41.7869693143,-87.7179371897,POINT (-87.717937189722 41.786969314299)
f13519153e852d6d61a6d761fe1fa03abdf8570dcb8248d277b82931113dce024d790724d733b392d0bfc53f73ac7f8865c7981e7bafa2da629b160273945d9d,,08/18/2025 08:00:00 AM,30,UNKNOWN,NO CONTROLS,CLEAR,DAYLIGHT,SIDESWIPE SAME DIRECTION,ONE-WAY,,STRAIGHT AND LEVEL,DRY,NO DEFECTS,NOT ON SCENE (DESK REPORT),NO INJURY / DRIVE AWAY,,,,$500 OR LESS,08/18/2025 09:00:00 AM,UNABLE TO DETERMINE,UNABLE TO DETERMINE,1920,W,57TH ST,715.0,,,,,,,2,NO INDICATION OF INJURY,0.0,0.0,0.0,0.0,0.0,5.0,0.0,8,2,8,41.7904012779,-87.6727432461,POINT (-87.672743246142 41.790401277935)