CRASH_RECORD_ID,CRASH_DATE_EST_I,CRASH_DATE,POSTED_SPEED_LIMIT,TRAFFIC_CONTROL_DEVICE,DEVICE_CONDITION,WEATHER_CONDITION,LIGHTING_CONDITION,FIRST_CRASH_TYPE,TRAFFICWAY_TYPE,LANE_CNT,ALIGNMENT,ROADWAY_SURFACE_COND,ROAD_DEFECT,REPORT_TYPE,CRASH_TYPE,INTERSECTION_RELATED_I,NOT_RIGHT_OF_WAY_I,HIT_AND_RUN_I,DAMAGE,DATE_POLICE_NOTIFIED,PRIM_CONTRIBUTORY_CAUSE,SEC_CONTRIBUTORY_CAUSE,STREET_NO,STREET_DIRECTION,STREET_NAME,BEAT_OF_OCCURRENCE,PHOTOS_TAKEN_I,STATEMENTS_TAKEN_I,DOORING_I,WORK_ZONE_I,WORK_ZONE_TYPE,WORKERS_PRESENT_I,NUM_UNITS,MOST_SEVERE_INJURY,INJURIES_TOTAL,INJURIES_FATAL,INJURIES_INCAPACITATING,INJURIES_NON_INCAPACITATING,INJURIES_REPORTED_NOT_EVIDENT,INJURIES_NO_INDICATION,INJURIES_UNKNOWN,CRASH_HOUR,CRASH_DAY_OF_WEEK,CRASH_MONTH,LATITUDE,LONGITUDE,LOCATION
4e028c5ce786cc5c67281164a923767c21cb62150e45c8d458c1365b2281ef46b3dda2a17f743fbc5625744a84b4fe572a095142013c3d1f0fe7562ca6d3f3c1,,01/07/2024 03:21:00 AM,15,UNKNOWN,UNKNOWN,UNKNOWN,"DARKNESS, LIGHTED ROAD",FIXED OBJECT,ALLEY,,STRAIGHT AND LEVEL,UNKNOWN,UNKNOWN,ON SCENE,INJURY AND / OR TOW DUE TO CRASH,,Y,,"$501 - $1,500",01/07/2024 03:33:00 AM,UNABLE TO DETERMINE,UNABLE TO DETERMINE,2606,W,EVERGREEN AVE,1423.0,,,,,,,1,NO INDICATION OF INJURY,0.0,0.0,0.0,0.0,0.0,1.0,0.0,3,1,1,41.905817871,-87.6923764517,POINT (-87.692376451716 41.905817871034)
64b7ca3198ea4a82db0ca26bb59c19b4e8b01d55bbd5285e6198c44060f5eb8b6777bb230920909a2a122e186d0157166205d714f356a996303be513c55cd66a,,09/07/2020 05:52:00 PM,30,STOP SIGN/FLASHER,FUNCTIONING PROPERLY,CLEAR,DAYLIGHT,ANGLE,FOUR WAY,,STRAIGHT AND LEVEL,DRY,NO DEFECTS,ON SCENE,INJURY AND / OR TOW DUE TO CRASH,Y,,,"OVER $1,500",09/07/2020 05:52:00 PM,DISREGARDING STOP SIGN,FAILING TO YIELD RIGHT-OF-WAY,1003,W,62ND ST,712.0,,,,,,,2,"REPORTED, NOT EVIDENT",2.0,0.0,0.0,0.0,2.0,1.0,0.0,17,2,9,41.7813757572,-87.6498340181,POINT (-87.64983401815 41.781375757216)
85e410a5f2d652776bd44d831a20a634cf0ad7c0f2009ea0c39860ccc7da0135d821a4661300777d0fd76f869aaf51a1182fd1f0efbfbc9bac1eb1887968c1d7,,08/15/2022 05:55:00 PM,30,NO CONTROLS,NO CONTROLS,CLEAR,DAYLIGHT,TURNING,NOT DIVIDED,,STRAIGHT AND LEVEL,DRY,UNKNOWN,ON SCENE,INJURY AND / OR TOW DUE TO CRASH,,,,"OVER $1,500",08/15/2022 06:00:00 PM,IMPROPER TURNING/NO SIGNAL,UNABLE TO DETERMINE,2941,S,HALSTED ST,914.0,,,,,,,2,INCAPACITATING INJURY,1.0,0.0,1.0,0.0,0.0,4.0,0.0,17,2,8,41.8404570034,-87.6461897735,POINT (-87.64618977348 41.840457003383)
6e50995c0b94d026aa4c30a58e8e4230ee18c08bec28a2e8e18657c435cb86272f316b85629c3e9d120fcb2c2c0a89f211430816b2838eaf0f2b5c472c1f58c7,,10/20/2017 08:35:00 AM,30,NO CONTROLS,NO CONTROLS,CLEAR,DAYLIGHT,SIDESWIPE SAME DIRECTION,DIVIDED - W/MEDIAN BARRIER,4,STRAIGHT AND LEVEL,DRY,NO DEFECTS,ON SCENE,INJURY AND / OR TOW DUE TO CRASH,,,Y,"OVER $1,500",10/20/2017 08:38:00 AM,"OPERATING VEHICLE IN ERRATIC, RECKLESS, CARELESS, NEGLIGENT OR AGGRESSIVE MANNER",FAILING TO REDUCE SPEED TO AVOID CRASH,615,S,WESTERN AVE,1225.0,,,,,,,3,NO INDICATION OF INJURY,0.0,0.0,0.0,0.0,0.0,2.0,0.0,8,6,10,41.8734172538,-87.6860785511,POINT (-87.686078551107 41.873417253849)
9af844b4f54f7101ca2835c95c906cd00eb5cdf0421a645c6af70d2aba3929d9f21afbb8c0a8d8f54f2fdfc71eec9e5d8a93a0383666df62842cc46172823df2,,03/05/2019 02:37:00 PM,30,TRAFFIC SIGNAL,FUNCTIONING PROPERLY,CLEAR,DAYLIGHT,SIDESWIPE SAME DIRECTION,ONE-WAY,,STRAIGHT AND LEVEL,DRY,NO DEFECTS,ON SCENE,NO INJURY / DRIVE AWAY,Y,,Y,"OVER $1,500",03/05/2019 03:00:00 PM,DRIVING SKILLS/KNOWLEDGE/EXPERIENCE,"EVASIVE ACTION DUE TO ANIMAL, OBJECT, NONMOTORIST",100,E,JACKSON DR,114.0,,,,,,,2,NO INDICATION OF INJURY,0.0,0.0,0.0,0.0,0.0,2.0,0.0,14,3,3,41.8783901238,-87.6242373113,POINT (-87.624237311282 41.878390123774)
bf0d5e364546f875a8cbb8ff6624eb8e29d67628fed36d484fcf3e4656762f02a7c3138ce95f925e85219221b4bed4512603efbff2d79d94700f6f0e1bd1c8f9,,04/21/2021 07:05:00 PM,30,NO CONTROLS,NO CONTROLS,CLEAR,DAYLIGHT,REAR END,NOT DIVIDED,,STRAIGHT AND LEVEL,DRY,NO DEFECTS,NOT ON SCENE (DESK REPORT),NO INJURY / DRIVE AWAY,,,,"$501 - $1,500",04/22/2021 11:25:00 PM,FOLLOWING TOO CLOSELY,DRIVING SKILLS/KNOWLEDGE/EXPERIENCE,1343,W,IRVING PARK RD,1923.0,,,,,,,2,NO INDICATION OF INJURY,0.0,0.0,0.0,0.0,0.0,4.0,0.0,19,4,4,41.9542487358,-87.6639401973,POINT (-87.663940197276 41.954248735782)
9f696cf0fbf163c5526ab2b7fc59cdd23208125dea3ab2a212dfb72a35b4b13b3db991f9263e79403019c07b1d1d0f970cab76f26abb413cf3ce805b67c67190,,06/13/2022 12:10:00 PM,20,STOP SIGN/FLASHER,FUNCTIONING PROPERLY,CLEAR,DAYLIGHT,TURNING,NOT DIVIDED,,STRAIGHT AND LEVEL,DRY,NO DEFECTS,ON SCENE,INJURY AND / OR TOW DUE TO CRASH,,,,"OVER $1,500",06/13/2022 12:13:00 PM,UNABLE TO DETERMINE,NOT APPLICABLE,6600,S,KEDZIE AVE,831.0,,,,,,,2,NO INDICATION OF INJURY,0.0,0.0,0.0,0.0,0.0,4.0,0.0,12,2,6,41.7734533884,-87.7031568346,POINT (-87.703156834596 41.77345338842)
cde0ffec39c48882ce2b9dd579b8e2589b5326db751a3e7b5bf0ba6c1ae58c720b7931ffdfaba6360a465aadd3d9bf1194f9b9359df20865955d7c4365f17131,,08/10/2021 04:32:00 PM,30,NO CONTROLS,NO CONTROLS,CLEAR,DAYLIGHT,TURNING,DIVIDED - W/MEDIAN (NOT RAISED),,STRAIGHT AND LEVEL,DRY,NO DEFECTS,NOT ON SCENE (DESK REPORT),NO INJURY / DRIVE AWAY,,,,"OVER $1,500",08/10/2021 05:30:00 PM,UNABLE TO DETERMINE,UNABLE TO DETERMINE,4409,W,FULLERTON AVE,2522.0,,,,,,,2,NO INDICATION OF INJURY,0.0,0.0,0.0,0.0,0.0,2.0,0.0,16,3,8,41.9242513597,-87.7369414608,POINT (-87.736941460787 41.924251359696)
410cf856ce985c6ab54580d827900247bf4ec22f0a80da17d94a3854faeb65abd22bbb26597c0551f82497435dc037ceb4715398fd7eda1a9e22344457d3da48,,07/10/2023 01:27:00 PM,30,NO CONTROLS,NO CONTROLS,CLEAR,DAYLIGHT,REAR END,DIVIDED - W/MEDIAN (NOT RAISED),,STRAIGHT AND LEVEL,DRY,NO DEFECTS,NOT ON SCENE (DESK REPORT),NO INJURY / DRIVE AWAY,,,,"OVER $1,500",07/10/2023 02:45:00 PM,UNABLE TO DETERMINE,UNABLE TO DETERMINE,300,N,CICERO AVE,1532.0,,,,,,,2,NO INDICATION OF INJURY,0.0,0.0,0.0,0.0,0.0,2.0,0.0,13,2,7,41.8857488699,-87.7456159771,POINT (-87.745615977086 41.885748869928)
a1dc8fcae6b7c3d15e26c676b5a5813d7de1a95f97eb310c2fefa1c54aa1c88eef32f3015dd219945231f48d8776e8c2d32ed0974b07de47fe26351da8e9a717,,08/30/2020 08:28:00 AM,30,TRAFFIC SIGNAL,FUNCTIONING PROPERLY,CLEAR,DAYLIGHT,REAR END,ONE-WAY,,STRAIGHT AND LEVEL,DRY,NO DEFECTS,ON SCENE,NO INJURY / DRIVE AWAY,,,Y,"OVER $1,500",08/30/2020 08:40:00 AM,UNABLE TO DETERMINE,UNABLE TO DETERMINE,3959,W,27TH ST,1031.0,,,,,,,2,NO INDICATION OF INJURY,0.0,0.0,0.0,0.0,0.0,2.0,0.0,8,1,8,41.8423005947,-87.7244363753,POINT (-87.724436375274 41.842300594656)
848501e6fde204427926ac80261e50eef6c33e319c7d9b586e6c8f2ea410672bcb03506537328a72cb3b81771b33365ed729332d476bd2c1f8f791ffa7e83b32,,12/28/2023 05:30:00 PM,25,NO CONTROLS,FUNCTIONING PROPERLY,RAIN,DARKNESS,ANGLE,FOUR WAY,,STRAIGHT AND LEVEL,WET,UNKNOWN,NOT ON SCENE (DESK REPORT),INJURY AND / OR TOW DUE TO CRASH,,,,"OVER $1,500",01/02/2024 02:17:00 PM,UNABLE TO DETERMINE,NOT APPLICABLE,7100,S,STATE ST,323.0,,,,,,,2,NO INDICATION OF INJURY,0.0,0.0,0.0,0.0,0.0,2.0,0.0,17,5,12,41.7653936078,-87.625050475,POINT (-87.625050475006 41.765393607783)
a0d33abc2fc3a5c4bb6e9d2eeafb8d9b819dec8e8764de89d1b73fe15e3093e695ce96215f7b7d3bad7ad87ecb2e9ed09f6d7b2f5ab1648db82210d1f435f3dd,,05/07/2021 01:05:00 PM,35,NO CONTROLS,NO CONTROLS,CLEAR,DAYLIGHT,PARKED MOTOR VEHICLE,OTHER,,STRAIGHT AND LEVEL,DRY,NO DEFECTS,ON SCENE,INJURY AND / OR TOW DUE TO CRASH,,,Y,"OVER $1,500",05/07/2021 01:05:00 PM,UNABLE TO DETERMINE,NOT APPLICABLE,6535,S,COTTAGE GROVE AVE,321.0,,,,,,,3,NO INDICATION OF INJURY,0.0,0.0,0.0,0.0,0.0,3.0,0.0,13,6,5,41.7757295765,-87.6056792656,POINT (-87.605679265645 41.775729576523)
acd744bd27eed86f8ccbf4095c541c97570f659a4144861b7b4aee859c3bc7304817a8c2827e0e6d5b4f6cb8d8a66c30fac63e14cbe7769cd8ab53c5368cbb3d,,10/26/2020 06:44:00 PM,35,NO CONTROLS,UNKNOWN,CLEAR,UNKNOWN,PARKED MOTOR VEHICLE,NOT DIVIDED,,STRAIGHT AND LEVEL,DRY,NO DEFECTS,NOT ON SCENE (DESK REPORT),NO INJURY / DRIVE AWAY,,,Y,"OVER $1,500",10/26/2020 07:45:00 PM,IMPROPER LANE USAGE,NOT APPLICABLE,5617,W,BELMONT AVE,2514.0,,,,,,,2,NO INDICATION OF INJURY,0.0,0.0,0.0,0.0,0.0,2.0,0.0,18,2,10,41.9384572072,-87.7671814667,POINT (-87.767181466694 41.938457207242)
4ed82dd70953bcc4667b32b9a8c6b52ca0464d64757d302baa8e2ca32160e5324bd032fc42fbbb7d5241ed63a0cc823ef5f5acd3f2deab0e96b2e98ec6ec5bd4,Y,12/07/2018 01:24:00 PM,30,NO CONTROLS,NO CONTROLS,CLEAR,DAYLIGHT,PARKED MOTOR VEHICLE,DIVIDED - W/MEDIAN (NOT RAISED),6,STRAIGHT AND LEVEL,DRY,NO DEFECTS,ON SCENE,NO INJURY / DRIVE AWAY,,,Y,"$501 - $1,500",12/07/2018 01:29:00 PM,NOT APPLICABLE,NOT APPLICABLE,11,W,95TH ST,511.0,,Y,,,,,2,NO INDICATION OF INJURY,0.0,0.0,0.0,0.0,0.0,2.0,0.0,13,6,12,41.7215196293,-87.624188885,POINT (-87.624188885029 41.721519629289)
5f6ba06c65f62bb9c1ed58f5883ecc71d23d4a574ea568bd7652f358887cce5d0f6d09746cad4b12b4ada27859a6ca2b000d55c11c14eccbcd43c4f598a187d7,,02/09/2024 01:30:00 PM,30,STOP SIGN/FLASHER,FUNCTIONING PROPERLY,CLEAR,DAYLIGHT,ANGLE,NOT DIVIDED,,STRAIGHT AND LEVEL,UNKNOWN,UNKNOWN,NOT ON SCENE (DESK REPORT),NO INJURY / DRIVE AWAY,,,,"OVER $1,500",02/09/2024 03:15:00 PM,FAILING TO YIELD RIGHT-OF-WAY,NOT APPLICABLE,8201,S,RACINE AVE,613.0,,,,,,,2,NO INDICATION OF INJURY,0.0,0.0,0.0,0.0,0.0,2.0,0.0,13,6,2,41.7449473458,-87.6534440444,POINT (-87.653444044439 41.744947345761)
aba56c703263018e6bc4d4d0a8d9666958e3636946332b6eb6f732304fd655fed7d6fbe6fb4104dcd9620b3c7e202ddfd3e19d7a271a57b985ea949f7eebe738,,08/22/2020 04:00:00 PM,30,NO CONTROLS,NO CONTROLS,CLEAR,DAWN,ANGLE,NOT DIVIDED,,STRAIGHT AND LEVEL,DRY,NO DEFECTS,ON SCENE,NO INJURY / DRIVE AWAY,,,,"OVER $1,500",08/22/2020 04:01:00 PM,DRIVING SKILLS/KNOWLEDGE/EXPERIENCE,NOT APPLICABLE,5000,S,WESTERN BLVD,923.0,,,,,,,2,NO INDICATION OF INJURY,0.0,0.0,0.0,0.0,0.0,2.0,0.0,16,7,8,41.8029113419,-87.6838495786,POINT (-87.683849578595 41.802911341924)
20beb7ceb4d0fe0201050b6435cb01c0d2619d312cf38d55c805ad4e264f82c9ca3ad982569babf6edf58e6cd3fc46cbde0110d6862f37da9cf577a93ab9fce6,,03/08/2020 03:30:00 AM,30,STOP SIGN/FLASHER,FUNCTIONING PROPERLY,CLEAR,DUSK,TURNING,NOT DIVIDED,,STRAIGHT AND LEVEL,DRY,NO DEFECTS,NOT ON SCENE (DESK REPORT),INJURY AND / OR TOW DUE TO CRASH,,,Y,"$501 - $1,500",03/13/2020 06:29:00 PM,NOT APPLICABLE,NOT APPLICABLE,8400,S,KOSTNER AVE,834.0,,,,,,,3,NO INDICATION OF INJURY,0.0,0.0,0.0,0.0,0.0,2.0,0.0,3,1,3,41.7400863522,-87.7314684983,POINT (-87.731468498347 41.740086352185)
11c40a1ce089847ddfffbf1cba3cb44106c0bb23e5402a346ee76d2785757d773ad71f0ace2375e7950e012cbe51a546fcb3b763bc8e10cde1a2298ef6148e0f,,05/19/2019 04:00:00 PM,30,UNKNOWN,UNKNOWN,CLEAR,DAYLIGHT,REAR END,UNKNOWN,,STRAIGHT AND LEVEL,UNKNOWN,UNKNOWN,NOT ON SCENE (DESK REPORT),NO INJURY / DRIVE AWAY,,,,"$501 - $1,500",05/19/2019 06:45:00 PM,UNABLE TO DETERMINE,UNABLE TO DETERMINE,173,N,BESSIE COLEMAN DR,1654.0,,,,,,,2,NO INDICATION OF INJURY,0.0,0.0,0.0,0.0,0.0,2.0,0.0,16,1,5,,,
6b4118eadf6581e8537708a24944dfb5e22247609a295ff6c7d1413a70ff51c5205b97986fa9d7b1745024b4b6fc1d41fddb8d5c49971b597e73cb329e3d5baf,,09/13/2016 12:00:00 PM,30,NO CONTROLS,NO CONTROLS,CLEAR,DAYLIGHT,REAR END,NOT DIVIDED,2,STRAIGHT AND LEVEL,DRY,NO DEFECTS,NOT ON SCENE (DESK REPORT),NO INJURY / DRIVE AWAY,,,,$500 OR LESS,09/13/2016 01:50:00 PM,FOLLOWING TOO CLOSELY,FOLLOWING TOO CLOSELY,3458,S,CALIFORNIA AVE,911.0,,,,,,,2,NO INDICATION OF INJURY,0.0,0.0,0.0,0.0,0.0,2.0,0.0,12,3,9,41.8301937988,-87.6949442805,POINT (-87.69494428049 41.830193798784)
78fc561d89055e7fed4bbe52c333787cf39bd282c9c6e3b9edacd46ac9dbf328992a682c3efb2421657f1140afb4fe36a47c6959a0e8e17063f207e5321fe3b3,,11/03/2025 09:00:00 AM,25,STOP SIGN/FLASHER,NO CONTROLS,CLEAR,DAYLIGHT,REAR END,NOT DIVIDED,,STRAIGHT AND LEVEL,DRY,NO DEFECTS,NOT ON SCENE (DESK REPORT),NO INJURY / DRIVE AWAY,,,N,"OVER $1,500",11/03/2025 09:45:00 AM,UNABLE TO DETERMINE,UNABLE TO DETERMINE,5600,S,LAKE PARK AVE,235.0,,,,,,,2,NO INDICATION OF INJURY,0.0,0.0,0.0,0.0,0.0,2.0,0.0,9,2,11,41.7932878899,-87.5881110506,POINT (-87.58811105065 41.793287889881)
e931ef441841f5cc151610ca05da6d4bc00b38d6d7be2061139f4f2ce39edb4a630099c2cf6af51560b9162ef2ec5c0bae1fe9c795699366f34d07821d0f4076,,08/05/2019 11:51:00 AM,30,NO CONTROLS,NO CONTROLS,CLEAR,DAYLIGHT,REAR TO FRONT,PARKING LOT,,STRAIGHT AND LEVEL,DRY,NO DEFECTS,ON SCENE,INJURY AND / OR TOW DUE TO CRASH,,,,"$501 - $1,500",08/05/2019 12:05:00 PM,IMPROPER BACKING,FAILING TO YIELD RIGHT-OF-WAY,1400,W,47TH ST,924.0,,,,,,,2,NONINCAPACITATING INJURY,1.0,0.0,0.0,1.0,0.0,2.0,0.0,11,2,8,41.8087777933,-87.6601687836,POINT (-87.66016878359 41.808777793301)
12333925ab024d6fc5a067b1c17c8c9b0b36c209cb6abe2b955a9eca33c43b0eb6c5e63dce0bd3e96c0d089c1333828b0f3eb236ca1eda54a26fd9c0c83812e0,Y,09/11/2022 05:00:00 AM,30,NO CONTROLS,NO CONTROLS,CLEAR,UNKNOWN,PARKED MOTOR VEHICLE,NOT DIVIDED,,STRAIGHT AND LEVEL,UNKNOWN,NO DEFECTS,ON SCENE,NO INJURY / DRIVE AWAY,,,Y,"OVER $1,500",09/11/2022 07:19:00 AM,UNABLE TO DETERMINE,UNABLE TO DETERMINE,5957,S,LOOMIS BLVD,713.0,,,,,,,2,NO INDICATION OF INJURY,0.0,0.0,0.0,0.0,0.0,1.0,0.0,5,1,9,41.7851480141,-87.6593527407,POINT (-87.659352740738 41.785148014106)
4322af7d8fa1062e4cba78ac9ae97753af31492456c502ede138cdc51d1e24813dde254679ee44597e80cc1e85e020bdc7656b55f452e559927d5e32c5025bdf,,05/25/2018 02:42:00 PM,35,STOP SIGN/FLASHER,OTHER,CLEAR,DAYLIGHT,FIXED OBJECT,NOT DIVIDED,,STRAIGHT AND LEVEL,WET,NO DEFECTS,ON SCENE,INJURY AND / OR TOW DUE TO CRASH,Y,,,"OVER $1,500",05/25/2018 02:42:00 PM,"OPERATING VEHICLE IN ERRATIC, RECKLESS, CARELESS, NEGLIGENT OR AGGRESSIVE MANNER",EXCEEDING AUTHORIZED SPEED LIMIT,4103,W,KINZIE ST,1114.0,,,,,,,1,NONINCAPACITATING INJURY,2.0,0.0,0.0,2.0,0.0,0.0,0.0,14,6,5,41.8876435389,-87.7285204021,POINT (-87.728520402057 41.88764353886)
95d2856b4d871f275da392a7e72f3de8526919468ef13b43661bafa063d730f42e53ef80f47fd2e7a8373f91e442cae93217718e4b565b9837d09c852b99810d,,07/25/2018 11:10:00 AM,35,TRAFFIC SIGNAL,FUNCTIONING PROPERLY,CLEAR,DAYLIGHT,TURNING,DIVIDED - W/MEDIAN (NOT RAISED),4,STRAIGHT AND LEVEL,DRY,NO DEFECTS,ON SCENE,INJURY AND / OR TOW DUE TO CRASH,,,,"OVER $1,500",07/25/2018 11:13:00 AM,TURNING RIGHT ON RED,NOT APPLICABLE,3000,W,HARRISON ST,1134.0,,,,,,,2,NONINCAPACITATING INJURY,1.0,0.0,0.0,1.0,0.0,2.0,0.0,11,4,7,41.8738559982,-87.701137345,POINT (-87.701137344971 41.873855998209)
197cc4767bd0fba7b4ebfe66cb95e0183793b3381c46518743be92f4a560fc4bff53fc6f0a0d4666307623235d97dfa4336870f5fff964555d922789a0e19d8a,Y,04/01/2025 11:50:00 AM,30,NO CONTROLS,NO CONTROLS,CLEAR,DAYLIGHT,REAR TO FRONT,DIVIDED - W/MEDIAN (NOT RAISED),,STRAIGHT AND LEVEL,DRY,UNKNOWN,ON SCENE,INJURY AND / OR TOW DUE TO CRASH,N,,,"$501 - $1,500",04/01/2025 11:53:00 AM,DISTRACTION - FROM INSIDE VEHICLE,NOT APPLICABLE,10400,S,TORRENCE AVE,434.0,,,,,,,2,NONINCAPACITATING INJURY,3.0,0.0,0.0,3.0,0.0,0.0,0.0,11,3,4,41.7063077218,-87.5597909176,POINT (-87.559790917563 41.706307721812)
5e610ca976b7438afeea6770fc31826a5404ec5518961ae1651bad45c69fb744dc98c56a1f372088a6cf47841d0f9012a7b1f5db0bc020c0d9c58b036ca12417,,03/14/2018 11:00:00 PM,30,NO CONTROLS,NO CONTROLS,CLEAR,DARKNESS,PARKED MOTOR VEHICLE,ONE-WAY,1,STRAIGHT AND LEVEL,DRY,NO DEFECTS,NOT ON SCENE (DESK REPORT),NO INJURY / DRIVE AWAY,,,,"$501 - $1,500",03/14/2018 11:30:00 PM,HAD BEEN DRINKING (USE WHEN ARREST IS NOT MADE),DRIVING SKILLS/KNOWLEDGE/EXPERIENCE,7944,S,MAY ST,612.0,,,,,,,2,NO INDICATION OF INJURY,0.0,0.0,0.0,0.0,0.0,1.0,0.0,23,4,3,41.7491783457,-87.6526397914,POINT (-87.652639791448 41.749178345658)
18af55a0dbe8e6aa32b6aeb7c96954b39fdf091c7746c7033d30b7cd3f5e4378eaa5aefc930923954d269d2e8886999a46b8fe7c6bb72ea9a8a98e15506e8342,,11/01/2017 01:50:00 PM,30,TRAFFIC SIGNAL,FUNCTIONING PROPERLY,CLEAR,DAYLIGHT,SIDESWIPE SAME DIRECTION,NOT DIVIDED,,STRAIGHT AND LEVEL,DRY,NO DEFECTS,NOT ON SCENE (DESK REPORT),NO INJURY / DRIVE AWAY,,,,"$501 - $1,500",11/01/2017 02:10:00 PM,UNABLE TO DETERMINE,NOT APPLICABLE,4967,N,MILWAUKEE AVE,1623.0,,,,,,,2,NO INDICATION OF INJURY,0.0,0.0,0.0,0.0,0.0,2.0,0.0,13,4,11,41.9712246408,-87.7635658076,POINT (-87.763565807602 41.971224640766)
0359b11d3963f3235f2b210a32754d81d2d9a2279e4986ddfb2fa2841e594273de3957f2b813e0d5f809740cee23f531584463f56c46a8857727935f851a3704,,07/13/2024 02:00:00 PM,35,TRAFFIC SIGNAL,FUNCTIONING PROPERLY,CLEAR,DAYLIGHT,REAR END,NOT DIVIDED,,STRAIGHT AND LEVEL,DRY,NO DEFECTS,,NO INJURY / DRIVE AWAY,,,,"$501 - $1,500",07/13/2024 02:43:00 PM,UNABLE TO DETERMINE,UNABLE TO DETERMINE,1530,E,53RD ST,234.0,,,,,,,2,NO INDICATION OF INJURY,0.0,0.0,0.0,0.0,0.0,2.0,0.0,14,7,7,41.7996671229,-87.5878145238,POINT (-87.587814523782 41.79966712287)
0e2e8dac8242fd539f7e291cf7be52855fc1210dfba3c035592d4c164b34d15cb072034827e298c8cfb7dfc719c9330248f9460c0f6223e01a295e8b2c615f82,,06/18/2025 05:33:00 PM,30,TRAFFIC SIGNAL,FUNCTIONING PROPERLY,RAIN,DAYLIGHT,TURNING,NOT DIVIDED,,STRAIGHT AND LEVEL,WET,UNKNOWN,ON SCENE,INJURY AND / OR TOW DUE TO CRASH,Y,,,"OVER $1,500",06/18/2025 05:42:00 PM,FAILING TO YIELD RIGHT-OF-WAY,FAILING TO YIELD RIGHT-OF-WAY,3500,S,WENTWORTH AVE,915.0,,,,,,,2,NO INDICATION OF INJURY,0.0,0.0,0.0,0.0,0.0,4.0,0.0,17,4,6,41.8309224418,-87.6316505184,POINT (-87.631650518377 41.830922441769)
d1529dfac94dcb7e4f4b0233b593b88b316594c46b90f0f7eb9bfd19abd203bf2e2feb4b3d28f015503471acdb8ad24e4fb7f8c9be7b45678900f824ac838fb9,,12/16/2022 02:30:00 PM,30,NO CONTROLS,NO CONTROLS,SNOW,DAYLIGHT,SIDESWIPE SAME DIRECTION,NOT DIVIDED,,STRAIGHT AND LEVEL,SNOW OR SLUSH,NO DEFECTS,NOT ON SCENE (DESK REPORT),NO INJURY / DRIVE AWAY,,,,"$501 - $1,500",01/31/2023 06:49:00 PM,IMPROPER OVERTAKING/PASSING,NOT APPLICABLE,3675,W,83RD PL,834.0,,,,,,,2,NO INDICATION OF INJURY,0.0,0.0,0.0,0.0,0.0,3.0,0.0,14,6,12,41.7412742997,-87.7143295821,POINT (-87.714329582121 41.741274299678)
0513d0d990a0fe7cfdc0bc4dd57fcf5e12eb7df75fb7969e5582d9438dd02195d9c618773cff0c1284242e9c1e0066a0e255f21fd7fdb81aeb824184ae65f23c,,06/12/2023 03:00:00 PM,30,NO CONTROLS,NO CONTROLS,CLEAR,DAYLIGHT,PEDESTRIAN,NOT DIVIDED,,STRAIGHT AND LEVEL,DRY,NO DEFECTS,ON SCENE,INJURY AND / OR TOW DUE TO CRASH,,,Y,"OVER $1,500",06/12/2023 03:46:00 PM,FAILING TO YIELD RIGHT-OF-WAY,UNABLE TO DETERMINE,3815,S,KEDZIE AVE,911.0,,,,,,,2,NONINCAPACITATING INJURY,1.0,0.0,0.0,1.0,0.0,1.0,0.0,15,2,6,41.8238864001,-87.7042872535,POINT (-87.704287253468 41.823886400059)
e756112b6637dd9dc139646ed17d13860a175a6c27dff2ed6f0d9864488fa697bd6ac84651bc299e31f8d4fa47708a84a165fd0b5ad6b75b0d3a9a431d43df4e,,03/29/2025 12:15:00 PM,30,STOP SIGN/FLASHER,NOT FUNCTIONING,CLEAR,DAYLIGHT,REAR END,NOT DIVIDED,,STRAIGHT AND LEVEL,DRY,UNKNOWN,NOT ON SCENE (DESK REPORT),NO INJURY / DRIVE AWAY,,,,"$501 - $1,500",03/29/2025 01:00:00 PM,FOLLOWING TOO CLOSELY,UNABLE TO DETERMINE,1700,W,47TH ST,924.0,,,,,,,2,NO INDICATION OF INJURY,0.0,0.0,0.0,0.0,0.0,3.0,0.0,12,7,3,41.8086907596,-87.6674578853,POINT (-87.66745788526 41.808690759554)
b9eb9c8acba3ba415fe94e491dc5ee9e703b100d779f55dadf59184d471b16a2d4c928f06e701030f577f2734fc0a7d8653f715b1ce2ff353561210454fcf3c3,,12/12/2019 11:10:00 PM,30,NO CONTROLS,NO CONTROLS,CLEAR,"DARKNESS, LIGHTED ROAD",PARKED MOTOR VEHICLE,NOT DIVIDED,,STRAIGHT AND LEVEL,DRY,NO DEFECTS,ON SCENE,NO INJURY / DRIVE AWAY,,,Y,"OVER $1,500",12/12/2019 11:13:00 PM,UNABLE TO DETERMINE,UNABLE TO DETERMINE,4701,W,47TH ST,815.0,,,,,,,3,NO INDICATION OF INJURY,0.0,0.0,0.0,0.0,0.0,2.0,0.0,23,5,12,41.8075419779,-87.7407687101,POINT (-87.740768710105 41.807541977925)
a5cdcc8b47ce8d5117302c22cbc2bcaff0c4747d91bcbd5d10b17eeee15d3608cf82742b4f22821e3f0da91cdf0b104e31afa07e1ef2ead8fce4de774b336163,,08/21/2020 11:47:00 AM,30,NO CONTROLS,NO CONTROLS,CLEAR,DAYLIGHT,PARKED MOTOR VEHICLE,ONE-WAY,,STRAIGHT AND LEVEL,DRY,NO DEFECTS,,NO INJURY / DRIVE AWAY,,,,$500 OR LESS,08/21/2020 11:54:00 AM,IMPROPER TURNING/NO SIGNAL,IMPROPER TURNING/NO SIGNAL,1629,S,KARLOV AVE,1012.0,,,,,,,2,NO INDICATION OF INJURY,0.0,0.0,0.0,0.0,0.0,1.0,0.0,11,6,8,41.8579510802,-87.7272246576,POINT (-87.727224657597 41.85795108024)