CRASH_RECORD_ID,CRASH_DATE_EST_I,CRASH_DATE,POSTED_SPEED_LIMIT,TRAFFIC_CONTROL_DEVICE,DEVICE_CONDITION,WEATHER_CONDITION,LIGHTING_CONDITION,FIRST_CRASH_TYPE,TRAFFICWAY_TYPE,LANE_CNT,ALIGNMENT,ROADWAY_SURFACE_COND,ROAD_DEFECT,REPORT_TYPE,CRASH_TYPE,INTERSECTION_RELATED_I,NOT_RIGHT_OF_WAY_I,HIT_AND_RUN_I,DAMAGE,DATE_POLICE_NOTIFIED,PRIM_CONTRIBUTORY_CAUSE,SEC_CONTRIBUTORY_CAUSE,STREET_NO,STREET_DIRECTION,STREET_NAME,BEAT_OF_OCCURRENCE,PHOTOS_TAKEN_I,STATEMENTS_TAKEN_I,DOORING_I,WORK_ZONE_I,WORK_ZONE_TYPE,WORKERS_PRESENT_I,NUM_UNITS,MOST_SEVERE_INJURY,INJURIES_TOTAL,INJURIES_FATAL,INJURIES_INCAPACITATING,INJURIES_NON_INCAPACITATING,INJURIES_REPORTED_NOT_EVIDENT,INJURIES_NO_INDICATION,INJURIES_UNKNOWN,CRASH_HOUR,CRASH_DAY_OF_WEEK,CRASH_MONTH,LATITUDE,LONGITUDE,LOCATION
eba7ac892fb6414897cde0560bf0b1660b274384b9a89f38432f4d9ebbee5571893712f3a280850f853f313dfc01e916e6ad255ba9c997fcd2f6380f6ab622bd,,09/03/2024 07:30:00 PM,30,STOP SIGN/FLASHER,FUNCTIONING PROPERLY,CLEAR,DUSK,REAR END,NOT DIVIDED,,STRAIGHT AND LEVEL,DRY,NO DEFECTS,ON SCENE,NO INJURY / DRIVE AWAY,,,,"$501 - $1,500",09/03/2024 07:31:00 PM,UNABLE TO DETERMINE,UNABLE TO DETERMINE,2500,W,GRAND AVE,1221.0,,,,,,,2,NO INDICATION OF INJURY,0.0,0.0,0.0,0.0,0.0,2.0,0.0,19,3,9,41.8914784643,-87.6891939664,POINT (-87.689193966396 41.891478464281)
04493efe08742b90b8771bc603685267ee42bfd8a51c607c1890bd3c203df25571b95df7e6bab39a6708489d3adfc6dab8b18ac05e89aeee49d16e5f743331ad,,10/17/2018 06:25:00 PM,30,NO CONTROLS,NO CONTROLS,CLEAR,DARKNESS,HEAD ON,NOT DIVIDED,2,STRAIGHT AND LEVEL,DRY,NO DEFECTS,ON SCENE,INJURY AND / OR TOW DUE TO CRASH,,,,"OVER $1,500",10/17/2018 06:33:00 PM,FAILING TO YIELD RIGHT-OF-WAY,NOT APPLICABLE,1999,S,HALSTED ST,1235.0,,,,,,,2,NO INDICATION OF INJURY,0.0,0.0,0.0,0.0,0.0,2.0,0.0,18,4,10,41.8553830094,-87.6464264717,POINT (-87.646426471657 41.855383009385)
29632b54790c587c830a79bbae1b1333c7736ceade766815a2b0f342b927384cd0cdf85a38f196cb8f5282e823928ec3a352c92d86b2e5f9ce4a445892f9dc44,,06/27/2021 11:15:00 AM,30,TRAFFIC SIGNAL,FUNCTIONING PROPERLY,CLEAR,DAYLIGHT,SIDESWIPE SAME DIRECTION,DIVIDED - W/MEDIAN BARRIER,,STRAIGHT AND LEVEL,DRY,NO DEFECTS,NOT ON SCENE (DESK REPORT),NO INJURY / DRIVE AWAY,,,,"$501 - $1,500",06/27/2021 11:45:00 AM,UNABLE TO DETERMINE,FAILING TO YIELD RIGHT-OF-WAY,141,W,NORTH AVE,1821.0,,,,,,,2,NO INDICATION OF INJURY,0.0,0.0,0.0,0.0,0.0,2.0,0.0,11,1,6,41.9110524751,-87.6332287685,POINT (-87.63322876847 41.911052475058)
25bf28c1a249d06ad6bf28ab67f6c16b01cd996b98787d1cf4da3c573d9a4cdc47f5298f59ab20b16abd1aebdbd25623039ed4f1fe86b0ecc5c0654a298cf6b6,,01/30/2025 05:00:00 PM,25,NO CONTROLS,NO CONTROLS,CLEAR,DUSK,SIDESWIPE SAME DIRECTION,NOT DIVIDED,,STRAIGHT AND LEVEL,DRY,NO DEFECTS,NOT ON SCENE (DESK REPORT),NO INJURY / DRIVE AWAY,,,Y,"$501 - $1,500",01/31/2025 11:30:00 AM,FAILING TO YIELD RIGHT-OF-WAY,NOT APPLICABLE,358,W,RANDOLPH ST,122.0,,,,,,,2,NO INDICATION OF INJURY,0.0,0.0,0.0,0.0,0.0,2.0,0.0,17,5,1,41.8845711313,-87.6370096615,POINT (-87.63700966151 41.884571131282)
0163ae89c14420fab764570e6d1738f3b91d51667abd8d2dd3e5d058e7ce8d047fb664c9fb8fceda4eb6f6adce3831e67bf3c03d22d6333a4c49cd1dcd381138,,07/04/2017 12:30:00 PM,25,NO CONTROLS,NO CONTROLS,CLEAR,DAYLIGHT,PARKED MOTOR VEHICLE,PARKING LOT,1,STRAIGHT AND LEVEL,DRY,NO DEFECTS,NOT ON SCENE (DESK REPORT),NO INJURY / DRIVE AWAY,,,Y,"$501 - $1,500",07/04/2017 01:25:00 PM,UNABLE TO DETERMINE,UNABLE TO DETERMINE,6016,W,63RD ST,812.0,,,,,,,2,NO INDICATION OF INJURY,0.0,0.0,0.0,0.0,0.0,1.0,0.0,12,3,7,41.7779581596,-87.772294196,POINT (-87.772294196007 41.777958159629)
782bd52424e061c7ae42d52d705ea191840fb2ce4378800497afdec8966c4c5cbb5ac5c6e698fe58ec70a5d523e4dc5e2b1c6797d07dbde81e43df686ce0b29f,,08/15/2024 03:50:00 PM,25,NO CONTROLS,NO CONTROLS,CLEAR,DAYLIGHT,PARKED MOTOR VEHICLE,DIVIDED - W/MEDIAN (NOT RAISED),,STRAIGHT AND LEVEL,DRY,NO DEFECTS,NOT ON SCENE (DESK REPORT),NO INJURY / DRIVE AWAY,,,,"OVER $1,500",08/21/2024 10:30:00 PM,IMPROPER BACKING,UNABLE TO DETERMINE,2610,W,DEVON AVE,2412.0,,,,,,,2,NO INDICATION OF INJURY,0.0,0.0,0.0,0.0,0.0,2.0,0.0,15,5,8,41.9977473006,-87.6952511581,POINT (-87.695251158076 41.997747300648)
812c0b6da2d558f27416798e35f595e7c45cb07b4cf6916a04d73ec8d0a7e731e8f43bc4fb74bd728bfe355c5badf8bf676e1a57eb222691d70e237245a12698,,06/16/2020 07:30:00 AM,30,TRAFFIC SIGNAL,FUNCTIONING PROPERLY,CLEAR,DAYLIGHT,REAR END,NOT DIVIDED,,STRAIGHT AND LEVEL,DRY,NO DEFECTS,ON SCENE,NO INJURY / DRIVE AWAY,,,Y,"OVER $1,500",06/16/2020 07:30:00 AM,FOLLOWING TOO CLOSELY,FAILING TO REDUCE SPEED TO AVOID CRASH,2209,S,DAMEN AVE,1034.0,,,,,,,2,NO INDICATION OF INJURY,0.0,0.0,0.0,0.0,0.0,2.0,0.0,7,3,6,41.8518823716,-87.6756829222,POINT (-87.675682922182 41.851882371625)
d7a55226b3a1d8ca9258b36c1c927f27b6bbca847c8c2a694f5f6b993247837225f993dc4d047ff51bc14ebaec92039c04890569fd8c06cadc53bae9ccb3b7cf,,08/04/2017 03:30:00 PM,30,TRAFFIC SIGNAL,FUNCTIONING PROPERLY,CLEAR,DAYLIGHT,TURNING,NOT DIVIDED,4,STRAIGHT AND LEVEL,DRY,NO DEFECTS,,NO INJURY / DRIVE AWAY,Y,,,"$501 - $1,500",08/04/2017 04:14:00 PM,UNABLE TO DETERMINE,NOT APPLICABLE,2599,S,BLUE ISLAND AVE,1034.0,,,,,,,2,NO INDICATION OF INJURY,0.0,0.0,0.0,0.0,0.0,2.0,0.0,15,6,8,41.8447543953,-87.6853197143,POINT (-87.68531971432 41.844754395276)
28623fc3dd9b394a57a2ae2c75668476cc9662f303c350d9bd6a874ab3f1f85078be1bfaa96c589d56659af272bb7c566ae81b553951fe305681272f4ba716fe,,02/09/2020 12:00:00 PM,30,STOP SIGN/FLASHER,FUNCTIONING PROPERLY,SNOW,DAYLIGHT,ANGLE,FOUR WAY,,STRAIGHT AND LEVEL,SNOW OR SLUSH,NO DEFECTS,ON SCENE,INJURY AND / OR TOW DUE TO CRASH,Y,,,"OVER $1,500",02/09/2020 12:04:00 PM,FAILING TO YIELD RIGHT-OF-WAY,FAILING TO REDUCE SPEED TO AVOID CRASH,4700,N,ELSTON AVE,1722.0,,,,,,,2,"REPORTED, NOT EVIDENT",1.0,0.0,0.0,0.0,1.0,1.0,0.0,12,1,2,41.9662422798,-87.7376371833,POINT (-87.737637183348 41.966242279799)
8a4c06bd70d219f56aaf602db8bdb4e11e0d0825cfc8ac89250a610247cce40acea0ed9a5071b1b2fba6de5183ca41f3a6cbb2ac0c1194017e741269fdb480c7,,05/28/2022 05:20:00 PM,25,NO CONTROLS,NO CONTROLS,CLEAR,DAYLIGHT,SIDESWIPE SAME DIRECTION,ONE-WAY,,STRAIGHT AND LEVEL,DRY,NO DEFECTS,ON SCENE,NO INJURY / DRIVE AWAY,,,Y,$500 OR LESS,05/29/2022 10:10:00 AM,IMPROPER LANE USAGE,UNABLE TO DETERMINE,3,W,TERMINAL ST,1653.0,,,,,,,2,NO INDICATION OF INJURY,0.0,0.0,0.0,0.0,0.0,2.0,0.0,17,7,5,,,
a1c786f2d0db85fb81f0f3042b61cdee8ab5dff2264588b915ae6ae61727192de24ff420995bf5b2d5c979667470d0a1a9b2361cc6f85efd96a989605123d768,,09/19/2020 09:49:00 AM,30,TRAFFIC SIGNAL,FUNCTIONING PROPERLY,CLEAR,DAYLIGHT,REAR END,NOT DIVIDED,,STRAIGHT AND LEVEL,DRY,NO DEFECTS,NOT ON SCENE (DESK REPORT),INJURY AND / OR TOW DUE TO CRASH,,,,"$501 - $1,500",09/19/2020 10:43:00 AM,UNABLE TO DETERMINE,NOT APPLICABLE,4506,W,63RD ST,813.0,,,,,,,2,"REPORTED, NOT EVIDENT",1.0,0.0,0.0,0.0,1.0,1.0,0.0,9,7,9,41.7786218984,-87.7353038226,POINT (-87.735303822613 41.77862189843)
bb9a8d45f3cc0ae4d1ff95b72b1e35babc9071e97b63b16b61308a54aabf145989ab5a915eda7f2b4518563f5d93b7412f0f14ed334070ccd3f502958b08b132,,11/19/2020 11:00:00 PM,30,NO CONTROLS,NO CONTROLS,CLEAR,"DARKNESS, LIGHTED ROAD",PARKED MOTOR VEHICLE,NOT DIVIDED,,STRAIGHT AND LEVEL,DRY,NO DEFECTS,ON SCENE,INJURY AND / OR TOW DUE TO CRASH,,,,"OVER $1,500",11/19/2020 11:02:00 PM,UNABLE TO DETERMINE,NOT APPLICABLE,3627,W,55TH ST,822.0,,,,,,,2,NO INDICATION OF INJURY,0.0,0.0,0.0,0.0,0.0,1.0,0.0,23,5,11,41.7932216522,-87.7148457279,POINT (-87.714845727946 41.793221652188)
98628b69c57898050003d0dc862a0893cd9e1dce869452db7c9810cb1c4999362debe535b4483116a4d7199c1f88921a62e4f9fc8e382ffededc80a6cbf8123c,,12/21/2023 03:46:00 PM,35,UNKNOWN,UNKNOWN,CLEAR,DAYLIGHT,PEDALCYCLIST,OTHER,,STRAIGHT AND LEVEL,DRY,NO DEFECTS,NOT ON SCENE (DESK REPORT),INJURY AND / OR TOW DUE TO CRASH,,,,"OVER $1,500",12/21/2023 05:22:00 PM,FAILING TO YIELD RIGHT-OF-WAY,NOT APPLICABLE,550,N,STATE ST,1831.0,,,,,,,2,NONINCAPACITATING INJURY,1.0,0.0,0.0,1.0,0.0,1.0,0.0,15,5,12,41.8924213661,-87.6282348711,POINT (-87.628234871137 41.892421366131)
529393167f455a72675c1764a7d16edc7700f990a867434ab99a05dfad61b6f0772d858685d8f5f770f86e9db47f5cab2bbc355908ba13d84db7735ae60b7ffd,,06/27/2024 06:00:00 AM,30,NO CONTROLS,NO CONTROLS,CLEAR,DAYLIGHT,REAR END,NOT DIVIDED,,STRAIGHT AND LEVEL,DRY,NO DEFECTS,NOT ON SCENE (DESK REPORT),NO INJURY / DRIVE AWAY,,,,"$501 - $1,500",06/27/2024 07:10:00 AM,FOLLOWING TOO CLOSELY,UNABLE TO DETERMINE,7632,W,TOUHY AVE,1611.0,,,,,,,2,NO INDICATION OF INJURY,0.0,0.0,0.0,0.0,0.0,2.0,0.0,6,5,6,42.0115390309,-87.8176338622,POINT (-87.817633862197 42.011539030879)
f5869551c7403ebd7a3f51b01f96b5e82cff55d10cbaad7f9612cb3ec2c44dde144db508cfc40df2f5ee34176166a6c8e4416468dfafbc2faca7e238d7202d1f,,10/19/2023 03:00:00 PM,30,YIELD,NO CONTROLS,CLOUDY/OVERCAST,DAYLIGHT,PARKED MOTOR VEHICLE,NOT DIVIDED,,STRAIGHT AND LEVEL,DRY,NO DEFECTS,ON SCENE,NO INJURY / DRIVE AWAY,,,,"OVER $1,500",10/19/2023 03:00:00 PM,UNABLE TO DETERMINE,NOT APPLICABLE,2804,W,DIVERSEY AVE,1411.0,,,,,,,2,NO INDICATION OF INJURY,0.0,0.0,0.0,0.0,0.0,1.0,0.0,15,5,10,41.9322052565,-87.6978635351,POINT (-87.697863535141 41.93220525647)
2b36d5dc58edc54bfd57f11d8c58837252359df0563369a83353ac5d99409f312741a7973a0912a00f9b60c5605677f7b876bbf24dcdeea20d7def3f7b835b00,,01/27/2023 02:10:00 PM,25,STOP SIGN/FLASHER,FUNCTIONING PROPERLY,SNOW,DAYLIGHT,SIDESWIPE SAME DIRECTION,NOT DIVIDED,,STRAIGHT AND LEVEL,SNOW OR SLUSH,NO DEFECTS,ON SCENE,INJURY AND / OR TOW DUE TO CRASH,Y,,,"$501 - $1,500",01/27/2023 02:19:00 PM,UNABLE TO DETERMINE,UNABLE TO DETERMINE,2300,S,CENTRAL PARK AVE,1013.0,,,,,,,2,NO INDICATION OF INJURY,0.0,0.0,0.0,0.0,0.0,4.0,0.0,14,6,1,41.8497586137,-87.7150878082,POINT (-87.715087808195 41.849758613703)
69e240c2ff72727c9dc18ab195db0a402083cb3656913ece9810b2e635cc0ca1ed7b5a5259b8d591a756fdc291f661ae39b63569a2da324a489fe9a34138c3c9,,01/29/2023 09:00:00 AM,30,NO CONTROLS,NO CONTROLS,UNKNOWN,DAYLIGHT,PARKED MOTOR VEHICLE,ONE-WAY,,STRAIGHT AND LEVEL,UNKNOWN,UNKNOWN,NOT ON SCENE (DESK REPORT),NO INJURY / DRIVE AWAY,,,Y,$500 OR LESS,01/29/2023 10:00:00 AM,UNABLE TO DETERMINE,NOT APPLICABLE,15,N,ALBANY AVE,1222.0,Y,,,,,,2,NO INDICATION OF INJURY,0.0,0.0,0.0,0.0,0.0,1.0,0.0,9,1,1,41.8814919057,-87.7035300348,POINT (-87.703530034833 41.881491905695)
672af49ed10cf332b06429c13d6a4146422ff1a18e56a4e9c4e32b0eda3e17108e31fd17df2f820103a403410c830408302d84eaf1b4d79ece0ee2bed100237e,,09/16/2021 09:30:00 PM,30,TRAFFIC SIGNAL,FUNCTIONING PROPERLY,CLEAR,DARKNESS,ANGLE,OTHER,,STRAIGHT AND LEVEL,DRY,NO DEFECTS,NOT ON SCENE (DESK REPORT),NO INJURY / DRIVE AWAY,Y,,,"OVER $1,500",09/16/2021 10:30:00 PM,DISTRACTION - FROM OUTSIDE VEHICLE,UNABLE TO DETERMINE,150,N,WACKER DR,122.0,,,,,,,2,NO INDICATION OF INJURY,0.0,0.0,0.0,0.0,0.0,8.0,0.0,21,5,9,41.884525461,-87.6372163925,POINT (-87.637216392475 41.884525460956)
f32a6b2fcd82ed7f6bdaeec1d186b8c4eca0c8c59324fb3ee4d2398b51fe05d701f84577a008bbba3d0db27a3ca1c7caebfbd26384b063cc470d7c1c50bae4e8,,01/07/2021 02:45:00 PM,30,NO CONTROLS,NO CONTROLS,CLEAR,DAYLIGHT,TURNING,NOT DIVIDED,,STRAIGHT AND LEVEL,DRY,NO DEFECTS,NOT ON SCENE (DESK REPORT),NO INJURY / DRIVE AWAY,,,,"OVER $1,500",01/07/2021 03:12:00 PM,IMPROPER LANE USAGE,IMPROPER LANE USAGE,3601,W,79TH ST,834.0,,,,,,,2,NO INDICATION OF INJURY,0.0,0.0,0.0,0.0,0.0,2.0,0.0,14,5,1,41.7494828127,-87.7121906395,POINT (-87.712190639526 41.749482812712)
dbcda60b8cc00a0456e728a0772032829ba0004e2f2fa28a61002c25909e44d58102c25d1c21603b00a74234ab7b7fed68f50471bc7b737b1e00be18af2f1ffc,,09/04/2020 06:20:00 PM,30,NO CONTROLS,NO CONTROLS,CLEAR,DAYLIGHT,PEDESTRIAN,NOT DIVIDED,,STRAIGHT AND LEVEL,DRY,NO DEFECTS,ON SCENE,INJURY AND / OR TOW DUE TO CRASH,Y,,,$500 OR LESS,09/04/2020 06:44:00 PM,"VISION OBSCURED (SIGNS, TREE LIMBS, BUILDINGS, ETC.)",NOT APPLICABLE,3224,W,MONTROSE AVE,1724.0,,,,,,,2,NONINCAPACITATING INJURY,1.0,0.0,0.0,1.0,0.0,1.0,0.0,18,6,9,41.9612858025,-87.709328532,POINT (-87.70932853203 41.961285802536)
261deb71eee636c0a64f6ccf2f4a740b3fb60517d71e6836d11e9b34d5576b634a36a46e69668e9c43054f391a80f0afb15e41053815f5ccb34aed3389263aac,,09/19/2025 08:25:00 AM,30,TRAFFIC SIGNAL,FUNCTIONING PROPERLY,CLEAR,DAYLIGHT,REAR END,DIVIDED - W/MEDIAN (NOT RAISED),,STRAIGHT AND LEVEL,DRY,NO DEFECTS,NOT ON SCENE (DESK REPORT),NO INJURY / DRIVE AWAY,Y,,,"OVER $1,500",09/19/2025 09:05:00 AM,FAILING TO YIELD RIGHT-OF-WAY,FAILING TO YIELD RIGHT-OF-WAY,301,S,MICHIGAN AVE,114.0,,,,,,,2,NO INDICATION OF INJURY,0.0,0.0,0.0,0.0,0.0,2.0,0.0,8,6,9,41.8782145144,-87.6241621164,POINT (-87.624162116427 41.878214514385)
21fa50861cf679a1720190f12f53ed11231c31ae26b5ff573eb2194ed36ece211fb28cd256d6f856acdb58ab6670c2743288f34d148b304bde4a1eed5437372a,,05/04/2024 05:05:00 PM,30,TRAFFIC SIGNAL,FUNCTIONING PROPERLY,CLEAR,DAYLIGHT,TURNING,DIVIDED - W/MEDIAN (NOT RAISED),,STRAIGHT AND LEVEL,DRY,NO DEFECTS,NOT ON SCENE (DESK REPORT),NO INJURY / DRIVE AWAY,Y,,,"OVER $1,500",05/04/2024 06:10:00 PM,FOLLOWING TOO CLOSELY,FOLLOWING TOO CLOSELY,2000,N,KEDZIE AVE,1413.0,,,,,,,2,NO INDICATION OF INJURY,0.0,0.0,0.0,0.0,0.0,3.0,0.0,17,7,5,41.9174461719,-87.7071160719,POINT (-87.707116071878 41.917446171917)
50304db272a208c9782553e2087afe9460deb93e44afeee62346e0b678b5481a944795615cff95fcbb7a0d38e5c0c2e153cd8c674e7b3510e906f6edb1278b2a,,02/18/2020 05:55:00 PM,30,STOP SIGN/FLASHER,FUNCTIONING PROPERLY,CLEAR,DARKNESS,ANGLE,NOT DIVIDED,,STRAIGHT AND LEVEL,DRY,UNKNOWN,NOT ON SCENE (DESK REPORT),NO INJURY / DRIVE AWAY,,,Y,"OVER $1,500",02/19/2020 03:15:00 PM,FAILING TO YIELD RIGHT-OF-WAY,NOT APPLICABLE,2000,W,CULLERTON ST,1234.0,,,,,,,2,NO INDICATION OF INJURY,0.0,0.0,0.0,0.0,0.0,2.0,0.0,17,3,2,41.8550344884,-87.6760468559,POINT (-87.676046855876 41.855034488392)
dd94c82f80d748c3538166f69f996b922ff6f2633524a330cf3a1a5a8d31616449d78c81dad9557e5ecee32344473f9c7d961b7b9c4201cf389b81e5f2266895,,02/28/2021 10:35:00 AM,30,NO CONTROLS,NO CONTROLS,CLEAR,DAYLIGHT,PARKED MOTOR VEHICLE,DIVIDED - W/MEDIAN (NOT RAISED),,STRAIGHT AND LEVEL,SNOW OR SLUSH,NO DEFECTS,NOT ON SCENE (DESK REPORT),NO INJURY / DRIVE AWAY,,,,"$501 - $1,500",02/28/2021 01:15:00 PM,UNABLE TO DETERMINE,UNABLE TO DETERMINE,3900,W,ROOSEVELT RD,1132.0,,,,,,,2,NO INDICATION OF INJURY,0.0,0.0,0.0,0.0,0.0,1.0,0.0,10,1,2,41.8663146885,-87.7227985037,POINT (-87.722798503721 41.866314688484)
8621208cc18e436a99698ed39dfa4f1012ee60cde20d853646cb8572e681beb618b2fcf7480a3140229e2120d33a7f384bd45122d19c3091c95bd9928a691174,,08/12/2019 08:27:00 PM,30,NO CONTROLS,NO CONTROLS,RAIN,"DARKNESS, LIGHTED ROAD",REAR END,NOT DIVIDED,,STRAIGHT AND LEVEL,WET,NO DEFECTS,ON SCENE,INJURY AND / OR TOW DUE TO CRASH,,,,$500 OR LESS,08/12/2019 08:29:00 PM,WEATHER,FOLLOWING TOO CLOSELY,2237,W,TOUHY AVE,2411.0,,,,,,,2,"REPORTED, NOT EVIDENT",1.0,0.0,0.0,0.0,1.0,1.0,0.0,20,2,8,42.0121433695,-87.6875898004,POINT (-87.687589800373 42.012143369459)
3f7f3c0b00a160a859b497470ce72bf131be758e16bc783e3c5d6ae3f337da121efd2083df71511ff6ddb4a6782a07062ab51435c268e757d22d1965bb4c3ce7,,06/04/2020 05:40:00 PM,30,TRAFFIC SIGNAL,FUNCTIONING PROPERLY,CLEAR,DAYLIGHT,REAR END,DIVIDED - W/MEDIAN (NOT RAISED),,STRAIGHT AND LEVEL,DRY,UNKNOWN,NOT ON SCENE (DESK REPORT),NO INJURY / DRIVE AWAY,,,Y,"OVER $1,500",06/04/2020 06:30:00 PM,UNABLE TO DETERMINE,UNABLE TO DETERMINE,802,W,87TH ST,613.0,,,,,,,2,NO INDICATION OF INJURY,0.0,0.0,0.0,0.0,0.0,2.0,0.0,17,5,6,41.7361820684,-87.6437718181,POINT (-87.643771818069 41.73618206839)
e04d6d2eda57bb55e9001519dcbb466220f1ae820cd1888e4a303c171d68903b8176877b74a1c26151e6a962cf31a3adff03dc8e8310d8452a4df6d465c750c6,,04/02/2020 06:39:00 AM,30,NO CONTROLS,NO CONTROLS,CLEAR,DAYLIGHT,REAR END,NOT DIVIDED,,STRAIGHT AND LEVEL,DRY,NO DEFECTS,NOT ON SCENE (DESK REPORT),NO INJURY / DRIVE AWAY,,,,$500 OR LESS,04/02/2020 06:50:00 AM,FOLLOWING TOO CLOSELY,NOT APPLICABLE,901,S,AUSTIN BLVD,1513.0,,,,,,,2,NO INDICATION OF INJURY,0.0,0.0,0.0,0.0,0.0,2.0,0.0,6,5,4,41.8703465244,-87.7741287805,POINT (-87.774128780491 41.870346524362)
90748a326dd04b9443294e50cc867441414abb0843b96fc473c7b5250b34e7f9b6666bcf6751005b8bdf1cc2cf697cac3cb82c8afff1d2e3c199f760704f94d4,Y,06/21/2019 05:45:00 PM,25,NO CONTROLS,NO CONTROLS,CLOUDY/OVERCAST,DAYLIGHT,PARKED MOTOR VEHICLE,NOT DIVIDED,,STRAIGHT AND LEVEL,UNKNOWN,NO DEFECTS,ON SCENE,NO INJURY / DRIVE AWAY,,,Y,$500 OR LESS,06/21/2019 05:53:00 PM,UNABLE TO DETERMINE,NOT APPLICABLE,1429,W,WRIGHTWOOD AVE,1932.0,,,,,,,2,NO INDICATION OF INJURY,0.0,0.0,0.0,0.0,0.0,1.0,0.0,17,6,6,41.9287186572,-87.664764701,POINT (-87.664764701025 41.928718657188)
cc69f351926043427e358bf23cfa984c804802c3064afba74e7515796f6994d2bf1c9e7ffb0257ce23637c278702ab781c0e4691fca53cb4ce348e43e918b486,,03/17/2024 09:30:00 PM,30,STOP SIGN/FLASHER,NO CONTROLS,CLEAR,"DARKNESS, LIGHTED ROAD",TURNING,T-INTERSECTION,,STRAIGHT AND LEVEL,DRY,NO DEFECTS,NOT ON SCENE (DESK REPORT),NO INJURY / DRIVE AWAY,Y,,Y,"$501 - $1,500",03/18/2024 05:15:00 PM,FAILING TO YIELD RIGHT-OF-WAY,FAILING TO YIELD RIGHT-OF-WAY,4415,W,CERMAK RD,1013.0,,,,,,,2,NO INDICATION OF INJURY,0.0,0.0,0.0,0.0,0.0,2.0,0.0,21,1,3,41.851281694,-87.7351910312,POINT (-87.735191031178 41.851281694044)
6c16ab85548cb4361ebb93920ae5a14cd169d3392b0d3710f603728c5d1772dbe2acfd9b4d690fe9ddf2660373215964a7d0041abce1724fe17d5370d580cf35,,04/22/2018 12:46:00 PM,30,NO CONTROLS,NO CONTROLS,CLEAR,DAYLIGHT,PARKED MOTOR VEHICLE,ONE-WAY,2,STRAIGHT AND LEVEL,DRY,NO DEFECTS,NOT ON SCENE (DESK REPORT),NO INJURY / DRIVE AWAY,,,,"OVER $1,500",04/22/2018 01:30:00 PM,UNABLE TO DETERMINE,NOT APPLICABLE,625,N,DEARBORN ST,1832.0,,,,,,,2,NO INDICATION OF INJURY,0.0,0.0,0.0,0.0,0.0,2.0,0.0,12,1,4,41.8932105944,-87.6295484191,POINT (-87.629548419114 41.893210594384)
54c3ab8ef5513e1e91a747fab721e33a2ce04bb2adc57221c0741bade2737a6c5aa226a9ce34cbc59d9dd651fd3cad33d054605112d8c8143f4ae94b238681c6,,07/06/2025 02:00:00 PM,30,UNKNOWN,UNKNOWN,CLEAR,DAYLIGHT,REAR END,NOT DIVIDED,,STRAIGHT AND LEVEL,DRY,UNKNOWN,NOT ON SCENE (DESK REPORT),NO INJURY / DRIVE AWAY,,,,"$501 - $1,500",07/06/2025 03:34:00 PM,FOLLOWING TOO CLOSELY,FOLLOWING TOO CLOSELY,1030,N,CLARK ST,1824.0,,,,,,,2,NO INDICATION OF INJURY,0.0,0.0,0.0,0.0,0.0,2.0,0.0,14,1,7,41.9015319827,-87.6315260681,POINT (-87.631526068052 41.901531982704)
872113ebc2e7c526582248ffca2d320238a98df1cf18be7c307860964795b23941947b871c1e5db2eb77e818c1adbe1b21040e2bfc065f8418f0c2b22aa307b7,,10/26/2016 08:45:00 AM,30,STOP SIGN/FLASHER,FUNCTIONING PROPERLY,CLOUDY/OVERCAST,DAYLIGHT,REAR END,NOT DIVIDED,2,STRAIGHT AND LEVEL,WET,UNKNOWN,,NO INJURY / DRIVE AWAY,,,,"OVER $1,500",10/26/2016 09:15:00 AM,FOLLOWING TOO CLOSELY,NOT APPLICABLE,832,W,76TH ST,621.0,,,,,,,2,NO INDICATION OF INJURY,0.0,0.0,0.0,0.0,0.0,3.0,0.0,8,4,10,41.7561928336,-87.6454576301,POINT (-87.645457630069 41.756192833579)
3575fdb9d0ce77581aa5e9b2fe49456c9896e7fb14a43c567afc814ced44f3baaf44cd3f544c99f5acbd4d375a3370ac44a23acf4fb754c7cca421b6ce15aff8,,01/22/2020 02:57:00 PM,30,TRAFFIC SIGNAL,FUNCTIONING PROPERLY,CLEAR,DAYLIGHT,TURNING,NOT DIVIDED,,STRAIGHT AND LEVEL,DRY,NO DEFECTS,ON SCENE,NO INJURY / DRIVE AWAY,,,Y,"OVER $1,500",01/22/2020 03:05:00 PM,IMPROPER TURNING/NO SIGNAL,IMPROPER LANE USAGE,199,N,STATE ST,111.0,,,,,,,2,NO INDICATION OF INJURY,0.0,0.0,0.0,0.0,0.0,2.0,0.0,14,4,1,41.885719361,-87.627792462,POINT (-87.627792461951 41.88571936101)
e2f7b3da92bb9cb5363fa812f8ad89ef9eb527359ee7c392d7eb16de807dc31d6c767265b29c1e5afa11ba207249a93c63fab9402595d1ca895af18b35c5d2af,,11/30/2023 07:34:00 AM,30,STOP SIGN/FLASHER,FUNCTIONING PROPERLY,CLEAR,DAYLIGHT,SIDESWIPE SAME DIRECTION,NOT DIVIDED,,STRAIGHT AND LEVEL,DRY,NO DEFECTS,NOT ON SCENE (DESK REPORT),NO INJURY / DRIVE AWAY,,,Y,"$501 - $1,500",11/30/2023 03:44:00 PM,IMPROPER OVERTAKING/PASSING,NOT APPLICABLE,4032,W,55TH ST,815.0,,,,,,,2,NO INDICATION OF INJURY,0.0,0.0,0.0,0.0,0.0,6.0,0.0,7,5,11,41.793303389,-87.724451993,POINT (-87.724451993001 41.793303389047)