CRASH_RECORD_ID,CRASH_DATE_EST_I,CRASH_DATE,POSTED_SPEED_LIMIT,TRAFFIC_CONTROL_DEVICE,DEVICE_CONDITION,WEATHER_CONDITION,LIGHTING_CONDITION,FIRST_CRASH_TYPE,TRAFFICWAY_TYPE,LANE_CNT,ALIGNMENT,ROADWAY_SURFACE_COND,ROAD_DEFECT,REPORT_TYPE,CRASH_TYPE,INTERSECTION_RELATED_I,NOT_RIGHT_OF_WAY_I,HIT_AND_RUN_I,DAMAGE,DATE_POLICE_NOTIFIED,PRIM_CONTRIBUTORY_CAUSE,SEC_CONTRIBUTORY_CAUSE,STREET_NO,STREET_DIRECTION,STREET_NAME,BEAT_OF_OCCURRENCE,PHOTOS_TAKEN_I,STATEMENTS_TAKEN_I,DOORING_I,WORK_ZONE_I,WORK_ZONE_TYPE,WORKERS_PRESENT_I,NUM_UNITS,MOST_SEVERE_INJURY,INJURIES_TOTAL,INJURIES_FATAL,INJURIES_INCAPACITATING,INJURIES_NON_INCAPACITATING,INJURIES_REPORTED_NOT_EVIDENT,INJURIES_NO_INDICATION,INJURIES_UNKNOWN,CRASH_HOUR,CRASH_DAY_OF_WEEK,CRASH_MONTH,LATITUDE,LONGITUDE,LOCATION
6347d05b6e2b2200876c83abe2aa3d1167279c04f12434e3c362131e740c617d4bf46db08de737d2dcbebdeff27140bff1625bcd4d458f85d9e768885749147b,,11/06/2019 02:35:00 PM,25,STOP SIGN/FLASHER,FUNCTIONING PROPERLY,CLEAR,DAYLIGHT,ANGLE,TRAFFIC ROUTE,,STRAIGHT AND LEVEL,DRY,NO DEFECTS,ON SCENE,INJURY AND / OR TOW DUE TO CRASH,Y,,,"OVER $1,500",11/06/2019 02:35:00 PM,DISREGARDING STOP SIGN,NOT APPLICABLE,600,E,88TH ST,632.0,,,,,,,2,INCAPACITATING INJURY,1.0,0.0,1.0,0.0,0.0,1.0,0.0,14,4,11,41.734863846,-87.6095078986,POINT (-87.60950789864 41.734863845995)
5458c24245fe51439df9620733358614bc0fd229cae9ecfe058ad327522b0a84d70f66ee967d529450cbc700daf01eb71641462ac07885835c554bce956f939d,,11/08/2018 05:20:00 PM,30,TRAFFIC SIGNAL,FUNCTIONING PROPERLY,CLEAR,DUSK,TURNING,DIVIDED - W/MEDIAN (NOT RAISED),2,STRAIGHT AND LEVEL,DRY,NO DEFECTS,NOT ON SCENE (DESK REPORT),NO INJURY / DRIVE AWAY,Y,,,"$501 - $1,500",11/08/2018 07:30:00 PM,IMPROPER TURNING/NO SIGNAL,NOT APPLICABLE,777,N,LA SALLE DR,1832.0,,,,,,,2,NO INDICATION OF INJURY,0.0,0.0,0.0,0.0,0.0,2.0,0.0,17,5,11,41.8965647991,-87.6325616783,POINT (-87.632561678317 41.896564799141)
3ddd1e5e8a88cbe81bfd3130a1d31d7679ceec332d6ce8276fa9035363b770cc5136bebd3041c8d8d235933d890d9e618dc4844a895d73f4008be66e861e44bf,,02/02/2022 01:00:00 PM,15,NO CONTROLS,FUNCTIONING PROPERLY,SNOW,DAYLIGHT,FIXED OBJECT,ALLEY,,STRAIGHT AND LEVEL,SNOW OR SLUSH,NO DEFECTS,NOT ON SCENE (DESK REPORT),NO INJURY / DRIVE AWAY,,,,"$501 - $1,500",02/21/2022 01:47:00 PM,WEATHER,NOT APPLICABLE,2415,W,CORTEZ ST,1212.0,,,,,,,1,NO INDICATION OF INJURY,0.0,0.0,0.0,0.0,0.0,1.0,0.0,13,4,2,41.900177168,-87.6876145175,POINT (-87.687614517535 41.900177167951)
95bd45c600e53884c4e7143719753f6cb2313f7824a8a5b3bd337778b1a7525c7ad683f2e00b066b2f496ca9e0271fef24ed17635eac5d30baa03b308be5d465,N,09/22/2019 01:40:00 AM,35,NO CONTROLS,NO CONTROLS,RAIN,"DARKNESS, LIGHTED ROAD",PARKED MOTOR VEHICLE,NOT DIVIDED,,STRAIGHT AND LEVEL,WET,NO DEFECTS,ON SCENE,INJURY AND / OR TOW DUE TO CRASH,,,Y,"OVER $1,500",09/22/2019 01:45:00 AM,UNABLE TO DETERMINE,UNABLE TO DETERMINE,3743,W,LAWRENCE AVE,1723.0,,,,,,,2,NO INDICATION OF INJURY,0.0,0.0,0.0,0.0,0.0,1.0,0.0,1,1,9,41.9681924276,-87.7224912653,POINT (-87.722491265251 41.968192427551)
8113132ea99fa77919aca47be89ed27dba9e623d06c13e1e29a9f81c50c5bc5f659f7c06801df1ef0b5cf223ce1bb0d7d781e8412555f5d35a117d2bf466fb83,,05/11/2020 10:26:00 PM,30,TRAFFIC SIGNAL,FUNCTIONING PROPERLY,CLEAR,"DARKNESS, LIGHTED ROAD",ANGLE,FOUR WAY,,STRAIGHT AND LEVEL,DRY,NO DEFECTS,ON SCENE,INJURY AND / OR TOW DUE TO CRASH,Y,,Y,"OVER $1,500",05/11/2020 10:26:00 PM,IMPROPER OVERTAKING/PASSING,NOT APPLICABLE,24,W,87TH ST,622.0,,Y,,,,,6,NONINCAPACITATING INJURY,1.0,0.0,0.0,1.0,0.0,5.0,0.0,22,2,5,41.7363811718,-87.625426497,POINT (-87.625426497041 41.736381171795)
6ea5f977389488d1296dd66d4981aea182da1c11aacc4def08ef0c3cd22264caeaeb7acc68219150793546e398547a2c9cc74f12083544ce6302041ee60a028f,,08/31/2021 07:20:00 AM,30,TRAFFIC SIGNAL,FUNCTIONING PROPERLY,CLEAR,DAYLIGHT,REAR END,FOUR WAY,,STRAIGHT AND LEVEL,DRY,NO DEFECTS,NOT ON SCENE (DESK REPORT),NO INJURY / DRIVE AWAY,Y,,,"OVER $1,500",08/31/2021 09:33:00 PM,FAILING TO REDUCE SPEED TO AVOID CRASH,NOT APPLICABLE,5600,N,NAGLE AVE,1612.0,,,,,,,2,NO INDICATION OF INJURY,0.0,0.0,0.0,0.0,0.0,3.0,0.0,7,3,8,41.983004344,-87.7878799714,POINT (-87.787879971407 41.983004344013)
dbe6350ce27625f9810837cc4ad528c63d85e93ab7831ca59de4db11d8c1e58261de32aae1cb78b50b6d63e71ea46bf0fc2d0c193c3a84795a43de91183954ea,,09/18/2025 06:15:00 AM,25,UNKNOWN,UNKNOWN,CLEAR,DAYLIGHT,REAR END,DIVIDED - W/MEDIAN (NOT RAISED),,STRAIGHT AND LEVEL,DRY,NO DEFECTS,NOT ON SCENE (DESK REPORT),NO INJURY / DRIVE AWAY,,,,"OVER $1,500",09/19/2025 12:20:00 PM,UNABLE TO DETERMINE,UNABLE TO DETERMINE,4898,W,NORTH AVE,2533.0,,,,,,,2,NO INDICATION OF INJURY,0.0,0.0,0.0,0.0,0.0,2.0,0.0,6,5,9,41.90969567,-87.7491776073,POINT (-87.749177607269 41.909695669967)
92b782f71be897120bf720f0da825eb3ee56196285a1eafa778768fd2432cb206f4fa8fe12837fdc462863ba246211b9c47a70c38f5303269986ac7e0d910264,,08/16/2025 10:08:00 PM,30,NO CONTROLS,NO CONTROLS,RAIN,"DARKNESS, LIGHTED ROAD",PARKED MOTOR VEHICLE,DIVIDED - W/MEDIAN (NOT RAISED),,STRAIGHT AND LEVEL,WET,NO DEFECTS,ON SCENE,INJURY AND / OR TOW DUE TO CRASH,,,Y,"OVER $1,500",08/16/2025 10:43:00 PM,UNABLE TO DETERMINE,UNABLE TO DETERMINE,4628,W,ARMITAGE AVE,2522.0,,,,,,,2,NO INDICATION OF INJURY,0.0,0.0,0.0,0.0,0.0,1.0,0.0,22,7,8,41.9170836637,-87.7426019571,POINT (-87.742601957142 41.917083663685)
c5799244d1b43280d57868b3a5b68afbaaae6c27e289d724934bfd6dfaf45ad5ce858982ae2a37e879d0ff778a4abaa7be84774ca66753b3fbea03002dc0b303,,08/14/2020 01:30:00 PM,30,NO CONTROLS,NO CONTROLS,CLEAR,DAYLIGHT,PARKED MOTOR VEHICLE,NOT DIVIDED,,STRAIGHT AND LEVEL,DRY,NO DEFECTS,NOT ON SCENE (DESK REPORT),NO INJURY / DRIVE AWAY,,,,"$501 - $1,500",08/14/2020 02:29:00 PM,IMPROPER BACKING,UNABLE TO DETERMINE,1444,W,WILLOW ST,1433.0,,,,,,,2,NO INDICATION OF INJURY,0.0,0.0,0.0,0.0,0.0,1.0,0.0,13,6,8,41.9142527463,-87.6635198344,POINT (-87.663519834398 41.914252746348)
7b87fe0c8f0cc70353cd0b47eeb235169781447827a66d70afa3ad6c34cab01475169fcca418082bd1bb39afe6a2c15932e1b00172d1d37f6ed9c388669c8df8,,05/03/2020 07:45:00 PM,30,TRAFFIC SIGNAL,FUNCTIONING PROPERLY,CLEAR,DAYLIGHT,TURNING,NOT DIVIDED,,STRAIGHT AND LEVEL,DRY,NO DEFECTS,ON SCENE,INJURY AND / OR TOW DUE TO CRASH,,,,"OVER $1,500",05/03/2020 08:06:00 PM,FAILING TO YIELD RIGHT-OF-WAY,UNABLE TO DETERMINE,7100,S,ASHLAND AVE,735.0,,,,,,,2,NO INDICATION OF INJURY,0.0,0.0,0.0,0.0,0.0,3.0,0.0,19,1,5,41.7648593824,-87.6639401763,POINT (-87.663940176305 41.764859382425)
95e67633b5c72020017d950aafc056f16e344f730549d4a5188d21d5c7913d76a0f6b37e9a41d853b404ccea99d1bc8ade441bec89e9d6d75ea45e6b025b05ff,,03/15/2023 04:10:00 PM,30,NO CONTROLS,NO CONTROLS,CLEAR,DAYLIGHT,PARKED MOTOR VEHICLE,NOT DIVIDED,,STRAIGHT ON GRADE,DRY,NO DEFECTS,ON SCENE,NO INJURY / DRIVE AWAY,,,Y,"OVER $1,500",03/15/2023 04:11:00 PM,UNABLE TO DETERMINE,NOT APPLICABLE,3043,W,77TH ST,835.0,,,,,,,2,NO INDICATION OF INJURY,0.0,0.0,0.0,0.0,0.0,4.0,0.0,16,4,3,41.7533892792,-87.6993153328,POINT (-87.699315332841 41.753389279208)
6d21fc13ecc40a92bf5585512b71abad6da589de05dd460a6427fc0b2099e3dee2fd665977c7add8634cc8a614e30a3fd3f56b9791a0d0ed33b70f0ae7a1c17e,Y,07/07/2023 05:15:00 PM,30,TRAFFIC SIGNAL,FUNCTIONING PROPERLY,CLEAR,DAYLIGHT,HEAD ON,NOT DIVIDED,,STRAIGHT AND LEVEL,DRY,NO DEFECTS,ON SCENE,INJURY AND / OR TOW DUE TO CRASH,,,Y,"OVER $1,500",07/07/2023 05:18:00 PM,UNABLE TO DETERMINE,UNABLE TO DETERMINE,7100,S,YATES BLVD,334.0,,Y,,,,,4,NONINCAPACITATING INJURY,2.0,0.0,0.0,1.0,1.0,3.0,0.0,17,6,7,41.7662877009,-87.5666332658,POINT (-87.566633265847 41.766287700895)
15b3c709a5e241bb9f062705957f84b18dbc97f9cdc44518e3e8e92ebc5f61620796de3c303ac8155c7a2e46194534ee3c5b0908ca0209a9bb2086f431e23e06,,12/02/2016 08:30:00 PM,30,NO CONTROLS,NO CONTROLS,CLEAR,"DARKNESS, LIGHTED ROAD",ANGLE,PARKING LOT,0,STRAIGHT AND LEVEL,UNKNOWN,UNKNOWN,NOT ON SCENE (DESK REPORT),NO INJURY / DRIVE AWAY,,,Y,"$501 - $1,500",12/02/2016 10:00:00 PM,NOT APPLICABLE,NOT APPLICABLE,333,E,ILLINOIS ST,1834.0,,,,,,,2,NO INDICATION OF INJURY,0.0,0.0,0.0,0.0,0.0,2.0,0.0,20,6,12,41.8909200537,-87.6188108728,POINT (-87.618810872844 41.890920053731)
5dc79c27e57f18b547c76a9a960a89084bf88bcaab755d1c8d60059fc87207f8a00cfe6145f4e6937c189b00cf1350a0c9e9a8803e015d2fb807088b0a94e8e3,,02/12/2020 12:50:00 PM,30,STOP SIGN/FLASHER,FUNCTIONING PROPERLY,CLEAR,DAYLIGHT,REAR END,DIVIDED - W/MEDIAN (NOT RAISED),,STRAIGHT AND LEVEL,DRY,NO DEFECTS,NOT ON SCENE (DESK REPORT),NO INJURY / DRIVE AWAY,,,,"$501 - $1,500",02/12/2020 03:15:00 PM,FOLLOWING TOO CLOSELY,UNABLE TO DETERMINE,932,W,79TH ST,621.0,,,,,,,2,NO INDICATION OF INJURY,0.0,0.0,0.0,0.0,0.0,3.0,0.0,12,4,2,41.7506956446,-87.6477459671,POINT (-87.647745967121 41.750695644594)
673e097526c1f541ee15f92da90cd2cc61f58d1d457692228c19c9ded94726b620f8e0db5a8531d983d1f919cc63ae42f56a9d04cf7081103ce531e569e30566,,09/29/2023 02:00:00 PM,30,NO CONTROLS,NO CONTROLS,CLEAR,DAYLIGHT,SIDESWIPE SAME DIRECTION,DIVIDED - W/MEDIAN BARRIER,,STRAIGHT AND LEVEL,DRY,NO DEFECTS,NOT ON SCENE (DESK REPORT),NO INJURY / DRIVE AWAY,,,Y,"OVER $1,500",09/29/2023 02:40:00 PM,NOT APPLICABLE,NOT APPLICABLE,8500,S,STONY ISLAND AVE,412.0,,,,,,,2,NO INDICATION OF INJURY,0.0,0.0,0.0,0.0,0.0,2.0,0.0,14,6,9,41.7405062272,-87.5858746195,POINT (-87.585874619515 41.740506227247)
6cae4532429657d596a876b5c4c6b6e1a6d1f2b48a2f14d9d4ec6d769b012889b5114b3f292d9fcdf1ee741d6ff2ab4349fdc183113d2c315302d5022b75215d,,08/16/2017 12:00:00 PM,30,NO CONTROLS,NO CONTROLS,CLEAR,DAYLIGHT,SIDESWIPE SAME DIRECTION,NOT DIVIDED,2,STRAIGHT AND LEVEL,DRY,NO DEFECTS,NOT ON SCENE (DESK REPORT),NO INJURY / DRIVE AWAY,,,,"$501 - $1,500",08/16/2017 01:10:00 PM,UNABLE TO DETERMINE,UNABLE TO DETERMINE,3051,S,KEDZIE AVE,1033.0,,,,,,,2,NO INDICATION OF INJURY,0.0,0.0,0.0,0.0,0.0,2.0,0.0,12,4,8,41.8375529501,-87.7046847069,POINT (-87.704684706877 41.837552950116)
c6abee8ef36b7d3cd1496d3ff0e1975fb6f68bb56906026cc204b9ac2e4743e13786574b9f56340bc59ec703273f8cfd28015d89114decf108d65eeb199c9a99,,07/22/2017 10:00:00 PM,30,STOP SIGN/FLASHER,NO CONTROLS,CLEAR,DUSK,REAR END,NOT DIVIDED,2,STRAIGHT AND LEVEL,DRY,NO DEFECTS,ON SCENE,NO INJURY / DRIVE AWAY,Y,,,$500 OR LESS,07/22/2017 10:05:00 PM,FAILING TO REDUCE SPEED TO AVOID CRASH,NOT APPLICABLE,235,E,79TH ST,623.0,,,,,,,2,NO INDICATION OF INJURY,0.0,0.0,0.0,0.0,0.0,2.0,0.0,22,7,7,41.7509516446,-87.6182306248,POINT (-87.618230624753 41.750951644579)
bbc86cc68669663e8e89fef08d44315feb67abc036eb11b63db011fa1c4490dccb9b4f1be586c7221573aadc3724753920f5e791dada1c69c229338472080644,,07/19/2020 01:30:00 PM,30,UNKNOWN,UNKNOWN,RAIN,DAYLIGHT,REAR END,NOT DIVIDED,,STRAIGHT AND LEVEL,WET,UNKNOWN,NOT ON SCENE (DESK REPORT),NO INJURY / DRIVE AWAY,,,,"$501 - $1,500",07/19/2020 01:45:00 PM,FOLLOWING TOO CLOSELY,DRIVING ON WRONG SIDE/WRONG WAY,1234,W,MONTROSE AVE,1913.0,,,,,,,2,NO INDICATION OF INJURY,0.0,0.0,0.0,0.0,0.0,3.0,0.0,13,1,7,41.9618096756,-87.6609051075,POINT (-87.660905107473 41.961809675608)
79a13864f8b00f74238323033dc702e2123ce12e71661aeda5fddec6ac5cdab7545ec5b17962fa954efaf3823cbd8428e99e8a8310543284865ff1c2f01c41c9,,10/28/2017 01:30:00 AM,15,NO CONTROLS,NO CONTROLS,CLEAR,"DARKNESS, LIGHTED ROAD",PARKED MOTOR VEHICLE,PARKING LOT,,STRAIGHT AND LEVEL,DRY,UNKNOWN,NOT ON SCENE (DESK REPORT),NO INJURY / DRIVE AWAY,,,Y,"OVER $1,500",11/03/2017 02:21:00 PM,UNABLE TO DETERMINE,UNABLE TO DETERMINE,6331,S,LOWE AVE,723.0,,,,,,,2,NO INDICATION OF INJURY,0.0,0.0,0.0,0.0,0.0,1.0,0.0,1,7,10,41.7788541772,-87.6406949565,POINT (-87.640694956451 41.778854177217)
fddaff5bdde7af0587457fd38c9d45219e62098b2beaa34f9e3be4660d1ccf216659992c6730baadddf0da4dcc9340f3209152b2c9f971a9d23c12a582e04d8c,,07/02/2019 03:50:00 PM,35,NO CONTROLS,OTHER,CLEAR,DAYLIGHT,PARKED MOTOR VEHICLE,NOT DIVIDED,,STRAIGHT AND LEVEL,DRY,NO DEFECTS,ON SCENE,INJURY AND / OR TOW DUE TO CRASH,,,,$500 OR LESS,07/02/2019 04:10:00 PM,IMPROPER LANE USAGE,UNABLE TO DETERMINE,10158,S,WESTERN AVE,2211.0,,,,,,,3,"REPORTED, NOT EVIDENT",1.0,0.0,0.0,0.0,1.0,2.0,0.0,15,3,7,41.7083423906,-87.681827224,POINT (-87.681827224047 41.708342390567)
8b769fd2dbb5af1b9c99cb71f32c044aec26c0d320c2d3fd520695c971145cf5f56648d8a3992afacff6bd1b711f63f872fb707a422e93100d56b1b2de2577c0,,06/10/2025 11:20:00 AM,30,TRAFFIC SIGNAL,FUNCTIONING PROPERLY,CLEAR,DAYLIGHT,TURNING,T-INTERSECTION,,STRAIGHT AND LEVEL,DRY,NO DEFECTS,ON SCENE,INJURY AND / OR TOW DUE TO CRASH,Y,,,"OVER $1,500",06/10/2025 11:21:00 AM,NOT APPLICABLE,NOT APPLICABLE,2800,W,LAWRENCE AVE,2031.0,,,,,,,2,NO INDICATION OF INJURY,0.0,0.0,0.0,0.0,0.0,2.0,0.0,11,3,6,41.9686414076,-87.6987246166,POINT (-87.698724616597 41.968641407594)
8e5ccbd7f56c88d8cac17eb088d5971f83c783354278c5586dc4373e1d515eaf8e3875885fb64b23518de1d29620e20131e18aebb08d669eb518f11c3a53409b,,05/09/2024 02:40:00 PM,30,TRAFFIC SIGNAL,FUNCTIONING PROPERLY,RAIN,DAYLIGHT,TURNING,NOT DIVIDED,,STRAIGHT AND LEVEL,WET,NO DEFECTS,NOT ON SCENE (DESK REPORT),NO INJURY / DRIVE AWAY,,,Y,"OVER $1,500",05/09/2024 05:00:00 PM,IMPROPER LANE USAGE,IMPROPER TURNING/NO SIGNAL,461,S,COLUMBUS DR,114.0,,,,,,,2,NO INDICATION OF INJURY,0.0,0.0,0.0,0.0,0.0,2.0,0.0,14,5,5,41.8758438939,-87.6204449857,POINT (-87.620444985702 41.87584389392)
4029bfe1353e88aac34836a1c4c4e0545ad255e115a27b23113cb569e321a3462003e91190e434a70e134671a12a42df59d75b936386e100d5fc4c0d17be37ca,,11/02/2017 09:10:00 AM,5,NO CONTROLS,NO CONTROLS,CLEAR,DAYLIGHT,PARKED MOTOR VEHICLE,PARKING LOT,,STRAIGHT AND LEVEL,DRY,NO DEFECTS,ON SCENE,NO INJURY / DRIVE AWAY,,,,$500 OR LESS,11/02/2017 11:45:00 AM,IMPROPER LANE USAGE,DRIVING ON WRONG SIDE/WRONG WAY,4300,N,NARRAGANSETT AVE,1632.0,,,,,,,2,NO INDICATION OF INJURY,0.0,0.0,0.0,0.0,0.0,1.0,0.0,9,5,11,41.9585483456,-87.7869189888,POINT (-87.786918988769 41.958548345645)
741c0d608ff3d0d0318ce92e62268e83997891609bffe586fbb407ecdc3ff4a77f4bdd34c79681443b1f1504c2f084c7549f595f6911a9adca16d300924becdb,,03/03/2019 04:15:00 PM,30,NO CONTROLS,NO CONTROLS,CLEAR,DAYLIGHT,SIDESWIPE SAME DIRECTION,DIVIDED - W/MEDIAN (NOT RAISED),4,STRAIGHT AND LEVEL,DRY,NO DEFECTS,NOT ON SCENE (DESK REPORT),NO INJURY / DRIVE AWAY,,,,"OVER $1,500",03/03/2019 05:45:00 PM,IMPROPER LANE USAGE,DRIVING SKILLS/KNOWLEDGE/EXPERIENCE,6301,S,HARLEM AVE,812.0,,,,,,,2,NO INDICATION OF INJURY,0.0,0.0,0.0,0.0,0.0,2.0,0.0,16,1,3,41.7772617725,-87.8007496292,POINT (-87.800749629191 41.77726177253)
aad67dea0c8f0051a66686e51400b1aa6f36d697247ee438ba27549f760bb190155422619879fcfd832fa6fc5270fd99169a68dd0c87301e3768a2281595e3ba,,12/02/2021 06:30:00 AM,30,STOP SIGN/FLASHER,NO CONTROLS,CLEAR,DAYLIGHT,TURNING,T-INTERSECTION,,STRAIGHT AND LEVEL,DRY,NO DEFECTS,ON SCENE,INJURY AND / OR TOW DUE TO CRASH,Y,,,"OVER $1,500",12/02/2021 07:17:00 AM,UNABLE TO DETERMINE,UNABLE TO DETERMINE,4001,E,134TH ST,433.0,,,,,,,2,NO INDICATION OF INJURY,0.0,0.0,0.0,0.0,0.0,3.0,0.0,6,5,12,41.6515030262,-87.5276176482,POINT (-87.527617648214 41.651503026201)
41b37bbbcf11452d6d4910406b0d6f27ca2abb01b0727d9a480b5718f9568c5b5aea7c03a6dd82b05fd437ae35f11333fc9db5a108da8fbba37dcf549ab7e655,,12/26/2020 11:46:00 AM,30,TRAFFIC SIGNAL,FUNCTIONING PROPERLY,CLEAR,DAYLIGHT,REAR END,DIVIDED - W/MEDIAN (NOT RAISED),,STRAIGHT AND LEVEL,DRY,NO DEFECTS,NOT ON SCENE (DESK REPORT),NO INJURY / DRIVE AWAY,,,,"OVER $1,500",12/26/2020 12:10:00 PM,UNABLE TO DETERMINE,UNABLE TO DETERMINE,5910,S,PULASKI RD,813.0,,,,,,,3,NO INDICATION OF INJURY,0.0,0.0,0.0,0.0,0.0,3.0,0.0,11,7,12,41.7856167423,-87.7230985774,POINT (-87.723098577354 41.785616742263)
e3ed3ac1c4fd765448352ffff2da7e4e3ea01ed8aa25472ca89c72ff6341baa69411f63303e919a9b03c696fd23c6b77e3b4583e1aa86c7b43f2f7747fa24583,,05/04/2020 11:47:00 AM,30,NO CONTROLS,NO CONTROLS,CLEAR,DAYLIGHT,FIXED OBJECT,OTHER,,STRAIGHT AND LEVEL,DRY,NO DEFECTS,ON SCENE,NO INJURY / DRIVE AWAY,,,Y,"OVER $1,500",05/06/2020 12:10:00 PM,UNABLE TO DETERMINE,UNABLE TO DETERMINE,501,N,CLINTON ST,1214.0,,,,,,,1,NO INDICATION OF INJURY,0.0,0.0,0.0,0.0,0.0,1.0,0.0,11,2,5,41.8907982137,-87.64225168,POINT (-87.64225167999 41.890798213667)
a33c4f6ea70c63e372f442e0c2804903cd7d485b047f5b0b64f9e371bcaeb43aa5a6895c88b0a38dbe3854cb322142242d6f2621e415a2469a95052a43a4b511,,08/24/2022 10:30:00 AM,30,NO CONTROLS,NO CONTROLS,UNKNOWN,DAYLIGHT,REAR END,NOT DIVIDED,,STRAIGHT AND LEVEL,UNKNOWN,NO DEFECTS,NOT ON SCENE (DESK REPORT),NO INJURY / DRIVE AWAY,,,,"$501 - $1,500",09/02/2022 01:45:00 PM,UNABLE TO DETERMINE,UNABLE TO DETERMINE,9858,S,VINCENNES AVE,2213.0,,,,,,,2,NO INDICATION OF INJURY,0.0,0.0,0.0,0.0,0.0,2.0,0.0,10,4,8,41.7142017106,-87.6534273897,POINT (-87.653427389723 41.714201710623)
dfb1d181a8e4d7d159a864e0dbed015c6c5cb9adb414c09d3331fc6e4fa21feed851d3a5fc55f71c124e1f58e5a16641a031cdb634a416b3888fb67ae5118579,Y,05/03/2021 01:30:00 AM,35,NO CONTROLS,NO CONTROLS,CLEAR,"DARKNESS, LIGHTED ROAD",PARKED MOTOR VEHICLE,NOT DIVIDED,,STRAIGHT AND LEVEL,DRY,UNKNOWN,ON SCENE,INJURY AND / OR TOW DUE TO CRASH,,,,"OVER $1,500",05/03/2021 01:40:00 AM,NOT APPLICABLE,NOT APPLICABLE,4935,N,WESTERN AVE,2031.0,,,,,,,2,NONINCAPACITATING INJURY,1.0,0.0,0.0,1.0,0.0,0.0,0.0,1,2,5,41.9714141536,-87.6888540542,POINT (-87.688854054188 41.971414153568)
19fcbe428f7177893e8af9329b4182558002a7d095134d5ae3a81000ee2b2c646610844c9e39f89fda48d6c2c771432557c856a6c3fb93244f748c2c6219958c,,06/01/2018 11:30:00 PM,10,NO CONTROLS,NO CONTROLS,CLEAR,DARKNESS,PARKED MOTOR VEHICLE,NOT DIVIDED,2,STRAIGHT AND LEVEL,DRY,NO DEFECTS,NOT ON SCENE (DESK REPORT),NO INJURY / DRIVE AWAY,,,,"OVER $1,500",06/02/2018 01:45:00 PM,IMPROPER OVERTAKING/PASSING,NOT APPLICABLE,1410,S,MUSEUM CAMPUS DR,132.0,,,,,,,2,NO INDICATION OF INJURY,0.0,0.0,0.0,0.0,0.0,2.0,0.0,23,6,6,41.862628294,-87.6150310941,POINT (-87.615031094113 41.862628294038)
8a18ee23a67f5603e3eea705265ec220176c503cd745e92f8a0308bb8b07bb177d88556b037cc0da1390baa81a0fc2c152479782e17e0e76f1198eae20353ede,,10/15/2016 12:10:00 AM,30,NO CONTROLS,NO CONTROLS,CLEAR,"DARKNESS, LIGHTED ROAD",REAR END,NOT DIVIDED,2,STRAIGHT AND LEVEL,DRY,UNKNOWN,NOT ON SCENE (DESK REPORT),NO INJURY / DRIVE AWAY,,,Y,"OVER $1,500",10/15/2016 12:38:00 AM,FOLLOWING TOO CLOSELY,NOT APPLICABLE,2357,N,MILWAUKEE AVE,1414.0,,,,,,,2,NO INDICATION OF INJURY,0.0,0.0,0.0,0.0,0.0,2.0,0.0,0,7,10,41.9241503056,-87.6991508827,POINT (-87.699150882692 41.924150305628)
2be82aa9021acf91892a777d318a72d74d4563789170c2a01b4299bbc4a1654947d3f55cfb7b2ef868cde322ef4f7f82c4c9cd60a57ba4ee9a7fde600fd64d43,,08/21/2020 05:30:00 PM,30,NO CONTROLS,NO CONTROLS,CLEAR,DAYLIGHT,TURNING,NOT DIVIDED,,STRAIGHT AND LEVEL,DRY,NO DEFECTS,NOT ON SCENE (DESK REPORT),NO INJURY / DRIVE AWAY,,,,"OVER $1,500",08/21/2020 06:23:00 PM,UNABLE TO DETERMINE,NOT APPLICABLE,1932,W,79TH ST,611.0,,,,,,,2,NO INDICATION OF INJURY,0.0,0.0,0.0,0.0,0.0,2.0,0.0,17,6,8,41.7503537645,-87.6721296374,POINT (-87.672129637392 41.750353764514)
f1cb3b50502cc72c6d47dcc62d61ffc99b1111bc90438fc555537fa77a882fab9f2bcf9f4d4eb8a33bc641dda40b9f8d79be45281e504c548df784fbd6349151,,11/19/2023 06:20:00 PM,30,TRAFFIC SIGNAL,FUNCTIONING PROPERLY,CLEAR,"DARKNESS, LIGHTED ROAD",REAR END,DIVIDED - W/MEDIAN (NOT RAISED),,STRAIGHT AND LEVEL,DRY,NO DEFECTS,ON SCENE,INJURY AND / OR TOW DUE TO CRASH,,,,"OVER $1,500",11/19/2023 06:20:00 PM,CELL PHONE USE OTHER THAN TEXTING,FAILING TO REDUCE SPEED TO AVOID CRASH,3020,S,PULASKI RD,1031.0,,,,,,,3,INCAPACITATING INJURY,1.0,0.0,1.0,0.0,0.0,2.0,0.0,18,1,11,41.8380569658,-87.7245274776,POINT (-87.724527477569 41.838056965817)