CRASH_RECORD_ID,CRASH_DATE_EST_I,CRASH_DATE,POSTED_SPEED_LIMIT,TRAFFIC_CONTROL_DEVICE,DEVICE_CONDITION,WEATHER_CONDITION,LIGHTING_CONDITION,FIRST_CRASH_TYPE,TRAFFICWAY_TYPE,LANE_CNT,ALIGNMENT,ROADWAY_SURFACE_COND,ROAD_DEFECT,REPORT_TYPE,CRASH_TYPE,INTERSECTION_RELATED_I,NOT_RIGHT_OF_WAY_I,HIT_AND_RUN_I,DAMAGE,DATE_POLICE_NOTIFIED,PRIM_CONTRIBUTORY_CAUSE,SEC_CONTRIBUTORY_CAUSE,STREET_NO,STREET_DIRECTION,STREET_NAME,BEAT_OF_OCCURRENCE,PHOTOS_TAKEN_I,STATEMENTS_TAKEN_I,DOORING_I,WORK_ZONE_I,WORK_ZONE_TYPE,WORKERS_PRESENT_I,NUM_UNITS,MOST_SEVERE_INJURY,INJURIES_TOTAL,INJURIES_FATAL,INJURIES_INCAPACITATING,INJURIES_NON_INCAPACITATING,INJURIES_REPORTED_NOT_EVIDENT,INJURIES_NO_INDICATION,INJURIES_UNKNOWN,CRASH_HOUR,CRASH_DAY_OF_WEEK,CRASH_MONTH,LATITUDE,LONGITUDE,LOCATION
c8d7f5655529c72199666c250bba230d6fd938d48f8407f4fd76cd57b44257b1330b13fb0b82d12841e896a6ef4cab1ddf5f75de8cd29539803addcdc23fadb3,,02/17/2019 10:20:00 PM,10,NO CONTROLS,NO CONTROLS,CLEAR,"DARKNESS, LIGHTED ROAD",SIDESWIPE OPPOSITE DIRECTION,DRIVEWAY,1,STRAIGHT AND LEVEL,DRY,NO DEFECTS,NOT ON SCENE (DESK REPORT),NO INJURY / DRIVE AWAY,,,,"OVER $1,500",02/21/2019 05:40:00 PM,UNABLE TO DETERMINE,UNABLE TO DETERMINE,3143,N,MILWAUKEE AVE,2523.0,,,,,,,2,NO INDICATION OF INJURY,0.0,0.0,0.0,0.0,0.0,2.0,0.0,22,1,2,41.9381165839,-87.7220122351,POINT (-87.722012235064 41.938116583931)
248045482ed832a690f529797221ad539695e2854580e9f1c6d1d386f60d500742ed7bbb26cbc62c719b5dfb7b3f9082d23e3eb7e60668ae0bd8e1655bf4e07a,,12/06/2023 10:30:00 AM,30,TRAFFIC SIGNAL,FUNCTIONING PROPERLY,CLEAR,DAYLIGHT,REAR END,NOT DIVIDED,,STRAIGHT AND LEVEL,DRY,NO DEFECTS,ON SCENE,INJURY AND / OR TOW DUE TO CRASH,Y,,,"OVER $1,500",12/06/2023 10:35:00 AM,FOLLOWING TOO CLOSELY,NOT APPLICABLE,349,E,47TH ST,224.0,,,,,,,2,"REPORTED, NOT EVIDENT",1.0,0.0,0.0,0.0,1.0,2.0,0.0,10,4,12,41.8092565913,-87.6176662764,POINT (-87.617666276445 41.809256591345)
cce48ccbaa52d2d467daeb7bd98336befade75bb260b9626ddd95a1b1eb0355aede089480153f4459dffadeaa3c78e49a8195d68b3ea4668e42171d374e28401,Y,08/01/2024 01:30:00 PM,30,NO CONTROLS,NO CONTROLS,CLEAR,DAYLIGHT,PARKED MOTOR VEHICLE,DIVIDED - W/MEDIAN (NOT RAISED),,STRAIGHT AND LEVEL,DRY,NO DEFECTS,NOT ON SCENE (DESK REPORT),NO INJURY / DRIVE AWAY,,,Y,"OVER $1,500",08/01/2024 03:00:00 PM,IMPROPER BACKING,NOT APPLICABLE,5300,S,HARPER AVE,234.0,,,,,,,2,NO INDICATION OF INJURY,0.0,0.0,0.0,0.0,0.0,3.0,0.0,13,5,8,41.7994686631,-87.5892361927,POINT (-87.589236192688 41.799468663076)
92f1af49623410eeb50abec18a25bfdeced27ad10ce467b8411886698a6412c81582a36e8a0a769a0f0408d4a08c60050176c4ac2d6e57b128023ef6fe18b53f,,02/01/2021 11:20:00 AM,30,NO CONTROLS,NO CONTROLS,CLEAR,DAYLIGHT,REAR END,NOT DIVIDED,,STRAIGHT AND LEVEL,DRY,NO DEFECTS,ON SCENE,INJURY AND / OR TOW DUE TO CRASH,,,,$500 OR LESS,02/01/2021 11:21:00 AM,UNABLE TO DETERMINE,UNABLE TO DETERMINE,1455,S,CENTRAL PARK AVE,1021.0,,,,,,,2,NO INDICATION OF INJURY,0.0,0.0,0.0,0.0,0.0,2.0,0.0,11,2,2,41.8608855346,-87.7151167471,POINT (-87.715116747057 41.860885534567)
d2280f718e743ccf48c08a826c5cece68c16edde0e9936881b223e31ac5ef908e1bd8e2b50de2833dd626845fee7e8cc296278327298c888b43af39b3bccea0e,,07/30/2019 12:17:00 PM,10,NO CONTROLS,NO CONTROLS,CLEAR,DAYLIGHT,PEDESTRIAN,PARKING LOT,,STRAIGHT AND LEVEL,DRY,NO DEFECTS,ON SCENE,INJURY AND / OR TOW DUE TO CRASH,,,,$500 OR LESS,07/30/2019 12:23:00 PM,NOT APPLICABLE,NOT APPLICABLE,11438,S,MICHIGAN AVE,531.0,,,,,,,2,"REPORTED, NOT EVIDENT",1.0,0.0,0.0,0.0,1.0,1.0,0.0,12,3,7,41.685954108,-87.6209731806,POINT (-87.620973180635 41.685954108028)
81a2a0339671615a85b357910f48d0002a7b4a393ad659ceb4ad1c2e1b45328ec60c59851cfe10fa0c7e41a7aab771ed9b6af5c30113fa2a346c1e2c9c5a7973,,07/28/2025 11:30:00 PM,30,TRAFFIC SIGNAL,FUNCTIONING PROPERLY,CLEAR,"DARKNESS, LIGHTED ROAD",TURNING,NOT DIVIDED,,STRAIGHT AND LEVEL,DRY,NO DEFECTS,NOT ON SCENE (DESK REPORT),NO INJURY / DRIVE AWAY,Y,,Y,"OVER $1,500",07/29/2025 07:55:00 PM,IMPROPER LANE USAGE,UNABLE TO DETERMINE,6001,W,DIVERSEY AVE,2512.0,,,,,,,2,NO INDICATION OF INJURY,0.0,0.0,0.0,0.0,0.0,2.0,0.0,23,2,7,41.9310291091,-87.7760247449,POINT (-87.776024744914 41.931029109093)
4176a1620944895f37016c492f3651c6f0e4a67d8d181eaa342e86a32b0655abd1d25684c1ba27d360ab987865b4ed8a2e5ec0afda1c95e2055c8ed2ecc35896,,10/21/2024 06:30:00 PM,35,NO CONTROLS,NO CONTROLS,CLEAR,"DARKNESS, LIGHTED ROAD",PARKED MOTOR VEHICLE,NOT DIVIDED,,STRAIGHT AND LEVEL,DRY,NO DEFECTS,ON SCENE,NO INJURY / DRIVE AWAY,,,,"OVER $1,500",10/21/2024 06:45:00 PM,DRIVING SKILLS/KNOWLEDGE/EXPERIENCE,NOT APPLICABLE,6832,W,ARCHER AVE,811.0,,,,,,,2,NO INDICATION OF INJURY,0.0,0.0,0.0,0.0,0.0,1.0,0.0,18,2,10,41.7922412043,-87.7928608402,POINT (-87.792860840209 41.792241204256)
359546e1c90e77b46286fa2e57a5005c1e7f6ba5fe8979a1b81e308316cd59b2c334b05ead1adced4649d1d086961a9966b5cca2c4ffab9ca764c73ba5183dea,,11/01/2025 03:52:00 AM,30,TRAFFIC SIGNAL,FUNCTIONING PROPERLY,CLEAR,"DARKNESS, LIGHTED ROAD",SIDESWIPE SAME DIRECTION,DIVIDED - W/MEDIAN (NOT RAISED),,STRAIGHT AND LEVEL,DRY,NO DEFECTS,NOT ON SCENE (DESK REPORT),NO INJURY / DRIVE AWAY,Y,,,"OVER $1,500",11/01/2025 04:45:00 AM,FAILING TO YIELD RIGHT-OF-WAY,NOT APPLICABLE,6371,N,CLARK ST,2433.0,,,,,,,2,NO INDICATION OF INJURY,0.0,0.0,0.0,0.0,0.0,2.0,0.0,3,7,11,41.9980526555,-87.6703266562,POINT (-87.67032665616 41.998052655508)
4165a1f03751e1521b9898ffd0f4d49d87f6e6262c5aacc5679c7725fb417e9f2c395d6a9d1f3837f902873abe0bb886911c1600c1788ec7999594fd00fec541,N,09/13/2021 04:10:00 AM,20,NO CONTROLS,NO CONTROLS,CLEAR,"DARKNESS, LIGHTED ROAD",PARKED MOTOR VEHICLE,ALLEY,,STRAIGHT AND LEVEL,DRY,UNKNOWN,ON SCENE,NO INJURY / DRIVE AWAY,,Y,Y,"OVER $1,500",09/13/2021 04:15:00 AM,UNABLE TO DETERMINE,UNABLE TO DETERMINE,1510,E,70TH ST,332.0,,,,,,,2,NO INDICATION OF INJURY,0.0,0.0,0.0,0.0,0.0,1.0,0.0,4,2,9,41.7679765561,-87.587446523,POINT (-87.587446523014 41.767976556084)
249323af4db785b86589d6ecb1b3c529c9bc22c3547313f2285e002734977749addfdde9696b3770a538d0970900a58a3083663db230e63976fc3df701a91f29,N,03/23/2019 12:05:00 AM,30,TRAFFIC SIGNAL,FUNCTIONING PROPERLY,CLEAR,"DARKNESS, LIGHTED ROAD",REAR END,DIVIDED - W/MEDIAN BARRIER,4,STRAIGHT AND LEVEL,DRY,NO DEFECTS,ON SCENE,NO INJURY / DRIVE AWAY,,,Y,"OVER $1,500",03/23/2019 12:11:00 AM,UNABLE TO DETERMINE,UNABLE TO DETERMINE,4060,S,CICERO AVE,814.0,,,,,,,2,NO INDICATION OF INJURY,0.0,0.0,0.0,0.0,0.0,3.0,0.0,0,7,3,41.8190549014,-87.7436140432,POINT (-87.743614043202 41.819054901394)
5a4e2baa37d279157ef440cd92291da932bcd73160591657023e453144c13db3e82ef4ff9d653a9a515facbf2adf3af240c50550b8af9fc84b27dcdec4b6a0f0,,07/08/2024 06:20:00 PM,30,NO CONTROLS,NO CONTROLS,CLEAR,DAYLIGHT,REAR END,NOT DIVIDED,,STRAIGHT AND LEVEL,DRY,NO DEFECTS,NOT ON SCENE (DESK REPORT),NO INJURY / DRIVE AWAY,,,,"OVER $1,500",07/09/2024 08:20:00 PM,FOLLOWING TOO CLOSELY,UNABLE TO DETERMINE,6119,W,GRAND AVE,2512.0,,,,,,,2,NO INDICATION OF INJURY,0.0,0.0,0.0,0.0,0.0,2.0,0.0,18,2,7,41.9210471846,-87.7788606501,POINT (-87.778860650112 41.921047184581)
b8ac47ddbf035543d46cb8f06867fae08eb7ca65dca65de392d3326b27747160ecf6e2975a6c7ac18e22a9417969c3a14ffeee7ce98f6f70a6c89e5549e2ab61,,08/09/2023 09:45:00 AM,30,NO CONTROLS,NO CONTROLS,CLEAR,DAYLIGHT,PARKED MOTOR VEHICLE,NOT DIVIDED,,STRAIGHT AND LEVEL,DRY,NO DEFECTS,NOT ON SCENE (DESK REPORT),NO INJURY / DRIVE AWAY,,,Y,"OVER $1,500",08/11/2023 11:37:00 AM,UNABLE TO DETERMINE,NOT APPLICABLE,1443,N,LINDER AVE,2532.0,,,,,,,2,NO INDICATION OF INJURY,0.0,0.0,0.0,0.0,0.0,1.0,0.0,9,4,8,41.9070596083,-87.7631967399,POINT (-87.763196739856 41.9070596083)
23fa405b1e55634594ba9fd1e6a158c3204352302683d4599e2b45bcbcfaf73f19ba8f13e9d38c18c225e5d86a444f20c4e94068c89d7ec13d1636323e28f717,,09/11/2017 07:45:00 AM,30,TRAFFIC SIGNAL,FUNCTIONING PROPERLY,CLEAR,DAYLIGHT,SIDESWIPE SAME DIRECTION,DIVIDED - W/MEDIAN (NOT RAISED),,STRAIGHT AND LEVEL,DRY,NO DEFECTS,NOT ON SCENE (DESK REPORT),NO INJURY / DRIVE AWAY,,,,"$501 - $1,500",09/11/2017 08:47:00 AM,FOLLOWING TOO CLOSELY,NOT APPLICABLE,8300,S,VINCENNES AVE,622.0,,,,,,,2,NO INDICATION OF INJURY,0.0,0.0,0.0,0.0,0.0,2.0,0.0,7,2,9,41.7435045576,-87.6366627981,POINT (-87.636662798126 41.743504557606)
bdfe4438928fe5102c5c0f92a872fabc32c4e41a924eded0498acfc8e5748badf3e0f80eb5a48ae4c2e6fb0560fd7f0ed3add2ef9283bd114dfd0d26e0d02179,,06/15/2022 05:15:00 PM,30,TRAFFIC SIGNAL,FUNCTIONING PROPERLY,CLEAR,DAYLIGHT,REAR END,NOT DIVIDED,,STRAIGHT AND LEVEL,DRY,NO DEFECTS,NOT ON SCENE (DESK REPORT),NO INJURY / DRIVE AWAY,,,,"OVER $1,500",06/15/2022 07:20:00 PM,FAILING TO REDUCE SPEED TO AVOID CRASH,DRIVING SKILLS/KNOWLEDGE/EXPERIENCE,6300,S,CALIFORNIA AVE,823.0,,,,,,,2,NO INDICATION OF INJURY,0.0,0.0,0.0,0.0,0.0,2.0,0.0,17,4,6,41.7790199096,-87.6935354824,POINT (-87.69353548242 41.779019909594)
978b726bb7c1939bb15d43a844e2befb5e5c6e872ea6ec50a165249c8bb1c1358abce5d0e83c2f5fe1bdd335d839116e988afb872070c2f2bc3ea7851f521437,,12/01/2023 02:30:00 PM,30,NO CONTROLS,NO CONTROLS,CLEAR,DAYLIGHT,HEAD ON,PARKING LOT,,STRAIGHT AND LEVEL,WET,NO DEFECTS,NOT ON SCENE (DESK REPORT),NO INJURY / DRIVE AWAY,,,,"$501 - $1,500",12/01/2023 03:29:00 PM,IMPROPER BACKING,IMPROPER BACKING,9900,S,HALSTED ST,2232.0,,,,,,,2,NO INDICATION OF INJURY,0.0,0.0,0.0,0.0,0.0,2.0,0.0,14,6,12,41.7141188681,-87.6431454082,POINT (-87.643145408182 41.71411886809)
9c2d27da4b26c0cb8fb24fd787a44af6bea0d4c04ff3297069aa77230df93e1250c89e01001c21f8950efe2f4ca8dfa4db0e19b497548e450ed542d75cdae88e,,08/09/2025 08:30:00 PM,30,TRAFFIC SIGNAL,FUNCTIONING PROPERLY,CLEAR,"DARKNESS, LIGHTED ROAD",REAR END,FOUR WAY,,STRAIGHT AND LEVEL,DRY,NO DEFECTS,NOT ON SCENE (DESK REPORT),NO INJURY / DRIVE AWAY,Y,,,"OVER $1,500",08/10/2025 12:15:00 AM,UNABLE TO DETERMINE,UNABLE TO DETERMINE,2002,N,CICERO AVE,2522.0,,,,,,,2,NO INDICATION OF INJURY,0.0,0.0,0.0,0.0,0.0,2.0,0.0,20,7,8,41.9170318244,-87.7462637183,POINT (-87.746263718306 41.917031824409)
451c4c12531b2b9a55b12147ed15d0821c496204cddd6e4134e09a78b76387c0f23c6a7e2fbe6c0d40c1acc5f572295fa8a52db25394b1df15e5e5d15c7cad2b,,12/11/2022 05:54:00 PM,30,NO CONTROLS,NO CONTROLS,CLEAR,DAYLIGHT,PARKED MOTOR VEHICLE,NOT DIVIDED,,STRAIGHT AND LEVEL,DRY,NO DEFECTS,NOT ON SCENE (DESK REPORT),NO INJURY / DRIVE AWAY,,,,"OVER $1,500",12/11/2022 08:53:00 PM,NOT APPLICABLE,NOT APPLICABLE,6363,S,LECLAIRE AVE,813.0,,,,,,,2,NO INDICATION OF INJURY,0.0,0.0,0.0,0.0,0.0,1.0,0.0,17,1,12,41.7764885338,-87.7488716166,POINT (-87.748871616594 41.776488533833)
0ece47099e816416e7b8e576cc75330c7a997076d679d886957c8821e13b6ab3e6539aa8da6c5591a3464ee6c0af061b44cfc85e75c3a0b853d3d27d6413ce8f,,06/22/2018 04:45:00 PM,20,NO CONTROLS,NO CONTROLS,CLEAR,DAYLIGHT,TURNING,NOT DIVIDED,2,STRAIGHT AND LEVEL,DRY,NO DEFECTS,NOT ON SCENE (DESK REPORT),NO INJURY / DRIVE AWAY,,,,"OVER $1,500",06/23/2018 02:25:00 PM,FAILING TO YIELD RIGHT-OF-WAY,NOT APPLICABLE,7515,S,HERMITAGE AVE,611.0,,,,,,,2,NO INDICATION OF INJURY,0.0,0.0,0.0,0.0,0.0,2.0,0.0,16,6,6,41.7571205585,-87.6671094926,POINT (-87.667109492582 41.757120558493)
ce5bb4483476010f977eca905a778099f21815746e62d74da5f9ebfbd5c84bfcbffcf51cfd1cffedf9379bf9e56e03f19a236142e988b759548a8e3da509501f,,01/09/2019 10:30:00 AM,30,STOP SIGN/FLASHER,FUNCTIONING PROPERLY,CLEAR,DAYLIGHT,TURNING,NOT DIVIDED,2,STRAIGHT AND LEVEL,DRY,UNKNOWN,NOT ON SCENE (DESK REPORT),NO INJURY / DRIVE AWAY,Y,,,"$501 - $1,500",01/29/2019 01:10:00 PM,UNABLE TO DETERMINE,NOT APPLICABLE,5399,N,DELPHIA AVE,1614.0,,,,,,,2,NO INDICATION OF INJURY,0.0,0.0,0.0,0.0,0.0,2.0,0.0,10,4,1,41.9773801572,-87.8413887097,POINT (-87.841388709736 41.977380157228)
a0558c8c66f5feddd8757d22f637ed509902393077d01176fe94b240750cb8f0dff964ea2437b6f227533ddf9568ec5d516f0bde6068ace19eedf72b245ba21c,,06/17/2019 09:30:00 PM,30,NO CONTROLS,NO CONTROLS,CLEAR,"DARKNESS, LIGHTED ROAD",SIDESWIPE SAME DIRECTION,DIVIDED - W/MEDIAN (NOT RAISED),,STRAIGHT AND LEVEL,DRY,NO DEFECTS,ON SCENE,NO INJURY / DRIVE AWAY,,,,"OVER $1,500",06/17/2019 09:37:00 PM,IMPROPER OVERTAKING/PASSING,NOT APPLICABLE,6419,N,CALIFORNIA AVE,2412.0,,,,,,,2,NO INDICATION OF INJURY,0.0,0.0,0.0,0.0,0.0,2.0,0.0,21,2,6,41.9981646121,-87.6995176909,POINT (-87.699517690929 41.998164612096)
b456989b931ff9724d36ad8a1ba275e4a3fe87e6ad4fece5d98ab376f387154d01f4ce10a4106c89ccedf8ef219d8de0d1e08bb32a3652e98689038f3958c587,,04/16/2023 11:28:00 AM,20,NO CONTROLS,NO CONTROLS,RAIN,DAYLIGHT,REAR END,ONE-WAY,,STRAIGHT AND LEVEL,WET,NO DEFECTS,ON SCENE,NO INJURY / DRIVE AWAY,,,,"OVER $1,500",04/16/2023 11:30:00 AM,FOLLOWING TOO CLOSELY,DRIVING SKILLS/KNOWLEDGE/EXPERIENCE,1,W,TERMINAL ST,1651.0,,,,,,,2,NO INDICATION OF INJURY,0.0,0.0,0.0,0.0,0.0,2.0,0.0,11,1,4,,,
448c960a07260847918cea51f5f678c95646aea416d19f8818c73622f55f0606064a4bcba9dd18be35e15c113355e6564b2681811c4e5db39997d1cc34f95ccf,,09/15/2022 02:22:00 PM,30,NO CONTROLS,NO CONTROLS,CLEAR,DAYLIGHT,PARKED MOTOR VEHICLE,NOT DIVIDED,,STRAIGHT AND LEVEL,DRY,NO DEFECTS,NOT ON SCENE (DESK REPORT),NO INJURY / DRIVE AWAY,,,,"OVER $1,500",09/15/2022 05:00:00 PM,UNABLE TO DETERMINE,UNABLE TO DETERMINE,2226,N,MILWAUKEE AVE,1431.0,,,,,,,2,NO INDICATION OF INJURY,0.0,0.0,0.0,0.0,0.0,1.0,0.0,14,5,9,41.9212218463,-87.6948431353,POINT (-87.694843135283 41.921221846262)
46d1f02a106ff504b4dba6de17731a5c98e99a44bf57c01542a64b11113d1c6841b8d5b75abc8cec661fa7a7cfd9bdb36a09f466c0159af9a3d67f73eaa7f280,Y,12/11/2020 05:15:00 PM,30,NO CONTROLS,NO CONTROLS,RAIN,"DARKNESS, LIGHTED ROAD",REAR END,NOT DIVIDED,,STRAIGHT AND LEVEL,WET,NO DEFECTS,ON SCENE,NO INJURY / DRIVE AWAY,,,,"$501 - $1,500",12/11/2020 05:16:00 PM,CELL PHONE USE OTHER THAN TEXTING,FOLLOWING TOO CLOSELY,10944,S,WESTERN AVE,2212.0,,,,,,,2,NO INDICATION OF INJURY,0.0,0.0,0.0,0.0,0.0,3.0,0.0,17,6,12,41.6943518334,-87.6813840058,POINT (-87.681384005784 41.694351833425)
099bde08ef0518443711ad4796e90f5c77dc091c6ab2f35bef6ffbef685f73a514bc8c726675703de62827a5d1d2fdb239cd72867463f2533f0922a682e96f71,,02/19/2020 04:45:00 PM,35,TRAFFIC SIGNAL,FUNCTIONING PROPERLY,CLEAR,DAYLIGHT,TURNING,DIVIDED - W/MEDIAN BARRIER,,STRAIGHT AND LEVEL,DRY,NO DEFECTS,ON SCENE,INJURY AND / OR TOW DUE TO CRASH,Y,,,"OVER $1,500",02/19/2020 05:20:00 PM,NOT APPLICABLE,NOT APPLICABLE,3600,N,CUMBERLAND AVE,1631.0,,,,,,,2,NO INDICATION OF INJURY,0.0,0.0,0.0,0.0,0.0,2.0,0.0,16,4,2,41.9448481784,-87.8365837325,POINT (-87.836583732455 41.944848178426)
1d21bb25e22cb026dc141cdb4e658b8583981ff2ba82ba5a32394e8d15aa0f1fc698da7c3044364228dd305af29ae64420e7961072cb40645175991a8f981b25,,01/21/2025 03:05:00 PM,25,TRAFFIC SIGNAL,FUNCTIONING PROPERLY,CLEAR,DAYLIGHT,REAR END,FOUR WAY,,STRAIGHT AND LEVEL,DRY,NO DEFECTS,ON SCENE,INJURY AND / OR TOW DUE TO CRASH,Y,,Y,"$501 - $1,500",01/21/2025 03:40:00 PM,UNABLE TO DETERMINE,NOT APPLICABLE,5099,S,WESTERN AVE,923.0,,,,,,,2,NONINCAPACITATING INJURY,3.0,0.0,0.0,3.0,0.0,1.0,0.0,15,3,1,41.8012398039,-87.6840804282,POINT (-87.684080428242 41.80123980394)
74287a28645410cafbc8bb522b62fd6984353e2312e149c9a54a7f7184536dad11fb31ad5115701f8d7431edb9a5e4a4d34b431059c94229d14c38403c49bf6c,Y,08/31/2024 08:00:00 AM,30,UNKNOWN,UNKNOWN,UNKNOWN,UNKNOWN,PARKED MOTOR VEHICLE,UNKNOWN,,STRAIGHT AND LEVEL,UNKNOWN,UNKNOWN,NOT ON SCENE (DESK REPORT),INJURY AND / OR TOW DUE TO CRASH,,,Y,"OVER $1,500",08/31/2024 12:30:00 PM,UNABLE TO DETERMINE,UNABLE TO DETERMINE,1716,N,MC VICKER AVE,2513.0,,,,,,,2,NO INDICATION OF INJURY,0.0,0.0,0.0,0.0,0.0,1.0,0.0,8,7,8,41.9116086633,-87.776661433,POINT (-87.776661432954 41.911608663263)
6dafaf64276d0a76aad5862c6d9c7592b60c029f61666288849c14f56ed2eba8bff9e75db7e58144055c509a034cbd864a2716820e5aa26072d730f82696a1bd,,02/28/2017 05:00:00 PM,30,NO CONTROLS,NO CONTROLS,RAIN,DUSK,SIDESWIPE SAME DIRECTION,ONE-WAY,2,STRAIGHT AND LEVEL,WET,NO DEFECTS,NOT ON SCENE (DESK REPORT),NO INJURY / DRIVE AWAY,,,,"OVER $1,500",02/28/2017 05:40:00 PM,IMPROPER LANE USAGE,NOT APPLICABLE,1599,W,BALMORAL AVE,2012.0,,,,,,,2,NO INDICATION OF INJURY,0.0,0.0,0.0,0.0,0.0,2.0,0.0,17,3,2,41.9797151204,-87.6696394146,POINT (-87.669639414631 41.979715120405)
96122de6416477b5665d15bf7b4f8aac84f8320b37663f969577c4a3b177584a66b6bebae32d2ae15248cef96641a31e9e5108ec6502ae89e8b1ea407479d70e,,10/18/2017 05:00:00 PM,30,STOP SIGN/FLASHER,NO CONTROLS,CLEAR,DAYLIGHT,ANGLE,NOT DIVIDED,,STRAIGHT AND LEVEL,DRY,NO DEFECTS,NOT ON SCENE (DESK REPORT),INJURY AND / OR TOW DUE TO CRASH,,,,"OVER $1,500",10/19/2017 05:12:00 PM,DISREGARDING TRAFFIC SIGNALS,UNABLE TO DETERMINE,2400,S,MICHIGAN AVE,131.0,,,,,,,2,NONINCAPACITATING INJURY,1.0,0.0,0.0,1.0,0.0,1.0,0.0,17,4,10,41.8492428544,-87.6238608988,POINT (-87.623860898773 41.849242854384)
1194020cd4d9297fbfc8a8f472930803250aa0bf454ccd7471cf632eccf3862daf0f6fc3794c6e4a736e5deafdc29976f353826b9f3694ec50362297ac13ffb1,,07/25/2019 01:00:00 PM,30,NO CONTROLS,NO CONTROLS,CLEAR,DAYLIGHT,SIDESWIPE SAME DIRECTION,NOT DIVIDED,,STRAIGHT AND LEVEL,DRY,NO DEFECTS,NOT ON SCENE (DESK REPORT),NO INJURY / DRIVE AWAY,,,Y,"$501 - $1,500",07/25/2019 06:43:00 PM,UNABLE TO DETERMINE,NOT APPLICABLE,1710,W,18TH ST,1234.0,,,,,,,2,NO INDICATION OF INJURY,0.0,0.0,0.0,0.0,0.0,3.0,0.0,13,5,7,41.8578584549,-87.6692755608,POINT (-87.669275560795 41.8578584549)
f4e521128f2c1b86373a52ddf801dda1318c2ff10109f17f95b3194076454d82cff7b66703a05e1c1d4946e89b280815097eb7e882e948dec629aff158cb08a7,,05/21/2018 04:00:00 PM,30,NO CONTROLS,NO CONTROLS,CLEAR,DAYLIGHT,PARKED MOTOR VEHICLE,NOT DIVIDED,,STRAIGHT AND LEVEL,DRY,NO DEFECTS,NOT ON SCENE (DESK REPORT),NO INJURY / DRIVE AWAY,,,,"$501 - $1,500",05/29/2018 04:35:00 PM,UNABLE TO DETERMINE,NOT APPLICABLE,2302,W,TAYLOR ST,1225.0,,,,,,,2,NO INDICATION OF INJURY,0.0,0.0,0.0,0.0,0.0,2.0,0.0,16,2,5,41.8691195712,-87.6837962117,POINT (-87.683796211743 41.869119571206)
36bc8465d433d707c66af92550861cb27cc80ca242c3eb71c42f7d2baf909cc08837955db670ebcf5a3a0e055626d5f392e991bde33626bc33397afe5ea8879d,,10/15/2018 06:45:00 PM,30,NO CONTROLS,NO CONTROLS,CLEAR,DAYLIGHT,REAR END,NOT DIVIDED,,STRAIGHT AND LEVEL,DRY,NO DEFECTS,NOT ON SCENE (DESK REPORT),NO INJURY / DRIVE AWAY,,,Y,"OVER $1,500",10/15/2018 07:10:00 PM,UNABLE TO DETERMINE,UNABLE TO DETERMINE,2001,W,LAWRENCE AVE,1911.0,,,,,,,2,NO INDICATION OF INJURY,0.0,0.0,0.0,0.0,0.0,2.0,0.0,18,2,10,41.968645633,-87.6792441513,POINT (-87.679244151273 41.968645632956)
3c8338487c409e785fd3e4d3fd1e0bcd28c512d04ef9c711f5d9f2cf5529f75add6a9598e53b2d41ea4bea4985259d6d40ffe0a65a2952587b04d18be7245f54,,08/20/2023 04:08:00 PM,30,NO CONTROLS,NO CONTROLS,CLEAR,DAYLIGHT,REAR END,NOT DIVIDED,,STRAIGHT AND LEVEL,DRY,NO DEFECTS,ON SCENE,INJURY AND / OR TOW DUE TO CRASH,,,,"OVER $1,500",08/20/2023 04:09:00 PM,CELL PHONE USE OTHER THAN TEXTING,DISTRACTION - FROM INSIDE VEHICLE,2145,N,LARAMIE AVE,2522.0,,,,,,,3,NO INDICATION OF INJURY,0.0,0.0,0.0,0.0,0.0,4.0,0.0,16,1,8,41.9199771721,-87.7558809923,POINT (-87.755880992266 41.919977172086)
4e5925ee7a9b9be0a35cd3c766dc3ab3e7bcad73ce6cc342953c209ddd455c6c06a0beb06a840f4d55e8ab04f81ecb84818e7955bee7df96b09a75cf94e488fa,,01/03/2024 07:24:00 PM,30,NO CONTROLS,NO CONTROLS,CLEAR,"DARKNESS, LIGHTED ROAD",TURNING,DIVIDED - W/MEDIAN (NOT RAISED),,STRAIGHT AND LEVEL,DRY,NO DEFECTS,NOT ON SCENE (DESK REPORT),NO INJURY / DRIVE AWAY,,,,"OVER $1,500",01/03/2024 09:30:00 PM,UNABLE TO DETERMINE,NOT APPLICABLE,1616,E,87TH ST,412.0,,,,,,,2,NO INDICATION OF INJURY,0.0,0.0,0.0,0.0,0.0,5.0,0.0,19,4,1,41.7370398311,-87.5844769119,POINT (-87.584476911926 41.737039831058)
00fee628ac3f3c1d7c013f430a9e4614c96d2bafdb9c38fdf63f3634967cfb88de363bcaf54dffb697a5cdb485871bb770f9c031321067050d505ec7f46b0a7b,,06/24/2024 08:24:00 PM,25,NO CONTROLS,NO CONTROLS,CLEAR,DAYLIGHT,TURNING,ONE-WAY,,STRAIGHT AND LEVEL,DRY,NO DEFECTS,ON SCENE,INJURY AND / OR TOW DUE TO CRASH,,,,"OVER $1,500",06/24/2024 08:26:00 PM,FAILING TO REDUCE SPEED TO AVOID CRASH,DRIVING SKILLS/KNOWLEDGE/EXPERIENCE,2538,W,66TH ST,832.0,,,,,,,3,INCAPACITATING INJURY,2.0,0.0,1.0,1.0,0.0,0.0,0.0,20,2,6,41.7738452954,-87.6874782769,POINT (-87.687478276904 41.773845295363)