CRASH_RECORD_ID,CRASH_DATE_EST_I,CRASH_DATE,POSTED_SPEED_LIMIT,TRAFFIC_CONTROL_DEVICE,DEVICE_CONDITION,WEATHER_CONDITION,LIGHTING_CONDITION,FIRST_CRASH_TYPE,TRAFFICWAY_TYPE,LANE_CNT,ALIGNMENT,ROADWAY_SURFACE_COND,ROAD_DEFECT,REPORT_TYPE,CRASH_TYPE,INTERSECTION_RELATED_I,NOT_RIGHT_OF_WAY_I,HIT_AND_RUN_I,DAMAGE,DATE_POLICE_NOTIFIED,PRIM_CONTRIBUTORY_CAUSE,SEC_CONTRIBUTORY_CAUSE,STREET_NO,STREET_DIRECTION,STREET_NAME,BEAT_OF_OCCURRENCE,PHOTOS_TAKEN_I,STATEMENTS_TAKEN_I,DOORING_I,WORK_ZONE_I,WORK_ZONE_TYPE,WORKERS_PRESENT_I,NUM_UNITS,MOST_SEVERE_INJURY,INJURIES_TOTAL,INJURIES_FATAL,INJURIES_INCAPACITATING,INJURIES_NON_INCAPACITATING,INJURIES_REPORTED_NOT_EVIDENT,INJURIES_NO_INDICATION,INJURIES_UNKNOWN,CRASH_HOUR,CRASH_DAY_OF_WEEK,CRASH_MONTH,LATITUDE,LONGITUDE,LOCATION
8e877f9f569249145d46b3f381d63a6ec69ec1c8df40b77feebdf1ed45c693a10e5221ffaaa3f6c3c92b09f2836f92ad9fbfe0cd5e22323ecf4bd1baf1684243,,11/21/2018 11:21:00 PM,35,NO CONTROLS,NO CONTROLS,CLEAR,"DARKNESS, LIGHTED ROAD",TURNING,NOT DIVIDED,,STRAIGHT AND LEVEL,DRY,NO DEFECTS,ON SCENE,NO INJURY / DRIVE AWAY,Y,,,"OVER $1,500",11/21/2018 11:24:00 PM,FAILING TO YIELD RIGHT-OF-WAY,NOT APPLICABLE,3620,S,ARCHER AVE,912.0,,,,,,,2,NO INDICATION OF INJURY,0.0,0.0,0.0,0.0,0.0,2.0,0.0,23,4,11,41.8279392678,-87.6818705507,POINT (-87.681870550725 41.827939267776)
486ac0cbbf0313c8abd7063bbb9e2503a4083e2c0d63f7eb598a0a39f11f59c061bb9e8cf6627dee47582529f0c20b9d231cb4dfbb2da0879a373b3bf848edeb,,06/22/2018 02:50:00 PM,30,NO CONTROLS,NO CONTROLS,CLEAR,DAYLIGHT,REAR END,PARKING LOT,2,STRAIGHT AND LEVEL,UNKNOWN,UNKNOWN,NOT ON SCENE (DESK REPORT),NO INJURY / DRIVE AWAY,,Y,,"$501 - $1,500",06/22/2018 03:00:00 PM,UNABLE TO DETERMINE,UNABLE TO DETERMINE,5233,N,LINCOLN AVE,2011.0,,,,,,,2,NO INDICATION OF INJURY,0.0,0.0,0.0,0.0,0.0,2.0,0.0,14,6,6,41.9768950984,-87.6922796678,POINT (-87.692279667764 41.976895098405)
3fbe4f865ac801f92131163c50bd3fd7437f1c3ef7577e3cdfaee7c26b2ce523bdacdb0d92df6f778903bce7946cd35dee07ba72fafdd530dc56737e2ca0cf15,,02/27/2024 03:44:00 PM,30,TRAFFIC SIGNAL,UNKNOWN,CLEAR,DAYLIGHT,TURNING,CENTER TURN LANE,,STRAIGHT AND LEVEL,DRY,UNKNOWN,ON SCENE,INJURY AND / OR TOW DUE TO CRASH,Y,,,"OVER $1,500",02/27/2024 04:00:00 PM,UNABLE TO DETERMINE,UNABLE TO DETERMINE,4301,W,CHICAGO AVE,1111.0,,,,,,,2,NO INDICATION OF INJURY,0.0,0.0,0.0,0.0,0.0,2.0,0.0,15,3,2,41.8951192388,-87.7335377792,POINT (-87.733537779202 41.895119238788)
e3397a3db39230776b3613e57727a6f06b5fa40edb56148e74737deca99729b2b1704041d228009328bfc4733bf633c7d06bbb97802d3745e8ac1b1b76dcaf60,,08/04/2023 05:00:00 PM,15,NO CONTROLS,NO CONTROLS,CLEAR,DAYLIGHT,REAR END,PARKING LOT,,STRAIGHT AND LEVEL,DRY,NO DEFECTS,NOT ON SCENE (DESK REPORT),NO INJURY / DRIVE AWAY,,,,"$501 - $1,500",08/04/2023 05:20:00 PM,FOLLOWING TOO CLOSELY,NOT APPLICABLE,5308,N,MILWAUKEE AVE,1622.0,,,,,,,2,NO INDICATION OF INJURY,0.0,0.0,0.0,0.0,0.0,2.0,0.0,17,6,8,41.9767343425,-87.7688626356,POINT (-87.76886263557 41.976734342481)
c03a35b008a23f3bdb1877f913fc35f638b3f562a18499c6b1fbddb6820e368e7e6b77df2ede92b8f63afe2ea2f7d40f9b3f5c37e98e3eb95cd42f026e93a37f,,12/01/2024 03:45:00 AM,30,NO CONTROLS,FUNCTIONING PROPERLY,CLEAR,"DARKNESS, LIGHTED ROAD",PARKED MOTOR VEHICLE,PARKING LOT,,STRAIGHT AND LEVEL,DRY,NO DEFECTS,ON SCENE,INJURY AND / OR TOW DUE TO CRASH,,,Y,"OVER $1,500",12/01/2024 03:45:00 AM,IMPROPER BACKING,"OPERATING VEHICLE IN ERRATIC, RECKLESS, CARELESS, NEGLIGENT OR AGGRESSIVE MANNER",901,N,PULASKI RD,1112.0,,,,,,,2,NO INDICATION OF INJURY,0.0,0.0,0.0,0.0,0.0,1.0,0.0,3,1,12,41.897294634,-87.7259967402,POINT (-87.725996740172 41.897294633964)
4d6e14fb4a699b663d2ea5ed850ab7dae840ad5b667f71fa9e0a69accac01ddfc8558e609fa80464f159b3bd97dc855684803c48ab0f865657e3a0a642032b30,,07/14/2020 08:55:00 AM,30,YIELD,FUNCTIONING PROPERLY,CLEAR,DAYLIGHT,ANGLE,ALLEY,,STRAIGHT AND LEVEL,DRY,NO DEFECTS,NOT ON SCENE (DESK REPORT),NO INJURY / DRIVE AWAY,,,Y,$500 OR LESS,07/14/2020 08:55:00 AM,FAILING TO YIELD RIGHT-OF-WAY,UNABLE TO DETERMINE,937,E,83RD ST,632.0,,,,,,,2,NO INDICATION OF INJURY,0.0,0.0,0.0,0.0,0.0,5.0,0.0,8,3,7,41.7439136103,-87.6011309613,POINT (-87.601130961329 41.743913610345)
de3bed3385181b5678086a3e21c31a61df638b54023aa92dc0821c2d8c10a41535973ce9b6b20978243d48de8b0478fa5037026a919cecbcb45ff4ac7eb6f4ed,,03/09/2019 07:17:00 PM,30,TRAFFIC SIGNAL,FUNCTIONING PROPERLY,RAIN,"DARKNESS, LIGHTED ROAD",REAR END,NOT DIVIDED,4,STRAIGHT AND LEVEL,WET,UNKNOWN,NOT ON SCENE (DESK REPORT),INJURY AND / OR TOW DUE TO CRASH,Y,,,"OVER $1,500",03/09/2019 08:00:00 PM,FAILING TO YIELD RIGHT-OF-WAY,FOLLOWING TOO CLOSELY,4201,W,PETERSON AVE,1711.0,,,,,,,2,"REPORTED, NOT EVIDENT",2.0,0.0,0.0,0.0,2.0,2.0,0.0,19,7,3,41.9899599821,-87.7339040801,POINT (-87.733904080113 41.989959982129)
047c189b456f5cd95dbe8b0ad5f11e339ccc91523f06743e31f1c8a0d844b3b6bfdb807abcf36747e48a3abb9767dcc669a380e0a57c52a4b5b9d085e4fb9e0c,,10/29/2021 07:00:00 PM,30,NO CONTROLS,NO CONTROLS,RAIN,"DARKNESS, LIGHTED ROAD",SIDESWIPE SAME DIRECTION,NOT DIVIDED,,STRAIGHT AND LEVEL,WET,NO DEFECTS,NOT ON SCENE (DESK REPORT),NO INJURY / DRIVE AWAY,,,Y,"OVER $1,500",10/29/2021 08:20:00 PM,UNABLE TO DETERMINE,UNABLE TO DETERMINE,1200,E,130TH ST,532.0,,,,,,,2,NO INDICATION OF INJURY,0.0,0.0,0.0,0.0,0.0,2.0,0.0,19,6,10,41.6603924284,-87.5922242652,POINT (-87.59222426523 41.660392428361)
c6051667c88c2ea5a1a273ab864349e89ff025d896582376120a1ae5731d0d633e36062651069d16a3ffc6982f59e8b81d55dd44bb80c1c9c34c9d4355b37186,,07/07/2020 04:50:00 PM,30,UNKNOWN,UNKNOWN,UNKNOWN,UNKNOWN,REAR END,UNKNOWN,,STRAIGHT AND LEVEL,UNKNOWN,UNKNOWN,NOT ON SCENE (DESK REPORT),NO INJURY / DRIVE AWAY,,,,"OVER $1,500",07/08/2020 04:00:00 PM,UNABLE TO DETERMINE,NOT APPLICABLE,6546,W,IRVING PARK RD,1632.0,,,,,,,2,NO INDICATION OF INJURY,0.0,0.0,0.0,0.0,0.0,4.0,0.0,16,3,7,41.9529531038,-87.790801247,POINT (-87.79080124697 41.952953103789)
81c770fb932b442602a7814aa09da8ec4ba9beb5df47fa2c96219c35aad5f28e313c09dc84a2729cfa9c99f6d6d3184ae69a6b25394f957b32fe2acf972610ff,,09/22/2018 09:10:00 AM,30,NO CONTROLS,NO CONTROLS,CLEAR,DAYLIGHT,REAR END,ONE-WAY,,STRAIGHT AND LEVEL,DRY,NO DEFECTS,NOT ON SCENE (DESK REPORT),NO INJURY / DRIVE AWAY,,,,"OVER $1,500",09/22/2018 09:30:00 AM,IMPROPER BACKING,UNABLE TO DETERMINE,3140,N,KENMORE AVE,1933.0,,,,,,,2,NO INDICATION OF INJURY,0.0,0.0,0.0,0.0,0.0,2.0,0.0,9,7,9,41.939289065,-87.655448441,POINT (-87.655448440968 41.939289064971)
088c815fe33f0a6a1c47e7c1fb8426c0c0df6ee2bfcb47237dea7ff6532b9f5908440300932c0bff55fc2c1b3156a37da1ddcb7e17a92c9abb7c85b1513a7294,,10/24/2024 07:45:00 AM,25,NO CONTROLS,NO CONTROLS,CLEAR,DAYLIGHT,REAR END,NOT DIVIDED,,STRAIGHT AND LEVEL,DRY,NO DEFECTS,ON SCENE,NO INJURY / DRIVE AWAY,,,,"OVER $1,500",10/24/2024 07:49:00 AM,IMPROPER BACKING,IMPROPER BACKING,2516,W,FOSTER AVE,2011.0,,,,,,,2,NO INDICATION OF INJURY,0.0,0.0,0.0,0.0,0.0,3.0,0.0,7,5,10,41.9759734361,-87.6930015858,POINT (-87.693001585779 41.975973436091)
0c33006dc07b0668faaca18ddb9f338788bb30c4ffbc8a5bd261b6f8a33367dd07acd146ada6ca0dac54e862c2b684e44b878fde740091699a6781938dd005e4,,06/08/2016 12:50:00 PM,30,UNKNOWN,UNKNOWN,UNKNOWN,UNKNOWN,REAR END,DIVIDED - W/MEDIAN (NOT RAISED),2,STRAIGHT AND LEVEL,UNKNOWN,UNKNOWN,NOT ON SCENE (DESK REPORT),NO INJURY / DRIVE AWAY,,,,"OVER $1,500",06/08/2016 01:10:00 PM,UNABLE TO DETERMINE,NOT APPLICABLE,2606,W,TOUHY AVE,2411.0,,,,,,,2,NO INDICATION OF INJURY,0.0,0.0,0.0,0.0,0.0,2.0,0.0,12,4,6,42.01227802,-87.6953364748,POINT (-87.695336474771 42.012278020046)
0561f4916b122f404a6bf63108d262572f54f2c1a1cd44b57a7a0ac4aab244ff0c0aa696fa46037f2d1f2d15ea42b22f7767937748373fe45c3058306bdd8043,Y,06/09/2016 05:00:00 PM,0,NO CONTROLS,NO CONTROLS,CLEAR,DAYLIGHT,PARKED MOTOR VEHICLE,ONE-WAY,1,STRAIGHT AND LEVEL,WET,NO DEFECTS,NOT ON SCENE (DESK REPORT),NO INJURY / DRIVE AWAY,,,Y,$500 OR LESS,06/09/2016 06:05:00 PM,IMPROPER LANE USAGE,UNABLE TO DETERMINE,7222,N,DAMEN AVE,2424.0,,,,,,,2,NO INDICATION OF INJURY,0.0,0.0,0.0,0.0,0.0,1.0,0.0,17,5,6,42.0133025586,-87.6804410186,POINT (-87.680441018563 42.013302558629)
9e9bae4836b0779ce01da62c9eb7071082925e10eb1b83a99206d4a8e0cc66423024cc63a1325efcfcda159f27d1cf8458ddedaa4e3e730c79890aeed7917c19,,12/13/2022 07:30:00 AM,30,NO CONTROLS,NO CONTROLS,CLEAR,DAYLIGHT,FIXED OBJECT,ALLEY,,STRAIGHT AND LEVEL,DRY,"RUT, HOLES",NOT ON SCENE (DESK REPORT),NO INJURY / DRIVE AWAY,,,,"$501 - $1,500",12/13/2022 12:10:00 PM,ROAD ENGINEERING/SURFACE/MARKING DEFECTS,NOT APPLICABLE,2020,W,PETERSON AVE,2413.0,,,,,,,1,NO INDICATION OF INJURY,0.0,0.0,0.0,0.0,0.0,1.0,0.0,7,3,12,41.9907708389,-87.6807071583,POINT (-87.680707158264 41.990770838885)
ca061b4e3e16c4790e82421b2080082b160a9868081a936011ad6d31f82e7ead0085414c84e1582bfd997b3155c5bf8fc5a95ac59e6a14a1dc51ade6e27bef41,,01/31/2016 07:30:00 PM,30,NO CONTROLS,NO CONTROLS,CLEAR,"DARKNESS, LIGHTED ROAD",SIDESWIPE SAME DIRECTION,NOT DIVIDED,2,STRAIGHT AND LEVEL,DRY,NO DEFECTS,NOT ON SCENE (DESK REPORT),NO INJURY / DRIVE AWAY,,,,"OVER $1,500",01/31/2016 10:30:00 PM,UNABLE TO DETERMINE,UNABLE TO DETERMINE,3530,N,PULASKI RD,1731.0,,,,,,,2,NO INDICATION OF INJURY,0.0,0.0,0.0,0.0,0.0,2.0,0.0,19,1,1,41.9453809925,-87.7275180694,POINT (-87.727518069387 41.945380992546)
5796389a2e4a43031e1508e28b5bfb0b14f54e7b002d50d805622c38a503aab63856eccd9c53ec62c421969791430966166c60c10e0c5176c53f930ad8193bfa,,02/11/2021 07:40:00 AM,30,STOP SIGN/FLASHER,FUNCTIONING PROPERLY,CLEAR,DAYLIGHT,ANGLE,DIVIDED - W/MEDIAN (NOT RAISED),,STRAIGHT AND LEVEL,SNOW OR SLUSH,NO DEFECTS,ON SCENE,INJURY AND / OR TOW DUE TO CRASH,,,,"OVER $1,500",02/11/2021 07:52:00 AM,UNABLE TO DETERMINE,UNABLE TO DETERMINE,3132,W,MARQUETTE RD,831.0,,,,,,,3,NONINCAPACITATING INJURY,1.0,0.0,0.0,1.0,0.0,1.0,0.0,7,5,2,41.7718007954,-87.7017858374,POINT (-87.701785837436 41.771800795402)
5872abff4df499bfd37ac03587e9a4f05e77e4bed3d53c7abaa428f8d2519fabb548f3f472daca22bf13f6c3fa1bac038cbae9e4a49341401b71a0c739a728c1,,05/24/2024 09:40:00 AM,30,NO CONTROLS,NO CONTROLS,CLEAR,DAYLIGHT,PEDALCYCLIST,DIVIDED - W/MEDIAN (NOT RAISED),,STRAIGHT AND LEVEL,DRY,UNKNOWN,NOT ON SCENE (DESK REPORT),NO INJURY / DRIVE AWAY,,,N,$500 OR LESS,05/24/2024 10:15:00 AM,UNABLE TO DETERMINE,UNABLE TO DETERMINE,5516,N,BROADWAY,2013.0,,,,,,,2,NO INDICATION OF INJURY,0.0,0.0,0.0,0.0,0.0,2.0,0.0,9,6,5,41.9823396909,-87.660179758,POINT (-87.660179757985 41.982339690869)
4e6c8e7aecc26acc9bf385f0b15205738ddda5ebaf5a6fc2d29aa855712219e2ed6c4438f880d3f30ff0488ba50c0338e4767a6b252c994a10cdc0290ff4ee42,,09/04/2018 06:41:00 PM,30,TRAFFIC SIGNAL,FUNCTIONING PROPERLY,CLEAR,DAYLIGHT,REAR END,NOT DIVIDED,4,STRAIGHT AND LEVEL,DRY,NO DEFECTS,ON SCENE,NO INJURY / DRIVE AWAY,Y,,,"$501 - $1,500",09/04/2018 06:45:00 PM,UNABLE TO DETERMINE,UNABLE TO DETERMINE,4800,W,FULLERTON AVE,2521.0,,,,,,,2,NO INDICATION OF INJURY,0.0,0.0,0.0,0.0,0.0,2.0,0.0,18,3,9,41.924347036,-87.7464276397,POINT (-87.746427639656 41.924347036011)
85732348e0a8586aa702963f0decf04bfc32616179cf11e06e7e19694aae49bbae054772b791bfff870bb2668bba1f0f5c6e593786116c0f307e0282029549a8,,12/20/2024 05:30:00 PM,30,NO CONTROLS,NO CONTROLS,CLEAR,"DARKNESS, LIGHTED ROAD",ANGLE,T-INTERSECTION,,STRAIGHT AND LEVEL,DRY,NO DEFECTS,,INJURY AND / OR TOW DUE TO CRASH,Y,,N,"$501 - $1,500",12/20/2024 05:32:00 PM,FAILING TO YIELD RIGHT-OF-WAY,UNABLE TO DETERMINE,3959,W,AUGUSTA BLVD,1112.0,,,,,,,2,NO INDICATION OF INJURY,0.0,0.0,0.0,0.0,0.0,5.0,0.0,17,6,12,41.8989121089,-87.7261272988,POINT (-87.72612729883 41.898912108876)
8a534b7fb3a1512609d0fccd99f7ce546b25bb5778a87882e6b0ed7bbb0cfb47ee7f6d00da9971ecccfd8974aad3bb91229ff36038e981293bd308fdae580341,,07/03/2020 10:45:00 AM,30,TRAFFIC SIGNAL,FUNCTIONING PROPERLY,CLEAR,DAYLIGHT,PEDESTRIAN,DIVIDED - W/MEDIAN (NOT RAISED),,STRAIGHT AND LEVEL,DRY,NO DEFECTS,ON SCENE,INJURY AND / OR TOW DUE TO CRASH,,,Y,$500 OR LESS,07/03/2020 10:50:00 AM,FAILING TO YIELD RIGHT-OF-WAY,FAILING TO YIELD RIGHT-OF-WAY,3577,W,ARMITAGE AVE,1422.0,,,,,,,2,NONINCAPACITATING INJURY,1.0,0.0,0.0,1.0,0.0,1.0,0.0,10,6,7,41.9171755057,-87.7165433635,POINT (-87.716543363538 41.917175505691)
ce1784a19ac6bc6dd09c608a034a099926cb3e9a61fd22639c001fc0fcf9c55b0e91e9a076f98066f0c07ae60ebb7418353aea6be531f5578e56d4c5810d4aec,,10/27/2020 10:40:00 AM,30,STOP SIGN/FLASHER,FUNCTIONING PROPERLY,CLEAR,DAYLIGHT,ANGLE,T-INTERSECTION,,STRAIGHT AND LEVEL,WET,NO DEFECTS,ON SCENE,INJURY AND / OR TOW DUE TO CRASH,Y,,,"OVER $1,500",10/27/2020 10:40:00 AM,FAILING TO YIELD RIGHT-OF-WAY,FAILING TO REDUCE SPEED TO AVOID CRASH,11032,S,VINCENNES AVE,2212.0,,,,,,,2,NO INDICATION OF INJURY,0.0,0.0,0.0,0.0,0.0,2.0,0.0,10,3,10,41.6930278042,-87.6628612224,POINT (-87.662861222442 41.693027804196)
489c53b67e7b131beb32ac9d1f3f8cfa19f3f163607b7f0d6a8f996e86175c536e786c61986bfcad2a7165b6cfd795bbc67f6c05a70c9cda86adb9c73de09fac,,03/18/2021 11:30:00 AM,30,NO CONTROLS,NO CONTROLS,CLEAR,DAYLIGHT,SIDESWIPE SAME DIRECTION,NOT DIVIDED,,STRAIGHT AND LEVEL,DRY,NO DEFECTS,NOT ON SCENE (DESK REPORT),NO INJURY / DRIVE AWAY,,,,$500 OR LESS,03/19/2021 05:00:00 PM,NOT APPLICABLE,NOT APPLICABLE,730,W,69TH ST,723.0,,,,,,,2,NO INDICATION OF INJURY,0.0,0.0,0.0,0.0,0.0,2.0,0.0,11,5,3,41.7689722731,-87.6430240046,POINT (-87.643024004576 41.768972273072)
782f3e0ba461d072880c2c8f3dc18c77321d2ac44708e59058bd71ca19eec3a4e92d32169c02c6bb980d91e0a8c36325ef1c4be47e650aa9f9fe1a3d9bcd4b71,,08/17/2019 06:27:00 PM,30,NO CONTROLS,NO CONTROLS,CLOUDY/OVERCAST,DUSK,SIDESWIPE OPPOSITE DIRECTION,ONE-WAY,,STRAIGHT AND LEVEL,DRY,NO DEFECTS,NOT ON SCENE (DESK REPORT),NO INJURY / DRIVE AWAY,,,,"OVER $1,500",08/17/2019 06:59:00 PM,DRIVING SKILLS/KNOWLEDGE/EXPERIENCE,UNABLE TO DETERMINE,7938,S,WOOD ST,611.0,,,,,,,2,NO INDICATION OF INJURY,0.0,0.0,0.0,0.0,0.0,3.0,0.0,18,7,8,41.7491268408,-87.6684091376,POINT (-87.668409137582 41.749126840763)
db86a9a9504e8eaefa26dcbdd387d4e27e50f71a7c4f20875bf5d8161b9a81a4c4e29f4f0464bee429d4840f37e0d383634aab11336c9e1aa77aba3486634195,,12/18/2017 04:20:00 PM,35,TRAFFIC SIGNAL,FUNCTIONING PROPERLY,CLEAR,DUSK,TURNING,NOT DIVIDED,4,STRAIGHT AND LEVEL,DRY,NO DEFECTS,ON SCENE,INJURY AND / OR TOW DUE TO CRASH,Y,,,"OVER $1,500",12/18/2017 04:25:00 PM,IMPROPER TURNING/NO SIGNAL,NOT APPLICABLE,6000,N,WESTERN AVE,2413.0,,,,,,,2,NO INDICATION OF INJURY,0.0,0.0,0.0,0.0,0.0,3.0,0.0,16,2,12,41.9905860424,-87.6898224729,POINT (-87.689822472944 41.99058604242)
3121dab7b1210a928edd3784eac0d2803f6b61ed852739fce14b5a675bcf1ce7f330d56c0b4bd1d6467a49069fdc08dc24a38e93fd893797217a56ba2b72fd7f,Y,06/11/2023 10:30:00 AM,30,NO CONTROLS,NO CONTROLS,RAIN,DAYLIGHT,PARKED MOTOR VEHICLE,ONE-WAY,,STRAIGHT AND LEVEL,WET,UNKNOWN,NOT ON SCENE (DESK REPORT),NO INJURY / DRIVE AWAY,,,Y,"OVER $1,500",06/11/2023 11:17:00 AM,UNABLE TO DETERMINE,UNABLE TO DETERMINE,4207,W,GRENSHAW ST,1132.0,,Y,,,,,2,NO INDICATION OF INJURY,0.0,0.0,0.0,0.0,0.0,1.0,0.0,10,1,6,41.8668957947,-87.7304398279,POINT (-87.730439827891 41.86689579471)
af213bbdaf22279a0184c40d83c62425075d0df9e5d7caeb4fea6a054cd5bc4ef22ff3285388c9246dfbc3b57c2f7ce9dbe50eb33ee246991167464dde194c44,,09/20/2018 08:00:00 AM,35,TRAFFIC SIGNAL,FUNCTIONING PROPERLY,CLEAR,DAYLIGHT,SIDESWIPE SAME DIRECTION,DIVIDED - W/MEDIAN BARRIER,,STRAIGHT AND LEVEL,DRY,"RUT, HOLES",NOT ON SCENE (DESK REPORT),NO INJURY / DRIVE AWAY,Y,,,"$501 - $1,500",09/20/2018 08:17:00 AM,FAILING TO YIELD RIGHT-OF-WAY,DRIVING SKILLS/KNOWLEDGE/EXPERIENCE,800,W,123RD ST,524.0,Y,,,Y,CONSTRUCTION,Y,2,NO INDICATION OF INJURY,0.0,0.0,0.0,0.0,0.0,5.0,0.0,8,5,9,41.6706485315,-87.6417283937,POINT (-87.64172839365 41.670648531485)
7a8a0a1a130d0a437476a79aaac02abf6f87f89e73041c0885385635ee12b4a914a211c8a00495b462522d8429572b3c244c36f1da3496864d0262b4cff582bb,,04/06/2020 01:20:00 PM,35,NO CONTROLS,NO CONTROLS,CLEAR,DAYLIGHT,FIXED OBJECT,ALLEY,,STRAIGHT AND LEVEL,DRY,NO DEFECTS,NOT ON SCENE (DESK REPORT),NO INJURY / DRIVE AWAY,,,,$500 OR LESS,04/06/2020 02:30:00 PM,UNABLE TO DETERMINE,UNABLE TO DETERMINE,3642,W,OGDEN AVE,1014.0,,,,,,,1,NO INDICATION OF INJURY,0.0,0.0,0.0,0.0,0.0,2.0,0.0,13,2,4,41.8540941403,-87.7166627559,POINT (-87.71666275589 41.854094140298)
108ab80aa97e8819da797a903ff04dc825e6246d99aeb01e55ca16e18373b823bb7de80708a5f8c3e9b977310f477cbd76c763ca3b6263f6ca910a34cbc3bef5,,03/21/2025 10:45:00 AM,0,NO CONTROLS,NO CONTROLS,CLEAR,DAYLIGHT,PARKED MOTOR VEHICLE,OTHER,,STRAIGHT AND LEVEL,DRY,NO DEFECTS,ON SCENE,NO INJURY / DRIVE AWAY,,Y,,"OVER $1,500",03/21/2025 10:47:00 AM,UNABLE TO DETERMINE,UNABLE TO DETERMINE,28,E,87TH ST,632.0,,,,,,,2,NO INDICATION OF INJURY,0.0,0.0,0.0,0.0,0.0,2.0,0.0,10,6,3,41.736469113,-87.6230241242,POINT (-87.623024124225 41.736469113027)
3f2b863a425ead2290cbed97cac3c2ca1577b718f27220386404a727b1bdfaae27df201ac28d4b2b706a0ff88fe59ed9ca4626feef9580aa732da76d55c6efad,,12/12/2021 10:25:00 AM,30,STOP SIGN/FLASHER,FUNCTIONING PROPERLY,CLEAR,DAYLIGHT,TURNING,"FIVE POINT, OR MORE",,STRAIGHT AND LEVEL,DRY,NO DEFECTS,NOT ON SCENE (DESK REPORT),NO INJURY / DRIVE AWAY,Y,,,"$501 - $1,500",12/12/2021 12:00:00 PM,FAILING TO YIELD RIGHT-OF-WAY,UNABLE TO DETERMINE,4400,W,GRAND AVE,2533.0,,,,,,,2,NO INDICATION OF INJURY,0.0,0.0,0.0,0.0,0.0,3.0,0.0,10,1,12,41.9101814096,-87.7362488704,POINT (-87.736248870407 41.910181409597)
33346fc32e22889a637d9d8230ef46c55f303615eb343bf2aedfd82c65d0504bf5b7848442ec06227703750db9ac8e141684f35c7bce968ee48a47aa6de35ba5,,09/14/2020 11:59:00 PM,35,NO CONTROLS,NO CONTROLS,CLEAR,"DARKNESS, LIGHTED ROAD",PARKED MOTOR VEHICLE,NOT DIVIDED,,STRAIGHT AND LEVEL,DRY,NO DEFECTS,ON SCENE,INJURY AND / OR TOW DUE TO CRASH,N,,,"OVER $1,500",09/15/2020 12:04:00 AM,UNABLE TO DETERMINE,UNABLE TO DETERMINE,2043,E,75TH ST,414.0,,,,,,,2,NO INDICATION OF INJURY,0.0,0.0,0.0,0.0,0.0,2.0,0.0,23,2,9,41.7587874349,-87.5744175548,POINT (-87.574417554825 41.758787434941)
8c544d8e357e4f64a3568e8d92fc716d97ad9bcd93f18befd26873b1126e293e7d52fcf56ac55ad530731e329eec4d7f92cd1666c4a7f41dcd66a9274973634f,,07/30/2023 12:30:00 AM,30,TRAFFIC SIGNAL,FUNCTIONING PROPERLY,CLEAR,"DARKNESS, LIGHTED ROAD",REAR END,NOT DIVIDED,,STRAIGHT AND LEVEL,DRY,NO DEFECTS,NOT ON SCENE (DESK REPORT),NO INJURY / DRIVE AWAY,,,Y,"OVER $1,500",07/30/2023 12:40:00 AM,UNABLE TO DETERMINE,NOT APPLICABLE,4200,S,KEELER AVE,815.0,,,,,,,2,NO INDICATION OF INJURY,0.0,0.0,0.0,0.0,0.0,2.0,0.0,0,1,7,41.8167295364,-87.7283352096,POINT (-87.728335209578 41.816729536369)
959c1f9034552fe60ab3d9827224a6a433d4dbdcda39caa89c33182dbff45acf7c337fc267ea8ec430385e76be50ce5addc9fc7daa56df379930519c12f8b8b4,,08/07/2019 12:55:00 PM,30,TRAFFIC SIGNAL,FUNCTIONING PROPERLY,CLEAR,DAYLIGHT,REAR END,NOT DIVIDED,,STRAIGHT AND LEVEL,DRY,NO DEFECTS,NOT ON SCENE (DESK REPORT),NO INJURY / DRIVE AWAY,,,,"OVER $1,500",08/07/2019 01:21:00 PM,UNABLE TO DETERMINE,NOT APPLICABLE,3132,W,55TH ST,923.0,,,,,,,2,NO INDICATION OF INJURY,0.0,0.0,0.0,0.0,0.0,2.0,0.0,12,4,8,41.7936437052,-87.702548104,POINT (-87.702548103962 41.793643705151)
74aff179d53f0c527e32d98494cf04f8802fde474b3c2756757ce5c27b5f9c6ae5dc93aa346d7a5d4cd8878e1c5090f689b01c99b0445c5c47296a069e645428,,04/22/2022 10:00:00 AM,30,NO CONTROLS,NO CONTROLS,CLEAR,DAYLIGHT,REAR END,ONE-WAY,,STRAIGHT AND LEVEL,DRY,NO DEFECTS,ON SCENE,INJURY AND / OR TOW DUE TO CRASH,,,,"OVER $1,500",04/22/2022 01:40:00 PM,IMPROPER LANE USAGE,FOLLOWING TOO CLOSELY,2431,W,CONGRESS PKWY,1135.0,,,,,,,3,NO INDICATION OF INJURY,0.0,0.0,0.0,0.0,0.0,2.0,0.0,10,6,4,41.8748804806,-87.6875706078,POINT (-87.687570607843 41.87488048057)