CRASH_RECORD_ID,CRASH_DATE_EST_I,CRASH_DATE,POSTED_SPEED_LIMIT,TRAFFIC_CONTROL_DEVICE,DEVICE_CONDITION,WEATHER_CONDITION,LIGHTING_CONDITION,FIRST_CRASH_TYPE,TRAFFICWAY_TYPE,LANE_CNT,ALIGNMENT,ROADWAY_SURFACE_COND,ROAD_DEFECT,REPORT_TYPE,CRASH_TYPE,INTERSECTION_RELATED_I,NOT_RIGHT_OF_WAY_I,HIT_AND_RUN_I,DAMAGE,DATE_POLICE_NOTIFIED,PRIM_CONTRIBUTORY_CAUSE,SEC_CONTRIBUTORY_CAUSE,STREET_NO,STREET_DIRECTION,STREET_NAME,BEAT_OF_OCCURRENCE,PHOTOS_TAKEN_I,STATEMENTS_TAKEN_I,DOORING_I,WORK_ZONE_I,WORK_ZONE_TYPE,WORKERS_PRESENT_I,NUM_UNITS,MOST_SEVERE_INJURY,INJURIES_TOTAL,INJURIES_FATAL,INJURIES_INCAPACITATING,INJURIES_NON_INCAPACITATING,INJURIES_REPORTED_NOT_EVIDENT,INJURIES_NO_INDICATION,INJURIES_UNKNOWN,CRASH_HOUR,CRASH_DAY_OF_WEEK,CRASH_MONTH,LATITUDE,LONGITUDE,LOCATION
d35f701112fe3a56cf435d70bf0b9f99293e8bde676579fa1bbeb0f1ae7ed7dc69fd5f6949afb1ed641924887c59db5af799cf87507f6ade6ecdb82f0dd6e03a,,08/11/2023 10:18:00 AM,30,NO CONTROLS,NO CONTROLS,RAIN,DAYLIGHT,REAR END,DIVIDED - W/MEDIAN (NOT RAISED),,STRAIGHT AND LEVEL,WET,NO DEFECTS,ON SCENE,INJURY AND / OR TOW DUE TO CRASH,,,,"OVER $1,500",08/11/2023 10:27:00 AM,UNABLE TO DETERMINE,UNABLE TO DETERMINE,2346,W,59TH ST,824.0,,,,,,,2,NONINCAPACITATING INJURY,1.0,0.0,0.0,1.0,0.0,1.0,0.0,10,6,8,41.7866278877,-87.6829580242,POINT (-87.68295802419 41.786627887709)
37be6962ecf894e414496ed1b778f2930d88ebada2003279f4819b1242a51a0406af51204eff1eb22e9ad6f68799a710f2937af84535a1f074ea42eb3e794e3c,,04/05/2022 02:31:00 AM,30,TRAFFIC SIGNAL,FUNCTIONING PROPERLY,CLEAR,"DARKNESS, LIGHTED ROAD",ANGLE,FOUR WAY,,STRAIGHT AND LEVEL,DRY,NO DEFECTS,ON SCENE,INJURY AND / OR TOW DUE TO CRASH,Y,,Y,"OVER $1,500",04/05/2022 02:34:00 AM,DISREGARDING TRAFFIC SIGNALS,UNABLE TO DETERMINE,500,S,WABASH AVE,123.0,,,,,,,2,NO INDICATION OF INJURY,0.0,0.0,0.0,0.0,0.0,2.0,0.0,2,3,4,41.8756225408,-87.6261727387,POINT (-87.626172738716 41.875622540805)
6ab713f32fc88ec0271d06d26eb8c7ca1f78b75ffd9ff3b393e7ad040c5f70055a0cb75c4627ae4cd589cff7f2faeacdd6648431bbeebab1ad5fe8f13b2ad0f8,Y,07/24/2020 03:35:00 AM,30,NO CONTROLS,NO CONTROLS,CLEAR,UNKNOWN,PARKED MOTOR VEHICLE,NOT DIVIDED,,STRAIGHT AND LEVEL,DRY,NO DEFECTS,ON SCENE,NO INJURY / DRIVE AWAY,,,Y,"$501 - $1,500",07/24/2020 07:50:00 AM,"OPERATING VEHICLE IN ERRATIC, RECKLESS, CARELESS, NEGLIGENT OR AGGRESSIVE MANNER","OPERATING VEHICLE IN ERRATIC, RECKLESS, CARELESS, NEGLIGENT OR AGGRESSIVE MANNER",1606,W,MAYPOLE AVE,1224.0,,,,,,,2,NO INDICATION OF INJURY,0.0,0.0,0.0,0.0,0.0,3.0,0.0,3,6,7,41.8843763953,-87.6671755072,POINT (-87.667175507189 41.884376395285)
2eea8b6c36a14ad673c73163d4aeb01b299423ccc5500fa8f528139b8d5cdf86febd7787b767ca51ad797d161c1177315d4bd5f07b74317daf9425677ea5f42a,,12/01/2020 01:15:00 PM,25,NO CONTROLS,NO CONTROLS,CLEAR,DAYLIGHT,REAR END,DIVIDED - W/MEDIAN (NOT RAISED),,STRAIGHT AND LEVEL,DRY,NO DEFECTS,ON SCENE,NO INJURY / DRIVE AWAY,,,,"$501 - $1,500",12/01/2020 01:20:00 PM,DRIVING SKILLS/KNOWLEDGE/EXPERIENCE,UNABLE TO DETERMINE,45,N,WESTERN AVE,1223.0,,,,,,,2,NO INDICATION OF INJURY,0.0,0.0,0.0,0.0,0.0,3.0,0.0,13,3,12,41.8825116243,-87.6863244332,POINT (-87.686324433222 41.882511624325)
efa620551998e18ff8e192eace8d8372a325c89f43341c6eac136044a3fd1fd2322b95a8a2172cad2fbd1f2b264e0abe052f51bd8dc5fbf31033fe55671cc71f,,06/21/2023 07:05:00 PM,30,NO CONTROLS,NO CONTROLS,CLEAR,DAYLIGHT,REAR END,NOT DIVIDED,,STRAIGHT AND LEVEL,DRY,UNKNOWN,ON SCENE,NO INJURY / DRIVE AWAY,,,Y,$500 OR LESS,06/21/2023 08:30:00 PM,UNABLE TO DETERMINE,UNABLE TO DETERMINE,1724,W,HARRISON ST,1231.0,,,,,,,2,NO INDICATION OF INJURY,0.0,0.0,0.0,0.0,0.0,2.0,0.0,19,4,6,41.874241185,-87.6701870039,POINT (-87.67018700389 41.874241184962)
2f1b581d0d70c4d0b0d32feade37929918bf1b85140346c2e5c304e0dcc01f234d92cff36ef693325ed7a51dc1fb2cacfac2e987d186f7afacbbdd00b6299b08,,12/07/2021 01:35:00 PM,30,NO CONTROLS,NO CONTROLS,CLEAR,DAYLIGHT,PARKED MOTOR VEHICLE,NOT DIVIDED,,STRAIGHT AND LEVEL,DRY,NO DEFECTS,ON SCENE,INJURY AND / OR TOW DUE TO CRASH,,,,"OVER $1,500",12/07/2021 01:40:00 PM,UNABLE TO DETERMINE,NOT APPLICABLE,4205,N,CAMPBELL AVE,1911.0,,,,,,,2,NO INDICATION OF INJURY,0.0,0.0,0.0,0.0,0.0,1.0,0.0,13,3,12,41.9578241238,-87.6915566348,POINT (-87.691556634822 41.957824123826)
6436b675804c7f35f318cf4ce690d66f0c2f28419a615d48ccdc7fd7dcafbbcefd9d6b91b6aff0e7aebccc5f5dd0757cb4d35102198fffe67fb25d05b51926fd,,10/21/2023 01:00:00 PM,30,TRAFFIC SIGNAL,FUNCTIONING PROPERLY,CLEAR,DAYLIGHT,SIDESWIPE SAME DIRECTION,DIVIDED - W/MEDIAN (NOT RAISED),,STRAIGHT AND LEVEL,DRY,NO DEFECTS,ON SCENE,NO INJURY / DRIVE AWAY,,,,"OVER $1,500",10/21/2023 01:24:00 PM,DRIVING SKILLS/KNOWLEDGE/EXPERIENCE,FAILING TO REDUCE SPEED TO AVOID CRASH,805,W,95TH ST,2223.0,,,,,,,2,NO INDICATION OF INJURY,0.0,0.0,0.0,0.0,0.0,2.0,0.0,13,7,10,41.7213464699,-87.6434411403,POINT (-87.643441140333 41.721346469902)
6ceeb0a924ad95ea81481075e02cd50e3ed59580c53ea6d994de47f4ae7d6096b36c9e9cec7c4b08e764537dcdea6980f254daad914b7dbb36b0a48481cbf9d2,,10/22/2018 09:21:00 PM,30,TRAFFIC SIGNAL,FUNCTIONING PROPERLY,CLEAR,"DARKNESS, LIGHTED ROAD",ANGLE,OTHER,0,STRAIGHT AND LEVEL,DRY,NO DEFECTS,ON SCENE,NO INJURY / DRIVE AWAY,Y,,Y,"OVER $1,500",10/22/2018 09:22:00 PM,IMPROPER BACKING,FAILING TO YIELD RIGHT-OF-WAY,200,W,HUBBARD ST,1831.0,,,,,,,2,NO INDICATION OF INJURY,0.0,0.0,0.0,0.0,0.0,2.0,0.0,21,2,10,41.8900914387,-87.6341061944,POINT (-87.634106194444 41.890091438689)
9f41b819031a07203fcae09c701f45b5b14e520bd7b396be1cefbcaa4d00f34148238d5bf8baaa25925a41bf8ad08733f032801e6964ff60a8bbc22ef1ea0582,,04/20/2016 08:31:00 AM,30,TRAFFIC SIGNAL,FUNCTIONING PROPERLY,CLEAR,DAYLIGHT,REAR END,DIVIDED - W/MEDIAN (NOT RAISED),4,STRAIGHT AND LEVEL,DRY,NO DEFECTS,ON SCENE,NO INJURY / DRIVE AWAY,,,,$500 OR LESS,04/20/2016 08:35:00 AM,DISREGARDING TRAFFIC SIGNALS,FOLLOWING TOO CLOSELY,6600,S,STATE ST,312.0,,,,,,,2,NO INDICATION OF INJURY,0.0,0.0,0.0,0.0,0.0,2.0,0.0,8,4,4,41.7749157713,-87.6253269174,POINT (-87.625326917393 41.774915771313)
2a3bb8d9ecb88330f2ece7c0dcdf536ab3de1f1fcaa73e126dc0f8c3ca4e2c5b1a7b0a1b5de7d18ed0c3d1df33104340acf271ea6e35b4be01d695d9cc5cdffc,,05/16/2025 05:10:00 PM,25,STOP SIGN/FLASHER,NO CONTROLS,CLEAR,DAYLIGHT,PARKED MOTOR VEHICLE,ONE-WAY,,STRAIGHT AND LEVEL,DRY,NO DEFECTS,ON SCENE,INJURY AND / OR TOW DUE TO CRASH,,,,"OVER $1,500",05/16/2025 05:12:00 PM,NOT APPLICABLE,NOT APPLICABLE,3527,W,ALTGELD ST,1413.0,,,,,,,5,"REPORTED, NOT EVIDENT",1.0,0.0,0.0,0.0,1.0,0.0,0.0,17,6,5,41.9263216628,-87.7157539451,POINT (-87.715753945121 41.926321662759)
26bab2aeed7f5c2a29efaba03af52ba6799db560d994ef7975918412c793a0139d547204e539c39a7c70af6c6b3896c6429294c194902a9cc8794edae1290f98,,03/25/2022 10:05:00 PM,25,NO CONTROLS,NO CONTROLS,CLEAR,DARKNESS,PARKED MOTOR VEHICLE,OTHER,,STRAIGHT AND LEVEL,DRY,NO DEFECTS,ON SCENE,NO INJURY / DRIVE AWAY,,,Y,"OVER $1,500",03/26/2022 08:30:00 AM,IMPROPER OVERTAKING/PASSING,NOT APPLICABLE,5420,W,ADAMS ST,1522.0,,,,,,,2,NO INDICATION OF INJURY,0.0,0.0,0.0,0.0,0.0,1.0,0.0,22,6,3,41.87851138,-87.7605141847,POINT (-87.760514184744 41.878511379976)
2fe65e26915a27e3fb48755c3a0af923a38b3effba746ffc80866d167a3ab61d42cf1903659d68b88d17f71b4d2fb4d206b5eb99d8200a97715b1ea396269bc4,,04/18/2020 08:15:00 PM,25,NO CONTROLS,NO CONTROLS,CLEAR,"DARKNESS, LIGHTED ROAD",SIDESWIPE OPPOSITE DIRECTION,NOT DIVIDED,,STRAIGHT AND LEVEL,UNKNOWN,UNKNOWN,ON SCENE,NO INJURY / DRIVE AWAY,,,Y,"OVER $1,500",04/18/2020 08:19:00 PM,DRIVING SKILLS/KNOWLEDGE/EXPERIENCE,NOT APPLICABLE,705,W,129TH PL,523.0,,,,,,,2,NO INDICATION OF INJURY,0.0,0.0,0.0,0.0,0.0,2.0,0.0,20,7,4,41.6583079136,-87.6390701155,POINT (-87.639070115518 41.658307913557)
3ede1e5d6b67b0a697a52ca434807d228cfd06729e78002b6dc6a8abd2db5eb21f3c16929f206dd61efa731e94c974dc2bd9e698c18fea22b782199c249a4105,,10/02/2016 05:00:00 PM,30,NO CONTROLS,NO CONTROLS,CLEAR,DAYLIGHT,SIDESWIPE SAME DIRECTION,NOT DIVIDED,,STRAIGHT AND LEVEL,DRY,UNKNOWN,,NO INJURY / DRIVE AWAY,,,,"$501 - $1,500",10/02/2016 05:35:00 PM,IMPROPER OVERTAKING/PASSING,UNABLE TO DETERMINE,7800,S,WESTERN AVE,835.0,,,,,,,2,NO INDICATION OF INJURY,0.0,0.0,0.0,0.0,0.0,2.0,0.0,17,1,10,41.7518421836,-87.6830392329,POINT (-87.683039232875 41.751842183589)
46967dd4d73b69eb583521841b841befc6172cb73e08fbfdb248e0795c9a8c4b1161f3da09d36a257c3000aff6f8e5dadad940a02f23bdb209ebb5d69c9addf3,,04/20/2023 03:25:00 PM,30,NO CONTROLS,NO CONTROLS,CLEAR,DAYLIGHT,TURNING,NOT DIVIDED,,STRAIGHT AND LEVEL,DRY,NO DEFECTS,ON SCENE,NO INJURY / DRIVE AWAY,,,Y,"$501 - $1,500",04/20/2023 03:44:00 PM,IMPROPER TURNING/NO SIGNAL,NOT APPLICABLE,1944,E,73RD ST,333.0,,,,,,,2,NO INDICATION OF INJURY,0.0,0.0,0.0,0.0,0.0,3.0,0.0,15,5,4,41.7626082485,-87.5775644331,POINT (-87.577564433062 41.762608248456)
c8f8ec93c12d9782d382231fd5d657b1381d2272e5d66b89ed5d8649732cd0d392385b5709aaa2217e13c0fd3835ae2e64c6cd15279bb9d1010be8d7b5a3e5ea,,02/09/2017 12:00:00 PM,30,TRAFFIC SIGNAL,FUNCTIONING PROPERLY,CLEAR,DAYLIGHT,REAR END,DIVIDED - W/MEDIAN (NOT RAISED),2,STRAIGHT AND LEVEL,DRY,NO DEFECTS,NOT ON SCENE (DESK REPORT),NO INJURY / DRIVE AWAY,,,,$500 OR LESS,02/09/2017 12:30:00 PM,UNABLE TO DETERMINE,UNABLE TO DETERMINE,257,S,HALSTED ST,1232.0,,,,,,,2,NO INDICATION OF INJURY,0.0,0.0,0.0,0.0,0.0,2.0,0.0,12,5,2,41.8779799354,-87.6470952035,POINT (-87.647095203463 41.877979935441)
1d1b3a14cf3c9d9707c005a74bb6f05a5630bba8cdcbff5b07a1a54a45fc599a29fad8f0b00b17e5335295c345cce6f94fef63a734bde69944d1ad1cf64fbe41,N,09/21/2016 08:45:00 AM,30,NO CONTROLS,NO CONTROLS,RAIN,DAYLIGHT,SIDESWIPE SAME DIRECTION,DIVIDED - W/MEDIAN (NOT RAISED),3,STRAIGHT AND LEVEL,WET,NO DEFECTS,NOT ON SCENE (DESK REPORT),NO INJURY / DRIVE AWAY,,,,"$501 - $1,500",09/21/2016 09:40:00 AM,IMPROPER OVERTAKING/PASSING,UNABLE TO DETERMINE,6000,S,CORNELL DR,331.0,,,,,,,2,NO INDICATION OF INJURY,0.0,0.0,0.0,0.0,0.0,2.0,0.0,8,4,9,41.785807247,-87.5853009492,POINT (-87.585300949195 41.785807246958)
de5c3f34789340e85cd2dc4568686a986605407dabd07fa5251e4c739fc0aee153672f26fda55ee385ef40203a9045036910595db3cb479e579d94f62f4062c8,,06/03/2017 06:10:00 PM,30,NO CONTROLS,NO CONTROLS,CLEAR,DAYLIGHT,TURNING,NOT DIVIDED,2,STRAIGHT AND LEVEL,DRY,NO DEFECTS,ON SCENE,INJURY AND / OR TOW DUE TO CRASH,,,,"OVER $1,500",06/03/2017 06:15:00 PM,NOT APPLICABLE,NOT APPLICABLE,900,E,71ST ST,321.0,,,,,,,2,NONINCAPACITATING INJURY,1.0,0.0,0.0,1.0,0.0,5.0,0.0,18,7,6,41.7659273144,-87.603053553,POINT (-87.603053552952 41.76592731442)
20951f0a638509de12c53d10ba3ab5be35f498bc77bb45e082690f981c456f40b4962b8380a1322b83286ae8320b702e353617642bb053552a90cd809a5f96cd,,05/26/2019 02:00:00 PM,30,NO CONTROLS,NO CONTROLS,CLEAR,DAYLIGHT,SIDESWIPE SAME DIRECTION,NOT DIVIDED,,STRAIGHT AND LEVEL,DRY,UNKNOWN,NOT ON SCENE (DESK REPORT),NO INJURY / DRIVE AWAY,,,,"$501 - $1,500",05/26/2019 02:10:00 PM,UNABLE TO DETERMINE,NOT APPLICABLE,6100,S,HALSTED ST,712.0,,,,,,,2,NO INDICATION OF INJURY,0.0,0.0,0.0,0.0,0.0,2.0,0.0,14,1,5,41.783338493,-87.6450229514,POINT (-87.64502295135 41.783338492969)
c625bbc3b16ebe42125d5f0f25408b2708de4639e97e6559115368353a9641b1fe05153f825fa2c4c3e85882020f325585bfbf4c3d4d0d499907c287885c184b,,10/11/2023 02:05:00 PM,30,UNKNOWN,UNKNOWN,CLEAR,DAYLIGHT,PARKED MOTOR VEHICLE,ONE-WAY,,STRAIGHT AND LEVEL,DRY,NO DEFECTS,NOT ON SCENE (DESK REPORT),NO INJURY / DRIVE AWAY,,,,"OVER $1,500",10/11/2023 04:15:00 PM,RELATED TO BUS STOP,NOT APPLICABLE,6900,S,CRANDON AVE,331.0,Y,,,,,,2,NO INDICATION OF INJURY,0.0,0.0,0.0,0.0,0.0,1.0,0.0,14,4,10,41.7697785455,-87.5700153009,POINT (-87.570015300923 41.76977854545)
d71fea41f9418b576f00fe1e4f4c36bfa6a5ea4c9748d2ba8c4421c60e981a044fcbb5d8a04a9d916f391b2e46ab522ae0d9138949092f59741af28b2f4fdcdc,,07/27/2024 05:13:00 PM,30,UNKNOWN,UNKNOWN,UNKNOWN,DAYLIGHT,REAR END,NOT DIVIDED,,STRAIGHT AND LEVEL,UNKNOWN,UNKNOWN,NOT ON SCENE (DESK REPORT),NO INJURY / DRIVE AWAY,,,Y,"OVER $1,500",07/28/2024 01:00:00 PM,UNABLE TO DETERMINE,NOT APPLICABLE,5111,N,BROADWAY,2033.0,,,,,,,2,NO INDICATION OF INJURY,0.0,0.0,0.0,0.0,0.0,2.0,0.0,17,7,7,41.9752216882,-87.6596909615,POINT (-87.659690961509 41.975221688188)
cf2e00b4b554b77d46ada03ce2e9b11bb2ffa33193c0d11148f205da8b4c7f6a449053c4f9570be435c9e64e29f36105ab033047ca78c8f97332cf16043d2483,,03/30/2017 12:15:00 AM,30,TRAFFIC SIGNAL,FUNCTIONING PROPERLY,RAIN,"DARKNESS, LIGHTED ROAD",TURNING,NOT DIVIDED,4,STRAIGHT AND LEVEL,WET,UNKNOWN,NOT ON SCENE (DESK REPORT),NO INJURY / DRIVE AWAY,Y,,Y,$500 OR LESS,03/30/2017 12:45:00 AM,UNABLE TO DETERMINE,NOT APPLICABLE,800,W,MADISON ST,1224.0,,,,Y,CONSTRUCTION,,2,NO INDICATION OF INJURY,0.0,0.0,0.0,0.0,0.0,4.0,0.0,0,5,3,41.8818870569,-87.6473928339,POINT (-87.647392833853 41.881887056886)
cad76cbcb324394c0caf49c6844b229759aef543800cfee0c6497958107c8bd8621f7797e1fa18c5ccd930c4465710cf940524ed3a4ec43309c4a2692c008c06,,03/26/2020 05:28:00 PM,30,TRAFFIC SIGNAL,FUNCTIONING PROPERLY,CLOUDY/OVERCAST,DAYLIGHT,REAR END,NOT DIVIDED,,STRAIGHT AND LEVEL,WET,NO DEFECTS,ON SCENE,NO INJURY / DRIVE AWAY,Y,,,$500 OR LESS,03/26/2020 05:30:00 PM,FOLLOWING TOO CLOSELY,UNABLE TO DETERMINE,601,W,HARRISON ST,124.0,,,,,,,2,NO INDICATION OF INJURY,0.0,0.0,0.0,0.0,0.0,2.0,0.0,17,5,3,41.8742604957,-87.6424952034,POINT (-87.642495203363 41.874260495657)
8cf3e51247b2d89c64c80cd31777a976bf84994fcd79b7d85e61f8101a05fc3fa09a012e900d784b1e030e90425f3a654cf76d83a840ca0c057fdef41678a38a,,06/20/2020 03:05:00 PM,35,NO CONTROLS,NO CONTROLS,CLEAR,DAYLIGHT,REAR END,UNKNOWN,,STRAIGHT AND LEVEL,UNKNOWN,UNKNOWN,NOT ON SCENE (DESK REPORT),NO INJURY / DRIVE AWAY,,,,"$501 - $1,500",06/22/2020 04:55:00 PM,FOLLOWING TOO CLOSELY,FOLLOWING TOO CLOSELY,5130,W,NORTH AVE,2533.0,,,,,,,2,NO INDICATION OF INJURY,0.0,0.0,0.0,0.0,0.0,2.0,0.0,15,7,6,41.9096357503,-87.7538981293,POINT (-87.753898129309 41.909635750314)
54ba5d654c256089798ff1ff1717a732c007000a7f72f5a07fd4a9e7e9bbcf36b956a6e5b36f29f79a0e0b4664553eced30deb8f814e6e07a36afabac034c807,,04/09/2019 03:30:00 PM,30,NO CONTROLS,NO CONTROLS,CLEAR,DAYLIGHT,SIDESWIPE OPPOSITE DIRECTION,NOT DIVIDED,,STRAIGHT AND LEVEL,DRY,NO DEFECTS,NOT ON SCENE (DESK REPORT),NO INJURY / DRIVE AWAY,,,,"OVER $1,500",04/09/2019 03:40:00 PM,UNABLE TO DETERMINE,UNABLE TO DETERMINE,5535,N,FRANCISCO AVE,2011.0,,,,,,,2,NO INDICATION OF INJURY,0.0,0.0,0.0,0.0,0.0,2.0,0.0,15,3,4,41.9823065456,-87.7014119065,POINT (-87.701411906519 41.982306545602)
5c5f0bbafbfc72cf586fd957e8e4bedfe6111a0cddbc2790b3f93063d271a1bd3ce6116a5497b2690f0dc2f3baadbc277884a6d9af509ff804c951b8fb349a03,,05/06/2021 06:52:00 PM,30,NO CONTROLS,NO CONTROLS,CLEAR,DAYLIGHT,REAR END,NOT DIVIDED,,STRAIGHT AND LEVEL,DRY,NO DEFECTS,,NO INJURY / DRIVE AWAY,,,,"$501 - $1,500",05/06/2021 07:40:00 PM,UNABLE TO DETERMINE,NOT APPLICABLE,4705,W,MARQUETTE RD,833.0,,,,,,,2,NO INDICATION OF INJURY,0.0,0.0,0.0,0.0,0.0,2.0,0.0,18,5,5,41.7710528268,-87.7398390655,POINT (-87.739839065456 41.771052826847)
12e2256fe2021d72585d612eba312c14c7ccfe805f983f34ea08a6800a0b897b06c5b25a7f64868bd24f873c4ec32bf6752816a0116e18f28a737ef6923e139a,,08/03/2024 11:30:00 AM,30,NO CONTROLS,NO CONTROLS,CLEAR,DAYLIGHT,PARKED MOTOR VEHICLE,DIVIDED - W/MEDIAN (NOT RAISED),,STRAIGHT AND LEVEL,DRY,NO DEFECTS,NOT ON SCENE (DESK REPORT),NO INJURY / DRIVE AWAY,,,,"OVER $1,500",08/03/2024 12:30:00 PM,UNABLE TO DETERMINE,UNABLE TO DETERMINE,7100,N,OVERHILL AVE,1611.0,,,,,,,2,NO INDICATION OF INJURY,0.0,0.0,0.0,0.0,0.0,3.0,0.0,11,7,8,42.009572561,-87.8188889167,POINT (-87.818888916691 42.009572561017)
9338b4b7bb3ffa5e52000ea8db8f1ccd40e6c9869ce5ae357279bf068bb1e207eb660303b7da5f060f138d31fb46b7cb2cebe5f06aa3298b5ed39c8c0ef69c02,,10/30/2016 11:15:00 AM,30,TRAFFIC SIGNAL,FUNCTIONING PROPERLY,CLEAR,DAYLIGHT,SIDESWIPE SAME DIRECTION,NOT DIVIDED,2,STRAIGHT AND LEVEL,DRY,NO DEFECTS,,NO INJURY / DRIVE AWAY,,,,$500 OR LESS,10/30/2016 11:30:00 AM,UNABLE TO DETERMINE,UNABLE TO DETERMINE,28,W,MARQUETTE RD,722.0,,,,,,,2,NO INDICATION OF INJURY,0.0,0.0,0.0,0.0,0.0,2.0,0.0,11,1,10,41.7728044808,-87.6264206122,POINT (-87.626420612223 41.772804480811)
e63d33492d5a1b9e834dbb178ea23726cf1406212e23abe965944c5184bc0f21a77a41247a135922ff17749f87224163f004ced5ac467eb2f507bcf74dfe8109,,08/11/2022 01:15:00 PM,35,STOP SIGN/FLASHER,FUNCTIONING PROPERLY,UNKNOWN,DAYLIGHT,PEDALCYCLIST,DIVIDED - W/MEDIAN (NOT RAISED),,STRAIGHT AND LEVEL,UNKNOWN,UNKNOWN,NOT ON SCENE (DESK REPORT),INJURY AND / OR TOW DUE TO CRASH,,,Y,$500 OR LESS,08/13/2022 01:35:00 PM,DISREGARDING YIELD SIGN,NOT APPLICABLE,3630,E,103RD ST,432.0,,,,,,,2,NONINCAPACITATING INJURY,1.0,0.0,0.0,1.0,0.0,1.0,0.0,13,5,8,41.7083263537,-87.535349046,POINT (-87.535349046044 41.708326353699)
7f569e46e9d5d0ae58ce0c6ba1506dd58b998c74b53faee2ca8288018d08c4a57ec58381a5ccb4071b4e14b90a9e67150391f4c801ec280eb3c029d1c664cf57,,06/28/2024 07:30:00 AM,15,NO CONTROLS,NO CONTROLS,CLEAR,UNKNOWN,TURNING,ALLEY,,STRAIGHT AND LEVEL,UNKNOWN,OTHER,NOT ON SCENE (DESK REPORT),NO INJURY / DRIVE AWAY,,,,"OVER $1,500",06/28/2024 04:52:00 PM,UNABLE TO DETERMINE,NOT APPLICABLE,2755,N,KOSTNER AVE,2524.0,,,,,,,2,NO INDICATION OF INJURY,0.0,0.0,0.0,0.0,0.0,2.0,0.0,7,6,6,41.9314880495,-87.7366717387,POINT (-87.736671738661 41.931488049493)
60a22ddfd01122040a0fd0bc1c1b84e1da143885477edf02478700962c69ed19fa6db29271a9015e26dd280935fb897621ebf8b45250f0b21d76dd7791ea5e6c,Y,06/14/2019 08:30:00 AM,15,NO CONTROLS,NO CONTROLS,CLEAR,DAYLIGHT,PARKED MOTOR VEHICLE,ALLEY,,STRAIGHT AND LEVEL,DRY,NO DEFECTS,ON SCENE,NO INJURY / DRIVE AWAY,,,,"OVER $1,500",06/14/2019 01:25:00 PM,"OPERATING VEHICLE IN ERRATIC, RECKLESS, CARELESS, NEGLIGENT OR AGGRESSIVE MANNER",NOT APPLICABLE,4019,S,DEARBORN ST,213.0,,,,,,,3,NO INDICATION OF INJURY,0.0,0.0,0.0,0.0,0.0,1.0,0.0,8,6,6,41.8213157937,-87.6273838735,POINT (-87.627383873546 41.821315793671)
376e06e04168b9ffd5387f8f1f90924cf622f250d0fccfec6790d3806da5d5d1959f5d1ada84dab9b20fd797b4f3f98474f54c95dc510e8538f876056272c356,,10/26/2023 04:34:00 PM,30,TRAFFIC SIGNAL,FUNCTIONING PROPERLY,RAIN,DAYLIGHT,REAR END,DIVIDED - W/MEDIAN (NOT RAISED),,STRAIGHT AND LEVEL,WET,NO DEFECTS,ON SCENE,NO INJURY / DRIVE AWAY,,,,"$501 - $1,500",10/26/2023 04:34:00 PM,FOLLOWING TOO CLOSELY,FOLLOWING TOO CLOSELY,500,W,71ST ST,732.0,,,,,,,2,NO INDICATION OF INJURY,0.0,0.0,0.0,0.0,0.0,5.0,0.0,16,5,10,41.7654263675,-87.6371865668,POINT (-87.637186566774 41.765426367455)
6e483caf8d076146d995c41c2a62c47e98d9cbd470c536273b16796308668d3c3ff22cb6e042f9168180c4f4ed31960b2bc25cb8e0b98de9f851cfca21d8a70b,,09/14/2016 08:00:00 AM,35,NO CONTROLS,NO CONTROLS,CLEAR,DAYLIGHT,REAR END,DIVIDED - W/MEDIAN BARRIER,4,CURVE ON GRADE,DRY,NO DEFECTS,NOT ON SCENE (DESK REPORT),NO INJURY / DRIVE AWAY,,,Y,"$501 - $1,500",09/14/2016 07:44:00 PM,FOLLOWING TOO CLOSELY,NOT APPLICABLE,1410,S,MUSEUM CAMPUS DR,132.0,,,,,,,2,NO INDICATION OF INJURY,0.0,0.0,0.0,0.0,0.0,3.0,0.0,8,4,9,41.862628294,-87.6150310941,POINT (-87.615031094113 41.862628294038)
a744e8b4b6df38e627aa9577edaf6cbcd314784c9368f0e462ca7abdd4700cb1acb1faba79d6de737be68e55fbc539b2d0855e1debea7f7d7942f158607d798a,,09/09/2021 07:30:00 AM,30,TRAFFIC SIGNAL,FUNCTIONING PROPERLY,CLEAR,DAYLIGHT,ANGLE,DIVIDED - W/MEDIAN (NOT RAISED),,STRAIGHT AND LEVEL,DRY,NO DEFECTS,ON SCENE,INJURY AND / OR TOW DUE TO CRASH,Y,,,"OVER $1,500",09/09/2021 07:35:00 AM,DISREGARDING TRAFFIC SIGNALS,"VISION OBSCURED (SIGNS, TREE LIMBS, BUILDINGS, ETC.)",2000,W,GRAND AVE,1221.0,,,,,,,2,INCAPACITATING INJURY,1.0,0.0,1.0,0.0,0.0,1.0,0.0,7,5,9,41.8909310933,-87.677034967,POINT (-87.677034966979 41.890931093284)
62567f46f8da33514dc7d64a79c631a76f4bf1d948b8f7f8d600af7c5ebd3cc849f52e4264a5dea19adb924a9e54b0f836498c4995046e770d4eedc1314786d2,,06/18/2017 10:00:00 PM,30,TRAFFIC SIGNAL,FUNCTIONING PROPERLY,CLEAR,"DARKNESS, LIGHTED ROAD",REAR END,DIVIDED - W/MEDIAN (NOT RAISED),4,STRAIGHT AND LEVEL,DRY,NO DEFECTS,ON SCENE,INJURY AND / OR TOW DUE TO CRASH,Y,,,"OVER $1,500",06/18/2017 10:07:00 PM,EXCEEDING AUTHORIZED SPEED LIMIT,FOLLOWING TOO CLOSELY,5051,W,55TH ST,813.0,,Y,,,,,3,FATAL,1.0,1.0,0.0,0.0,0.0,2.0,0.0,22,1,6,41.7928177531,-87.7496344476,POINT (-87.749634447644 41.792817753074)